met_s,mission_phase,mode_index,mode_holding,mode_flying,gate_id,gate_phase,crew_action,alt_m,speed_mps,srf_speed_mps,vspeed_mps,q_pa,mach,downrange_m,mass_kg,accel_g,thrust_n,att_err_deg,rate_cmd_rads,throttle,torque_cmd,rcs_on,trans_x,trans_y,trans_z,att_point_deg,att_rate_cmd,att_rate_meas,act_pitch,act_yaw,act_roll,ctrl_tq_pitch,ctrl_tq_yaw,rate_pitch_dps,rate_roll_dps,rate_yaw_dps,ctrl_tq_roll,moi_pitch,moi_roll,moi_yaw,rcs_thrust_n,ap_km,pe_km,inc_deg,raan_deg,ullage_stab,clamp_frac,clamp_held,upfg_tgo_s,upfg_vgo_mps,pitch_deg,azimuth_deg,ascent_phase,boost_phase,boost_aoa_deg,engine_mode,ignite_alt_m,descent_speed_mps,rv_phase,lvlh_rx,lvlh_ry,lvlh_rz,rv_range_m,rv_burn_dv,dock_phase,dock_range_m,close_speed_mps,dock_hold,dep_phase,deorbit_phase,entry_phase,bank_deg,com_descent_mode,chute_phase,drogue,main,dv_planned_mps,dv_delivered_mps,dv_residual_mps,fdir_fault,fdir_recovery,fdir_abort,abort_mode,cal_thrust_n,cal_beta,cal_invI,cal_ld,steer_sign,ker_avail,ker_remain_dv,ker_final_dv,ker_cur_twr,ker_cur_thrust_n,steer_loss_mps,grav_loss_mps,drag_loss_mps,cal_kaero,cal_kaero_p,qalpha_cap_deg,aero_ang_accel,aoa_signed_deg,rcsbal_torque_naive,rcsbal_torque_resid,rcsbal_force_frac,cc_dsigma_deg,cc_slope_m_per_rad,warp_rate,eng_ignited,eng_flameout,mmh_frac,nto_frac,skin_temp_frac,rcs_geo_pitch,rcs_geo_yaw,rcs_geo_roll
0,-,1,1,0,SuitLeakG2,Holding,1,92.586187,407.818441,0.000731,0.000731,0,0.000002,0,1573203.667618,0.998674,0,0,0,0,,0,0,0,0,0,0,0,0,0,0,0,0,0.00017,-0.000194,0.000037,0,883654,20242.8125,888363.875,0,0.039901,-6362.530591,28.620268,214.080856,,,,,,,,,,,,,,,,,,,,,,,,,,,,,,,,,,,None,Continue,0,None,,,,,,1,6097.718811,432.371399,0.713823,11027861.328125,,,,,,,,,,,,,,1,0,0,1,1,0.62245,0,0,0
0,ASCENT,7,0,1,None,Holding,0,92.586186,407.818445,0,0,0,0.000002,0.000002,1573203.667618,,,,,,,0,,,,,,,,,,,,,,,,0,0,0,,0.0399,-6362.530591,28.620268,214.084104,,,,,,,,,,,,,,,,,,,,,,,,,,,,,,,,,,,None,Continue,0,None,,,,,,1,6097.718811,432.371399,0.713823,11027861.328125,,,,,,,,,,,,,,49.578247,0,0,1,1,0.622453,,,
0,ASCENT,7,0,1,None,Holding,0,92.586186,407.818445,0,0,0,0.000002,0.000002,1573203.667618,,,,,,,0,,,,,,,,,,,,,,,,0,0,0,,0.0399,-6362.530591,28.620268,214.088246,,,,,,,,,,,,,,,,,,,,,,,,,,,,,,,,,,,None,Continue,0,None,,,,,,1,6097.718811,432.371399,0.713823,11027861.328125,,,,,,,,,,,,,,69.397583,0,0,1,1,0.622471,,,
0,ASCENT,7,0,1,None,Holding,0,92.586186,407.818445,0,0,0,0.000002,0.000002,1573203.667618,,,,,,,0,,,,,,,,,,,,,,,,0,0,0,,0.0399,-6362.530591,28.620268,214.094045,,,,,,,,,,,,,,,,,,,,,,,,,,,,,,,,,,,None,Continue,0,None,,,,,,1,6097.718811,432.371399,0.713823,11027861.328125,,,,,,,,,,,,,,89.186707,0,0,1,1,0.622174,,,
0,ASCENT,7,0,1,None,Holding,0,92.586186,407.818445,0,0,0,0.000001,0.000002,1573203.667618,,,,,,,0,,,,,,,,,,,,,,,,0,0,0,,0.0399,-6362.530591,28.620268,214.101498,,,,,,,,,,,,,,,,,,,,,,,,,,,,,,,,,,,None,Continue,0,None,,,,,,1,6097.718811,432.371399,0.713823,11027861.328125,,,,,,,,,,,,,,108.97583,0,0,1,1,0.622325,,,
0,ASCENT,7,0,1,None,Holding,0,92.586186,407.818445,0,0,0,0.000001,0.000002,1573203.667618,,,,,,,0,,,,,,,,,,,,,,,,0,0,0,,0.0399,-6362.530591,28.620268,214.110604,,,,,,,,,,,,,,,,,,,,,,,,,,,,,,,,,,,None,Continue,0,None,,,,,,1,6097.718811,432.371399,0.713823,11027861.328125,,,,,,,,,,,,,,128.795166,0,0,1,1,0.622306,,,
0,ASCENT,7,0,1,None,Holding,0,92.586186,407.818445,0,0,0,0.000001,0.000002,1573203.667618,,,,,,,0,,,,,,,,,,,,,,,,0,0,0,,0.0399,-6362.530591,28.620268,214.121367,,,,,,,,,,,,,,,,,,,,,,,,,,,,,,,,,,,None,Continue,0,None,,,,,,1,6097.718811,432.371399,0.713823,11027861.328125,,,,,,,,,,,,,,148.58429,0,0,1,1,0.622284,,,
0,ASCENT,7,0,1,None,Holding,0,92.586186,407.818445,0,0,0,0.000001,0.000002,1573203.667618,,,,,,,0,,,,,,,,,,,,,,,,0,0,0,,0.0399,-6362.530591,28.620268,214.133782,,,,,,,,,,,,,,,,,,,,,,,,,,,,,,,,,,,None,Continue,0,None,,,,,,1,6097.718811,432.371399,0.713823,11027861.328125,,,,,,,,,,,,,,168.373413,0,0,1,1,0.622259,,,
0,ASCENT,7,0,1,None,Holding,0,92.586186,407.818445,0,0,0,0,0.000002,1573203.667618,,,,,,,0,,,,,,,,,,,,,,,,0,0,0,,0.0399,-6362.530591,28.620268,214.147852,,,,,,,,,,,,,,,,,,,,,,,,,,,,,,,,,,,None,Continue,0,None,,,,,,1,6097.718811,432.371399,0.713823,11027861.328125,,,,,,,,,,,,,,188.192749,0,0,1,1,0.62223,,,
0,ASCENT,7,0,1,None,Holding,0,92.586186,407.818445,0,0,0,0,0.000002,1573203.667618,,,,,,,0,,,,,,,,,,,,,,,,0,0,0,,0.0399,-6362.530591,28.620268,214.163578,,,,,,,,,,,,,,,,,,,,,,,,,,,,,,,,,,,None,Continue,0,None,,,,,,1,6097.718811,432.371399,0.713823,11027861.328125,,,,,,,,,,,,,,207.981873,0,0,1,1,0.622199,,,
0,ASCENT,7,0,1,None,Holding,0,92.586186,407.818445,0,0,0,0,0.000002,1573203.667618,,,,,,,0,,,,,,,,,,,,,,,,0,0,0,,0.0399,-6362.530591,28.620268,214.180957,,,,,,,,,,,,,,,,,,,,,,,,,,,,,,,,,,,None,Continue,0,None,,,,,,1,6097.718811,432.371399,0.713823,11027861.328125,,,,,,,,,,,,,,227.801208,0,0,1,1,0.622164,,,
0,ASCENT,7,0,1,None,Holding,0,92.586186,407.818445,0,0,0,0,0.000002,1573203.667618,,,,,,,0,,,,,,,,,,,,,,,,0,0,0,,0.0399,-6362.530591,28.620268,214.199992,,,,,,,,,,,,,,,,,,,,,,,,,,,,,,,,,,,None,Continue,0,None,,,,,,1,6097.718811,432.371399,0.713823,11027861.328125,,,,,,,,,,,,,,247.590332,0,0,1,1,0.622126,,,
0,ASCENT,7,0,1,None,Holding,0,92.586186,407.818445,0,0,0,0,0.000002,1573203.667618,,,,,,,0,,,,,,,,,,,,,,,,0,0,0,,0.0399,-6362.530591,28.620268,214.220681,,,,,,,,,,,,,,,,,,,,,,,,,,,,,,,,,,,None,Continue,0,None,,,,,,1,6097.718811,432.371399,0.713823,11027861.328125,,,,,,,,,,,,,,267.379456,0,0,1,1,0.622086,,,
0,ASCENT,7,0,1,None,Holding,0,92.586186,407.818445,0,0,0,0,0.000002,1573203.667618,,,,,,,0,,,,,,,,,,,,,,,,0,0,0,,0.0399,-6362.530591,28.620268,214.243024,,,,,,,,,,,,,,,,,,,,,,,,,,,,,,,,,,,None,Continue,0,None,,,,,,1,6097.718811,432.371399,0.713823,11027861.328125,,,,,,,,,,,,,,287.198792,0,0,1,1,0.622042,,,
0,ASCENT,7,0,1,None,Holding,0,92.586186,407.818445,0,0,0,0,0.000002,1573203.667618,,,,,,,0,,,,,,,,,,,,,,,,0,0,0,,0.0399,-6362.530591,28.620268,214.267023,,,,,,,,,,,,,,,,,,,,,,,,,,,,,,,,,,,None,Continue,0,None,,,,,,1,6097.718811,432.371399,0.713823,11027861.328125,,,,,,,,,,,,,,306.987915,0,0,1,1,0.621997,,,
0,ASCENT,7,0,1,None,Holding,0,92.586186,407.818445,0,0,0,0,0.000002,1573203.667618,,,,,,,0,,,,,,,,,,,,,,,,0,0,0,,0.0399,-6362.530591,28.620268,214.292675,,,,,,,,,,,,,,,,,,,,,,,,,,,,,,,,,,,None,Continue,0,None,,,,,,1,6097.718811,432.371399,0.713823,11027861.328125,,,,,,,,,,,,,,326.777039,0,0,1,1,0.621948,,,
0,ASCENT,7,0,1,None,Holding,0,92.586186,407.818445,0,0,0,0,0.000002,1573203.667618,,,,,,,0,,,,,,,,,,,,,,,,0,0,0,,0.0399,-6362.530591,28.620268,214.319981,,,,,,,,,,,,,,,,,,,,,,,,,,,,,,,,,,,None,Continue,0,None,,,,,,1,6097.718811,432.371399,0.713823,11027861.328125,,,,,,,,,,,,,,346.596375,0,0,1,1,0.621897,,,
0,ASCENT,7,0,1,None,Holding,0,92.586186,407.818445,0,0,0,0,0.000002,1573203.667618,,,,,,,0,,,,,,,,,,,,,,,,0,0,0,,0.0399,-6362.530591,28.620268,214.348943,,,,,,,,,,,,,,,,,,,,,,,,,,,,,,,,,,,None,Continue,0,None,,,,,,1,6097.718811,432.371399,0.713823,11027861.328125,,,,,,,,,,,,,,366.385498,0,0,1,1,0.621844,,,
0,ASCENT,7,0,1,None,Holding,0,92.586186,407.818445,0,0,0,0,0.000002,1573203.667618,,,,,,,0,,,,,,,,,,,,,,,,0,0,0,,0.0399,-6362.530591,28.620268,214.379559,,,,,,,,,,,,,,,,,,,,,,,,,,,,,,,,,,,None,Continue,0,None,,,,,,1,6097.718811,432.371399,0.713823,11027861.328125,,,,,,,,,,,,,,386.174622,0,0,1,1,0.621789,,,
0,ASCENT,7,0,1,None,Holding,0,92.586186,407.818445,0,0,0,0,0.000002,1573203.667618,,,,,,,0,,,,,,,,,,,,,,,,0,0,0,,0.0399,-6362.530591,28.620268,214.411828,,,,,,,,,,,,,,,,,,,,,,,,,,,,,,,,,,,None,Continue,0,None,,,,,,1,6097.718811,432.371399,0.713823,11027861.328125,,,,,,,,,,,,,,405.993958,0,0,1,1,0.621731,,,
0,ASCENT,7,0,1,None,Holding,0,92.586186,407.818445,0,0,0,0,0.000002,1573203.667618,,,,,,,0,,,,,,,,,,,,,,,,0,0,0,,0.0399,-6362.530591,28.620268,214.445754,,,,,,,,,,,,,,,,,,,,,,,,,,,,,,,,,,,None,Continue,0,None,,,,,,1,6097.718811,432.371399,0.713823,11027861.328125,,,,,,,,,,,,,,425.783081,0,0,1,1,0.621671,,,
0,ASCENT,7,0,1,None,Holding,0,92.586186,407.818445,0,0,0,0,0.000002,1573203.667618,,,,,,,0,,,,,,,,,,,,,,,,0,0,0,,0.0399,-6362.530591,28.620268,214.481333,,,,,,,,,,,,,,,,,,,,,,,,,,,,,,,,,,,None,Continue,0,None,,,,,,1,6097.718811,432.371399,0.713823,11027861.328125,,,,,,,,,,,,,,445.602417,0,0,1,1,0.62161,,,
0,ASCENT,7,0,1,None,Holding,0,92.586186,407.818445,0,0,0,0,0.000002,1573203.667618,,,,,,,0,,,,,,,,,,,,,,,,0,0,0,,0.0399,-6362.530591,28.620268,214.518568,,,,,,,,,,,,,,,,,,,,,,,,,,,,,,,,,,,None,Continue,0,None,,,,,,1,6097.718811,432.371399,0.713823,11027861.328125,,,,,,,,,,,,,,465.391541,0,0,1,1,0.621548,,,
0,ASCENT,7,0,1,None,Holding,0,92.586186,407.818445,0,0,0,0,0.000002,1573203.667618,,,,,,,0,,,,,,,,,,,,,,,,0,0,0,,0.0399,-6362.530591,28.620268,214.557457,,,,,,,,,,,,,,,,,,,,,,,,,,,,,,,,,,,None,Continue,0,None,,,,,,1,6097.718811,432.371399,0.713823,11027861.328125,,,,,,,,,,,,,,485.180664,0,0,1,1,0.621484,,,
0,ASCENT,7,0,1,None,Holding,0,92.586186,407.818445,0,0,0,0,0.000002,1573203.667618,,,,,,,0,,,,,,,,,,,,,,,,0,0,0,,0.0399,-6362.530591,28.620268,214.597999,,,,,,,,,,,,,,,,,,,,,,,,,,,,,,,,,,,None,Continue,0,None,,,,,,1,6097.718811,432.371399,0.713823,11027861.328125,,,,,,,,,,,,,,505,0,0,1,1,0.621418,,,
0,ASCENT,7,0,1,None,Holding,0,92.586186,407.818445,0,0,0,0,0.000002,1573203.667618,,,,,,,0,,,,,,,,,,,,,,,,0,0,0,,0.0399,-6362.530591,28.620268,214.640198,,,,,,,,,,,,,,,,,,,,,,,,,,,,,,,,,,,None,Continue,0,None,,,,,,1,6097.718811,432.371399,0.713823,11027861.328125,,,,,,,,,,,,,,524.789124,0,0,1,1,0.621352,,,
0,ASCENT,7,0,1,None,Holding,0,92.586186,407.818445,0,0,0,0,0.000002,1573203.667618,,,,,,,0,,,,,,,,,,,,,,,,0,0,0,,0.0399,-6362.530591,28.620268,214.68405,,,,,,,,,,,,,,,,,,,,,,,,,,,,,,,,,,,None,Continue,0,None,,,,,,1,6097.718811,432.371399,0.713823,11027861.328125,,,,,,,,,,,,,,544.578247,0,0,1,1,0.621285,,,
0,ASCENT,7,0,1,None,Holding,0,92.586186,407.818445,0,0,0,0,0.000002,1573203.667618,,,,,,,0,,,,,,,,,,,,,,,,0,0,0,,0.0399,-6362.530591,28.620268,214.729556,,,,,,,,,,,,,,,,,,,,,,,,,,,,,,,,,,,None,Continue,0,None,,,,,,1,6097.718811,432.371399,0.713823,11027861.328125,,,,,,,,,,,,,,564.397583,0,0,1,1,0.621216,,,
0,ASCENT,7,0,1,None,Holding,0,92.586186,407.818445,0,0,0,0,0.000002,1573203.667618,,,,,,,0,,,,,,,,,,,,,,,,0,0,0,,0.0399,-6362.530591,28.620268,214.776718,,,,,,,,,,,,,,,,,,,,,,,,,,,,,,,,,,,None,Continue,0,None,,,,,,1,6097.718811,432.371399,0.713823,11027861.328125,,,,,,,,,,,,,,584.186707,0,0,1,1,0.621147,,,
0,ASCENT,7,0,1,None,Holding,0,92.586186,407.818445,0,0,0,0,0.000002,1573203.667618,,,,,,,0,,,,,,,,,,,,,,,,0,0,0,,0.0399,-6362.530591,28.620268,214.825533,,,,,,,,,,,,,,,,,,,,,,,,,,,,,,,,,,,None,Continue,0,None,,,,,,1,6097.718811,432.371399,0.713823,11027861.328125,,,,,,,,,,,,,,603.97583,0,0,1,1,0.621078,,,
0,ASCENT,7,0,1,None,Holding,0,92.586186,407.818445,0,0,0,0,0.000002,1573203.667618,,,,,,,0,,,,,,,,,,,,,,,,0,0,0,,0.0399,-6362.530591,28.620268,214.876002,,,,,,,,,,,,,,,,,,,,,,,,,,,,,,,,,,,None,Continue,0,None,,,,,,1,6097.718811,432.371399,0.713823,11027861.328125,,,,,,,,,,,,,,623.795166,0,0,1,1,0.621008,,,
0,ASCENT,7,0,1,None,Holding,0,92.586186,407.818445,0,0,0,0,0.000002,1573203.667618,,,,,,,0,,,,,,,,,,,,,,,,0,0,0,,0.0399,-6362.530591,28.620268,214.928127,,,,,,,,,,,,,,,,,,,,,,,,,,,,,,,,,,,None,Continue,0,None,,,,,,1,6097.718811,432.371399,0.713823,11027861.328125,,,,,,,,,,,,,,643.58429,0,0,1,1,0.620938,,,
0,ASCENT,7,0,1,None,Holding,0,92.586186,407.818445,0,0,0,0,0.000002,1573203.667618,,,,,,,0,,,,,,,,,,,,,,,,0,0,0,,0.0399,-6362.530591,28.620268,214.981906,,,,,,,,,,,,,,,,,,,,,,,,,,,,,,,,,,,None,Continue,0,None,,,,,,1,6097.718811,432.371399,0.713823,11027861.328125,,,,,,,,,,,,,,663.373413,0,0,1,1,0.620868,,,
0,ASCENT,7,0,1,None,Holding,0,92.586186,407.818445,0,0,0,0,0.000002,1573203.667618,,,,,,,0,,,,,,,,,,,,,,,,0,0,0,,0.0399,-6362.530591,28.620268,215.037339,,,,,,,,,,,,,,,,,,,,,,,,,,,,,,,,,,,None,Continue,0,None,,,,,,1,6097.718811,432.371399,0.713823,11027861.328125,,,,,,,,,,,,,,683.192749,0,0,1,1,0.620798,,,
0,ASCENT,7,0,1,None,Holding,0,92.586186,407.818445,0,0,0,0,0.000002,1573203.667618,,,,,,,0,,,,,,,,,,,,,,,,0,0,0,,0.0399,-6362.530591,28.620268,215.094427,,,,,,,,,,,,,,,,,,,,,,,,,,,,,,,,,,,None,Continue,0,None,,,,,,1,6097.718811,432.371399,0.713823,11027861.328125,,,,,,,,,,,,,,702.981873,0,0,1,1,0.620728,,,
0,ASCENT,7,0,1,None,Holding,0,92.586186,407.818445,0,0,0,0,0.000002,1573203.667618,,,,,,,0,,,,,,,,,,,,,,,,0,0,0,,0.0399,-6362.530591,28.620268,215.15317,,,,,,,,,,,,,,,,,,,,,,,,,,,,,,,,,,,None,Continue,0,None,,,,,,1,6097.718811,432.371399,0.713823,11027861.328125,,,,,,,,,,,,,,722.801208,0,0,1,1,0.620658,,,
0,ASCENT,7,0,1,None,Holding,0,92.586186,407.818445,0,0,0,0,0.000002,1573203.667618,,,,,,,0,,,,,,,,,,,,,,,,0,0,0,,0.0399,-6362.530591,28.620268,215.213568,,,,,,,,,,,,,,,,,,,,,,,,,,,,,,,,,,,None,Continue,0,None,,,,,,1,6097.718811,432.371399,0.713823,11027861.328125,,,,,,,,,,,,,,742.590332,0,0,1,1,0.620589,,,
0,ASCENT,7,0,1,None,Holding,0,92.586186,407.818445,0,0,0,0,0.000002,1573203.667618,,,,,,,0,,,,,,,,,,,,,,,,0,0,0,,0.0399,-6362.530591,28.620268,215.27562,,,,,,,,,,,,,,,,,,,,,,,,,,,,,,,,,,,None,Continue,0,None,,,,,,1,6097.718811,432.371399,0.713823,11027861.328125,,,,,,,,,,,,,,762.379456,0,0,1,1,0.620521,,,
0,ASCENT,7,0,1,None,Holding,0,92.586186,407.818445,0,0,0,0,0.000002,1573203.667618,,,,,,,0,,,,,,,,,,,,,,,,0,0,0,,0.0399,-6362.530591,28.620268,215.339326,,,,,,,,,,,,,,,,,,,,,,,,,,,,,,,,,,,None,Continue,0,None,,,,,,1,6097.718811,432.371399,0.713823,11027861.328125,,,,,,,,,,,,,,782.198792,0,0,1,1,0.620451,,,
0,ASCENT,7,0,1,None,Holding,0,92.586186,407.818445,0,0,0,0,0.000002,1573203.667618,,,,,,,0,,,,,,,,,,,,,,,,0,0,0,,0.0399,-6362.530591,28.620268,215.404687,,,,,,,,,,,,,,,,,,,,,,,,,,,,,,,,,,,None,Continue,0,None,,,,,,1,6097.718811,432.371399,0.713823,11027861.328125,,,,,,,,,,,,,,801.987915,0,0,1,1,0.620384,,,
0,ASCENT,7,0,1,None,Holding,0,92.586186,407.818445,0,0,0,0,0.000002,1573203.667618,,,,,,,0,,,,,,,,,,,,,,,,0,0,0,,0.0399,-6362.530591,28.620268,215.471703,,,,,,,,,,,,,,,,,,,,,,,,,,,,,,,,,,,None,Continue,0,None,,,,,,1,6097.718811,432.371399,0.713823,11027861.328125,,,,,,,,,,,,,,821.777039,0,0,1,1,0.620318,,,
0,ASCENT,7,0,1,None,Holding,0,92.586186,407.818445,0,0,0,0,0.000002,1573203.667618,,,,,,,0,,,,,,,,,,,,,,,,0,0,0,,0.0399,-6362.530591,28.620268,215.540371,,,,,,,,,,,,,,,,,,,,,,,,,,,,,,,,,,,None,Continue,0,None,,,,,,1,6097.718811,432.371399,0.713823,11027861.328125,,,,,,,,,,,,,,841.596375,0,0,1,1,0.620254,,,
0,ASCENT,7,0,1,None,Holding,0,92.586186,407.818445,0,0,0,0,0.000002,1573203.667618,,,,,,,0,,,,,,,,,,,,,,,,0,0,0,,0.0399,-6362.530591,28.620268,215.610696,,,,,,,,,,,,,,,,,,,,,,,,,,,,,,,,,,,None,Continue,0,None,,,,,,1,6097.718811,432.371399,0.713823,11027861.328125,,,,,,,,,,,,,,861.385498,0,0,1,1,0.62019,,,
0,ASCENT,7,0,1,None,Holding,0,92.586186,407.818445,0,0,0,0,0.000002,1573203.667618,,,,,,,0,,,,,,,,,,,,,,,,0,0,0,,0.0399,-6362.530591,28.620268,215.682675,,,,,,,,,,,,,,,,,,,,,,,,,,,,,,,,,,,None,Continue,0,None,,,,,,1,6097.718811,432.371399,0.713823,11027861.328125,,,,,,,,,,,,,,881.174622,0,0,1,1,0.620128,,,
0,ASCENT,7,0,1,None,Holding,0,92.586186,407.818445,0,0,0,0,0.000002,1573203.667618,,,,,,,0,,,,,,,,,,,,,,,,0,0,0,,0.0399,-6362.530591,28.620268,215.756307,,,,,,,,,,,,,,,,,,,,,,,,,,,,,,,,,,,None,Continue,0,None,,,,,,1,6097.718811,432.371399,0.713823,11027861.328125,,,,,,,,,,,,,,900.993958,0,0,1,1,0.620067,,,
0,ASCENT,7,0,1,None,Holding,0,92.586186,407.818445,0,0,0,0,0.000002,1573203.667618,,,,,,,0,,,,,,,,,,,,,,,,0,0,0,,0.0399,-6362.530591,28.620268,215.831596,,,,,,,,,,,,,,,,,,,,,,,,,,,,,,,,,,,None,Continue,0,None,,,,,,1,6097.718811,432.371399,0.713823,11027861.328125,,,,,,,,,,,,,,920.783081,0,0,1,1,0.620008,,,
0,ASCENT,7,0,1,None,Holding,0,92.586186,407.818445,0,0,0,0,0.000002,1573203.667618,,,,,,,0,,,,,,,,,,,,,,,,0,0,0,,0.0399,-6362.530591,28.620268,215.908538,,,,,,,,,,,,,,,,,,,,,,,,,,,,,,,,,,,None,Continue,0,None,,,,,,1,6097.718811,432.371399,0.713823,11027861.328125,,,,,,,,,,,,,,940.602417,0,0,1,1,0.61995,,,
0,ASCENT,7,0,1,None,Holding,0,92.586186,407.818445,0,0,0,0,0.000002,1573203.667618,,,,,,,0,,,,,,,,,,,,,,,,0,0,0,,0.0399,-6362.530591,28.620268,215.987136,,,,,,,,,,,,,,,,,,,,,,,,,,,,,,,,,,,None,Continue,0,None,,,,,,1,6097.718811,432.371399,0.713823,11027861.328125,,,,,,,,,,,,,,960.391541,0,0,1,1,0.619894,,,
0,ASCENT,7,0,1,None,Holding,0,92.586186,407.818445,0,0,0,0,0.000002,1573203.667618,,,,,,,0,,,,,,,,,,,,,,,,0,0,0,,0.0399,-6362.530591,28.620268,216.067388,,,,,,,,,,,,,,,,,,,,,,,,,,,,,,,,,,,None,Continue,0,None,,,,,,1,6097.718811,432.371399,0.713823,11027861.328125,,,,,,,,,,,,,,980.180664,0,0,1,1,0.61984,,,
0,ASCENT,7,0,1,None,Holding,0,92.586186,407.818445,0,0,0,0,0.000002,1573203.667618,,,,,,,0,,,,,,,,,,,,,,,,0,0,0,,0.0399,-6362.530591,28.620268,216.149293,,,,,,,,,,,,,,,,,,,,,,,,,,,,,,,,,,,None,Continue,0,None,,,,,,1,6097.718811,432.371399,0.713823,11027861.328125,,,,,,,,,,,,,,1000,0,0,1,1,0.619788,,,
0,ASCENT,7,0,1,None,Holding,0,92.586186,407.818445,0,0,0,0,0.000002,1573203.667618,,,,,,,0,,,,,,,,,,,,,,,,0,0,0,,0.0399,-6362.530591,28.620268,216.232855,,,,,,,,,,,,,,,,,,,,,,,,,,,,,,,,,,,None,Continue,0,None,,,,,,1,6097.718811,432.371399,0.713823,11027861.328125,,,,,,,,,,,,,,1000,0,0,1,1,0.619737,,,
0,ASCENT,7,0,1,None,Holding,0,92.586186,407.818445,0,0,0,0,0.000002,1573203.667618,,,,,,,0,,,,,,,,,,,,,,,,0,0,0,,0.0399,-6362.530591,28.620268,216.316416,,,,,,,,,,,,,,,,,,,,,,,,,,,,,,,,,,,None,Continue,0,None,,,,,,1,6097.718811,432.371399,0.713823,11027861.328125,,,,,,,,,,,,,,1000,0,0,1,1,0.61969,,,
0,ASCENT,7,0,1,None,Holding,0,92.586186,407.818445,0,0,0,0,0.000002,1573203.667618,,,,,,,0,,,,,,,,,,,,,,,,0,0,0,,0.0399,-6362.530591,28.620268,216.399978,,,,,,,,,,,,,,,,,,,,,,,,,,,,,,,,,,,None,Continue,0,None,,,,,,1,6097.718811,432.371399,0.713823,11027861.328125,,,,,,,,,,,,,,1000,0,0,1,1,0.619645,,,
0,ASCENT,7,0,1,None,Holding,0,92.586186,407.818445,0,0,0,0,0.000002,1573203.667618,,,,,,,0,,,,,,,,,,,,,,,,0,0,0,,0.0399,-6362.530591,28.620268,216.483539,,,,,,,,,,,,,,,,,,,,,,,,,,,,,,,,,,,None,Continue,0,None,,,,,,1,6097.718811,432.371399,0.713823,11027861.328125,,,,,,,,,,,,,,1000,0,0,1,1,0.619602,,,
0,ASCENT,7,0,1,None,Holding,0,92.586186,407.818445,0,0,0,0,0.000002,1573203.667618,,,,,,,0,,,,,,,,,,,,,,,,0,0,0,,0.0399,-6362.530591,28.620268,216.567101,,,,,,,,,,,,,,,,,,,,,,,,,,,,,,,,,,,None,Continue,0,None,,,,,,1,6097.718811,432.371399,0.713823,11027861.328125,,,,,,,,,,,,,,1000,0,0,1,1,0.619563,,,
0,ASCENT,7,0,1,None,Holding,0,92.586186,407.818445,0,0,0,0,0.000002,1573203.667618,,,,,,,0,,,,,,,,,,,,,,,,0,0,0,,0.0399,-6362.530591,28.620268,216.650662,,,,,,,,,,,,,,,,,,,,,,,,,,,,,,,,,,,None,Continue,0,None,,,,,,1,6097.718811,432.371399,0.713823,11027861.328125,,,,,,,,,,,,,,1000,0,0,1,1,0.619526,,,
0,ASCENT,7,0,1,None,Holding,0,92.586186,407.818445,0,0,0,0,0.000002,1573203.667618,,,,,,,0,,,,,,,,,,,,,,,,0,0,0,,0.0399,-6362.530591,28.620268,216.734224,,,,,,,,,,,,,,,,,,,,,,,,,,,,,,,,,,,None,Continue,0,None,,,,,,1,6097.718811,432.371399,0.713823,11027861.328125,,,,,,,,,,,,,,1000,0,0,1,1,0.619491,,,
0,ASCENT,7,0,1,None,Holding,0,92.586186,407.818445,0,0,0,0,0.000002,1573203.667618,,,,,,,0,,,,,,,,,,,,,,,,0,0,0,,0.0399,-6362.530591,28.620268,216.817785,,,,,,,,,,,,,,,,,,,,,,,,,,,,,,,,,,,None,Continue,0,None,,,,,,1,6097.718811,432.371399,0.713823,11027861.328125,,,,,,,,,,,,,,1000,0,0,1,1,0.619459,,,
0,ASCENT,7,0,1,None,Holding,0,92.586186,407.818445,0,0,0,0,0.000002,1573203.667618,,,,,,,0,,,,,,,,,,,,,,,,0,0,0,,0.0399,-6362.530591,28.620268,216.901347,,,,,,,,,,,,,,,,,,,,,,,,,,,,,,,,,,,None,Continue,0,None,,,,,,1,6097.718811,432.371399,0.713823,11027861.328125,,,,,,,,,,,,,,1000,0,0,1,1,0.619428,,,
0,ASCENT,7,0,1,None,Holding,0,92.586186,407.818445,0,0,0,0,0.000002,1573203.667618,,,,,,,0,,,,,,,,,,,,,,,,0,0,0,,0.0399,-6362.530591,28.620268,216.984908,,,,,,,,,,,,,,,,,,,,,,,,,,,,,,,,,,,None,Continue,0,None,,,,,,1,6097.718811,432.371399,0.713823,11027861.328125,,,,,,,,,,,,,,1000,0,0,1,1,0.6194,,,
0,ASCENT,7,0,1,None,Holding,0,92.586186,407.818445,0,0,0,0,0.000002,1573203.667618,,,,,,,0,,,,,,,,,,,,,,,,0,0,0,,0.0399,-6362.530591,28.620268,217.068469,,,,,,,,,,,,,,,,,,,,,,,,,,,,,,,,,,,None,Continue,0,None,,,,,,1,6097.718811,432.371399,0.713823,11027861.328125,,,,,,,,,,,,,,1000,0,0,1,1,0.619374,,,
0,ASCENT,7,0,1,None,Holding,0,92.586186,407.818445,0,0,0,0,0.000002,1573203.667618,,,,,,,0,,,,,,,,,,,,,,,,0,0,0,,0.0399,-6362.530591,28.620268,217.152031,,,,,,,,,,,,,,,,,,,,,,,,,,,,,,,,,,,None,Continue,0,None,,,,,,1,6097.718811,432.371399,0.713823,11027861.328125,,,,,,,,,,,,,,1000,0,0,1,1,0.61935,,,
0,ASCENT,7,0,1,None,Holding,0,92.586186,407.818445,0,0,0,0,0.000002,1573203.667618,,,,,,,0,,,,,,,,,,,,,,,,0,0,0,,0.0399,-6362.530591,28.620268,217.235592,,,,,,,,,,,,,,,,,,,,,,,,,,,,,,,,,,,None,Continue,0,None,,,,,,1,6097.718811,432.371399,0.713823,11027861.328125,,,,,,,,,,,,,,1000,0,0,1,1,0.619327,,,
0,ASCENT,7,0,1,None,Holding,0,92.586186,407.818445,0,0,0,0,0.000002,1573203.667618,,,,,,,0,,,,,,,,,,,,,,,,0,0,0,,0.0399,-6362.530591,28.620268,217.319154,,,,,,,,,,,,,,,,,,,,,,,,,,,,,,,,,,,None,Continue,0,None,,,,,,1,6097.718811,432.371399,0.713823,11027861.328125,,,,,,,,,,,,,,1000,0,0,1,1,0.619307,,,
0,ASCENT,7,0,1,None,Holding,0,92.586186,407.818445,0,0,0,0,0.000002,1573203.667618,,,,,,,0,,,,,,,,,,,,,,,,0,0,0,,0.0399,-6362.530591,28.620268,217.402715,,,,,,,,,,,,,,,,,,,,,,,,,,,,,,,,,,,None,Continue,0,None,,,,,,1,6097.718811,432.371399,0.713823,11027861.328125,,,,,,,,,,,,,,1000,0,0,1,1,0.619288,,,
0,ASCENT,7,0,1,None,Holding,0,92.586186,407.818445,0,0,0,0,0.000002,1573203.667618,,,,,,,0,,,,,,,,,,,,,,,,0,0,0,,0.0399,-6362.530591,28.620268,217.486277,,,,,,,,,,,,,,,,,,,,,,,,,,,,,,,,,,,None,Continue,0,None,,,,,,1,6097.718811,432.371399,0.713823,11027861.328125,,,,,,,,,,,,,,1000,0,0,1,1,0.619269,,,
0,ASCENT,7,0,1,None,Holding,0,92.586186,407.818445,0,0,0,0,0.000002,1573203.667618,,,,,,,0,,,,,,,,,,,,,,,,0,0,0,,0.0399,-6362.530591,28.620268,217.569838,,,,,,,,,,,,,,,,,,,,,,,,,,,,,,,,,,,None,Continue,0,None,,,,,,1,6097.718811,432.371399,0.713823,11027861.328125,,,,,,,,,,,,,,1000,0,0,1,1,0.619252,,,
0,ASCENT,7,0,1,None,Holding,0,92.586186,407.818445,0,0,0,0,0.000002,1573203.667618,,,,,,,0,,,,,,,,,,,,,,,,0,0,0,,0.0399,-6362.530591,28.620268,217.6534,,,,,,,,,,,,,,,,,,,,,,,,,,,,,,,,,,,None,Continue,0,None,,,,,,1,6097.718811,432.371399,0.713823,11027861.328125,,,,,,,,,,,,,,1000,0,0,1,1,0.619238,,,
0,ASCENT,7,0,1,None,Holding,0,92.586186,407.818445,0,0,0,0,0.000002,1573203.667618,,,,,,,0,,,,,,,,,,,,,,,,0,0,0,,0.0399,-6362.530591,28.620268,217.736961,,,,,,,,,,,,,,,,,,,,,,,,,,,,,,,,,,,None,Continue,0,None,,,,,,1,6097.718811,432.371399,0.713823,11027861.328125,,,,,,,,,,,,,,1000,0,0,1,1,0.619226,,,
0,ASCENT,7,0,1,None,Holding,0,92.586186,407.818445,0,0,0,0,0.000002,1573203.667618,,,,,,,0,,,,,,,,,,,,,,,,0,0,0,,0.0399,-6362.530591,28.620268,217.820523,,,,,,,,,,,,,,,,,,,,,,,,,,,,,,,,,,,None,Continue,0,None,,,,,,1,6097.718811,432.371399,0.713823,11027861.328125,,,,,,,,,,,,,,1000,0,0,1,1,0.619214,,,
0,ASCENT,7,0,1,None,Holding,0,92.586186,407.818445,0,0,0,0,0.000002,1573203.667618,,,,,,,0,,,,,,,,,,,,,,,,0,0,0,,0.0399,-6362.530591,28.620268,217.904084,,,,,,,,,,,,,,,,,,,,,,,,,,,,,,,,,,,None,Continue,0,None,,,,,,1,6097.718811,432.371399,0.713823,11027861.328125,,,,,,,,,,,,,,1000,0,0,1,1,0.619205,,,
0,ASCENT,7,0,1,None,Holding,0,92.586186,407.818445,0,0,0,0,0.000002,1573203.667618,,,,,,,0,,,,,,,,,,,,,,,,0,0,0,,0.0399,-6362.530591,28.620268,217.987646,,,,,,,,,,,,,,,,,,,,,,,,,,,,,,,,,,,None,Continue,0,None,,,,,,1,6097.718811,432.371399,0.713823,11027861.328125,,,,,,,,,,,,,,1000,0,0,1,1,0.619196,,,
0,ASCENT,7,0,1,None,Holding,0,92.586186,407.818445,0,0,0,0,0.000002,1573203.667618,,,,,,,0,,,,,,,,,,,,,,,,0,0,0,,0.0399,-6362.530591,28.620268,218.071207,,,,,,,,,,,,,,,,,,,,,,,,,,,,,,,,,,,None,Continue,0,None,,,,,,1,6097.718811,432.371399,0.713823,11027861.328125,,,,,,,,,,,,,,1000,0,0,1,1,0.619189,,,
0,ASCENT,7,0,1,None,Holding,0,92.586186,407.818445,0,0,0,0,0.000002,1573203.667618,,,,,,,0,,,,,,,,,,,,,,,,0,0,0,,0.0399,-6362.530591,28.620268,218.154769,,,,,,,,,,,,,,,,,,,,,,,,,,,,,,,,,,,None,Continue,0,None,,,,,,1,6097.718811,432.371399,0.713823,11027861.328125,,,,,,,,,,,,,,1000,0,0,1,1,0.619183,,,
0,ASCENT,7,0,1,None,Holding,0,92.586186,407.818445,0,0,0,0,0.000002,1573203.667618,,,,,,,0,,,,,,,,,,,,,,,,0,0,0,,0.0399,-6362.530591,28.620268,218.23833,,,,,,,,,,,,,,,,,,,,,,,,,,,,,,,,,,,None,Continue,0,None,,,,,,1,6097.718811,432.371399,0.713823,11027861.328125,,,,,,,,,,,,,,1000,0,0,1,1,0.619178,,,
0,ASCENT,7,0,1,None,Holding,0,92.586186,407.818445,0,0,0,0,0.000002,1573203.667618,,,,,,,0,,,,,,,,,,,,,,,,0,0,0,,0.0399,-6362.530591,28.620268,218.321892,,,,,,,,,,,,,,,,,,,,,,,,,,,,,,,,,,,None,Continue,0,None,,,,,,1,6097.718811,432.371399,0.713823,11027861.328125,,,,,,,,,,,,,,1000,0,0,1,1,0.619174,,,
0,ASCENT,7,0,1,None,Holding,0,92.586186,407.818445,0,0,0,0,0.000002,1573203.667618,,,,,,,0,,,,,,,,,,,,,,,,0,0,0,,0.0399,-6362.530591,28.620268,218.405453,,,,,,,,,,,,,,,,,,,,,,,,,,,,,,,,,,,None,Continue,0,None,,,,,,1,6097.718811,432.371399,0.713823,11027861.328125,,,,,,,,,,,,,,1000,0,0,1,1,0.619171,,,
0,ASCENT,7,0,1,None,Holding,0,92.586186,407.818445,0,0,0,0,0.000002,1573203.667618,,,,,,,0,,,,,,,,,,,,,,,,0,0,0,,0.0399,-6362.530591,28.620268,218.489015,,,,,,,,,,,,,,,,,,,,,,,,,,,,,,,,,,,None,Continue,0,None,,,,,,1,6097.718811,432.371399,0.713823,11027861.328125,,,,,,,,,,,,,,1000,0,0,1,1,0.619169,,,
0,ASCENT,7,0,1,None,Holding,0,92.586186,407.818445,0,0,0,0,0.000002,1573203.667618,,,,,,,0,,,,,,,,,,,,,,,,0,0,0,,0.0399,-6362.530591,28.620268,218.572576,,,,,,,,,,,,,,,,,,,,,,,,,,,,,,,,,,,None,Continue,0,None,,,,,,1,6097.718811,432.371399,0.713823,11027861.328125,,,,,,,,,,,,,,1000,0,0,1,1,0.619168,,,
0,ASCENT,7,0,1,None,Holding,0,92.586186,407.818445,0,0,0,0,0.000002,1573203.667618,,,,,,,0,,,,,,,,,,,,,,,,0,0,0,,0.0399,-6362.530591,28.620268,218.656138,,,,,,,,,,,,,,,,,,,,,,,,,,,,,,,,,,,None,Continue,0,None,,,,,,1,6097.718811,432.371399,0.713823,11027861.328125,,,,,,,,,,,,,,1000,0,0,1,1,0.619168,,,
0,ASCENT,7,0,1,None,Holding,0,92.586186,407.818445,0,0,0,0,0.000002,1573203.667618,,,,,,,0,,,,,,,,,,,,,,,,0,0,0,,0.0399,-6362.530591,28.620268,218.739699,,,,,,,,,,,,,,,,,,,,,,,,,,,,,,,,,,,None,Continue,0,None,,,,,,1,6097.718811,432.371399,0.713823,11027861.328125,,,,,,,,,,,,,,1000,0,0,1,1,0.619167,,,
0,ASCENT,7,0,1,None,Holding,0,92.586186,407.818445,0,0,0,0,0.000002,1573203.667618,,,,,,,0,,,,,,,,,,,,,,,,0,0,0,,0.0399,-6362.530591,28.620268,218.823261,,,,,,,,,,,,,,,,,,,,,,,,,,,,,,,,,,,None,Continue,0,None,,,,,,1,6097.718811,432.371399,0.713823,11027861.328125,,,,,,,,,,,,,,1000,0,0,1,1,0.619168,,,
0,ASCENT,7,0,1,None,Holding,0,92.586186,407.818445,0,0,0,0,0.000002,1573203.667618,,,,,,,0,,,,,,,,,,,,,,,,0,0,0,,0.0399,-6362.530591,28.620268,218.906822,,,,,,,,,,,,,,,,,,,,,,,,,,,,,,,,,,,None,Continue,0,None,,,,,,1,6097.718811,432.371399,0.713823,11027861.328125,,,,,,,,,,,,,,1000,0,0,1,1,0.61917,,,
0,ASCENT,7,0,1,None,Holding,0,92.586186,407.818445,0,0,0,0,0.000002,1573203.667618,,,,,,,0,,,,,,,,,,,,,,,,0,0,0,,0.0399,-6362.530591,28.620268,218.990384,,,,,,,,,,,,,,,,,,,,,,,,,,,,,,,,,,,None,Continue,0,None,,,,,,1,6097.718811,432.371399,0.713823,11027861.328125,,,,,,,,,,,,,,1000,0,0,1,1,0.619174,,,
0,ASCENT,7,0,1,None,Holding,0,92.586186,407.818445,0,0,0,0,0.000002,1573203.667618,,,,,,,0,,,,,,,,,,,,,,,,0,0,0,,0.0399,-6362.530591,28.620268,219.073945,,,,,,,,,,,,,,,,,,,,,,,,,,,,,,,,,,,None,Continue,0,None,,,,,,1,6097.718811,432.371399,0.713823,11027861.328125,,,,,,,,,,,,,,1000,0,0,1,1,0.619178,,,
0,ASCENT,7,0,1,None,Holding,0,92.586186,407.818445,0,0,0,0,0.000002,1573203.667618,,,,,,,0,,,,,,,,,,,,,,,,0,0,0,,0.0399,-6362.530591,28.620268,219.157507,,,,,,,,,,,,,,,,,,,,,,,,,,,,,,,,,,,None,Continue,0,None,,,,,,1,6097.718811,432.371399,0.713823,11027861.328125,,,,,,,,,,,,,,1000,0,0,1,1,0.619183,,,
0,ASCENT,7,0,1,None,Holding,0,92.586186,407.818445,0,0,0,0,0.000002,1573203.667618,,,,,,,0,,,,,,,,,,,,,,,,0,0,0,,0.0399,-6362.530591,28.620268,219.241068,,,,,,,,,,,,,,,,,,,,,,,,,,,,,,,,,,,None,Continue,0,None,,,,,,1,6097.718811,432.371399,0.713823,11027861.328125,,,,,,,,,,,,,,1000,0,0,1,1,0.619189,,,
0,ASCENT,7,0,1,None,Holding,0,92.586186,407.818445,0,0,0,0,0.000002,1573203.667618,,,,,,,0,,,,,,,,,,,,,,,,0,0,0,,0.0399,-6362.530591,28.620268,219.32463,,,,,,,,,,,,,,,,,,,,,,,,,,,,,,,,,,,None,Continue,0,None,,,,,,1,6097.718811,432.371399,0.713823,11027861.328125,,,,,,,,,,,,,,1000,0,0,1,1,0.619195,,,
0,ASCENT,7,0,1,None,Holding,0,92.586186,407.818445,0,0,0,0,0.000002,1573203.667618,,,,,,,0,,,,,,,,,,,,,,,,0,0,0,,0.0399,-6362.530591,28.620268,219.408191,,,,,,,,,,,,,,,,,,,,,,,,,,,,,,,,,,,None,Continue,0,None,,,,,,1,6097.718811,432.371399,0.713823,11027861.328125,,,,,,,,,,,,,,1000,0,0,1,1,0.619202,,,
0,ASCENT,7,0,1,None,Holding,0,92.586186,407.818445,0,0,0,0,0.000002,1573203.667618,,,,,,,0,,,,,,,,,,,,,,,,0,0,0,,0.0399,-6362.530591,28.620268,219.491753,,,,,,,,,,,,,,,,,,,,,,,,,,,,,,,,,,,None,Continue,0,None,,,,,,1,6097.718811,432.371399,0.713823,11027861.328125,,,,,,,,,,,,,,1000,0,0,1,1,0.619207,,,
0,ASCENT,7,0,1,None,Holding,0,92.586186,407.818445,0,0,0,0,0.000002,1573203.667618,,,,,,,0,,,,,,,,,,,,,,,,0,0,0,,0.0399,-6362.530591,28.620268,219.575314,,,,,,,,,,,,,,,,,,,,,,,,,,,,,,,,,,,None,Continue,0,None,,,,,,1,6097.718811,432.371399,0.713823,11027861.328125,,,,,,,,,,,,,,1000,0,0,1,1,0.619214,,,
0,ASCENT,7,0,1,None,Holding,0,92.586186,407.818445,0,0,0,0,0.000002,1573203.667618,,,,,,,0,,,,,,,,,,,,,,,,0,0,0,,0.0399,-6362.530591,28.620268,219.658876,,,,,,,,,,,,,,,,,,,,,,,,,,,,,,,,,,,None,Continue,0,None,,,,,,1,6097.718811,432.371399,0.713823,11027861.328125,,,,,,,,,,,,,,1000,0,0,1,1,0.619223,,,
0,ASCENT,7,0,1,None,Holding,0,92.586186,407.818445,0,0,0,0,0.000002,1573203.667618,,,,,,,0,,,,,,,,,,,,,,,,0,0,0,,0.0399,-6362.530591,28.620268,219.742437,,,,,,,,,,,,,,,,,,,,,,,,,,,,,,,,,,,None,Continue,0,None,,,,,,1,6097.718811,432.371399,0.713823,11027861.328125,,,,,,,,,,,,,,1000,0,0,1,1,0.619232,,,
0,ASCENT,7,0,1,None,Holding,0,92.586186,407.818445,0,0,0,0,0.000002,1573203.667618,,,,,,,0,,,,,,,,,,,,,,,,0,0,0,,0.0399,-6362.530591,28.620268,219.825999,,,,,,,,,,,,,,,,,,,,,,,,,,,,,,,,,,,None,Continue,0,None,,,,,,1,6097.718811,432.371399,0.713823,11027861.328125,,,,,,,,,,,,,,1000,0,0,1,1,0.61924,,,
0,ASCENT,7,0,1,None,Holding,0,92.586186,407.818445,0,0,0,0,0.000002,1573203.667618,,,,,,,0,,,,,,,,,,,,,,,,0,0,0,,0.0399,-6362.530591,28.620268,219.90956,,,,,,,,,,,,,,,,,,,,,,,,,,,,,,,,,,,None,Continue,0,None,,,,,,1,6097.718811,432.371399,0.713823,11027861.328125,,,,,,,,,,,,,,1000,0,0,1,1,0.619249,,,
0,ASCENT,7,0,1,None,Holding,0,92.586186,407.818445,0,0,0,0,0.000002,1573203.667618,,,,,,,0,,,,,,,,,,,,,,,,0,0,0,,0.0399,-6362.530591,28.620268,219.993122,,,,,,,,,,,,,,,,,,,,,,,,,,,,,,,,,,,None,Continue,0,None,,,,,,1,6097.718811,432.371399,0.713823,11027861.328125,,,,,,,,,,,,,,1000,0,0,1,1,0.61926,,,
0,ASCENT,7,0,1,None,Holding,0,92.586186,407.818445,0,0,0,0,0.000002,1573203.667618,,,,,,,0,,,,,,,,,,,,,,,,0,0,0,,0.0399,-6362.530591,28.620268,220.076683,,,,,,,,,,,,,,,,,,,,,,,,,,,,,,,,,,,None,Continue,0,None,,,,,,1,6097.718811,432.371399,0.713823,11027861.328125,,,,,,,,,,,,,,1000,0,0,1,1,0.619271,,,
0,ASCENT,7,0,1,None,Holding,0,92.586186,407.818445,0,0,0,0,0.000002,1573203.667618,,,,,,,0,,,,,,,,,,,,,,,,0,0,0,,0.0399,-6362.530591,28.620268,220.160245,,,,,,,,,,,,,,,,,,,,,,,,,,,,,,,,,,,None,Continue,0,None,,,,,,1,6097.718811,432.371399,0.713823,11027861.328125,,,,,,,,,,,,,,1000,0,0,1,1,0.619283,,,
0,ASCENT,7,0,1,None,Holding,0,92.586186,407.818445,0,0,0,0,0.000002,1573203.667618,,,,,,,0,,,,,,,,,,,,,,,,0,0,0,,0.0399,-6362.530591,28.620268,220.243806,,,,,,,,,,,,,,,,,,,,,,,,,,,,,,,,,,,None,Continue,0,None,,,,,,1,6097.718811,432.371399,0.713823,11027861.328125,,,,,,,,,,,,,,1000,0,0,1,1,0.619295,,,
0,ASCENT,7,0,1,None,Holding,0,92.586186,407.818445,0,0,0,0,0.000002,1573203.667618,,,,,,,0,,,,,,,,,,,,,,,,0,0,0,,0.0399,-6362.530591,28.620268,220.327368,,,,,,,,,,,,,,,,,,,,,,,,,,,,,,,,,,,None,Continue,0,None,,,,,,1,6097.718811,432.371399,0.713823,11027861.328125,,,,,,,,,,,,,,1000,0,0,1,1,0.619306,,,
0,ASCENT,7,0,1,None,Holding,0,92.586186,407.818445,0,0,0,0,0.000002,1573203.667618,,,,,,,0,,,,,,,,,,,,,,,,0,0,0,,0.0399,-6362.530591,28.620268,220.410929,,,,,,,,,,,,,,,,,,,,,,,,,,,,,,,,,,,None,Continue,0,None,,,,,,1,6097.718811,432.371399,0.713823,11027861.328125,,,,,,,,,,,,,,1000,0,0,1,1,0.619318,,,
0,ASCENT,7,0,1,None,Holding,0,92.586186,407.818445,0,0,0,0,0.000002,1573203.667618,,,,,,,0,,,,,,,,,,,,,,,,0,0,0,,0.0399,-6362.530591,28.620268,220.494491,,,,,,,,,,,,,,,,,,,,,,,,,,,,,,,,,,,None,Continue,0,None,,,,,,1,6097.718811,432.371399,0.713823,11027861.328125,,,,,,,,,,,,,,1000,0,0,1,1,0.619331,,,
0,ASCENT,7,0,1,None,Holding,0,92.586186,407.818445,0,0,0,0,0.000002,1573203.667618,,,,,,,0,,,,,,,,,,,,,,,,0,0,0,,0.0399,-6362.530591,28.620268,220.578052,,,,,,,,,,,,,,,,,,,,,,,,,,,,,,,,,,,None,Continue,0,None,,,,,,1,6097.718811,432.371399,0.713823,11027861.328125,,,,,,,,,,,,,,1000,0,0,1,1,0.619345,,,
0,ASCENT,7,0,1,None,Holding,0,92.586186,407.818445,0,0,0,0,0.000002,1573203.667618,,,,,,,0,,,,,,,,,,,,,,,,0,0,0,,0.0399,-6362.530591,28.620268,220.661614,,,,,,,,,,,,,,,,,,,,,,,,,,,,,,,,,,,None,Continue,0,None,,,,,,1,6097.718811,432.371399,0.713823,11027861.328125,,,,,,,,,,,,,,1000,0,0,1,1,0.619359,,,
0,ASCENT,7,0,1,None,Holding,0,92.586186,407.818445,0,0,0,0,0.000002,1573203.667618,,,,,,,0,,,,,,,,,,,,,,,,0,0,0,,0.0399,-6362.530591,28.620268,220.745175,,,,,,,,,,,,,,,,,,,,,,,,,,,,,,,,,,,None,Continue,0,None,,,,,,1,6097.718811,432.371399,0.713823,11027861.328125,,,,,,,,,,,,,,1000,0,0,1,1,0.619373,,,
0,ASCENT,7,0,1,None,Holding,0,92.586186,407.818445,0,0,0,0,0.000002,1573203.667618,,,,,,,0,,,,,,,,,,,,,,,,0,0,0,,0.0399,-6362.530591,28.620268,220.828737,,,,,,,,,,,,,,,,,,,,,,,,,,,,,,,,,,,None,Continue,0,None,,,,,,1,6097.718811,432.371399,0.713823,11027861.328125,,,,,,,,,,,,,,1000,0,0,1,1,0.619388,,,
0,ASCENT,7,0,1,None,Holding,0,92.586186,407.818445,0,0,0,0,0.000002,1573203.667618,,,,,,,0,,,,,,,,,,,,,,,,0,0,0,,0.0399,-6362.530591,28.620268,220.912298,,,,,,,,,,,,,,,,,,,,,,,,,,,,,,,,,,,None,Continue,0,None,,,,,,1,6097.718811,432.371399,0.713823,11027861.328125,,,,,,,,,,,,,,1000,0,0,1,1,0.619403,,,
0,ASCENT,7,0,1,None,Holding,0,92.586186,407.818445,0,0,0,0,0.000002,1573203.667618,,,,,,,0,,,,,,,,,,,,,,,,0,0,0,,0.0399,-6362.530591,28.620268,220.99586,,,,,,,,,,,,,,,,,,,,,,,,,,,,,,,,,,,None,Continue,0,None,,,,,,1,6097.718811,432.371399,0.713823,11027861.328125,,,,,,,,,,,,,,1000,0,0,1,1,0.619418,,,
0,ASCENT,7,0,1,None,Holding,0,92.586186,407.818445,0,0,0,0,0.000002,1573203.667618,,,,,,,0,,,,,,,,,,,,,,,,0,0,0,,0.0399,-6362.530591,28.620268,221.079421,,,,,,,,,,,,,,,,,,,,,,,,,,,,,,,,,,,None,Continue,0,None,,,,,,1,6097.718811,432.371399,0.713823,11027861.328125,,,,,,,,,,,,,,1000,0,0,1,1,0.619433,,,
0,ASCENT,7,0,1,None,Holding,0,92.586186,407.818445,0,0,0,0,0.000002,1573203.667618,,,,,,,0,,,,,,,,,,,,,,,,0,0,0,,0.0399,-6362.530591,28.620268,221.162983,,,,,,,,,,,,,,,,,,,,,,,,,,,,,,,,,,,None,Continue,0,None,,,,,,1,6097.718811,432.371399,0.713823,11027861.328125,,,,,,,,,,,,,,1000,0,0,1,1,0.619449,,,
0,ASCENT,7,0,1,None,Holding,0,92.586186,407.818445,0,0,0,0,0.000002,1573203.659989,,,,,,,0,,,,,,,,,,,,,,,,0,0,0,,0.0399,-6362.530591,28.620268,221.246544,,,,,,,,,,,,,,,,,,,,,,,,,,,,,,,,,,,None,Continue,0,None,,,,,,1,6097.718811,432.371399,0.713823,11027861.328125,,,,,,,,,,,,,,1000,0,0,1,1,0.619465,,,
0,ASCENT,7,0,1,None,Holding,0,92.586186,407.818445,0,0,0,0,0.000002,1573203.659989,,,,,,,0,,,,,,,,,,,,,,,,0,0,0,,0.0399,-6362.530591,28.620268,221.330106,,,,,,,,,,,,,,,,,,,,,,,,,,,,,,,,,,,None,Continue,0,None,,,,,,1,6097.718323,432.371399,0.713823,11027861.328125,,,,,,,,,,,,,,1000,0,0,1,1,0.619481,,,
0,ASCENT,7,0,1,None,Holding,0,92.586186,407.818445,0,0,0,0,0.000002,1573203.659989,,,,,,,0,,,,,,,,,,,,,,,,0,0,0,,0.0399,-6362.530591,28.620268,221.413667,,,,,,,,,,,,,,,,,,,,,,,,,,,,,,,,,,,None,Continue,0,None,,,,,,1,6097.718323,432.371399,0.713823,11027861.328125,,,,,,,,,,,,,,1000,0,0,1,1,0.619497,,,
0,ASCENT,7,0,1,None,Holding,0,92.586186,407.818445,0,0,0,0,0.000002,1573203.659989,,,,,,,0,,,,,,,,,,,,,,,,0,0,0,,0.0399,-6362.530591,28.620268,221.497229,,,,,,,,,,,,,,,,,,,,,,,,,,,,,,,,,,,None,Continue,0,None,,,,,,1,6097.718323,432.371399,0.713823,11027861.328125,,,,,,,,,,,,,,1000,0,0,1,1,0.619514,,,
0,ASCENT,7,0,1,None,Holding,0,92.586186,407.818445,0,0,0,0,0.000002,1573203.659989,,,,,,,0,,,,,,,,,,,,,,,,0,0,0,,0.0399,-6362.530591,28.620268,221.58079,,,,,,,,,,,,,,,,,,,,,,,,,,,,,,,,,,,None,Continue,0,None,,,,,,1,6097.718323,432.371399,0.713823,11027861.328125,,,,,,,,,,,,,,1000,0,0,1,1,0.619531,,,
0,ASCENT,7,0,1,None,Holding,0,92.586186,407.818445,0,0,0,0,0.000002,1573203.659989,,,,,,,0,,,,,,,,,,,,,,,,0,0,0,,0.0399,-6362.530591,28.620268,221.664352,,,,,,,,,,,,,,,,,,,,,,,,,,,,,,,,,,,None,Continue,0,None,,,,,,1,6097.718323,432.371399,0.713823,11027861.328125,,,,,,,,,,,,,,1000,0,0,1,1,0.619548,,,
0,ASCENT,7,0,1,None,Holding,0,92.586186,407.818445,0,0,0,0,0.000002,1573203.659989,,,,,,,0,,,,,,,,,,,,,,,,0,0,0,,0.0399,-6362.530591,28.620268,221.747913,,,,,,,,,,,,,,,,,,,,,,,,,,,,,,,,,,,None,Continue,0,None,,,,,,1,6097.718323,432.371399,0.713823,11027861.328125,,,,,,,,,,,,,,1000,0,0,1,1,0.619565,,,
0,ASCENT,7,0,1,None,Holding,0,92.586186,407.818445,0,0,0,0,0.000002,1573203.659989,,,,,,,0,,,,,,,,,,,,,,,,0,0,0,,0.0399,-6362.530591,28.620268,221.831475,,,,,,,,,,,,,,,,,,,,,,,,,,,,,,,,,,,None,Continue,0,None,,,,,,1,6097.718323,432.371399,0.713823,11027861.328125,,,,,,,,,,,,,,1000,0,0,1,1,0.619582,,,
0,ASCENT,7,0,1,None,Holding,0,92.586186,407.818445,0,0,0,0,0.000002,1573203.659989,,,,,,,0,,,,,,,,,,,,,,,,0,0,0,,0.0399,-6362.530591,28.620268,221.915036,,,,,,,,,,,,,,,,,,,,,,,,,,,,,,,,,,,None,Continue,0,None,,,,,,1,6097.718323,432.371399,0.713823,11027861.328125,,,,,,,,,,,,,,1000,0,0,1,1,0.6196,,,
0,ASCENT,7,0,1,None,Holding,0,92.586186,407.818445,0,0,0,0,0.000002,1573203.659989,,,,,,,0,,,,,,,,,,,,,,,,0,0,0,,0.0399,-6362.530591,28.620268,221.998598,,,,,,,,,,,,,,,,,,,,,,,,,,,,,,,,,,,None,Continue,0,None,,,,,,1,6097.718323,432.371399,0.713823,11027861.328125,,,,,,,,,,,,,,1000,0,0,1,1,0.619618,,,
0,ASCENT,7,0,1,None,Holding,0,92.586186,407.818445,0,0,0,0,0.000002,1573203.659989,,,,,,,0,,,,,,,,,,,,,,,,0,0,0,,0.0399,-6362.530591,28.620268,222.082159,,,,,,,,,,,,,,,,,,,,,,,,,,,,,,,,,,,None,Continue,0,None,,,,,,1,6097.718323,432.371399,0.713823,11027861.328125,,,,,,,,,,,,,,1000,0,0,1,1,0.619636,,,
0,ASCENT,7,0,1,None,Holding,0,92.586186,407.818445,0,0,0,0,0.000002,1573203.659989,,,,,,,0,,,,,,,,,,,,,,,,0,0,0,,0.0399,-6362.530591,28.620268,222.165721,,,,,,,,,,,,,,,,,,,,,,,,,,,,,,,,,,,None,Continue,0,None,,,,,,1,6097.718323,432.371399,0.713823,11027861.328125,,,,,,,,,,,,,,1000,0,0,1,1,0.619654,,,
0,ASCENT,7,0,1,None,Holding,0,92.586186,407.818445,0,0,0,0,0.000002,1573203.659989,,,,,,,0,,,,,,,,,,,,,,,,0,0,0,,0.0399,-6362.530591,28.620268,222.249282,,,,,,,,,,,,,,,,,,,,,,,,,,,,,,,,,,,None,Continue,0,None,,,,,,1,6097.718323,432.371399,0.713823,11027861.328125,,,,,,,,,,,,,,1000,0,0,1,1,0.619672,,,
0,ASCENT,7,0,1,None,Holding,0,92.586186,407.818445,0,0,0,0,0.000002,1573203.659989,,,,,,,0,,,,,,,,,,,,,,,,0,0,0,,0.0399,-6362.530591,28.620268,222.332844,,,,,,,,,,,,,,,,,,,,,,,,,,,,,,,,,,,None,Continue,0,None,,,,,,1,6097.718323,432.371399,0.713823,11027861.328125,,,,,,,,,,,,,,1000,0,0,1,1,0.61969,,,
0,ASCENT,7,0,1,None,Holding,0,92.586186,407.818445,0,0,0,0,0.000002,1573203.659989,,,,,,,0,,,,,,,,,,,,,,,,0,0,0,,0.0399,-6362.530591,28.620268,222.416405,,,,,,,,,,,,,,,,,,,,,,,,,,,,,,,,,,,None,Continue,0,None,,,,,,1,6097.718323,432.371399,0.713823,11027861.328125,,,,,,,,,,,,,,1000,0,0,1,1,0.619708,,,
0,ASCENT,7,0,1,None,Holding,0,92.586186,407.818445,0,0,0,0,0.000002,1573203.659989,,,,,,,0,,,,,,,,,,,,,,,,0,0,0,,0.0399,-6362.530591,28.620268,222.499966,,,,,,,,,,,,,,,,,,,,,,,,,,,,,,,,,,,None,Continue,0,None,,,,,,1,6097.718323,432.371399,0.713823,11027861.328125,,,,,,,,,,,,,,1000,0,0,1,1,0.619727,,,
0,ASCENT,7,0,1,None,Holding,0,92.586186,407.818445,0,0,0,0,0.000002,1573203.659989,,,,,,,0,,,,,,,,,,,,,,,,0,0,0,,0.0399,-6362.530591,28.620268,222.583528,,,,,,,,,,,,,,,,,,,,,,,,,,,,,,,,,,,None,Continue,0,None,,,,,,1,6097.718323,432.371399,0.713823,11027861.328125,,,,,,,,,,,,,,1000,0,0,1,1,0.619746,,,
0,ASCENT,7,0,1,None,Holding,0,92.586186,407.818445,0,0,0,0,0.000002,1573203.659989,,,,,,,0,,,,,,,,,,,,,,,,0,0,0,,0.0399,-6362.530591,28.620268,222.667089,,,,,,,,,,,,,,,,,,,,,,,,,,,,,,,,,,,None,Continue,0,None,,,,,,1,6097.718323,432.371399,0.713823,11027861.328125,,,,,,,,,,,,,,1000,0,0,1,1,0.619764,,,
0,ASCENT,7,0,1,None,Holding,0,92.586186,407.818445,0,0,0,0,0.000002,1573203.659989,,,,,,,0,,,,,,,,,,,,,,,,0,0,0,,0.0399,-6362.530591,28.620268,222.750651,,,,,,,,,,,,,,,,,,,,,,,,,,,,,,,,,,,None,Continue,0,None,,,,,,1,6097.718323,432.371399,0.713823,11027861.328125,,,,,,,,,,,,,,1000,0,0,1,1,0.619783,,,
0,ASCENT,7,0,1,None,Holding,0,92.586186,407.818445,0,0,0,0,0.000002,1573203.659989,,,,,,,0,,,,,,,,,,,,,,,,0,0,0,,0.0399,-6362.530591,28.620268,222.834212,,,,,,,,,,,,,,,,,,,,,,,,,,,,,,,,,,,None,Continue,0,None,,,,,,1,6097.718323,432.371399,0.713823,11027861.328125,,,,,,,,,,,,,,1000,0,0,1,1,0.619802,,,
0,ASCENT,7,0,1,None,Holding,0,92.586186,407.818445,0,0,0,0,0.000002,1573203.659989,,,,,,,0,,,,,,,,,,,,,,,,0,0,0,,0.0399,-6362.530591,28.620268,222.917774,,,,,,,,,,,,,,,,,,,,,,,,,,,,,,,,,,,None,Continue,0,None,,,,,,1,6097.718323,432.371399,0.713823,11027861.328125,,,,,,,,,,,,,,1000,0,0,1,1,0.619821,,,
0,ASCENT,7,0,1,None,Holding,0,92.586186,407.818445,0,0,0,0,0.000002,1573203.659989,,,,,,,0,,,,,,,,,,,,,,,,0,0,0,,0.0399,-6362.530591,28.620268,223.001335,,,,,,,,,,,,,,,,,,,,,,,,,,,,,,,,,,,None,Continue,0,None,,,,,,1,6097.718323,432.371399,0.713823,11027861.328125,,,,,,,,,,,,,,1000,0,0,1,1,0.61984,,,
0,ASCENT,7,0,1,None,Holding,0,92.586186,407.818445,0,0,0,0,0.000002,1573203.659989,,,,,,,0,,,,,,,,,,,,,,,,0,0,0,,0.0399,-6362.530591,28.620268,223.084897,,,,,,,,,,,,,,,,,,,,,,,,,,,,,,,,,,,None,Continue,0,None,,,,,,1,6097.718323,432.371399,0.713823,11027861.328125,,,,,,,,,,,,,,1000,0,0,1,1,0.61986,,,
0,ASCENT,7,0,1,None,Holding,0,92.586186,407.818445,0,0,0,0,0.000002,1573203.659989,,,,,,,0,,,,,,,,,,,,,,,,0,0,0,,0.0399,-6362.530591,28.620268,223.168458,,,,,,,,,,,,,,,,,,,,,,,,,,,,,,,,,,,None,Continue,0,None,,,,,,1,6097.718323,432.371399,0.713823,11027861.328125,,,,,,,,,,,,,,1000,0,0,1,1,0.619879,,,
0,ASCENT,7,0,1,None,Holding,0,92.586186,407.818445,0,0,0,0,0.000002,1573203.659989,,,,,,,0,,,,,,,,,,,,,,,,0,0,0,,0.0399,-6362.530591,28.620268,223.25202,,,,,,,,,,,,,,,,,,,,,,,,,,,,,,,,,,,None,Continue,0,None,,,,,,1,6097.718323,432.371399,0.713823,11027861.328125,,,,,,,,,,,,,,1000,0,0,1,1,0.619899,,,
0,ASCENT,7,0,1,None,Holding,0,92.586186,407.818445,0,0,0,0,0.000002,1573203.659989,,,,,,,0,,,,,,,,,,,,,,,,0,0,0,,0.0399,-6362.530591,28.620268,223.335581,,,,,,,,,,,,,,,,,,,,,,,,,,,,,,,,,,,None,Continue,0,None,,,,,,1,6097.718323,432.371399,0.713823,11027861.328125,,,,,,,,,,,,,,1000,0,0,1,1,0.619918,,,
0,ASCENT,7,0,1,None,Holding,0,92.586186,407.818445,0,0,0,0,0.000002,1573203.659989,,,,,,,0,,,,,,,,,,,,,,,,0,0,0,,0.0399,-6362.530591,28.620268,223.419143,,,,,,,,,,,,,,,,,,,,,,,,,,,,,,,,,,,None,Continue,0,None,,,,,,1,6097.717834,432.371399,0.713823,11027861.328125,,,,,,,,,,,,,,1000,0,0,1,1,0.619936,,,
0,ASCENT,7,0,1,None,Holding,0,92.586186,407.818445,0,0,0,0,0.000002,1573203.659989,,,,,,,0,,,,,,,,,,,,,,,,0,0,0,,0.0399,-6362.530591,28.620268,223.502704,,,,,,,,,,,,,,,,,,,,,,,,,,,,,,,,,,,None,Continue,0,None,,,,,,1,6097.717834,432.371399,0.713823,11027861.328125,,,,,,,,,,,,,,1000,0,0,1,1,0.619954,,,
0,ASCENT,7,0,1,None,Holding,0,92.586186,407.818445,0,0,0,0,0.000002,1573203.659989,,,,,,,0,,,,,,,,,,,,,,,,0,0,0,,0.0399,-6362.530591,28.620268,223.586266,,,,,,,,,,,,,,,,,,,,,,,,,,,,,,,,,,,None,Continue,0,None,,,,,,1,6097.717834,432.371399,0.713823,11027861.328125,,,,,,,,,,,,,,1000,0,0,1,1,0.619974,,,
0,ASCENT,7,0,1,None,Holding,0,92.586186,407.818445,0,0,0,0,0.000002,1573203.659989,,,,,,,0,,,,,,,,,,,,,,,,0,0,0,,0.0399,-6362.530591,28.620268,223.669827,,,,,,,,,,,,,,,,,,,,,,,,,,,,,,,,,,,None,Continue,0,None,,,,,,1,6097.717834,432.371399,0.713823,11027861.328125,,,,,,,,,,,,,,1000,0,0,1,1,0.619994,,,
0,ASCENT,7,0,1,None,Holding,0,92.586186,407.818445,0,0,0,0,0.000002,1573203.659989,,,,,,,0,,,,,,,,,,,,,,,,0,0,0,,0.0399,-6362.530591,28.620268,223.753389,,,,,,,,,,,,,,,,,,,,,,,,,,,,,,,,,,,None,Continue,0,None,,,,,,1,6097.717834,432.371399,0.713823,11027861.328125,,,,,,,,,,,,,,1000,0,0,1,1,0.620014,,,
0,ASCENT,7,0,1,None,Holding,0,92.586186,407.818445,0,0,0,0,0.000002,1573203.659989,,,,,,,0,,,,,,,,,,,,,,,,0,0,0,,0.0399,-6362.530591,28.620268,223.83695,,,,,,,,,,,,,,,,,,,,,,,,,,,,,,,,,,,None,Continue,0,None,,,,,,1,6097.717834,432.371399,0.713823,11027861.328125,,,,,,,,,,,,,,1000,0,0,1,1,0.620034,,,
0,ASCENT,7,0,1,None,Holding,0,92.586186,407.818445,0,0,0,0,0.000002,1573203.659989,,,,,,,0,,,,,,,,,,,,,,,,0,0,0,,0.0399,-6362.530591,28.620268,223.920512,,,,,,,,,,,,,,,,,,,,,,,,,,,,,,,,,,,None,Continue,0,None,,,,,,1,6097.717834,432.371399,0.713823,11027861.328125,,,,,,,,,,,,,,1000,0,0,1,1,0.620054,,,
0,ASCENT,7,0,1,None,Holding,0,92.586186,407.818445,0,0,0,0,0.000002,1573203.659989,,,,,,,0,,,,,,,,,,,,,,,,0,0,0,,0.0399,-6362.530591,28.620268,224.004073,,,,,,,,,,,,,,,,,,,,,,,,,,,,,,,,,,,None,Continue,0,None,,,,,,1,6097.717834,432.371399,0.713823,11027861.328125,,,,,,,,,,,,,,1000,0,0,1,1,0.620074,,,
0,ASCENT,7,0,1,None,Holding,0,92.586186,407.818445,0,0,0,0,0.000002,1573203.659989,,,,,,,0,,,,,,,,,,,,,,,,0,0,0,,0.0399,-6362.530591,28.620268,224.087635,,,,,,,,,,,,,,,,,,,,,,,,,,,,,,,,,,,None,Continue,0,None,,,,,,1,6097.717834,432.371399,0.713823,11027861.328125,,,,,,,,,,,,,,1000,0,0,1,1,0.620095,,,
0,ASCENT,7,0,1,None,Holding,0,92.586186,407.818445,0,0,0,0,0.000002,1573203.659989,,,,,,,0,,,,,,,,,,,,,,,,0,0,0,,0.0399,-6362.530591,28.620268,224.171196,,,,,,,,,,,,,,,,,,,,,,,,,,,,,,,,,,,None,Continue,0,None,,,,,,1,6097.717834,432.371399,0.713823,11027861.328125,,,,,,,,,,,,,,1000,0,0,1,1,0.620115,,,
0,ASCENT,7,0,1,None,Holding,0,92.586186,407.818445,0,0,0,0,0.000002,1573203.659989,,,,,,,0,,,,,,,,,,,,,,,,0,0,0,,0.0399,-6362.530591,28.620268,224.254758,,,,,,,,,,,,,,,,,,,,,,,,,,,,,,,,,,,None,Continue,0,None,,,,,,1,6097.717834,432.371399,0.713823,11027861.328125,,,,,,,,,,,,,,1000,0,0,1,1,0.620135,,,
0,ASCENT,7,0,1,None,Holding,0,92.586186,407.818445,0,0,0,0,0.000002,1573203.659989,,,,,,,0,,,,,,,,,,,,,,,,0,0,0,,0.0399,-6362.530591,28.620268,224.338319,,,,,,,,,,,,,,,,,,,,,,,,,,,,,,,,,,,None,Continue,0,None,,,,,,1,6097.717834,432.371399,0.713823,11027861.328125,,,,,,,,,,,,,,1000,0,0,1,1,0.620155,,,
0,ASCENT,7,0,1,None,Holding,0,92.586186,407.818445,0,0,0,0,0.000002,1573203.659989,,,,,,,0,,,,,,,,,,,,,,,,0,0,0,,0.0399,-6362.530591,28.620268,224.421881,,,,,,,,,,,,,,,,,,,,,,,,,,,,,,,,,,,None,Continue,0,None,,,,,,1,6097.717834,432.371399,0.713823,11027861.328125,,,,,,,,,,,,,,1000,0,0,1,1,0.620176,,,
0,ASCENT,7,0,1,None,Holding,0,92.586186,407.818445,0,0,0,0,0.000002,1573203.659989,,,,,,,0,,,,,,,,,,,,,,,,0,0,0,,0.0399,-6362.530591,28.620268,224.505442,,,,,,,,,,,,,,,,,,,,,,,,,,,,,,,,,,,None,Continue,0,None,,,,,,1,6097.717834,432.371399,0.713823,11027861.328125,,,,,,,,,,,,,,1000,0,0,1,1,0.620196,,,
0,ASCENT,7,0,1,None,Holding,0,92.586186,407.818445,0,0,0,0,0.000002,1573203.659989,,,,,,,0,,,,,,,,,,,,,,,,0,0,0,,0.0399,-6362.530591,28.620268,224.589004,,,,,,,,,,,,,,,,,,,,,,,,,,,,,,,,,,,None,Continue,0,None,,,,,,1,6097.717834,432.371399,0.713823,11027861.328125,,,,,,,,,,,,,,1000,0,0,1,1,0.620216,,,
0,ASCENT,7,0,1,None,Holding,0,92.586186,407.818445,0,0,0,0,0.000002,1573203.659989,,,,,,,0,,,,,,,,,,,,,,,,0,0,0,,0.0399,-6362.530591,28.620268,224.672565,,,,,,,,,,,,,,,,,,,,,,,,,,,,,,,,,,,None,Continue,0,None,,,,,,1,6097.717834,432.371399,0.713823,11027861.328125,,,,,,,,,,,,,,1000,0,0,1,1,0.620237,,,
0,ASCENT,7,0,1,None,Holding,0,92.586186,407.818445,0,0,0,0,0.000002,1573203.65236,,,,,,,0,,,,,,,,,,,,,,,,0,0,0,,0.0399,-6362.530591,28.620268,224.756127,,,,,,,,,,,,,,,,,,,,,,,,,,,,,,,,,,,None,Continue,0,None,,,,,,1,6097.717834,432.371399,0.713823,11027861.328125,,,,,,,,,,,,,,1000,0,0,1,1,0.620257,,,
0,ASCENT,7,0,1,None,Holding,0,92.586186,407.818445,0,0,0,0,0.000002,1573203.65236,,,,,,,0,,,,,,,,,,,,,,,,0,0,0,,0.0399,-6362.530591,28.620268,224.839688,,,,,,,,,,,,,,,,,,,,,,,,,,,,,,,,,,,None,Continue,0,None,,,,,,1,6097.717834,432.371399,0.713823,11027861.328125,,,,,,,,,,,,,,1000,0,0,1,1,0.620278,,,
0,ASCENT,7,0,1,None,Holding,0,92.586186,407.818445,0,0,0,0,0.000002,1573203.65236,,,,,,,0,,,,,,,,,,,,,,,,0,0,0,,0.0399,-6362.530591,28.620268,224.92325,,,,,,,,,,,,,,,,,,,,,,,,,,,,,,,,,,,None,Continue,0,None,,,,,,1,6097.717834,432.371399,0.713823,11027861.328125,,,,,,,,,,,,,,1000,0,0,1,1,0.620298,,,
0,ASCENT,7,0,1,None,Holding,0,92.586186,407.818445,0,0,0,0,0.000002,1573203.65236,,,,,,,0,,,,,,,,,,,,,,,,0,0,0,,0.0399,-6362.530591,28.620268,225.006811,,,,,,,,,,,,,,,,,,,,,,,,,,,,,,,,,,,None,Continue,0,None,,,,,,1,6097.717834,432.371399,0.713823,11027861.328125,,,,,,,,,,,,,,1000,0,0,1,1,0.620319,,,
0,ASCENT,7,0,1,None,Holding,0,92.586186,407.818445,0,0,0,0,0.000002,1573203.65236,,,,,,,0,,,,,,,,,,,,,,,,0,0,0,,0.0399,-6362.530591,28.620268,225.090373,,,,,,,,,,,,,,,,,,,,,,,,,,,,,,,,,,,None,Continue,0,None,,,,,,1,6097.717834,432.371399,0.713823,11027861.328125,,,,,,,,,,,,,,1000,0,0,1,1,0.620339,,,
0,ASCENT,7,0,1,None,Holding,0,92.586186,407.818445,0,0,0,0,0.000002,1573203.65236,,,,,,,0,,,,,,,,,,,,,,,,0,0,0,,0.0399,-6362.530591,28.620268,225.173934,,,,,,,,,,,,,,,,,,,,,,,,,,,,,,,,,,,None,Continue,0,None,,,,,,1,6097.717834,432.371399,0.713823,11027861.328125,,,,,,,,,,,,,,1000,0,0,1,1,0.62036,,,
0,ASCENT,7,0,1,None,Holding,0,92.586186,407.818445,0,0,0,0,0.000002,1573203.65236,,,,,,,0,,,,,,,,,,,,,,,,0,0,0,,0.0399,-6362.530591,28.620268,225.257496,,,,,,,,,,,,,,,,,,,,,,,,,,,,,,,,,,,None,Continue,0,None,,,,,,1,6097.717834,432.371399,0.713823,11027861.328125,,,,,,,,,,,,,,1000,0,0,1,1,0.620381,,,
0,ASCENT,7,0,1,None,Holding,0,92.586186,407.818445,0,0,0,0,0.000002,1573203.65236,,,,,,,0,,,,,,,,,,,,,,,,0,0,0,,0.0399,-6362.530591,28.620268,225.341057,,,,,,,,,,,,,,,,,,,,,,,,,,,,,,,,,,,None,Continue,0,None,,,,,,1,6097.717834,432.371399,0.713823,11027861.328125,,,,,,,,,,,,,,1000,0,0,1,1,0.620401,,,
0,ASCENT,7,0,1,None,Holding,0,92.586186,407.818445,0,0,0,0,0.000002,1573203.65236,,,,,,,0,,,,,,,,,,,,,,,,0,0,0,,0.0399,-6362.530591,28.620268,225.424619,,,,,,,,,,,,,,,,,,,,,,,,,,,,,,,,,,,None,Continue,0,None,,,,,,1,6097.717834,432.371399,0.713823,11027861.328125,,,,,,,,,,,,,,1000,0,0,1,1,0.620422,,,
0,ASCENT,7,0,1,None,Holding,0,92.586186,407.818445,0,0,0,0,0.000002,1573203.65236,,,,,,,0,,,,,,,,,,,,,,,,0,0,0,,0.0399,-6362.530591,28.620268,225.50818,,,,,,,,,,,,,,,,,,,,,,,,,,,,,,,,,,,None,Continue,0,None,,,,,,1,6097.717834,432.371399,0.713823,11027861.328125,,,,,,,,,,,,,,1000,0,0,1,1,0.620442,,,
0,ASCENT,7,0,1,None,Holding,0,92.586186,407.818445,0,0,0,0,0.000002,1573203.65236,,,,,,,0,,,,,,,,,,,,,,,,0,0,0,,0.0399,-6362.530591,28.620268,225.591742,,,,,,,,,,,,,,,,,,,,,,,,,,,,,,,,,,,None,Continue,0,None,,,,,,1,6097.717834,432.371399,0.713823,11027861.328125,,,,,,,,,,,,,,1000,0,0,1,1,0.620463,,,
0,ASCENT,7,0,1,None,Holding,0,92.586186,407.818445,0,0,0,0,0.000002,1573203.65236,,,,,,,0,,,,,,,,,,,,,,,,0,0,0,,0.0399,-6362.530591,28.620268,225.675303,,,,,,,,,,,,,,,,,,,,,,,,,,,,,,,,,,,None,Continue,0,None,,,,,,1,6097.717834,432.371399,0.713823,11027861.328125,,,,,,,,,,,,,,1000,0,0,1,1,0.620484,,,
0,ASCENT,7,0,1,None,Holding,0,92.586186,407.818445,0,0,0,0,0.000002,1573203.65236,,,,,,,0,,,,,,,,,,,,,,,,0,0,0,,0.0399,-6362.530591,28.620268,225.758865,,,,,,,,,,,,,,,,,,,,,,,,,,,,,,,,,,,None,Continue,0,None,,,,,,1,6097.717834,432.371399,0.713823,11027861.328125,,,,,,,,,,,,,,1000,0,0,1,1,0.620504,,,
0,ASCENT,7,0,1,None,Holding,0,92.586186,407.818445,0,0,0,0,0.000002,1573203.65236,,,,,,,0,,,,,,,,,,,,,,,,0,0,0,,0.0399,-6362.530591,28.620268,225.842426,,,,,,,,,,,,,,,,,,,,,,,,,,,,,,,,,,,None,Continue,0,None,,,,,,1,6097.717834,432.371399,0.713823,11027861.328125,,,,,,,,,,,,,,1000,0,0,1,1,0.620525,,,
0,ASCENT,7,0,1,None,Holding,0,92.586186,407.818445,0,0,0,0,0.000002,1573203.621842,,,,,,,0,,,,,,,,,,,,,,,,0,0,0,,0.0399,-6362.530591,28.620268,225.925988,,,,,,,,,,,,,,,,,,,,,,,,,,,,,,,,,,,None,Continue,0,None,,,,,,1,6097.717834,432.371399,0.713823,11027861.328125,,,,,,,,,,,,,,1000,0,0,1,1,0.620546,,,
0,ASCENT,7,0,1,None,Holding,0,92.586186,407.818445,0,0,0,0,0.000002,1573203.621842,,,,,,,0,,,,,,,,,,,,,,,,0,0,0,,0.0399,-6362.530591,28.620268,226.009549,,,,,,,,,,,,,,,,,,,,,,,,,,,,,,,,,,,None,Continue,0,None,,,,,,1,6097.717834,432.371399,0.713823,11027861.328125,,,,,,,,,,,,,,1000,0,0,1,1,0.620567,,,
0,ASCENT,7,0,1,None,Holding,0,92.586186,407.818445,0,0,0,0,0.000002,1573203.621842,,,,,,,0,,,,,,,,,,,,,,,,0,0,0,,0.0399,-6362.530591,28.620268,226.093111,,,,,,,,,,,,,,,,,,,,,,,,,,,,,,,,,,,None,Continue,0,None,,,,,,1,6097.717346,432.371399,0.713823,11027861.328125,,,,,,,,,,,,,,1000,0,0,1,1,0.620587,,,
0,ASCENT,7,0,1,None,Holding,0,92.586186,407.818445,0,0,0,0,0.000002,1573203.621842,,,,,,,0,,,,,,,,,,,,,,,,0,0,0,,0.0399,-6362.530591,28.620268,226.176672,,,,,,,,,,,,,,,,,,,,,,,,,,,,,,,,,,,None,Continue,0,None,,,,,,1,6097.717346,432.371399,0.713823,11027861.328125,,,,,,,,,,,,,,1000,0,0,1,1,0.620608,,,
0,ASCENT,7,0,1,None,Holding,0,92.586186,407.818445,0,0,0,0,0.000002,1573203.621842,,,,,,,0,,,,,,,,,,,,,,,,0,0,0,,0.0399,-6362.530591,28.620268,226.260234,,,,,,,,,,,,,,,,,,,,,,,,,,,,,,,,,,,None,Continue,0,None,,,,,,1,6097.717346,432.371399,0.713823,11027861.328125,,,,,,,,,,,,,,1000,0,0,1,1,0.620629,,,
0,ASCENT,7,0,1,None,Holding,0,92.586186,407.818445,0,0,0,0,0.000002,1573203.621842,,,,,,,0,,,,,,,,,,,,,,,,0,0,0,,0.0399,-6362.530591,28.620268,226.343795,,,,,,,,,,,,,,,,,,,,,,,,,,,,,,,,,,,None,Continue,0,None,,,,,,1,6097.717346,432.371399,0.713823,11027861.328125,,,,,,,,,,,,,,1000,0,0,1,1,0.62065,,,
0,ASCENT,7,0,1,None,Holding,0,92.586186,407.818445,0,0,0,0,0.000002,1573203.621842,,,,,,,0,,,,,,,,,,,,,,,,0,0,0,,0.0399,-6362.530591,28.620268,226.427357,,,,,,,,,,,,,,,,,,,,,,,,,,,,,,,,,,,None,Continue,0,None,,,,,,1,6097.717346,432.371399,0.713823,11027861.328125,,,,,,,,,,,,,,1000,0,0,1,1,0.62067,,,
0,ASCENT,7,0,1,None,Holding,0,92.586186,407.818445,0,0,0,0,0.000002,1573203.621842,,,,,,,0,,,,,,,,,,,,,,,,0,0,0,,0.0399,-6362.530591,28.620268,226.510918,,,,,,,,,,,,,,,,,,,,,,,,,,,,,,,,,,,None,Continue,0,None,,,,,,1,6097.717346,432.371399,0.713823,11027861.328125,,,,,,,,,,,,,,1000,0,0,1,1,0.620691,,,
0,ASCENT,7,0,1,None,Holding,0,92.586186,407.818445,0,0,0,0,0.000002,1573203.621842,,,,,,,0,,,,,,,,,,,,,,,,0,0,0,,0.0399,-6362.530591,28.620268,226.59448,,,,,,,,,,,,,,,,,,,,,,,,,,,,,,,,,,,None,Continue,0,None,,,,,,1,6097.717346,432.371399,0.713823,11027861.328125,,,,,,,,,,,,,,1000,0,0,1,1,0.620712,,,
0,ASCENT,7,0,1,None,Holding,0,92.586186,407.818445,0,0,0,0,0.000002,1573203.621842,,,,,,,0,,,,,,,,,,,,,,,,0,0,0,,0.0399,-6362.530591,28.620268,226.678041,,,,,,,,,,,,,,,,,,,,,,,,,,,,,,,,,,,None,Continue,0,None,,,,,,1,6097.717346,432.371399,0.713823,11027861.328125,,,,,,,,,,,,,,1000,0,0,1,1,0.620733,,,
0,ASCENT,7,0,1,None,Holding,0,92.586186,407.818445,0,0,0,0,0.000002,1573203.621842,,,,,,,0,,,,,,,,,,,,,,,,0,0,0,,0.0399,-6362.530591,28.620268,226.761603,,,,,,,,,,,,,,,,,,,,,,,,,,,,,,,,,,,None,Continue,0,None,,,,,,1,6097.717346,432.371399,0.713823,11027861.328125,,,,,,,,,,,,,,1000,0,0,1,1,0.620753,,,
0,ASCENT,7,0,1,None,Holding,0,92.586186,407.818445,0,0,0,0,0.000002,1573203.621842,,,,,,,0,,,,,,,,,,,,,,,,0,0,0,,0.0399,-6362.530591,28.620268,226.845164,,,,,,,,,,,,,,,,,,,,,,,,,,,,,,,,,,,None,Continue,0,None,,,,,,1,6097.717346,432.371399,0.713823,11027861.328125,,,,,,,,,,,,,,1000,0,0,1,1,0.620774,,,
0,ASCENT,7,0,1,None,Holding,0,92.586186,407.818445,0,0,0,0,0.000002,1573203.621842,,,,,,,0,,,,,,,,,,,,,,,,0,0,0,,0.0399,-6362.530591,28.620268,226.928726,,,,,,,,,,,,,,,,,,,,,,,,,,,,,,,,,,,None,Continue,0,None,,,,,,1,6097.717346,432.371399,0.713823,11027861.328125,,,,,,,,,,,,,,1000,0,0,1,1,0.620795,,,
0,ASCENT,7,0,1,None,Holding,0,92.586186,407.818445,0,0,0,0,0.000002,1573203.621842,,,,,,,0,,,,,,,,,,,,,,,,0,0,0,,0.0399,-6362.530591,28.620268,227.012287,,,,,,,,,,,,,,,,,,,,,,,,,,,,,,,,,,,None,Continue,0,None,,,,,,1,6097.717346,432.371399,0.713823,11027861.328125,,,,,,,,,,,,,,1000,0,0,1,1,0.620816,,,
0,ASCENT,7,0,1,None,Holding,0,92.586186,407.818445,0,0,0,0,0.000002,1573203.621842,,,,,,,0,,,,,,,,,,,,,,,,0,0,0,,0.0399,-6362.530591,28.620268,227.095849,,,,,,,,,,,,,,,,,,,,,,,,,,,,,,,,,,,None,Continue,0,None,,,,,,1,6097.717346,432.371399,0.713823,11027861.328125,,,,,,,,,,,,,,1000,0,0,1,1,0.620836,,,
0,ASCENT,7,0,1,None,Holding,0,92.586186,407.818445,0,0,0,0,0.000002,1573203.621842,,,,,,,0,,,,,,,,,,,,,,,,0,0,0,,0.0399,-6362.530591,28.620268,227.17941,,,,,,,,,,,,,,,,,,,,,,,,,,,,,,,,,,,None,Continue,0,None,,,,,,1,6097.717346,432.371399,0.713823,11027861.328125,,,,,,,,,,,,,,1000,0,0,1,1,0.620857,,,
0,ASCENT,7,0,1,None,Holding,0,92.586186,407.818445,0,0,0,0,0.000002,1573203.621842,,,,,,,0,,,,,,,,,,,,,,,,0,0,0,,0.0399,-6362.530591,28.620268,227.262972,,,,,,,,,,,,,,,,,,,,,,,,,,,,,,,,,,,None,Continue,0,None,,,,,,1,6097.717346,432.371399,0.713823,11027861.328125,,,,,,,,,,,,,,1000,0,0,1,1,0.620878,,,
0,ASCENT,7,0,1,None,Holding,0,92.586186,407.818445,0,0,0,0,0.000002,1573203.621842,,,,,,,0,,,,,,,,,,,,,,,,0,0,0,,0.0399,-6362.530591,28.620268,227.346533,,,,,,,,,,,,,,,,,,,,,,,,,,,,,,,,,,,None,Continue,0,None,,,,,,1,6097.717346,432.371399,0.713823,11027861.328125,,,,,,,,,,,,,,1000,0,0,1,1,0.620899,,,
0,ASCENT,7,0,1,None,Holding,0,92.586186,407.818445,0,0,0,0,0.000002,1573203.614213,,,,,,,0,,,,,,,,,,,,,,,,0,0,0,,0.0399,-6362.530591,28.620268,227.430095,,,,,,,,,,,,,,,,,,,,,,,,,,,,,,,,,,,None,Continue,0,None,,,,,,1,6097.717224,432.371399,0.713823,11027861.328125,,,,,,,,,,,,,,1000,0,0,1,1,0.620919,,,
0,ASCENT,7,0,1,None,Holding,0,92.586186,407.818445,0,0,0,0,0.000002,1573203.614213,,,,,,,0,,,,,,,,,,,,,,,,0,0,0,,0.0399,-6362.530591,28.620268,227.513656,,,,,,,,,,,,,,,,,,,,,,,,,,,,,,,,,,,None,Continue,0,None,,,,,,1,6097.717224,432.371399,0.713823,11027861.328125,,,,,,,,,,,,,,1000,0,0,1,1,0.62094,,,
0,ASCENT,7,0,1,None,Holding,0,92.586186,407.818445,0,0,0,0,0.000002,1573203.614213,,,,,,,0,,,,,,,,,,,,,,,,0,0,0,,0.0399,-6362.530591,28.620268,227.597218,,,,,,,,,,,,,,,,,,,,,,,,,,,,,,,,,,,None,Continue,0,None,,,,,,1,6097.717224,432.371399,0.713823,11027861.328125,,,,,,,,,,,,,,1000,0,0,1,1,0.620961,,,
0,ASCENT,7,0,1,None,Holding,0,92.586186,407.818445,0,0,0,0,0.000002,1573203.614213,,,,,,,0,,,,,,,,,,,,,,,,0,0,0,,0.0399,-6362.530591,28.620268,227.680779,,,,,,,,,,,,,,,,,,,,,,,,,,,,,,,,,,,None,Continue,0,None,,,,,,1,6097.717224,432.371399,0.713823,11027861.328125,,,,,,,,,,,,,,1000,0,0,1,1,0.620982,,,
0,ASCENT,7,0,1,None,Holding,0,92.586186,407.818445,0,0,0,0,0.000002,1573203.614213,,,,,,,0,,,,,,,,,,,,,,,,0,0,0,,0.0399,-6362.530591,28.620268,227.764341,,,,,,,,,,,,,,,,,,,,,,,,,,,,,,,,,,,None,Continue,0,None,,,,,,1,6097.717224,432.371399,0.713823,11027861.328125,,,,,,,,,,,,,,1000,0,0,1,1,0.621002,,,
0,ASCENT,7,0,1,None,Holding,0,92.586186,407.818445,0,0,0,0,0.000002,1573203.614213,,,,,,,0,,,,,,,,,,,,,,,,0,0,0,,0.0399,-6362.530591,28.620268,227.847902,,,,,,,,,,,,,,,,,,,,,,,,,,,,,,,,,,,None,Continue,0,None,,,,,,1,6097.717224,432.371399,0.713823,11027861.328125,,,,,,,,,,,,,,1000,0,0,1,1,0.621023,,,
0,ASCENT,7,0,1,None,Holding,0,92.586186,407.818445,0,0,0,0,0.000002,1573203.614213,,,,,,,0,,,,,,,,,,,,,,,,0,0,0,,0.0399,-6362.530591,28.620268,227.931464,,,,,,,,,,,,,,,,,,,,,,,,,,,,,,,,,,,None,Continue,0,None,,,,,,1,6097.717224,432.371399,0.713823,11027861.328125,,,,,,,,,,,,,,1000,0,0,1,1,0.621044,,,
0,ASCENT,7,0,1,None,Holding,0,92.586186,407.818445,0,0,0,0,0.000002,1573203.614213,,,,,,,0,,,,,,,,,,,,,,,,0,0,0,,0.0399,-6362.530591,28.620268,228.015025,,,,,,,,,,,,,,,,,,,,,,,,,,,,,,,,,,,None,Continue,0,None,,,,,,1,6097.717224,432.371399,0.713823,11027861.328125,,,,,,,,,,,,,,1000,0,0,1,1,0.621065,,,
0,ASCENT,7,0,1,None,Holding,0,92.586186,407.818445,0,0,0,0,0.000002,1573203.614213,,,,,,,0,,,,,,,,,,,,,,,,0,0,0,,0.0399,-6362.530591,28.620268,228.098586,,,,,,,,,,,,,,,,,,,,,,,,,,,,,,,,,,,None,Continue,0,None,,,,,,1,6097.717224,432.371399,0.713823,11027861.328125,,,,,,,,,,,,,,1000,0,0,1,1,0.621085,,,
0,ASCENT,7,0,1,None,Holding,0,92.586186,407.818445,0,0,0,0,0.000002,1573203.614213,,,,,,,0,,,,,,,,,,,,,,,,0,0,0,,0.0399,-6362.530591,28.620268,228.182148,,,,,,,,,,,,,,,,,,,,,,,,,,,,,,,,,,,None,Continue,0,None,,,,,,1,6097.717224,432.371399,0.713823,11027861.328125,,,,,,,,,,,,,,1000,0,0,1,1,0.621106,,,
0,ASCENT,7,0,1,None,Holding,0,92.586186,407.818445,0,0,0,0,0.000002,1573203.614213,,,,,,,0,,,,,,,,,,,,,,,,0,0,0,,0.0399,-6362.530591,28.620268,228.265709,,,,,,,,,,,,,,,,,,,,,,,,,,,,,,,,,,,None,Continue,0,None,,,,,,1,6097.717224,432.371399,0.713823,11027861.328125,,,,,,,,,,,,,,1000,0,0,1,1,0.621127,,,
0,ASCENT,7,0,1,None,Holding,0,92.586186,407.818445,0,0,0,0,0.000002,1573203.614213,,,,,,,0,,,,,,,,,,,,,,,,0,0,0,,0.0399,-6362.530591,28.620268,228.349271,,,,,,,,,,,,,,,,,,,,,,,,,,,,,,,,,,,None,Continue,0,None,,,,,,1,6097.717224,432.371399,0.713823,11027861.328125,,,,,,,,,,,,,,1000,0,0,1,1,0.621147,,,
0,ASCENT,7,0,1,None,Holding,0,92.586186,407.818445,0,0,0,0,0.000002,1573203.614213,,,,,,,0,,,,,,,,,,,,,,,,0,0,0,,0.0399,-6362.530591,28.620268,228.432832,,,,,,,,,,,,,,,,,,,,,,,,,,,,,,,,,,,None,Continue,0,None,,,,,,1,6097.717224,432.371399,0.713823,11027861.328125,,,,,,,,,,,,,,1000,0,0,1,1,0.621168,,,
0,ASCENT,7,0,1,None,Holding,0,92.586186,407.818445,0,0,0,0,0.000002,1573203.614213,,,,,,,0,,,,,,,,,,,,,,,,0,0,0,,0.0399,-6362.530591,28.620268,228.516394,,,,,,,,,,,,,,,,,,,,,,,,,,,,,,,,,,,None,Continue,0,None,,,,,,1,6097.717224,432.371399,0.713823,11027861.328125,,,,,,,,,,,,,,1000,0,0,1,1,0.621189,,,
0,ASCENT,7,0,1,None,Holding,0,92.586186,407.818445,0,0,0,0,0.000002,1573203.614213,,,,,,,0,,,,,,,,,,,,,,,,0,0,0,,0.0399,-6362.530591,28.620268,228.599955,,,,,,,,,,,,,,,,,,,,,,,,,,,,,,,,,,,None,Continue,0,None,,,,,,1,6097.717224,432.371399,0.713823,11027861.328125,,,,,,,,,,,,,,1000,0,0,1,1,0.621209,,,
0,ASCENT,7,0,1,None,Holding,0,92.586186,407.818445,0,0,0,0,0.000002,1573203.614213,,,,,,,0,,,,,,,,,,,,,,,,0,0,0,,0.0399,-6362.530591,28.620268,228.683517,,,,,,,,,,,,,,,,,,,,,,,,,,,,,,,,,,,None,Continue,0,None,,,,,,1,6097.717224,432.371399,0.713823,11027861.328125,,,,,,,,,,,,,,1000,0,0,1,1,0.62123,,,
0,ASCENT,7,0,1,None,Holding,0,92.586186,407.818445,0,0,0,0,0.000002,1573203.614213,,,,,,,0,,,,,,,,,,,,,,,,0,0,0,,0.0399,-6362.530591,28.620268,228.767078,,,,,,,,,,,,,,,,,,,,,,,,,,,,,,,,,,,None,Continue,0,None,,,,,,1,6097.716736,432.371399,0.713823,11027861.328125,,,,,,,,,,,,,,1000,0,0,1,1,0.621251,,,
0,ASCENT,7,0,1,None,Holding,0,92.586186,407.818445,0,0,0,0,0.000002,1573203.614213,,,,,,,0,,,,,,,,,,,,,,,,0,0,0,,0.0399,-6362.530591,28.620268,228.85064,,,,,,,,,,,,,,,,,,,,,,,,,,,,,,,,,,,None,Continue,0,None,,,,,,1,6097.716736,432.371399,0.713823,11027861.328125,,,,,,,,,,,,,,1000,0,0,1,1,0.621271,,,
0,ASCENT,7,0,1,None,Holding,0,92.586186,407.818445,0,0,0,0,0.000002,1573203.614213,,,,,,,0,,,,,,,,,,,,,,,,0,0,0,,0.0399,-6362.530591,28.620268,228.934201,,,,,,,,,,,,,,,,,,,,,,,,,,,,,,,,,,,None,Continue,0,None,,,,,,1,6097.716736,432.371399,0.713823,11027861.328125,,,,,,,,,,,,,,1000,0,0,1,1,0.621292,,,
0,ASCENT,7,0,1,None,Holding,0,92.586186,407.818445,0,0,0,0,0.000002,1573203.614213,,,,,,,0,,,,,,,,,,,,,,,,0,0,0,,0.0399,-6362.530591,28.620268,229.017763,,,,,,,,,,,,,,,,,,,,,,,,,,,,,,,,,,,None,Continue,0,None,,,,,,1,6097.716736,432.371399,0.713823,11027861.328125,,,,,,,,,,,,,,1000,0,0,1,1,0.621312,,,
0,ASCENT,7,0,1,None,Holding,0,92.586186,407.818445,0,0,0,0,0.000002,1573203.614213,,,,,,,0,,,,,,,,,,,,,,,,0,0,0,,0.0399,-6362.530591,28.620268,229.101324,,,,,,,,,,,,,,,,,,,,,,,,,,,,,,,,,,,None,Continue,0,None,,,,,,1,6097.716736,432.371399,0.713823,11027861.328125,,,,,,,,,,,,,,1000,0,0,1,1,0.621333,,,
0,ASCENT,7,0,1,None,Holding,0,92.586186,407.818445,0,0,0,0,0.000002,1573203.614213,,,,,,,0,,,,,,,,,,,,,,,,0,0,0,,0.0399,-6362.530591,28.620268,229.184886,,,,,,,,,,,,,,,,,,,,,,,,,,,,,,,,,,,None,Continue,0,None,,,,,,1,6097.716736,432.371399,0.713823,11027861.328125,,,,,,,,,,,,,,1000,0,0,1,1,0.621354,,,
0,ASCENT,7,0,1,None,Holding,0,92.586186,407.818445,0,0,0,0,0.000002,1573203.614213,,,,,,,0,,,,,,,,,,,,,,,,0,0,0,,0.0399,-6362.530591,28.620268,229.268447,,,,,,,,,,,,,,,,,,,,,,,,,,,,,,,,,,,None,Continue,0,None,,,,,,1,6097.716736,432.371399,0.713823,11027861.328125,,,,,,,,,,,,,,1000,0,0,1,1,0.621374,,,
0,ASCENT,7,0,1,None,Holding,0,92.586186,407.818445,0,0,0,0,0.000002,1573203.614213,,,,,,,0,,,,,,,,,,,,,,,,0,0,0,,0.0399,-6362.530591,28.620268,229.352009,,,,,,,,,,,,,,,,,,,,,,,,,,,,,,,,,,,None,Continue,0,None,,,,,,1,6097.716736,432.371399,0.713823,11027861.328125,,,,,,,,,,,,,,1000,0,0,1,1,0.621395,,,
0,ASCENT,7,0,1,None,Holding,0,92.586186,407.818445,0,0,0,0,0.000002,1573203.614213,,,,,,,0,,,,,,,,,,,,,,,,0,0,0,,0.0399,-6362.530591,28.620268,229.43557,,,,,,,,,,,,,,,,,,,,,,,,,,,,,,,,,,,None,Continue,0,None,,,,,,1,6097.716248,432.371399,0.713823,11027861.328125,,,,,,,,,,,,,,1000,0,0,1,1,0.621415,,,
0,ASCENT,7,0,1,None,Holding,0,92.586186,407.818445,0,0,0,0,0.000002,1573203.614213,,,,,,,0,,,,,,,,,,,,,,,,0,0,0,,0.0399,-6362.530591,28.620268,229.519132,,,,,,,,,,,,,,,,,,,,,,,,,,,,,,,,,,,None,Continue,0,None,,,,,,1,6097.716248,432.371399,0.713823,11027861.328125,,,,,,,,,,,,,,1000,0,0,1,1,0.621436,,,
0,ASCENT,7,0,1,None,Holding,0,92.586186,407.818445,0,0,0,0,0.000002,1573203.606583,,,,,,,0,,,,,,,,,,,,,,,,0,0,0,,0.0399,-6362.530591,28.620268,229.602693,,,,,,,,,,,,,,,,,,,,,,,,,,,,,,,,,,,None,Continue,0,None,,,,,,1,6097.716248,432.371399,0.713823,11027861.328125,,,,,,,,,,,,,,1000,0,0,1,1,0.621456,,,
0,ASCENT,7,0,1,None,Holding,0,92.586186,407.818445,0,0,0,0,0.000002,1573203.606583,,,,,,,0,,,,,,,,,,,,,,,,0,0,0,,0.0399,-6362.530591,28.620268,229.686255,,,,,,,,,,,,,,,,,,,,,,,,,,,,,,,,,,,None,Continue,0,None,,,,,,1,6097.716248,432.371399,0.713823,11027861.328125,,,,,,,,,,,,,,1000,0,0,1,1,0.621477,,,
0,ASCENT,7,0,1,None,Holding,0,92.586186,407.818445,0,0,0,0,0.000002,1573203.606583,,,,,,,0,,,,,,,,,,,,,,,,0,0,0,,0.0399,-6362.530591,28.620268,229.769816,,,,,,,,,,,,,,,,,,,,,,,,,,,,,,,,,,,None,Continue,0,None,,,,,,1,6097.716248,432.371399,0.713823,11027861.328125,,,,,,,,,,,,,,1000,0,0,1,1,0.621498,,,
0,ASCENT,7,0,1,None,Holding,0,92.586186,407.818445,0,0,0,0,0.000002,1573203.606583,,,,,,,0,,,,,,,,,,,,,,,,0,0,0,,0.0399,-6362.530591,28.620268,229.853378,,,,,,,,,,,,,,,,,,,,,,,,,,,,,,,,,,,None,Continue,0,None,,,,,,1,6097.716248,432.371399,0.713823,11027861.328125,,,,,,,,,,,,,,1000,0,0,1,1,0.621518,,,
0,ASCENT,7,0,1,None,Holding,0,92.586186,407.818445,0,0,0,0,0.000002,1573203.606583,,,,,,,0,,,,,,,,,,,,,,,,0,0,0,,0.0399,-6362.530591,28.620268,229.936939,,,,,,,,,,,,,,,,,,,,,,,,,,,,,,,,,,,None,Continue,0,None,,,,,,1,6097.716248,432.371399,0.713823,11027861.328125,,,,,,,,,,,,,,1000,0,0,1,1,0.621537,,,
0,ASCENT,7,0,1,None,Holding,0,92.586186,407.818445,0,0,0,0,0.000002,1573203.606583,,,,,,,0,,,,,,,,,,,,,,,,0,0,0,,0.0399,-6362.530591,28.620268,230.020501,,,,,,,,,,,,,,,,,,,,,,,,,,,,,,,,,,,None,Continue,0,None,,,,,,1,6097.716248,432.371399,0.713823,11027861.328125,,,,,,,,,,,,,,1000,0,0,1,1,0.621556,,,
0,ASCENT,7,0,1,None,Holding,0,92.586186,407.818445,0,0,0,0,0.000002,1573203.606583,,,,,,,0,,,,,,,,,,,,,,,,0,0,0,,0.0399,-6362.530591,28.620268,230.104062,,,,,,,,,,,,,,,,,,,,,,,,,,,,,,,,,,,None,Continue,0,None,,,,,,1,6097.716248,432.371399,0.713823,11027861.328125,,,,,,,,,,,,,,1000,0,0,1,1,0.621577,,,
0,ASCENT,7,0,1,None,Holding,0,92.586186,407.818445,0,0,0,0,0.000002,1573203.606583,,,,,,,0,,,,,,,,,,,,,,,,0,0,0,,0.0399,-6362.530591,28.620268,230.187624,,,,,,,,,,,,,,,,,,,,,,,,,,,,,,,,,,,None,Continue,0,None,,,,,,1,6097.716248,432.371399,0.713823,11027861.328125,,,,,,,,,,,,,,1000,0,0,1,1,0.621597,,,
0,ASCENT,7,0,1,None,Holding,0,92.586186,407.818445,0,0,0,0,0.000002,1573203.606583,,,,,,,0,,,,,,,,,,,,,,,,0,0,0,,0.0399,-6362.530591,28.620268,230.271185,,,,,,,,,,,,,,,,,,,,,,,,,,,,,,,,,,,None,Continue,0,None,,,,,,1,6097.716248,432.371399,0.713823,11027861.328125,,,,,,,,,,,,,,1000,0,0,1,1,0.621618,,,
0,ASCENT,7,0,1,None,Holding,0,92.586186,407.818445,0,0,0,0,0.000002,1573203.606583,,,,,,,0,,,,,,,,,,,,,,,,0,0,0,,0.0399,-6362.530591,28.620268,230.354747,,,,,,,,,,,,,,,,,,,,,,,,,,,,,,,,,,,None,Continue,0,None,,,,,,1,6097.716248,432.371399,0.713823,11027861.328125,,,,,,,,,,,,,,1000,0,0,1,1,0.621638,,,
0,ASCENT,7,0,1,None,Holding,0,92.586186,407.818445,0,0,0,0,0.000002,1573203.606583,,,,,,,0,,,,,,,,,,,,,,,,0,0,0,,0.0399,-6362.530591,28.620268,230.438308,,,,,,,,,,,,,,,,,,,,,,,,,,,,,,,,,,,None,Continue,0,None,,,,,,1,6097.716248,432.371399,0.713823,11027861.328125,,,,,,,,,,,,,,1000,0,0,1,1,0.621659,,,
0,ASCENT,7,0,1,None,Holding,0,92.586186,407.818445,0,0,0,0,0.000002,1573203.606583,,,,,,,0,,,,,,,,,,,,,,,,0,0,0,,0.0399,-6362.530591,28.620268,230.52187,,,,,,,,,,,,,,,,,,,,,,,,,,,,,,,,,,,None,Continue,0,None,,,,,,1,6097.716248,432.371399,0.713823,11027861.328125,,,,,,,,,,,,,,1000,0,0,1,1,0.621679,,,
0,ASCENT,7,0,1,None,Holding,0,92.586186,407.818445,0,0,0,0,0.000002,1573203.606583,,,,,,,0,,,,,,,,,,,,,,,,0,0,0,,0.0399,-6362.530591,28.620268,230.605431,,,,,,,,,,,,,,,,,,,,,,,,,,,,,,,,,,,None,Continue,0,None,,,,,,1,6097.716248,432.371399,0.713823,11027861.328125,,,,,,,,,,,,,,1000,0,0,1,1,0.6217,,,
0,ASCENT,7,0,1,None,Holding,0,92.586186,407.818445,0,0,0,0,0.000002,1573203.606583,,,,,,,0,,,,,,,,,,,,,,,,0,0,0,,0.0399,-6362.530591,28.620268,230.688993,,,,,,,,,,,,,,,,,,,,,,,,,,,,,,,,,,,None,Continue,0,None,,,,,,1,6097.716248,432.371399,0.713823,11027861.328125,,,,,,,,,,,,,,1000,0,0,1,1,0.62172,,,
0,ASCENT,7,0,1,None,Holding,0,92.586186,407.818445,0,0,0,0,0.000002,1573203.606583,,,,,,,0,,,,,,,,,,,,,,,,0,0,0,,0.0399,-6362.530591,28.620268,230.772554,,,,,,,,,,,,,,,,,,,,,,,,,,,,,,,,,,,None,Continue,0,None,,,,,,1,6097.716248,432.371399,0.713823,11027861.328125,,,,,,,,,,,,,,1000,0,0,1,1,0.621741,,,
0,ASCENT,7,0,1,None,Holding,0,92.586186,407.818445,0,0,0,0,0.000002,1573203.606583,,,,,,,0,,,,,,,,,,,,,,,,0,0,0,,0.0399,-6362.530591,28.620268,230.856116,,,,,,,,,,,,,,,,,,,,,,,,,,,,,,,,,,,None,Continue,0,None,,,,,,1,6097.716248,432.371399,0.713823,11027861.328125,,,,,,,,,,,,,,1000,0,0,1,1,0.621761,,,
0,ASCENT,7,0,1,None,Holding,0,92.586186,407.818445,0,0,0,0,0.000002,1573203.606583,,,,,,,0,,,,,,,,,,,,,,,,0,0,0,,0.0399,-6362.530591,28.620268,230.939677,,,,,,,,,,,,,,,,,,,,,,,,,,,,,,,,,,,None,Continue,0,None,,,,,,1,6097.716248,432.371399,0.713823,11027861.328125,,,,,,,,,,,,,,1000,0,0,1,1,0.621782,,,
0,ASCENT,7,0,1,None,Holding,0,92.586186,407.818445,0,0,0,0,0.000002,1573203.606583,,,,,,,0,,,,,,,,,,,,,,,,0,0,0,,0.0399,-6362.530591,28.620268,231.023239,,,,,,,,,,,,,,,,,,,,,,,,,,,,,,,,,,,None,Continue,0,None,,,,,,1,6097.716248,432.371399,0.713823,11027861.328125,,,,,,,,,,,,,,1000,0,0,1,1,0.621802,,,
0,ASCENT,7,0,1,None,Holding,0,92.586186,407.818445,0,0,0,0,0.000002,1573203.606583,,,,,,,0,,,,,,,,,,,,,,,,0,0,0,,0.0399,-6362.530591,28.620268,231.1068,,,,,,,,,,,,,,,,,,,,,,,,,,,,,,,,,,,None,Continue,0,None,,,,,,1,6097.716248,432.371399,0.713823,11027861.328125,,,,,,,,,,,,,,1000,0,0,1,1,0.621822,,,
0,ASCENT,7,0,1,None,Holding,0,92.586186,407.818445,0,0,0,0,0.000002,1573203.606583,,,,,,,0,,,,,,,,,,,,,,,,0,0,0,,0.0399,-6362.530591,28.620268,231.190362,,,,,,,,,,,,,,,,,,,,,,,,,,,,,,,,,,,None,Continue,0,None,,,,,,1,6097.716248,432.371399,0.713823,11027861.328125,,,,,,,,,,,,,,1000,0,0,1,1,0.621843,,,
0,ASCENT,7,0,1,None,Holding,0,92.586186,407.818445,0,0,0,0,0.000002,1573203.606583,,,,,,,0,,,,,,,,,,,,,,,,0,0,0,,0.0399,-6362.530591,28.620268,231.273923,,,,,,,,,,,,,,,,,,,,,,,,,,,,,,,,,,,None,Continue,0,None,,,,,,1,6097.716248,432.371399,0.713823,11027861.328125,,,,,,,,,,,,,,1000,0,0,1,1,0.621863,,,
0,ASCENT,7,0,1,None,Holding,0,92.586186,407.818445,0,0,0,0,0.000002,1573203.606583,,,,,,,0,,,,,,,,,,,,,,,,0,0,0,,0.0399,-6362.530591,28.620268,231.357485,,,,,,,,,,,,,,,,,,,,,,,,,,,,,,,,,,,None,Continue,0,None,,,,,,1,6097.716248,432.371399,0.713823,11027861.328125,,,,,,,,,,,,,,1000,0,0,1,1,0.621883,,,
0,ASCENT,7,0,1,None,Holding,0,92.586186,407.818445,0,0,0,0,0.000002,1573203.576066,,,,,,,0,,,,,,,,,,,,,,,,0,0,0,,0.0399,-6362.530591,28.620268,231.441046,,,,,,,,,,,,,,,,,,,,,,,,,,,,,,,,,,,None,Continue,0,None,,,,,,1,6097.716248,432.371399,0.713823,11027861.328125,,,,,,,,,,,,,,1000,0,0,1,1,0.621904,,,
0,ASCENT,7,0,1,None,Holding,0,92.586186,407.818445,0,0,0,0,0.000002,1573203.576066,,,,,,,0,,,,,,,,,,,,,,,,0,0,0,,0.0399,-6362.530591,28.620268,231.524608,,,,,,,,,,,,,,,,,,,,,,,,,,,,,,,,,,,None,Continue,0,None,,,,,,1,6097.715759,432.371399,0.713823,11027861.328125,,,,,,,,,,,,,,1000,0,0,1,1,0.621924,,,
0,ASCENT,7,0,1,None,Holding,0,92.586186,407.818445,0,0,0,0,0.000002,1573203.568436,,,,,,,0,,,,,,,,,,,,,,,,0,0,0,,0.0399,-6362.530591,28.620268,231.608169,,,,,,,,,,,,,,,,,,,,,,,,,,,,,,,,,,,None,Continue,0,None,,,,,,1,6097.715759,432.371399,0.713823,11027861.328125,,,,,,,,,,,,,,1000,0,0,1,1,0.621944,,,
0,ASCENT,7,0,1,None,Holding,0,92.586186,407.818445,0,0,0,0,0.000002,1573203.568436,,,,,,,0,,,,,,,,,,,,,,,,0,0,0,,0.0399,-6362.530591,28.620268,231.691731,,,,,,,,,,,,,,,,,,,,,,,,,,,,,,,,,,,None,Continue,0,None,,,,,,1,6097.715759,432.371399,0.713823,11027861.328125,,,,,,,,,,,,,,1000,0,0,1,1,0.621964,,,
0,ASCENT,7,0,1,None,Holding,0,92.586186,407.818445,0,0,0,0,0.000002,1573203.568436,,,,,,,0,,,,,,,,,,,,,,,,0,0,0,,0.0399,-6362.530591,28.620268,231.775292,,,,,,,,,,,,,,,,,,,,,,,,,,,,,,,,,,,None,Continue,0,None,,,,,,1,6097.715759,432.371399,0.713823,11027861.328125,,,,,,,,,,,,,,1000,0,0,1,1,0.621984,,,
0,ASCENT,7,0,1,None,Holding,0,92.586186,407.818445,0,0,0,0,0.000002,1573203.568436,,,,,,,0,,,,,,,,,,,,,,,,0,0,0,,0.0399,-6362.530591,28.620268,231.858854,,,,,,,,,,,,,,,,,,,,,,,,,,,,,,,,,,,None,Continue,0,None,,,,,,1,6097.715759,432.371399,0.713823,11027861.328125,,,,,,,,,,,,,,1000,0,0,1,1,0.622005,,,
0,ASCENT,7,0,1,None,Holding,0,92.586186,407.818445,0,0,0,0,0.000002,1573203.568436,,,,,,,0,,,,,,,,,,,,,,,,0,0,0,,0.0399,-6362.530591,28.620268,231.942415,,,,,,,,,,,,,,,,,,,,,,,,,,,,,,,,,,,None,Continue,0,None,,,,,,1,6097.715759,432.371399,0.713823,11027861.328125,,,,,,,,,,,,,,1000,0,0,1,1,0.622025,,,
0,ASCENT,7,0,1,None,Holding,0,92.586186,407.818445,0,0,0,0,0.000002,1573203.568436,,,,,,,0,,,,,,,,,,,,,,,,0,0,0,,0.0399,-6362.530591,28.620268,232.025977,,,,,,,,,,,,,,,,,,,,,,,,,,,,,,,,,,,None,Continue,0,None,,,,,,1,6097.715759,432.371399,0.713823,11027861.328125,,,,,,,,,,,,,,1000,0,0,1,1,0.622045,,,
0,ASCENT,7,0,1,None,Holding,0,92.586186,407.818445,0,0,0,0,0.000002,1573203.568436,,,,,,,0,,,,,,,,,,,,,,,,0,0,0,,0.0399,-6362.530591,28.620268,232.109538,,,,,,,,,,,,,,,,,,,,,,,,,,,,,,,,,,,None,Continue,0,None,,,,,,1,6097.715759,432.371399,0.713823,11027861.328125,,,,,,,,,,,,,,1000,0,0,1,1,0.622065,,,
0,ASCENT,7,0,1,None,Holding,0,92.586186,407.818445,0,0,0,0,0.000002,1573203.568436,,,,,,,0,,,,,,,,,,,,,,,,0,0,0,,0.0399,-6362.530591,28.620268,232.1931,,,,,,,,,,,,,,,,,,,,,,,,,,,,,,,,,,,None,Continue,0,None,,,,,,1,6097.715271,432.371399,0.713823,11027861.328125,,,,,,,,,,,,,,1000,0,0,1,1,0.622085,,,
0,ASCENT,7,0,1,None,Holding,0,92.586186,407.818445,0,0,0,0,0.000002,1573203.568436,,,,,,,0,,,,,,,,,,,,,,,,0,0,0,,0.0399,-6362.530591,28.620268,232.276661,,,,,,,,,,,,,,,,,,,,,,,,,,,,,,,,,,,None,Continue,0,None,,,,,,1,6097.715271,432.371399,0.713823,11027861.328125,,,,,,,,,,,,,,1000,0,0,1,1,0.622105,,,
0,ASCENT,7,0,1,None,Holding,0,92.586186,407.818445,0,0,0,0,0.000002,1573203.568436,,,,,,,0,,,,,,,,,,,,,,,,0,0,0,,0.0399,-6362.530591,28.620268,232.360223,,,,,,,,,,,,,,,,,,,,,,,,,,,,,,,,,,,None,Continue,0,None,,,,,,1,6097.715271,432.371399,0.713823,11027861.328125,,,,,,,,,,,,,,1000,0,0,1,1,0.622125,,,
0,ASCENT,7,0,1,None,Holding,0,92.586186,407.818445,0,0,0,0,0.000002,1573203.568436,,,,,,,0,,,,,,,,,,,,,,,,0,0,0,,0.0399,-6362.530591,28.620268,232.443784,,,,,,,,,,,,,,,,,,,,,,,,,,,,,,,,,,,None,Continue,0,None,,,,,,1,6097.715271,432.371399,0.713823,11027861.328125,,,,,,,,,,,,,,1000,0,0,1,1,0.622146,,,
0,ASCENT,7,0,1,None,Holding,0,92.586186,407.818445,0,0,0,0,0.000002,1573203.568436,,,,,,,0,,,,,,,,,,,,,,,,0,0,0,,0.0399,-6362.530591,28.620268,232.527346,,,,,,,,,,,,,,,,,,,,,,,,,,,,,,,,,,,None,Continue,0,None,,,,,,1,6097.715271,432.371399,0.713823,11027861.328125,,,,,,,,,,,,,,1000,0,0,1,1,0.622166,,,
0,ASCENT,7,0,1,None,Holding,0,92.586186,407.818445,0,0,0,0,0.000002,1573203.568436,,,,,,,0,,,,,,,,,,,,,,,,0,0,0,,0.0399,-6362.530591,28.620268,232.610907,,,,,,,,,,,,,,,,,,,,,,,,,,,,,,,,,,,None,Continue,0,None,,,,,,1,6097.715271,432.371399,0.713823,11027861.328125,,,,,,,,,,,,,,1000,0,0,1,1,0.622186,,,
0,ASCENT,7,0,1,None,Holding,0,92.586186,407.818445,0,0,0,0,0.000002,1573203.568436,,,,,,,0,,,,,,,,,,,,,,,,0,0,0,,0.0399,-6362.530591,28.620268,232.694469,,,,,,,,,,,,,,,,,,,,,,,,,,,,,,,,,,,None,Continue,0,None,,,,,,1,6097.715271,432.371399,0.713823,11027861.328125,,,,,,,,,,,,,,1000,0,0,1,1,0.622206,,,
0,ASCENT,7,0,1,None,Holding,0,92.586186,407.818445,0,0,0,0,0.000002,1573203.568436,,,,,,,0,,,,,,,,,,,,,,,,0,0,0,,0.0399,-6362.530591,28.620268,232.77803,,,,,,,,,,,,,,,,,,,,,,,,,,,,,,,,,,,None,Continue,0,None,,,,,,1,6097.715271,432.371399,0.713823,11027861.328125,,,,,,,,,,,,,,1000,0,0,1,1,0.622226,,,
0,ASCENT,7,0,1,None,Holding,0,92.586186,407.818445,0,0,0,0,0.000002,1573203.568436,,,,,,,0,,,,,,,,,,,,,,,,0,0,0,,0.0399,-6362.530591,28.620268,232.861592,,,,,,,,,,,,,,,,,,,,,,,,,,,,,,,,,,,None,Continue,0,None,,,,,,1,6097.715271,432.371399,0.713823,11027861.328125,,,,,,,,,,,,,,1000,0,0,1,1,0.622246,,,
0,ASCENT,7,0,1,None,Holding,0,92.586186,407.818445,0,0,0,0,0.000002,1573203.568436,,,,,,,0,,,,,,,,,,,,,,,,0,0,0,,0.0399,-6362.530591,28.620268,232.945153,,,,,,,,,,,,,,,,,,,,,,,,,,,,,,,,,,,None,Continue,0,None,,,,,,1,6097.715271,432.371399,0.713823,11027861.328125,,,,,,,,,,,,,,1000,0,0,1,1,0.622266,,,
0,ASCENT,7,0,1,None,Holding,0,92.586186,407.818445,0,0,0,0,0.000002,1573203.568436,,,,,,,0,,,,,,,,,,,,,,,,0,0,0,,0.0399,-6362.530591,28.620268,233.028715,,,,,,,,,,,,,,,,,,,,,,,,,,,,,,,,,,,None,Continue,0,None,,,,,,1,6097.715271,432.371399,0.713823,11027861.328125,,,,,,,,,,,,,,1000,0,0,1,1,0.622286,,,
0,ASCENT,7,0,1,None,Holding,0,92.586186,407.818445,0,0,0,0,0.000002,1573203.568436,,,,,,,0,,,,,,,,,,,,,,,,0,0,0,,0.0399,-6362.530591,28.620268,233.112276,,,,,,,,,,,,,,,,,,,,,,,,,,,,,,,,,,,None,Continue,0,None,,,,,,1,6097.715271,432.371399,0.713823,11027861.328125,,,,,,,,,,,,,,1000,0,0,1,1,0.622305,,,
0,ASCENT,7,0,1,None,Holding,0,92.586186,407.818445,0,0,0,0,0.000002,1573203.568436,,,,,,,0,,,,,,,,,,,,,,,,0,0,0,,0.0399,-6362.530591,28.620268,233.195838,,,,,,,,,,,,,,,,,,,,,,,,,,,,,,,,,,,None,Continue,0,None,,,,,,1,6097.715271,432.371399,0.713823,11027861.328125,,,,,,,,,,,,,,1000,0,0,1,1,0.622325,,,
0,ASCENT,7,0,1,None,Holding,0,92.586186,407.818445,0,0,0,0,0.000002,1573203.560807,,,,,,,0,,,,,,,,,,,,,,,,0,0,0,,0.0399,-6362.530591,28.620268,233.279399,,,,,,,,,,,,,,,,,,,,,,,,,,,,,,,,,,,None,Continue,0,None,,,,,,1,6097.715271,432.371399,0.713823,11027861.328125,,,,,,,,,,,,,,1000,0,0,1,1,0.622345,,,
0,ASCENT,7,0,1,None,Holding,0,92.586186,407.818445,0,0,0,0,0.000002,1573203.560807,,,,,,,0,,,,,,,,,,,,,,,,0,0,0,,0.0399,-6362.530591,28.620268,233.362961,,,,,,,,,,,,,,,,,,,,,,,,,,,,,,,,,,,None,Continue,0,None,,,,,,1,6097.715271,432.371399,0.713823,11027861.328125,,,,,,,,,,,,,,1000,0,0,1,1,0.622365,,,
0,ASCENT,7,0,1,None,Holding,0,92.586186,407.818445,0,0,0,0,0.000002,1573203.560807,,,,,,,0,,,,,,,,,,,,,,,,0,0,0,,0.0399,-6362.530591,28.620268,233.446522,,,,,,,,,,,,,,,,,,,,,,,,,,,,,,,,,,,None,Continue,0,None,,,,,,1,6097.715271,432.371399,0.713823,11027861.328125,,,,,,,,,,,,,,1000,0,0,1,1,0.622385,,,
0,ASCENT,7,0,1,None,Holding,0,92.586186,407.818445,0,0,0,0,0.000002,1573203.560807,,,,,,,0,,,,,,,,,,,,,,,,0,0,0,,0.0399,-6362.530591,28.620268,233.530083,,,,,,,,,,,,,,,,,,,,,,,,,,,,,,,,,,,None,Continue,0,None,,,,,,1,6097.714722,432.371399,0.713823,11027861.328125,,,,,,,,,,,,,,1000,0,0,1,1,0.622405,,,
0,ASCENT,7,0,1,None,Holding,0,92.586186,407.818445,0,0,0,0,0.000002,1573203.560807,,,,,,,0,,,,,,,,,,,,,,,,0,0,0,,0.0399,-6362.530591,28.620268,233.613645,,,,,,,,,,,,,,,,,,,,,,,,,,,,,,,,,,,None,Continue,0,None,,,,,,1,6097.714722,432.371399,0.713823,11027861.328125,,,,,,,,,,,,,,1000,0,0,1,1,0.622425,,,
0,ASCENT,7,0,1,None,Holding,0,92.586186,407.818445,0,0,0,0,0.000002,1573203.560807,,,,,,,0,,,,,,,,,,,,,,,,0,0,0,,0.0399,-6362.530591,28.620268,233.697206,,,,,,,,,,,,,,,,,,,,,,,,,,,,,,,,,,,None,Continue,0,None,,,,,,1,6097.714722,432.371399,0.713823,11027861.328125,,,,,,,,,,,,,,1000,0,0,1,1,0.622444,,,
0,ASCENT,7,0,1,None,Holding,0,92.586186,407.818445,0,0,0,0,0.000002,1573203.560807,,,,,,,0,,,,,,,,,,,,,,,,0,0,0,,0.0399,-6362.530591,28.620268,233.780768,,,,,,,,,,,,,,,,,,,,,,,,,,,,,,,,,,,None,Continue,0,None,,,,,,1,6097.714722,432.371399,0.713823,11027861.328125,,,,,,,,,,,,,,1000,0,0,1,1,0.622464,,,
0,ASCENT,7,0,1,None,Holding,0,92.586186,407.818445,0,0,0,0,0.000002,1573203.560807,,,,,,,0,,,,,,,,,,,,,,,,0,0,0,,0.0399,-6362.530591,28.620268,233.864329,,,,,,,,,,,,,,,,,,,,,,,,,,,,,,,,,,,None,Continue,0,None,,,,,,1,6097.714722,432.371399,0.713823,11027861.328125,,,,,,,,,,,,,,1000,0,0,1,1,0.622482,,,
0,ASCENT,7,0,1,None,Holding,0,92.586186,407.818445,0,0,0,0,0.000002,1573203.560807,,,,,,,0,,,,,,,,,,,,,,,,0,0,0,,0.0399,-6362.530591,28.620268,233.947891,,,,,,,,,,,,,,,,,,,,,,,,,,,,,,,,,,,None,Continue,0,None,,,,,,1,6097.714722,432.371399,0.713823,11027861.328125,,,,,,,,,,,,,,1000,0,0,1,1,0.622501,,,
0,ASCENT,7,0,1,None,Holding,0,92.586186,407.818445,0,0,0,0,0.000002,1573203.560807,,,,,,,0,,,,,,,,,,,,,,,,0,0,0,,0.0399,-6362.530591,28.620268,234.031452,,,,,,,,,,,,,,,,,,,,,,,,,,,,,,,,,,,None,Continue,0,None,,,,,,1,6097.714722,432.371399,0.713823,11027861.328125,,,,,,,,,,,,,,1000,0,0,1,1,0.622521,,,
0,ASCENT,7,0,1,None,Holding,0,92.586186,407.818445,0,0,0,0,0.000002,1573203.560807,,,,,,,0,,,,,,,,,,,,,,,,0,0,0,,0.0399,-6362.530591,28.620268,234.115014,,,,,,,,,,,,,,,,,,,,,,,,,,,,,,,,,,,None,Continue,0,None,,,,,,1,6097.714722,432.371399,0.713823,11027861.328125,,,,,,,,,,,,,,1000,0,0,1,1,0.622541,,,
0,ASCENT,7,0,1,None,Holding,0,92.586186,407.818445,0,0,0,0,0.000002,1573203.560807,,,,,,,0,,,,,,,,,,,,,,,,0,0,0,,0.0399,-6362.530591,28.620268,234.198575,,,,,,,,,,,,,,,,,,,,,,,,,,,,,,,,,,,None,Continue,0,None,,,,,,1,6097.714722,432.371399,0.713823,11027861.328125,,,,,,,,,,,,,,1000,0,0,1,1,0.622561,,,
0,ASCENT,7,0,1,None,Holding,0,92.586186,407.818445,0,0,0,0,0.000002,1573203.560807,,,,,,,0,,,,,,,,,,,,,,,,0,0,0,,0.0399,-6362.530591,28.620268,234.282137,,,,,,,,,,,,,,,,,,,,,,,,,,,,,,,,,,,None,Continue,0,None,,,,,,1,6097.714722,432.371399,0.713823,11027861.328125,,,,,,,,,,,,,,1000,0,0,1,1,0.62258,,,
0,ASCENT,7,0,1,None,Holding,0,92.586186,407.818445,0,0,0,0,0.000002,1573203.560807,,,,,,,0,,,,,,,,,,,,,,,,0,0,0,,0.0399,-6362.530591,28.620268,234.365698,,,,,,,,,,,,,,,,,,,,,,,,,,,,,,,,,,,None,Continue,0,None,,,,,,1,6097.714722,432.371399,0.713823,11027861.328125,,,,,,,,,,,,,,1000,0,0,1,1,0.6226,,,
0,ASCENT,7,0,1,None,Holding,0,92.586186,407.818445,0,0,0,0,0.000002,1573203.560807,,,,,,,0,,,,,,,,,,,,,,,,0,0,0,,0.0399,-6362.530591,28.620268,234.44926,,,,,,,,,,,,,,,,,,,,,,,,,,,,,,,,,,,None,Continue,0,None,,,,,,1,6097.714722,432.371399,0.713823,11027861.328125,,,,,,,,,,,,,,1000,0,0,1,1,0.62262,,,
0,ASCENT,7,0,1,None,Holding,0,92.586186,407.818445,0,0,0,0,0.000002,1573203.560807,,,,,,,0,,,,,,,,,,,,,,,,0,0,0,,0.0399,-6362.530591,28.620268,234.532821,,,,,,,,,,,,,,,,,,,,,,,,,,,,,,,,,,,None,Continue,0,None,,,,,,1,6097.714722,432.371399,0.713823,11027861.328125,,,,,,,,,,,,,,1000,0,0,1,1,0.62264,,,
0,ASCENT,7,0,1,None,Holding,0,92.586186,407.818445,0,0,0,0,0.000002,1573203.560807,,,,,,,0,,,,,,,,,,,,,,,,0,0,0,,0.0399,-6362.530591,28.620268,234.616383,,,,,,,,,,,,,,,,,,,,,,,,,,,,,,,,,,,None,Continue,0,None,,,,,,1,6097.714722,432.371399,0.713823,11027861.328125,,,,,,,,,,,,,,1000,0,0,1,1,0.622659,,,
0,ASCENT,7,0,1,None,Holding,0,92.586186,407.818445,0,0,0,0,0.000002,1573203.560807,,,,,,,0,,,,,,,,,,,,,,,,0,0,0,,0.0399,-6362.530591,28.620268,234.699944,,,,,,,,,,,,,,,,,,,,,,,,,,,,,,,,,,,None,Continue,0,None,,,,,,1,6097.714722,432.371399,0.713823,11027861.328125,,,,,,,,,,,,,,1000,0,0,1,1,0.622679,,,
0,ASCENT,7,0,1,None,Holding,0,92.586186,407.818445,0,0,0,0,0.000002,1573203.560807,,,,,,,0,,,,,,,,,,,,,,,,0,0,0,,0.0399,-6362.530591,28.620268,234.783506,,,,,,,,,,,,,,,,,,,,,,,,,,,,,,,,,,,None,Continue,0,None,,,,,,1,6097.714722,432.371399,0.713823,11027861.328125,,,,,,,,,,,,,,1000,0,0,1,1,0.622699,,,
0,ASCENT,7,0,1,None,Holding,0,92.586186,407.818445,0,0,0,0,0.000002,1573203.560807,,,,,,,0,,,,,,,,,,,,,,,,0,0,0,,0.0399,-6362.530591,28.620268,234.867067,,,,,,,,,,,,,,,,,,,,,,,,,,,,,,,,,,,None,Continue,0,None,,,,,,1,6097.714722,432.371399,0.713823,11027861.328125,,,,,,,,,,,,,,1000,0,0,1,1,0.622718,,,
0,ASCENT,7,0,1,None,Holding,0,92.586186,407.818445,0,0,0,0,0.000002,1573203.553177,,,,,,,0,,,,,,,,,,,,,,,,0,0,0,,0.0399,-6362.530591,28.620268,234.950629,,,,,,,,,,,,,,,,,,,,,,,,,,,,,,,,,,,None,Continue,0,None,,,,,,1,6097.714722,432.371399,0.713823,11027861.328125,,,,,,,,,,,,,,1000,0,0,1,1,0.622738,,,
0,ASCENT,7,0,1,None,Holding,0,92.586186,407.818445,0,0,0,0,0.000002,1573203.553177,,,,,,,0,,,,,,,,,,,,,,,,0,0,0,,0.0399,-6362.530591,28.620268,235.03419,,,,,,,,,,,,,,,,,,,,,,,,,,,,,,,,,,,None,Continue,0,None,,,,,,1,6097.714722,432.371399,0.713823,11027861.328125,,,,,,,,,,,,,,1000,0,0,1,1,0.622757,,,
0,ASCENT,7,0,1,None,Holding,0,92.586186,407.818445,0,0,0,0,0.000002,1573203.553177,,,,,,,0,,,,,,,,,,,,,,,,0,0,0,,0.0399,-6362.530591,28.620268,235.117752,,,,,,,,,,,,,,,,,,,,,,,,,,,,,,,,,,,None,Continue,0,None,,,,,,1,6097.714722,432.371399,0.713823,11027861.328125,,,,,,,,,,,,,,1000,0,0,1,1,0.622777,,,
0,ASCENT,7,0,1,None,Holding,0,92.586186,407.818445,0,0,0,0,0.000002,1573203.553177,,,,,,,0,,,,,,,,,,,,,,,,0,0,0,,0.0399,-6362.530591,28.620268,235.201313,,,,,,,,,,,,,,,,,,,,,,,,,,,,,,,,,,,None,Continue,0,None,,,,,,1,6097.714722,432.371399,0.713823,11027861.328125,,,,,,,,,,,,,,1000,0,0,1,1,0.622796,,,
0,ASCENT,7,0,1,None,Holding,0,92.586186,407.818445,0,0,0,0,0.000002,1573203.553177,,,,,,,0,,,,,,,,,,,,,,,,0,0,0,,0.0399,-6362.530591,28.620268,235.284875,,,,,,,,,,,,,,,,,,,,,,,,,,,,,,,,,,,None,Continue,0,None,,,,,,1,6097.714722,432.371399,0.713823,11027861.328125,,,,,,,,,,,,,,1000,0,0,1,1,0.622816,,,
0,ASCENT,7,0,1,None,Holding,0,92.586186,407.818445,0,0,0,0,0.000002,1573203.553177,,,,,,,0,,,,,,,,,,,,,,,,0,0,0,,0.0399,-6362.530591,28.620268,235.368436,,,,,,,,,,,,,,,,,,,,,,,,,,,,,,,,,,,None,Continue,0,None,,,,,,1,6097.714722,432.371399,0.713823,11027861.328125,,,,,,,,,,,,,,1000,0,0,1,1,0.622835,,,
0,ASCENT,7,0,1,None,Holding,0,92.586186,407.818445,0,0,0,0,0.000002,1573203.553177,,,,,,,0,,,,,,,,,,,,,,,,0,0,0,,0.0399,-6362.530591,28.620268,235.451998,,,,,,,,,,,,,,,,,,,,,,,,,,,,,,,,,,,None,Continue,0,None,,,,,,1,6097.714722,432.371399,0.713823,11027861.328125,,,,,,,,,,,,,,1000,0,0,1,1,0.622855,,,
0,ASCENT,7,0,1,None,Holding,0,92.586186,407.818445,0,0,0,0,0.000002,1573203.553177,,,,,,,0,,,,,,,,,,,,,,,,0,0,0,,0.0399,-6362.530591,28.620268,235.535559,,,,,,,,,,,,,,,,,,,,,,,,,,,,,,,,,,,None,Continue,0,None,,,,,,1,6097.714722,432.371399,0.713823,11027861.328125,,,,,,,,,,,,,,1000,0,0,1,1,0.622874,,,
0,ASCENT,7,0,1,None,Holding,0,92.586186,407.818445,0,0,0,0,0.000002,1573203.52266,,,,,,,0,,,,,,,,,,,,,,,,0,0,0,,0.0399,-6362.530591,28.620268,235.619121,,,,,,,,,,,,,,,,,,,,,,,,,,,,,,,,,,,None,Continue,0,None,,,,,,1,6097.714233,432.371399,0.713823,11027861.328125,,,,,,,,,,,,,,1000,0,0,1,1,0.622894,,,
0,ASCENT,7,0,1,None,Holding,0,92.586186,407.818445,0,0,0,0,0.000002,1573203.52266,,,,,,,0,,,,,,,,,,,,,,,,0,0,0,,0.0399,-6362.530591,28.620268,235.702682,,,,,,,,,,,,,,,,,,,,,,,,,,,,,,,,,,,None,Continue,0,None,,,,,,1,6097.714233,432.371399,0.713823,11027861.328125,,,,,,,,,,,,,,1000,0,0,1,1,0.622913,,,
0,ASCENT,7,0,1,None,Holding,0,92.586186,407.818445,0,0,0,0,0.000002,1573203.52266,,,,,,,0,,,,,,,,,,,,,,,,0,0,0,,0.0399,-6362.530591,28.620268,235.786244,,,,,,,,,,,,,,,,,,,,,,,,,,,,,,,,,,,None,Continue,0,None,,,,,,1,6097.714233,432.371399,0.713823,11027861.328125,,,,,,,,,,,,,,1000,0,0,1,1,0.622932,,,
0,ASCENT,7,0,1,None,Holding,0,92.586186,407.818445,0,0,0,0,0.000002,1573203.52266,,,,,,,0,,,,,,,,,,,,,,,,0,0,0,,0.0399,-6362.530591,28.620268,235.869805,,,,,,,,,,,,,,,,,,,,,,,,,,,,,,,,,,,None,Continue,0,None,,,,,,1,6097.714233,432.371399,0.713823,11027861.328125,,,,,,,,,,,,,,1000,0,0,1,1,0.622952,,,
0,ASCENT,7,0,1,None,Holding,0,92.586186,407.818445,0,0,0,0,0.000002,1573203.52266,,,,,,,0,,,,,,,,,,,,,,,,0,0,0,,0.0399,-6362.530591,28.620268,235.953367,,,,,,,,,,,,,,,,,,,,,,,,,,,,,,,,,,,None,Continue,0,None,,,,,,1,6097.714233,432.371399,0.713823,11027861.328125,,,,,,,,,,,,,,1000,0,0,1,1,0.622971,,,
0,ASCENT,7,0,1,None,Holding,0,92.586186,407.818445,0,0,0,0,0.000002,1573203.52266,,,,,,,0,,,,,,,,,,,,,,,,0,0,0,,0.0399,-6362.530591,28.620268,236.036928,,,,,,,,,,,,,,,,,,,,,,,,,,,,,,,,,,,None,Continue,0,None,,,,,,1,6097.714233,432.371399,0.713823,11027861.328125,,,,,,,,,,,,,,1000,0,0,1,1,0.62299,,,
0,ASCENT,7,0,1,None,Holding,0,92.586186,407.818445,0,0,0,0,0.000002,1573203.52266,,,,,,,0,,,,,,,,,,,,,,,,0,0,0,,0.0399,-6362.530591,28.620268,236.12049,,,,,,,,,,,,,,,,,,,,,,,,,,,,,,,,,,,None,Continue,0,None,,,,,,1,6097.714233,432.371399,0.713823,11027861.328125,,,,,,,,,,,,,,1000,0,0,1,1,0.62301,,,
0,ASCENT,7,0,1,None,Holding,0,92.586186,407.818445,0,0,0,0,0.000002,1573203.52266,,,,,,,0,,,,,,,,,,,,,,,,0,0,0,,0.0399,-6362.530591,28.620268,236.204051,,,,,,,,,,,,,,,,,,,,,,,,,,,,,,,,,,,None,Continue,0,None,,,,,,1,6097.714233,432.371399,0.713823,11027861.328125,,,,,,,,,,,,,,1000,0,0,1,1,0.623029,,,
0,ASCENT,7,0,1,None,Holding,0,92.586186,407.818445,0,0,0,0,0.000002,1573203.52266,,,,,,,0,,,,,,,,,,,,,,,,0,0,0,,0.0399,-6362.530591,28.620268,236.287613,,,,,,,,,,,,,,,,,,,,,,,,,,,,,,,,,,,None,Continue,0,None,,,,,,1,6097.713745,432.371399,0.713823,11027861.328125,,,,,,,,,,,,,,1000,0,0,1,1,0.623048,,,
0,ASCENT,7,0,1,None,Holding,0,92.586186,407.818445,0,0,0,0,0.000002,1573203.51503,,,,,,,0,,,,,,,,,,,,,,,,0,0,0,,0.0399,-6362.530591,28.620268,236.371174,,,,,,,,,,,,,,,,,,,,,,,,,,,,,,,,,,,None,Continue,0,None,,,,,,1,6097.713745,432.371399,0.713823,11027861.328125,,,,,,,,,,,,,,1000,0,0,1,1,0.623067,,,
0,ASCENT,7,0,1,None,Holding,0,92.586186,407.818445,0,0,0,0,0.000002,1573203.51503,,,,,,,0,,,,,,,,,,,,,,,,0,0,0,,0.0399,-6362.530591,28.620268,236.454736,,,,,,,,,,,,,,,,,,,,,,,,,,,,,,,,,,,None,Continue,0,None,,,,,,1,6097.713745,432.371399,0.713823,11027861.328125,,,,,,,,,,,,,,1000,0,0,1,1,0.623087,,,
0,ASCENT,7,0,1,None,Holding,0,92.586186,407.818445,0,0,0,0,0.000002,1573203.51503,,,,,,,0,,,,,,,,,,,,,,,,0,0,0,,0.0399,-6362.530591,28.620268,236.538297,,,,,,,,,,,,,,,,,,,,,,,,,,,,,,,,,,,None,Continue,0,None,,,,,,1,6097.713745,432.371399,0.713823,11027861.328125,,,,,,,,,,,,,,1000,0,0,1,1,0.623106,,,
0,ASCENT,7,0,1,None,Holding,0,92.586186,407.818445,0,0,0,0,0.000002,1573203.51503,,,,,,,0,,,,,,,,,,,,,,,,0,0,0,,0.0399,-6362.530591,28.620268,236.621859,,,,,,,,,,,,,,,,,,,,,,,,,,,,,,,,,,,None,Continue,0,None,,,,,,1,6097.713745,432.371399,0.713823,11027861.328125,,,,,,,,,,,,,,1000,0,0,1,1,0.623125,,,
0,ASCENT,7,0,1,None,Holding,0,92.586186,407.818445,0,0,0,0,0.000002,1573203.51503,,,,,,,0,,,,,,,,,,,,,,,,0,0,0,,0.0399,-6362.530591,28.620268,236.70542,,,,,,,,,,,,,,,,,,,,,,,,,,,,,,,,,,,None,Continue,0,None,,,,,,1,6097.713745,432.371399,0.713823,11027861.328125,,,,,,,,,,,,,,1000,0,0,1,1,0.623144,,,
0,ASCENT,7,0,1,None,Holding,0,92.586186,407.818445,0,0,0,0,0.000002,1573203.51503,,,,,,,0,,,,,,,,,,,,,,,,0,0,0,,0.0399,-6362.530591,28.620268,236.788982,,,,,,,,,,,,,,,,,,,,,,,,,,,,,,,,,,,None,Continue,0,None,,,,,,1,6097.713745,432.371399,0.713823,11027861.328125,,,,,,,,,,,,,,1000,0,0,1,1,0.623163,,,
0,ASCENT,7,0,1,None,Holding,0,92.586186,407.818445,0,0,0,0,0.000002,1573203.51503,,,,,,,0,,,,,,,,,,,,,,,,0,0,0,,0.0399,-6362.530591,28.620268,236.872543,,,,,,,,,,,,,,,,,,,,,,,,,,,,,,,,,,,None,Continue,0,None,,,,,,1,6097.713745,432.371399,0.713823,11027861.328125,,,,,,,,,,,,,,1000,0,0,1,1,0.623182,,,
0,ASCENT,7,0,1,None,Holding,0,92.586186,407.818445,0,0,0,0,0.000002,1573203.51503,,,,,,,0,,,,,,,,,,,,,,,,0,0,0,,0.0399,-6362.530591,28.620268,236.956105,,,,,,,,,,,,,,,,,,,,,,,,,,,,,,,,,,,None,Continue,0,None,,,,,,1,6097.713745,432.371399,0.713823,11027861.328125,,,,,,,,,,,,,,1000,0,0,1,1,0.623201,,,
0,ASCENT,7,0,1,None,Holding,0,92.586186,407.818445,0,0,0,0,0.000002,1573203.51503,,,,,,,0,,,,,,,,,,,,,,,,0,0,0,,0.0399,-6362.530591,28.620268,237.039666,,,,,,,,,,,,,,,,,,,,,,,,,,,,,,,,,,,None,Continue,0,None,,,,,,1,6097.713745,432.371399,0.713823,11027861.328125,,,,,,,,,,,,,,1000,0,0,1,1,0.623221,,,
0,ASCENT,7,0,1,None,Holding,0,92.586186,407.818445,0,0,0,0,0.000002,1573203.51503,,,,,,,0,,,,,,,,,,,,,,,,0,0,0,,0.0399,-6362.530591,28.620268,237.123228,,,,,,,,,,,,,,,,,,,,,,,,,,,,,,,,,,,None,Continue,0,None,,,,,,1,6097.713745,432.371399,0.713823,11027861.328125,,,,,,,,,,,,,,1000,0,0,1,1,0.62324,,,
0,ASCENT,7,0,1,None,Holding,0,92.586186,407.818445,0,0,0,0,0.000002,1573203.51503,,,,,,,0,,,,,,,,,,,,,,,,0,0,0,,0.0399,-6362.530591,28.620268,237.206789,,,,,,,,,,,,,,,,,,,,,,,,,,,,,,,,,,,None,Continue,0,None,,,,,,1,6097.713745,432.371399,0.713823,11027861.328125,,,,,,,,,,,,,,1000,0,0,1,1,0.623259,,,
0,ASCENT,7,0,1,None,Holding,0,92.586186,407.818445,0,0,0,0,0.000002,1573203.51503,,,,,,,0,,,,,,,,,,,,,,,,0,0,0,,0.0399,-6362.530591,28.620268,237.290351,,,,,,,,,,,,,,,,,,,,,,,,,,,,,,,,,,,None,Continue,0,None,,,,,,1,6097.713745,432.371399,0.713823,11027861.328125,,,,,,,,,,,,,,1000,0,0,1,1,0.623278,,,
0,ASCENT,7,0,1,None,Holding,0,92.586186,407.818445,0,0,0,0,0.000002,1573203.51503,,,,,,,0,,,,,,,,,,,,,,,,0,0,0,,0.0399,-6362.530591,28.620268,237.373912,,,,,,,,,,,,,,,,,,,,,,,,,,,,,,,,,,,None,Continue,0,None,,,,,,1,6097.713745,432.371399,0.713823,11027861.328125,,,,,,,,,,,,,,1000,0,0,1,1,0.623297,,,
0,ASCENT,7,0,1,None,Holding,0,92.586186,407.818445,0,0,0,0,0.000002,1573203.51503,,,,,,,0,,,,,,,,,,,,,,,,0,0,0,,0.0399,-6362.530591,28.620268,237.457474,,,,,,,,,,,,,,,,,,,,,,,,,,,,,,,,,,,None,Continue,0,None,,,,,,1,6097.713745,432.371399,0.713823,11027861.328125,,,,,,,,,,,,,,1000,0,0,1,1,0.623316,,,
0,ASCENT,7,0,1,None,Holding,0,92.586186,407.818445,0,0,0,0,0.000002,1573203.51503,,,,,,,0,,,,,,,,,,,,,,,,0,0,0,,0.0399,-6362.530591,28.620268,237.541035,,,,,,,,,,,,,,,,,,,,,,,,,,,,,,,,,,,None,Continue,0,None,,,,,,1,6097.713135,432.371399,0.713823,11027861.328125,,,,,,,,,,,,,,1000,0,0,1,1,0.623335,,,
0,ASCENT,7,0,1,None,Holding,0,92.586186,407.818445,0,0,0,0,0.000002,1573203.51503,,,,,,,0,,,,,,,,,,,,,,,,0,0,0,,0.0399,-6362.530591,28.620268,237.624597,,,,,,,,,,,,,,,,,,,,,,,,,,,,,,,,,,,None,Continue,0,None,,,,,,1,6097.713135,432.371399,0.713823,11027861.328125,,,,,,,,,,,,,,1000,0,0,1,1,0.623354,,,
0,ASCENT,7,0,1,None,Holding,0,92.586186,407.818445,0,0,0,0,0.000002,1573203.51503,,,,,,,0,,,,,,,,,,,,,,,,0,0,0,,0.0399,-6362.530591,28.620268,237.708158,,,,,,,,,,,,,,,,,,,,,,,,,,,,,,,,,,,None,Continue,0,None,,,,,,1,6097.713135,432.371399,0.713823,11027861.328125,,,,,,,,,,,,,,1000,0,0,1,1,0.623373,,,
0,ASCENT,7,0,1,None,Holding,0,92.586186,407.818445,0,0,0,0,0.000002,1573203.507401,,,,,,,0,,,,,,,,,,,,,,,,0,0,0,,0.0399,-6362.530591,28.620268,237.79172,,,,,,,,,,,,,,,,,,,,,,,,,,,,,,,,,,,None,Continue,0,None,,,,,,1,6097.713135,432.371399,0.713823,11027861.328125,,,,,,,,,,,,,,1000,0,0,1,1,0.623392,,,
0,ASCENT,7,0,1,None,Holding,0,92.586186,407.818445,0,0,0,0,0.000002,1573203.507401,,,,,,,0,,,,,,,,,,,,,,,,0,0,0,,0.0399,-6362.530591,28.620268,237.875281,,,,,,,,,,,,,,,,,,,,,,,,,,,,,,,,,,,None,Continue,0,None,,,,,,1,6097.713135,432.371399,0.713823,11027861.328125,,,,,,,,,,,,,,1000,0,0,1,1,0.623411,,,
0,ASCENT,7,0,1,None,Holding,0,92.586186,407.818445,0,0,0,0,0.000002,1573203.507401,,,,,,,0,,,,,,,,,,,,,,,,0,0,0,,0.0399,-6362.530591,28.620268,237.958843,,,,,,,,,,,,,,,,,,,,,,,,,,,,,,,,,,,None,Continue,0,None,,,,,,1,6097.713135,432.371399,0.713823,11027861.328125,,,,,,,,,,,,,,1000,0,0,1,1,0.623429,,,
0,ASCENT,7,0,1,None,Holding,0,92.586186,407.818445,0,0,0,0,0.000002,1573203.507401,,,,,,,0,,,,,,,,,,,,,,,,0,0,0,,0.0399,-6362.530591,28.620268,238.042404,,,,,,,,,,,,,,,,,,,,,,,,,,,,,,,,,,,None,Continue,0,None,,,,,,1,6097.713135,432.371399,0.713823,11027861.328125,,,,,,,,,,,,,,1000,0,0,1,1,0.623448,,,
0,ASCENT,7,0,1,None,Holding,0,92.586186,407.818445,0,0,0,0,0.000002,1573203.507401,,,,,,,0,,,,,,,,,,,,,,,,0,0,0,,0.0399,-6362.530591,28.620268,238.125966,,,,,,,,,,,,,,,,,,,,,,,,,,,,,,,,,,,None,Continue,0,None,,,,,,1,6097.713135,432.371399,0.713823,11027861.328125,,,,,,,,,,,,,,1000,0,0,1,1,0.623467,,,
0,ASCENT,7,0,1,None,Holding,0,92.586186,407.818445,0,0,0,0,0.000002,1573203.507401,,,,,,,0,,,,,,,,,,,,,,,,0,0,0,,0.0399,-6362.530591,28.620268,238.209527,,,,,,,,,,,,,,,,,,,,,,,,,,,,,,,,,,,None,Continue,0,None,,,,,,1,6097.713135,432.371399,0.713823,11027861.328125,,,,,,,,,,,,,,1000,0,0,1,1,0.623486,,,
0,ASCENT,7,0,1,None,Holding,0,92.586186,407.818445,0,0,0,0,0.000002,1573203.507401,,,,,,,0,,,,,,,,,,,,,,,,0,0,0,,0.0399,-6362.530591,28.620268,238.293089,,,,,,,,,,,,,,,,,,,,,,,,,,,,,,,,,,,None,Continue,0,None,,,,,,1,6097.713135,432.371399,0.713823,11027861.328125,,,,,,,,,,,,,,1000,0,0,1,1,0.623505,,,
0,ASCENT,7,0,1,None,Holding,0,92.586186,407.818445,0,0,0,0,0.000002,1573203.507401,,,,,,,0,,,,,,,,,,,,,,,,0,0,0,,0.0399,-6362.530591,28.620268,238.37665,,,,,,,,,,,,,,,,,,,,,,,,,,,,,,,,,,,None,Continue,0,None,,,,,,1,6097.713135,432.371399,0.713823,11027861.328125,,,,,,,,,,,,,,1000,0,0,1,1,0.623523,,,
0,ASCENT,7,0,1,None,Holding,0,92.586186,407.818445,0,0,0,0,0.000002,1573203.507401,,,,,,,0,,,,,,,,,,,,,,,,0,0,0,,0.0399,-6362.530591,28.620268,238.460212,,,,,,,,,,,,,,,,,,,,,,,,,,,,,,,,,,,None,Continue,0,None,,,,,,1,6097.713135,432.371399,0.713823,11027861.328125,,,,,,,,,,,,,,1000,0,0,1,1,0.623542,,,
0,ASCENT,7,0,1,None,Holding,0,92.586186,407.818445,0,0,0,0,0.000002,1573203.507401,,,,,,,0,,,,,,,,,,,,,,,,0,0,0,,0.0399,-6362.530591,28.620268,238.543773,,,,,,,,,,,,,,,,,,,,,,,,,,,,,,,,,,,None,Continue,0,None,,,,,,1,6097.713135,432.371399,0.713823,11027861.328125,,,,,,,,,,,,,,1000,0,0,1,1,0.623561,,,
0,ASCENT,7,0,1,None,Holding,0,92.586186,407.818445,0,0,0,0,0.000002,1573203.507401,,,,,,,0,,,,,,,,,,,,,,,,0,0,0,,0.0399,-6362.530591,28.620268,238.627335,,,,,,,,,,,,,,,,,,,,,,,,,,,,,,,,,,,None,Continue,0,None,,,,,,1,6097.713135,432.371399,0.713823,11027861.328125,,,,,,,,,,,,,,1000,0,0,1,1,0.623579,,,
0,ASCENT,7,0,1,None,Holding,0,92.586186,407.818445,0,0,0,0,0.000002,1573203.507401,,,,,,,0,,,,,,,,,,,,,,,,0,0,0,,0.0399,-6362.530591,28.620268,238.710896,,,,,,,,,,,,,,,,,,,,,,,,,,,,,,,,,,,None,Continue,0,None,,,,,,1,6097.713135,432.371399,0.713823,11027861.328125,,,,,,,,,,,,,,1000,0,0,1,1,0.623596,,,
0,ASCENT,7,0,1,None,Holding,0,92.586186,407.818445,0,0,0,0,0.000002,1573203.507401,,,,,,,0,,,,,,,,,,,,,,,,0,0,0,,0.0399,-6362.530591,28.620268,238.794458,,,,,,,,,,,,,,,,,,,,,,,,,,,,,,,,,,,None,Continue,0,None,,,,,,1,6097.713135,432.371399,0.713823,11027861.328125,,,,,,,,,,,,,,1000,0,0,1,1,0.623614,,,
0,ASCENT,7,0,1,None,Holding,0,92.586186,407.818445,0,0,0,0,0.000002,1573203.507401,,,,,,,0,,,,,,,,,,,,,,,,0,0,0,,0.0399,-6362.530591,28.620268,238.878019,,,,,,,,,,,,,,,,,,,,,,,,,,,,,,,,,,,None,Continue,0,None,,,,,,1,6097.713135,432.371399,0.713823,11027861.328125,,,,,,,,,,,,,,1000,0,0,1,1,0.623633,,,
0,ASCENT,7,0,1,None,Holding,0,92.586186,407.818445,0,0,0,0,0.000002,1573203.507401,,,,,,,0,,,,,,,,,,,,,,,,0,0,0,,0.0399,-6362.530591,28.620268,238.961581,,,,,,,,,,,,,,,,,,,,,,,,,,,,,,,,,,,None,Continue,0,None,,,,,,1,6097.712158,432.371399,0.713823,11027861.328125,,,,,,,,,,,,,,1000,0,0,1,1,0.623651,,,
0,ASCENT,7,0,1,None,Holding,0,92.586186,407.818445,0,0,0,0,0.000002,1573203.507401,,,,,,,0,,,,,,,,,,,,,,,,0,0,0,,0.0399,-6362.530591,28.620268,239.045142,,,,,,,,,,,,,,,,,,,,,,,,,,,,,,,,,,,None,Continue,0,None,,,,,,1,6097.712158,432.371399,0.713823,11027861.328125,,,,,,,,,,,,,,1000,0,0,1,1,0.62367,,,
0,ASCENT,7,0,1,None,Holding,0,92.586186,407.818445,0,0,0,0,0.000002,1573203.469254,,,,,,,0,,,,,,,,,,,,,,,,0,0,0,,0.0399,-6362.530591,28.620268,239.128703,,,,,,,,,,,,,,,,,,,,,,,,,,,,,,,,,,,None,Continue,0,None,,,,,,1,6097.712158,432.371399,0.713823,11027861.328125,,,,,,,,,,,,,,1000,0,0,1,1,0.623689,,,
0,ASCENT,7,0,1,None,Holding,0,92.586186,407.818445,0,0,0,0,0.000002,1573203.469254,,,,,,,0,,,,,,,,,,,,,,,,0,0,0,,0.0399,-6362.530591,28.620268,239.212265,,,,,,,,,,,,,,,,,,,,,,,,,,,,,,,,,,,None,Continue,0,None,,,,,,1,6097.712158,432.371399,0.713823,11027861.328125,,,,,,,,,,,,,,1000,0,0,1,1,0.623707,,,
0,ASCENT,7,0,1,None,Holding,0,92.586186,407.818445,0,0,0,0,0.000002,1573203.469254,,,,,,,0,,,,,,,,,,,,,,,,0,0,0,,0.0399,-6362.530591,28.620268,239.295826,,,,,,,,,,,,,,,,,,,,,,,,,,,,,,,,,,,None,Continue,0,None,,,,,,1,6097.712158,432.371399,0.713823,11027861.328125,,,,,,,,,,,,,,1000,0,0,1,1,0.623726,,,
0,ASCENT,7,0,1,None,Holding,0,92.586186,407.818445,0,0,0,0,0.000002,1573203.469254,,,,,,,0,,,,,,,,,,,,,,,,0,0,0,,0.0399,-6362.530591,28.620268,239.379388,,,,,,,,,,,,,,,,,,,,,,,,,,,,,,,,,,,None,Continue,0,None,,,,,,1,6097.712158,432.371399,0.713823,11027861.328125,,,,,,,,,,,,,,1000,0,0,1,1,0.623744,,,
0,ASCENT,7,0,1,None,Holding,0,92.586186,407.818445,0,0,0,0,0.000002,1573203.469254,,,,,,,0,,,,,,,,,,,,,,,,0,0,0,,0.0399,-6362.530591,28.620268,239.462949,,,,,,,,,,,,,,,,,,,,,,,,,,,,,,,,,,,None,Continue,0,None,,,,,,1,6097.712158,432.371399,0.713823,11027861.328125,,,,,,,,,,,,,,1000,0,0,1,1,0.623763,,,
0,ASCENT,7,0,1,None,Holding,0,92.586186,407.818445,0,0,0,0,0.000002,1573203.469254,,,,,,,0,,,,,,,,,,,,,,,,0,0,0,,0.0399,-6362.530591,28.620268,239.546511,,,,,,,,,,,,,,,,,,,,,,,,,,,,,,,,,,,None,Continue,0,None,,,,,,1,6097.712158,432.371399,0.713823,11027861.328125,,,,,,,,,,,,,,1000,0,0,1,1,0.623781,,,
0,ASCENT,7,0,1,None,Holding,0,92.586186,407.818445,0,0,0,0,0.000002,1573203.469254,,,,,,,0,,,,,,,,,,,,,,,,0,0,0,,0.0399,-6362.530591,28.620268,239.630072,,,,,,,,,,,,,,,,,,,,,,,,,,,,,,,,,,,None,Continue,0,None,,,,,,1,6097.712158,432.371399,0.713823,11027861.328125,,,,,,,,,,,,,,1000,0,0,1,1,0.6238,,,
0,ASCENT,7,0,1,None,Holding,0,92.586186,407.818445,0,0,0,0,0.000002,1573203.469254,,,,,,,0,,,,,,,,,,,,,,,,0,0,0,,0.0399,-6362.530591,28.620268,239.713634,,,,,,,,,,,,,,,,,,,,,,,,,,,,,,,,,,,None,Continue,0,None,,,,,,1,6097.712158,432.371399,0.713823,11027861.328125,,,,,,,,,,,,,,1000,0,0,1,1,0.623818,,,
0,ASCENT,7,0,1,None,Holding,0,92.586186,407.818445,0,0,0,0,0.000002,1573203.469254,,,,,,,0,,,,,,,,,,,,,,,,0,0,0,,0.0399,-6362.530591,28.620268,239.797195,,,,,,,,,,,,,,,,,,,,,,,,,,,,,,,,,,,None,Continue,0,None,,,,,,1,6097.712158,432.371399,0.713823,11027861.328125,,,,,,,,,,,,,,1000,0,0,1,1,0.623837,,,
0,ASCENT,7,0,1,None,Holding,0,92.586186,407.818445,0,0,0,0,0.000002,1573203.469254,,,,,,,0,,,,,,,,,,,,,,,,0,0,0,,0.0399,-6362.530591,28.620268,239.880757,,,,,,,,,,,,,,,,,,,,,,,,,,,,,,,,,,,None,Continue,0,None,,,,,,1,6097.712158,432.371399,0.713823,11027861.328125,,,,,,,,,,,,,,1000,0,0,1,1,0.623855,,,
0,ASCENT,7,0,1,None,Holding,0,92.586186,407.818445,0,0,0,0,0.000002,1573203.469254,,,,,,,0,,,,,,,,,,,,,,,,0,0,0,,0.0399,-6362.530591,28.620268,239.964318,,,,,,,,,,,,,,,,,,,,,,,,,,,,,,,,,,,None,Continue,0,None,,,,,,1,6097.712158,432.371399,0.713823,11027861.328125,,,,,,,,,,,,,,1000,0,0,1,1,0.623874,,,
0,ASCENT,7,0,1,None,Holding,0,92.586186,407.818445,0,0,0,0,0.000002,1573203.469254,,,,,,,0,,,,,,,,,,,,,,,,0,0,0,,0.0399,-6362.530591,28.620268,240.04788,,,,,,,,,,,,,,,,,,,,,,,,,,,,,,,,,,,None,Continue,0,None,,,,,,1,6097.712158,432.371399,0.713823,11027861.328125,,,,,,,,,,,,,,1000,0,0,1,1,0.623892,,,
0,ASCENT,7,0,1,None,Holding,0,92.586186,407.818445,0,0,0,0,0.000002,1573203.469254,,,,,,,0,,,,,,,,,,,,,,,,0,0,0,,0.0399,-6362.530591,28.620268,240.131441,,,,,,,,,,,,,,,,,,,,,,,,,,,,,,,,,,,None,Continue,0,None,,,,,,1,6097.712158,432.371399,0.713823,11027861.328125,,,,,,,,,,,,,,1000,0,0,1,1,0.62391,,,
0,ASCENT,7,0,1,None,Holding,0,92.586186,407.818445,0,0,0,0,0.000002,1573203.469254,,,,,,,0,,,,,,,,,,,,,,,,0,0,0,,0.0399,-6362.530591,28.620268,240.215003,,,,,,,,,,,,,,,,,,,,,,,,,,,,,,,,,,,None,Continue,0,None,,,,,,1,6097.71167,432.371399,0.713823,11027861.328125,,,,,,,,,,,,,,1000,0,0,1,1,0.623929,,,
0,ASCENT,7,0,1,None,Holding,0,92.586186,407.818445,0,0,0,0,0.000002,1573203.469254,,,,,,,0,,,,,,,,,,,,,,,,0,0,0,,0.0399,-6362.530591,28.620268,240.298564,,,,,,,,,,,,,,,,,,,,,,,,,,,,,,,,,,,None,Continue,0,None,,,,,,1,6097.71167,432.371399,0.713823,11027861.328125,,,,,,,,,,,,,,1000,0,0,1,1,0.623948,,,
0,ASCENT,7,0,1,None,Holding,0,92.586186,407.818445,0,0,0,0,0.000002,1573203.461625,,,,,,,0,,,,,,,,,,,,,,,,0,0,0,,0.0399,-6362.530591,28.620268,240.382126,,,,,,,,,,,,,,,,,,,,,,,,,,,,,,,,,,,None,Continue,0,None,,,,,,1,6097.71167,432.371399,0.713823,11027861.328125,,,,,,,,,,,,,,1000,0,0,1,1,0.623966,,,
0,ASCENT,7,0,1,None,Holding,0,92.586186,407.818445,0,0,0,0,0.000002,1573203.461625,,,,,,,0,,,,,,,,,,,,,,,,0,0,0,,0.0399,-6362.530591,28.620268,240.465687,,,,,,,,,,,,,,,,,,,,,,,,,,,,,,,,,,,None,Continue,0,None,,,,,,1,6097.71167,432.371399,0.713823,11027861.328125,,,,,,,,,,,,,,1000,0,0,1,1,0.623984,,,
0,ASCENT,7,0,1,None,Holding,0,92.586186,407.818445,0,0,0,0,0.000002,1573203.461625,,,,,,,0,,,,,,,,,,,,,,,,0,0,0,,0.0399,-6362.530591,28.620268,240.549249,,,,,,,,,,,,,,,,,,,,,,,,,,,,,,,,,,,None,Continue,0,None,,,,,,1,6097.71167,432.371399,0.713823,11027861.328125,,,,,,,,,,,,,,1000,0,0,1,1,0.624002,,,
0,ASCENT,7,0,1,None,Holding,0,92.586186,407.818445,0,0,0,0,0.000002,1573203.461625,,,,,,,0,,,,,,,,,,,,,,,,0,0,0,,0.0399,-6362.530591,28.620268,240.63281,,,,,,,,,,,,,,,,,,,,,,,,,,,,,,,,,,,None,Continue,0,None,,,,,,1,6097.71167,432.371399,0.713823,11027861.328125,,,,,,,,,,,,,,1000,0,0,1,1,0.62402,,,
0,ASCENT,7,0,1,None,Holding,0,92.586186,407.818445,0,0,0,0,0.000002,1573203.461625,,,,,,,0,,,,,,,,,,,,,,,,0,0,0,,0.0399,-6362.530591,28.620268,240.716372,,,,,,,,,,,,,,,,,,,,,,,,,,,,,,,,,,,None,Continue,0,None,,,,,,1,6097.71167,432.371399,0.713823,11027861.328125,,,,,,,,,,,,,,1000,0,0,1,1,0.624038,,,
0,ASCENT,7,0,1,None,Holding,0,92.586186,407.818445,0,0,0,0,0.000002,1573203.461625,,,,,,,0,,,,,,,,,,,,,,,,0,0,0,,0.0399,-6362.530591,28.620268,240.799933,,,,,,,,,,,,,,,,,,,,,,,,,,,,,,,,,,,None,Continue,0,None,,,,,,1,6097.71167,432.371399,0.713823,11027861.328125,,,,,,,,,,,,,,1000,0,0,1,1,0.624057,,,
0,ASCENT,7,0,1,None,Holding,0,92.586186,407.818445,0,0,0,0,0.000002,1573203.461625,,,,,,,0,,,,,,,,,,,,,,,,0,0,0,,0.0399,-6362.530591,28.620268,240.883495,,,,,,,,,,,,,,,,,,,,,,,,,,,,,,,,,,,None,Continue,0,None,,,,,,1,6097.711121,432.371399,0.713823,11027861.328125,,,,,,,,,,,,,,1000,0,0,1,1,0.624075,,,
0,ASCENT,7,0,1,None,Holding,0,92.586186,407.818445,0,0,0,0,0.000002,1573203.461625,,,,,,,0,,,,,,,,,,,,,,,,0,0,0,,0.0399,-6362.530591,28.620268,240.967056,,,,,,,,,,,,,,,,,,,,,,,,,,,,,,,,,,,None,Continue,0,None,,,,,,1,6097.711121,432.371399,0.713823,11027861.328125,,,,,,,,,,,,,,1000,0,0,1,1,0.624093,,,
0,ASCENT,7,0,1,None,Holding,0,92.586186,407.818445,0,0,0,0,0.000002,1573203.461625,,,,,,,0,,,,,,,,,,,,,,,,0,0,0,,0.0399,-6362.530591,28.620268,241.050618,,,,,,,,,,,,,,,,,,,,,,,,,,,,,,,,,,,None,Continue,0,None,,,,,,1,6097.711121,432.371399,0.713823,11027861.328125,,,,,,,,,,,,,,1000,0,0,1,1,0.624111,,,
0,ASCENT,7,0,1,None,Holding,0,92.586186,407.818445,0,0,0,0,0.000002,1573203.461625,,,,,,,0,,,,,,,,,,,,,,,,0,0,0,,0.0399,-6362.530591,28.620268,241.134179,,,,,,,,,,,,,,,,,,,,,,,,,,,,,,,,,,,None,Continue,0,None,,,,,,1,6097.711121,432.371399,0.713823,11027861.328125,,,,,,,,,,,,,,1000,0,0,1,1,0.624129,,,
0,ASCENT,7,0,1,None,Holding,0,92.586186,407.818445,0,0,0,0,0.000002,1573203.461625,,,,,,,0,,,,,,,,,,,,,,,,0,0,0,,0.0399,-6362.530591,28.620268,241.217741,,,,,,,,,,,,,,,,,,,,,,,,,,,,,,,,,,,None,Continue,0,None,,,,,,1,6097.711121,432.371399,0.713823,11027861.328125,,,,,,,,,,,,,,1000,0,0,1,1,0.624147,,,
0,ASCENT,7,0,1,None,Holding,0,92.586186,407.818445,0,0,0,0,0.000002,1573203.461625,,,,,,,0,,,,,,,,,,,,,,,,0,0,0,,0.0399,-6362.530591,28.620268,241.301302,,,,,,,,,,,,,,,,,,,,,,,,,,,,,,,,,,,None,Continue,0,None,,,,,,1,6097.711121,432.371399,0.713823,11027861.328125,,,,,,,,,,,,,,1000,0,0,1,1,0.624165,,,
0,ASCENT,7,0,1,None,Holding,0,92.586186,407.818445,0,0,0,0,0.000002,1573203.461625,,,,,,,0,,,,,,,,,,,,,,,,0,0,0,,0.0399,-6362.530591,28.620268,241.384864,,,,,,,,,,,,,,,,,,,,,,,,,,,,,,,,,,,None,Continue,0,None,,,,,,1,6097.711121,432.371399,0.713823,11027861.328125,,,,,,,,,,,,,,1000,0,0,1,1,0.624181,,,
0,ASCENT,7,0,1,None,Holding,0,92.586186,407.818445,0,0,0,0,0.000002,1573203.461625,,,,,,,0,,,,,,,,,,,,,,,,0,0,0,,0.0399,-6362.530591,28.620268,241.468425,,,,,,,,,,,,,,,,,,,,,,,,,,,,,,,,,,,None,Continue,0,None,,,,,,1,6097.711121,432.371399,0.713823,11027861.328125,,,,,,,,,,,,,,1000,0,0,1,1,0.624198,,,
0,ASCENT,7,0,1,None,Holding,0,92.586186,407.818445,0,0,0,0,0.000002,1573203.453995,,,,,,,0,,,,,,,,,,,,,,,,0,0,0,,0.0399,-6362.530591,28.620268,241.551987,,,,,,,,,,,,,,,,,,,,,,,,,,,,,,,,,,,None,Continue,0,None,,,,,,1,6097.711121,432.371399,0.713823,11027861.328125,,,,,,,,,,,,,,1000,0,0,1,1,0.624217,,,
0,ASCENT,7,0,1,None,Holding,0,92.586186,407.818445,0,0,0,0,0.000002,1573203.453995,,,,,,,0,,,,,,,,,,,,,,,,0,0,0,,0.0399,-6362.530591,28.620268,241.635548,,,,,,,,,,,,,,,,,,,,,,,,,,,,,,,,,,,None,Continue,0,None,,,,,,1,6097.711121,432.371399,0.713823,11027861.328125,,,,,,,,,,,,,,1000,0,0,1,1,0.624235,,,
0,ASCENT,7,0,1,None,Holding,0,92.586186,407.818445,0,0,0,0,0.000002,1573203.453995,,,,,,,0,,,,,,,,,,,,,,,,0,0,0,,0.0399,-6362.530591,28.620268,241.71911,,,,,,,,,,,,,,,,,,,,,,,,,,,,,,,,,,,None,Continue,0,None,,,,,,1,6097.711121,432.371399,0.713823,11027861.328125,,,,,,,,,,,,,,1000,0,0,1,1,0.624253,,,
0,ASCENT,7,0,1,None,Holding,0,92.586186,407.818445,0,0,0,0,0.000002,1573203.453995,,,,,,,0,,,,,,,,,,,,,,,,0,0,0,,0.0399,-6362.530591,28.620268,241.802671,,,,,,,,,,,,,,,,,,,,,,,,,,,,,,,,,,,None,Continue,0,None,,,,,,1,6097.711121,432.371399,0.713823,11027861.328125,,,,,,,,,,,,,,1000,0,0,1,1,0.624271,,,
0,ASCENT,7,0,1,None,Holding,0,92.586186,407.818445,0,0,0,0,0.000002,1573203.453995,,,,,,,0,,,,,,,,,,,,,,,,0,0,0,,0.0399,-6362.530591,28.620268,241.886233,,,,,,,,,,,,,,,,,,,,,,,,,,,,,,,,,,,None,Continue,0,None,,,,,,1,6097.711121,432.371399,0.713823,11027861.328125,,,,,,,,,,,,,,1000,0,0,1,1,0.624289,,,
0,ASCENT,7,0,1,None,Holding,0,92.586186,407.818445,0,0,0,0,0.000002,1573203.453995,,,,,,,0,,,,,,,,,,,,,,,,0,0,0,,0.0399,-6362.530591,28.620268,241.969794,,,,,,,,,,,,,,,,,,,,,,,,,,,,,,,,,,,None,Continue,0,None,,,,,,1,6097.711121,432.371399,0.713823,11027861.328125,,,,,,,,,,,,,,1000,0,0,1,1,0.624307,,,
0,ASCENT,7,0,1,None,Holding,0,92.586186,407.818445,0,0,0,0,0.000002,1573203.453995,,,,,,,0,,,,,,,,,,,,,,,,0,0,0,,0.0399,-6362.530591,28.620268,242.053356,,,,,,,,,,,,,,,,,,,,,,,,,,,,,,,,,,,None,Continue,0,None,,,,,,1,6097.711121,432.371399,0.713823,11027861.328125,,,,,,,,,,,,,,1000,0,0,1,1,0.624323,,,
0,ASCENT,7,0,1,None,Holding,0,92.586186,407.818445,0,0,0,0,0.000002,1573203.423478,,,,,,,0,,,,,,,,,,,,,,,,0,0,0,,0.0399,-6362.530591,28.620268,242.136917,,,,,,,,,,,,,,,,,,,,,,,,,,,,,,,,,,,None,Continue,0,None,,,,,,1,6097.711121,432.371399,0.713823,11027861.328125,,,,,,,,,,,,,,1000,0,0,1,1,0.62434,,,
0,ASCENT,7,0,1,None,Holding,0,92.586186,407.818445,0,0,0,0,0.000002,1573203.423478,,,,,,,0,,,,,,,,,,,,,,,,0,0,0,,0.0399,-6362.530591,28.620268,242.220479,,,,,,,,,,,,,,,,,,,,,,,,,,,,,,,,,,,None,Continue,0,None,,,,,,1,6097.710632,432.371399,0.713823,11027861.328125,,,,,,,,,,,,,,1000,0,0,1,1,0.624359,,,
0,ASCENT,7,0,1,None,Holding,0,92.586186,407.818445,0,0,0,0,0.000002,1573203.423478,,,,,,,0,,,,,,,,,,,,,,,,0,0,0,,0.0399,-6362.530591,28.620268,242.30404,,,,,,,,,,,,,,,,,,,,,,,,,,,,,,,,,,,None,Continue,0,None,,,,,,1,6097.710632,432.371399,0.713823,11027861.328125,,,,,,,,,,,,,,1000,0,0,1,1,0.624376,,,
0,ASCENT,7,0,1,None,Holding,0,92.586186,407.818445,0,0,0,0,0.000002,1573203.423478,,,,,,,0,,,,,,,,,,,,,,,,0,0,0,,0.0399,-6362.530591,28.620268,242.387602,,,,,,,,,,,,,,,,,,,,,,,,,,,,,,,,,,,None,Continue,0,None,,,,,,1,6097.710632,432.371399,0.713823,11027861.328125,,,,,,,,,,,,,,1000,0,0,1,1,0.624394,,,
0,ASCENT,7,0,1,None,Holding,0,92.586186,407.818445,0,0,0,0,0.000002,1573203.423478,,,,,,,0,,,,,,,,,,,,,,,,0,0,0,,0.0399,-6362.530591,28.620268,242.471163,,,,,,,,,,,,,,,,,,,,,,,,,,,,,,,,,,,None,Continue,0,None,,,,,,1,6097.710632,432.371399,0.713823,11027861.328125,,,,,,,,,,,,,,1000,0,0,1,1,0.624412,,,
0,ASCENT,7,0,1,None,Holding,0,92.586186,407.818445,0,0,0,0,0.000002,1573203.423478,,,,,,,0,,,,,,,,,,,,,,,,0,0,0,,0.0399,-6362.530591,28.620268,242.554725,,,,,,,,,,,,,,,,,,,,,,,,,,,,,,,,,,,None,Continue,0,None,,,,,,1,6097.710632,432.371399,0.713823,11027861.328125,,,,,,,,,,,,,,1000,0,0,1,1,0.62443,,,
0,ASCENT,7,0,1,None,Holding,0,92.586186,407.818445,0,0,0,0,0.000002,1573203.423478,,,,,,,0,,,,,,,,,,,,,,,,0,0,0,,0.0399,-6362.530591,28.620268,242.638286,,,,,,,,,,,,,,,,,,,,,,,,,,,,,,,,,,,None,Continue,0,None,,,,,,1,6097.710632,432.371399,0.713823,11027861.328125,,,,,,,,,,,,,,1000,0,0,1,1,0.624448,,,
0,ASCENT,7,0,1,None,Holding,0,92.586186,407.818445,0,0,0,0,0.000002,1573203.415848,,,,,,,0,,,,,,,,,,,,,,,,0,0,0,,0.0399,-6362.530591,28.620268,242.721848,,,,,,,,,,,,,,,,,,,,,,,,,,,,,,,,,,,None,Continue,0,None,,,,,,1,6097.710632,432.371399,0.713823,11027861.328125,,,,,,,,,,,,,,1000,0,0,1,1,0.624465,,,
0,ASCENT,7,0,1,None,Holding,0,92.586186,407.818445,0,0,0,0,0.000002,1573203.415848,,,,,,,0,,,,,,,,,,,,,,,,0,0,0,,0.0399,-6362.530591,28.620268,242.805409,,,,,,,,,,,,,,,,,,,,,,,,,,,,,,,,,,,None,Continue,0,None,,,,,,1,6097.710632,432.371399,0.713823,11027861.328125,,,,,,,,,,,,,,1000,0,0,1,1,0.624483,,,
0,ASCENT,7,0,1,None,Holding,0,92.586186,407.818445,0,0,0,0,0.000002,1573203.415848,,,,,,,0,,,,,,,,,,,,,,,,0,0,0,,0.0399,-6362.530591,28.620268,242.888971,,,,,,,,,,,,,,,,,,,,,,,,,,,,,,,,,,,None,Continue,0,None,,,,,,1,6097.710144,432.371399,0.713823,11027861.328125,,,,,,,,,,,,,,1000,0,0,1,1,0.624501,,,
0,ASCENT,7,0,1,None,Holding,0,92.586186,407.818445,0,0,0,0,0.000002,1573203.415848,,,,,,,0,,,,,,,,,,,,,,,,0,0,0,,0.0399,-6362.530591,28.620268,242.972532,,,,,,,,,,,,,,,,,,,,,,,,,,,,,,,,,,,None,Continue,0,None,,,,,,1,6097.710144,432.371399,0.713823,11027861.328125,,,,,,,,,,,,,,1000,0,0,1,1,0.624518,,,
0,ASCENT,7,0,1,None,Holding,0,92.586186,407.818445,0,0,0,0,0.000002,1573203.415848,,,,,,,0,,,,,,,,,,,,,,,,0,0,0,,0.0399,-6362.530591,28.620268,243.056094,,,,,,,,,,,,,,,,,,,,,,,,,,,,,,,,,,,None,Continue,0,None,,,,,,1,6097.710144,432.371399,0.713823,11027861.328125,,,,,,,,,,,,,,1000,0,0,1,1,0.624534,,,
0,ASCENT,7,0,1,None,Holding,0,92.586186,407.818445,0,0,0,0,0.000002,1573203.415848,,,,,,,0,,,,,,,,,,,,,,,,0,0,0,,0.0399,-6362.530591,28.620268,243.139655,,,,,,,,,,,,,,,,,,,,,,,,,,,,,,,,,,,None,Continue,0,None,,,,,,1,6097.710144,432.371399,0.713823,11027861.328125,,,,,,,,,,,,,,1000,0,0,1,1,0.624551,,,
0,ASCENT,7,0,1,None,Holding,0,92.586186,407.818445,0,0,0,0,0.000002,1573203.415848,,,,,,,0,,,,,,,,,,,,,,,,0,0,0,,0.0399,-6362.530591,28.620268,243.223217,,,,,,,,,,,,,,,,,,,,,,,,,,,,,,,,,,,None,Continue,0,None,,,,,,1,6097.710144,432.371399,0.713823,11027861.328125,,,,,,,,,,,,,,1000,0,0,1,1,0.624569,,,
0,ASCENT,7,0,1,None,Holding,0,92.586186,407.818445,0,0,0,0,0.000002,1573203.415848,,,,,,,0,,,,,,,,,,,,,,,,0,0,0,,0.0399,-6362.530591,28.620268,243.306778,,,,,,,,,,,,,,,,,,,,,,,,,,,,,,,,,,,None,Continue,0,None,,,,,,1,6097.710144,432.371399,0.713823,11027861.328125,,,,,,,,,,,,,,1000,0,0,1,1,0.624586,,,
0,ASCENT,7,0,1,None,Holding,0,92.586186,407.818445,0,0,0,0,0.000002,1573203.415848,,,,,,,0,,,,,,,,,,,,,,,,0,0,0,,0.0399,-6362.530591,28.620268,243.39034,,,,,,,,,,,,,,,,,,,,,,,,,,,,,,,,,,,None,Continue,0,None,,,,,,1,6097.710144,432.371399,0.713823,11027861.328125,,,,,,,,,,,,,,1000,0,0,1,1,0.624604,,,
0,ASCENT,7,0,1,None,Holding,0,92.586186,407.818445,0,0,0,0,0.000002,1573203.415848,,,,,,,0,,,,,,,,,,,,,,,,0,0,0,,0.0399,-6362.530591,28.620268,243.473901,,,,,,,,,,,,,,,,,,,,,,,,,,,,,,,,,,,None,Continue,0,None,,,,,,1,6097.710144,432.371399,0.713823,11027861.328125,,,,,,,,,,,,,,1000,0,0,1,1,0.624621,,,
0,ASCENT,7,0,1,None,Holding,0,92.586186,407.818445,0,0,0,0,0.000002,1573203.415848,,,,,,,0,,,,,,,,,,,,,,,,0,0,0,,0.0399,-6362.530591,28.620268,243.557463,,,,,,,,,,,,,,,,,,,,,,,,,,,,,,,,,,,None,Continue,0,None,,,,,,1,6097.710144,432.371399,0.713823,11027861.328125,,,,,,,,,,,,,,1000,0,0,1,1,0.624639,,,
0,ASCENT,7,0,1,None,Holding,0,92.586186,407.818445,0,0,0,0,0.000002,1573203.415848,,,,,,,0,,,,,,,,,,,,,,,,0,0,0,,0.0399,-6362.530591,28.620268,243.641024,,,,,,,,,,,,,,,,,,,,,,,,,,,,,,,,,,,None,Continue,0,None,,,,,,1,6097.709656,432.371399,0.713823,11027861.328125,,,,,,,,,,,,,,1000,0,0,1,1,0.624656,,,
0,ASCENT,7,0,1,None,Holding,0,92.586186,407.818445,0,0,0,0,0.000002,1573203.415848,,,,,,,0,,,,,,,,,,,,,,,,0,0,0,,0.0399,-6362.530591,28.620268,243.724586,,,,,,,,,,,,,,,,,,,,,,,,,,,,,,,,,,,None,Continue,0,None,,,,,,1,6097.709656,432.371399,0.713823,11027861.328125,,,,,,,,,,,,,,1000,0,0,1,1,0.624674,,,
0,ASCENT,7,0,1,None,Holding,0,92.586186,407.818445,0,0,0,0,0.000002,1573203.408219,,,,,,,0,,,,,,,,,,,,,,,,0,0,0,,0.0399,-6362.530591,28.620268,243.808147,,,,,,,,,,,,,,,,,,,,,,,,,,,,,,,,,,,None,Continue,0,None,,,,,,1,6097.709656,432.371399,0.713823,11027861.328125,,,,,,,,,,,,,,1000,0,0,1,1,0.624691,,,
0,ASCENT,7,0,1,None,Holding,0,92.586186,407.818445,0,0,0,0,0.000002,1573203.408219,,,,,,,0,,,,,,,,,,,,,,,,0,0,0,,0.0399,-6362.530591,28.620268,243.891709,,,,,,,,,,,,,,,,,,,,,,,,,,,,,,,,,,,None,Continue,0,None,,,,,,1,6097.709656,432.371399,0.713823,11027861.328125,,,,,,,,,,,,,,1000,0,0,1,1,0.624709,,,
0,ASCENT,7,0,1,None,Holding,0,92.586186,407.818445,0,0,0,0,0.000002,1573203.408219,,,,,,,0,,,,,,,,,,,,,,,,0,0,0,,0.0399,-6362.530591,28.620268,243.97527,,,,,,,,,,,,,,,,,,,,,,,,,,,,,,,,,,,None,Continue,0,None,,,,,,1,6097.709656,432.371399,0.713823,11027861.328125,,,,,,,,,,,,,,1000,0,0,1,1,0.624726,,,
0,ASCENT,7,0,1,None,Holding,0,92.586186,407.818445,0,0,0,0,0.000002,1573203.408219,,,,,,,0,,,,,,,,,,,,,,,,0,0,0,,0.0399,-6362.530591,28.620268,244.058832,,,,,,,,,,,,,,,,,,,,,,,,,,,,,,,,,,,None,Continue,0,None,,,,,,1,6097.709656,432.371399,0.713823,11027861.328125,,,,,,,,,,,,,,1000,0,0,1,1,0.624743,,,
0,ASCENT,7,0,1,None,Holding,0,92.586186,407.818445,0,0,0,0,0.000002,1573203.408219,,,,,,,0,,,,,,,,,,,,,,,,0,0,0,,0.0399,-6362.530591,28.620268,244.142393,,,,,,,,,,,,,,,,,,,,,,,,,,,,,,,,,,,None,Continue,0,None,,,,,,1,6097.709656,432.371399,0.713823,11027861.328125,,,,,,,,,,,,,,1000,0,0,1,1,0.624761,,,
0,ASCENT,7,0,1,None,Holding,0,92.586186,407.818445,0,0,0,0,0.000002,1573203.408219,,,,,,,0,,,,,,,,,,,,,,,,0,0,0,,0.0399,-6362.530591,28.620268,244.225955,,,,,,,,,,,,,,,,,,,,,,,,,,,,,,,,,,,None,Continue,0,None,,,,,,1,6097.709595,432.371399,0.713823,11027861.328125,,,,,,,,,,,,,,1000,0,0,1,1,0.624779,,,
0,ASCENT,7,0,1,None,Holding,0,92.586186,407.818445,0,0,0,0,0.000002,1573203.408219,,,,,,,0,,,,,,,,,,,,,,,,0,0,0,,0.0399,-6362.530591,28.620268,244.309516,,,,,,,,,,,,,,,,,,,,,,,,,,,,,,,,,,,None,Continue,0,None,,,,,,1,6097.709595,432.371399,0.713823,11027861.328125,,,,,,,,,,,,,,1000,0,0,1,1,0.624796,,,
0,ASCENT,7,0,1,None,Holding,0,92.586186,407.818445,0,0,0,0,0.000002,1573203.408219,,,,,,,0,,,,,,,,,,,,,,,,0,0,0,,0.0399,-6362.530591,28.620268,244.393078,,,,,,,,,,,,,,,,,,,,,,,,,,,,,,,,,,,None,Continue,0,None,,,,,,1,6097.709595,432.371399,0.713823,11027861.328125,,,,,,,,,,,,,,1000,0,0,1,1,0.624813,,,
0,ASCENT,7,0,1,None,Holding,0,92.586186,407.818445,0,0,0,0,0.000002,1573203.408219,,,,,,,0,,,,,,,,,,,,,,,,0,0,0,,0.0399,-6362.530591,28.620268,244.476639,,,,,,,,,,,,,,,,,,,,,,,,,,,,,,,,,,,None,Continue,0,None,,,,,,1,6097.709595,432.371399,0.713823,11027861.328125,,,,,,,,,,,,,,1000,0,0,1,1,0.62483,,,
0,ASCENT,7,0,1,None,Holding,0,92.586186,407.818445,0,0,0,0,0.000002,1573203.408219,,,,,,,0,,,,,,,,,,,,,,,,0,0,0,,0.0399,-6362.530591,28.620268,244.5602,,,,,,,,,,,,,,,,,,,,,,,,,,,,,,,,,,,None,Continue,0,None,,,,,,1,6097.709595,432.371399,0.713823,11027861.328125,,,,,,,,,,,,,,1000,0,0,1,1,0.624848,,,
0,ASCENT,7,0,1,None,Holding,0,92.586186,407.818445,0,0,0,0,0.000002,1573203.408219,,,,,,,0,,,,,,,,,,,,,,,,0,0,0,,0.0399,-6362.530591,28.620268,244.643762,,,,,,,,,,,,,,,,,,,,,,,,,,,,,,,,,,,None,Continue,0,None,,,,,,1,6097.709595,432.371399,0.713823,11027861.328125,,,,,,,,,,,,,,1000,0,0,1,1,0.624865,,,
0,ASCENT,7,0,1,None,Holding,0,92.586186,407.818445,0,0,0,0,0.000002,1573203.408219,,,,,,,0,,,,,,,,,,,,,,,,0,0,0,,0.0399,-6362.530591,28.620268,244.727323,,,,,,,,,,,,,,,,,,,,,,,,,,,,,,,,,,,None,Continue,0,None,,,,,,1,6097.709595,432.371399,0.713823,11027861.328125,,,,,,,,,,,,,,1000,0,0,1,1,0.624882,,,
0,ASCENT,7,0,1,None,Holding,0,92.586186,407.818445,0,0,0,0,0.000002,1573203.408219,,,,,,,0,,,,,,,,,,,,,,,,0,0,0,,0.0399,-6362.530591,28.620268,244.810885,,,,,,,,,,,,,,,,,,,,,,,,,,,,,,,,,,,None,Continue,0,None,,,,,,1,6097.709595,432.371399,0.713823,11027861.328125,,,,,,,,,,,,,,1000,0,0,1,1,0.624899,,,
0,ASCENT,7,0,1,None,Holding,0,92.586186,407.818445,0,0,0,0,0.000002,1573203.370072,,,,,,,0,,,,,,,,,,,,,,,,0,0,0,,0.0399,-6362.530591,28.620268,244.894446,,,,,,,,,,,,,,,,,,,,,,,,,,,,,,,,,,,None,Continue,0,None,,,,,,1,6097.709106,432.371399,0.713823,11027861.328125,,,,,,,,,,,,,,1000,0,0,1,1,0.624916,,,
0,ASCENT,7,0,1,None,Holding,0,92.586186,407.818445,0,0,0,0,0.000002,1573203.370072,,,,,,,0,,,,,,,,,,,,,,,,0,0,0,,0.0399,-6362.530591,28.620268,244.978008,,,,,,,,,,,,,,,,,,,,,,,,,,,,,,,,,,,None,Continue,0,None,,,,,,1,6097.709106,432.371399,0.713823,11027861.328125,,,,,,,,,,,,,,1000,0,0,1,1,0.624933,,,
0,ASCENT,7,0,1,None,Holding,0,92.586186,407.818445,0,0,0,0,0.000002,1573203.370072,,,,,,,0,,,,,,,,,,,,,,,,0,0,0,,0.0399,-6362.530591,28.620268,245.061569,,,,,,,,,,,,,,,,,,,,,,,,,,,,,,,,,,,None,Continue,0,None,,,,,,1,6097.709106,432.371399,0.713823,11027861.328125,,,,,,,,,,,,,,1000,0,0,1,1,0.62495,,,
0,ASCENT,7,0,1,None,Holding,0,92.586186,407.818445,0,0,0,0,0.000002,1573203.370072,,,,,,,0,,,,,,,,,,,,,,,,0,0,0,,0.0399,-6362.530591,28.620268,245.145131,,,,,,,,,,,,,,,,,,,,,,,,,,,,,,,,,,,None,Continue,0,None,,,,,,1,6097.709106,432.371399,0.713823,11027861.328125,,,,,,,,,,,,,,1000,0,0,1,1,0.624967,,,
0,ASCENT,7,0,1,None,Holding,0,92.586186,407.818445,0,0,0,0,0.000002,1573203.370072,,,,,,,0,,,,,,,,,,,,,,,,0,0,0,,0.0399,-6362.530591,28.620268,245.228692,,,,,,,,,,,,,,,,,,,,,,,,,,,,,,,,,,,None,Continue,0,None,,,,,,1,6097.709106,432.371399,0.713823,11027861.328125,,,,,,,,,,,,,,1000,0,0,1,1,0.624984,,,
0,ASCENT,7,0,1,None,Holding,0,92.586186,407.818445,0,0,0,0,0.000002,1573203.370072,,,,,,,0,,,,,,,,,,,,,,,,0,0,0,,0.0399,-6362.530591,28.620268,245.312254,,,,,,,,,,,,,,,,,,,,,,,,,,,,,,,,,,,None,Continue,0,None,,,,,,1,6097.709106,432.371399,0.713823,11027861.328125,,,,,,,,,,,,,,1000,0,0,1,1,0.625001,,,
0,ASCENT,7,0,1,None,Holding,0,92.586186,407.818445,0,0,0,0,0.000002,1573203.370072,,,,,,,0,,,,,,,,,,,,,,,,0,0,0,,0.0399,-6362.530591,28.620268,245.395815,,,,,,,,,,,,,,,,,,,,,,,,,,,,,,,,,,,None,Continue,0,None,,,,,,1,6097.709106,432.371399,0.713823,11027861.328125,,,,,,,,,,,,,,1000,0,0,1,1,0.625018,,,
0,ASCENT,7,0,1,None,Holding,0,92.586186,407.818445,0,0,0,0,0.000002,1573203.370072,,,,,,,0,,,,,,,,,,,,,,,,0,0,0,,0.0399,-6362.530591,28.620268,245.479377,,,,,,,,,,,,,,,,,,,,,,,,,,,,,,,,,,,None,Continue,0,None,,,,,,1,6097.709106,432.371399,0.713823,11027861.328125,,,,,,,,,,,,,,1000,0,0,1,1,0.625035,,,
0,ASCENT,7,0,1,None,Holding,0,92.586186,407.818445,0,0,0,0,0.000002,1573203.370072,,,,,,,0,,,,,,,,,,,,,,,,0,0,0,,0.0399,-6362.530591,28.620268,245.562938,,,,,,,,,,,,,,,,,,,,,,,,,,,,,,,,,,,None,Continue,0,None,,,,,,1,6097.708618,432.371399,0.713823,11027861.328125,,,,,,,,,,,,,,1000,0,0,1,1,0.625052,,,
0,ASCENT,7,0,1,None,Holding,0,92.586186,407.818445,0,0,0,0,0.000002,1573203.370072,,,,,,,0,,,,,,,,,,,,,,,,0,0,0,,0.0399,-6362.530591,28.620268,245.6465,,,,,,,,,,,,,,,,,,,,,,,,,,,,,,,,,,,None,Continue,0,None,,,,,,1,6097.708618,432.371399,0.713823,11027861.328125,,,,,,,,,,,,,,1000,0,0,1,1,0.625069,,,
0,ASCENT,7,0,1,None,Holding,0,92.586186,407.818445,0,0,0,0,0.000002,1573203.370072,,,,,,,0,,,,,,,,,,,,,,,,0,0,0,,0.0399,-6362.530591,28.620268,245.730061,,,,,,,,,,,,,,,,,,,,,,,,,,,,,,,,,,,None,Continue,0,None,,,,,,1,6097.708618,432.371399,0.713823,11027861.328125,,,,,,,,,,,,,,1000,0,0,1,1,0.625086,,,
0,ASCENT,7,0,1,None,Holding,0,92.586186,407.818445,0,0,0,0,0.000002,1573203.370072,,,,,,,0,,,,,,,,,,,,,,,,0,0,0,,0.0399,-6362.530591,28.620268,245.813623,,,,,,,,,,,,,,,,,,,,,,,,,,,,,,,,,,,None,Continue,0,None,,,,,,1,6097.708618,432.371399,0.713823,11027861.328125,,,,,,,,,,,,,,1000,0,0,1,1,0.625102,,,
0,ASCENT,7,0,1,None,Holding,0,92.586186,407.818445,0,0,0,0,0.000002,1573203.362443,,,,,,,0,,,,,,,,,,,,,,,,0,0,0,,0.0399,-6362.530591,28.620268,245.897184,,,,,,,,,,,,,,,,,,,,,,,,,,,,,,,,,,,None,Continue,0,None,,,,,,1,6097.708618,432.371399,0.713823,11027861.328125,,,,,,,,,,,,,,1000,0,0,1,1,0.625119,,,
0,ASCENT,7,0,1,None,Holding,0,92.586186,407.818445,0,0,0,0,0.000002,1573203.362443,,,,,,,0,,,,,,,,,,,,,,,,0,0,0,,0.0399,-6362.530591,28.620268,245.980746,,,,,,,,,,,,,,,,,,,,,,,,,,,,,,,,,,,None,Continue,0,None,,,,,,1,6097.708618,432.371399,0.713823,11027861.328125,,,,,,,,,,,,,,1000,0,0,1,1,0.625136,,,
0,ASCENT,7,0,1,None,Holding,0,92.586186,407.818445,0,0,0,0,0.000002,1573203.362443,,,,,,,0,,,,,,,,,,,,,,,,0,0,0,,0.0399,-6362.530591,28.620268,246.064307,,,,,,,,,,,,,,,,,,,,,,,,,,,,,,,,,,,None,Continue,0,None,,,,,,1,6097.708618,432.371399,0.713823,11027861.328125,,,,,,,,,,,,,,1000,0,0,1,1,0.625153,,,
0,ASCENT,7,0,1,None,Holding,0,92.586186,407.818445,0,0,0,0,0.000002,1573203.362443,,,,,,,0,,,,,,,,,,,,,,,,0,0,0,,0.0399,-6362.530591,28.620268,246.147869,,,,,,,,,,,,,,,,,,,,,,,,,,,,,,,,,,,None,Continue,0,None,,,,,,1,6097.708618,432.371399,0.713823,11027861.328125,,,,,,,,,,,,,,1000,0,0,1,1,0.62517,,,
0,ASCENT,7,0,1,None,Holding,0,92.586186,407.818445,0,0,0,0,0.000002,1573203.362443,,,,,,,0,,,,,,,,,,,,,,,,0,0,0,,0.0399,-6362.530591,28.620268,246.23143,,,,,,,,,,,,,,,,,,,,,,,,,,,,,,,,,,,None,Continue,0,None,,,,,,1,6097.70813,432.371399,0.713823,11027861.328125,,,,,,,,,,,,,,1000,0,0,1,1,0.625186,,,
0,ASCENT,7,0,1,None,Holding,0,92.586186,407.818445,0,0,0,0,0.000002,1573203.362443,,,,,,,0,,,,,,,,,,,,,,,,0,0,0,,0.0399,-6362.530591,28.620268,246.314992,,,,,,,,,,,,,,,,,,,,,,,,,,,,,,,,,,,None,Continue,0,None,,,,,,1,6097.70813,432.371399,0.713823,11027861.328125,,,,,,,,,,,,,,1000,0,0,1,1,0.625203,,,
0,ASCENT,7,0,1,None,Holding,0,92.586186,407.818445,0,0,0,0,0.000002,1573203.362443,,,,,,,0,,,,,,,,,,,,,,,,0,0,0,,0.0399,-6362.530591,28.620268,246.398553,,,,,,,,,,,,,,,,,,,,,,,,,,,,,,,,,,,None,Continue,0,None,,,,,,1,6097.70813,432.371399,0.713823,11027861.328125,,,,,,,,,,,,,,1000,0,0,1,1,0.62522,,,
0,ASCENT,7,0,1,None,Holding,0,92.586186,407.818445,0,0,0,0,0.000002,1573203.362443,,,,,,,0,,,,,,,,,,,,,,,,0,0,0,,0.0399,-6362.530591,28.620268,246.482115,,,,,,,,,,,,,,,,,,,,,,,,,,,,,,,,,,,None,Continue,0,None,,,,,,1,6097.70813,432.371399,0.713823,11027861.328125,,,,,,,,,,,,,,1000,0,0,1,1,0.625237,,,
0,ASCENT,7,0,1,None,Holding,0,92.586186,407.818445,0,0,0,0,0.000002,1573203.362443,,,,,,,0,,,,,,,,,,,,,,,,0,0,0,,0.0399,-6362.530591,28.620268,246.565676,,,,,,,,,,,,,,,,,,,,,,,,,,,,,,,,,,,None,Continue,0,None,,,,,,1,6097.70813,432.371399,0.713823,11027861.328125,,,,,,,,,,,,,,1000,0,0,1,1,0.625253,,,
0,ASCENT,7,0,1,None,Holding,0,92.586186,407.818445,0,0,0,0,0.000002,1573203.362443,,,,,,,0,,,,,,,,,,,,,,,,0,0,0,,0.0399,-6362.530591,28.620268,246.649238,,,,,,,,,,,,,,,,,,,,,,,,,,,,,,,,,,,None,Continue,0,None,,,,,,1,6097.70813,432.371399,0.713823,11027861.328125,,,,,,,,,,,,,,1000,0,0,1,1,0.62527,,,
0,ASCENT,7,0,1,None,Holding,0,92.586186,407.818445,0,0,0,0,0.000002,1573203.362443,,,,,,,0,,,,,,,,,,,,,,,,0,0,0,,0.0399,-6362.530591,28.620268,246.732799,,,,,,,,,,,,,,,,,,,,,,,,,,,,,,,,,,,None,Continue,0,None,,,,,,1,6097.70813,432.371399,0.713823,11027861.328125,,,,,,,,,,,,,,1000,0,0,1,1,0.625287,,,
0,ASCENT,7,0,1,None,Holding,0,92.586186,407.818445,0,0,0,0,0.000002,1573203.362443,,,,,,,0,,,,,,,,,,,,,,,,0,0,0,,0.0399,-6362.530591,28.620268,246.816361,,,,,,,,,,,,,,,,,,,,,,,,,,,,,,,,,,,None,Continue,0,None,,,,,,1,6097.70813,432.371399,0.713823,11027861.328125,,,,,,,,,,,,,,1000,0,0,1,1,0.625303,,,
0,ASCENT,7,0,1,None,Holding,0,92.586186,407.818445,0,0,0,0,0.000002,1573203.354813,,,,,,,0,,,,,,,,,,,,,,,,0,0,0,,0.0399,-6362.530591,28.620268,246.899922,,,,,,,,,,,,,,,,,,,,,,,,,,,,,,,,,,,None,Continue,0,None,,,,,,1,6097.70752,432.371399,0.713823,11027861.328125,,,,,,,,,,,,,,1000,0,0,1,1,0.62532,,,
0,ASCENT,7,0,1,None,Holding,0,92.586186,407.818445,0,0,0,0,0.000002,1573203.354813,,,,,,,0,,,,,,,,,,,,,,,,0,0,0,,0.0399,-6362.530591,28.620268,246.983484,,,,,,,,,,,,,,,,,,,,,,,,,,,,,,,,,,,None,Continue,0,None,,,,,,1,6097.70752,432.371399,0.713823,11027861.328125,,,,,,,,,,,,,,1000,0,0,1,1,0.625336,,,
0,ASCENT,7,0,1,None,Holding,0,92.586186,407.818445,0,0,0,0,0.000002,1573203.354813,,,,,,,0,,,,,,,,,,,,,,,,0,0,0,,0.0399,-6362.530591,28.620268,247.067045,,,,,,,,,,,,,,,,,,,,,,,,,,,,,,,,,,,None,Continue,0,None,,,,,,1,6097.70752,432.371399,0.713823,11027861.328125,,,,,,,,,,,,,,1000,0,0,1,1,0.625353,,,
0,ASCENT,7,0,1,None,Holding,0,92.586186,407.818445,0,0,0,0,0.000002,1573203.354813,,,,,,,0,,,,,,,,,,,,,,,,0,0,0,,0.0399,-6362.530591,28.620268,247.150607,,,,,,,,,,,,,,,,,,,,,,,,,,,,,,,,,,,None,Continue,0,None,,,,,,1,6097.70752,432.371399,0.713823,11027861.328125,,,,,,,,,,,,,,1000,0,0,1,1,0.625369,,,
0,ASCENT,7,0,1,None,Holding,0,92.586186,407.818445,0,0,0,0,0.000002,1573203.354813,,,,,,,0,,,,,,,,,,,,,,,,0,0,0,,0.0399,-6362.530591,28.620268,247.234168,,,,,,,,,,,,,,,,,,,,,,,,,,,,,,,,,,,None,Continue,0,None,,,,,,1,6097.70752,432.371399,0.713823,11027861.328125,,,,,,,,,,,,,,1000,0,0,1,1,0.625386,,,
0,ASCENT,7,0,1,None,Holding,0,92.586186,407.818445,0,0,0,0,0.000002,1573203.354813,,,,,,,0,,,,,,,,,,,,,,,,0,0,0,,0.0399,-6362.530591,28.620268,247.31773,,,,,,,,,,,,,,,,,,,,,,,,,,,,,,,,,,,None,Continue,0,None,,,,,,1,6097.70752,432.371399,0.713823,11027861.328125,,,,,,,,,,,,,,1000,0,0,1,1,0.625403,,,
0,ASCENT,7,0,1,None,Holding,0,92.586186,407.818445,0,0,0,0,0.000002,1573203.324296,,,,,,,0,,,,,,,,,,,,,,,,0,0,0,,0.0399,-6362.530591,28.620268,247.401291,,,,,,,,,,,,,,,,,,,,,,,,,,,,,,,,,,,None,Continue,0,None,,,,,,1,6097.70752,432.371399,0.713823,11027861.328125,,,,,,,,,,,,,,1000,0,0,1,1,0.625419,,,
0,ASCENT,7,0,1,None,Holding,0,92.586186,407.818445,0,0,0,0,0.000002,1573203.324296,,,,,,,0,,,,,,,,,,,,,,,,0,0,0,,0.0399,-6362.530591,28.620268,247.484853,,,,,,,,,,,,,,,,,,,,,,,,,,,,,,,,,,,None,Continue,0,None,,,,,,1,6097.70752,432.371399,0.713823,11027861.328125,,,,,,,,,,,,,,1000,0,0,1,1,0.625435,,,
0,ASCENT,7,0,1,None,Holding,0,92.586186,407.818445,0,0,0,0,0.000002,1573203.324296,,,,,,,0,,,,,,,,,,,,,,,,0,0,0,,0.0399,-6362.530591,28.620268,247.568414,,,,,,,,,,,,,,,,,,,,,,,,,,,,,,,,,,,None,Continue,0,None,,,,,,1,6097.707031,432.371399,0.713823,11027861.328125,,,,,,,,,,,,,,1000,0,0,1,1,0.625452,,,
0,ASCENT,7,0,1,None,Holding,0,92.586186,407.818445,0,0,0,0,0.000002,1573203.324296,,,,,,,0,,,,,,,,,,,,,,,,0,0,0,,0.0399,-6362.530591,28.620268,247.651976,,,,,,,,,,,,,,,,,,,,,,,,,,,,,,,,,,,None,Continue,0,None,,,,,,1,6097.707031,432.371399,0.713823,11027861.328125,,,,,,,,,,,,,,1000,0,0,1,1,0.625468,,,
0,ASCENT,7,0,1,None,Holding,0,92.586186,407.818445,0,0,0,0,0.000002,1573203.324296,,,,,,,0,,,,,,,,,,,,,,,,0,0,0,,0.0399,-6362.530591,28.620268,247.735537,,,,,,,,,,,,,,,,,,,,,,,,,,,,,,,,,,,None,Continue,0,None,,,,,,1,6097.707031,432.371399,0.713823,11027861.328125,,,,,,,,,,,,,,1000,0,0,1,1,0.625485,,,
0,ASCENT,7,0,1,None,Holding,0,92.586186,407.818445,0,0,0,0,0.000002,1573203.316666,,,,,,,0,,,,,,,,,,,,,,,,0,0,0,,0.0399,-6362.530591,28.620268,247.819099,,,,,,,,,,,,,,,,,,,,,,,,,,,,,,,,,,,None,Continue,0,None,,,,,,1,6097.707031,432.371399,0.713823,11027861.328125,,,,,,,,,,,,,,1000,0,0,1,1,0.625501,,,
0,ASCENT,7,0,1,None,Holding,0,92.586186,407.818445,0,0,0,0,0.000002,1573203.316666,,,,,,,0,,,,,,,,,,,,,,,,0,0,0,,0.0399,-6362.530591,28.620268,247.90266,,,,,,,,,,,,,,,,,,,,,,,,,,,,,,,,,,,None,Continue,0,None,,,,,,1,6097.707031,432.371399,0.713823,11027861.328125,,,,,,,,,,,,,,1000,0,0,1,1,0.625517,,,
0,ASCENT,7,0,1,None,Holding,0,92.586186,407.818445,0,0,0,0,0.000002,1573203.316666,,,,,,,0,,,,,,,,,,,,,,,,0,0,0,,0.0399,-6362.530591,28.620268,247.986222,,,,,,,,,,,,,,,,,,,,,,,,,,,,,,,,,,,None,Continue,0,None,,,,,,1,6097.707031,432.371399,0.713823,11027861.328125,,,,,,,,,,,,,,1000,0,0,1,1,0.625534,,,
0,ASCENT,7,0,1,None,Holding,0,92.586186,407.818445,0,0,0,0,0.000002,1573203.316666,,,,,,,0,,,,,,,,,,,,,,,,0,0,0,,0.0399,-6362.530591,28.620268,248.069783,,,,,,,,,,,,,,,,,,,,,,,,,,,,,,,,,,,None,Continue,0,None,,,,,,1,6097.707031,432.371399,0.713823,11027861.328125,,,,,,,,,,,,,,1000,0,0,1,1,0.62555,,,
0,ASCENT,7,0,1,None,Holding,0,92.586186,407.818445,0,0,0,0,0.000002,1573203.316666,,,,,,,0,,,,,,,,,,,,,,,,0,0,0,,0.0399,-6362.530591,28.620268,248.153345,,,,,,,,,,,,,,,,,,,,,,,,,,,,,,,,,,,None,Continue,0,None,,,,,,1,6097.706543,432.371399,0.713823,11027861.328125,,,,,,,,,,,,,,1000,0,0,1,1,0.625566,,,
0,ASCENT,7,0,1,None,Holding,0,92.586186,407.818445,0,0,0,0,0.000002,1573203.316666,,,,,,,0,,,,,,,,,,,,,,,,0,0,0,,0.0399,-6362.530591,28.620268,248.236906,,,,,,,,,,,,,,,,,,,,,,,,,,,,,,,,,,,None,Continue,0,None,,,,,,1,6097.706543,432.371399,0.713823,11027861.328125,,,,,,,,,,,,,,1000,0,0,1,1,0.625583,,,
0,ASCENT,7,0,1,None,Holding,0,92.586186,407.818445,0,0,0,0,0.000002,1573203.316666,,,,,,,0,,,,,,,,,,,,,,,,0,0,0,,0.0399,-6362.530591,28.620268,248.320468,,,,,,,,,,,,,,,,,,,,,,,,,,,,,,,,,,,None,Continue,0,None,,,,,,1,6097.706543,432.371399,0.713823,11027861.328125,,,,,,,,,,,,,,1000,0,0,1,1,0.625599,,,
0,ASCENT,7,0,1,None,Holding,0,92.586186,407.818445,0,0,0,0,0.000002,1573203.316666,,,,,,,0,,,,,,,,,,,,,,,,0,0,0,,0.0399,-6362.530591,28.620268,248.404029,,,,,,,,,,,,,,,,,,,,,,,,,,,,,,,,,,,None,Continue,0,None,,,,,,1,6097.706543,432.371399,0.713823,11027861.328125,,,,,,,,,,,,,,1000,0,0,1,1,0.625616,,,
0,ASCENT,7,0,1,None,Holding,0,92.586186,407.818445,0,0,0,0,0.000002,1573203.316666,,,,,,,0,,,,,,,,,,,,,,,,0,0,0,,0.0399,-6362.530591,28.620268,248.487591,,,,,,,,,,,,,,,,,,,,,,,,,,,,,,,,,,,None,Continue,0,None,,,,,,1,6097.706543,432.371399,0.713823,11027861.328125,,,,,,,,,,,,,,1000,0,0,1,1,0.625632,,,
0,ASCENT,7,0,1,None,Holding,0,92.586186,407.818445,0,0,0,0,0.000002,1573203.316666,,,,,,,0,,,,,,,,,,,,,,,,0,0,0,,0.0399,-6362.530591,28.620268,248.571152,,,,,,,,,,,,,,,,,,,,,,,,,,,,,,,,,,,None,Continue,0,None,,,,,,1,6097.706543,432.371399,0.713823,11027861.328125,,,,,,,,,,,,,,1000,0,0,1,1,0.625648,,,
0,ASCENT,7,0,1,None,Holding,0,92.586186,407.818445,0,0,0,0,0.000002,1573203.316666,,,,,,,0,,,,,,,,,,,,,,,,0,0,0,,0.0399,-6362.530591,28.620268,248.654714,,,,,,,,,,,,,,,,,,,,,,,,,,,,,,,,,,,None,Continue,0,None,,,,,,1,6097.706543,432.371399,0.713823,11027861.328125,,,,,,,,,,,,,,1000,0,0,1,1,0.625664,,,
0,ASCENT,7,0,1,None,Holding,0,92.586186,407.818445,0,0,0,0,0.000002,1573203.316666,,,,,,,0,,,,,,,,,,,,,,,,0,0,0,,0.0399,-6362.530591,28.620268,248.738275,,,,,,,,,,,,,,,,,,,,,,,,,,,,,,,,,,,None,Continue,0,None,,,,,,1,6097.706543,432.371399,0.713823,11027861.328125,,,,,,,,,,,,,,1000,0,0,1,1,0.62568,,,
0,ASCENT,7,0,1,None,Holding,0,92.586186,407.818445,0,0,0,0,0.000002,1573203.309037,,,,,,,0,,,,,,,,,,,,,,,,0,0,0,,0.0399,-6362.530591,28.620268,248.821837,,,,,,,,,,,,,,,,,,,,,,,,,,,,,,,,,,,None,Continue,0,None,,,,,,1,6097.706543,432.371399,0.713823,11027861.328125,,,,,,,,,,,,,,1000,0,0,1,1,0.625696,,,
0,ASCENT,7,0,1,None,Holding,0,92.586186,407.818445,0,0,0,0,0.000002,1573203.309037,,,,,,,0,,,,,,,,,,,,,,,,0,0,0,,0.0399,-6362.530591,28.620268,248.905398,,,,,,,,,,,,,,,,,,,,,,,,,,,,,,,,,,,None,Continue,0,None,,,,,,1,6097.706543,432.371399,0.713823,11027861.328125,,,,,,,,,,,,,,1000,0,0,1,1,0.625712,,,
0,ASCENT,7,0,1,None,Holding,0,92.586186,407.818445,0,0,0,0,0.000002,1573203.309037,,,,,,,0,,,,,,,,,,,,,,,,0,0,0,,0.0399,-6362.530591,28.620268,248.98896,,,,,,,,,,,,,,,,,,,,,,,,,,,,,,,,,,,None,Continue,0,None,,,,,,1,6097.706543,432.371399,0.713823,11027861.328125,,,,,,,,,,,,,,1000,0,0,1,1,0.625728,,,
0,ASCENT,7,0,1,None,Holding,0,92.586186,407.818445,0,0,0,0,0.000002,1573203.309037,,,,,,,0,,,,,,,,,,,,,,,,0,0,0,,0.0399,-6362.530591,28.620268,249.072521,,,,,,,,,,,,,,,,,,,,,,,,,,,,,,,,,,,None,Continue,0,None,,,,,,1,6097.706543,432.371399,0.713823,11027861.328125,,,,,,,,,,,,,,1000,0,0,1,1,0.625744,,,
0,ASCENT,7,0,1,None,Holding,0,92.586186,407.818445,0,0,0,0,0.000002,1573203.309037,,,,,,,0,,,,,,,,,,,,,,,,0,0,0,,0.0399,-6362.530591,28.620268,249.156083,,,,,,,,,,,,,,,,,,,,,,,,,,,,,,,,,,,None,Continue,0,None,,,,,,1,6097.706543,432.371399,0.713823,11027861.328125,,,,,,,,,,,,,,1000,0,0,1,1,0.62576,,,
0,ASCENT,7,0,1,None,Holding,0,92.586186,407.818445,0,0,0,0,0.000002,1573203.309037,,,,,,,0,,,,,,,,,,,,,,,,0,0,0,,0.0399,-6362.530591,28.620268,249.239644,,,,,,,,,,,,,,,,,,,,,,,,,,,,,,,,,,,None,Continue,0,None,,,,,,1,6097.706543,432.371399,0.713823,11027861.328125,,,,,,,,,,,,,,1000,0,0,1,1,0.625775,,,
0,ASCENT,7,0,1,None,Holding,0,92.586186,407.818445,0,0,0,0,0.000002,1573203.309037,,,,,,,0,,,,,,,,,,,,,,,,0,0,0,,0.0399,-6362.530591,28.620268,249.323206,,,,,,,,,,,,,,,,,,,,,,,,,,,,,,,,,,,None,Continue,0,None,,,,,,1,6097.706543,432.371399,0.713823,11027861.328125,,,,,,,,,,,,,,1000,0,0,1,1,0.62579,,,
0,ASCENT,7,0,1,None,Holding,0,92.586186,407.818445,0,0,0,0,0.000002,1573203.309037,,,,,,,0,,,,,,,,,,,,,,,,0,0,0,,0.0399,-6362.530591,28.620268,249.406767,,,,,,,,,,,,,,,,,,,,,,,,,,,,,,,,,,,None,Continue,0,None,,,,,,1,6097.706543,432.371399,0.713823,11027861.328125,,,,,,,,,,,,,,1000,0,0,1,1,0.625806,,,
0,ASCENT,7,0,1,None,Holding,0,92.586186,407.818445,0,0,0,0,0.000002,1573203.309037,,,,,,,0,,,,,,,,,,,,,,,,0,0,0,,0.0399,-6362.530591,28.620268,249.490329,,,,,,,,,,,,,,,,,,,,,,,,,,,,,,,,,,,None,Continue,0,None,,,,,,1,6097.705505,432.371399,0.713823,11027861.328125,,,,,,,,,,,,,,1000,0,0,1,1,0.625823,,,
0,ASCENT,7,0,1,None,Holding,0,92.586186,407.818445,0,0,0,0,0.000002,1573203.309037,,,,,,,0,,,,,,,,,,,,,,,,0,0,0,,0.0399,-6362.530591,28.620268,249.57389,,,,,,,,,,,,,,,,,,,,,,,,,,,,,,,,,,,None,Continue,0,None,,,,,,1,6097.705505,432.371399,0.713823,11027861.328125,,,,,,,,,,,,,,1000,0,0,1,1,0.625838,,,
0,ASCENT,7,0,1,None,Holding,0,92.586186,407.818445,0,0,0,0,0.000002,1573203.309037,,,,,,,0,,,,,,,,,,,,,,,,0,0,0,,0.0399,-6362.530591,28.620268,249.657452,,,,,,,,,,,,,,,,,,,,,,,,,,,,,,,,,,,None,Continue,0,None,,,,,,1,6097.705505,432.371399,0.713823,11027861.328125,,,,,,,,,,,,,,1000,0,0,1,1,0.625854,,,
0,ASCENT,7,0,1,None,Holding,0,92.586186,407.818445,0,0,0,0,0.000002,1573203.27089,,,,,,,0,,,,,,,,,,,,,,,,0,0,0,,0.0399,-6362.530591,28.620268,249.741013,,,,,,,,,,,,,,,,,,,,,,,,,,,,,,,,,,,None,Continue,0,None,,,,,,1,6097.705505,432.371399,0.713823,11027861.328125,,,,,,,,,,,,,,1000,0,0,1,1,0.62587,,,
0,ASCENT,7,0,1,None,Holding,0,92.586186,407.818445,0,0,0,0,0.000002,1573203.27089,,,,,,,0,,,,,,,,,,,,,,,,0,0,0,,0.0399,-6362.530591,28.620268,249.824575,,,,,,,,,,,,,,,,,,,,,,,,,,,,,,,,,,,None,Continue,0,None,,,,,,1,6097.705505,432.371399,0.713823,11027861.328125,,,,,,,,,,,,,,1000,0,0,1,1,0.625886,,,
0,ASCENT,7,0,1,None,Holding,0,92.586186,407.818445,0,0,0,0,0.000002,1573203.27089,,,,,,,0,,,,,,,,,,,,,,,,0,0,0,,0.0399,-6362.530591,28.620268,249.908136,,,,,,,,,,,,,,,,,,,,,,,,,,,,,,,,,,,None,Continue,0,None,,,,,,1,6097.705505,432.371399,0.713823,11027861.328125,,,,,,,,,,,,,,1000,0,0,1,1,0.625902,,,
0,ASCENT,7,0,1,None,Holding,0,92.586186,407.818445,0,0,0,0,0.000002,1573203.27089,,,,,,,0,,,,,,,,,,,,,,,,0,0,0,,0.0399,-6362.530591,28.620268,249.991698,,,,,,,,,,,,,,,,,,,,,,,,,,,,,,,,,,,None,Continue,0,None,,,,,,1,6097.705505,432.371399,0.713823,11027861.328125,,,,,,,,,,,,,,1000,0,0,1,1,0.625918,,,
0,ASCENT,7,0,1,None,Holding,0,92.586186,407.818445,0,0,0,0,0.000002,1573203.27089,,,,,,,0,,,,,,,,,,,,,,,,0,0,0,,0.0399,-6362.530591,28.620268,250.075259,,,,,,,,,,,,,,,,,,,,,,,,,,,,,,,,,,,None,Continue,0,None,,,,,,1,6097.705505,432.371399,0.713823,11027861.328125,,,,,,,,,,,,,,1000,0,0,1,1,0.625933,,,
0,ASCENT,7,0,1,None,Holding,0,92.586186,407.818445,0,0,0,0,0.000002,1573203.27089,,,,,,,0,,,,,,,,,,,,,,,,0,0,0,,0.0399,-6362.530591,28.620268,250.15882,,,,,,,,,,,,,,,,,,,,,,,,,,,,,,,,,,,None,Continue,0,None,,,,,,1,6097.705505,432.371399,0.713823,11027861.328125,,,,,,,,,,,,,,1000,0,0,1,1,0.625949,,,
0,ASCENT,7,0,1,None,Holding,0,92.586186,407.818445,0,0,0,0,0.000002,1573203.27089,,,,,,,0,,,,,,,,,,,,,,,,0,0,0,,0.0399,-6362.530591,28.620268,250.242382,,,,,,,,,,,,,,,,,,,,,,,,,,,,,,,,,,,None,Continue,0,None,,,,,,1,6097.705505,432.371399,0.713823,11027861.328125,,,,,,,,,,,,,,1000,0,0,1,1,0.625965,,,
0,ASCENT,7,0,1,None,Holding,0,92.586186,407.818445,0,0,0,0,0.000002,1573203.27089,,,,,,,0,,,,,,,,,,,,,,,,0,0,0,,0.0399,-6362.530591,28.620268,250.325943,,,,,,,,,,,,,,,,,,,,,,,,,,,,,,,,,,,None,Continue,0,None,,,,,,1,6097.705505,432.371399,0.713823,11027861.328125,,,,,,,,,,,,,,1000,0,0,1,1,0.625981,,,
0,ASCENT,7,0,1,None,Holding,0,92.586186,407.818445,0,0,0,0,0.000002,1573203.27089,,,,,,,0,,,,,,,,,,,,,,,,0,0,0,,0.0399,-6362.530591,28.620268,250.409505,,,,,,,,,,,,,,,,,,,,,,,,,,,,,,,,,,,None,Continue,0,None,,,,,,1,6097.705505,432.371399,0.713823,11027861.328125,,,,,,,,,,,,,,1000,0,0,1,1,0.625996,,,
0,ASCENT,7,0,1,None,Holding,0,92.586186,407.818445,0,0,0,0,0.000002,1573203.27089,,,,,,,0,,,,,,,,,,,,,,,,0,0,0,,0.0399,-6362.530591,28.620268,250.493066,,,,,,,,,,,,,,,,,,,,,,,,,,,,,,,,,,,None,Continue,0,None,,,,,,1,6097.705505,432.371399,0.713823,11027861.328125,,,,,,,,,,,,,,1000,0,0,1,1,0.626012,,,
0,ASCENT,7,0,1,None,Holding,0,92.586186,407.818445,0,0,0,0,0.000002,1573203.26326,,,,,,,0,,,,,,,,,,,,,,,,0,0,0,,0.0399,-6362.530591,28.620268,250.576628,,,,,,,,,,,,,,,,,,,,,,,,,,,,,,,,,,,None,Continue,0,None,,,,,,1,6097.705505,432.371399,0.713823,11027861.328125,,,,,,,,,,,,,,1000,0,0,1,1,0.626027,,,
0,ASCENT,7,0,1,None,Holding,0,92.586186,407.818445,0,0,0,0,0.000002,1573203.26326,,,,,,,0,,,,,,,,,,,,,,,,0,0,0,,0.0399,-6362.530591,28.620268,250.660189,,,,,,,,,,,,,,,,,,,,,,,,,,,,,,,,,,,None,Continue,0,None,,,,,,1,6097.705505,432.371399,0.713823,11027861.328125,,,,,,,,,,,,,,1000,0,0,1,1,0.626043,,,
0,ASCENT,7,0,1,None,Holding,0,92.586186,407.818445,0,0,0,0,0.000002,1573203.26326,,,,,,,0,,,,,,,,,,,,,,,,0,0,0,,0.0399,-6362.530591,28.620268,250.743751,,,,,,,,,,,,,,,,,,,,,,,,,,,,,,,,,,,None,Continue,0,None,,,,,,1,6097.705505,432.371399,0.713823,11027861.328125,,,,,,,,,,,,,,1000,0,0,1,1,0.626059,,,
0,ASCENT,7,0,1,None,Holding,0,92.586186,407.818445,0,0,0,0,0.000002,1573203.26326,,,,,,,0,,,,,,,,,,,,,,,,0,0,0,,0.0399,-6362.530591,28.620268,250.827312,,,,,,,,,,,,,,,,,,,,,,,,,,,,,,,,,,,None,Continue,0,None,,,,,,1,6097.705017,432.371399,0.713823,11027861.328125,,,,,,,,,,,,,,1000,0,0,1,1,0.626074,,,
0,ASCENT,7,0,1,None,Holding,0,92.586186,407.818445,0,0,0,0,0.000002,1573203.26326,,,,,,,0,,,,,,,,,,,,,,,,0,0,0,,0.0399,-6362.530591,28.620268,250.910874,,,,,,,,,,,,,,,,,,,,,,,,,,,,,,,,,,,None,Continue,0,None,,,,,,1,6097.705017,432.371399,0.713823,11027861.328125,,,,,,,,,,,,,,1000,0,0,1,1,0.62609,,,
0,ASCENT,7,0,1,None,Holding,0,92.586186,407.818445,0,0,0,0,0.000002,1573203.26326,,,,,,,0,,,,,,,,,,,,,,,,0,0,0,,0.0399,-6362.530591,28.620268,250.994435,,,,,,,,,,,,,,,,,,,,,,,,,,,,,,,,,,,None,Continue,0,None,,,,,,1,6097.705017,432.371399,0.713823,11027861.328125,,,,,,,,,,,,,,1000,0,0,1,1,0.626105,,,
0,ASCENT,7,0,1,None,Holding,0,92.586186,407.818445,0,0,0,0,0.000002,1573203.26326,,,,,,,0,,,,,,,,,,,,,,,,0,0,0,,0.0399,-6362.530591,28.620268,251.077997,,,,,,,,,,,,,,,,,,,,,,,,,,,,,,,,,,,None,Continue,0,None,,,,,,1,6097.705017,432.371399,0.713823,11027861.328125,,,,,,,,,,,,,,1000,0,0,1,1,0.626121,,,
0,ASCENT,7,0,1,None,Holding,0,92.586186,407.818445,0,0,0,0,0.000002,1573203.26326,,,,,,,0,,,,,,,,,,,,,,,,0,0,0,,0.0399,-6362.530591,28.620268,251.161558,,,,,,,,,,,,,,,,,,,,,,,,,,,,,,,,,,,None,Continue,0,None,,,,,,1,6097.705017,432.371399,0.713823,11027861.328125,,,,,,,,,,,,,,1000,0,0,1,1,0.626136,,,
0,ASCENT,7,0,1,None,Holding,0,92.586186,407.818445,0,0,0,0,0.000002,1573203.26326,,,,,,,0,,,,,,,,,,,,,,,,0,0,0,,0.0399,-6362.530591,28.620268,251.24512,,,,,,,,,,,,,,,,,,,,,,,,,,,,,,,,,,,None,Continue,0,None,,,,,,1,6097.705017,432.371399,0.713823,11027861.328125,,,,,,,,,,,,,,1000,0,0,1,1,0.626151,,,
0,ASCENT,7,0,1,None,Holding,0,92.586186,407.818445,0,0,0,0,0.000002,1573203.26326,,,,,,,0,,,,,,,,,,,,,,,,0,0,0,,0.0399,-6362.530591,28.620268,251.328681,,,,,,,,,,,,,,,,,,,,,,,,,,,,,,,,,,,None,Continue,0,None,,,,,,1,6097.705017,432.371399,0.713823,11027861.328125,,,,,,,,,,,,,,1000,0,0,1,1,0.626167,,,
0,ASCENT,7,0,1,None,Holding,0,92.586186,407.818445,0,0,0,0,0.000002,1573203.26326,,,,,,,0,,,,,,,,,,,,,,,,0,0,0,,0.0399,-6362.530591,28.620268,251.412243,,,,,,,,,,,,,,,,,,,,,,,,,,,,,,,,,,,None,Continue,0,None,,,,,,1,6097.705017,432.371399,0.713823,11027861.328125,,,,,,,,,,,,,,1000,0,0,1,1,0.626182,,,
0,ASCENT,7,0,1,None,Holding,0,92.586186,407.818445,0,0,0,0,0.000002,1573203.255631,,,,,,,0,,,,,,,,,,,,,,,,0,0,0,,0.0399,-6362.530591,28.620268,251.495804,,,,,,,,,,,,,,,,,,,,,,,,,,,,,,,,,,,None,Continue,0,None,,,,,,1,6097.704529,432.371399,0.713823,11027861.328125,,,,,,,,,,,,,,1000,0,0,1,1,0.626197,,,
0,ASCENT,7,0,1,None,Holding,0,92.586186,407.818445,0,0,0,0,0.000002,1573203.255631,,,,,,,0,,,,,,,,,,,,,,,,0,0,0,,0.0399,-6362.530591,28.620268,251.579366,,,,,,,,,,,,,,,,,,,,,,,,,,,,,,,,,,,None,Continue,0,None,,,,,,1,6097.704529,432.371399,0.713823,11027861.328125,,,,,,,,,,,,,,1000,0,0,1,1,0.626213,,,
0,ASCENT,7,0,1,None,Holding,0,92.586186,407.818445,0,0,0,0,0.000002,1573203.255631,,,,,,,0,,,,,,,,,,,,,,,,0,0,0,,0.0399,-6362.530591,28.620268,251.662927,,,,,,,,,,,,,,,,,,,,,,,,,,,,,,,,,,,None,Continue,0,None,,,,,,1,6097.704529,432.371399,0.713823,11027861.328125,,,,,,,,,,,,,,1000,0,0,1,1,0.626228,,,
0,ASCENT,7,0,1,None,Holding,0,92.586186,407.818445,0,0,0,0,0.000002,1573203.255631,,,,,,,0,,,,,,,,,,,,,,,,0,0,0,,0.0399,-6362.530591,28.620268,251.746489,,,,,,,,,,,,,,,,,,,,,,,,,,,,,,,,,,,None,Continue,0,None,,,,,,1,6097.704529,432.371399,0.713823,11027861.328125,,,,,,,,,,,,,,1000,0,0,1,1,0.626243,,,
0,ASCENT,7,0,1,None,Holding,0,92.586186,407.818445,0,0,0,0,0.000002,1573203.255631,,,,,,,0,,,,,,,,,,,,,,,,0,0,0,,0.0399,-6362.530591,28.620268,251.83005,,,,,,,,,,,,,,,,,,,,,,,,,,,,,,,,,,,None,Continue,0,None,,,,,,1,6097.704529,432.371399,0.713823,11027861.328125,,,,,,,,,,,,,,1000,0,0,1,1,0.626258,,,
0,ASCENT,7,0,1,None,Holding,0,92.586186,407.818445,0,0,0,0,0.000002,1573203.225113,,,,,,,0,,,,,,,,,,,,,,,,0,0,0,,0.0399,-6362.530591,28.620268,251.913612,,,,,,,,,,,,,,,,,,,,,,,,,,,,,,,,,,,None,Continue,0,None,,,,,,1,6097.704529,432.371399,0.713823,11027861.328125,,,,,,,,,,,,,,1000,0,0,1,1,0.626274,,,
0,ASCENT,7,0,1,None,Holding,0,92.586186,407.818445,0,0,0,0,0.000002,1573203.225113,,,,,,,0,,,,,,,,,,,,,,,,0,0,0,,0.0399,-6362.530591,28.620268,251.997173,,,,,,,,,,,,,,,,,,,,,,,,,,,,,,,,,,,None,Continue,0,None,,,,,,1,6097.704529,432.371399,0.713823,11027861.328125,,,,,,,,,,,,,,1000,0,0,1,1,0.626289,,,
0,ASCENT,7,0,1,None,Holding,0,92.586186,407.818445,0,0,0,0,0.000002,1573203.225113,,,,,,,0,,,,,,,,,,,,,,,,0,0,0,,0.0399,-6362.530591,28.620268,252.080735,,,,,,,,,,,,,,,,,,,,,,,,,,,,,,,,,,,None,Continue,0,None,,,,,,1,6097.704529,432.371399,0.713823,11027861.328125,,,,,,,,,,,,,,1000,0,0,1,1,0.626304,,,
0,ASCENT,7,0,1,None,Holding,0,92.586186,407.818445,0,0,0,0,0.000002,1573203.225113,,,,,,,0,,,,,,,,,,,,,,,,0,0,0,,0.0399,-6362.530591,28.620268,252.164296,,,,,,,,,,,,,,,,,,,,,,,,,,,,,,,,,,,None,Continue,0,None,,,,,,1,6097.703979,432.371399,0.713823,11027861.328125,,,,,,,,,,,,,,1000,0,0,1,1,0.626319,,,
0,ASCENT,7,0,1,None,Holding,0,92.586186,407.818445,0,0,0,0,0.000002,1573203.225113,,,,,,,0,,,,,,,,,,,,,,,,0,0,0,,0.0399,-6362.530591,28.620268,252.247858,,,,,,,,,,,,,,,,,,,,,,,,,,,,,,,,,,,None,Continue,0,None,,,,,,1,6097.703979,432.371399,0.713823,11027861.328125,,,,,,,,,,,,,,1000,0,0,1,1,0.626334,,,
0,ASCENT,7,0,1,None,Holding,0,92.586186,407.818445,0,0,0,0,0.000002,1573203.217484,,,,,,,0,,,,,,,,,,,,,,,,0,0,0,,0.0399,-6362.530591,28.620268,252.331419,,,,,,,,,,,,,,,,,,,,,,,,,,,,,,,,,,,None,Continue,0,None,,,,,,1,6097.703979,432.371399,0.713823,11027861.328125,,,,,,,,,,,,,,1000,0,0,1,1,0.626349,,,
0,ASCENT,7,0,1,None,Holding,0,92.586186,407.818445,0,0,0,0,0.000002,1573203.217484,,,,,,,0,,,,,,,,,,,,,,,,0,0,0,,0.0399,-6362.530591,28.620268,252.414981,,,,,,,,,,,,,,,,,,,,,,,,,,,,,,,,,,,None,Continue,0,None,,,,,,1,6097.703979,432.371399,0.713823,11027861.328125,,,,,,,,,,,,,,1000,0,0,1,1,0.626364,,,
0,ASCENT,7,0,1,None,Holding,0,92.586186,407.818445,0,0,0,0,0.000002,1573203.217484,,,,,,,0,,,,,,,,,,,,,,,,0,0,0,,0.0399,-6362.530591,28.620268,252.498542,,,,,,,,,,,,,,,,,,,,,,,,,,,,,,,,,,,None,Continue,0,None,,,,,,1,6097.703979,432.371399,0.713823,11027861.328125,,,,,,,,,,,,,,1000,0,0,1,1,0.626379,,,
0,ASCENT,7,0,1,None,Holding,0,92.586186,407.818445,0,0,0,0,0.000002,1573203.217484,,,,,,,0,,,,,,,,,,,,,,,,0,0,0,,0.0399,-6362.530591,28.620268,252.582104,,,,,,,,,,,,,,,,,,,,,,,,,,,,,,,,,,,None,Continue,0,None,,,,,,1,6097.703979,432.371399,0.713823,11027861.328125,,,,,,,,,,,,,,1000,0,0,1,1,0.626394,,,
0,ASCENT,7,0,1,None,Holding,0,92.586186,407.818445,0,0,0,0,0.000002,1573203.217484,,,,,,,0,,,,,,,,,,,,,,,,0,0,0,,0.0399,-6362.530591,28.620268,252.665665,,,,,,,,,,,,,,,,,,,,,,,,,,,,,,,,,,,None,Continue,0,None,,,,,,1,6097.703979,432.371399,0.713823,11027861.328125,,,,,,,,,,,,,,1000,0,0,1,1,0.626409,,,
0,ASCENT,7,0,1,None,Holding,0,92.586186,407.818445,0,0,0,0,0.000002,1573203.217484,,,,,,,0,,,,,,,,,,,,,,,,0,0,0,,0.0399,-6362.530591,28.620268,252.749227,,,,,,,,,,,,,,,,,,,,,,,,,,,,,,,,,,,None,Continue,0,None,,,,,,1,6097.703979,432.371399,0.713823,11027861.328125,,,,,,,,,,,,,,1000,0,0,1,1,0.626424,,,
0,ASCENT,7,0,1,None,Holding,0,92.586186,407.818445,0,0,0,0,0.000002,1573203.217484,,,,,,,0,,,,,,,,,,,,,,,,0,0,0,,0.0399,-6362.530591,28.620268,252.832788,,,,,,,,,,,,,,,,,,,,,,,,,,,,,,,,,,,None,Continue,0,None,,,,,,1,6097.703491,432.371399,0.713823,11027861.328125,,,,,,,,,,,,,,1000,0,0,1,1,0.626439,,,
0,ASCENT,7,0,1,None,Holding,0,92.586186,407.818445,0,0,0,0,0.000002,1573203.217484,,,,,,,0,,,,,,,,,,,,,,,,0,0,0,,0.0399,-6362.530591,28.620268,252.91635,,,,,,,,,,,,,,,,,,,,,,,,,,,,,,,,,,,None,Continue,0,None,,,,,,1,6097.703491,432.371399,0.713823,11027861.328125,,,,,,,,,,,,,,1000,0,0,1,1,0.626454,,,
0,ASCENT,7,0,1,None,Holding,0,92.586186,407.818445,0,0,0,0,0.000002,1573203.217484,,,,,,,0,,,,,,,,,,,,,,,,0,0,0,,0.0399,-6362.530591,28.620268,252.999911,,,,,,,,,,,,,,,,,,,,,,,,,,,,,,,,,,,None,Continue,0,None,,,,,,1,6097.703491,432.371399,0.713823,11027861.328125,,,,,,,,,,,,,,1000,0,0,1,1,0.626469,,,
0,ASCENT,7,0,1,None,Holding,0,92.586186,407.818445,0,0,0,0,0.000002,1573203.217484,,,,,,,0,,,,,,,,,,,,,,,,0,0,0,,0.0399,-6362.530591,28.620268,253.083473,,,,,,,,,,,,,,,,,,,,,,,,,,,,,,,,,,,None,Continue,0,None,,,,,,1,6097.703491,432.371399,0.713823,11027861.328125,,,,,,,,,,,,,,1000,0,0,1,1,0.626483,,,
0,ASCENT,7,0,1,None,Holding,0,92.586186,407.818445,0,0,0,0,0.000002,1573203.209855,,,,,,,0,,,,,,,,,,,,,,,,0,0,0,,0.0399,-6362.530591,28.620268,253.167034,,,,,,,,,,,,,,,,,,,,,,,,,,,,,,,,,,,None,Continue,0,None,,,,,,1,6097.703491,432.371399,0.713823,11027861.328125,,,,,,,,,,,,,,1000,0,0,1,1,0.626498,,,
0,ASCENT,7,0,1,None,Holding,0,92.586186,407.818445,0,0,0,0,0.000002,1573203.209855,,,,,,,0,,,,,,,,,,,,,,,,0,0,0,,0.0399,-6362.530591,28.620268,253.250596,,,,,,,,,,,,,,,,,,,,,,,,,,,,,,,,,,,None,Continue,0,None,,,,,,1,6097.703491,432.371399,0.713823,11027861.328125,,,,,,,,,,,,,,1000,0,0,1,1,0.626513,,,
0,ASCENT,7,0,1,None,Holding,0,92.586186,407.818445,0,0,0,0,0.000002,1573203.209855,,,,,,,0,,,,,,,,,,,,,,,,0,0,0,,0.0399,-6362.530591,28.620268,253.334157,,,,,,,,,,,,,,,,,,,,,,,,,,,,,,,,,,,None,Continue,0,None,,,,,,1,6097.703491,432.371399,0.713823,11027861.328125,,,,,,,,,,,,,,1000,0,0,1,1,0.626528,,,
0,ASCENT,7,0,1,None,Holding,0,92.586186,407.818445,0,0,0,0,0.000002,1573203.209855,,,,,,,0,,,,,,,,,,,,,,,,0,0,0,,0.0399,-6362.530591,28.620268,253.417719,,,,,,,,,,,,,,,,,,,,,,,,,,,,,,,,,,,None,Continue,0,None,,,,,,1,6097.703491,432.371399,0.713823,11027861.328125,,,,,,,,,,,,,,1000,0,0,1,1,0.626542,,,
0,ASCENT,7,0,1,None,Holding,0,92.586186,407.818445,0,0,0,0,0.000002,1573203.209855,,,,,,,0,,,,,,,,,,,,,,,,0,0,0,,0.0399,-6362.530591,28.620268,253.50128,,,,,,,,,,,,,,,,,,,,,,,,,,,,,,,,,,,None,Continue,0,None,,,,,,1,6097.702515,432.371399,0.713823,11027861.328125,,,,,,,,,,,,,,1000,0,0,1,1,0.626557,,,
0,ASCENT,7,0,1,None,Holding,0,92.586186,407.818445,0,0,0,0,0.000002,1573203.209855,,,,,,,0,,,,,,,,,,,,,,,,0,0,0,,0.0399,-6362.530591,28.620268,253.584842,,,,,,,,,,,,,,,,,,,,,,,,,,,,,,,,,,,None,Continue,0,None,,,,,,1,6097.702515,432.371399,0.713823,11027861.328125,,,,,,,,,,,,,,1000,0,0,1,1,0.626572,,,
0,ASCENT,7,0,1,None,Holding,0,92.586186,407.818445,0,0,0,0,0.000002,1573203.209855,,,,,,,0,,,,,,,,,,,,,,,,0,0,0,,0.0399,-6362.530591,28.620268,253.668403,,,,,,,,,,,,,,,,,,,,,,,,,,,,,,,,,,,None,Continue,0,None,,,,,,1,6097.702515,432.371399,0.713823,11027861.328125,,,,,,,,,,,,,,1000,0,0,1,1,0.626586,,,
0,ASCENT,7,0,1,None,Holding,0,92.586186,407.818445,0,0,0,0,0.000002,1573203.209855,,,,,,,0,,,,,,,,,,,,,,,,0,0,0,,0.0399,-6362.530591,28.620268,253.751965,,,,,,,,,,,,,,,,,,,,,,,,,,,,,,,,,,,None,Continue,0,None,,,,,,1,6097.702515,432.371399,0.713823,11027861.328125,,,,,,,,,,,,,,1000,0,0,1,1,0.626601,,,
0,ASCENT,7,0,1,None,Holding,0,92.586186,407.818445,0,0,0,0,0.000002,1573203.209855,,,,,,,0,,,,,,,,,,,,,,,,0,0,0,,0.0399,-6362.530591,28.620268,253.835526,,,,,,,,,,,,,,,,,,,,,,,,,,,,,,,,,,,None,Continue,0,None,,,,,,1,6097.702515,432.371399,0.713823,11027861.328125,,,,,,,,,,,,,,1000,0,0,1,1,0.626616,,,
0,ASCENT,7,0,1,None,Holding,0,92.586186,407.818445,0,0,0,0,0.000002,1573203.209855,,,,,,,0,,,,,,,,,,,,,,,,0,0,0,,0.0399,-6362.530591,28.620268,253.919088,,,,,,,,,,,,,,,,,,,,,,,,,,,,,,,,,,,None,Continue,0,None,,,,,,1,6097.702515,432.371399,0.713823,11027861.328125,,,,,,,,,,,,,,1000,0,0,1,1,0.62663,,,
0,ASCENT,7,0,1,None,Holding,0,92.586186,407.818445,0,0,0,0,0.000002,1573203.171708,,,,,,,0,,,,,,,,,,,,,,,,0,0,0,,0.0399,-6362.530591,28.620268,254.002649,,,,,,,,,,,,,,,,,,,,,,,,,,,,,,,,,,,None,Continue,0,None,,,,,,1,6097.702515,432.371399,0.713823,11027861.328125,,,,,,,,,,,,,,1000,0,0,1,1,0.626645,,,
0,ASCENT,7,0,1,None,Holding,0,92.586186,407.818445,0,0,0,0,0.000002,1573203.171708,,,,,,,0,,,,,,,,,,,,,,,,0,0,0,,0.0399,-6362.530591,28.620268,254.086211,,,,,,,,,,,,,,,,,,,,,,,,,,,,,,,,,,,None,Continue,0,None,,,,,,1,6097.702515,432.371399,0.713823,11027861.328125,,,,,,,,,,,,,,1000,0,0,1,1,0.626659,,,
0,ASCENT,7,0,1,None,Holding,0,92.586186,407.818445,0,0,0,0,0.000002,1573203.171708,,,,,,,0,,,,,,,,,,,,,,,,0,0,0,,0.0399,-6362.530591,28.620268,254.169772,,,,,,,,,,,,,,,,,,,,,,,,,,,,,,,,,,,None,Continue,0,None,,,,,,1,6097.702393,432.371399,0.713823,11027861.328125,,,,,,,,,,,,,,1000,0,0,1,1,0.626674,,,
0,ASCENT,7,0,1,None,Holding,0,92.586186,407.818445,0,0,0,0,0.000002,1573203.171708,,,,,,,0,,,,,,,,,,,,,,,,0,0,0,,0.0399,-6362.530591,28.620268,254.253334,,,,,,,,,,,,,,,,,,,,,,,,,,,,,,,,,,,None,Continue,0,None,,,,,,1,6097.702393,432.371399,0.713823,11027861.328125,,,,,,,,,,,,,,1000,0,0,1,1,0.626688,,,
0,ASCENT,7,0,1,None,Holding,0,92.586186,407.818445,0,0,0,0,0.000002,1573203.171708,,,,,,,0,,,,,,,,,,,,,,,,0,0,0,,0.0399,-6362.530591,28.620268,254.336895,,,,,,,,,,,,,,,,,,,,,,,,,,,,,,,,,,,None,Continue,0,None,,,,,,1,6097.702393,432.371399,0.713823,11027861.328125,,,,,,,,,,,,,,1000,0,0,1,1,0.626702,,,
0,ASCENT,7,0,1,None,Holding,0,92.586186,407.818445,0,0,0,0,0.000002,1573203.171708,,,,,,,0,,,,,,,,,,,,,,,,0,0,0,,0.0399,-6362.530591,28.620268,254.420457,,,,,,,,,,,,,,,,,,,,,,,,,,,,,,,,,,,None,Continue,0,None,,,,,,1,6097.702393,432.371399,0.713823,11027861.328125,,,,,,,,,,,,,,1000,0,0,1,1,0.626717,,,
0,ASCENT,7,0,1,None,Holding,0,92.586186,407.818445,0,0,0,0,0.000002,1573203.171708,,,,,,,0,,,,,,,,,,,,,,,,0,0,0,,0.0399,-6362.530591,28.620268,254.504018,,,,,,,,,,,,,,,,,,,,,,,,,,,,,,,,,,,None,Continue,0,None,,,,,,1,6097.702393,432.371399,0.713823,11027861.328125,,,,,,,,,,,,,,1000,0,0,1,1,0.626731,,,
0,ASCENT,7,0,1,None,Holding,0,92.586186,407.818445,0,0,0,0,0.000002,1573203.171708,,,,,,,0,,,,,,,,,,,,,,,,0,0,0,,0.0399,-6362.530591,28.620268,254.58758,,,,,,,,,,,,,,,,,,,,,,,,,,,,,,,,,,,None,Continue,0,None,,,,,,1,6097.702393,432.371399,0.713823,11027861.328125,,,,,,,,,,,,,,1000,0,0,1,1,0.626745,,,
0,ASCENT,7,0,1,None,Holding,0,92.586186,407.818445,0,0,0,0,0.000002,1573203.171708,,,,,,,0,,,,,,,,,,,,,,,,0,0,0,,0.0399,-6362.530591,28.620268,254.671141,,,,,,,,,,,,,,,,,,,,,,,,,,,,,,,,,,,None,Continue,0,None,,,,,,1,6097.702393,432.371399,0.713823,11027861.328125,,,,,,,,,,,,,,1000,0,0,1,1,0.62676,,,
0,ASCENT,7,0,1,None,Holding,0,92.586186,407.818445,0,0,0,0,0.000002,1573203.164078,,,,,,,0,,,,,,,,,,,,,,,,0,0,0,,0.0399,-6362.530591,28.620268,254.754703,,,,,,,,,,,,,,,,,,,,,,,,,,,,,,,,,,,None,Continue,0,None,,,,,,1,6097.702393,432.371399,0.713823,11027861.328125,,,,,,,,,,,,,,1000,0,0,1,1,0.626774,,,
0,ASCENT,7,0,1,None,Holding,0,92.586186,407.818445,0,0,0,0,0.000002,1573203.164078,,,,,,,0,,,,,,,,,,,,,,,,0,0,0,,0.0399,-6362.530591,28.620268,254.838264,,,,,,,,,,,,,,,,,,,,,,,,,,,,,,,,,,,None,Continue,0,None,,,,,,1,6097.701416,432.371399,0.713823,11027861.328125,,,,,,,,,,,,,,1000,0,0,1,1,0.626788,,,
0,ASCENT,7,0,1,None,Holding,0,92.586186,407.818445,0,0,0,0,0.000002,1573203.164078,,,,,,,0,,,,,,,,,,,,,,,,0,0,0,,0.0399,-6362.530591,28.620268,254.921826,,,,,,,,,,,,,,,,,,,,,,,,,,,,,,,,,,,None,Continue,0,None,,,,,,1,6097.701416,432.371399,0.713823,11027861.328125,,,,,,,,,,,,,,1000,0,0,1,1,0.626803,,,
0,ASCENT,7,0,1,None,Holding,0,92.586186,407.818445,0,0,0,0,0.000002,1573203.164078,,,,,,,0,,,,,,,,,,,,,,,,0,0,0,,0.0399,-6362.530591,28.620268,255.005387,,,,,,,,,,,,,,,,,,,,,,,,,,,,,,,,,,,None,Continue,0,None,,,,,,1,6097.701416,432.371399,0.713823,11027861.328125,,,,,,,,,,,,,,1000,0,0,1,1,0.626817,,,
0,ASCENT,7,0,1,None,Holding,0,92.586186,407.818445,0,0,0,0,0.000002,1573203.164078,,,,,,,0,,,,,,,,,,,,,,,,0,0,0,,0.0399,-6362.530591,28.620268,255.088949,,,,,,,,,,,,,,,,,,,,,,,,,,,,,,,,,,,None,Continue,0,None,,,,,,1,6097.701416,432.371399,0.713823,11027861.328125,,,,,,,,,,,,,,1000,0,0,1,1,0.626831,,,
0,ASCENT,7,0,1,None,Holding,0,92.586186,407.818445,0,0,0,0,0.000002,1573203.164078,,,,,,,0,,,,,,,,,,,,,,,,0,0,0,,0.0399,-6362.530591,28.620268,255.17251,,,,,,,,,,,,,,,,,,,,,,,,,,,,,,,,,,,None,Continue,0,None,,,,,,1,6097.701416,432.371399,0.713823,11027861.328125,,,,,,,,,,,,,,1000,0,0,1,1,0.626845,,,
0,ASCENT,7,0,1,None,Holding,0,92.586186,407.818445,0,0,0,0,0.000002,1573203.164078,,,,,,,0,,,,,,,,,,,,,,,,0,0,0,,0.0399,-6362.530591,28.620268,255.256072,,,,,,,,,,,,,,,,,,,,,,,,,,,,,,,,,,,None,Continue,0,None,,,,,,1,6097.701416,432.371399,0.713823,11027861.328125,,,,,,,,,,,,,,1000,0,0,1,1,0.626859,,,
0,ASCENT,7,0,1,None,Holding,0,92.586186,407.818445,0,0,0,0,0.000002,1573203.164078,,,,,,,0,,,,,,,,,,,,,,,,0,0,0,,0.0399,-6362.530591,28.620268,255.339633,,,,,,,,,,,,,,,,,,,,,,,,,,,,,,,,,,,None,Continue,0,None,,,,,,1,6097.701416,432.371399,0.713823,11027861.328125,,,,,,,,,,,,,,1000,0,0,1,1,0.626873,,,
0,ASCENT,7,0,1,None,Holding,0,92.586186,407.818445,0,0,0,0,0.000002,1573203.164078,,,,,,,0,,,,,,,,,,,,,,,,0,0,0,,0.0399,-6362.530591,28.620268,255.423195,,,,,,,,,,,,,,,,,,,,,,,,,,,,,,,,,,,None,Continue,0,None,,,,,,1,6097.701416,432.371399,0.713823,11027861.328125,,,,,,,,,,,,,,1000,0,0,1,1,0.626887,,,
0,ASCENT,7,0,1,None,Holding,0,92.586186,407.818445,0,0,0,0,0.000002,1573203.164078,,,,,,,0,,,,,,,,,,,,,,,,0,0,0,,0.0399,-6362.530591,28.620268,255.506756,,,,,,,,,,,,,,,,,,,,,,,,,,,,,,,,,,,None,Continue,0,None,,,,,,1,6097.700928,432.371399,0.713823,11027861.328125,,,,,,,,,,,,,,1000,0,0,1,1,0.626901,,,
0,ASCENT,7,0,1,None,Holding,0,92.586186,407.818445,0,0,0,0,0.000002,1573203.156449,,,,,,,0,,,,,,,,,,,,,,,,0,0,0,,0.0399,-6362.530591,28.620268,255.590318,,,,,,,,,,,,,,,,,,,,,,,,,,,,,,,,,,,None,Continue,0,None,,,,,,1,6097.700928,432.371399,0.713823,11027861.328125,,,,,,,,,,,,,,1000,0,0,1,1,0.626915,,,
0,ASCENT,7,0,1,None,Holding,0,92.586186,407.818445,0,0,0,0,0.000002,1573203.156449,,,,,,,0,,,,,,,,,,,,,,,,0,0,0,,0.0399,-6362.530591,28.620268,255.673879,,,,,,,,,,,,,,,,,,,,,,,,,,,,,,,,,,,None,Continue,0,None,,,,,,1,6097.700928,432.371399,0.713823,11027861.328125,,,,,,,,,,,,,,1000,0,0,1,1,0.626929,,,
0,ASCENT,7,0,1,None,Holding,0,92.586186,407.818445,0,0,0,0,0.000002,1573203.156449,,,,,,,0,,,,,,,,,,,,,,,,0,0,0,,0.0399,-6362.530591,28.620268,255.75744,,,,,,,,,,,,,,,,,,,,,,,,,,,,,,,,,,,None,Continue,0,None,,,,,,1,6097.700928,432.371399,0.713823,11027861.328125,,,,,,,,,,,,,,1000,0,0,1,1,0.626943,,,
0,ASCENT,7,0,1,None,Holding,0,92.586186,407.818445,0,0,0,0,0.000002,1573203.156449,,,,,,,0,,,,,,,,,,,,,,,,0,0,0,,0.0399,-6362.530591,28.620268,255.841002,,,,,,,,,,,,,,,,,,,,,,,,,,,,,,,,,,,None,Continue,0,None,,,,,,1,6097.700928,432.371399,0.713823,11027861.328125,,,,,,,,,,,,,,1000,0,0,1,1,0.626957,,,
0,ASCENT,7,0,1,None,Holding,0,92.586186,407.818445,0,0,0,0,0.000002,1573203.125931,,,,,,,0,,,,,,,,,,,,,,,,0,0,0,,0.0399,-6362.530591,28.620268,255.924563,,,,,,,,,,,,,,,,,,,,,,,,,,,,,,,,,,,None,Continue,0,None,,,,,,1,6097.700928,432.371399,0.713823,11027861.328125,,,,,,,,,,,,,,1000,0,0,1,1,0.626971,,,
0,ASCENT,7,0,1,None,Holding,0,92.586186,407.818445,0,0,0,0,0.000002,1573203.125931,,,,,,,0,,,,,,,,,,,,,,,,0,0,0,,0.0399,-6362.530591,28.620268,256.008125,,,,,,,,,,,,,,,,,,,,,,,,,,,,,,,,,,,None,Continue,0,None,,,,,,1,6097.700928,432.371399,0.713823,11027861.328125,,,,,,,,,,,,,,1000,0,0,1,1,0.626985,,,
0,ASCENT,7,0,1,None,Holding,0,92.586186,407.818445,0,0,0,0,0.000002,1573203.125931,,,,,,,0,,,,,,,,,,,,,,,,0,0,0,,0.0399,-6362.530591,28.620268,256.091686,,,,,,,,,,,,,,,,,,,,,,,,,,,,,,,,,,,None,Continue,0,None,,,,,,1,6097.700928,432.371399,0.713823,11027861.328125,,,,,,,,,,,,,,1000,0,0,1,1,0.626999,,,
0,ASCENT,7,0,1,None,Holding,0,92.586186,407.818445,0,0,0,0,0.000002,1573203.125931,,,,,,,0,,,,,,,,,,,,,,,,0,0,0,,0.0399,-6362.530591,28.620268,256.175248,,,,,,,,,,,,,,,,,,,,,,,,,,,,,,,,,,,None,Continue,0,None,,,,,,1,6097.700439,432.371399,0.713823,11027861.328125,,,,,,,,,,,,,,1000,0,0,1,1,0.627013,,,
0,ASCENT,7,0,1,None,Holding,0,92.586186,407.818445,0,0,0,0,0.000002,1573203.125931,,,,,,,0,,,,,,,,,,,,,,,,0,0,0,,0.0399,-6362.530591,28.620268,256.258809,,,,,,,,,,,,,,,,,,,,,,,,,,,,,,,,,,,None,Continue,0,None,,,,,,1,6097.700439,432.371399,0.713823,11027861.328125,,,,,,,,,,,,,,1000,0,0,1,1,0.627026,,,
0,ASCENT,7,0,1,None,Holding,0,92.586186,407.818445,0,0,0,0,0.000002,1573203.118302,,,,,,,0,,,,,,,,,,,,,,,,0,0,0,,0.0399,-6362.530591,28.620268,256.342371,,,,,,,,,,,,,,,,,,,,,,,,,,,,,,,,,,,None,Continue,0,None,,,,,,1,6097.700439,432.371399,0.713823,11027861.328125,,,,,,,,,,,,,,1000,0,0,1,1,0.62704,,,
0,ASCENT,7,0,1,None,Holding,0,92.586186,407.818445,0,0,0,0,0.000002,1573203.118302,,,,,,,0,,,,,,,,,,,,,,,,0,0,0,,0.0399,-6362.530591,28.620268,256.425932,,,,,,,,,,,,,,,,,,,,,,,,,,,,,,,,,,,None,Continue,0,None,,,,,,1,6097.700439,432.371399,0.713823,11027861.328125,,,,,,,,,,,,,,1000,0,0,1,1,0.627054,,,
0,ASCENT,7,0,1,None,Holding,0,92.586186,407.818445,0,0,0,0,0.000002,1573203.118302,,,,,,,0,,,,,,,,,,,,,,,,0,0,0,,0.0399,-6362.530591,28.620268,256.509494,,,,,,,,,,,,,,,,,,,,,,,,,,,,,,,,,,,None,Continue,0,None,,,,,,1,6097.700439,432.371399,0.713823,11027861.328125,,,,,,,,,,,,,,1000,0,0,1,1,0.627067,,,
0,ASCENT,7,0,1,None,Holding,0,92.586186,407.818445,0,0,0,0,0.000002,1573203.118302,,,,,,,0,,,,,,,,,,,,,,,,0,0,0,,0.0399,-6362.530591,28.620268,256.593055,,,,,,,,,,,,,,,,,,,,,,,,,,,,,,,,,,,None,Continue,0,None,,,,,,1,6097.700439,432.371399,0.713823,11027861.328125,,,,,,,,,,,,,,1000,0,0,1,1,0.627081,,,
0,ASCENT,7,0,1,None,Holding,0,92.586186,407.818445,0,0,0,0,0.000002,1573203.118302,,,,,,,0,,,,,,,,,,,,,,,,0,0,0,,0.0399,-6362.530591,28.620268,256.676617,,,,,,,,,,,,,,,,,,,,,,,,,,,,,,,,,,,None,Continue,0,None,,,,,,1,6097.700439,432.371399,0.713823,11027861.328125,,,,,,,,,,,,,,1000,0,0,1,1,0.627095,,,
0,ASCENT,7,0,1,None,Holding,0,92.586186,407.818445,0,0,0,0,0.000002,1573203.118302,,,,,,,0,,,,,,,,,,,,,,,,0,0,0,,0.0399,-6362.530591,28.620268,256.760178,,,,,,,,,,,,,,,,,,,,,,,,,,,,,,,,,,,None,Continue,0,None,,,,,,1,6097.700439,432.371399,0.713823,11027861.328125,,,,,,,,,,,,,,1000,0,0,1,1,0.627108,,,
0,ASCENT,7,0,1,None,Holding,0,92.586186,407.818445,0,0,0,0,0.000002,1573203.118302,,,,,,,0,,,,,,,,,,,,,,,,0,0,0,,0.0399,-6362.530591,28.620268,256.84374,,,,,,,,,,,,,,,,,,,,,,,,,,,,,,,,,,,None,Continue,0,None,,,,,,1,6097.69989,432.371399,0.713823,11027861.328125,,,,,,,,,,,,,,1000,0,0,1,1,0.627122,,,
0,ASCENT,7,0,1,None,Holding,0,92.586186,407.818445,0,0,0,0,0.000002,1573203.118302,,,,,,,0,,,,,,,,,,,,,,,,0,0,0,,0.0399,-6362.530591,28.620268,256.927301,,,,,,,,,,,,,,,,,,,,,,,,,,,,,,,,,,,None,Continue,0,None,,,,,,1,6097.69989,432.371399,0.713823,11027861.328125,,,,,,,,,,,,,,1000,0,0,1,1,0.627136,,,
0,ASCENT,7,0,1,None,Holding,0,92.586186,407.818445,0,0,0,0,0.000002,1573203.118302,,,,,,,0,,,,,,,,,,,,,,,,0,0,0,,0.0399,-6362.530591,28.620268,257.010863,,,,,,,,,,,,,,,,,,,,,,,,,,,,,,,,,,,None,Continue,0,None,,,,,,1,6097.69989,432.371399,0.713823,11027861.328125,,,,,,,,,,,,,,1000,0,0,1,1,0.627149,,,
0,ASCENT,7,0,1,None,Holding,0,92.586186,407.818445,0,0,0,0,0.000002,1573203.110673,,,,,,,0,,,,,,,,,,,,,,,,0,0,0,,0.0399,-6362.530591,28.620268,257.094424,,,,,,,,,,,,,,,,,,,,,,,,,,,,,,,,,,,None,Continue,0,None,,,,,,1,6097.69989,432.371399,0.713823,11027861.328125,,,,,,,,,,,,,,1000,0,0,1,1,0.627163,,,
0,ASCENT,7,0,1,None,Holding,0,92.586186,407.818445,0,0,0,0,0.000002,1573203.110673,,,,,,,0,,,,,,,,,,,,,,,,0,0,0,,0.0399,-6362.530591,28.620268,257.177986,,,,,,,,,,,,,,,,,,,,,,,,,,,,,,,,,,,None,Continue,0,None,,,,,,1,6097.69989,432.371399,0.713823,11027861.328125,,,,,,,,,,,,,,1000,0,0,1,1,0.627176,,,
0,ASCENT,7,0,1,None,Holding,0,92.586186,407.818445,0,0,0,0,0.000002,1573203.110673,,,,,,,0,,,,,,,,,,,,,,,,0,0,0,,0.0399,-6362.530591,28.620268,257.261547,,,,,,,,,,,,,,,,,,,,,,,,,,,,,,,,,,,None,Continue,0,None,,,,,,1,6097.69989,432.371399,0.713823,11027861.328125,,,,,,,,,,,,,,1000,0,0,1,1,0.627189,,,
0,ASCENT,7,0,1,None,Holding,0,92.586186,407.818445,0,0,0,0,0.000002,1573203.110673,,,,,,,0,,,,,,,,,,,,,,,,0,0,0,,0.0399,-6362.530591,28.620268,257.345109,,,,,,,,,,,,,,,,,,,,,,,,,,,,,,,,,,,None,Continue,0,None,,,,,,1,6097.69989,432.371399,0.713823,11027861.328125,,,,,,,,,,,,,,1000,0,0,1,1,0.627203,,,
0,ASCENT,7,0,1,None,Holding,0,92.586186,407.818445,0,0,0,0,0.000002,1573203.110673,,,,,,,0,,,,,,,,,,,,,,,,0,0,0,,0.0399,-6362.530591,28.620268,257.42867,,,,,,,,,,,,,,,,,,,,,,,,,,,,,,,,,,,None,Continue,0,None,,,,,,1,6097.69989,432.371399,0.713823,11027861.328125,,,,,,,,,,,,,,1000,0,0,1,1,0.627216,,,
0,ASCENT,7,0,1,None,Holding,0,92.586186,407.818445,0,0,0,0,0.000002,1573203.110673,,,,,,,0,,,,,,,,,,,,,,,,0,0,0,,0.0399,-6362.530591,28.620268,257.512232,,,,,,,,,,,,,,,,,,,,,,,,,,,,,,,,,,,None,Continue,0,None,,,,,,1,6097.699402,432.371399,0.713823,11027861.328125,,,,,,,,,,,,,,1000,0,0,1,1,0.62723,,,
0,ASCENT,7,0,1,None,Holding,0,92.586186,407.818445,0,0,0,0,0.000002,1573203.110673,,,,,,,0,,,,,,,,,,,,,,,,0,0,0,,0.0399,-6362.530591,28.620268,257.595793,,,,,,,,,,,,,,,,,,,,,,,,,,,,,,,,,,,None,Continue,0,None,,,,,,1,6097.699402,432.371399,0.713823,11027861.328125,,,,,,,,,,,,,,1000,0,0,1,1,0.627243,,,
0,ASCENT,7,0,1,None,Holding,0,92.586186,407.818445,0,0,0,0,0.000002,1573203.110673,,,,,,,0,,,,,,,,,,,,,,,,0,0,0,,0.0399,-6362.530591,28.620268,257.679355,,,,,,,,,,,,,,,,,,,,,,,,,,,,,,,,,,,None,Continue,0,None,,,,,,1,6097.699402,432.371399,0.713823,11027861.328125,,,,,,,,,,,,,,1000,0,0,1,1,0.627256,,,
0,ASCENT,7,0,1,None,Holding,0,92.586186,407.818445,0,0,0,0,0.000002,1573203.110673,,,,,,,0,,,,,,,,,,,,,,,,0,0,0,,0.0399,-6362.530591,28.620268,257.762916,,,,,,,,,,,,,,,,,,,,,,,,,,,,,,,,,,,None,Continue,0,None,,,,,,1,6097.699402,432.371399,0.713823,11027861.328125,,,,,,,,,,,,,,1000,0,0,1,1,0.62727,,,
0,ASCENT,7,0,1,None,Holding,0,92.586186,407.818445,0,0,0,0,0.000002,1573203.072526,,,,,,,0,,,,,,,,,,,,,,,,0,0,0,,0.0399,-6362.530591,28.620268,257.846478,,,,,,,,,,,,,,,,,,,,,,,,,,,,,,,,,,,None,Continue,0,None,,,,,,1,6097.699402,432.371399,0.713823,11027861.328125,,,,,,,,,,,,,,1000,0,0,1,1,0.627283,,,
0,ASCENT,7,0,1,None,Holding,0,92.586186,407.818445,0,0,0,0,0.000002,1573203.072526,,,,,,,0,,,,,,,,,,,,,,,,0,0,0,,0.0399,-6362.530591,28.620268,257.930039,,,,,,,,,,,,,,,,,,,,,,,,,,,,,,,,,,,None,Continue,0,None,,,,,,1,6097.699402,432.371399,0.713823,11027861.328125,,,,,,,,,,,,,,1000,0,0,1,1,0.627296,,,
0,ASCENT,7,0,1,None,Holding,0,92.586186,407.818445,0,0,0,0,0.000002,1573203.072526,,,,,,,0,,,,,,,,,,,,,,,,0,0,0,,0.0399,-6362.530591,28.620268,258.013601,,,,,,,,,,,,,,,,,,,,,,,,,,,,,,,,,,,None,Continue,0,None,,,,,,1,6097.699402,432.371399,0.713823,11027861.328125,,,,,,,,,,,,,,1000,0,0,1,1,0.627309,,,
0,ASCENT,7,0,1,None,Holding,0,92.586186,407.818445,0,0,0,0,0.000002,1573203.072526,,,,,,,0,,,,,,,,,,,,,,,,0,0,0,,0.0399,-6362.530591,28.620268,258.097162,,,,,,,,,,,,,,,,,,,,,,,,,,,,,,,,,,,None,Continue,0,None,,,,,,1,6097.699402,432.371399,0.713823,11027861.328125,,,,,,,,,,,,,,1000,0,0,1,1,0.627322,,,
0,ASCENT,7,0,1,None,Holding,0,92.586186,407.818445,0,0,0,0,0.000002,1573203.072526,,,,,,,0,,,,,,,,,,,,,,,,0,0,0,,0.0399,-6362.530591,28.620268,258.180724,,,,,,,,,,,,,,,,,,,,,,,,,,,,,,,,,,,None,Continue,0,None,,,,,,1,6097.698914,432.371399,0.713823,11027861.328125,,,,,,,,,,,,,,1000,0,0,1,1,0.627335,,,
0,ASCENT,7,0,1,None,Holding,0,92.586186,407.818445,0,0,0,0,0.000002,1573203.072526,,,,,,,0,,,,,,,,,,,,,,,,0,0,0,,0.0399,-6362.530591,28.620268,258.264285,,,,,,,,,,,,,,,,,,,,,,,,,,,,,,,,,,,None,Continue,0,None,,,,,,1,6097.698914,432.371399,0.713823,11027861.328125,,,,,,,,,,,,,,1000,0,0,1,1,0.627349,,,
0,ASCENT,7,0,1,None,Holding,0,92.586186,407.818445,0,0,0,0,0.000002,1573203.072526,,,,,,,0,,,,,,,,,,,,,,,,0,0,0,,0.0399,-6362.530591,28.620268,258.347847,,,,,,,,,,,,,,,,,,,,,,,,,,,,,,,,,,,None,Continue,0,None,,,,,,1,6097.698914,432.371399,0.713823,11027861.328125,,,,,,,,,,,,,,1000,0,0,1,1,0.627362,,,
0,ASCENT,7,0,1,None,Holding,0,92.586186,407.818445,0,0,0,0,0.000002,1573203.072526,,,,,,,0,,,,,,,,,,,,,,,,0,0,0,,0.0399,-6362.530591,28.620268,258.431408,,,,,,,,,,,,,,,,,,,,,,,,,,,,,,,,,,,None,Continue,0,None,,,,,,1,6097.698914,432.371399,0.713823,11027861.328125,,,,,,,,,,,,,,1000,0,0,1,1,0.627375,,,
0,ASCENT,7,0,1,None,Holding,0,92.586186,407.818445,0,0,0,0,0.000002,1573203.072526,,,,,,,0,,,,,,,,,,,,,,,,0,0,0,,0.0399,-6362.530591,28.620268,258.51497,,,,,,,,,,,,,,,,,,,,,,,,,,,,,,,,,,,None,Continue,0,None,,,,,,1,6097.698914,432.371399,0.713823,11027861.328125,,,,,,,,,,,,,,1000,0,0,1,1,0.627388,,,
0,ASCENT,7,0,1,None,Holding,0,92.586186,407.818445,0,0,0,0,0.000002,1573203.064896,,,,,,,0,,,,,,,,,,,,,,,,0,0,0,,0.0399,-6362.530591,28.620268,258.598531,,,,,,,,,,,,,,,,,,,,,,,,,,,,,,,,,,,None,Continue,0,None,,,,,,1,6097.698914,432.371399,0.713823,11027861.328125,,,,,,,,,,,,,,1000,0,0,1,1,0.627401,,,
0,ASCENT,7,0,1,None,Holding,0,92.586186,407.818445,0,0,0,0,0.000002,1573203.064896,,,,,,,0,,,,,,,,,,,,,,,,0,0,0,,0.0399,-6362.530591,28.620268,258.682093,,,,,,,,,,,,,,,,,,,,,,,,,,,,,,,,,,,None,Continue,0,None,,,,,,1,6097.698914,432.371399,0.713823,11027861.328125,,,,,,,,,,,,,,1000,0,0,1,1,0.627414,,,
0,ASCENT,7,0,1,None,Holding,0,92.586186,407.818445,0,0,0,0,0.000002,1573203.064896,,,,,,,0,,,,,,,,,,,,,,,,0,0,0,,0.0399,-6362.530591,28.620268,258.765654,,,,,,,,,,,,,,,,,,,,,,,,,,,,,,,,,,,None,Continue,0,None,,,,,,1,6097.698914,432.371399,0.713823,11027861.328125,,,,,,,,,,,,,,1000,0,0,1,1,0.627427,,,
0,ASCENT,7,0,1,None,Holding,0,92.586186,407.818445,0,0,0,0,0.000002,1573203.064896,,,,,,,0,,,,,,,,,,,,,,,,0,0,0,,0.0399,-6362.530591,28.620268,258.849216,,,,,,,,,,,,,,,,,,,,,,,,,,,,,,,,,,,None,Continue,0,None,,,,,,1,6097.698364,432.371399,0.713823,11027861.328125,,,,,,,,,,,,,,1000,0,0,1,1,0.62744,,,
0,ASCENT,7,0,1,None,Holding,0,92.586186,407.818445,0,0,0,0,0.000002,1573203.064896,,,,,,,0,,,,,,,,,,,,,,,,0,0,0,,0.0399,-6362.530591,28.620268,258.932777,,,,,,,,,,,,,,,,,,,,,,,,,,,,,,,,,,,None,Continue,0,None,,,,,,1,6097.698364,432.371399,0.713823,11027861.328125,,,,,,,,,,,,,,1000,0,0,1,1,0.627452,,,
0,ASCENT,7,0,1,None,Holding,0,92.586186,407.818445,0,0,0,0,0.000002,1573203.064896,,,,,,,0,,,,,,,,,,,,,,,,0,0,0,,0.0399,-6362.530591,28.620268,259.016339,,,,,,,,,,,,,,,,,,,,,,,,,,,,,,,,,,,None,Continue,0,None,,,,,,1,6097.698364,432.371399,0.713823,11027861.328125,,,,,,,,,,,,,,1000,0,0,1,1,0.627465,,,
0,ASCENT,7,0,1,None,Holding,0,92.586186,407.818445,0,0,0,0,0.000002,1573203.064896,,,,,,,0,,,,,,,,,,,,,,,,0,0,0,,0.0399,-6362.530591,28.620268,259.0999,,,,,,,,,,,,,,,,,,,,,,,,,,,,,,,,,,,None,Continue,0,None,,,,,,1,6097.698364,432.371399,0.713823,11027861.328125,,,,,,,,,,,,,,1000,0,0,1,1,0.627478,,,
0,ASCENT,7,0,1,None,Holding,0,92.586186,407.818445,0,0,0,0,0.000002,1573203.064896,,,,,,,0,,,,,,,,,,,,,,,,0,0,0,,0.0399,-6362.530591,28.620268,259.183462,,,,,,,,,,,,,,,,,,,,,,,,,,,,,,,,,,,None,Continue,0,None,,,,,,1,6097.698364,432.371399,0.713823,11027861.328125,,,,,,,,,,,,,,1000,0,0,1,1,0.627491,,,
0,ASCENT,7,0,1,None,Holding,0,92.586186,407.818445,0,0,0,0,0.000002,1573203.057267,,,,,,,0,,,,,,,,,,,,,,,,0,0,0,,0.0399,-6362.530591,28.620268,259.267023,,,,,,,,,,,,,,,,,,,,,,,,,,,,,,,,,,,None,Continue,0,None,,,,,,1,6097.698364,432.371399,0.713823,11027861.328125,,,,,,,,,,,,,,1000,0,0,1,1,0.627504,,,
0,ASCENT,7,0,1,None,Holding,0,92.586186,407.818445,0,0,0,0,0.000002,1573203.057267,,,,,,,0,,,,,,,,,,,,,,,,0,0,0,,0.0399,-6362.530591,28.620268,259.350585,,,,,,,,,,,,,,,,,,,,,,,,,,,,,,,,,,,None,Continue,0,None,,,,,,1,6097.698364,432.371399,0.713823,11027861.328125,,,,,,,,,,,,,,1000,0,0,1,1,0.627516,,,
0,ASCENT,7,0,1,None,Holding,0,92.586186,407.818445,0,0,0,0,0.000002,1573203.057267,,,,,,,0,,,,,,,,,,,,,,,,0,0,0,,0.0399,-6362.530591,28.620268,259.434146,,,,,,,,,,,,,,,,,,,,,,,,,,,,,,,,,,,None,Continue,0,None,,,,,,1,6097.698364,432.371399,0.713823,11027861.328125,,,,,,,,,,,,,,1000,0,0,1,1,0.627529,,,
0,ASCENT,7,0,1,None,Holding,0,92.586186,407.818445,0,0,0,0,0.000002,1573203.057267,,,,,,,0,,,,,,,,,,,,,,,,0,0,0,,0.0399,-6362.530591,28.620268,259.517708,,,,,,,,,,,,,,,,,,,,,,,,,,,,,,,,,,,None,Continue,0,None,,,,,,1,6097.697388,432.371399,0.713823,11027861.328125,,,,,,,,,,,,,,1000,0,0,1,1,0.627542,,,
0,ASCENT,7,0,1,None,Holding,0,92.586186,407.818445,0,0,0,0,0.000002,1573203.026749,,,,,,,0,,,,,,,,,,,,,,,,0,0,0,,0.0399,-6362.530591,28.620268,259.601269,,,,,,,,,,,,,,,,,,,,,,,,,,,,,,,,,,,None,Continue,0,None,,,,,,1,6097.697388,432.371399,0.713823,11027861.328125,,,,,,,,,,,,,,1000,0,0,1,1,0.627554,,,
0,ASCENT,7,0,1,None,Holding,0,92.586186,407.818445,0,0,0,0,0.000002,1573203.026749,,,,,,,0,,,,,,,,,,,,,,,,0,0,0,,0.0399,-6362.530591,28.620268,259.684831,,,,,,,,,,,,,,,,,,,,,,,,,,,,,,,,,,,None,Continue,0,None,,,,,,1,6097.697388,432.371399,0.713823,11027861.328125,,,,,,,,,,,,,,1000,0,0,1,1,0.627567,,,
0,ASCENT,7,0,1,None,Holding,0,92.586186,407.818445,0,0,0,0,0.000002,1573203.026749,,,,,,,0,,,,,,,,,,,,,,,,0,0,0,,0.0399,-6362.530591,28.620268,259.768392,,,,,,,,,,,,,,,,,,,,,,,,,,,,,,,,,,,None,Continue,0,None,,,,,,1,6097.697388,432.371399,0.713823,11027861.328125,,,,,,,,,,,,,,1000,0,0,1,1,0.62758,,,
0,ASCENT,7,0,1,None,Holding,0,92.586186,407.818445,0,0,0,0,0.000002,1573203.026749,,,,,,,0,,,,,,,,,,,,,,,,0,0,0,,0.0399,-6362.530591,28.620268,259.851954,,,,,,,,,,,,,,,,,,,,,,,,,,,,,,,,,,,None,Continue,0,None,,,,,,1,6097.697388,432.371399,0.713823,11027861.328125,,,,,,,,,,,,,,1000,0,0,1,1,0.627592,,,
0,ASCENT,7,0,1,None,Holding,0,92.586186,407.818445,0,0,0,0,0.000002,1573203.026749,,,,,,,0,,,,,,,,,,,,,,,,0,0,0,,0.0399,-6362.530591,28.620268,259.935515,,,,,,,,,,,,,,,,,,,,,,,,,,,,,,,,,,,None,Continue,0,None,,,,,,1,6097.697388,432.371399,0.713823,11027861.328125,,,,,,,,,,,,,,1000,0,0,1,1,0.627605,,,
0,ASCENT,7,0,1,None,Holding,0,92.586186,407.818445,0,0,0,0,0.000002,1573203.01912,,,,,,,0,,,,,,,,,,,,,,,,0,0,0,,0.0399,-6362.530591,28.620268,260.019077,,,,,,,,,,,,,,,,,,,,,,,,,,,,,,,,,,,None,Continue,0,None,,,,,,1,6097.697388,432.371399,0.713823,11027861.328125,,,,,,,,,,,,,,1000,0,0,1,1,0.627617,,,
0,ASCENT,7,0,1,None,Holding,0,92.586186,407.818445,0,0,0,0,0.000002,1573203.01912,,,,,,,0,,,,,,,,,,,,,,,,0,0,0,,0.0399,-6362.530591,28.620268,260.102638,,,,,,,,,,,,,,,,,,,,,,,,,,,,,,,,,,,None,Continue,0,None,,,,,,1,6097.697388,432.371399,0.713823,11027861.328125,,,,,,,,,,,,,,1000,0,0,1,1,0.62763,,,
0,ASCENT,7,0,1,None,Holding,0,92.586186,407.818445,0,0,0,0,0.000002,1573203.01912,,,,,,,0,,,,,,,,,,,,,,,,0,0,0,,0.0399,-6362.530591,28.620268,260.1862,,,,,,,,,,,,,,,,,,,,,,,,,,,,,,,,,,,None,Continue,0,None,,,,,,1,6097.696899,432.371399,0.713823,11027861.328125,,,,,,,,,,,,,,1000,0,0,1,1,0.627642,,,
0,ASCENT,7,0,1,None,Holding,0,92.586186,407.818445,0,0,0,0,0.000002,1573203.01912,,,,,,,0,,,,,,,,,,,,,,,,0,0,0,,0.0399,-6362.530591,28.620268,260.269761,,,,,,,,,,,,,,,,,,,,,,,,,,,,,,,,,,,None,Continue,0,None,,,,,,1,6097.696899,432.371399,0.713823,11027861.328125,,,,,,,,,,,,,,1000,0,0,1,1,0.627655,,,
0,ASCENT,7,0,1,None,Holding,0,92.586186,407.818445,0,0,0,0,0.000002,1573203.01912,,,,,,,0,,,,,,,,,,,,,,,,0,0,0,,0.0399,-6362.530591,28.620268,260.353323,,,,,,,,,,,,,,,,,,,,,,,,,,,,,,,,,,,None,Continue,0,None,,,,,,1,6097.696899,432.371399,0.713823,11027861.328125,,,,,,,,,,,,,,1000,0,0,1,1,0.627667,,,
0,ASCENT,7,0,1,None,Holding,0,92.586186,407.818445,0,0,0,0,0.000002,1573203.01912,,,,,,,0,,,,,,,,,,,,,,,,0,0,0,,0.0399,-6362.530591,28.620268,260.436884,,,,,,,,,,,,,,,,,,,,,,,,,,,,,,,,,,,None,Continue,0,None,,,,,,1,6097.696899,432.371399,0.713823,11027861.328125,,,,,,,,,,,,,,1000,0,0,1,1,0.627679,,,
0,ASCENT,7,0,1,None,Holding,0,92.586186,407.818445,0,0,0,0,0.000002,1573203.01912,,,,,,,0,,,,,,,,,,,,,,,,0,0,0,,0.0399,-6362.530591,28.620268,260.520446,,,,,,,,,,,,,,,,,,,,,,,,,,,,,,,,,,,None,Continue,0,None,,,,,,1,6097.696899,432.371399,0.713823,11027861.328125,,,,,,,,,,,,,,1000,0,0,1,1,0.627692,,,
0,ASCENT,7,0,1,None,Holding,0,92.586186,407.818445,0,0,0,0,0.000002,1573203.01912,,,,,,,0,,,,,,,,,,,,,,,,0,0,0,,0.0399,-6362.530591,28.620268,260.604007,,,,,,,,,,,,,,,,,,,,,,,,,,,,,,,,,,,None,Continue,0,None,,,,,,1,6097.696899,432.371399,0.713823,11027861.328125,,,,,,,,,,,,,,1000,0,0,1,1,0.627704,,,
0,ASCENT,7,0,1,None,Holding,0,92.586186,407.818445,0,0,0,0,0.000002,1573203.01149,,,,,,,0,,,,,,,,,,,,,,,,0,0,0,,0.0399,-6362.530591,28.620268,260.687569,,,,,,,,,,,,,,,,,,,,,,,,,,,,,,,,,,,None,Continue,0,None,,,,,,1,6097.696899,432.371399,0.713823,11027861.328125,,,,,,,,,,,,,,1000,0,0,1,1,0.627716,,,
0,ASCENT,7,0,1,None,Holding,0,92.586186,407.818445,0,0,0,0,0.000002,1573203.01149,,,,,,,0,,,,,,,,,,,,,,,,0,0,0,,0.0399,-6362.530591,28.620268,260.77113,,,,,,,,,,,,,,,,,,,,,,,,,,,,,,,,,,,None,Continue,0,None,,,,,,1,6097.696899,432.371399,0.713823,11027861.328125,,,,,,,,,,,,,,1000,0,0,1,1,0.627728,,,
0,ASCENT,7,0,1,None,Holding,0,92.586186,407.818445,0,0,0,0,0.000002,1573203.01149,,,,,,,0,,,,,,,,,,,,,,,,0,0,0,,0.0399,-6362.530591,28.620268,260.854692,,,,,,,,,,,,,,,,,,,,,,,,,,,,,,,,,,,None,Continue,0,None,,,,,,1,6097.696289,432.371399,0.713823,11027861.328125,,,,,,,,,,,,,,1000,0,0,1,1,0.627741,,,
0,ASCENT,7,0,1,None,Holding,0,92.586186,407.818445,0,0,0,0,0.000002,1573203.01149,,,,,,,0,,,,,,,,,,,,,,,,0,0,0,,0.0399,-6362.530591,28.620268,260.938253,,,,,,,,,,,,,,,,,,,,,,,,,,,,,,,,,,,None,Continue,0,None,,,,,,1,6097.696289,432.371399,0.713823,11027861.328125,,,,,,,,,,,,,,1000,0,0,1,1,0.627753,,,
0,ASCENT,7,0,1,None,Holding,0,92.586186,407.818445,0,0,0,0,0.000002,1573203.01149,,,,,,,0,,,,,,,,,,,,,,,,0,0,0,,0.0399,-6362.530591,28.620268,261.021815,,,,,,,,,,,,,,,,,,,,,,,,,,,,,,,,,,,None,Continue,0,None,,,,,,1,6097.696289,432.371399,0.713823,11027861.328125,,,,,,,,,,,,,,1000,0,0,1,1,0.627765,,,
0,ASCENT,7,0,1,None,Holding,0,92.586186,407.818445,0,0,0,0,0.000002,1573203.01149,,,,,,,0,,,,,,,,,,,,,,,,0,0,0,,0.0399,-6362.530591,28.620268,261.105376,,,,,,,,,,,,,,,,,,,,,,,,,,,,,,,,,,,None,Continue,0,None,,,,,,1,6097.696289,432.371399,0.713823,11027861.328125,,,,,,,,,,,,,,1000,0,0,1,1,0.627777,,,
0,ASCENT,7,0,1,None,Holding,0,92.586186,407.818445,0,0,0,0,0.000002,1573203.01149,,,,,,,0,,,,,,,,,,,,,,,,0,0,0,,0.0399,-6362.530591,28.620268,261.188937,,,,,,,,,,,,,,,,,,,,,,,,,,,,,,,,,,,None,Continue,0,None,,,,,,1,6097.696289,432.371399,0.713823,11027861.328125,,,,,,,,,,,,,,1000,0,0,1,1,0.627789,,,
0,ASCENT,7,0,1,None,Holding,0,92.586186,407.818445,0,0,0,0,0.000002,1573203.01149,,,,,,,0,,,,,,,,,,,,,,,,0,0,0,,0.0399,-6362.530591,28.620268,261.272499,,,,,,,,,,,,,,,,,,,,,,,,,,,,,,,,,,,None,Continue,0,None,,,,,,1,6097.696289,432.371399,0.713823,11027861.328125,,,,,,,,,,,,,,1000,0,0,1,1,0.627801,,,
0,ASCENT,7,0,1,None,Holding,0,92.586186,407.818445,0,0,0,0,0.000002,1573202.973343,,,,,,,0,,,,,,,,,,,,,,,,0,0,0,,0.0399,-6362.530591,28.620268,261.35606,,,,,,,,,,,,,,,,,,,,,,,,,,,,,,,,,,,None,Continue,0,None,,,,,,1,6097.696289,432.371399,0.713823,11027861.328125,,,,,,,,,,,,,,1000,0,0,1,1,0.627813,,,
0,ASCENT,7,0,1,None,Holding,0,92.586186,407.818445,0,0,0,0,0.000002,1573202.973343,,,,,,,0,,,,,,,,,,,,,,,,0,0,0,,0.0399,-6362.530591,28.620268,261.439622,,,,,,,,,,,,,,,,,,,,,,,,,,,,,,,,,,,None,Continue,0,None,,,,,,1,6097.696289,432.371399,0.713823,11027861.328125,,,,,,,,,,,,,,1000,0,0,1,1,0.627825,,,
0,ASCENT,7,0,1,None,Holding,0,92.586186,407.818445,0,0,0,0,0.000002,1573202.973343,,,,,,,0,,,,,,,,,,,,,,,,0,0,0,,0.0399,-6362.530591,28.620268,261.523183,,,,,,,,,,,,,,,,,,,,,,,,,,,,,,,,,,,None,Continue,0,None,,,,,,1,6097.695313,432.371399,0.713823,11027861.328125,,,,,,,,,,,,,,1000,0,0,1,1,0.627837,,,
0,ASCENT,7,0,1,None,Holding,0,92.586186,407.818445,0,0,0,0,0.000002,1573202.973343,,,,,,,0,,,,,,,,,,,,,,,,0,0,0,,0.0399,-6362.530591,28.620268,261.606745,,,,,,,,,,,,,,,,,,,,,,,,,,,,,,,,,,,None,Continue,0,None,,,,,,1,6097.695313,432.371399,0.713823,11027861.328125,,,,,,,,,,,,,,1000,0,0,1,1,0.627849,,,
0,ASCENT,7,0,1,None,Holding,0,92.586186,407.818445,0,0,0,0,0.000002,1573202.973343,,,,,,,0,,,,,,,,,,,,,,,,0,0,0,,0.0399,-6362.530591,28.620268,261.690306,,,,,,,,,,,,,,,,,,,,,,,,,,,,,,,,,,,None,Continue,0,None,,,,,,1,6097.695313,432.371399,0.713823,11027861.328125,,,,,,,,,,,,,,1000,0,0,1,1,0.627861,,,
0,ASCENT,7,0,1,None,Holding,0,92.586186,407.818445,0,0,0,0,0.000002,1573202.973343,,,,,,,0,,,,,,,,,,,,,,,,0,0,0,,0.0399,-6362.530591,28.620268,261.773868,,,,,,,,,,,,,,,,,,,,,,,,,,,,,,,,,,,None,Continue,0,None,,,,,,1,6097.695313,432.371399,0.713823,11027861.328125,,,,,,,,,,,,,,1000,0,0,1,1,0.627873,,,
0,ASCENT,7,0,1,None,Holding,0,92.586186,407.818445,0,0,0,0,0.000002,1573202.973343,,,,,,,0,,,,,,,,,,,,,,,,0,0,0,,0.0399,-6362.530591,28.620268,261.857429,,,,,,,,,,,,,,,,,,,,,,,,,,,,,,,,,,,None,Continue,0,None,,,,,,1,6097.695313,432.371399,0.713823,11027861.328125,,,,,,,,,,,,,,1000,0,0,1,1,0.627885,,,
0,ASCENT,7,0,1,None,Holding,0,92.586186,407.818445,0,0,0,0,0.000002,1573202.973343,,,,,,,0,,,,,,,,,,,,,,,,0,0,0,,0.0399,-6362.530591,28.620268,261.940991,,,,,,,,,,,,,,,,,,,,,,,,,,,,,,,,,,,None,Continue,0,None,,,,,,1,6097.695313,432.371399,0.713823,11027861.328125,,,,,,,,,,,,,,1000,0,0,1,1,0.627897,,,
0,ASCENT,7,0,1,None,Holding,0,92.586186,407.818445,0,0,0,0,0.000002,1573202.965714,,,,,,,0,,,,,,,,,,,,,,,,0,0,0,,0.0399,-6362.530591,28.620268,262.024552,,,,,,,,,,,,,,,,,,,,,,,,,,,,,,,,,,,None,Continue,0,None,,,,,,1,6097.695313,432.371399,0.713823,11027861.328125,,,,,,,,,,,,,,1000,0,0,1,1,0.627909,,,
0,ASCENT,7,0,1,None,Holding,0,92.586186,407.818445,0,0,0,0,0.000002,1573202.965714,,,,,,,0,,,,,,,,,,,,,,,,0,0,0,,0.0399,-6362.530591,28.620268,262.108114,,,,,,,,,,,,,,,,,,,,,,,,,,,,,,,,,,,None,Continue,0,None,,,,,,1,6097.695313,432.371399,0.713823,11027861.328125,,,,,,,,,,,,,,1000,0,0,1,1,0.62792,,,
0,ASCENT,7,0,1,None,Holding,0,92.586186,407.818445,0,0,0,0,0.000002,1573202.965714,,,,,,,0,,,,,,,,,,,,,,,,0,0,0,,0.0399,-6362.530591,28.620268,262.191675,,,,,,,,,,,,,,,,,,,,,,,,,,,,,,,,,,,None,Continue,0,None,,,,,,1,6097.694763,432.371399,0.713823,11027861.328125,,,,,,,,,,,,,,1000,0,0,1,1,0.627932,,,
0,ASCENT,7,0,1,None,Holding,0,92.586186,407.818445,0,0,0,0,0.000002,1573202.965714,,,,,,,0,,,,,,,,,,,,,,,,0,0,0,,0.0399,-6362.530591,28.620268,262.275237,,,,,,,,,,,,,,,,,,,,,,,,,,,,,,,,,,,None,Continue,0,None,,,,,,1,6097.694763,432.371399,0.713823,11027861.328125,,,,,,,,,,,,,,1000,0,0,1,1,0.627944,,,
0,ASCENT,7,0,1,None,Holding,0,92.586186,407.818445,0,0,0,0,0.000002,1573202.965714,,,,,,,0,,,,,,,,,,,,,,,,0,0,0,,0.0399,-6362.530591,28.620268,262.358798,,,,,,,,,,,,,,,,,,,,,,,,,,,,,,,,,,,None,Continue,0,None,,,,,,1,6097.694763,432.371399,0.713823,11027861.328125,,,,,,,,,,,,,,1000,0,0,1,1,0.627956,,,
0,ASCENT,7,0,1,None,Holding,0,92.586186,407.818445,0,0,0,0,0.000002,1573202.965714,,,,,,,0,,,,,,,,,,,,,,,,0,0,0,,0.0399,-6362.530591,28.620268,262.44236,,,,,,,,,,,,,,,,,,,,,,,,,,,,,,,,,,,None,Continue,0,None,,,,,,1,6097.694763,432.371399,0.713823,11027861.328125,,,,,,,,,,,,,,1000,0,0,1,1,0.627967,,,
0,ASCENT,7,0,1,None,Holding,0,92.586186,407.818445,0,0,0,0,0.000002,1573202.965714,,,,,,,0,,,,,,,,,,,,,,,,0,0,0,,0.0399,-6362.530591,28.620268,262.525921,,,,,,,,,,,,,,,,,,,,,,,,,,,,,,,,,,,None,Continue,0,None,,,,,,1,6097.694763,432.371399,0.713823,11027861.328125,,,,,,,,,,,,,,1000,0,0,1,1,0.627979,,,
0,ASCENT,7,0,1,None,Holding,0,92.586186,407.818445,0,0,0,0,0.000002,1573202.965714,,,,,,,0,,,,,,,,,,,,,,,,0,0,0,,0.0399,-6362.530591,28.620268,262.609483,,,,,,,,,,,,,,,,,,,,,,,,,,,,,,,,,,,None,Continue,0,None,,,,,,1,6097.694763,432.371399,0.713823,11027861.328125,,,,,,,,,,,,,,1000,0,0,1,1,0.62799,,,
0,ASCENT,7,0,1,None,Holding,0,92.586186,407.818445,0,0,0,0,0.000002,1573202.958085,,,,,,,0,,,,,,,,,,,,,,,,0,0,0,,0.0399,-6362.530591,28.620268,262.693044,,,,,,,,,,,,,,,,,,,,,,,,,,,,,,,,,,,None,Continue,0,None,,,,,,1,6097.694763,432.371399,0.713823,11027861.328125,,,,,,,,,,,,,,1000,0,0,1,1,0.628002,,,
0,ASCENT,7,0,1,None,Holding,0,92.586186,407.818445,0,0,0,0,0.000002,1573202.958085,,,,,,,0,,,,,,,,,,,,,,,,0,0,0,,0.0399,-6362.530591,28.620268,262.776606,,,,,,,,,,,,,,,,,,,,,,,,,,,,,,,,,,,None,Continue,0,None,,,,,,1,6097.694763,432.371399,0.713823,11027861.328125,,,,,,,,,,,,,,1000,0,0,1,1,0.628013,,,
0,ASCENT,7,0,1,None,Holding,0,92.586186,407.818445,0,0,0,0,0.000002,1573202.958085,,,,,,,0,,,,,,,,,,,,,,,,0,0,0,,0.0399,-6362.530591,28.620268,262.860167,,,,,,,,,,,,,,,,,,,,,,,,,,,,,,,,,,,None,Continue,0,None,,,,,,1,6097.694275,432.371399,0.713823,11027861.328125,,,,,,,,,,,,,,1000,0,0,1,1,0.628025,,,
0,ASCENT,7,0,1,None,Holding,0,92.586186,407.818445,0,0,0,0,0.000002,1573202.958085,,,,,,,0,,,,,,,,,,,,,,,,0,0,0,,0.0399,-6362.530591,28.620268,262.943729,,,,,,,,,,,,,,,,,,,,,,,,,,,,,,,,,,,None,Continue,0,None,,,,,,1,6097.694275,432.371399,0.713823,11027861.328125,,,,,,,,,,,,,,1000,0,0,1,1,0.628036,,,
0,ASCENT,7,0,1,None,Holding,0,92.586186,407.818445,0,0,0,0,0.000002,1573202.927567,,,,,,,0,,,,,,,,,,,,,,,,0,0,0,,0.0399,-6362.530591,28.620268,263.02729,,,,,,,,,,,,,,,,,,,,,,,,,,,,,,,,,,,None,Continue,0,None,,,,,,1,6097.694275,432.371399,0.713823,11027861.328125,,,,,,,,,,,,,,1000,0,0,1,1,0.628048,,,
0,ASCENT,7,0,1,None,Holding,0,92.586186,407.818445,0,0,0,0,0.000002,1573202.927567,,,,,,,0,,,,,,,,,,,,,,,,0,0,0,,0.0399,-6362.530591,28.620268,263.110852,,,,,,,,,,,,,,,,,,,,,,,,,,,,,,,,,,,None,Continue,0,None,,,,,,1,6097.694275,432.371399,0.713823,11027861.328125,,,,,,,,,,,,,,1000,0,0,1,1,0.628059,,,
0,ASCENT,7,0,1,None,Holding,0,92.586186,407.818445,0,0,0,0,0.000002,1573202.927567,,,,,,,0,,,,,,,,,,,,,,,,0,0,0,,0.0399,-6362.530591,28.620268,263.194413,,,,,,,,,,,,,,,,,,,,,,,,,,,,,,,,,,,None,Continue,0,None,,,,,,1,6097.694275,432.371399,0.713823,11027861.328125,,,,,,,,,,,,,,1000,0,0,1,1,0.628071,,,
0,ASCENT,7,0,1,None,Holding,0,92.586186,407.818445,0,0,0,0,0.000002,1573202.927567,,,,,,,0,,,,,,,,,,,,,,,,0,0,0,,0.0399,-6362.530591,28.620268,263.277975,,,,,,,,,,,,,,,,,,,,,,,,,,,,,,,,,,,None,Continue,0,None,,,,,,1,6097.694275,432.371399,0.713823,11027861.328125,,,,,,,,,,,,,,1000,0,0,1,1,0.628082,,,
0,ASCENT,7,0,1,None,Holding,0,92.586186,407.818445,0,0,0,0,0.000002,1573202.919938,,,,,,,0,,,,,,,,,,,,,,,,0,0,0,,0.0399,-6362.530591,28.620268,263.361536,,,,,,,,,,,,,,,,,,,,,,,,,,,,,,,,,,,None,Continue,0,None,,,,,,1,6097.694275,432.371399,0.713823,11027861.328125,,,,,,,,,,,,,,1000,0,0,1,1,0.628093,,,
0,ASCENT,7,0,1,None,Holding,0,92.586186,407.818445,0,0,0,0,0.000002,1573202.919938,,,,,,,0,,,,,,,,,,,,,,,,0,0,0,,0.0399,-6362.530591,28.620268,263.445098,,,,,,,,,,,,,,,,,,,,,,,,,,,,,,,,,,,None,Continue,0,None,,,,,,1,6097.694275,432.371399,0.713823,11027861.328125,,,,,,,,,,,,,,1000,0,0,1,1,0.628105,,,
0,ASCENT,7,0,1,None,Holding,0,92.586186,407.818445,0,0,0,0,0.000002,1573202.919938,,,,,,,0,,,,,,,,,,,,,,,,0,0,0,,0.0399,-6362.530591,28.620268,263.528659,,,,,,,,,,,,,,,,,,,,,,,,,,,,,,,,,,,None,Continue,0,None,,,,,,1,6097.693298,432.371399,0.713823,11027861.328125,,,,,,,,,,,,,,1000,0,0,1,1,0.628116,,,
0,ASCENT,7,0,1,None,Holding,0,92.586186,407.818445,0,0,0,0,0.000002,1573202.919938,,,,,,,0,,,,,,,,,,,,,,,,0,0,0,,0.0399,-6362.530591,28.620268,263.612221,,,,,,,,,,,,,,,,,,,,,,,,,,,,,,,,,,,None,Continue,0,None,,,,,,1,6097.693298,432.371399,0.713823,11027861.328125,,,,,,,,,,,,,,1000,0,0,1,1,0.628127,,,
0,ASCENT,7,0,1,None,Holding,0,92.586186,407.818445,0,0,0,0,0.000002,1573202.919938,,,,,,,0,,,,,,,,,,,,,,,,0,0,0,,0.0399,-6362.530591,28.620268,263.695782,,,,,,,,,,,,,,,,,,,,,,,,,,,,,,,,,,,None,Continue,0,None,,,,,,1,6097.693298,432.371399,0.713823,11027861.328125,,,,,,,,,,,,,,1000,0,0,1,1,0.628138,,,
0,ASCENT,7,0,1,None,Holding,0,92.586186,407.818445,0,0,0,0,0.000002,1573202.919938,,,,,,,0,,,,,,,,,,,,,,,,0,0,0,,0.0399,-6362.530591,28.620268,263.779344,,,,,,,,,,,,,,,,,,,,,,,,,,,,,,,,,,,None,Continue,0,None,,,,,,1,6097.693298,432.371399,0.713823,11027861.328125,,,,,,,,,,,,,,1000,0,0,1,1,0.628149,,,
0,ASCENT,7,0,1,None,Holding,0,92.586186,407.818445,0,0,0,0,0.000002,1573202.919938,,,,,,,0,,,,,,,,,,,,,,,,0,0,0,,0.0399,-6362.530591,28.620268,263.862905,,,,,,,,,,,,,,,,,,,,,,,,,,,,,,,,,,,None,Continue,0,None,,,,,,1,6097.693298,432.371399,0.713823,11027861.328125,,,,,,,,,,,,,,1000,0,0,1,1,0.628161,,,
0,ASCENT,7,0,1,None,Holding,0,92.586186,407.818445,0,0,0,0,0.000002,1573202.919938,,,,,,,0,,,,,,,,,,,,,,,,0,0,0,,0.0399,-6362.530591,28.620268,263.946467,,,,,,,,,,,,,,,,,,,,,,,,,,,,,,,,,,,None,Continue,0,None,,,,,,1,6097.693298,432.371399,0.713823,11027861.328125,,,,,,,,,,,,,,1000,0,0,1,1,0.628172,,,
0,ASCENT,7,0,1,None,Holding,0,92.586186,407.818445,0,0,0,0,0.000002,1573202.912308,,,,,,,0,,,,,,,,,,,,,,,,0,0,0,,0.0399,-6362.530591,28.620268,264.030028,,,,,,,,,,,,,,,,,,,,,,,,,,,,,,,,,,,None,Continue,0,None,,,,,,1,6097.693298,432.371399,0.713823,11027861.328125,,,,,,,,,,,,,,1000,0,0,1,1,0.628183,,,
0,ASCENT,7,0,1,None,Holding,0,92.586186,407.818445,0,0,0,0,0.000002,1573202.912308,,,,,,,0,,,,,,,,,,,,,,,,0,0,0,,0.0399,-6362.530591,28.620268,264.11359,,,,,,,,,,,,,,,,,,,,,,,,,,,,,,,,,,,None,Continue,0,None,,,,,,1,6097.693298,432.371399,0.713823,11027861.328125,,,,,,,,,,,,,,1000,0,0,1,1,0.628194,,,
0,ASCENT,7,0,1,None,Holding,0,92.586186,407.818445,0,0,0,0,0.000002,1573202.912308,,,,,,,0,,,,,,,,,,,,,,,,0,0,0,,0.0399,-6362.530591,28.620268,264.197151,,,,,,,,,,,,,,,,,,,,,,,,,,,,,,,,,,,None,Continue,0,None,,,,,,1,6097.692749,432.371399,0.713823,11027861.328125,,,,,,,,,,,,,,1000,0,0,1,1,0.628205,,,
0,ASCENT,7,0,1,None,Holding,0,92.586186,407.818445,0,0,0,0,0.000002,1573202.912308,,,,,,,0,,,,,,,,,,,,,,,,0,0,0,,0.0399,-6362.530591,28.620268,264.280713,,,,,,,,,,,,,,,,,,,,,,,,,,,,,,,,,,,None,Continue,0,None,,,,,,1,6097.692749,432.371399,0.713823,11027861.328125,,,,,,,,,,,,,,1000,0,0,1,1,0.628216,,,
0,ASCENT,7,0,1,None,Holding,0,92.586186,407.818445,0,0,0,0,0.000002,1573202.912308,,,,,,,0,,,,,,,,,,,,,,,,0,0,0,,0.0399,-6362.530591,28.620268,264.364274,,,,,,,,,,,,,,,,,,,,,,,,,,,,,,,,,,,None,Continue,0,None,,,,,,1,6097.692749,432.371399,0.713823,11027861.328125,,,,,,,,,,,,,,1000,0,0,1,1,0.628227,,,
0,ASCENT,7,0,1,None,Holding,0,92.586186,407.818445,0,0,0,0,0.000002,1573202.912308,,,,,,,0,,,,,,,,,,,,,,,,0,0,0,,0.0399,-6362.530591,28.620268,264.447836,,,,,,,,,,,,,,,,,,,,,,,,,,,,,,,,,,,None,Continue,0,None,,,,,,1,6097.692749,432.371399,0.713823,11027861.328125,,,,,,,,,,,,,,1000,0,0,1,1,0.628238,,,
0,ASCENT,7,0,1,None,Holding,0,92.586186,407.818445,0,0,0,0,0.000002,1573202.912308,,,,,,,0,,,,,,,,,,,,,,,,0,0,0,,0.0399,-6362.530591,28.620268,264.531397,,,,,,,,,,,,,,,,,,,,,,,,,,,,,,,,,,,None,Continue,0,None,,,,,,1,6097.692749,432.371399,0.713823,11027861.328125,,,,,,,,,,,,,,1000,0,0,1,1,0.628249,,,
0,ASCENT,7,0,1,None,Holding,0,92.586186,407.818445,0,0,0,0,0.000002,1573202.881791,,,,,,,0,,,,,,,,,,,,,,,,0,0,0,,0.0399,-6362.530591,28.620268,264.614959,,,,,,,,,,,,,,,,,,,,,,,,,,,,,,,,,,,None,Continue,0,None,,,,,,1,6097.692749,432.371399,0.713823,11027861.328125,,,,,,,,,,,,,,1000,0,0,1,1,0.628259,,,
0,ASCENT,7,0,1,None,Holding,0,92.586186,407.818445,0,0,0,0,0.000002,1573202.874161,,,,,,,0,,,,,,,,,,,,,,,,0,0,0,,0.0399,-6362.530591,28.620268,264.69852,,,,,,,,,,,,,,,,,,,,,,,,,,,,,,,,,,,None,Continue,0,None,,,,,,1,6097.692749,432.371399,0.713823,11027861.328125,,,,,,,,,,,,,,1000,0,0,1,1,0.62827,,,
0,ASCENT,7,0,1,None,Holding,0,92.586186,407.818445,0,0,0,0,0.000002,1573202.874161,,,,,,,0,,,,,,,,,,,,,,,,0,0,0,,0.0399,-6362.530591,28.620268,264.782082,,,,,,,,,,,,,,,,,,,,,,,,,,,,,,,,,,,None,Continue,0,None,,,,,,1,6097.692749,432.371399,0.713823,11027861.328125,,,,,,,,,,,,,,1000,0,0,1,1,0.628281,,,
0,ASCENT,7,0,1,None,Holding,0,92.586186,407.818445,0,0,0,0,0.000002,1573202.874161,,,,,,,0,,,,,,,,,,,,,,,,0,0,0,,0.0399,-6362.530591,28.620268,264.865643,,,,,,,,,,,,,,,,,,,,,,,,,,,,,,,,,,,None,Continue,0,None,,,,,,1,6097.692261,432.371399,0.713823,11027861.328125,,,,,,,,,,,,,,1000,0,0,1,1,0.628292,,,
0,ASCENT,7,0,1,None,Holding,0,92.586186,407.818445,0,0,0,0,0.000002,1573202.874161,,,,,,,0,,,,,,,,,,,,,,,,0,0,0,,0.0399,-6362.530591,28.620268,264.949205,,,,,,,,,,,,,,,,,,,,,,,,,,,,,,,,,,,None,Continue,0,None,,,,,,1,6097.692261,432.371399,0.713823,11027861.328125,,,,,,,,,,,,,,1000,0,0,1,1,0.628303,,,
0,ASCENT,7,0,1,None,Holding,0,92.586186,407.818445,0,0,0,0,0.000002,1573202.874161,,,,,,,0,,,,,,,,,,,,,,,,0,0,0,,0.0399,-6362.530591,28.620268,265.032766,,,,,,,,,,,,,,,,,,,,,,,,,,,,,,,,,,,None,Continue,0,None,,,,,,1,6097.692261,432.371399,0.713823,11027861.328125,,,,,,,,,,,,,,1000,0,0,1,1,0.628313,,,
0,ASCENT,7,0,1,None,Holding,0,92.586186,407.818445,0,0,0,0,0.000002,1573202.874161,,,,,,,0,,,,,,,,,,,,,,,,0,0,0,,0.0399,-6362.530591,28.620268,265.116328,,,,,,,,,,,,,,,,,,,,,,,,,,,,,,,,,,,None,Continue,0,None,,,,,,1,6097.692261,432.371399,0.713823,11027861.328125,,,,,,,,,,,,,,1000,0,0,1,1,0.628324,,,
0,ASCENT,7,0,1,None,Holding,0,92.586186,407.818445,0,0,0,0,0.000002,1573202.874161,,,,,,,0,,,,,,,,,,,,,,,,0,0,0,,0.0399,-6362.530591,28.620268,265.199889,,,,,,,,,,,,,,,,,,,,,,,,,,,,,,,,,,,None,Continue,0,None,,,,,,1,6097.692261,432.371399,0.713823,11027861.328125,,,,,,,,,,,,,,1000,0,0,1,1,0.628335,,,
0,ASCENT,7,0,1,None,Holding,0,92.586186,407.818445,0,0,0,0,0.000002,1573202.866532,,,,,,,0,,,,,,,,,,,,,,,,0,0,0,,0.0399,-6362.530591,28.620268,265.283451,,,,,,,,,,,,,,,,,,,,,,,,,,,,,,,,,,,None,Continue,0,None,,,,,,1,6097.692261,432.371399,0.713823,11027861.328125,,,,,,,,,,,,,,1000,0,0,1,1,0.628345,,,
0,ASCENT,7,0,1,None,Holding,0,92.586186,407.818445,0,0,0,0,0.000002,1573202.866532,,,,,,,0,,,,,,,,,,,,,,,,0,0,0,,0.0399,-6362.530591,28.620268,265.367012,,,,,,,,,,,,,,,,,,,,,,,,,,,,,,,,,,,None,Continue,0,None,,,,,,1,6097.692261,432.371399,0.713823,11027861.328125,,,,,,,,,,,,,,1000,0,0,1,1,0.628356,,,
0,ASCENT,7,0,1,None,Holding,0,92.586186,407.818445,0,0,0,0,0.000002,1573202.866532,,,,,,,0,,,,,,,,,,,,,,,,0,0,0,,0.0399,-6362.530591,28.620268,265.450574,,,,,,,,,,,,,,,,,,,,,,,,,,,,,,,,,,,None,Continue,0,None,,,,,,1,6097.691772,432.371399,0.713823,11027861.328125,,,,,,,,,,,,,,1000,0,0,1,1,0.628367,,,
0,ASCENT,7,0,1,None,Holding,0,92.586186,407.818445,0,0,0,0,0.000002,1573202.866532,,,,,,,0,,,,,,,,,,,,,,,,0,0,0,,0.0399,-6362.530591,28.620268,265.534135,,,,,,,,,,,,,,,,,,,,,,,,,,,,,,,,,,,None,Continue,0,None,,,,,,1,6097.691772,432.371399,0.713823,11027861.328125,,,,,,,,,,,,,,1000,0,0,1,1,0.628377,,,
0,ASCENT,7,0,1,None,Holding,0,92.586186,407.818445,0,0,0,0,0.000002,1573202.866532,,,,,,,0,,,,,,,,,,,,,,,,0,0,0,,0.0399,-6362.530591,28.620268,265.617697,,,,,,,,,,,,,,,,,,,,,,,,,,,,,,,,,,,None,Continue,0,None,,,,,,1,6097.691772,432.371399,0.713823,11027861.328125,,,,,,,,,,,,,,1000,0,0,1,1,0.628388,,,
0,ASCENT,7,0,1,None,Holding,0,92.586186,407.818445,0,0,0,0,0.000002,1573202.866532,,,,,,,0,,,,,,,,,,,,,,,,0,0,0,,0.0399,-6362.530591,28.620268,265.701258,,,,,,,,,,,,,,,,,,,,,,,,,,,,,,,,,,,None,Continue,0,None,,,,,,1,6097.691772,432.371399,0.713823,11027861.328125,,,,,,,,,,,,,,1000,0,0,1,1,0.628398,,,
0,ASCENT,7,0,1,None,Holding,0,92.586186,407.818445,0,0,0,0,0.000002,1573202.866532,,,,,,,0,,,,,,,,,,,,,,,,0,0,0,,0.0399,-6362.530591,28.620268,265.78482,,,,,,,,,,,,,,,,,,,,,,,,,,,,,,,,,,,None,Continue,0,None,,,,,,1,6097.691772,432.371399,0.713823,11027861.328125,,,,,,,,,,,,,,1000,0,0,1,1,0.628409,,,
0,ASCENT,7,0,1,None,Holding,0,92.586186,407.818445,0,0,0,0,0.000002,1573202.866532,,,,,,,0,,,,,,,,,,,,,,,,0,0,0,,0.0399,-6362.530591,28.620268,265.868381,,,,,,,,,,,,,,,,,,,,,,,,,,,,,,,,,,,None,Continue,0,None,,,,,,1,6097.691772,432.371399,0.713823,11027861.328125,,,,,,,,,,,,,,1000,0,0,1,1,0.628419,,,
0,ASCENT,7,0,1,None,Holding,0,92.586186,407.818445,0,0,0,0,0.000002,1573202.858903,,,,,,,0,,,,,,,,,,,,,,,,0,0,0,,0.0399,-6362.530591,28.620268,265.951943,,,,,,,,,,,,,,,,,,,,,,,,,,,,,,,,,,,None,Continue,0,None,,,,,,1,6097.691772,432.371399,0.713823,11027861.328125,,,,,,,,,,,,,,1000,0,0,1,1,0.628429,,,
0,ASCENT,7,0,1,None,Holding,0,92.586186,407.818445,0,0,0,0,0.000002,1573202.858903,,,,,,,0,,,,,,,,,,,,,,,,0,0,0,,0.0399,-6362.530591,28.620268,266.035504,,,,,,,,,,,,,,,,,,,,,,,,,,,,,,,,,,,None,Continue,0,None,,,,,,1,6097.691772,432.371399,0.713823,11027861.328125,,,,,,,,,,,,,,1000,0,0,1,1,0.62844,,,
0,ASCENT,7,0,1,None,Holding,0,92.586186,407.818445,0,0,0,0,0.000002,1573202.858903,,,,,,,0,,,,,,,,,,,,,,,,0,0,0,,0.0399,-6362.530591,28.620268,266.119066,,,,,,,,,,,,,,,,,,,,,,,,,,,,,,,,,,,None,Continue,0,None,,,,,,1,6097.690674,432.371399,0.713823,11027861.328125,,,,,,,,,,,,,,1000,0,0,1,1,0.62845,,,
0,ASCENT,7,0,1,None,Holding,0,92.586186,407.818445,0,0,0,0,0.000002,1573202.828385,,,,,,,0,,,,,,,,,,,,,,,,0,0,0,,0.0399,-6362.530591,28.620268,266.202627,,,,,,,,,,,,,,,,,,,,,,,,,,,,,,,,,,,None,Continue,0,None,,,,,,1,6097.690674,432.371399,0.713823,11027861.328125,,,,,,,,,,,,,,1000,0,0,1,1,0.62846,,,
0,ASCENT,7,0,1,None,Holding,0,92.586186,407.818445,0,0,0,0,0.000002,1573202.828385,,,,,,,0,,,,,,,,,,,,,,,,0,0,0,,0.0399,-6362.530591,28.620268,266.286189,,,,,,,,,,,,,,,,,,,,,,,,,,,,,,,,,,,None,Continue,0,None,,,,,,1,6097.690674,432.371399,0.713823,11027861.328125,,,,,,,,,,,,,,1000,0,0,1,1,0.62847,,,
0,ASCENT,7,0,1,None,Holding,0,92.586186,407.818445,0,0,0,0,0.000002,1573202.828385,,,,,,,0,,,,,,,,,,,,,,,,0,0,0,,0.0399,-6362.530591,28.620268,266.36975,,,,,,,,,,,,,,,,,,,,,,,,,,,,,,,,,,,None,Continue,0,None,,,,,,1,6097.690674,432.371399,0.713823,11027861.328125,,,,,,,,,,,,,,1000,0,0,1,1,0.628481,,,
0,ASCENT,7,0,1,None,Holding,0,92.586186,407.818445,0,0,0,0,0.000002,1573202.828385,,,,,,,0,,,,,,,,,,,,,,,,0,0,0,,0.0399,-6362.530591,28.620268,266.453312,,,,,,,,,,,,,,,,,,,,,,,,,,,,,,,,,,,None,Continue,0,None,,,,,,1,6097.690674,432.371399,0.713823,11027861.328125,,,,,,,,,,,,,,1000,0,0,1,1,0.628491,,,
0,ASCENT,7,0,1,None,Holding,0,92.586186,407.818445,0,0,0,0,0.000002,1573202.820756,,,,,,,0,,,,,,,,,,,,,,,,0,0,0,,0.0399,-6362.530591,28.620268,266.536873,,,,,,,,,,,,,,,,,,,,,,,,,,,,,,,,,,,None,Continue,0,None,,,,,,1,6097.690674,432.371399,0.713823,11027861.328125,,,,,,,,,,,,,,1000,0,0,1,1,0.628501,,,
0,ASCENT,7,0,1,None,Holding,0,92.586186,407.818445,0,0,0,0,0.000002,1573202.820756,,,,,,,0,,,,,,,,,,,,,,,,0,0,0,,0.0399,-6362.530591,28.620268,266.620435,,,,,,,,,,,,,,,,,,,,,,,,,,,,,,,,,,,None,Continue,0,None,,,,,,1,6097.690674,432.371399,0.713823,11027861.328125,,,,,,,,,,,,,,1000,0,0,1,1,0.628511,,,
0,ASCENT,7,0,1,None,Holding,0,92.586186,407.818445,0,0,0,0,0.000002,1573202.820756,,,,,,,0,,,,,,,,,,,,,,,,0,0,0,,0.0399,-6362.530591,28.620268,266.703996,,,,,,,,,,,,,,,,,,,,,,,,,,,,,,,,,,,None,Continue,0,None,,,,,,1,6097.690674,432.371399,0.713823,11027861.328125,,,,,,,,,,,,,,1000,0,0,1,1,0.628521,,,
0,ASCENT,7,0,1,None,Holding,0,92.586186,407.818445,0,0,0,0,0.000002,1573202.820756,,,,,,,0,,,,,,,,,,,,,,,,0,0,0,,0.0399,-6362.530591,28.620268,266.787557,,,,,,,,,,,,,,,,,,,,,,,,,,,,,,,,,,,None,Continue,0,None,,,,,,1,6097.690186,432.371399,0.713823,11027861.328125,,,,,,,,,,,,,,1000,0,0,1,1,0.628531,,,
0,ASCENT,7,0,1,None,Holding,0,92.586186,407.818445,0,0,0,0,0.000002,1573202.820756,,,,,,,0,,,,,,,,,,,,,,,,0,0,0,,0.0399,-6362.530591,28.620268,266.871119,,,,,,,,,,,,,,,,,,,,,,,,,,,,,,,,,,,None,Continue,0,None,,,,,,1,6097.690186,432.371399,0.713823,11027861.328125,,,,,,,,,,,,,,1000,0,0,1,1,0.628541,,,
0,ASCENT,7,0,1,None,Holding,0,92.586186,407.818445,0,0,0,0,0.000002,1573202.820756,,,,,,,0,,,,,,,,,,,,,,,,0,0,0,,0.0399,-6362.530591,28.620268,266.95468,,,,,,,,,,,,,,,,,,,,,,,,,,,,,,,,,,,None,Continue,0,None,,,,,,1,6097.690186,432.371399,0.713823,11027861.328125,,,,,,,,,,,,,,1000,0,0,1,1,0.628551,,,
0,ASCENT,7,0,1,None,Holding,0,92.586186,407.818445,0,0,0,0,0.000002,1573202.820756,,,,,,,0,,,,,,,,,,,,,,,,0,0,0,,0.0399,-6362.530591,28.620268,267.038242,,,,,,,,,,,,,,,,,,,,,,,,,,,,,,,,,,,None,Continue,0,None,,,,,,1,6097.690186,432.371399,0.713823,11027861.328125,,,,,,,,,,,,,,1000,0,0,1,1,0.628561,,,
0,ASCENT,7,0,1,None,Holding,0,92.586186,407.818445,0,0,0,0,0.000002,1573202.820756,,,,,,,0,,,,,,,,,,,,,,,,0,0,0,,0.0399,-6362.530591,28.620268,267.121803,,,,,,,,,,,,,,,,,,,,,,,,,,,,,,,,,,,None,Continue,0,None,,,,,,1,6097.690186,432.371399,0.713823,11027861.328125,,,,,,,,,,,,,,1000,0,0,1,1,0.628571,,,
0,ASCENT,7,0,1,None,Holding,0,92.586186,407.818445,0,0,0,0,0.000002,1573202.813126,,,,,,,0,,,,,,,,,,,,,,,,0,0,0,,0.0399,-6362.530591,28.620268,267.205365,,,,,,,,,,,,,,,,,,,,,,,,,,,,,,,,,,,None,Continue,0,None,,,,,,1,6097.690186,432.371399,0.713823,11027861.328125,,,,,,,,,,,,,,1000,0,0,1,1,0.628581,,,
0,ASCENT,7,0,1,None,Holding,0,92.586186,407.818445,0,0,0,0,0.000002,1573202.813126,,,,,,,0,,,,,,,,,,,,,,,,0,0,0,,0.0399,-6362.530591,28.620268,267.288926,,,,,,,,,,,,,,,,,,,,,,,,,,,,,,,,,,,None,Continue,0,None,,,,,,1,6097.690186,432.371399,0.713823,11027861.328125,,,,,,,,,,,,,,1000,0,0,1,1,0.628591,,,
0,ASCENT,7,0,1,None,Holding,0,92.586186,407.818445,0,0,0,0,0.000002,1573202.813126,,,,,,,0,,,,,,,,,,,,,,,,0,0,0,,0.0399,-6362.530591,28.620268,267.372488,,,,,,,,,,,,,,,,,,,,,,,,,,,,,,,,,,,None,Continue,0,None,,,,,,1,6097.690186,432.371399,0.713823,11027861.328125,,,,,,,,,,,,,,1000,0,0,1,1,0.628601,,,
0,ASCENT,7,0,1,None,Holding,0,92.586186,407.818445,0,0,0,0,0.000002,1573202.813126,,,,,,,0,,,,,,,,,,,,,,,,0,0,0,,0.0399,-6362.530591,28.620268,267.456049,,,,,,,,,,,,,,,,,,,,,,,,,,,,,,,,,,,None,Continue,0,None,,,,,,1,6097.689148,432.371399,0.713823,11027861.328125,,,,,,,,,,,,,,1000,0,0,1,1,0.628611,,,
0,ASCENT,7,0,1,None,Holding,0,92.586186,407.818445,0,0,0,0,0.000002,1573202.813126,,,,,,,0,,,,,,,,,,,,,,,,0,0,0,,0.0399,-6362.530591,28.620268,267.539611,,,,,,,,,,,,,,,,,,,,,,,,,,,,,,,,,,,None,Continue,0,None,,,,,,1,6097.689148,432.371399,0.713823,11027861.328125,,,,,,,,,,,,,,1000,0,0,1,1,0.62862,,,
0,ASCENT,7,0,1,None,Holding,0,92.586186,407.818445,0,0,0,0,0.000002,1573202.813126,,,,,,,0,,,,,,,,,,,,,,,,0,0,0,,0.0399,-6362.530591,28.620268,267.623172,,,,,,,,,,,,,,,,,,,,,,,,,,,,,,,,,,,None,Continue,0,None,,,,,,1,6097.689148,432.371399,0.713823,11027861.328125,,,,,,,,,,,,,,1000,0,0,1,1,0.62863,,,
0,ASCENT,7,0,1,None,Holding,0,92.586186,407.818445,0,0,0,0,0.000002,1573202.782609,,,,,,,0,,,,,,,,,,,,,,,,0,0,0,,0.0399,-6362.530591,28.620268,267.706734,,,,,,,,,,,,,,,,,,,,,,,,,,,,,,,,,,,None,Continue,0,None,,,,,,1,6097.689148,432.371399,0.713823,11027861.328125,,,,,,,,,,,,,,1000,0,0,1,1,0.62864,,,
0,ASCENT,7,0,1,None,Holding,0,92.586186,407.818445,0,0,0,0,0.000002,1573202.774979,,,,,,,0,,,,,,,,,,,,,,,,0,0,0,,0.0399,-6362.530591,28.620268,267.790295,,,,,,,,,,,,,,,,,,,,,,,,,,,,,,,,,,,None,Continue,0,None,,,,,,1,6097.689148,432.371399,0.713823,11027861.328125,,,,,,,,,,,,,,1000,0,0,1,1,0.62865,,,
0,ASCENT,7,0,1,None,Holding,0,92.586186,407.818445,0,0,0,0,0.000002,1573202.774979,,,,,,,0,,,,,,,,,,,,,,,,0,0,0,,0.0399,-6362.530591,28.620268,267.873857,,,,,,,,,,,,,,,,,,,,,,,,,,,,,,,,,,,None,Continue,0,None,,,,,,1,6097.689148,432.371399,0.713823,11027861.328125,,,,,,,,,,,,,,1000,0,0,1,1,0.628659,,,
0,ASCENT,7,0,1,None,Holding,0,92.586186,407.818445,0,0,0,0,0.000002,1573202.774979,,,,,,,0,,,,,,,,,,,,,,,,0,0,0,,0.0399,-6362.530591,28.620268,267.957418,,,,,,,,,,,,,,,,,,,,,,,,,,,,,,,,,,,None,Continue,0,None,,,,,,1,6097.689148,432.371399,0.713823,11027861.328125,,,,,,,,,,,,,,1000,0,0,1,1,0.628669,,,
0,ASCENT,7,0,1,None,Holding,0,92.586186,407.818445,0,0,0,0,0.000002,1573202.774979,,,,,,,0,,,,,,,,,,,,,,,,0,0,0,,0.0399,-6362.530591,28.620268,268.04098,,,,,,,,,,,,,,,,,,,,,,,,,,,,,,,,,,,None,Continue,0,None,,,,,,1,6097.689148,432.371399,0.713823,11027861.328125,,,,,,,,,,,,,,1000,0,0,1,1,0.628678,,,
0,ASCENT,7,0,1,None,Holding,0,92.586186,407.818445,0,0,0,0,0.000002,1573202.774979,,,,,,,0,,,,,,,,,,,,,,,,0,0,0,,0.0399,-6362.530591,28.620268,268.124541,,,,,,,,,,,,,,,,,,,,,,,,,,,,,,,,,,,None,Continue,0,None,,,,,,1,6097.68866,432.371399,0.713823,11027861.328125,,,,,,,,,,,,,,1000,0,0,1,1,0.628688,,,
0,ASCENT,7,0,1,None,Holding,0,92.586186,407.818445,0,0,0,0,0.000002,1573202.774979,,,,,,,0,,,,,,,,,,,,,,,,0,0,0,,0.0399,-6362.530591,28.620268,268.208103,,,,,,,,,,,,,,,,,,,,,,,,,,,,,,,,,,,None,Continue,0,None,,,,,,1,6097.68866,432.371399,0.713823,11027861.328125,,,,,,,,,,,,,,1000,0,0,1,1,0.628698,,,
0,ASCENT,7,0,1,None,Holding,0,92.586186,407.818445,0,0,0,0,0.000002,1573202.774979,,,,,,,0,,,,,,,,,,,,,,,,0,0,0,,0.0399,-6362.530591,28.620268,268.291664,,,,,,,,,,,,,,,,,,,,,,,,,,,,,,,,,,,None,Continue,0,None,,,,,,1,6097.68866,432.371399,0.713823,11027861.328125,,,,,,,,,,,,,,1000,0,0,1,1,0.628707,,,
0,ASCENT,7,0,1,None,Holding,0,92.586186,407.818445,0,0,0,0,0.000002,1573202.76735,,,,,,,0,,,,,,,,,,,,,,,,0,0,0,,0.0399,-6362.530591,28.620268,268.375226,,,,,,,,,,,,,,,,,,,,,,,,,,,,,,,,,,,None,Continue,0,None,,,,,,1,6097.68866,432.371399,0.713823,11027861.328125,,,,,,,,,,,,,,1000,0,0,1,1,0.628717,,,
0,ASCENT,7,0,1,None,Holding,0,92.586186,407.818445,0,0,0,0,0.000002,1573202.76735,,,,,,,0,,,,,,,,,,,,,,,,0,0,0,,0.0399,-6362.530591,28.620268,268.458787,,,,,,,,,,,,,,,,,,,,,,,,,,,,,,,,,,,None,Continue,0,None,,,,,,1,6097.68866,432.371399,0.713823,11027861.328125,,,,,,,,,,,,,,1000,0,0,1,1,0.628726,,,
0,ASCENT,7,0,1,None,Holding,0,92.586186,407.818445,0,0,0,0,0.000002,1573202.76735,,,,,,,0,,,,,,,,,,,,,,,,0,0,0,,0.0399,-6362.530591,28.620268,268.542349,,,,,,,,,,,,,,,,,,,,,,,,,,,,,,,,,,,None,Continue,0,None,,,,,,1,6097.68866,432.371399,0.713823,11027861.328125,,,,,,,,,,,,,,1000,0,0,1,1,0.628735,,,
0,ASCENT,7,0,1,None,Holding,0,92.586186,407.818445,0,0,0,0,0.000002,1573202.76735,,,,,,,0,,,,,,,,,,,,,,,,0,0,0,,0.0399,-6362.530591,28.620268,268.62591,,,,,,,,,,,,,,,,,,,,,,,,,,,,,,,,,,,None,Continue,0,None,,,,,,1,6097.68866,432.371399,0.713823,11027861.328125,,,,,,,,,,,,,,1000,0,0,1,1,0.628745,,,
0,ASCENT,7,0,1,None,Holding,0,92.586186,407.818445,0,0,0,0,0.000002,1573202.76735,,,,,,,0,,,,,,,,,,,,,,,,0,0,0,,0.0399,-6362.530591,28.620268,268.709472,,,,,,,,,,,,,,,,,,,,,,,,,,,,,,,,,,,None,Continue,0,None,,,,,,1,6097.687683,432.371399,0.713824,11027861.328125,,,,,,,,,,,,,,1000,0,0,1,1,0.628754,,,
0,ASCENT,7,0,1,None,Holding,0,92.586186,407.818445,0,0,0,0,0.000002,1573202.76735,,,,,,,0,,,,,,,,,,,,,,,,0,0,0,,0.0399,-6362.530591,28.620268,268.793033,,,,,,,,,,,,,,,,,,,,,,,,,,,,,,,,,,,None,Continue,0,None,,,,,,1,6097.687683,432.371399,0.713824,11027861.328125,,,,,,,,,,,,,,1000,0,0,1,1,0.628764,,,
0,ASCENT,7,0,1,None,Holding,0,92.586186,407.818445,0,0,0,0,0.000002,1573202.76735,,,,,,,0,,,,,,,,,,,,,,,,0,0,0,,0.0399,-6362.530591,28.620268,268.876595,,,,,,,,,,,,,,,,,,,,,,,,,,,,,,,,,,,None,Continue,0,None,,,,,,1,6097.687683,432.371399,0.713824,11027861.328125,,,,,,,,,,,,,,1000,0,0,1,1,0.628773,,,
0,ASCENT,7,0,1,None,Holding,0,92.586186,407.818445,0,0,0,0,0.000002,1573202.75972,,,,,,,0,,,,,,,,,,,,,,,,0,0,0,,0.0399,-6362.530591,28.620268,268.960156,,,,,,,,,,,,,,,,,,,,,,,,,,,,,,,,,,,None,Continue,0,None,,,,,,1,6097.687683,432.371399,0.713824,11027861.328125,,,,,,,,,,,,,,1000,0,0,1,1,0.628782,,,
0,ASCENT,7,0,1,None,Holding,0,92.586186,407.818445,0,0,0,0,0.000002,1573202.75972,,,,,,,0,,,,,,,,,,,,,,,,0,0,0,,0.0399,-6362.530591,28.620268,269.043718,,,,,,,,,,,,,,,,,,,,,,,,,,,,,,,,,,,None,Continue,0,None,,,,,,1,6097.687683,432.371399,0.713824,11027861.328125,,,,,,,,,,,,,,1000,0,0,1,1,0.628791,,,
0,ASCENT,7,0,1,None,Holding,0,92.586186,407.818445,0,0,0,0,0.000002,1573202.75972,,,,,,,0,,,,,,,,,,,,,,,,0,0,0,,0.0399,-6362.530591,28.620268,269.127279,,,,,,,,,,,,,,,,,,,,,,,,,,,,,,,,,,,None,Continue,0,None,,,,,,1,6097.687683,432.371399,0.713824,11027861.328125,,,,,,,,,,,,,,1000,0,0,1,1,0.628801,,,
0,ASCENT,7,0,1,None,Holding,0,92.586186,407.818445,0,0,0,0,0.000002,1573202.729203,,,,,,,0,,,,,,,,,,,,,,,,0,0,0,,0.0399,-6362.530591,28.620268,269.210841,,,,,,,,,,,,,,,,,,,,,,,,,,,,,,,,,,,None,Continue,0,None,,,,,,1,6097.687683,432.371399,0.713824,11027861.328125,,,,,,,,,,,,,,1000,0,0,1,1,0.62881,,,
0,ASCENT,7,0,1,None,Holding,0,92.586186,407.818445,0,0,0,0,0.000002,1573202.729203,,,,,,,0,,,,,,,,,,,,,,,,0,0,0,,0.0399,-6362.530591,28.620268,269.294402,,,,,,,,,,,,,,,,,,,,,,,,,,,,,,,,,,,None,Continue,0,None,,,,,,1,6097.687683,432.371399,0.713824,11027861.328125,,,,,,,,,,,,,,1000,0,0,1,1,0.628819,,,
0,ASCENT,7,0,1,None,Holding,0,92.586186,407.818445,0,0,0,0,0.000002,1573202.729203,,,,,,,0,,,,,,,,,,,,,,,,0,0,0,,0.0399,-6362.530591,28.620268,269.377964,,,,,,,,,,,,,,,,,,,,,,,,,,,,,,,,,,,None,Continue,0,None,,,,,,1,6097.687134,432.371399,0.713824,11027861.328125,,,,,,,,,,,,,,1000,0,0,1,1,0.628828,,,
0,ASCENT,7,0,1,None,Holding,0,92.586186,407.818445,0,0,0,0,0.000002,1573202.729203,,,,,,,0,,,,,,,,,,,,,,,,0,0,0,,0.0399,-6362.530591,28.620268,269.461525,,,,,,,,,,,,,,,,,,,,,,,,,,,,,,,,,,,None,Continue,0,None,,,,,,1,6097.687134,432.371399,0.713824,11027861.328125,,,,,,,,,,,,,,1000,0,0,1,1,0.628837,,,
0,ASCENT,7,0,1,None,Holding,0,92.586186,407.818445,0,0,0,0,0.000002,1573202.721573,,,,,,,0,,,,,,,,,,,,,,,,0,0,0,,0.0399,-6362.530591,28.620268,269.545087,,,,,,,,,,,,,,,,,,,,,,,,,,,,,,,,,,,None,Continue,0,None,,,,,,1,6097.687134,432.371399,0.713824,11027861.328125,,,,,,,,,,,,,,1000,0,0,1,1,0.628846,,,
0,ASCENT,7,0,1,None,Holding,0,92.586186,407.818445,0,0,0,0,0.000002,1573202.721573,,,,,,,0,,,,,,,,,,,,,,,,0,0,0,,0.0399,-6362.530591,28.620268,269.628648,,,,,,,,,,,,,,,,,,,,,,,,,,,,,,,,,,,None,Continue,0,None,,,,,,1,6097.687134,432.371399,0.713824,11027861.328125,,,,,,,,,,,,,,1000,0,0,1,1,0.628855,,,
0,ASCENT,7,0,1,None,Holding,0,92.586186,407.818445,0,0,0,0,0.000002,1573202.721573,,,,,,,0,,,,,,,,,,,,,,,,0,0,0,,0.0399,-6362.530591,28.620268,269.71221,,,,,,,,,,,,,,,,,,,,,,,,,,,,,,,,,,,None,Continue,0,None,,,,,,1,6097.687134,432.371399,0.713824,11027861.328125,,,,,,,,,,,,,,1000,0,0,1,1,0.628864,,,
0,ASCENT,7,0,1,None,Holding,0,92.586186,407.818445,0,0,0,0,0.000002,1573202.721573,,,,,,,0,,,,,,,,,,,,,,,,0,0,0,,0.0399,-6362.530591,28.620268,269.795771,,,,,,,,,,,,,,,,,,,,,,,,,,,,,,,,,,,None,Continue,0,None,,,,,,1,6097.687134,432.371399,0.713824,11027861.328125,,,,,,,,,,,,,,1000,0,0,1,1,0.628873,,,
0,ASCENT,7,0,1,None,Holding,0,92.586186,407.818445,0,0,0,0,0.000002,1573202.721573,,,,,,,0,,,,,,,,,,,,,,,,0,0,0,,0.0399,-6362.530591,28.620268,269.879333,,,,,,,,,,,,,,,,,,,,,,,,,,,,,,,,,,,None,Continue,0,None,,,,,,1,6097.687134,432.371399,0.713824,11027861.328125,,,,,,,,,,,,,,1000,0,0,1,1,0.628882,,,
0,ASCENT,7,0,1,None,Holding,0,92.586186,407.818445,0,0,0,0,0.000002,1573202.721573,,,,,,,0,,,,,,,,,,,,,,,,0,0,0,,0.0399,-6362.530591,28.620268,269.962894,,,,,,,,,,,,,,,,,,,,,,,,,,,,,,,,,,,None,Continue,0,None,,,,,,1,6097.687134,432.371399,0.713824,11027861.328125,,,,,,,,,,,,,,1000,0,0,1,1,0.628891,,,
0,ASCENT,7,0,1,None,Holding,0,92.586186,407.818445,0,0,0,0,0.000002,1573202.721573,,,,,,,0,,,,,,,,,,,,,,,,0,0,0,,0.0399,-6362.530591,28.620268,270.046456,,,,,,,,,,,,,,,,,,,,,,,,,,,,,,,,,,,None,Continue,0,None,,,,,,1,6097.686157,432.371399,0.713824,11027861.328125,,,,,,,,,,,,,,1000,0,0,1,1,0.6289,,,
0,ASCENT,7,0,1,None,Holding,0,92.586186,407.818445,0,0,0,0,0.000002,1573202.713944,,,,,,,0,,,,,,,,,,,,,,,,0,0,0,,0.0399,-6362.530591,28.620268,270.130017,,,,,,,,,,,,,,,,,,,,,,,,,,,,,,,,,,,None,Continue,0,None,,,,,,1,6097.686157,432.371399,0.713824,11027861.328125,,,,,,,,,,,,,,1000,0,0,1,1,0.628908,,,
0,ASCENT,7,0,1,None,Holding,0,92.586186,407.818445,0,0,0,0,0.000002,1573202.713944,,,,,,,0,,,,,,,,,,,,,,,,0,0,0,,0.0399,-6362.530591,28.620268,270.213579,,,,,,,,,,,,,,,,,,,,,,,,,,,,,,,,,,,None,Continue,0,None,,,,,,1,6097.686157,432.371399,0.713824,11027861.328125,,,,,,,,,,,,,,1000,0,0,1,1,0.628917,,,
0,ASCENT,7,0,1,None,Holding,0,92.586186,407.818445,0,0,0,0,0.000002,1573202.713944,,,,,,,0,,,,,,,,,,,,,,,,0,0,0,,0.0399,-6362.530591,28.620268,270.29714,,,,,,,,,,,,,,,,,,,,,,,,,,,,,,,,,,,None,Continue,0,None,,,,,,1,6097.686157,432.371399,0.713824,11027861.328125,,,,,,,,,,,,,,1000,0,0,1,1,0.628926,,,
0,ASCENT,7,0,1,None,Holding,0,92.586186,407.818445,0,0,0,0,0.000002,1573202.713944,,,,,,,0,,,,,,,,,,,,,,,,0,0,0,,0.0399,-6362.530591,28.620268,270.380702,,,,,,,,,,,,,,,,,,,,,,,,,,,,,,,,,,,None,Continue,0,None,,,,,,1,6097.686157,432.371399,0.713824,11027861.328125,,,,,,,,,,,,,,1000,0,0,1,1,0.628935,,,
0,ASCENT,7,0,1,None,Holding,0,92.586186,407.818445,0,0,0,0,0.000002,1573202.713944,,,,,,,0,,,,,,,,,,,,,,,,0,0,0,,0.0399,-6362.530591,28.620268,270.464263,,,,,,,,,,,,,,,,,,,,,,,,,,,,,,,,,,,None,Continue,0,None,,,,,,1,6097.686157,432.371399,0.713824,11027861.328125,,,,,,,,,,,,,,1000,0,0,1,1,0.628943,,,
0,ASCENT,7,0,1,None,Holding,0,92.586186,407.818445,0,0,0,0,0.000002,1573202.713944,,,,,,,0,,,,,,,,,,,,,,,,0,0,0,,0.0399,-6362.530591,28.620268,270.547825,,,,,,,,,,,,,,,,,,,,,,,,,,,,,,,,,,,None,Continue,0,None,,,,,,1,6097.686157,432.371399,0.713824,11027861.328125,,,,,,,,,,,,,,1000,0,0,1,1,0.628952,,,
0,ASCENT,7,0,1,None,Holding,0,92.586186,407.818445,0,0,0,0,0.000002,1573202.683426,,,,,,,0,,,,,,,,,,,,,,,,0,0,0,,0.0399,-6362.530591,28.620268,270.631386,,,,,,,,,,,,,,,,,,,,,,,,,,,,,,,,,,,None,Continue,0,None,,,,,,1,6097.686157,432.371399,0.713824,11027861.328125,,,,,,,,,,,,,,1000,0,0,1,1,0.628961,,,
0,ASCENT,7,0,1,None,Holding,0,92.586186,407.818445,0,0,0,0,0.000002,1573202.675797,,,,,,,0,,,,,,,,,,,,,,,,0,0,0,,0.0399,-6362.530591,28.620268,270.714948,,,,,,,,,,,,,,,,,,,,,,,,,,,,,,,,,,,None,Continue,0,None,,,,,,1,6097.685547,432.371399,0.713824,11027861.328125,,,,,,,,,,,,,,1000,0,0,1,1,0.628969,,,
0,ASCENT,7,0,1,None,Holding,0,92.586186,407.818445,0,0,0,0,0.000002,1573202.675797,,,,,,,0,,,,,,,,,,,,,,,,0,0,0,,0.0399,-6362.530591,28.620268,270.798509,,,,,,,,,,,,,,,,,,,,,,,,,,,,,,,,,,,None,Continue,0,None,,,,,,1,6097.685547,432.371399,0.713824,11027861.328125,,,,,,,,,,,,,,1000,0,0,1,1,0.628978,,,
0,ASCENT,7,0,1,None,Holding,0,92.586186,407.818445,0,0,0,0,0.000002,1573202.675797,,,,,,,0,,,,,,,,,,,,,,,,0,0,0,,0.0399,-6362.530591,28.620268,270.882071,,,,,,,,,,,,,,,,,,,,,,,,,,,,,,,,,,,None,Continue,0,None,,,,,,1,6097.685547,432.371399,0.713824,11027861.328125,,,,,,,,,,,,,,1000,0,0,1,1,0.628986,,,
0,ASCENT,7,0,1,None,Holding,0,92.586186,407.818445,0,0,0,0,0.000002,1573202.675797,,,,,,,0,,,,,,,,,,,,,,,,0,0,0,,0.0399,-6362.530591,28.620268,270.965632,,,,,,,,,,,,,,,,,,,,,,,,,,,,,,,,,,,None,Continue,0,None,,,,,,1,6097.685547,432.371399,0.713824,11027861.328125,,,,,,,,,,,,,,1000,0,0,1,1,0.628995,,,
0,ASCENT,7,0,1,None,Holding,0,92.586186,407.818445,0,0,0,0,0.000002,1573202.675797,,,,,,,0,,,,,,,,,,,,,,,,0,0,0,,0.0399,-6362.530591,28.620268,271.049194,,,,,,,,,,,,,,,,,,,,,,,,,,,,,,,,,,,None,Continue,0,None,,,,,,1,6097.685547,432.371399,0.713824,11027861.328125,,,,,,,,,,,,,,1000,0,0,1,1,0.629003,,,
0,ASCENT,7,0,1,None,Holding,0,92.586186,407.818445,0,0,0,0,0.000002,1573202.675797,,,,,,,0,,,,,,,,,,,,,,,,0,0,0,,0.0399,-6362.530591,28.620268,271.132755,,,,,,,,,,,,,,,,,,,,,,,,,,,,,,,,,,,None,Continue,0,None,,,,,,1,6097.685547,432.371399,0.713824,11027861.328125,,,,,,,,,,,,,,1000,0,0,1,1,0.629012,,,
0,ASCENT,7,0,1,None,Holding,0,92.586186,407.818445,0,0,0,0,0.000002,1573202.675797,,,,,,,0,,,,,,,,,,,,,,,,0,0,0,,0.0399,-6362.530591,28.620268,271.216317,,,,,,,,,,,,,,,,,,,,,,,,,,,,,,,,,,,None,Continue,0,None,,,,,,1,6097.685547,432.371399,0.713824,11027861.328125,,,,,,,,,,,,,,1000,0,0,1,1,0.62902,,,
0,ASCENT,7,0,1,None,Holding,0,92.586186,407.818445,0,0,0,0,0.000002,1573202.668168,,,,,,,0,,,,,,,,,,,,,,,,0,0,0,,0.0399,-6362.530591,28.620268,271.299878,,,,,,,,,,,,,,,,,,,,,,,,,,,,,,,,,,,None,Continue,0,None,,,,,,1,6097.685547,432.371399,0.713824,11027861.328125,,,,,,,,,,,,,,1000,0,0,1,1,0.629028,,,
0,ASCENT,7,0,1,None,Holding,0,92.586186,407.818445,0,0,0,0,0.000002,1573202.668168,,,,,,,0,,,,,,,,,,,,,,,,0,0,0,,0.0399,-6362.530591,28.620268,271.38344,,,,,,,,,,,,,,,,,,,,,,,,,,,,,,,,,,,None,Continue,0,None,,,,,,1,6097.68457,432.371399,0.713824,11027861.328125,,,,,,,,,,,,,,1000,0,0,1,1,0.629037,,,
0,ASCENT,7,0,1,None,Holding,0,92.586186,407.818445,0,0,0,0,0.000002,1573202.668168,,,,,,,0,,,,,,,,,,,,,,,,0,0,0,,0.0399,-6362.530591,28.620268,271.467001,,,,,,,,,,,,,,,,,,,,,,,,,,,,,,,,,,,None,Continue,0,None,,,,,,1,6097.68457,432.371399,0.713824,11027861.328125,,,,,,,,,,,,,,1000,0,0,1,1,0.629045,,,
0,ASCENT,7,0,1,None,Holding,0,92.586186,407.818445,0,0,0,0,0.000002,1573202.668168,,,,,,,0,,,,,,,,,,,,,,,,0,0,0,,0.0399,-6362.530591,28.620268,271.550563,,,,,,,,,,,,,,,,,,,,,,,,,,,,,,,,,,,None,Continue,0,None,,,,,,1,6097.68457,432.371399,0.713824,11027861.328125,,,,,,,,,,,,,,1000,0,0,1,1,0.629053,,,
0,ASCENT,7,0,1,None,Holding,0,92.586186,407.818445,0,0,0,0,0.000002,1573202.668168,,,,,,,0,,,,,,,,,,,,,,,,0,0,0,,0.0399,-6362.530591,28.620268,271.634124,,,,,,,,,,,,,,,,,,,,,,,,,,,,,,,,,,,None,Continue,0,None,,,,,,1,6097.68457,432.371399,0.713824,11027861.328125,,,,,,,,,,,,,,1000,0,0,1,1,0.629061,,,
0,ASCENT,7,0,1,None,Holding,0,92.586186,407.818445,0,0,0,0,0.000002,1573202.668168,,,,,,,0,,,,,,,,,,,,,,,,0,0,0,,0.0399,-6362.530591,28.620268,271.717686,,,,,,,,,,,,,,,,,,,,,,,,,,,,,,,,,,,None,Continue,0,None,,,,,,1,6097.68457,432.371399,0.713824,11027861.328125,,,,,,,,,,,,,,1000,0,0,1,1,0.62907,,,
0,ASCENT,7,0,1,None,Holding,0,92.586186,407.818445,0,0,0,0,0.000002,1573202.660538,,,,,,,0,,,,,,,,,,,,,,,,0,0,0,,0.0399,-6362.530591,28.620268,271.801247,,,,,,,,,,,,,,,,,,,,,,,,,,,,,,,,,,,None,Continue,0,None,,,,,,1,6097.68457,432.371399,0.713824,11027861.328125,,,,,,,,,,,,,,1000,0,0,1,1,0.629078,,,
0,ASCENT,7,0,1,None,Holding,0,92.586186,407.818445,0,0,0,0,0.000002,1573202.660538,,,,,,,0,,,,,,,,,,,,,,,,0,0,0,,0.0399,-6362.530591,28.620268,271.884809,,,,,,,,,,,,,,,,,,,,,,,,,,,,,,,,,,,None,Continue,0,None,,,,,,1,6097.68457,432.371399,0.713824,11027861.328125,,,,,,,,,,,,,,1000,0,0,1,1,0.629086,,,
0,ASCENT,7,0,1,None,Holding,0,92.586186,407.818445,0,0,0,0,0.000002,1573202.660538,,,,,,,0,,,,,,,,,,,,,,,,0,0,0,,0.0399,-6362.530591,28.620268,271.96837,,,,,,,,,,,,,,,,,,,,,,,,,,,,,,,,,,,None,Continue,0,None,,,,,,1,6097.68457,432.371399,0.713824,11027861.328125,,,,,,,,,,,,,,1000,0,0,1,1,0.629094,,,
0,ASCENT,7,0,1,None,Holding,0,92.586186,407.818445,0,0,0,0,0.000002,1573202.630021,,,,,,,0,,,,,,,,,,,,,,,,0,0,0,,0.0399,-6362.530591,28.620268,272.051932,,,,,,,,,,,,,,,,,,,,,,,,,,,,,,,,,,,None,Continue,0,None,,,,,,1,6097.684082,432.371399,0.713824,11027861.328125,,,,,,,,,,,,,,1000,0,0,1,1,0.629102,,,
0,ASCENT,7,0,1,None,Holding,0,92.586186,407.818445,0,0,0,0,0.000002,1573202.630021,,,,,,,0,,,,,,,,,,,,,,,,0,0,0,,0.0399,-6362.530591,28.620268,272.135493,,,,,,,,,,,,,,,,,,,,,,,,,,,,,,,,,,,None,Continue,0,None,,,,,,1,6097.684082,432.371399,0.713824,11027861.328125,,,,,,,,,,,,,,1000,0,0,1,1,0.62911,,,
0,ASCENT,7,0,1,None,Holding,0,92.586186,407.818445,0,0,0,0,0.000002,1573202.630021,,,,,,,0,,,,,,,,,,,,,,,,0,0,0,,0.0399,-6362.530591,28.620268,272.219054,,,,,,,,,,,,,,,,,,,,,,,,,,,,,,,,,,,None,Continue,0,None,,,,,,1,6097.684082,432.371399,0.713824,11027861.328125,,,,,,,,,,,,,,1000,0,0,1,1,0.629118,,,
0,ASCENT,7,0,1,None,Holding,0,92.586186,407.818445,0,0,0,0,0.000002,1573202.630021,,,,,,,0,,,,,,,,,,,,,,,,0,0,0,,0.0399,-6362.530591,28.620268,272.302616,,,,,,,,,,,,,,,,,,,,,,,,,,,,,,,,,,,None,Continue,0,None,,,,,,1,6097.684082,432.371399,0.713824,11027861.328125,,,,,,,,,,,,,,1000,0,0,1,1,0.629126,,,
0,ASCENT,7,0,1,None,Holding,0,92.586186,407.818445,0,0,0,0,0.000002,1573202.622391,,,,,,,0,,,,,,,,,,,,,,,,0,0,0,,0.0399,-6362.530591,28.620268,272.386177,,,,,,,,,,,,,,,,,,,,,,,,,,,,,,,,,,,None,Continue,0,None,,,,,,1,6097.684082,432.371399,0.713824,11027861.328125,,,,,,,,,,,,,,1000,0,0,1,1,0.629134,,,
0,ASCENT,7,0,1,None,Holding,0,92.586186,407.818445,0,0,0,0,0.000002,1573202.622391,,,,,,,0,,,,,,,,,,,,,,,,0,0,0,,0.0399,-6362.530591,28.620268,272.469739,,,,,,,,,,,,,,,,,,,,,,,,,,,,,,,,,,,None,Continue,0,None,,,,,,1,6097.684082,432.371399,0.713824,11027861.328125,,,,,,,,,,,,,,1000,0,0,1,1,0.629142,,,
0,ASCENT,7,0,1,None,Holding,0,92.586186,407.818445,0,0,0,0,0.000002,1573202.622391,,,,,,,0,,,,,,,,,,,,,,,,0,0,0,,0.0399,-6362.530591,28.620268,272.5533,,,,,,,,,,,,,,,,,,,,,,,,,,,,,,,,,,,None,Continue,0,None,,,,,,1,6097.684082,432.371399,0.713824,11027861.328125,,,,,,,,,,,,,,1000,0,0,1,1,0.62915,,,
0,ASCENT,7,0,1,None,Holding,0,92.586186,407.818445,0,0,0,0,0.000002,1573202.622391,,,,,,,0,,,,,,,,,,,,,,,,0,0,0,,0.0399,-6362.530591,28.620268,272.636862,,,,,,,,,,,,,,,,,,,,,,,,,,,,,,,,,,,None,Continue,0,None,,,,,,1,6097.684082,432.371399,0.713824,11027861.328125,,,,,,,,,,,,,,1000,0,0,1,1,0.629158,,,
0,ASCENT,7,0,1,None,Holding,0,92.586186,407.818445,0,0,0,0,0.000002,1573202.622391,,,,,,,0,,,,,,,,,,,,,,,,0,0,0,,0.0399,-6362.530591,28.620268,272.720423,,,,,,,,,,,,,,,,,,,,,,,,,,,,,,,,,,,None,Continue,0,None,,,,,,1,6097.683044,432.371399,0.713824,11027861.328125,,,,,,,,,,,,,,1000,0,0,1,1,0.629166,,,
0,ASCENT,7,0,1,None,Holding,0,92.586186,407.818445,0,0,0,0,0.000002,1573202.622391,,,,,,,0,,,,,,,,,,,,,,,,0,0,0,,0.0399,-6362.530591,28.620268,272.803985,,,,,,,,,,,,,,,,,,,,,,,,,,,,,,,,,,,None,Continue,0,None,,,,,,1,6097.683044,432.371399,0.713824,11027861.328125,,,,,,,,,,,,,,1000,0,0,1,1,0.629173,,,
0,ASCENT,7,0,1,None,Holding,0,92.586186,407.818445,0,0,0,0,0.000002,1573202.622391,,,,,,,0,,,,,,,,,,,,,,,,0,0,0,,0.0399,-6362.530591,28.620268,272.887546,,,,,,,,,,,,,,,,,,,,,,,,,,,,,,,,,,,None,Continue,0,None,,,,,,1,6097.683044,432.371399,0.713824,11027861.328125,,,,,,,,,,,,,,1000,0,0,1,1,0.629181,,,
0,ASCENT,7,0,1,None,Holding,0,92.586186,407.818445,0,0,0,0,0.000002,1573202.614762,,,,,,,0,,,,,,,,,,,,,,,,0,0,0,,0.0399,-6362.530591,28.620268,272.971108,,,,,,,,,,,,,,,,,,,,,,,,,,,,,,,,,,,None,Continue,0,None,,,,,,1,6097.683044,432.371399,0.713824,11027861.328125,,,,,,,,,,,,,,1000,0,0,1,1,0.629189,,,
0,ASCENT,7,0,1,None,Holding,0,92.586186,407.818445,0,0,0,0,0.000002,1573202.614762,,,,,,,0,,,,,,,,,,,,,,,,0,0,0,,0.0399,-6362.530591,28.620268,273.054669,,,,,,,,,,,,,,,,,,,,,,,,,,,,,,,,,,,None,Continue,0,None,,,,,,1,6097.683044,432.371399,0.713824,11027861.328125,,,,,,,,,,,,,,1000,0,0,1,1,0.629197,,,
0,ASCENT,7,0,1,None,Holding,0,92.586186,407.818445,0,0,0,0,0.000002,1573202.614762,,,,,,,0,,,,,,,,,,,,,,,,0,0,0,,0.0399,-6362.530591,28.620268,273.138231,,,,,,,,,,,,,,,,,,,,,,,,,,,,,,,,,,,None,Continue,0,None,,,,,,1,6097.683044,432.371399,0.713824,11027861.328125,,,,,,,,,,,,,,1000,0,0,1,1,0.629204,,,
0,ASCENT,7,0,1,None,Holding,0,92.586186,407.818445,0,0,0,0,0.000002,1573202.614762,,,,,,,0,,,,,,,,,,,,,,,,0,0,0,,0.0399,-6362.530591,28.620268,273.221792,,,,,,,,,,,,,,,,,,,,,,,,,,,,,,,,,,,None,Continue,0,None,,,,,,1,6097.683044,432.371399,0.713824,11027861.328125,,,,,,,,,,,,,,1000,0,0,1,1,0.629212,,,
0,ASCENT,7,0,1,None,Holding,0,92.586186,407.818445,0,0,0,0,0.000002,1573202.614762,,,,,,,0,,,,,,,,,,,,,,,,0,0,0,,0.0399,-6362.530591,28.620268,273.305354,,,,,,,,,,,,,,,,,,,,,,,,,,,,,,,,,,,None,Continue,0,None,,,,,,1,6097.682556,432.371399,0.713824,11027861.328125,,,,,,,,,,,,,,1000,0,0,1,1,0.62922,,,
0,ASCENT,7,0,1,None,Holding,0,92.586186,407.818445,0,0,0,0,0.000002,1573202.584244,,,,,,,0,,,,,,,,,,,,,,,,0,0,0,,0.0399,-6362.530591,28.620268,273.388915,,,,,,,,,,,,,,,,,,,,,,,,,,,,,,,,,,,None,Continue,0,None,,,,,,1,6097.682556,432.371399,0.713824,11027861.328125,,,,,,,,,,,,,,1000,0,0,1,1,0.629227,,,
0,ASCENT,7,0,1,None,Holding,0,92.586186,407.818445,0,0,0,0,0.000002,1573202.576615,,,,,,,0,,,,,,,,,,,,,,,,0,0,0,,0.0399,-6362.530591,28.620268,273.472477,,,,,,,,,,,,,,,,,,,,,,,,,,,,,,,,,,,None,Continue,0,None,,,,,,1,6097.682556,432.371399,0.713824,11027861.328125,,,,,,,,,,,,,,1000,0,0,1,1,0.629235,,,
0,ASCENT,7,0,1,None,Holding,0,92.586186,407.818445,0,0,0,0,0.000002,1573202.576615,,,,,,,0,,,,,,,,,,,,,,,,0,0,0,,0.0399,-6362.530591,28.620268,273.556038,,,,,,,,,,,,,,,,,,,,,,,,,,,,,,,,,,,None,Continue,0,None,,,,,,1,6097.682556,432.371399,0.713824,11027861.328125,,,,,,,,,,,,,,1000,0,0,1,1,0.629242,,,
0,ASCENT,7,0,1,None,Holding,0,92.586186,407.818445,0,0,0,0,0.000002,1573202.576615,,,,,,,0,,,,,,,,,,,,,,,,0,0,0,,0.0399,-6362.530591,28.620268,273.6396,,,,,,,,,,,,,,,,,,,,,,,,,,,,,,,,,,,None,Continue,0,None,,,,,,1,6097.682556,432.371399,0.713824,11027861.328125,,,,,,,,,,,,,,1000,0,0,1,1,0.62925,,,
0,ASCENT,7,0,1,None,Holding,0,92.586186,407.818445,0,0,0,0,0.000002,1573202.576615,,,,,,,0,,,,,,,,,,,,,,,,0,0,0,,0.0399,-6362.530591,28.620268,273.723161,,,,,,,,,,,,,,,,,,,,,,,,,,,,,,,,,,,None,Continue,0,None,,,,,,1,6097.682556,432.371399,0.713824,11027861.328125,,,,,,,,,,,,,,1000,0,0,1,1,0.629257,,,
0,ASCENT,7,0,1,None,Holding,0,92.586186,407.818445,0,0,0,0,0.000002,1573202.576615,,,,,,,0,,,,,,,,,,,,,,,,0,0,0,,0.0399,-6362.530591,28.620268,273.806723,,,,,,,,,,,,,,,,,,,,,,,,,,,,,,,,,,,None,Continue,0,None,,,,,,1,6097.682556,432.371399,0.713824,11027861.328125,,,,,,,,,,,,,,1000,0,0,1,1,0.629265,,,
0,ASCENT,7,0,1,None,Holding,0,92.586186,407.818445,0,0,0,0,0.000002,1573202.576615,,,,,,,0,,,,,,,,,,,,,,,,0,0,0,,0.0399,-6362.530591,28.620268,273.890284,,,,,,,,,,,,,,,,,,,,,,,,,,,,,,,,,,,None,Continue,0,None,,,,,,1,6097.682556,432.371399,0.713824,11027861.328125,,,,,,,,,,,,,,1000,0,0,1,1,0.629272,,,
0,ASCENT,7,0,1,None,Holding,0,92.586186,407.818445,0,0,0,0,0.000002,1573202.576615,,,,,,,0,,,,,,,,,,,,,,,,0,0,0,,0.0399,-6362.530591,28.620268,273.973846,,,,,,,,,,,,,,,,,,,,,,,,,,,,,,,,,,,None,Continue,0,None,,,,,,1,6097.681519,432.371399,0.713824,11027861.328125,,,,,,,,,,,,,,1000,0,0,1,1,0.629279,,,
0,ASCENT,7,0,1,None,Holding,0,92.586186,407.818445,0,0,0,0,0.000002,1573202.568986,,,,,,,0,,,,,,,,,,,,,,,,0,0,0,,0.0399,-6362.530591,28.620268,274.057407,,,,,,,,,,,,,,,,,,,,,,,,,,,,,,,,,,,None,Continue,0,None,,,,,,1,6097.681519,432.371399,0.713824,11027861.328125,,,,,,,,,,,,,,1000,0,0,1,1,0.629287,,,
0,ASCENT,7,0,1,None,Holding,0,92.586186,407.818445,0,0,0,0,0.000002,1573202.568986,,,,,,,0,,,,,,,,,,,,,,,,0,0,0,,0.0399,-6362.530591,28.620268,274.140969,,,,,,,,,,,,,,,,,,,,,,,,,,,,,,,,,,,None,Continue,0,None,,,,,,1,6097.681519,432.371399,0.713824,11027861.328125,,,,,,,,,,,,,,1000,0,0,1,1,0.629294,,,
0,ASCENT,7,0,1,None,Holding,0,92.586186,407.818445,0,0,0,0,0.000002,1573202.568986,,,,,,,0,,,,,,,,,,,,,,,,0,0,0,,0.0399,-6362.530591,28.620268,274.22453,,,,,,,,,,,,,,,,,,,,,,,,,,,,,,,,,,,None,Continue,0,None,,,,,,1,6097.681519,432.371399,0.713824,11027861.328125,,,,,,,,,,,,,,1000,0,0,1,1,0.629301,,,
0,ASCENT,7,0,1,None,Holding,0,92.586186,407.818445,0,0,0,0,0.000002,1573202.568986,,,,,,,0,,,,,,,,,,,,,,,,0,0,0,,0.0399,-6362.530591,28.620268,274.308092,,,,,,,,,,,,,,,,,,,,,,,,,,,,,,,,,,,None,Continue,0,None,,,,,,1,6097.681519,432.371399,0.713824,11027861.328125,,,,,,,,,,,,,,1000,0,0,1,1,0.629308,,,
0,ASCENT,7,0,1,None,Holding,0,92.586186,407.818445,0,0,0,0,0.000002,1573202.568986,,,,,,,0,,,,,,,,,,,,,,,,0,0,0,,0.0399,-6362.530591,28.620268,274.391653,,,,,,,,,,,,,,,,,,,,,,,,,,,,,,,,,,,None,Continue,0,None,,,,,,1,6097.681519,432.371399,0.713824,11027861.328125,,,,,,,,,,,,,,1000,0,0,1,1,0.629315,,,
0,ASCENT,7,0,1,None,Holding,0,92.586186,407.818445,0,0,0,0,0.000002,1573202.568986,,,,,,,0,,,,,,,,,,,,,,,,0,0,0,,0.0399,-6362.530591,28.620268,274.475215,,,,,,,,,,,,,,,,,,,,,,,,,,,,,,,,,,,None,Continue,0,None,,,,,,1,6097.681519,432.371399,0.713824,11027861.328125,,,,,,,,,,,,,,1000,0,0,1,1,0.629323,,,
0,ASCENT,7,0,1,None,Holding,0,92.586186,407.818445,0,0,0,0,0.000002,1573202.561356,,,,,,,0,,,,,,,,,,,,,,,,0,0,0,,0.0399,-6362.530591,28.620268,274.558776,,,,,,,,,,,,,,,,,,,,,,,,,,,,,,,,,,,None,Continue,0,None,,,,,,1,6097.681519,432.371399,0.713824,11027861.328125,,,,,,,,,,,,,,1000,0,0,1,1,0.62933,,,
0,ASCENT,7,0,1,None,Holding,0,92.586186,407.818445,0,0,0,0,0.000002,1573202.561356,,,,,,,0,,,,,,,,,,,,,,,,0,0,0,,0.0399,-6362.530591,28.620268,274.642338,,,,,,,,,,,,,,,,,,,,,,,,,,,,,,,,,,,None,Continue,0,None,,,,,,1,6097.68103,432.371399,0.713824,11027861.328125,,,,,,,,,,,,,,1000,0,0,1,1,0.629337,,,
0,ASCENT,7,0,1,None,Holding,0,92.586186,407.818445,0,0,0,0,0.000002,1573202.530839,,,,,,,0,,,,,,,,,,,,,,,,0,0,0,,0.0399,-6362.530591,28.620268,274.725899,,,,,,,,,,,,,,,,,,,,,,,,,,,,,,,,,,,None,Continue,0,None,,,,,,1,6097.68103,432.371399,0.713824,11027861.328125,,,,,,,,,,,,,,1000,0,0,1,1,0.629344,,,
0,ASCENT,7,0,1,None,Holding,0,92.586186,407.818445,0,0,0,0,0.000002,1573202.530839,,,,,,,0,,,,,,,,,,,,,,,,0,0,0,,0.0399,-6362.530591,28.620268,274.809461,,,,,,,,,,,,,,,,,,,,,,,,,,,,,,,,,,,None,Continue,0,None,,,,,,1,6097.68103,432.371399,0.713824,11027861.328125,,,,,,,,,,,,,,1000,0,0,1,1,0.629351,,,
0,ASCENT,7,0,1,None,Holding,0,92.586186,407.818445,0,0,0,0,0.000002,1573202.530839,,,,,,,0,,,,,,,,,,,,,,,,0,0,0,,0.0399,-6362.530591,28.620268,274.893022,,,,,,,,,,,,,,,,,,,,,,,,,,,,,,,,,,,None,Continue,0,None,,,,,,1,6097.68103,432.371399,0.713824,11027861.328125,,,,,,,,,,,,,,1000,0,0,1,1,0.629358,,,
0,ASCENT,7,0,1,None,Holding,0,92.586186,407.818445,0,0,0,0,0.000002,1573202.530839,,,,,,,0,,,,,,,,,,,,,,,,0,0,0,,0.0399,-6362.530591,28.620268,274.976584,,,,,,,,,,,,,,,,,,,,,,,,,,,,,,,,,,,None,Continue,0,None,,,,,,1,6097.68103,432.371399,0.713824,11027861.328125,,,,,,,,,,,,,,1000,0,0,1,1,0.629365,,,
0,ASCENT,7,0,1,None,Holding,0,92.586186,407.818445,0,0,0,0,0.000002,1573202.523209,,,,,,,0,,,,,,,,,,,,,,,,0,0,0,,0.0399,-6362.530591,28.620268,275.060145,,,,,,,,,,,,,,,,,,,,,,,,,,,,,,,,,,,None,Continue,0,None,,,,,,1,6097.68103,432.371399,0.713824,11027861.328125,,,,,,,,,,,,,,1000,0,0,1,1,0.629372,,,
0,ASCENT,7,0,1,None,Holding,0,92.586186,407.818445,0,0,0,0,0.000002,1573202.523209,,,,,,,0,,,,,,,,,,,,,,,,0,0,0,,0.0399,-6362.530591,28.620268,275.143707,,,,,,,,,,,,,,,,,,,,,,,,,,,,,,,,,,,None,Continue,0,None,,,,,,1,6097.68103,432.371399,0.713824,11027861.328125,,,,,,,,,,,,,,1000,0,0,1,1,0.629378,,,
0,ASCENT,7,0,1,None,Holding,0,92.586186,407.818445,0,0,0,0,0.000002,1573202.523209,,,,,,,0,,,,,,,,,,,,,,,,0,0,0,,0.0399,-6362.530591,28.620268,275.227268,,,,,,,,,,,,,,,,,,,,,,,,,,,,,,,,,,,None,Continue,0,None,,,,,,1,6097.68103,432.371399,0.713824,11027861.328125,,,,,,,,,,,,,,1000,0,0,1,1,0.629385,,,
0,ASCENT,7,0,1,None,Holding,0,92.586186,407.818445,0,0,0,0,0.000002,1573202.523209,,,,,,,0,,,,,,,,,,,,,,,,0,0,0,,0.0399,-6362.530591,28.620268,275.31083,,,,,,,,,,,,,,,,,,,,,,,,,,,,,,,,,,,None,Continue,0,None,,,,,,1,6097.679932,432.371399,0.713824,11027861.328125,,,,,,,,,,,,,,1000,0,0,1,1,0.629392,,,
0,ASCENT,7,0,1,None,Holding,0,92.586186,407.818445,0,0,0,0,0.000002,1573202.523209,,,,,,,0,,,,,,,,,,,,,,,,0,0,0,,0.0399,-6362.530591,28.620268,275.394391,,,,,,,,,,,,,,,,,,,,,,,,,,,,,,,,,,,None,Continue,0,None,,,,,,1,6097.679932,432.371399,0.713824,11027861.328125,,,,,,,,,,,,,,1000,0,0,1,1,0.629399,,,
0,ASCENT,7,0,1,None,Holding,0,92.586186,407.818445,0,0,0,0,0.000002,1573202.523209,,,,,,,0,,,,,,,,,,,,,,,,0,0,0,,0.0399,-6362.530591,28.620268,275.477953,,,,,,,,,,,,,,,,,,,,,,,,,,,,,,,,,,,None,Continue,0,None,,,,,,1,6097.679932,432.371399,0.713824,11027861.328125,,,,,,,,,,,,,,1000,0,0,1,1,0.629406,,,
0,ASCENT,7,0,1,None,Holding,0,92.586186,407.818445,0,0,0,0,0.000002,1573202.523209,,,,,,,0,,,,,,,,,,,,,,,,0,0,0,,0.0399,-6362.530591,28.620268,275.561514,,,,,,,,,,,,,,,,,,,,,,,,,,,,,,,,,,,None,Continue,0,None,,,,,,1,6097.679932,432.371399,0.713824,11027861.328125,,,,,,,,,,,,,,1000,0,0,1,1,0.629412,,,
0,ASCENT,7,0,1,None,Holding,0,92.586186,407.818445,0,0,0,0,0.000002,1573202.51558,,,,,,,0,,,,,,,,,,,,,,,,0,0,0,,0.0399,-6362.530591,28.620268,275.645076,,,,,,,,,,,,,,,,,,,,,,,,,,,,,,,,,,,None,Continue,0,None,,,,,,1,6097.679932,432.371399,0.713824,11027861.328125,,,,,,,,,,,,,,1000,0,0,1,1,0.629419,,,
0,ASCENT,7,0,1,None,Holding,0,92.586186,407.818445,0,0,0,0,0.000002,1573202.51558,,,,,,,0,,,,,,,,,,,,,,,,0,0,0,,0.0399,-6362.530591,28.620268,275.728637,,,,,,,,,,,,,,,,,,,,,,,,,,,,,,,,,,,None,Continue,0,None,,,,,,1,6097.679932,432.371399,0.713824,11027861.328125,,,,,,,,,,,,,,1000,0,0,1,1,0.629426,,,
0,ASCENT,7,0,1,None,Holding,0,92.586186,407.818445,0,0,0,0,0.000002,1573202.51558,,,,,,,0,,,,,,,,,,,,,,,,0,0,0,,0.0399,-6362.530591,28.620268,275.812199,,,,,,,,,,,,,,,,,,,,,,,,,,,,,,,,,,,None,Continue,0,None,,,,,,1,6097.679932,432.371399,0.713824,11027861.328125,,,,,,,,,,,,,,1000,0,0,1,1,0.629432,,,
0,ASCENT,7,0,1,None,Holding,0,92.586186,407.818445,0,0,0,0,0.000002,1573202.51558,,,,,,,0,,,,,,,,,,,,,,,,0,0,0,,0.0399,-6362.530591,28.620268,275.89576,,,,,,,,,,,,,,,,,,,,,,,,,,,,,,,,,,,None,Continue,0,None,,,,,,1,6097.679932,432.371399,0.713824,11027861.328125,,,,,,,,,,,,,,1000,0,0,1,1,0.629439,,,
0,ASCENT,7,0,1,None,Holding,0,92.586186,407.818445,0,0,0,0,0.000002,1573202.51558,,,,,,,0,,,,,,,,,,,,,,,,0,0,0,,0.0399,-6362.530591,28.620268,275.979322,,,,,,,,,,,,,,,,,,,,,,,,,,,,,,,,,,,None,Continue,0,None,,,,,,1,6097.678955,432.371399,0.713824,11027861.328125,,,,,,,,,,,,,,1000,0,0,1,1,0.629445,,,
0,ASCENT,7,0,1,None,Holding,0,92.586186,407.818445,0,0,0,0,0.000002,1573202.485062,,,,,,,0,,,,,,,,,,,,,,,,0,0,0,,0.0399,-6362.530591,28.620268,276.062883,,,,,,,,,,,,,,,,,,,,,,,,,,,,,,,,,,,None,Continue,0,None,,,,,,1,6097.678955,432.371399,0.713824,11027861.328125,,,,,,,,,,,,,,1000,0,0,1,1,0.629452,,,
0,ASCENT,7,0,1,None,Holding,0,92.586186,407.818445,0,0,0,0,0.000002,1573202.477433,,,,,,,0,,,,,,,,,,,,,,,,0,0,0,,0.0399,-6362.530591,28.620268,276.146445,,,,,,,,,,,,,,,,,,,,,,,,,,,,,,,,,,,None,Continue,0,None,,,,,,1,6097.678955,432.371399,0.713824,11027861.328125,,,,,,,,,,,,,,1000,0,0,1,1,0.629458,,,
0,ASCENT,7,0,1,None,Holding,0,92.586186,407.818445,0,0,0,0,0.000002,1573202.477433,,,,,,,0,,,,,,,,,,,,,,,,0,0,0,,0.0399,-6362.530591,28.620268,276.230006,,,,,,,,,,,,,,,,,,,,,,,,,,,,,,,,,,,None,Continue,0,None,,,,,,1,6097.678955,432.371399,0.713824,11027861.328125,,,,,,,,,,,,,,1000,0,0,1,1,0.629465,,,
0,ASCENT,7,0,1,None,Holding,0,92.586186,407.818445,0,0,0,0,0.000002,1573202.477433,,,,,,,0,,,,,,,,,,,,,,,,0,0,0,,0.0399,-6362.530591,28.620268,276.313568,,,,,,,,,,,,,,,,,,,,,,,,,,,,,,,,,,,None,Continue,0,None,,,,,,1,6097.678955,432.371399,0.713824,11027861.328125,,,,,,,,,,,,,,1000,0,0,1,1,0.629471,,,
0,ASCENT,7,0,1,None,Holding,0,92.586186,407.818445,0,0,0,0,0.000002,1573202.477433,,,,,,,0,,,,,,,,,,,,,,,,0,0,0,,0.0399,-6362.530591,28.620268,276.397129,,,,,,,,,,,,,,,,,,,,,,,,,,,,,,,,,,,None,Continue,0,None,,,,,,1,6097.678955,432.371399,0.713824,11027861.328125,,,,,,,,,,,,,,1000,0,0,1,1,0.629478,,,
0,ASCENT,7,0,1,None,Holding,0,92.586186,407.818445,0,0,0,0,0.000002,1573202.477433,,,,,,,0,,,,,,,,,,,,,,,,0,0,0,,0.0399,-6362.530591,28.620268,276.480691,,,,,,,,,,,,,,,,,,,,,,,,,,,,,,,,,,,None,Continue,0,None,,,,,,1,6097.678955,432.371399,0.713824,11027861.328125,,,,,,,,,,,,,,1000,0,0,1,1,0.629484,,,
0,ASCENT,7,0,1,None,Holding,0,92.586186,407.818445,0,0,0,0,0.000002,1573202.477433,,,,,,,0,,,,,,,,,,,,,,,,0,0,0,,0.0399,-6362.530591,28.620268,276.564252,,,,,,,,,,,,,,,,,,,,,,,,,,,,,,,,,,,None,Continue,0,None,,,,,,1,6097.678955,432.371399,0.713824,11027861.328125,,,,,,,,,,,,,,1000,0,0,1,1,0.62949,,,
0,ASCENT,7,0,1,None,Holding,0,92.586186,407.818445,0,0,0,0,0.000002,1573202.469803,,,,,,,0,,,,,,,,,,,,,,,,0,0,0,,0.0399,-6362.530591,28.620268,276.647814,,,,,,,,,,,,,,,,,,,,,,,,,,,,,,,,,,,None,Continue,0,None,,,,,,1,6097.678406,432.371399,0.713824,11027861.328125,,,,,,,,,,,,,,1000,0,0,1,1,0.629497,,,
0,ASCENT,7,0,1,None,Holding,0,92.586186,407.818445,0,0,0,0,0.000002,1573202.469803,,,,,,,0,,,,,,,,,,,,,,,,0,0,0,,0.0399,-6362.530591,28.620268,276.731375,,,,,,,,,,,,,,,,,,,,,,,,,,,,,,,,,,,None,Continue,0,None,,,,,,1,6097.678406,432.371399,0.713824,11027861.328125,,,,,,,,,,,,,,1000,0,0,1,1,0.629503,,,
0,ASCENT,7,0,1,None,Holding,0,92.586186,407.818445,0,0,0,0,0.000002,1573202.469803,,,,,,,0,,,,,,,,,,,,,,,,0,0,0,,0.0399,-6362.530591,28.620268,276.814937,,,,,,,,,,,,,,,,,,,,,,,,,,,,,,,,,,,None,Continue,0,None,,,,,,1,6097.678406,432.371399,0.713824,11027861.328125,,,,,,,,,,,,,,1000,0,0,1,1,0.629509,,,
0,ASCENT,7,0,1,None,Holding,0,92.586186,407.818445,0,0,0,0,0.000002,1573202.469803,,,,,,,0,,,,,,,,,,,,,,,,0,0,0,,0.0399,-6362.530591,28.620268,276.898498,,,,,,,,,,,,,,,,,,,,,,,,,,,,,,,,,,,None,Continue,0,None,,,,,,1,6097.678406,432.371399,0.713824,11027861.328125,,,,,,,,,,,,,,1000,0,0,1,1,0.629515,,,
0,ASCENT,7,0,1,None,Holding,0,92.586186,407.818445,0,0,0,0,0.000002,1573202.469803,,,,,,,0,,,,,,,,,,,,,,,,0,0,0,,0.0399,-6362.530591,28.620268,276.98206,,,,,,,,,,,,,,,,,,,,,,,,,,,,,,,,,,,None,Continue,0,None,,,,,,1,6097.678406,432.371399,0.713824,11027861.328125,,,,,,,,,,,,,,1000,0,0,1,1,0.629521,,,
0,ASCENT,7,0,1,None,Holding,0,92.586186,407.818445,0,0,0,0,0.000002,1573202.469803,,,,,,,0,,,,,,,,,,,,,,,,0,0,0,,0.0399,-6362.530591,28.620268,277.065621,,,,,,,,,,,,,,,,,,,,,,,,,,,,,,,,,,,None,Continue,0,None,,,,,,1,6097.678406,432.371399,0.713824,11027861.328125,,,,,,,,,,,,,,1000,0,0,1,1,0.629527,,,
0,ASCENT,7,0,1,None,Holding,0,92.586186,407.818445,0,0,0,0,0.000002,1573202.462174,,,,,,,0,,,,,,,,,,,,,,,,0,0,0,,0.0399,-6362.530591,28.620268,277.149183,,,,,,,,,,,,,,,,,,,,,,,,,,,,,,,,,,,None,Continue,0,None,,,,,,1,6097.678406,432.371399,0.713824,11027861.328125,,,,,,,,,,,,,,1000,0,0,1,1,0.629534,,,
0,ASCENT,7,0,1,None,Holding,0,92.586186,407.818445,0,0,0,0,0.000002,1573202.462174,,,,,,,0,,,,,,,,,,,,,,,,0,0,0,,0.0399,-6362.530591,28.620268,277.232744,,,,,,,,,,,,,,,,,,,,,,,,,,,,,,,,,,,None,Continue,0,None,,,,,,1,6097.678406,432.371399,0.713824,11027861.328125,,,,,,,,,,,,,,1000,0,0,1,1,0.62954,,,
0,ASCENT,7,0,1,None,Holding,0,92.586186,407.818445,0,0,0,0,0.000002,1573202.431656,,,,,,,0,,,,,,,,,,,,,,,,0,0,0,,0.0399,-6362.530591,28.620268,277.316306,,,,,,,,,,,,,,,,,,,,,,,,,,,,,,,,,,,None,Continue,0,None,,,,,,1,6097.677429,432.371399,0.713824,11027861.328125,,,,,,,,,,,,,,1000,0,0,1,1,0.629546,,,
0,ASCENT,7,0,1,None,Holding,0,92.586186,407.818445,0,0,0,0,0.000002,1573202.431656,,,,,,,0,,,,,,,,,,,,,,,,0,0,0,,0.0399,-6362.530591,28.620268,277.399867,,,,,,,,,,,,,,,,,,,,,,,,,,,,,,,,,,,None,Continue,0,None,,,,,,1,6097.677429,432.371399,0.713824,11027861.328125,,,,,,,,,,,,,,1000,0,0,1,1,0.629552,,,
0,ASCENT,7,0,1,None,Holding,0,92.586186,407.818445,0,0,0,0,0.000002,1573202.431656,,,,,,,0,,,,,,,,,,,,,,,,0,0,0,,0.0399,-6362.530591,28.620268,277.483429,,,,,,,,,,,,,,,,,,,,,,,,,,,,,,,,,,,None,Continue,0,None,,,,,,1,6097.677429,432.371399,0.713824,11027861.328125,,,,,,,,,,,,,,1000,0,0,1,1,0.629558,,,
0,ASCENT,7,0,1,None,Holding,0,92.586186,407.818445,0,0,0,0,0.000002,1573202.431656,,,,,,,0,,,,,,,,,,,,,,,,0,0,0,,0.0399,-6362.530591,28.620268,277.56699,,,,,,,,,,,,,,,,,,,,,,,,,,,,,,,,,,,None,Continue,0,None,,,,,,1,6097.677429,432.371399,0.713824,11027861.328125,,,,,,,,,,,,,,1000,0,0,1,1,0.629563,,,
0,ASCENT,7,0,1,None,Holding,0,92.586186,407.818445,0,0,0,0,0.000002,1573202.431656,,,,,,,0,,,,,,,,,,,,,,,,0,0,0,,0.0399,-6362.530591,28.620268,277.650552,,,,,,,,,,,,,,,,,,,,,,,,,,,,,,,,,,,None,Continue,0,None,,,,,,1,6097.677429,432.371399,0.713824,11027861.328125,,,,,,,,,,,,,,1000,0,0,1,1,0.629569,,,
0,ASCENT,7,0,1,None,Holding,0,92.586186,407.818445,0,0,0,0,0.000002,1573202.424027,,,,,,,0,,,,,,,,,,,,,,,,0,0,0,,0.0399,-6362.530591,28.620268,277.734113,,,,,,,,,,,,,,,,,,,,,,,,,,,,,,,,,,,None,Continue,0,None,,,,,,1,6097.677429,432.371399,0.713824,11027861.328125,,,,,,,,,,,,,,1000,0,0,1,1,0.629575,,,
0,ASCENT,7,0,1,None,Holding,0,92.586186,407.818445,0,0,0,0,0.000002,1573202.424027,,,,,,,0,,,,,,,,,,,,,,,,0,0,0,,0.0399,-6362.530591,28.620268,277.817674,,,,,,,,,,,,,,,,,,,,,,,,,,,,,,,,,,,None,Continue,0,None,,,,,,1,6097.677429,432.371399,0.713824,11027861.328125,,,,,,,,,,,,,,1000,0,0,1,1,0.629581,,,
0,ASCENT,7,0,1,None,Holding,0,92.586186,407.818445,0,0,0,0,0.000002,1573202.424027,,,,,,,0,,,,,,,,,,,,,,,,0,0,0,,0.0399,-6362.530591,28.620268,277.901236,,,,,,,,,,,,,,,,,,,,,,,,,,,,,,,,,,,None,Continue,0,None,,,,,,1,6097.676453,432.371399,0.713824,11027861.328125,,,,,,,,,,,,,,1000,0,0,1,1,0.629587,,,
0,ASCENT,7,0,1,None,Holding,0,92.586186,407.818445,0,0,0,0,0.000002,1573202.424027,,,,,,,0,,,,,,,,,,,,,,,,0,0,0,,0.0399,-6362.530591,28.620268,277.984797,,,,,,,,,,,,,,,,,,,,,,,,,,,,,,,,,,,None,Continue,0,None,,,,,,1,6097.676453,432.371399,0.713824,11027861.328125,,,,,,,,,,,,,,1000,0,0,1,1,0.629593,,,
0,ASCENT,7,0,1,None,Holding,0,92.586186,407.818445,0,0,0,0,0.000002,1573202.424027,,,,,,,0,,,,,,,,,,,,,,,,0,0,0,,0.0399,-6362.530591,28.620268,278.068359,,,,,,,,,,,,,,,,,,,,,,,,,,,,,,,,,,,None,Continue,0,None,,,,,,1,6097.676453,432.371399,0.713824,11027861.328125,,,,,,,,,,,,,,1000,0,0,1,1,0.629599,,,
0,ASCENT,7,0,1,None,Holding,0,92.586186,407.818445,0,0,0,0,0.000002,1573202.424027,,,,,,,0,,,,,,,,,,,,,,,,0,0,0,,0.0399,-6362.530591,28.620268,278.15192,,,,,,,,,,,,,,,,,,,,,,,,,,,,,,,,,,,None,Continue,0,None,,,,,,1,6097.676453,432.371399,0.713824,11027861.328125,,,,,,,,,,,,,,1000,0,0,1,1,0.629604,,,
0,ASCENT,7,0,1,None,Holding,0,92.586186,407.818445,0,0,0,0,0.000002,1573202.416398,,,,,,,0,,,,,,,,,,,,,,,,0,0,0,,0.0399,-6362.530591,28.620268,278.235482,,,,,,,,,,,,,,,,,,,,,,,,,,,,,,,,,,,None,Continue,0,None,,,,,,1,6097.676453,432.371399,0.713824,11027861.328125,,,,,,,,,,,,,,1000,0,0,1,1,0.62961,,,
0,ASCENT,7,0,1,None,Holding,0,92.586186,407.818445,0,0,0,0,0.000002,1573202.416398,,,,,,,0,,,,,,,,,,,,,,,,0,0,0,,0.0399,-6362.530591,28.620268,278.319043,,,,,,,,,,,,,,,,,,,,,,,,,,,,,,,,,,,None,Continue,0,None,,,,,,1,6097.676453,432.371399,0.713824,11027861.328125,,,,,,,,,,,,,,1000,0,0,1,1,0.629615,,,
0,ASCENT,7,0,1,None,Holding,0,92.586186,407.818445,0,0,0,0,0.000002,1573202.416398,,,,,,,0,,,,,,,,,,,,,,,,0,0,0,,0.0399,-6362.530591,28.620268,278.402605,,,,,,,,,,,,,,,,,,,,,,,,,,,,,,,,,,,None,Continue,0,None,,,,,,1,6097.676453,432.371399,0.713824,11027861.328125,,,,,,,,,,,,,,1000,0,0,1,1,0.629621,,,
0,ASCENT,7,0,1,None,Holding,0,92.586186,407.818445,0,0,0,0,0.000002,1573202.416398,,,,,,,0,,,,,,,,,,,,,,,,0,0,0,,0.0399,-6362.530591,28.620268,278.486166,,,,,,,,,,,,,,,,,,,,,,,,,,,,,,,,,,,None,Continue,0,None,,,,,,1,6097.676453,432.371399,0.713824,11027861.328125,,,,,,,,,,,,,,1000,0,0,1,1,0.629627,,,
0,ASCENT,7,0,1,None,Holding,0,92.586186,407.818445,0,0,0,0,0.000002,1573202.38588,,,,,,,0,,,,,,,,,,,,,,,,0,0,0,,0.0399,-6362.530591,28.620268,278.569728,,,,,,,,,,,,,,,,,,,,,,,,,,,,,,,,,,,None,Continue,0,None,,,,,,1,6097.675903,432.371399,0.713824,11027861.328125,,,,,,,,,,,,,,1000,0,0,1,1,0.629632,,,
0,ASCENT,7,0,1,None,Holding,0,92.586186,407.818445,0,0,0,0,0.000002,1573202.38588,,,,,,,0,,,,,,,,,,,,,,,,0,0,0,,0.0399,-6362.530591,28.620268,278.653289,,,,,,,,,,,,,,,,,,,,,,,,,,,,,,,,,,,None,Continue,0,None,,,,,,1,6097.675903,432.371399,0.713824,11027861.328125,,,,,,,,,,,,,,1000,0,0,1,1,0.629638,,,
0,ASCENT,7,0,1,None,Holding,0,92.586186,407.818445,0,0,0,0,0.000002,1573202.378251,,,,,,,0,,,,,,,,,,,,,,,,0,0,0,,0.0399,-6362.530591,28.620268,278.736851,,,,,,,,,,,,,,,,,,,,,,,,,,,,,,,,,,,None,Continue,0,None,,,,,,1,6097.675903,432.371399,0.713824,11027861.328125,,,,,,,,,,,,,,1000,0,0,1,1,0.629643,,,
0,ASCENT,7,0,1,None,Holding,0,92.586186,407.818445,0,0,0,0,0.000002,1573202.378251,,,,,,,0,,,,,,,,,,,,,,,,0,0,0,,0.0399,-6362.530591,28.620268,278.820412,,,,,,,,,,,,,,,,,,,,,,,,,,,,,,,,,,,None,Continue,0,None,,,,,,1,6097.675903,432.371399,0.713824,11027861.328125,,,,,,,,,,,,,,1000,0,0,1,1,0.629648,,,
0,ASCENT,7,0,1,None,Holding,0,92.586186,407.818445,0,0,0,0,0.000002,1573202.378251,,,,,,,0,,,,,,,,,,,,,,,,0,0,0,,0.0399,-6362.530591,28.620268,278.903974,,,,,,,,,,,,,,,,,,,,,,,,,,,,,,,,,,,None,Continue,0,None,,,,,,1,6097.675903,432.371399,0.713824,11027861.328125,,,,,,,,,,,,,,1000,0,0,1,1,0.629654,,,
0,ASCENT,7,0,1,None,Holding,0,92.586186,407.818445,0,0,0,0,0.000002,1573202.378251,,,,,,,0,,,,,,,,,,,,,,,,0,0,0,,0.0399,-6362.530591,28.620268,278.987535,,,,,,,,,,,,,,,,,,,,,,,,,,,,,,,,,,,None,Continue,0,None,,,,,,1,6097.675903,432.371399,0.713824,11027861.328125,,,,,,,,,,,,,,1000,0,0,1,1,0.629659,,,
0,ASCENT,7,0,1,None,Holding,0,92.586186,407.818445,0,0,0,0,0.000002,1573202.378251,,,,,,,0,,,,,,,,,,,,,,,,0,0,0,,0.0399,-6362.530591,28.620268,279.071097,,,,,,,,,,,,,,,,,,,,,,,,,,,,,,,,,,,None,Continue,0,None,,,,,,1,6097.675903,432.371399,0.713824,11027861.328125,,,,,,,,,,,,,,1000,0,0,1,1,0.629663,,,
0,ASCENT,7,0,1,None,Holding,0,92.586186,407.818445,0,0,0,0,0.000002,1573202.378251,,,,,,,0,,,,,,,,,,,,,,,,0,0,0,,0.0399,-6362.530591,28.620268,279.154658,,,,,,,,,,,,,,,,,,,,,,,,,,,,,,,,,,,None,Continue,0,None,,,,,,1,6097.675903,432.371399,0.713824,11027861.328125,,,,,,,,,,,,,,1000,0,0,1,1,0.629668,,,
0,ASCENT,7,0,1,None,Holding,0,92.586186,407.818445,0,0,0,0,0.000002,1573202.370621,,,,,,,0,,,,,,,,,,,,,,,,0,0,0,,0.0399,-6362.530591,28.620268,279.23822,,,,,,,,,,,,,,,,,,,,,,,,,,,,,,,,,,,None,Continue,0,None,,,,,,1,6097.674927,432.371399,0.713824,11027861.328125,,,,,,,,,,,,,,1000,0,0,1,1,0.629674,,,
0,ASCENT,7,0,1,None,Holding,0,92.586186,407.818445,0,0,0,0,0.000002,1573202.370621,,,,,,,0,,,,,,,,,,,,,,,,0,0,0,,0.0399,-6362.530591,28.620268,279.321781,,,,,,,,,,,,,,,,,,,,,,,,,,,,,,,,,,,None,Continue,0,None,,,,,,1,6097.674927,432.371399,0.713824,11027861.328125,,,,,,,,,,,,,,1000,0,0,1,1,0.629679,,,
0,ASCENT,7,0,1,None,Holding,0,92.586186,407.818445,0,0,0,0,0.000002,1573202.370621,,,,,,,0,,,,,,,,,,,,,,,,0,0,0,,0.0399,-6362.530591,28.620268,279.405343,,,,,,,,,,,,,,,,,,,,,,,,,,,,,,,,,,,None,Continue,0,None,,,,,,1,6097.674927,432.371399,0.713824,11027861.328125,,,,,,,,,,,,,,1000,0,0,1,1,0.629684,,,
0,ASCENT,7,0,1,None,Holding,0,92.586186,407.818445,0,0,0,0,0.000002,1573202.370621,,,,,,,0,,,,,,,,,,,,,,,,0,0,0,,0.0399,-6362.530591,28.620268,279.488904,,,,,,,,,,,,,,,,,,,,,,,,,,,,,,,,,,,None,Continue,0,None,,,,,,1,6097.674927,432.371399,0.713824,11027861.328125,,,,,,,,,,,,,,1000,0,0,1,1,0.629689,,,
0,ASCENT,7,0,1,None,Holding,0,92.586186,407.818445,0,0,0,0,0.000002,1573202.370621,,,,,,,0,,,,,,,,,,,,,,,,0,0,0,,0.0399,-6362.530591,28.620268,279.572466,,,,,,,,,,,,,,,,,,,,,,,,,,,,,,,,,,,None,Continue,0,None,,,,,,1,6097.674927,432.371399,0.713824,11027861.328125,,,,,,,,,,,,,,1000,0,0,1,1,0.629695,,,
0,ASCENT,7,0,1,None,Holding,0,92.586186,407.818445,0,0,0,0,0.000002,1573202.362992,,,,,,,0,,,,,,,,,,,,,,,,0,0,0,,0.0399,-6362.530591,28.620268,279.656027,,,,,,,,,,,,,,,,,,,,,,,,,,,,,,,,,,,None,Continue,0,None,,,,,,1,6097.674927,432.371399,0.713824,11027861.328125,,,,,,,,,,,,,,1000,0,0,1,1,0.6297,,,
0,ASCENT,7,0,1,None,Holding,0,92.586186,407.818445,0,0,0,0,0.000002,1573202.362992,,,,,,,0,,,,,,,,,,,,,,,,0,0,0,,0.0399,-6362.530591,28.620268,279.739589,,,,,,,,,,,,,,,,,,,,,,,,,,,,,,,,,,,None,Continue,0,None,,,,,,1,6097.674927,432.371399,0.713824,11027861.328125,,,,,,,,,,,,,,1000,0,0,1,1,0.629705,,,
0,ASCENT,7,0,1,None,Holding,0,92.586186,407.818445,0,0,0,0,0.000002,1573202.332474,,,,,,,0,,,,,,,,,,,,,,,,0,0,0,,0.0399,-6362.530591,28.620268,279.82315,,,,,,,,,,,,,,,,,,,,,,,,,,,,,,,,,,,None,Continue,0,None,,,,,,1,6097.674927,432.371399,0.713824,11027861.328125,,,,,,,,,,,,,,1000,0,0,1,1,0.62971,,,
0,ASCENT,7,0,1,None,Holding,0,92.586186,407.818445,0,0,0,0,0.000002,1573202.332474,,,,,,,0,,,,,,,,,,,,,,,,0,0,0,,0.0399,-6362.530591,28.620268,279.906712,,,,,,,,,,,,,,,,,,,,,,,,,,,,,,,,,,,None,Continue,0,None,,,,,,1,6097.673828,432.371399,0.713824,11027861.328125,,,,,,,,,,,,,,1000,0,0,1,1,0.629715,,,
0,ASCENT,7,0,1,None,Holding,0,92.586186,407.818445,0,0,0,0,0.000002,1573202.332474,,,,,,,0,,,,,,,,,,,,,,,,0,0,0,,0.0399,-6362.530591,28.620268,279.990273,,,,,,,,,,,,,,,,,,,,,,,,,,,,,,,,,,,None,Continue,0,None,,,,,,1,6097.673828,432.371399,0.713824,11027861.328125,,,,,,,,,,,,,,1000,0,0,1,1,0.62972,,,
0,ASCENT,7,0,1,None,Holding,0,92.586186,407.818445,0,0,0,0,0.000002,1573202.332474,,,,,,,0,,,,,,,,,,,,,,,,0,0,0,,0.0399,-6362.530591,28.620268,280.073835,,,,,,,,,,,,,,,,,,,,,,,,,,,,,,,,,,,None,Continue,0,None,,,,,,1,6097.673828,432.371399,0.713824,11027861.328125,,,,,,,,,,,,,,1000,0,0,1,1,0.629725,,,
0,ASCENT,7,0,1,None,Holding,0,92.586186,407.818445,0,0,0,0,0.000002,1573202.324845,,,,,,,0,,,,,,,,,,,,,,,,0,0,0,,0.0399,-6362.530591,28.620268,280.157396,,,,,,,,,,,,,,,,,,,,,,,,,,,,,,,,,,,None,Continue,0,None,,,,,,1,6097.673828,432.371399,0.713824,11027861.328125,,,,,,,,,,,,,,1000,0,0,1,1,0.62973,,,
0,ASCENT,7,0,1,None,Holding,0,92.586186,407.818445,0,0,0,0,0.000002,1573202.324845,,,,,,,0,,,,,,,,,,,,,,,,0,0,0,,0.0399,-6362.530591,28.620268,280.240958,,,,,,,,,,,,,,,,,,,,,,,,,,,,,,,,,,,None,Continue,0,None,,,,,,1,6097.673828,432.371399,0.713824,11027861.328125,,,,,,,,,,,,,,1000,0,0,1,1,0.629735,,,
0,ASCENT,7,0,1,None,Holding,0,92.586186,407.818445,0,0,0,0,0.000002,1573202.324845,,,,,,,0,,,,,,,,,,,,,,,,0,0,0,,0.0399,-6362.530591,28.620268,280.324519,,,,,,,,,,,,,,,,,,,,,,,,,,,,,,,,,,,None,Continue,0,None,,,,,,1,6097.673828,432.371399,0.713824,11027861.328125,,,,,,,,,,,,,,1000,0,0,1,1,0.62974,,,
0,ASCENT,7,0,1,None,Holding,0,92.586186,407.818445,0,0,0,0,0.000002,1573202.324845,,,,,,,0,,,,,,,,,,,,,,,,0,0,0,,0.0399,-6362.530591,28.620268,280.408081,,,,,,,,,,,,,,,,,,,,,,,,,,,,,,,,,,,None,Continue,0,None,,,,,,1,6097.673828,432.371399,0.713824,11027861.328125,,,,,,,,,,,,,,1000,0,0,1,1,0.629744,,,
0,ASCENT,7,0,1,None,Holding,0,92.586186,407.818445,0,0,0,0,0.000002,1573202.324845,,,,,,,0,,,,,,,,,,,,,,,,0,0,0,,0.0399,-6362.530591,28.620268,280.491642,,,,,,,,,,,,,,,,,,,,,,,,,,,,,,,,,,,None,Continue,0,None,,,,,,1,6097.673828,432.371399,0.713824,11027861.328125,,,,,,,,,,,,,,1000,0,0,1,1,0.629749,,,
0,ASCENT,7,0,1,None,Holding,0,92.586186,407.818445,0,0,0,0,0.000002,1573202.324845,,,,,,,0,,,,,,,,,,,,,,,,0,0,0,,0.0399,-6362.530591,28.620268,280.575204,,,,,,,,,,,,,,,,,,,,,,,,,,,,,,,,,,,None,Continue,0,None,,,,,,1,6097.67334,432.371399,0.713824,11027861.328125,,,,,,,,,,,,,,1000,0,0,1,1,0.629754,,,
0,ASCENT,7,0,1,None,Holding,0,92.586186,407.818445,0,0,0,0,0.000002,1573202.317216,,,,,,,0,,,,,,,,,,,,,,,,0,0,0,,0.0399,-6362.530591,28.620268,280.658765,,,,,,,,,,,,,,,,,,,,,,,,,,,,,,,,,,,None,Continue,0,None,,,,,,1,6097.67334,432.371399,0.713824,11027861.328125,,,,,,,,,,,,,,1000,0,0,1,1,0.629759,,,
0,ASCENT,7,0,1,None,Holding,0,92.586186,407.818445,0,0,0,0,0.000002,1573202.317216,,,,,,,0,,,,,,,,,,,,,,,,0,0,0,,0.0399,-6362.530591,28.620268,280.742327,,,,,,,,,,,,,,,,,,,,,,,,,,,,,,,,,,,None,Continue,0,None,,,,,,1,6097.67334,432.371399,0.713824,11027861.328125,,,,,,,,,,,,,,1000,0,0,1,1,0.629763,,,
0,ASCENT,7,0,1,None,Holding,0,92.586186,407.818445,0,0,0,0,0.000002,1573202.317216,,,,,,,0,,,,,,,,,,,,,,,,0,0,0,,0.0399,-6362.530591,28.620268,280.825888,,,,,,,,,,,,,,,,,,,,,,,,,,,,,,,,,,,None,Continue,0,None,,,,,,1,6097.67334,432.371399,0.713824,11027861.328125,,,,,,,,,,,,,,1000,0,0,1,1,0.629768,,,
0,ASCENT,7,0,1,None,Holding,0,92.586186,407.818445,0,0,0,0,0.000002,1573202.317216,,,,,,,0,,,,,,,,,,,,,,,,0,0,0,,0.0399,-6362.530591,28.620268,280.90945,,,,,,,,,,,,,,,,,,,,,,,,,,,,,,,,,,,None,Continue,0,None,,,,,,1,6097.67334,432.371399,0.713824,11027861.328125,,,,,,,,,,,,,,1000,0,0,1,1,0.629773,,,
0,ASCENT,7,0,1,None,Holding,0,92.586186,407.818445,0,0,0,0,0.000002,1573202.317216,,,,,,,0,,,,,,,,,,,,,,,,0,0,0,,0.0399,-6362.530591,28.620268,280.993011,,,,,,,,,,,,,,,,,,,,,,,,,,,,,,,,,,,None,Continue,0,None,,,,,,1,6097.67334,432.371399,0.713824,11027861.328125,,,,,,,,,,,,,,1000,0,0,1,1,0.629777,,,
0,ASCENT,7,0,1,None,Holding,0,92.586186,407.818445,0,0,0,0,0.000002,1573202.286698,,,,,,,0,,,,,,,,,,,,,,,,0,0,0,,0.0399,-6362.530591,28.620268,281.076573,,,,,,,,,,,,,,,,,,,,,,,,,,,,,,,,,,,None,Continue,0,None,,,,,,1,6097.67334,432.371399,0.713824,11027861.328125,,,,,,,,,,,,,,1000,0,0,1,1,0.629782,,,
0,ASCENT,7,0,1,None,Holding,0,92.586186,407.818445,0,0,0,0,0.000002,1573202.279069,,,,,,,0,,,,,,,,,,,,,,,,0,0,0,,0.0399,-6362.530591,28.620268,281.160134,,,,,,,,,,,,,,,,,,,,,,,,,,,,,,,,,,,None,Continue,0,None,,,,,,1,6097.67334,432.371399,0.713824,11027861.328125,,,,,,,,,,,,,,1000,0,0,1,1,0.629786,,,
0,ASCENT,7,0,1,None,Holding,0,92.586186,407.818445,0,0,0,0,0.000002,1573202.279069,,,,,,,0,,,,,,,,,,,,,,,,0,0,0,,0.0399,-6362.530591,28.620268,281.243696,,,,,,,,,,,,,,,,,,,,,,,,,,,,,,,,,,,None,Continue,0,None,,,,,,1,6097.672302,432.371399,0.713824,11027861.328125,,,,,,,,,,,,,,1000,0,0,1,1,0.629791,,,
0,ASCENT,7,0,1,None,Holding,0,92.586186,407.818445,0,0,0,0,0.000002,1573202.279069,,,,,,,0,,,,,,,,,,,,,,,,0,0,0,,0.0399,-6362.530591,28.620268,281.327257,,,,,,,,,,,,,,,,,,,,,,,,,,,,,,,,,,,None,Continue,0,None,,,,,,1,6097.672302,432.371399,0.713824,11027861.328125,,,,,,,,,,,,,,1000,0,0,1,1,0.629795,,,
0,ASCENT,7,0,1,None,Holding,0,92.586186,407.818445,0,0,0,0,0.000002,1573202.279069,,,,,,,0,,,,,,,,,,,,,,,,0,0,0,,0.0399,-6362.530591,28.620268,281.410819,,,,,,,,,,,,,,,,,,,,,,,,,,,,,,,,,,,None,Continue,0,None,,,,,,1,6097.672302,432.371399,0.713824,11027861.328125,,,,,,,,,,,,,,1000,0,0,1,1,0.629799,,,
0,ASCENT,7,0,1,None,Holding,0,92.586186,407.818445,0,0,0,0,0.000002,1573202.279069,,,,,,,0,,,,,,,,,,,,,,,,0,0,0,,0.0399,-6362.530591,28.620268,281.49438,,,,,,,,,,,,,,,,,,,,,,,,,,,,,,,,,,,None,Continue,0,None,,,,,,1,6097.672302,432.371399,0.713824,11027861.328125,,,,,,,,,,,,,,1000,0,0,1,1,0.629804,,,
0,ASCENT,7,0,1,None,Holding,0,92.586186,407.818445,0,0,0,0,0.000002,1573202.279069,,,,,,,0,,,,,,,,,,,,,,,,0,0,0,,0.0399,-6362.530591,28.620268,281.577942,,,,,,,,,,,,,,,,,,,,,,,,,,,,,,,,,,,None,Continue,0,None,,,,,,1,6097.672302,432.371399,0.713824,11027861.328125,,,,,,,,,,,,,,1000,0,0,1,1,0.629808,,,
0,ASCENT,7,0,1,None,Holding,0,92.586186,407.818445,0,0,0,0,0.000002,1573202.271439,,,,,,,0,,,,,,,,,,,,,,,,0,0,0,,0.0399,-6362.530591,28.620268,281.661503,,,,,,,,,,,,,,,,,,,,,,,,,,,,,,,,,,,None,Continue,0,None,,,,,,1,6097.672302,432.371399,0.713824,11027861.328125,,,,,,,,,,,,,,1000,0,0,1,1,0.629812,,,
0,ASCENT,7,0,1,None,Holding,0,92.586186,407.818445,0,0,0,0,0.000002,1573202.271439,,,,,,,0,,,,,,,,,,,,,,,,0,0,0,,0.0399,-6362.530591,28.620268,281.745065,,,,,,,,,,,,,,,,,,,,,,,,,,,,,,,,,,,None,Continue,0,None,,,,,,1,6097.672302,432.371399,0.713824,11027861.328125,,,,,,,,,,,,,,1000,0,0,1,1,0.629817,,,
0,ASCENT,7,0,1,None,Holding,0,92.586186,407.818445,0,0,0,0,0.000002,1573202.271439,,,,,,,0,,,,,,,,,,,,,,,,0,0,0,,0.0399,-6362.530591,28.620268,281.828626,,,,,,,,,,,,,,,,,,,,,,,,,,,,,,,,,,,None,Continue,0,None,,,,,,1,6097.672302,432.371399,0.713824,11027861.328125,,,,,,,,,,,,,,1000,0,0,1,1,0.629821,,,
0,ASCENT,7,0,1,None,Holding,0,92.586186,407.818445,0,0,0,0,0.000002,1573202.271439,,,,,,,0,,,,,,,,,,,,,,,,0,0,0,,0.0399,-6362.530591,28.620268,281.912188,,,,,,,,,,,,,,,,,,,,,,,,,,,,,,,,,,,None,Continue,0,None,,,,,,1,6097.671326,432.371399,0.713824,11027861.328125,,,,,,,,,,,,,,1000,0,0,1,1,0.629825,,,
0,ASCENT,7,0,1,None,Holding,0,92.586186,407.818445,0,0,0,0,0.000002,1573202.271439,,,,,,,0,,,,,,,,,,,,,,,,0,0,0,,0.0399,-6362.530591,28.620268,281.995749,,,,,,,,,,,,,,,,,,,,,,,,,,,,,,,,,,,None,Continue,0,None,,,,,,1,6097.671326,432.371399,0.713824,11027861.328125,,,,,,,,,,,,,,1000,0,0,1,1,0.629829,,,
0,ASCENT,7,0,1,None,Holding,0,92.586186,407.818445,0,0,0,0,0.000002,1573202.26381,,,,,,,0,,,,,,,,,,,,,,,,0,0,0,,0.0399,-6362.530591,28.620268,282.079311,,,,,,,,,,,,,,,,,,,,,,,,,,,,,,,,,,,None,Continue,0,None,,,,,,1,6097.671326,432.371399,0.713824,11027861.328125,,,,,,,,,,,,,,1000,0,0,1,1,0.629833,,,
0,ASCENT,7,0,1,None,Holding,0,92.586186,407.818445,0,0,0,0,0.000002,1573202.26381,,,,,,,0,,,,,,,,,,,,,,,,0,0,0,,0.0399,-6362.530591,28.620268,282.162872,,,,,,,,,,,,,,,,,,,,,,,,,,,,,,,,,,,None,Continue,0,None,,,,,,1,6097.671326,432.371399,0.713824,11027861.328125,,,,,,,,,,,,,,1000,0,0,1,1,0.629838,,,
0,ASCENT,7,0,1,None,Holding,0,92.586186,407.818445,0,0,0,0,0.000002,1573202.233292,,,,,,,0,,,,,,,,,,,,,,,,0,0,0,,0.0399,-6362.530591,28.620268,282.246434,,,,,,,,,,,,,,,,,,,,,,,,,,,,,,,,,,,None,Continue,0,None,,,,,,1,6097.671326,432.371399,0.713824,11027861.328125,,,,,,,,,,,,,,1000,0,0,1,1,0.629842,,,
0,ASCENT,7,0,1,None,Holding,0,92.586186,407.818445,0,0,0,0,0.000002,1573202.233292,,,,,,,0,,,,,,,,,,,,,,,,0,0,0,,0.0399,-6362.530591,28.620268,282.329995,,,,,,,,,,,,,,,,,,,,,,,,,,,,,,,,,,,None,Continue,0,None,,,,,,1,6097.671326,432.371399,0.713824,11027861.328125,,,,,,,,,,,,,,1000,0,0,1,1,0.629846,,,
0,ASCENT,7,0,1,None,Holding,0,92.586186,407.818445,0,0,0,0,0.000002,1573202.233292,,,,,,,0,,,,,,,,,,,,,,,,0,0,0,,0.0399,-6362.530591,28.620268,282.413557,,,,,,,,,,,,,,,,,,,,,,,,,,,,,,,,,,,None,Continue,0,None,,,,,,1,6097.671326,432.371399,0.713824,11027861.328125,,,,,,,,,,,,,,1000,0,0,1,1,0.62985,,,
0,ASCENT,7,0,1,None,Holding,0,92.586186,407.818445,0,0,0,0,0.000002,1573202.233292,,,,,,,0,,,,,,,,,,,,,,,,0,0,0,,0.0399,-6362.530591,28.620268,282.497118,,,,,,,,,,,,,,,,,,,,,,,,,,,,,,,,,,,None,Continue,0,None,,,,,,1,6097.671326,432.371399,0.713824,11027861.328125,,,,,,,,,,,,,,1000,0,0,1,1,0.629854,,,
0,ASCENT,7,0,1,None,Holding,0,92.586186,407.818445,0,0,0,0,0.000002,1573202.225663,,,,,,,0,,,,,,,,,,,,,,,,0,0,0,,0.0399,-6362.530591,28.620268,282.58068,,,,,,,,,,,,,,,,,,,,,,,,,,,,,,,,,,,None,Continue,0,None,,,,,,1,6097.670288,432.371399,0.713824,11027861.328125,,,,,,,,,,,,,,1000,0,0,1,1,0.629858,,,
0,ASCENT,7,0,1,None,Holding,0,92.586186,407.818445,0,0,0,0,0.000002,1573202.225663,,,,,,,0,,,,,,,,,,,,,,,,0,0,0,,0.0399,-6362.530591,28.620268,282.664241,,,,,,,,,,,,,,,,,,,,,,,,,,,,,,,,,,,None,Continue,0,None,,,,,,1,6097.670288,432.371399,0.713824,11027861.328125,,,,,,,,,,,,,,1000,0,0,1,1,0.629861,,,
0,ASCENT,7,0,1,None,Holding,0,92.586186,407.818445,0,0,0,0,0.000002,1573202.225663,,,,,,,0,,,,,,,,,,,,,,,,0,0,0,,0.0399,-6362.530591,28.620268,282.747803,,,,,,,,,,,,,,,,,,,,,,,,,,,,,,,,,,,None,Continue,0,None,,,,,,1,6097.670288,432.371399,0.713824,11027861.328125,,,,,,,,,,,,,,1000,0,0,1,1,0.629865,,,
0,ASCENT,7,0,1,None,Holding,0,92.586186,407.818445,0,0,0,0,0.000002,1573202.225663,,,,,,,0,,,,,,,,,,,,,,,,0,0,0,,0.0399,-6362.530591,28.620268,282.831364,,,,,,,,,,,,,,,,,,,,,,,,,,,,,,,,,,,None,Continue,0,None,,,,,,1,6097.670288,432.371399,0.713824,11027861.328125,,,,,,,,,,,,,,1000,0,0,1,1,0.629869,,,
0,ASCENT,7,0,1,None,Holding,0,92.586186,407.818445,0,0,0,0,0.000002,1573202.225663,,,,,,,0,,,,,,,,,,,,,,,,0,0,0,,0.0399,-6362.530591,28.620268,282.914926,,,,,,,,,,,,,,,,,,,,,,,,,,,,,,,,,,,None,Continue,0,None,,,,,,1,6097.670288,432.371399,0.713824,11027861.328125,,,,,,,,,,,,,,1000,0,0,1,1,0.629873,,,
0,ASCENT,7,0,1,None,Holding,0,92.586186,407.818445,0,0,0,0,0.000002,1573202.225663,,,,,,,0,,,,,,,,,,,,,,,,0,0,0,,0.0399,-6362.530591,28.620268,282.998487,,,,,,,,,,,,,,,,,,,,,,,,,,,,,,,,,,,None,Continue,0,None,,,,,,1,6097.670288,432.371399,0.713824,11027861.328125,,,,,,,,,,,,,,1000,0,0,1,1,0.629877,,,
0,ASCENT,7,0,1,None,Holding,0,92.586186,407.818445,0,0,0,0,0.000002,1573202.218033,,,,,,,0,,,,,,,,,,,,,,,,0,0,0,,0.0399,-6362.530591,28.620268,283.082049,,,,,,,,,,,,,,,,,,,,,,,,,,,,,,,,,,,None,Continue,0,None,,,,,,1,6097.670288,432.371399,0.713824,11027861.328125,,,,,,,,,,,,,,1000,0,0,1,1,0.62988,,,
0,ASCENT,7,0,1,None,Holding,0,92.586186,407.818445,0,0,0,0,0.000002,1573202.218033,,,,,,,0,,,,,,,,,,,,,,,,0,0,0,,0.0399,-6362.530591,28.620268,283.16561,,,,,,,,,,,,,,,,,,,,,,,,,,,,,,,,,,,None,Continue,0,None,,,,,,1,6097.670288,432.371399,0.713824,11027861.328125,,,,,,,,,,,,,,1000,0,0,1,1,0.629884,,,
0,ASCENT,7,0,1,None,Holding,0,92.586186,407.818445,0,0,0,0,0.000002,1573202.218033,,,,,,,0,,,,,,,,,,,,,,,,0,0,0,,0.0399,-6362.530591,28.620268,283.249171,,,,,,,,,,,,,,,,,,,,,,,,,,,,,,,,,,,None,Continue,0,None,,,,,,1,6097.669312,432.371399,0.713824,11027861.328125,,,,,,,,,,,,,,1000,0,0,1,1,0.629888,,,
0,ASCENT,7,0,1,None,Holding,0,92.586186,407.818445,0,0,0,0,0.000002,1573202.218033,,,,,,,0,,,,,,,,,,,,,,,,0,0,0,,0.0399,-6362.530591,28.620268,283.332733,,,,,,,,,,,,,,,,,,,,,,,,,,,,,,,,,,,None,Continue,0,None,,,,,,1,6097.669312,432.371399,0.713824,11027861.328125,,,,,,,,,,,,,,1000,0,0,1,1,0.629891,,,
0,ASCENT,7,0,1,None,Holding,0,92.586186,407.818445,0,0,0,0,0.000002,1573202.187516,,,,,,,0,,,,,,,,,,,,,,,,0,0,0,,0.0399,-6362.530591,28.620268,283.416294,,,,,,,,,,,,,,,,,,,,,,,,,,,,,,,,,,,None,Continue,0,None,,,,,,1,6097.669312,432.371399,0.713824,11027861.328125,,,,,,,,,,,,,,1000,0,0,1,1,0.629895,,,
0,ASCENT,7,0,1,None,Holding,0,92.586186,407.818445,0,0,0,0,0.000002,1573202.179886,,,,,,,0,,,,,,,,,,,,,,,,0,0,0,,0.0399,-6362.530591,28.620268,283.499856,,,,,,,,,,,,,,,,,,,,,,,,,,,,,,,,,,,None,Continue,0,None,,,,,,1,6097.669312,432.371399,0.713824,11027861.328125,,,,,,,,,,,,,,1000,0,0,1,1,0.629898,,,
0,ASCENT,7,0,1,None,Holding,0,92.586186,407.818445,0,0,0,0,0.000002,1573202.179886,,,,,,,0,,,,,,,,,,,,,,,,0,0,0,,0.0399,-6362.530591,28.620268,283.583417,,,,,,,,,,,,,,,,,,,,,,,,,,,,,,,,,,,None,Continue,0,None,,,,,,1,6097.669312,432.371399,0.713824,11027861.328125,,,,,,,,,,,,,,1000,0,0,1,1,0.629902,,,
0,ASCENT,7,0,1,None,Holding,0,92.586186,407.818445,0,0,0,0,0.000002,1573202.179886,,,,,,,0,,,,,,,,,,,,,,,,0,0,0,,0.0399,-6362.530591,28.620268,283.666979,,,,,,,,,,,,,,,,,,,,,,,,,,,,,,,,,,,None,Continue,0,None,,,,,,1,6097.669312,432.371399,0.713824,11027861.328125,,,,,,,,,,,,,,1000,0,0,1,1,0.629905,,,
0,ASCENT,7,0,1,None,Holding,0,92.586186,407.818445,0,0,0,0,0.000002,1573202.179886,,,,,,,0,,,,,,,,,,,,,,,,0,0,0,,0.0399,-6362.530591,28.620268,283.75054,,,,,,,,,,,,,,,,,,,,,,,,,,,,,,,,,,,None,Continue,0,None,,,,,,1,6097.669312,432.371399,0.713824,11027861.328125,,,,,,,,,,,,,,1000,0,0,1,1,0.629909,,,
0,ASCENT,7,0,1,None,Holding,0,92.586186,407.818445,0,0,0,0,0.000002,1573202.179886,,,,,,,0,,,,,,,,,,,,,,,,0,0,0,,0.0399,-6362.530591,28.620268,283.834102,,,,,,,,,,,,,,,,,,,,,,,,,,,,,,,,,,,None,Continue,0,None,,,,,,1,6097.669312,432.371399,0.713824,11027861.328125,,,,,,,,,,,,,,1000,0,0,1,1,0.629912,,,
0,ASCENT,7,0,1,None,Holding,0,92.586186,407.818445,0,0,0,0,0.000002,1573202.179886,,,,,,,0,,,,,,,,,,,,,,,,0,0,0,,0.0399,-6362.530591,28.620268,283.917663,,,,,,,,,,,,,,,,,,,,,,,,,,,,,,,,,,,None,Continue,0,None,,,,,,1,6097.668213,432.371399,0.713824,11027861.328125,,,,,,,,,,,,,,1000,0,0,1,1,0.629916,,,
0,ASCENT,7,0,1,None,Holding,0,92.586186,407.818445,0,0,0,0,0.000002,1573202.172257,,,,,,,0,,,,,,,,,,,,,,,,0,0,0,,0.0399,-6362.530591,28.620268,284.001225,,,,,,,,,,,,,,,,,,,,,,,,,,,,,,,,,,,None,Continue,0,None,,,,,,1,6097.668213,432.371399,0.713824,11027861.328125,,,,,,,,,,,,,,1000,0,0,1,1,0.629919,,,
0,ASCENT,7,0,1,None,Holding,0,92.586186,407.818445,0,0,0,0,0.000002,1573202.172257,,,,,,,0,,,,,,,,,,,,,,,,0,0,0,,0.0399,-6362.530591,28.620268,284.084786,,,,,,,,,,,,,,,,,,,,,,,,,,,,,,,,,,,None,Continue,0,None,,,,,,1,6097.668213,432.371399,0.713824,11027861.328125,,,,,,,,,,,,,,1000,0,0,1,1,0.629922,,,
0,ASCENT,7,0,1,None,Holding,0,92.586186,407.818445,0,0,0,0,0.000002,1573202.172257,,,,,,,0,,,,,,,,,,,,,,,,0,0,0,,0.0399,-6362.530591,28.620268,284.168348,,,,,,,,,,,,,,,,,,,,,,,,,,,,,,,,,,,None,Continue,0,None,,,,,,1,6097.668213,432.371399,0.713824,11027861.328125,,,,,,,,,,,,,,1000,0,0,1,1,0.629926,,,
0,ASCENT,7,0,1,None,Holding,0,92.586186,407.818445,0,0,0,0,0.000002,1573202.172257,,,,,,,0,,,,,,,,,,,,,,,,0,0,0,,0.0399,-6362.530591,28.620268,284.251909,,,,,,,,,,,,,,,,,,,,,,,,,,,,,,,,,,,None,Continue,0,None,,,,,,1,6097.668213,432.371399,0.713824,11027861.328125,,,,,,,,,,,,,,1000,0,0,1,1,0.629929,,,
0,ASCENT,7,0,1,None,Holding,0,92.586186,407.818445,0,0,0,0,0.000002,1573202.172257,,,,,,,0,,,,,,,,,,,,,,,,0,0,0,,0.0399,-6362.530591,28.620268,284.335471,,,,,,,,,,,,,,,,,,,,,,,,,,,,,,,,,,,None,Continue,0,None,,,,,,1,6097.668213,432.371399,0.713824,11027861.328125,,,,,,,,,,,,,,1000,0,0,1,1,0.629932,,,
0,ASCENT,7,0,1,None,Holding,0,92.586186,407.818445,0,0,0,0,0.000002,1573202.164628,,,,,,,0,,,,,,,,,,,,,,,,0,0,0,,0.0399,-6362.530591,28.620268,284.419032,,,,,,,,,,,,,,,,,,,,,,,,,,,,,,,,,,,None,Continue,0,None,,,,,,1,6097.668213,432.371399,0.713824,11027861.328125,,,,,,,,,,,,,,1000,0,0,1,1,0.629935,,,
0,ASCENT,7,0,1,None,Holding,0,92.586186,407.818445,0,0,0,0,0.000002,1573202.13411,,,,,,,0,,,,,,,,,,,,,,,,0,0,0,,0.0399,-6362.530591,28.620268,284.502594,,,,,,,,,,,,,,,,,,,,,,,,,,,,,,,,,,,None,Continue,0,None,,,,,,1,6097.668213,432.371399,0.713824,11027861.328125,,,,,,,,,,,,,,1000,0,0,1,1,0.629938,,,
0,ASCENT,7,0,1,None,Holding,0,92.586186,407.818445,0,0,0,0,0.000002,1573202.13411,,,,,,,0,,,,,,,,,,,,,,,,0,0,0,,0.0399,-6362.530591,28.620268,284.586155,,,,,,,,,,,,,,,,,,,,,,,,,,,,,,,,,,,None,Continue,0,None,,,,,,1,6097.667725,432.371399,0.713824,11027861.328125,,,,,,,,,,,,,,1000,0,0,1,1,0.629941,,,
0,ASCENT,7,0,1,None,Holding,0,92.586186,407.818445,0,0,0,0,0.000002,1573202.13411,,,,,,,0,,,,,,,,,,,,,,,,0,0,0,,0.0399,-6362.530591,28.620268,284.669717,,,,,,,,,,,,,,,,,,,,,,,,,,,,,,,,,,,None,Continue,0,None,,,,,,1,6097.667725,432.371399,0.713824,11027861.328125,,,,,,,,,,,,,,1000,0,0,1,1,0.629944,,,
0,ASCENT,7,0,1,None,Holding,0,92.586186,407.818445,0,0,0,0,0.000002,1573202.13411,,,,,,,0,,,,,,,,,,,,,,,,0,0,0,,0.0399,-6362.530591,28.620268,284.753278,,,,,,,,,,,,,,,,,,,,,,,,,,,,,,,,,,,None,Continue,0,None,,,,,,1,6097.667725,432.371399,0.713824,11027861.328125,,,,,,,,,,,,,,1000,0,0,1,1,0.629948,,,
0,ASCENT,7,0,1,None,Holding,0,92.586186,407.818445,0,0,0,0,0.000002,1573202.13411,,,,,,,0,,,,,,,,,,,,,,,,0,0,0,,0.0399,-6362.530591,28.620268,284.83684,,,,,,,,,,,,,,,,,,,,,,,,,,,,,,,,,,,None,Continue,0,None,,,,,,1,6097.667725,432.371399,0.713824,11027861.328125,,,,,,,,,,,,,,1000,0,0,1,1,0.629951,,,
0,ASCENT,7,0,1,None,Holding,0,92.586186,407.818445,0,0,0,0,0.000002,1573202.126481,,,,,,,0,,,,,,,,,,,,,,,,0,0,0,,0.0399,-6362.530591,28.620268,284.920401,,,,,,,,,,,,,,,,,,,,,,,,,,,,,,,,,,,None,Continue,0,None,,,,,,1,6097.667725,432.371399,0.713824,11027861.328125,,,,,,,,,,,,,,1000,0,0,1,1,0.629954,,,
0,ASCENT,7,0,1,None,Holding,0,92.586186,407.818445,0,0,0,0,0.000002,1573202.126481,,,,,,,0,,,,,,,,,,,,,,,,0,0,0,,0.0399,-6362.530591,28.620268,285.003963,,,,,,,,,,,,,,,,,,,,,,,,,,,,,,,,,,,None,Continue,0,None,,,,,,1,6097.667725,432.371399,0.713824,11027861.328125,,,,,,,,,,,,,,1000,0,0,1,1,0.629956,,,
0,ASCENT,7,0,1,None,Holding,0,92.586186,407.818445,0,0,0,0,0.000002,1573202.126481,,,,,,,0,,,,,,,,,,,,,,,,0,0,0,,0.0399,-6362.530591,28.620268,285.087524,,,,,,,,,,,,,,,,,,,,,,,,,,,,,,,,,,,None,Continue,0,None,,,,,,1,6097.667725,432.371399,0.713824,11027861.328125,,,,,,,,,,,,,,1000,0,0,1,1,0.629959,,,
0,ASCENT,7,0,1,None,Holding,0,92.586186,407.818445,0,0,0,0,0.000002,1573202.126481,,,,,,,0,,,,,,,,,,,,,,,,0,0,0,,0.0399,-6362.530591,28.620268,285.171086,,,,,,,,,,,,,,,,,,,,,,,,,,,,,,,,,,,None,Continue,0,None,,,,,,1,6097.667725,432.371399,0.713824,11027861.328125,,,,,,,,,,,,,,1000,0,0,1,1,0.629962,,,
0,ASCENT,7,0,1,None,Holding,0,92.586186,407.818445,0,0,0,0,0.000002,1573202.126481,,,,,,,0,,,,,,,,,,,,,,,,0,0,0,,0.0399,-6362.530591,28.620268,285.254647,,,,,,,,,,,,,,,,,,,,,,,,,,,,,,,,,,,None,Continue,0,None,,,,,,1,6097.666687,432.371399,0.713824,11027861.328125,,,,,,,,,,,,,,1000,0,0,1,1,0.629965,,,
0,ASCENT,7,0,1,None,Holding,0,92.586186,407.818445,0,0,0,0,0.000002,1573202.118851,,,,,,,0,,,,,,,,,,,,,,,,0,0,0,,0.0399,-6362.530591,28.620268,285.338209,,,,,,,,,,,,,,,,,,,,,,,,,,,,,,,,,,,None,Continue,0,None,,,,,,1,6097.666687,432.371399,0.713824,11027861.328125,,,,,,,,,,,,,,1000,0,0,1,1,0.629968,,,
0,ASCENT,7,0,1,None,Holding,0,92.586186,407.818445,0,0,0,0,0.000002,1573202.118851,,,,,,,0,,,,,,,,,,,,,,,,0,0,0,,0.0399,-6362.530591,28.620268,285.42177,,,,,,,,,,,,,,,,,,,,,,,,,,,,,,,,,,,None,Continue,0,None,,,,,,1,6097.666687,432.371399,0.713824,11027861.328125,,,,,,,,,,,,,,1000,0,0,1,1,0.629971,,,
0,ASCENT,7,0,1,None,Holding,0,92.586186,407.818445,0,0,0,0,0.000002,1573202.118851,,,,,,,0,,,,,,,,,,,,,,,,0,0,0,,0.0399,-6362.530591,28.620268,285.505332,,,,,,,,,,,,,,,,,,,,,,,,,,,,,,,,,,,None,Continue,0,None,,,,,,1,6097.666687,432.371399,0.713824,11027861.328125,,,,,,,,,,,,,,1000,0,0,1,1,0.629973,,,
0,ASCENT,7,0,1,None,Holding,0,92.586186,407.818445,0,0,0,0,0.000002,1573202.118851,,,,,,,0,,,,,,,,,,,,,,,,0,0,0,,0.0399,-6362.530591,28.620268,285.588893,,,,,,,,,,,,,,,,,,,,,,,,,,,,,,,,,,,None,Continue,0,None,,,,,,1,6097.666687,432.371399,0.713824,11027861.328125,,,,,,,,,,,,,,1000,0,0,1,1,0.629976,,,
0,ASCENT,7,0,1,None,Holding,0,92.586186,407.818445,0,0,0,0,0.000002,1573202.088334,,,,,,,0,,,,,,,,,,,,,,,,0,0,0,,0.0399,-6362.530591,28.620268,285.672455,,,,,,,,,,,,,,,,,,,,,,,,,,,,,,,,,,,None,Continue,0,None,,,,,,1,6097.666687,432.371399,0.713824,11027861.328125,,,,,,,,,,,,,,1000,0,0,1,1,0.629979,,,
0,ASCENT,7,0,1,None,Holding,0,92.586186,407.818445,0,0,0,0,0.000002,1573202.088334,,,,,,,0,,,,,,,,,,,,,,,,0,0,0,,0.0399,-6362.530591,28.620268,285.756016,,,,,,,,,,,,,,,,,,,,,,,,,,,,,,,,,,,None,Continue,0,None,,,,,,1,6097.666687,432.371399,0.713824,11027861.328125,,,,,,,,,,,,,,1000,0,0,1,1,0.629981,,,
0,ASCENT,7,0,1,None,Holding,0,92.586186,407.818445,0,0,0,0,0.000002,1573202.080704,,,,,,,0,,,,,,,,,,,,,,,,0,0,0,,0.0399,-6362.530591,28.620268,285.839578,,,,,,,,,,,,,,,,,,,,,,,,,,,,,,,,,,,None,Continue,0,None,,,,,,1,6097.666687,432.371399,0.713824,11027861.328125,,,,,,,,,,,,,,1000,0,0,1,1,0.629984,,,
0,ASCENT,7,0,1,None,Holding,0,92.586186,407.818445,0,0,0,0,0.000002,1573202.080704,,,,,,,0,,,,,,,,,,,,,,,,0,0,0,,0.0399,-6362.530591,28.620268,285.923139,,,,,,,,,,,,,,,,,,,,,,,,,,,,,,,,,,,None,Continue,0,None,,,,,,1,6097.665588,432.371399,0.713824,11027861.328125,,,,,,,,,,,,,,1000,0,0,1,1,0.629986,,,
0,ASCENT,7,0,1,None,Holding,0,92.586186,407.818445,0,0,0,0,0.000002,1573202.080704,,,,,,,0,,,,,,,,,,,,,,,,0,0,0,,0.0399,-6362.530591,28.620268,286.006701,,,,,,,,,,,,,,,,,,,,,,,,,,,,,,,,,,,None,Continue,0,None,,,,,,1,6097.665588,432.371399,0.713824,11027861.328125,,,,,,,,,,,,,,1000,0,0,1,1,0.629989,,,
0,ASCENT,7,0,1,None,Holding,0,92.586186,407.818445,0,0,0,0,0.000002,1573202.080704,,,,,,,0,,,,,,,,,,,,,,,,0,0,0,,0.0399,-6362.530591,28.620268,286.090262,,,,,,,,,,,,,,,,,,,,,,,,,,,,,,,,,,,None,Continue,0,None,,,,,,1,6097.665588,432.371399,0.713824,11027861.328125,,,,,,,,,,,,,,1000,0,0,1,1,0.629991,,,
0,ASCENT,7,0,1,None,Holding,0,92.586186,407.818445,0,0,0,0,0.000002,1573202.080704,,,,,,,0,,,,,,,,,,,,,,,,0,0,0,,0.0399,-6362.530591,28.620268,286.173824,,,,,,,,,,,,,,,,,,,,,,,,,,,,,,,,,,,None,Continue,0,None,,,,,,1,6097.665588,432.371399,0.713824,11027861.328125,,,,,,,,,,,,,,1000,0,0,1,1,0.629994,,,
0,ASCENT,7,0,1,None,Holding,0,92.586186,407.818445,0,0,0,0,0.000002,1573202.073075,,,,,,,0,,,,,,,,,,,,,,,,0,0,0,,0.0399,-6362.530591,28.620268,286.257385,,,,,,,,,,,,,,,,,,,,,,,,,,,,,,,,,,,None,Continue,0,None,,,,,,1,6097.665588,432.371399,0.713824,11027861.328125,,,,,,,,,,,,,,1000,0,0,1,1,0.629996,,,
0,ASCENT,7,0,1,None,Holding,0,92.586186,407.818445,0,0,0,0,0.000002,1573202.073075,,,,,,,0,,,,,,,,,,,,,,,,0,0,0,,0.0399,-6362.530591,28.620268,286.340947,,,,,,,,,,,,,,,,,,,,,,,,,,,,,,,,,,,None,Continue,0,None,,,,,,1,6097.665588,432.371399,0.713824,11027861.328125,,,,,,,,,,,,,,1000,0,0,1,1,0.629999,,,
0,ASCENT,7,0,1,None,Holding,0,92.586186,407.818445,0,0,0,0,0.000002,1573202.073075,,,,,,,0,,,,,,,,,,,,,,,,0,0,0,,0.0399,-6362.530591,28.620268,286.424508,,,,,,,,,,,,,,,,,,,,,,,,,,,,,,,,,,,None,Continue,0,None,,,,,,1,6097.665588,432.371399,0.713824,11027861.328125,,,,,,,,,,,,,,1000,0,0,1,1,0.630001,,,
0,ASCENT,7,0,1,None,Holding,0,92.586186,407.818445,0,0,0,0,0.000002,1573202.073075,,,,,,,0,,,,,,,,,,,,,,,,0,0,0,,0.0399,-6362.530591,28.620268,286.50807,,,,,,,,,,,,,,,,,,,,,,,,,,,,,,,,,,,None,Continue,0,None,,,,,,1,6097.665588,432.371399,0.713824,11027861.328125,,,,,,,,,,,,,,1000,0,0,1,1,0.630003,,,
0,ASCENT,7,0,1,None,Holding,0,92.586186,407.818445,0,0,0,0,0.000002,1573202.073075,,,,,,,0,,,,,,,,,,,,,,,,0,0,0,,0.0399,-6362.530591,28.620268,286.591631,,,,,,,,,,,,,,,,,,,,,,,,,,,,,,,,,,,None,Continue,0,None,,,,,,1,6097.664612,432.371399,0.713824,11027861.328125,,,,,,,,,,,,,,1000,0,0,1,1,0.630006,,,
0,ASCENT,7,0,1,None,Holding,0,92.586186,407.818445,0,0,0,0,0.000002,1573202.073075,,,,,,,0,,,,,,,,,,,,,,,,0,0,0,,0.0399,-6362.530591,28.620268,286.675193,,,,,,,,,,,,,,,,,,,,,,,,,,,,,,,,,,,None,Continue,0,None,,,,,,1,6097.664612,432.371399,0.713824,11027861.328125,,,,,,,,,,,,,,1000,0,0,1,1,0.630008,,,
0,ASCENT,7,0,1,None,Holding,0,92.586186,407.818445,0,0,0,0,0.000002,1573202.034928,,,,,,,0,,,,,,,,,,,,,,,,0,0,0,,0.0399,-6362.530591,28.620268,286.758754,,,,,,,,,,,,,,,,,,,,,,,,,,,,,,,,,,,None,Continue,0,None,,,,,,1,6097.664612,432.371399,0.713824,11027861.328125,,,,,,,,,,,,,,1000,0,0,1,1,0.63001,,,
0,ASCENT,7,0,1,None,Holding,0,92.586186,407.818445,0,0,0,0,0.000002,1573202.034928,,,,,,,0,,,,,,,,,,,,,,,,0,0,0,,0.0399,-6362.530591,28.620268,286.842316,,,,,,,,,,,,,,,,,,,,,,,,,,,,,,,,,,,None,Continue,0,None,,,,,,1,6097.664612,432.371399,0.713824,11027861.328125,,,,,,,,,,,,,,1000,0,0,1,1,0.630012,,,
0,ASCENT,7,0,1,None,Holding,0,92.586186,407.818445,0,0,0,0,0.000002,1573202.034928,,,,,,,0,,,,,,,,,,,,,,,,0,0,0,,0.0399,-6362.530591,28.620268,286.925877,,,,,,,,,,,,,,,,,,,,,,,,,,,,,,,,,,,None,Continue,0,None,,,,,,1,6097.664612,432.371399,0.713824,11027861.328125,,,,,,,,,,,,,,1000,0,0,1,1,0.630014,,,
0,ASCENT,7,0,1,None,Holding,0,92.586186,407.818445,0,0,0,0,0.000002,1573202.034928,,,,,,,0,,,,,,,,,,,,,,,,0,0,0,,0.0399,-6362.530591,28.620268,287.009439,,,,,,,,,,,,,,,,,,,,,,,,,,,,,,,,,,,None,Continue,0,None,,,,,,1,6097.664612,432.371399,0.713824,11027861.328125,,,,,,,,,,,,,,1000,0,0,1,1,0.630017,,,
0,ASCENT,7,0,1,None,Holding,0,92.586186,407.818445,0,0,0,0,0.000002,1573202.034928,,,,,,,0,,,,,,,,,,,,,,,,0,0,0,,0.0399,-6362.530591,28.620268,287.093,,,,,,,,,,,,,,,,,,,,,,,,,,,,,,,,,,,None,Continue,0,None,,,,,,1,6097.664612,432.371399,0.713824,11027861.328125,,,,,,,,,,,,,,1000,0,0,1,1,0.630019,,,
0,ASCENT,7,0,1,None,Holding,0,92.586186,407.818445,0,0,0,0,0.000002,1573202.027299,,,,,,,0,,,,,,,,,,,,,,,,0,0,0,,0.0399,-6362.530591,28.620268,287.176562,,,,,,,,,,,,,,,,,,,,,,,,,,,,,,,,,,,None,Continue,0,None,,,,,,1,6097.663574,432.371399,0.713824,11027861.328125,,,,,,,,,,,,,,1000,0,0,1,1,0.630021,,,
0,ASCENT,7,0,1,None,Holding,0,92.586186,407.818445,0,0,0,0,0.000002,1573202.027299,,,,,,,0,,,,,,,,,,,,,,,,0,0,0,,0.0399,-6362.530591,28.620268,287.260123,,,,,,,,,,,,,,,,,,,,,,,,,,,,,,,,,,,None,Continue,0,None,,,,,,1,6097.663574,432.371399,0.713824,11027861.328125,,,,,,,,,,,,,,1000,0,0,1,1,0.630023,,,
0,ASCENT,7,0,1,None,Holding,0,92.586186,407.818445,0,0,0,0,0.000002,1573202.027299,,,,,,,0,,,,,,,,,,,,,,,,0,0,0,,0.0399,-6362.530591,28.620268,287.343685,,,,,,,,,,,,,,,,,,,,,,,,,,,,,,,,,,,None,Continue,0,None,,,,,,1,6097.663574,432.371399,0.713824,11027861.328125,,,,,,,,,,,,,,1000,0,0,1,1,0.630025,,,
0,ASCENT,7,0,1,None,Holding,0,92.586186,407.818445,0,0,0,0,0.000002,1573202.027299,,,,,,,0,,,,,,,,,,,,,,,,0,0,0,,0.0399,-6362.530591,28.620268,287.427246,,,,,,,,,,,,,,,,,,,,,,,,,,,,,,,,,,,None,Continue,0,None,,,,,,1,6097.663574,432.371399,0.713824,11027861.328125,,,,,,,,,,,,,,1000,0,0,1,1,0.630027,,,
0,ASCENT,7,0,1,None,Holding,0,92.586186,407.818445,0,0,0,0,0.000002,1573202.027299,,,,,,,0,,,,,,,,,,,,,,,,0,0,0,,0.0399,-6362.530591,28.620268,287.510808,,,,,,,,,,,,,,,,,,,,,,,,,,,,,,,,,,,None,Continue,0,None,,,,,,1,6097.663574,432.371399,0.713824,11027861.328125,,,,,,,,,,,,,,1000,0,0,1,1,0.630029,,,
0,ASCENT,7,0,1,None,Holding,0,92.586186,407.818445,0,0,0,0,0.000002,1573202.019669,,,,,,,0,,,,,,,,,,,,,,,,0,0,0,,0.0399,-6362.530591,28.620268,287.594369,,,,,,,,,,,,,,,,,,,,,,,,,,,,,,,,,,,None,Continue,0,None,,,,,,1,6097.663574,432.371399,0.713824,11027861.328125,,,,,,,,,,,,,,1000,0,0,1,1,0.63003,,,
0,ASCENT,7,0,1,None,Holding,0,92.586186,407.818445,0,0,0,0,0.000002,1573202.019669,,,,,,,0,,,,,,,,,,,,,,,,0,0,0,,0.0399,-6362.530591,28.620268,287.677931,,,,,,,,,,,,,,,,,,,,,,,,,,,,,,,,,,,None,Continue,0,None,,,,,,1,6097.663574,432.371399,0.713824,11027861.328125,,,,,,,,,,,,,,1000,0,0,1,1,0.630032,,,
0,ASCENT,7,0,1,None,Holding,0,92.586186,407.818445,0,0,0,0,0.000002,1573202.019669,,,,,,,0,,,,,,,,,,,,,,,,0,0,0,,0.0399,-6362.530591,28.620268,287.761492,,,,,,,,,,,,,,,,,,,,,,,,,,,,,,,,,,,None,Continue,0,None,,,,,,1,6097.663574,432.371399,0.713824,11027861.328125,,,,,,,,,,,,,,1000,0,0,1,1,0.630034,,,
0,ASCENT,7,0,1,None,Holding,0,92.586186,407.818445,0,0,0,0,0.000002,1573201.989152,,,,,,,0,,,,,,,,,,,,,,,,0,0,0,,0.0399,-6362.530591,28.620268,287.845054,,,,,,,,,,,,,,,,,,,,,,,,,,,,,,,,,,,None,Continue,0,None,,,,,,1,6097.662598,432.371399,0.713824,11027861.328125,,,,,,,,,,,,,,1000,0,0,1,1,0.630036,,,
0,ASCENT,7,0,1,None,Holding,0,92.586186,407.818445,0,0,0,0,0.000002,1573201.989152,,,,,,,0,,,,,,,,,,,,,,,,0,0,0,,0.0399,-6362.530591,28.620268,287.928615,,,,,,,,,,,,,,,,,,,,,,,,,,,,,,,,,,,None,Continue,0,None,,,,,,1,6097.662598,432.371399,0.713824,11027861.328125,,,,,,,,,,,,,,1000,0,0,1,1,0.630038,,,
0,ASCENT,7,0,1,None,Holding,0,92.586186,407.818445,0,0,0,0,0.000002,1573201.981522,,,,,,,0,,,,,,,,,,,,,,,,0,0,0,,0.0399,-6362.530591,28.620268,288.012177,,,,,,,,,,,,,,,,,,,,,,,,,,,,,,,,,,,None,Continue,0,None,,,,,,1,6097.662598,432.371399,0.713824,11027861.328125,,,,,,,,,,,,,,1000,0,0,1,1,0.630039,,,
0,ASCENT,7,0,1,None,Holding,0,92.586186,407.818445,0,0,0,0,0.000002,1573201.981522,,,,,,,0,,,,,,,,,,,,,,,,0,0,0,,0.0399,-6362.530591,28.620268,288.095738,,,,,,,,,,,,,,,,,,,,,,,,,,,,,,,,,,,None,Continue,0,None,,,,,,1,6097.662598,432.371399,0.713824,11027861.328125,,,,,,,,,,,,,,1000,0,0,1,1,0.630041,,,
0,ASCENT,7,0,1,None,Holding,0,92.586186,407.818445,0,0,0,0,0.000002,1573201.981522,,,,,,,0,,,,,,,,,,,,,,,,0,0,0,,0.0399,-6362.530591,28.620268,288.1793,,,,,,,,,,,,,,,,,,,,,,,,,,,,,,,,,,,None,Continue,0,None,,,,,,1,6097.662598,432.371399,0.713824,11027861.328125,,,,,,,,,,,,,,1000,0,0,1,1,0.630043,,,
0,ASCENT,7,0,1,None,Holding,0,92.586186,407.818445,0,0,0,0,0.000002,1573201.981522,,,,,,,0,,,,,,,,,,,,,,,,0,0,0,,0.0399,-6362.530591,28.620268,288.262861,,,,,,,,,,,,,,,,,,,,,,,,,,,,,,,,,,,None,Continue,0,None,,,,,,1,6097.662598,432.371399,0.713824,11027861.328125,,,,,,,,,,,,,,1000,0,0,1,1,0.630044,,,
0,ASCENT,7,0,1,None,Holding,0,92.586186,407.818445,0,0,0,0,0.000002,1573201.981522,,,,,,,0,,,,,,,,,,,,,,,,0,0,0,,0.0399,-6362.530591,28.620268,288.346423,,,,,,,,,,,,,,,,,,,,,,,,,,,,,,,,,,,None,Continue,0,None,,,,,,1,6097.662598,432.371399,0.713824,11027861.328125,,,,,,,,,,,,,,1000,0,0,1,1,0.630046,,,
0,ASCENT,7,0,1,None,Holding,0,92.586186,407.818445,0,0,0,0,0.000002,1573201.981522,,,,,,,0,,,,,,,,,,,,,,,,0,0,0,,0.0399,-6362.530591,28.620268,288.429984,,,,,,,,,,,,,,,,,,,,,,,,,,,,,,,,,,,None,Continue,0,None,,,,,,1,6097.662598,432.371399,0.713824,11027861.328125,,,,,,,,,,,,,,1000,0,0,1,1,0.630047,,,
0,ASCENT,7,0,1,None,Holding,0,92.586186,407.818445,0,0,0,0,0.000002,1573201.973893,,,,,,,0,,,,,,,,,,,,,,,,0,0,0,,0.0399,-6362.530591,28.620268,288.513546,,,,,,,,,,,,,,,,,,,,,,,,,,,,,,,,,,,None,Continue,0,None,,,,,,1,6097.66156,432.371399,0.713824,11027861.328125,,,,,,,,,,,,,,1000,0,0,1,1,0.630049,,,
0,ASCENT,7,0,1,None,Holding,0,92.586186,407.818445,0,0,0,0,0.000002,1573201.973893,,,,,,,0,,,,,,,,,,,,,,,,0,0,0,,0.0399,-6362.530591,28.620268,288.597107,,,,,,,,,,,,,,,,,,,,,,,,,,,,,,,,,,,None,Continue,0,None,,,,,,1,6097.66156,432.371399,0.713824,11027861.328125,,,,,,,,,,,,,,1000,0,0,1,1,0.63005,,,
0,ASCENT,7,0,1,None,Holding,0,92.586186,407.818445,0,0,0,0,0.000002,1573201.973893,,,,,,,0,,,,,,,,,,,,,,,,0,0,0,,0.0399,-6362.530591,28.620268,288.680669,,,,,,,,,,,,,,,,,,,,,,,,,,,,,,,,,,,None,Continue,0,None,,,,,,1,6097.66156,432.371399,0.713824,11027861.328125,,,,,,,,,,,,,,1000,0,0,1,1,0.630052,,,
0,ASCENT,7,0,1,None,Holding,0,92.586186,407.818445,0,0,0,0,0.000002,1573201.973893,,,,,,,0,,,,,,,,,,,,,,,,0,0,0,,0.0399,-6362.530591,28.620268,288.76423,,,,,,,,,,,,,,,,,,,,,,,,,,,,,,,,,,,None,Continue,0,None,,,,,,1,6097.66156,432.371399,0.713824,11027861.328125,,,,,,,,,,,,,,1000,0,0,1,1,0.630053,,,
0,ASCENT,7,0,1,None,Holding,0,92.586186,407.818445,0,0,0,0,0.000002,1573201.973893,,,,,,,0,,,,,,,,,,,,,,,,0,0,0,,0.0399,-6362.530591,28.620268,288.847791,,,,,,,,,,,,,,,,,,,,,,,,,,,,,,,,,,,None,Continue,0,None,,,,,,1,6097.66156,432.371399,0.713824,11027861.328125,,,,,,,,,,,,,,1000,0,0,1,1,0.630054,,,
0,ASCENT,7,0,1,None,Holding,0,92.586186,407.818445,0,0,0,0,0.000002,1573201.935746,,,,,,,0,,,,,,,,,,,,,,,,0,0,0,,0.0399,-6362.530591,28.620268,288.931353,,,,,,,,,,,,,,,,,,,,,,,,,,,,,,,,,,,None,Continue,0,None,,,,,,1,6097.66156,432.371399,0.713824,11027861.328125,,,,,,,,,,,,,,1000,0,0,1,1,0.630056,,,
0,ASCENT,7,0,1,None,Holding,0,92.586186,407.818445,0,0,0,0,0.000002,1573201.935746,,,,,,,0,,,,,,,,,,,,,,,,0,0,0,,0.0399,-6362.530591,28.620268,289.014914,,,,,,,,,,,,,,,,,,,,,,,,,,,,,,,,,,,None,Continue,0,None,,,,,,1,6097.66156,432.371399,0.713824,11027861.328125,,,,,,,,,,,,,,1000,0,0,1,1,0.630057,,,
0,ASCENT,7,0,1,None,Holding,0,92.586186,407.818445,0,0,0,0,0.000002,1573201.935746,,,,,,,0,,,,,,,,,,,,,,,,0,0,0,,0.0399,-6362.530591,28.620268,289.098476,,,,,,,,,,,,,,,,,,,,,,,,,,,,,,,,,,,None,Continue,0,None,,,,,,1,6097.66156,432.371399,0.713824,11027861.328125,,,,,,,,,,,,,,1000,0,0,1,1,0.630058,,,
0,ASCENT,7,0,1,None,Holding,0,92.586186,407.818445,0,0,0,0,0.000002,1573201.935746,,,,,,,0,,,,,,,,,,,,,,,,0,0,0,,0.0399,-6362.530591,28.620268,289.182037,,,,,,,,,,,,,,,,,,,,,,,,,,,,,,,,,,,None,Continue,0,None,,,,,,1,6097.660583,432.371399,0.713824,11027861.328125,,,,,,,,,,,,,,1000,0,0,1,1,0.63006,,,
0,ASCENT,7,0,1,None,Holding,0,92.586186,407.818445,0,0,0,0,0.000002,1573201.935746,,,,,,,0,,,,,,,,,,,,,,,,0,0,0,,0.0399,-6362.530591,28.620268,289.265599,,,,,,,,,,,,,,,,,,,,,,,,,,,,,,,,,,,None,Continue,0,None,,,,,,1,6097.660583,432.371399,0.713824,11027861.328125,,,,,,,,,,,,,,1000,0,0,1,1,0.630061,,,
0,ASCENT,7,0,1,None,Holding,0,92.586186,407.818445,0,0,0,0,0.000002,1573201.928116,,,,,,,0,,,,,,,,,,,,,,,,0,0,0,,0.0399,-6362.530591,28.620268,289.34916,,,,,,,,,,,,,,,,,,,,,,,,,,,,,,,,,,,None,Continue,0,None,,,,,,1,6097.660583,432.371399,0.713824,11027861.328125,,,,,,,,,,,,,,1000,0,0,1,1,0.630062,,,
0,ASCENT,7,0,1,None,Holding,0,92.586186,407.818445,0,0,0,0,0.000002,1573201.928116,,,,,,,0,,,,,,,,,,,,,,,,0,0,0,,0.0399,-6362.530591,28.620268,289.432722,,,,,,,,,,,,,,,,,,,,,,,,,,,,,,,,,,,None,Continue,0,None,,,,,,1,6097.660583,432.371399,0.713824,11027861.328125,,,,,,,,,,,,,,1000,0,0,1,1,0.630063,,,
0,ASCENT,7,0,1,None,Holding,0,92.586186,407.818445,0,0,0,0,0.000002,1573201.928116,,,,,,,0,,,,,,,,,,,,,,,,0,0,0,,0.0399,-6362.530591,28.620268,289.516283,,,,,,,,,,,,,,,,,,,,,,,,,,,,,,,,,,,None,Continue,0,None,,,,,,1,6097.660583,432.371399,0.713824,11027861.328125,,,,,,,,,,,,,,1000,0,0,1,1,0.630064,,,
0,ASCENT,7,0,1,None,Holding,0,92.586186,407.818445,0,0,0,0,0.000002,1573201.928116,,,,,,,0,,,,,,,,,,,,,,,,0,0,0,,0.0399,-6362.530591,28.620268,289.599845,,,,,,,,,,,,,,,,,,,,,,,,,,,,,,,,,,,None,Continue,0,None,,,,,,1,6097.660583,432.371399,0.713824,11027861.328125,,,,,,,,,,,,,,1000,0,0,1,1,0.630065,,,
0,ASCENT,7,0,1,None,Holding,0,92.586186,407.818445,0,0,0,0,0.000002,1573201.928116,,,,,,,0,,,,,,,,,,,,,,,,0,0,0,,0.0399,-6362.530591,28.620268,289.683406,,,,,,,,,,,,,,,,,,,,,,,,,,,,,,,,,,,None,Continue,0,None,,,,,,1,6097.660583,432.371399,0.713824,11027861.328125,,,,,,,,,,,,,,1000,0,0,1,1,0.630066,,,
0,ASCENT,7,0,1,None,Holding,0,92.586186,407.818445,0,0,0,0,0.000002,1573201.920487,,,,,,,0,,,,,,,,,,,,,,,,0,0,0,,0.0399,-6362.530591,28.620268,289.766968,,,,,,,,,,,,,,,,,,,,,,,,,,,,,,,,,,,None,Continue,0,None,,,,,,1,6097.660583,432.371399,0.713824,11027861.328125,,,,,,,,,,,,,,1000,0,0,1,1,0.630067,,,
0,ASCENT,7,0,1,None,Holding,0,92.586186,407.818445,0,0,0,0,0.000002,1573201.920487,,,,,,,0,,,,,,,,,,,,,,,,0,0,0,,0.0399,-6362.530591,28.620268,289.850529,,,,,,,,,,,,,,,,,,,,,,,,,,,,,,,,,,,None,Continue,0,None,,,,,,1,6097.659485,432.371399,0.713824,11027861.328125,,,,,,,,,,,,,,1000,0,0,1,1,0.630068,,,
0,ASCENT,7,0,1,None,Holding,0,92.586186,407.818445,0,0,0,0,0.000002,1573201.920487,,,,,,,0,,,,,,,,,,,,,,,,0,0,0,,0.0399,-6362.530591,28.620268,289.934091,,,,,,,,,,,,,,,,,,,,,,,,,,,,,,,,,,,None,Continue,0,None,,,,,,1,6097.659485,432.371399,0.713824,11027861.328125,,,,,,,,,,,,,,1000,0,0,1,1,0.630069,,,
0,ASCENT,7,0,1,None,Holding,0,92.586186,407.818445,0,0,0,0,0.000002,1573201.889969,,,,,,,0,,,,,,,,,,,,,,,,0,0,0,,0.0399,-6362.530591,28.620268,290.017652,,,,,,,,,,,,,,,,,,,,,,,,,,,,,,,,,,,None,Continue,0,None,,,,,,1,6097.659485,432.371399,0.713824,11027861.328125,,,,,,,,,,,,,,1000,0,0,1,1,0.63007,,,
0,ASCENT,7,0,1,None,Holding,0,92.586186,407.818445,0,0,0,0,0.000002,1573201.889969,,,,,,,0,,,,,,,,,,,,,,,,0,0,0,,0.0399,-6362.530591,28.620268,290.101214,,,,,,,,,,,,,,,,,,,,,,,,,,,,,,,,,,,None,Continue,0,None,,,,,,1,6097.659485,432.371399,0.713824,11027861.328125,,,,,,,,,,,,,,1000,0,0,1,1,0.630071,,,
0,ASCENT,7,0,1,None,Holding,0,92.586186,407.818445,0,0,0,0,0.000002,1573201.88234,,,,,,,0,,,,,,,,,,,,,,,,0,0,0,,0.0399,-6362.530591,28.620268,290.184775,,,,,,,,,,,,,,,,,,,,,,,,,,,,,,,,,,,None,Continue,0,None,,,,,,1,6097.659485,432.371399,0.713824,11027861.328125,,,,,,,,,,,,,,1000,0,0,1,1,0.630072,,,
0,ASCENT,7,0,1,None,Holding,0,92.586186,407.818445,0,0,0,0,0.000002,1573201.88234,,,,,,,0,,,,,,,,,,,,,,,,0,0,0,,0.0399,-6362.530591,28.620268,290.268337,,,,,,,,,,,,,,,,,,,,,,,,,,,,,,,,,,,None,Continue,0,None,,,,,,1,6097.659485,432.371399,0.713824,11027861.328125,,,,,,,,,,,,,,1000,0,0,1,1,0.630072,,,
0,ASCENT,7,0,1,None,Holding,0,92.586186,407.818445,0,0,0,0,0.000002,1573201.88234,,,,,,,0,,,,,,,,,,,,,,,,0,0,0,,0.0399,-6362.530591,28.620268,290.351898,,,,,,,,,,,,,,,,,,,,,,,,,,,,,,,,,,,None,Continue,0,None,,,,,,1,6097.659485,432.371399,0.713824,11027861.328125,,,,,,,,,,,,,,1000,0,0,1,1,0.630073,,,
0,ASCENT,7,0,1,None,Holding,0,92.586186,407.818445,0,0,0,0,0.000002,1573201.88234,,,,,,,0,,,,,,,,,,,,,,,,0,0,0,,0.0399,-6362.530591,28.620268,290.43546,,,,,,,,,,,,,,,,,,,,,,,,,,,,,,,,,,,None,Continue,0,None,,,,,,1,6097.659485,432.371399,0.713824,11027861.328125,,,,,,,,,,,,,,1000,0,0,1,1,0.630074,,,
0,ASCENT,7,0,1,None,Holding,0,92.586186,407.818445,0,0,0,0,0.000002,1573201.88234,,,,,,,0,,,,,,,,,,,,,,,,0,0,0,,0.0399,-6362.530591,28.620268,290.519021,,,,,,,,,,,,,,,,,,,,,,,,,,,,,,,,,,,None,Continue,0,None,,,,,,1,6097.658508,432.371399,0.713824,11027861.328125,,,,,,,,,,,,,,1000,0,0,1,1,0.630074,,,
0,ASCENT,7,0,1,None,Holding,0,92.586186,407.818445,0,0,0,0,0.000002,1573201.874711,,,,,,,0,,,,,,,,,,,,,,,,0,0,0,,0.0399,-6362.530591,28.620268,290.602583,,,,,,,,,,,,,,,,,,,,,,,,,,,,,,,,,,,None,Continue,0,None,,,,,,1,6097.658508,432.371399,0.713824,11027861.328125,,,,,,,,,,,,,,1000,0,0,1,1,0.630075,,,
0,ASCENT,7,0,1,None,Holding,0,92.586186,407.818445,0,0,0,0,0.000002,1573201.874711,,,,,,,0,,,,,,,,,,,,,,,,0,0,0,,0.0399,-6362.530591,28.620268,290.686144,,,,,,,,,,,,,,,,,,,,,,,,,,,,,,,,,,,None,Continue,0,None,,,,,,1,6097.658508,432.371399,0.713824,11027861.328125,,,,,,,,,,,,,,1000,0,0,1,1,0.630076,,,
0,ASCENT,7,0,1,None,Holding,0,92.586186,407.818445,0,0,0,0,0.000002,1573201.874711,,,,,,,0,,,,,,,,,,,,,,,,0,0,0,,0.0399,-6362.530591,28.620268,290.769706,,,,,,,,,,,,,,,,,,,,,,,,,,,,,,,,,,,None,Continue,0,None,,,,,,1,6097.658508,432.371399,0.713824,11027861.328125,,,,,,,,,,,,,,1000,0,0,1,1,0.630076,,,
0,ASCENT,7,0,1,None,Holding,0,92.586186,407.818445,0,0,0,0,0.000002,1573201.874711,,,,,,,0,,,,,,,,,,,,,,,,0,0,0,,0.0399,-6362.530591,28.620268,290.853267,,,,,,,,,,,,,,,,,,,,,,,,,,,,,,,,,,,None,Continue,0,None,,,,,,1,6097.658508,432.371399,0.713824,11027861.328125,,,,,,,,,,,,,,1000,0,0,1,1,0.630077,,,
0,ASCENT,7,0,1,None,Holding,0,92.586186,407.818445,0,0,0,0,0.000002,1573201.874711,,,,,,,0,,,,,,,,,,,,,,,,0,0,0,,0.0399,-6362.530591,28.620268,290.936829,,,,,,,,,,,,,,,,,,,,,,,,,,,,,,,,,,,None,Continue,0,None,,,,,,1,6097.658508,432.371399,0.713824,11027861.328125,,,,,,,,,,,,,,1000,0,0,1,1,0.630077,,,
0,ASCENT,7,0,1,None,Holding,0,92.586186,407.818445,0,0,0,0,0.000002,1573201.867081,,,,,,,0,,,,,,,,,,,,,,,,0,0,0,,0.0399,-6362.530591,28.620268,291.02039,,,,,,,,,,,,,,,,,,,,,,,,,,,,,,,,,,,None,Continue,0,None,,,,,,1,6097.658508,432.371399,0.713824,11027861.328125,,,,,,,,,,,,,,1000,0,0,1,1,0.630078,,,
0,ASCENT,7,0,1,None,Holding,0,92.586186,407.818445,0,0,0,0,0.000002,1573201.836564,,,,,,,0,,,,,,,,,,,,,,,,0,0,0,,0.0399,-6362.530591,28.620268,291.103952,,,,,,,,,,,,,,,,,,,,,,,,,,,,,,,,,,,None,Continue,0,None,,,,,,1,6097.658508,432.371399,0.713824,11027861.328125,,,,,,,,,,,,,,1000,0,0,1,1,0.630078,,,
0,ASCENT,7,0,1,None,Holding,0,92.586186,407.818445,0,0,0,0,0.000002,1573201.836564,,,,,,,0,,,,,,,,,,,,,,,,0,0,0,,0.0399,-6362.530591,28.620268,291.187513,,,,,,,,,,,,,,,,,,,,,,,,,,,,,,,,,,,None,Continue,0,None,,,,,,1,6097.657471,432.371399,0.713824,11027861.328125,,,,,,,,,,,,,,1000,0,0,1,1,0.630079,,,
0,ASCENT,7,0,1,None,Holding,0,92.586186,407.818445,0,0,0,0,0.000002,1573201.836564,,,,,,,0,,,,,,,,,,,,,,,,0,0,0,,0.0399,-6362.530591,28.620268,291.271075,,,,,,,,,,,,,,,,,,,,,,,,,,,,,,,,,,,None,Continue,0,None,,,,,,1,6097.657471,432.371399,0.713824,11027861.328125,,,,,,,,,,,,,,1000,0,0,1,1,0.630079,,,
0,ASCENT,7,0,1,None,Holding,0,92.586186,407.818445,0,0,0,0,0.000002,1573201.836564,,,,,,,0,,,,,,,,,,,,,,,,0,0,0,,0.0399,-6362.530591,28.620268,291.354636,,,,,,,,,,,,,,,,,,,,,,,,,,,,,,,,,,,None,Continue,0,None,,,,,,1,6097.657471,432.371399,0.713824,11027861.328125,,,,,,,,,,,,,,1000,0,0,1,1,0.630079,,,
0,ASCENT,7,0,1,None,Holding,0,92.586186,407.818445,0,0,0,0,0.000002,1573201.828934,,,,,,,0,,,,,,,,,,,,,,,,0,0,0,,0.0399,-6362.530591,28.620268,291.438198,,,,,,,,,,,,,,,,,,,,,,,,,,,,,,,,,,,None,Continue,0,None,,,,,,1,6097.657471,432.371399,0.713824,11027861.328125,,,,,,,,,,,,,,1000,0,0,1,1,0.63008,,,
0,ASCENT,7,0,1,None,Holding,0,92.586186,407.818445,0,0,0,0,0.000002,1573201.828934,,,,,,,0,,,,,,,,,,,,,,,,0,0,0,,0.0399,-6362.530591,28.620268,291.521759,,,,,,,,,,,,,,,,,,,,,,,,,,,,,,,,,,,None,Continue,0,None,,,,,,1,6097.657471,432.371399,0.713824,11027861.328125,,,,,,,,,,,,,,1000,0,0,1,1,0.63008,,,
0,ASCENT,7,0,1,None,Holding,0,92.586186,407.818445,0,0,0,0,0.000002,1573201.828934,,,,,,,0,,,,,,,,,,,,,,,,0,0,0,,0.0399,-6362.530591,28.620268,291.605321,,,,,,,,,,,,,,,,,,,,,,,,,,,,,,,,,,,None,Continue,0,None,,,,,,1,6097.657471,432.371399,0.713824,11027861.328125,,,,,,,,,,,,,,1000,0,0,1,1,0.63008,,,
0,ASCENT,7,0,1,None,Holding,0,92.586186,407.818445,0,0,0,0,0.000002,1573201.828934,,,,,,,0,,,,,,,,,,,,,,,,0,0,0,,0.0399,-6362.530591,28.620268,291.688882,,,,,,,,,,,,,,,,,,,,,,,,,,,,,,,,,,,None,Continue,0,None,,,,,,1,6097.657471,432.371399,0.713824,11027861.328125,,,,,,,,,,,,,,1000,0,0,1,1,0.63008,,,
0,ASCENT,7,0,1,None,Holding,0,92.586186,407.818445,0,0,0,0,0.000002,1573201.828934,,,,,,,0,,,,,,,,,,,,,,,,0,0,0,,0.0399,-6362.530591,28.620268,291.772444,,,,,,,,,,,,,,,,,,,,,,,,,,,,,,,,,,,None,Continue,0,None,,,,,,1,6097.656494,432.371399,0.713824,11027861.328125,,,,,,,,,,,,,,1000,0,0,1,1,0.63008,,,
0,ASCENT,7,0,1,None,Holding,0,92.586186,407.818445,0,0,0,0,0.000002,1573201.821305,,,,,,,0,,,,,,,,,,,,,,,,0,0,0,,0.0399,-6362.530591,28.620268,291.856005,,,,,,,,,,,,,,,,,,,,,,,,,,,,,,,,,,,None,Continue,0,None,,,,,,1,6097.656494,432.371399,0.713824,11027861.328125,,,,,,,,,,,,,,1000,0,0,1,1,0.63008,,,
0,ASCENT,7,0,1,None,Holding,0,92.586186,407.818445,0,0,0,0,0.000002,1573201.821305,,,,,,,0,,,,,,,,,,,,,,,,0,0,0,,0.0399,-6362.530591,28.620268,291.939567,,,,,,,,,,,,,,,,,,,,,,,,,,,,,,,,,,,None,Continue,0,None,,,,,,1,6097.656494,432.371399,0.713824,11027861.328125,,,,,,,,,,,,,,1000,0,0,1,1,0.630081,,,
0,ASCENT,7,0,1,None,Holding,0,92.586186,407.818445,0,0,0,0,0.000002,1573201.821305,,,,,,,0,,,,,,,,,,,,,,,,0,0,0,,0.0399,-6362.530591,28.620268,292.023128,,,,,,,,,,,,,,,,,,,,,,,,,,,,,,,,,,,None,Continue,0,None,,,,,,1,6097.656494,432.371399,0.713824,11027861.328125,,,,,,,,,,,,,,1000,0,0,1,1,0.630081,,,
0,ASCENT,7,0,1,None,Holding,0,92.586186,407.818445,0,0,0,0,0.000002,1573201.790787,,,,,,,0,,,,,,,,,,,,,,,,0,0,0,,0.0399,-6362.530591,28.620268,292.10669,,,,,,,,,,,,,,,,,,,,,,,,,,,,,,,,,,,None,Continue,0,None,,,,,,1,6097.656494,432.371399,0.713824,11027861.328125,,,,,,,,,,,,,,1000,0,0,1,1,0.630081,,,
0,ASCENT,7,0,1,None,Holding,0,92.586186,407.818445,0,0,0,0,0.000002,1573201.790787,,,,,,,0,,,,,,,,,,,,,,,,0,0,0,,0.0399,-6362.530591,28.620268,292.190251,,,,,,,,,,,,,,,,,,,,,,,,,,,,,,,,,,,None,Continue,0,None,,,,,,1,6097.656494,432.371399,0.713824,11027861.328125,,,,,,,,,,,,,,1000,0,0,1,1,0.630081,,,
0,ASCENT,7,0,1,None,Holding,0,92.586186,407.818445,0,0,0,0,0.000002,1573201.783158,,,,,,,0,,,,,,,,,,,,,,,,0,0,0,,0.0399,-6362.530591,28.620268,292.273813,,,,,,,,,,,,,,,,,,,,,,,,,,,,,,,,,,,None,Continue,0,None,,,,,,1,6097.656494,432.371399,0.713824,11027861.328125,,,,,,,,,,,,,,1000,0,0,1,1,0.630081,,,
0,ASCENT,7,0,1,None,Holding,0,92.586186,407.818445,0,0,0,0,0.000002,1573201.783158,,,,,,,0,,,,,,,,,,,,,,,,0,0,0,,0.0399,-6362.530591,28.620268,292.357374,,,,,,,,,,,,,,,,,,,,,,,,,,,,,,,,,,,None,Continue,0,None,,,,,,1,6097.656494,432.371399,0.713824,11027861.328125,,,,,,,,,,,,,,1000,0,0,1,1,0.630081,,,
0,ASCENT,7,0,1,None,Holding,0,92.586186,407.818445,0,0,0,0,0.000002,1573201.783158,,,,,,,0,,,,,,,,,,,,,,,,0,0,0,,0.0399,-6362.530591,28.620268,292.440936,,,,,,,,,,,,,,,,,,,,,,,,,,,,,,,,,,,None,Continue,0,None,,,,,,1,6097.655457,432.371399,0.713824,11027861.328125,,,,,,,,,,,,,,1000,0,0,1,1,0.63008,,,
0,ASCENT,7,0,1,None,Holding,0,92.586186,407.818445,0,0,0,0,0.000002,1573201.783158,,,,,,,0,,,,,,,,,,,,,,,,0,0,0,,0.0399,-6362.530591,28.620268,292.524497,,,,,,,,,,,,,,,,,,,,,,,,,,,,,,,,,,,None,Continue,0,None,,,,,,1,6097.655457,432.371399,0.713824,11027861.328125,,,,,,,,,,,,,,1000,0,0,1,1,0.63008,,,
0,ASCENT,7,0,1,None,Holding,0,92.586186,407.818445,0,0,0,0,0.000002,1573201.783158,,,,,,,0,,,,,,,,,,,,,,,,0,0,0,,0.0399,-6362.530591,28.620268,292.608059,,,,,,,,,,,,,,,,,,,,,,,,,,,,,,,,,,,None,Continue,0,None,,,,,,1,6097.655457,432.371399,0.713824,11027861.328125,,,,,,,,,,,,,,1000,0,0,1,1,0.63008,,,
0,ASCENT,7,0,1,None,Holding,0,92.586186,407.818445,0,0,0,0,0.000002,1573201.775528,,,,,,,0,,,,,,,,,,,,,,,,0,0,0,,0.0399,-6362.530591,28.620268,292.69162,,,,,,,,,,,,,,,,,,,,,,,,,,,,,,,,,,,None,Continue,0,None,,,,,,1,6097.655457,432.371399,0.713824,11027861.328125,,,,,,,,,,,,,,1000,0,0,1,1,0.63008,,,
0,ASCENT,7,0,1,None,Holding,0,92.586186,407.818445,0,0,0,0,0.000002,1573201.775528,,,,,,,0,,,,,,,,,,,,,,,,0,0,0,,0.0399,-6362.530591,28.620268,292.775182,,,,,,,,,,,,,,,,,,,,,,,,,,,,,,,,,,,None,Continue,0,None,,,,,,1,6097.655457,432.371399,0.713824,11027861.328125,,,,,,,,,,,,,,1000,0,0,1,1,0.63008,,,
0,ASCENT,7,0,1,None,Holding,0,92.586186,407.818445,0,0,0,0,0.000002,1573201.775528,,,,,,,0,,,,,,,,,,,,,,,,0,0,0,,0.0399,-6362.530591,28.620268,292.858743,,,,,,,,,,,,,,,,,,,,,,,,,,,,,,,,,,,None,Continue,0,None,,,,,,1,6097.655457,432.371399,0.713824,11027861.328125,,,,,,,,,,,,,,1000,0,0,1,1,0.630079,,,
0,ASCENT,7,0,1,None,Holding,0,92.586186,407.818445,0,0,0,0,0.000002,1573201.775528,,,,,,,0,,,,,,,,,,,,,,,,0,0,0,,0.0399,-6362.530591,28.620268,292.942305,,,,,,,,,,,,,,,,,,,,,,,,,,,,,,,,,,,None,Continue,0,None,,,,,,1,6097.655457,432.371399,0.713824,11027861.328125,,,,,,,,,,,,,,1000,0,0,1,1,0.630079,,,
0,ASCENT,7,0,1,None,Holding,0,92.586186,407.818445,0,0,0,0,0.000002,1573201.775528,,,,,,,0,,,,,,,,,,,,,,,,0,0,0,,0.0399,-6362.530591,28.620268,293.025866,,,,,,,,,,,,,,,,,,,,,,,,,,,,,,,,,,,None,Continue,0,None,,,,,,1,6097.655457,432.371399,0.713824,11027861.328125,,,,,,,,,,,,,,1000,0,0,1,1,0.630079,,,
0,ASCENT,7,0,1,None,Holding,0,92.586186,407.818445,0,0,0,0,0.000002,1573201.737382,,,,,,,0,,,,,,,,,,,,,,,,0,0,0,,0.0399,-6362.530591,28.620268,293.109428,,,,,,,,,,,,,,,,,,,,,,,,,,,,,,,,,,,None,Continue,0,None,,,,,,1,6097.654358,432.371399,0.713824,11027861.328125,,,,,,,,,,,,,,1000,0,0,1,1,0.630078,,,
0,ASCENT,7,0,1,None,Holding,0,92.586186,407.818445,0,0,0,0,0.000002,1573201.737382,,,,,,,0,,,,,,,,,,,,,,,,0,0,0,,0.0399,-6362.530591,28.620268,293.192989,,,,,,,,,,,,,,,,,,,,,,,,,,,,,,,,,,,None,Continue,0,None,,,,,,1,6097.654358,432.371399,0.713824,11027861.328125,,,,,,,,,,,,,,1000,0,0,1,1,0.630078,,,
0,ASCENT,7,0,1,None,Holding,0,92.586186,407.818445,0,0,0,0,0.000002,1573201.737382,,,,,,,0,,,,,,,,,,,,,,,,0,0,0,,0.0399,-6362.530591,28.620268,293.276551,,,,,,,,,,,,,,,,,,,,,,,,,,,,,,,,,,,None,Continue,0,None,,,,,,1,6097.654358,432.371399,0.713824,11027861.328125,,,,,,,,,,,,,,1000,0,0,1,1,0.630077,,,
0,ASCENT,7,0,1,None,Holding,0,92.586186,407.818445,0,0,0,0,0.000002,1573201.737382,,,,,,,0,,,,,,,,,,,,,,,,0,0,0,,0.0399,-6362.530591,28.620268,293.360112,,,,,,,,,,,,,,,,,,,,,,,,,,,,,,,,,,,None,Continue,0,None,,,,,,1,6097.654358,432.371399,0.713824,11027861.328125,,,,,,,,,,,,,,1000,0,0,1,1,0.630077,,,
0,ASCENT,7,0,1,None,Holding,0,92.586186,407.818445,0,0,0,0,0.000002,1573201.737382,,,,,,,0,,,,,,,,,,,,,,,,0,0,0,,0.0399,-6362.530591,28.620268,293.443674,,,,,,,,,,,,,,,,,,,,,,,,,,,,,,,,,,,None,Continue,0,None,,,,,,1,6097.654358,432.371399,0.713824,11027861.328125,,,,,,,,,,,,,,1000,0,0,1,1,0.630076,,,
0,ASCENT,7,0,1,None,Holding,0,92.586186,407.818445,0,0,0,0,0.000002,1573201.729752,,,,,,,0,,,,,,,,,,,,,,,,0,0,0,,0.0399,-6362.530591,28.620268,293.527235,,,,,,,,,,,,,,,,,,,,,,,,,,,,,,,,,,,None,Continue,0,None,,,,,,1,6097.654358,432.371399,0.713824,11027861.328125,,,,,,,,,,,,,,1000,0,0,1,1,0.630076,,,
0,ASCENT,7,0,1,None,Holding,0,92.586186,407.818445,0,0,0,0,0.000002,1573201.729752,0.99871,0,0,0,0,,0,0,0,0,0,0,0,0,0,0,0,0,0,0,0,0,0,0,0,0,0.0399,-6362.530591,28.620268,293.585939,,,,,,,,,,,,,,,,,,,,,,,,,,,,,,,,,,,None,Continue,0,None,,,,,,1,6097.654358,432.371399,0.713824,11027861.328125,,,,,,,,,,,,,,960.031494,0,0,1,1,0.630075,0,0,0
0,ASCENT,7,0,1,None,Holding,0,92.586186,407.818445,0,0,0,0,0.000002,1573201.729752,0.99871,0,0,0,0,,0,0,0,0,0,0,0,0,0,0,0,0,0,0,0,0,0,0,0,0,0.0399,-6362.530591,28.620268,293.666161,,,,,,,,,,,,,,,,,,,,,,,,,,,,,,,,,,,None,Continue,0,None,,,,,,1,6097.653381,432.371399,0.713824,11027861.328125,,,,,,,,,,,,,,940.062439,0,0,1,1,0.630074,0,0,0
0,ASCENT,7,0,1,None,Holding,0,92.586186,407.818445,0,0,0,0,0.000002,1573201.729752,0.99871,0,0,0,0,,0,0,0,0,0,0,0,0,0,0,0,0,0,0,0,0,0,0,0,0,0.0399,-6362.530591,28.620268,293.744714,,,,,,,,,,,,,,,,,,,,,,,,,,,,,,,,,,,None,Continue,0,None,,,,,,1,6097.653381,432.371399,0.713824,11027861.328125,,,,,,,,,,,,,,920.093384,0,0,1,1,0.630073,0,0,0
0,ASCENT,7,0,1,None,Holding,0,92.586186,407.818445,0,0,0,0,0.000002,1573201.722123,0.99871,0,0,0,0,,0,0,0,0,0,0,0,0,0,0,0,0,0,0,0,0,0,0,0,0,0.0399,-6362.530591,28.620268,293.821599,,,,,,,,,,,,,,,,,,,,,,,,,,,,,,,,,,,None,Continue,0,None,,,,,,1,6097.653381,432.371399,0.713824,11027861.328125,,,,,,,,,,,,,,900.093872,0,0,1,1,0.630073,0,0,0
0,ASCENT,7,0,1,None,Holding,0,92.586186,407.818445,0,0,0,0,0.000002,1573201.722123,0.99871,0,0,0,0,,0,0,0,0,0,0,0,0,0,0,0,0,0,0,0,0,0,0,0,0,0.0399,-6362.530591,28.620268,293.896812,,,,,,,,,,,,,,,,,,,,,,,,,,,,,,,,,,,None,Continue,0,None,,,,,,1,6097.653381,432.371399,0.713824,11027861.328125,,,,,,,,,,,,,,880.124878,0,0,1,1,0.630072,0,0,0
0,ASCENT,7,0,1,None,Holding,0,92.586186,407.818445,0,0,0,0,0.000002,1573201.691605,0.99871,0,0,0,0,,0,0,0,0,0,0,0,0,0,0,0,0,0,0,0,0,0,0,0,0,0.0399,-6362.530591,28.620268,293.970356,,,,,,,,,,,,,,,,,,,,,,,,,,,,,,,,,,,None,Continue,0,None,,,,,,1,6097.653381,432.371399,0.713824,11027861.328125,,,,,,,,,,,,,,860.155884,0,0,1,1,0.630071,0,0,0
0,ASCENT,7,0,1,None,Holding,0,92.586186,407.818445,0,0,0,0,0.000002,1573201.691605,0.99871,0,0,0,0,,0,0,0,0,0,0,0,0,0,0,0,0,0,0,0,0,0,0,0,0,0.0399,-6362.530591,28.620268,294.042232,,,,,,,,,,,,,,,,,,,,,,,,,,,,,,,,,,,None,Continue,0,None,,,,,,1,6097.653381,432.371399,0.713824,11027861.328125,,,,,,,,,,,,,,840.156372,0,0,1,1,0.630071,0,0,0
0,ASCENT,7,0,1,None,Holding,0,92.586186,407.818445,0,0,0,0,0.000002,1573201.691605,0.99871,0,0,0,0,,0,0,0,0,0,0,0,0,0,0,0,0,0,0,0,0,0,0,0,0,0.0399,-6362.530591,28.620268,294.112437,,,,,,,,,,,,,,,,,,,,,,,,,,,,,,,,,,,None,Continue,0,None,,,,,,1,6097.653381,432.371399,0.713824,11027861.328125,,,,,,,,,,,,,,820.187317,0,0,1,1,0.63007,0,0,0
0,ASCENT,7,0,1,None,Holding,0,92.586186,407.818445,0,0,0,0,0.000002,1573201.683976,0.99871,0,0,0,0,,0,0,0,0,0,0,0,0,0,0,0,0,0,0,0,0,0,0,0,0,0.0399,-6362.530591,28.620268,294.180973,,,,,,,,,,,,,,,,,,,,,,,,,,,,,,,,,,,None,Continue,0,None,,,,,,1,6097.653381,432.371399,0.713824,11027861.328125,,,,,,,,,,,,,,800.187805,0,0,1,1,0.630069,0,0,0
0,ASCENT,7,0,1,None,Holding,0,92.586186,407.818445,0,0,0,0,0.000002,1573201.683976,0.99871,0,0,0,0,,0,0,0,0,0,0,0,0,0,0,0,0,0,0,0,0,0,0,0,0,0.0399,-6362.530591,28.620268,294.247838,,,,,,,,,,,,,,,,,,,,,,,,,,,,,,,,,,,None,Continue,0,None,,,,,,1,6097.652344,432.371399,0.713824,11027861.328125,,,,,,,,,,,,,,780.21875,0,0,1,1,0.630069,0,0,0
0,ASCENT,7,0,1,None,Holding,0,92.586186,407.818445,0,0,0,0,0.000002,1573201.683976,0.99871,0,0,0,0,,0,0,0,0,0,0,0,0,0,0,0,0,0,0,0,0,0,0,0,0,0.0399,-6362.530591,28.620268,294.313034,,,,,,,,,,,,,,,,,,,,,,,,,,,,,,,,,,,None,Continue,0,None,,,,,,1,6097.652344,432.371399,0.713824,11027861.328125,,,,,,,,,,,,,,760.249756,0,0,1,1,0.630068,0,0,0
0,ASCENT,7,0,1,None,Holding,0,92.586186,407.818445,0,0,0,0,0.000002,1573201.683976,0.99871,0,0,0,0,,0,0,0,0,0,0,0,0,0,0,0,0,0,0,0,0,0,0,0,0,0.0399,-6362.530591,28.620268,294.376562,,,,,,,,,,,,,,,,,,,,,,,,,,,,,,,,,,,None,Continue,0,None,,,,,,1,6097.652344,432.371399,0.713824,11027861.328125,,,,,,,,,,,,,,740.250244,0,0,1,1,0.630067,0,0,0
0,ASCENT,7,0,1,None,Holding,0,92.586186,407.818445,0,0,0,0,0.000002,1573201.683976,0.99871,0,0,0,0,,0,0,0,0,0,0,0,0,0,0,0,0,0,0,0,0,0,0,0,0,0.0399,-6362.530591,28.620268,294.438418,,,,,,,,,,,,,,,,,,,,,,,,,,,,,,,,,,,None,Continue,0,None,,,,,,1,6097.652344,432.371399,0.713824,11027861.328125,,,,,,,,,,,,,,720.28125,0,0,1,1,0.630067,0,0,0
0,ASCENT,7,0,1,None,Holding,0,92.586186,407.818445,0,0,0,0,0.000002,1573201.683976,0.99871,0,0,0,0,,0,0,0,0,0,0,0,0,0,0,0,0,0,0,0,0,0,0,0,0,0.0399,-6362.530591,28.620268,294.498606,,,,,,,,,,,,,,,,,,,,,,,,,,,,,,,,,,,None,Continue,0,None,,,,,,1,6097.652344,432.371399,0.713824,11027861.328125,,,,,,,,,,,,,,700.312195,0,0,1,1,0.630066,0,0,0
0,ASCENT,7,0,1,None,Holding,0,92.586186,407.818445,0,0,0,0,0.000002,1573201.683976,0.99871,0,0,0,0,,0,0,0,0,0,0,0,0,0,0,0,0,0,0,0,0,0,0,0,0,0.0399,-6362.530591,28.620268,294.557125,,,,,,,,,,,,,,,,,,,,,,,,,,,,,,,,,,,None,Continue,0,None,,,,,,1,6097.652344,432.371399,0.713824,11027861.328125,,,,,,,,,,,,,,680.312683,0,0,1,1,0.630065,0,0,0
0,ASCENT,7,0,1,None,Holding,0,92.586186,407.818445,0,0,0,0,0.000002,1573201.676346,0.99871,0,0,0,0,,0,0,0,0,0,0,0,0,0,0,0,0,0,0,0,0,0,0,0,0,0.0399,-6362.530591,28.620268,294.613973,,,,,,,,,,,,,,,,,,,,,,,,,,,,,,,,,,,None,Continue,0,None,,,,,,1,6097.652344,432.371399,0.713824,11027861.328125,,,,,,,,,,,,,,660.343628,0,0,1,1,0.630065,0,0,0
0,ASCENT,7,0,1,None,Holding,0,92.586186,407.818445,0,0,0,0,0.000002,1573201.676346,0.99871,0,0,0,0,,0,0,0,0,0,0,0,0,0,0,0,0,0,0,0,0,0,0,0,0,0.0399,-6362.530591,28.620268,294.669152,,,,,,,,,,,,,,,,,,,,,,,,,,,,,,,,,,,None,Continue,0,None,,,,,,1,6097.652344,432.371399,0.713824,11027861.328125,,,,,,,,,,,,,,640.374634,0,0,1,1,0.630064,0,0,0
0,ASCENT,7,0,1,None,Holding,0,92.586186,407.818445,0,0,0,0,0.000002,1573201.676346,0.99871,0,0,0,0,,0,0,0,0,0,0,0,0,0,0,0,0,0,0,0,0,0,0,0,0,0.0399,-6362.530591,28.620268,294.722663,,,,,,,,,,,,,,,,,,,,,,,,,,,,,,,,,,,None,Continue,0,None,,,,,,1,6097.651367,432.371399,0.713824,11027861.328125,,,,,,,,,,,,,,620.375122,0,0,1,1,0.630063,0,0,0
0,ASCENT,7,0,1,None,Holding,0,92.586186,407.818445,0,0,0,0,0.000002,1573201.676346,0.99871,0,0,0,0,,0,0,0,0,0,0,0,0,0,0,0,0,0,0,0,0,0,0,0,0,0.0399,-6362.530591,28.620268,294.774502,,,,,,,,,,,,,,,,,,,,,,,,,,,,,,,,,,,None,Continue,0,None,,,,,,1,6097.651367,432.371399,0.713824,11027861.328125,,,,,,,,,,,,,,600.406128,0,0,1,1,0.630062,0,0,0
0,ASCENT,7,0,1,None,Holding,0,92.586186,407.818445,0,0,0,0,0.000002,1573201.676346,0.99871,0,0,0,0,,0,0,0,0,0,0,0,0,0,0,0,0,0,0,0,0,0,0,0,0,0.0399,-6362.530591,28.620268,294.824673,,,,,,,,,,,,,,,,,,,,,,,,,,,,,,,,,,,None,Continue,0,None,,,,,,1,6097.651367,432.371399,0.713824,11027861.328125,,,,,,,,,,,,,,580.406616,0,0,1,1,0.630062,0,0,0
0,ASCENT,7,0,1,None,Holding,0,92.586186,407.818445,0,0,0,0,0.000002,1573201.676346,0.99871,0,0,0,0,,0,0,0,0,0,0,0,0,0,0,0,0,0,0,0,0,0,0,0,0,0.0399,-6362.530591,28.620268,294.873173,,,,,,,,,,,,,,,,,,,,,,,,,,,,,,,,,,,None,Continue,0,None,,,,,,1,6097.651367,432.371399,0.713824,11027861.328125,,,,,,,,,,,,,,560.437561,0,0,1,1,0.630061,0,0,0
0,ASCENT,7,0,1,None,Holding,0,92.586186,407.818445,0,0,0,0,0.000002,1573201.645829,0.99871,0,0,0,0,,0,0,0,0,0,0,0,0,0,0,0,0,0,0,0,0,0,0,0,0,0.0399,-6362.530591,28.620268,294.920004,,,,,,,,,,,,,,,,,,,,,,,,,,,,,,,,,,,None,Continue,0,None,,,,,,1,6097.651367,432.371399,0.713824,11027861.328125,,,,,,,,,,,,,,540.468506,0,0,1,1,0.63006,0,0,0
0,ASCENT,7,0,1,None,Holding,0,92.586186,407.818445,0,0,0,0,0.000002,1573201.638199,0.99871,0,0,0,0,,0,0,0,0,0,0,0,0,0,0,0,0,0,0,0,0,0,0,0,0,0.0399,-6362.530591,28.620268,294.965166,,,,,,,,,,,,,,,,,,,,,,,,,,,,,,,,,,,None,Continue,0,None,,,,,,1,6097.651367,432.371399,0.713824,11027861.328125,,,,,,,,,,,,,,520.468994,0,0,1,1,0.63006,0,0,0
0,ASCENT,7,0,1,None,Holding,0,92.586186,407.818445,0,0,0,0,0.000002,1573201.638199,0.99871,0,0,0,0,,0,0,0,0,0,0,0,0,0,0,0,0,0,0,0,0,0,0,0,0,0.0399,-6362.530591,28.620268,295.008657,,,,,,,,,,,,,,,,,,,,,,,,,,,,,,,,,,,None,Continue,0,None,,,,,,1,6097.651367,432.371399,0.713824,11027861.328125,,,,,,,,,,,,,,500.5,0,0,1,1,0.630059,0,0,0
0,ASCENT,7,0,1,None,Holding,0,92.586186,407.818445,0,0,0,0,0.000002,1573201.638199,0.99871,0,0,0,0,,0,0,0,0,0,0,0,0,0,0,0,0,0,0,0,0,0,0,0,0,0.0399,-6362.530591,28.620268,295.05048,,,,,,,,,,,,,,,,,,,,,,,,,,,,,,,,,,,None,Continue,0,None,,,,,,1,6097.651367,432.371399,0.713824,11027861.328125,,,,,,,,,,,,,,480.530975,0,0,1,1,0.630059,0,0,0
0,ASCENT,7,0,1,None,Holding,0,92.586186,407.818445,0,0,0,0,0.000002,1573201.638199,0.99871,0,0,0,0,,0,0,0,0,0,0,0,0,0,0,0,0,0,0,0,0,0,0,0,0,0.0399,-6362.530591,28.620268,295.090634,,,,,,,,,,,,,,,,,,,,,,,,,,,,,,,,,,,None,Continue,0,None,,,,,,1,6097.650818,432.371399,0.713824,11027861.328125,,,,,,,,,,,,,,460.531464,0,0,1,1,0.630058,0,0,0
0,ASCENT,7,0,1,None,Holding,0,92.586186,407.818445,0,0,0,0,0.000002,1573201.638199,0.99871,0,0,0,0,,0,0,0,0,0,0,0,0,0,0,0,0,0,0,0,0,0,0,0,0,0.0399,-6362.530591,28.620268,295.129116,,,,,,,,,,,,,,,,,,,,,,,,,,,,,,,,,,,None,Continue,0,None,,,,,,1,6097.650818,432.371399,0.713824,11027861.328125,,,,,,,,,,,,,,440.562439,0,0,1,1,0.630057,0,0,0
0,ASCENT,7,0,1,None,Holding,0,92.586186,407.818445,0,0,0,0,0.000002,1573201.638199,0.99871,0,0,0,0,,0,0,0,0,0,0,0,0,0,0,0,0,0,0,0,0,0,0,0,0,0.0399,-6362.530591,28.620268,295.165931,,,,,,,,,,,,,,,,,,,,,,,,,,,,,,,,,,,None,Continue,0,None,,,,,,1,6097.650818,432.371399,0.713824,11027861.328125,,,,,,,,,,,,,,420.593414,0,0,1,1,0.630057,0,0,0
0,ASCENT,7,0,1,None,Holding,0,92.586186,407.818445,0,0,0,0,0.000002,1573201.638199,0.99871,0,0,0,0,,0,0,0,0,0,0,0,0,0,0,0,0,0,0,0,0,0,0,0,0,0.0399,-6362.530591,28.620268,295.201076,,,,,,,,,,,,,,,,,,,,,,,,,,,,,,,,,,,None,Continue,0,None,,,,,,1,6097.650818,432.371399,0.713824,11027861.328125,,,,,,,,,,,,,,400.593903,0,0,1,1,0.630056,0,0,0
0,ASCENT,7,0,1,None,Holding,0,92.586186,407.818445,0,0,0,0,0.000002,1573201.638199,0.99871,0,0,0,0,,0,0,0,0,0,0,0,0,0,0,0,0,0,0,0,0,0,0,0,0,0.0399,-6362.530591,28.620268,295.23455,,,,,,,,,,,,,,,,,,,,,,,,,,,,,,,,,,,None,Continue,0,None,,,,,,1,6097.650818,432.371399,0.713824,11027861.328125,,,,,,,,,,,,,,380.624878,0,0,1,1,0.630056,0,0,0
0,ASCENT,7,0,1,None,Holding,0,92.586186,407.818445,0,0,0,0,0.000002,1573201.638199,0.99871,0,0,0,0,,0,0,0,0,0,0,0,0,0,0,0,0,0,0,0,0,0,0,0,0,0.0399,-6362.530591,28.620268,295.266356,,,,,,,,,,,,,,,,,,,,,,,,,,,,,,,,,,,None,Continue,0,None,,,,,,1,6097.650818,432.371399,0.713824,11027861.328125,,,,,,,,,,,,,,360.655853,0,0,1,1,0.630055,0,0,0
0,ASCENT,7,0,1,None,Holding,0,92.586186,407.818445,0,0,0,0,0.000002,1573201.638199,0.99871,0,0,0,0,,0,0,0,0,0,0,0,0,0,0,0,0,0,0,0,0,0,0,0,0,0.0399,-6362.530591,28.620268,295.296493,,,,,,,,,,,,,,,,,,,,,,,,,,,,,,,,,,,None,Continue,0,None,,,,,,1,6097.650818,432.371399,0.713824,11027861.328125,,,,,,,,,,,,,,340.656342,0,0,1,1,0.630054,0,0,0
0,ASCENT,7,0,1,None,Holding,0,92.586186,407.818445,0,0,0,0,0.000002,1573201.63057,0.99871,0,0,0,0,,0,0,0,0,0,0,0,0,0,0,0,0,0,0,0,0,0,0,0,0,0.0399,-6362.530591,28.620268,295.324958,,,,,,,,,,,,,,,,,,,,,,,,,,,,,,,,,,,None,Continue,0,None,,,,,,1,6097.650818,432.371399,0.713824,11027861.328125,,,,,,,,,,,,,,320.687317,0,0,1,1,0.630054,0,0,0
0,ASCENT,7,0,1,None,Holding,0,92.586186,407.818445,0,0,0,0,0.000002,1573201.63057,0.99871,0,0,0,0,,0,0,0,0,0,0,0,0,0,0,0,0,0,0,0,0,0,0,0,0,0.0399,-6362.530591,28.620268,295.351756,,,,,,,,,,,,,,,,,,,,,,,,,,,,,,,,,,,None,Continue,0,None,,,,,,1,6097.650818,432.371399,0.713824,11027861.328125,,,,,,,,,,,,,,300.687805,0,0,1,1,0.630053,0,0,0
0,ASCENT,7,0,1,None,Holding,0,92.586186,407.818445,0,0,0,0,0.000002,1573201.63057,0.99871,0,0,0,0,,0,0,0,0,0,0,0,0,0,0,0,0,0,0,0,0,0,0,0,0,0.0399,-6362.530591,28.620268,295.376881,,,,,,,,,,,,,,,,,,,,,,,,,,,,,,,,,,,None,Continue,0,None,,,,,,1,6097.65033,432.371399,0.713824,11027861.328125,,,,,,,,,,,,,,280.718781,0,0,1,1,0.630053,0,0,0
0,ASCENT,7,0,1,None,Holding,0,92.586186,407.818445,0,0,0,0,0.000002,1573201.63057,0.99871,0,0,0,0,,0,0,0,0,0,0,0,0,0,0,0,0,0,0,0,0,0,0,0,0,0.0399,-6362.530591,28.620268,295.400339,,,,,,,,,,,,,,,,,,,,,,,,,,,,,,,,,,,None,Continue,0,None,,,,,,1,6097.65033,432.371399,0.713824,11027861.328125,,,,,,,,,,,,,,260.749756,0,0,1,1,0.630052,0,0,0
0,ASCENT,7,0,1,None,Holding,0,92.586186,407.818445,0,0,0,0,0.000002,1573201.63057,0.99871,0,0,0,0,,0,0,0,0,0,0,0,0,0,0,0,0,0,0,0,0,0,0,0,0,0.0399,-6362.530591,28.620268,295.422127,,,,,,,,,,,,,,,,,,,,,,,,,,,,,,,,,,,None,Continue,0,None,,,,,,1,6097.65033,432.371399,0.713824,11027861.328125,,,,,,,,,,,,,,240.750244,0,0,1,1,0.630052,0,0,0
0,ASCENT,7,0,1,None,Holding,0,92.586186,407.818445,0,0,0,0,0.000002,1573201.63057,0.99871,0,0,0,0,,0,0,0,0,0,0,0,0,0,0,0,0,0,0,0,0,0,0,0,0,0.0399,-6362.530591,28.620268,295.442245,,,,,,,,,,,,,,,,,,,,,,,,,,,,,,,,,,,None,Continue,0,None,,,,,,1,6097.65033,432.371399,0.713824,11027861.328125,,,,,,,,,,,,,,220.781219,0,0,1,1,0.630052,0,0,0
0,ASCENT,7,0,1,None,Holding,0,92.586186,407.818445,0,0,0,0,0.000002,1573201.63057,0.99871,0,0,0,0,,0,0,0,0,0,0,0,0,0,0,0,0,0,0,0,0,0,0,0,0,0.0399,-6362.530591,28.620268,295.460694,,,,,,,,,,,,,,,,,,,,,,,,,,,,,,,,,,,None,Continue,0,None,,,,,,1,6097.65033,432.371399,0.713824,11027861.328125,,,,,,,,,,,,,,200.812195,0,0,1,1,0.630051,0,0,0
0,ASCENT,7,0,1,None,Holding,0,92.586186,407.818445,0,0,0,0,0.000002,1573201.63057,0.99871,0,0,0,0,,0,0,0,0,0,0,0,0,0,0,0,0,0,0,0,0,0,0,0,0,0.0399,-6362.530591,28.620268,295.477474,,,,,,,,,,,,,,,,,,,,,,,,,,,,,,,,,,,None,Continue,0,None,,,,,,1,6097.65033,432.371399,0.713824,11027861.328125,,,,,,,,,,,,,,180.812683,0,0,1,1,0.630051,0,0,0
0,ASCENT,7,0,1,None,Holding,0,92.586186,407.818445,0,0,0,0,0.000002,1573201.63057,0.99871,0,0,0,0,,0,0,0,0,0,0,0,0,0,0,0,0,0,0,0,0,0,0,0,0,0.0399,-6362.530591,28.620268,295.492583,,,,,,,,,,,,,,,,,,,,,,,,,,,,,,,,,,,None,Continue,0,None,,,,,,1,6097.65033,432.371399,0.713824,11027861.328125,,,,,,,,,,,,,,160.843658,0,0,1,1,0.630051,0,0,0
0,ASCENT,7,0,1,None,Holding,0,92.586186,407.818445,0,0,0,0,0.000002,1573201.63057,0.99871,0,0,0,0,,0,0,0,0,0,0,0,0,0,0,0,0,0,0,0,0,0,0,0,0,0.0399,-6362.530591,28.620268,295.506023,,,,,,,,,,,,,,,,,,,,,,,,,,,,,,,,,,,None,Continue,0,None,,,,,,1,6097.65033,432.371399,0.713824,11027861.328125,,,,,,,,,,,,,,140.874634,0,0,1,1,0.63005,0,0,0
0,ASCENT,7,0,1,None,Holding,0,92.586186,407.818445,0,0,0,0,0.000002,1573201.63057,0.99871,0,0,0,0,,0,0,0,0,0,0,0,0,0,0,0,0,0,0,0,0,0,0,0,0,0.0399,-6362.530591,28.620268,295.517795,,,,,,,,,,,,,,,,,,,,,,,,,,,,,,,,,,,None,Continue,0,None,,,,,,1,6097.649841,432.371399,0.713824,11027861.328125,,,,,,,,,,,,,,120.875122,0,0,1,1,0.63005,0,0,0
0,ASCENT,7,0,1,None,Holding,0,92.586186,407.818445,0,0,0,0,0.000002,1573201.63057,0.99871,0,0,0,0,,0,0,0,0,0,0,0,0,0,0,0,0,0,0,0,0,0,0,0,0,0.0399,-6362.530591,28.620268,295.527895,,,,,,,,,,,,,,,,,,,,,,,,,,,,,,,,,,,None,Continue,0,None,,,,,,1,6097.649841,432.371399,0.713824,11027861.328125,,,,,,,,,,,,,,100.906097,0,0,1,1,0.63005,0,0,0
0,ASCENT,7,0,1,None,Holding,0,92.586186,407.818445,0,0,0,0,0.000002,1573201.63057,0.99871,0,0,0,0,,0,0,0,0,0,0,0,0,0,0,0,0,0,0,0,0,0,0,0,0,0.0399,-6362.530591,28.620268,295.536327,,,,,,,,,,,,,,,,,,,,,,,,,,,,,,,,,,,None,Continue,0,None,,,,,,1,6097.649841,432.371399,0.713824,11027861.328125,,,,,,,,,,,,,,80.906586,0,0,1,1,0.63005,0,0,0
0,ASCENT,7,0,1,None,Holding,0,92.586186,407.818445,0,0,0,0,0.000002,1573201.63057,0.99871,0,0,0,0,,0,0,0,0,0,0,0,0,0,0,0,0,0,0,0,0,0,0,0,0,0.0399,-6362.530591,28.620268,295.543088,,,,,,,,,,,,,,,,,,,,,,,,,,,,,,,,,,,None,Continue,0,None,,,,,,1,6097.649841,432.371399,0.713824,11027861.328125,,,,,,,,,,,,,,60.937561,0,0,1,1,0.631235,0,0,0
0,ASCENT,7,0,1,None,Holding,0,92.586186,407.818445,0,0,0,0,0.000002,1573201.63057,0.99871,0,0,0,0,,0,0,0,0,0,0,0,0,0,0,0,0,0,0,0,0,0,0,0,0,0.0399,-6362.530591,28.620268,295.54818,,,,,,,,,,,,,,,,,,,,,,,,,,,,,,,,,,,None,Continue,0,None,,,,,,1,6097.649841,432.371399,0.713824,11027861.328125,,,,,,,,,,,,,,40.968536,0,0,1,1,0.631741,0,0,0
0,ASCENT,7,0,1,None,Holding,0,92.586186,407.818445,0,0,0,0,0.000002,1573201.63057,0.99871,0,0,0,0,,0,0,0,0,0,0,0,0,0,0,0,0,0,0,0,0,0,0,0,0,0.0399,-6362.530591,28.620268,295.551603,,,,,,,,,,,,,,,,,,,,,,,,,,,,,,,,,,,None,Continue,0,None,,,,,,1,6097.649841,432.371399,0.713824,11027861.328125,,,,,,,,,,,,,,20.969025,0,0,1,1,0.631986,0,0,0
0,ASCENT,7,0,1,None,Holding,0,92.586186,407.818445,0,0,0,0,0.000002,1573201.63057,0.99871,0,0,0,0,,0,0,0,0,0,0,0,0,0,0,0,0,0,0,0,0,0,0,0,0,0.0399,-6362.530591,28.620268,295.553356,,,,,,,,,,,,,,,,,,,,,,,,,,,,,,,,,,,None,Continue,0,None,,,,,,1,6097.649841,432.371399,0.713824,11027861.328125,,,,,,,,,,,,,,1,0,0,1,1,0.632089,0,0,0
0,ASCENT,7,0,1,None,Holding,0,92.587892,407.818451,0.002258,-0.002252,0,0.000002,0.000889,1573201.63057,0.99871,0,0,0,0,,0,0,0,0,0,0,0,0,0,0,0,0,-0.000302,0.000131,-0.000072,0,883662.6875,20242.837891,888372.625,0,0.039901,-6362.53059,28.620268,295.554309,,,,,,,,,,,,,,,,,,,,,,,,,,,,,,,,,,,None,Continue,0,None,,,,,,1,6097.650818,432.371399,0.713824,11027861.328125,,,,,,,,,,,,,,1,0,0,1,1,0.632147,0,0,0
0,ASCENT,7,0,1,None,Holding,0,92.58787,407.818374,0.000388,0.000357,0,0.000001,0.00094,1573201.63057,0.998631,0,0,0,0,,0,0,0,0,0,0,0,0,0,0,0,0,0.002435,0.000047,-0.000187,0,883651.875,20242.798828,888361.8125,0,0.039901,-6362.530593,28.620268,295.555484,,,,,,,,,,,,,,,,,,,,,,,,,,,,,,,,,,,None,Continue,0,None,,,,,,1,6097.649841,432.371399,0.713824,11027861.328125,,,,,,,,,,,,,,1,0,0,1,1,0.632158,0,0,0
0,ASCENT,7,0,1,None,Holding,0,92.587858,407.818401,0.000349,0.000297,0,0.000001,0.000934,1573201.63057,0.998616,0,0,0,0,,0,0,0,0,0,0,0,0,0,0,0,0,0.002256,0,0.000031,0,883651.75,20242.802734,888361.6875,0,0.039901,-6362.530592,28.620268,295.556583,,,,,,,,,,,,,,,,,,,,,,,,,,,,,,,,,,,None,Continue,0,None,,,,,,1,6097.649841,432.371399,0.713824,11027861.328125,,,,,,,,,,,,,,1,0,0,1,1,0.632212,0,0,0
0,ASCENT,7,0,1,None,Holding,0,92.587854,407.818407,0.000305,0.000283,0,0.000001,0.000931,1573201.63057,0.998695,0,0,0,0,,0,0,0,0,0,0,0,0,0,0,0,0,0.002249,-0.000033,-0.000214,0,883651.6875,20242.800781,888361.625,0,0.039901,-6362.530592,28.620268,295.557649,,,,,,,,,,,,,,,,,,,,,,,,,,,,,,,,,,,None,Continue,0,None,,,,,,1,6097.649841,432.371399,0.713824,11027861.328125,,,,,,,,,,,,,,1,0,0,1,1,0.632262,0,0,0
0,ASCENT,7,0,1,None,Holding,0,92.587873,407.818421,0.000395,0.000393,0,0.000001,0.000931,1573201.63057,0.998728,0,0,0,0,,0,0,0,0,0,0,0,0,0,0,0,0,0.003416,-0.000318,-0.000471,0,883651.8125,20242.806641,888361.75,0,0.039901,-6362.530592,28.620268,295.558713,,,,,,,,,,,,,,,,,,,,,,,,,,,,,,,,,,,None,Continue,0,None,,,,,,1,6097.649841,432.371399,0.713824,11027861.328125,,,,,,,,,,,,,,1,0,0,1,1,0.632307,0,0,0
0,ASCENT,7,0,1,None,Holding,0,92.587869,407.818491,0.000215,0.000197,0,0.000001,0.000913,1573201.63057,0.998653,0,0,0,0,,0,0,0,0,0,0,0,0,0,0,0,0,-0.002074,0.000927,-0.000838,0,883652.0625,20242.800781,888362,0,0.039901,-6362.530589,28.620268,295.559769,,,,,,,,,,,,,,,,,,,,,,,,,,,,,,,,,,,None,Continue,0,None,,,,,,1,6097.649841,432.371399,0.713824,11027861.328125,,,,,,,,,,,,,,1,0,0,1,1,0.632349,0,0,0
0,ASCENT,7,0,1,None,Holding,0,92.587858,407.818458,0.000363,0.000247,0,0.000001,0.000922,1573201.63057,0.998707,0,0,0,0,,0,0,0,0,0,0,0,0,0,0,0,0,0.003149,0.00063,-0.001248,0,883651.75,20242.802734,888361.6875,0,0.039901,-6362.53059,28.620268,295.560954,,,,,,,,,,,,,,,,,,,,,,,,,,,,,,,,,,,None,Continue,0,None,,,,,,1,6097.649841,432.371399,0.713824,11027861.328125,,,,,,,,,,,,,,1,0,0,1,1,0.632388,0,0,0
0,ASCENT,7,0,1,None,Holding,0,92.587867,407.818395,0.000345,0.000319,0,0.000001,0.000937,1573201.63057,0.998724,0,0,0,0,,0,0,0,0,0,0,0,0,0,0,0,0,0.002239,0.000172,-0.000008,0,883652,20242.800781,888361.9375,0,0.039901,-6362.530593,28.620268,295.561998,,,,,,,,,,,,,,,,,,,,,,,,,,,,,,,,,,,None,Continue,0,None,,,,,,1,6097.649841,432.371399,0.713824,11027861.328125,,,,,,,,,,,,,,1,0,0,1,1,0.632424,0,0,0
0,ASCENT,7,0,1,None,Holding,0,92.587866,407.818358,0.000302,0.000265,0,0.000001,0.000939,1573201.63057,0.998687,0,0,0,0,,0,0,0,0,0,0,0,0,0,0,0,0,0.003416,-0.000178,-0.000145,0,883651.8125,20242.816406,888361.75,0,0.039901,-6362.530594,28.620268,295.563082,,,,,,,,,,,,,,,,,,,,,,,,,,,,,,,,,,,None,Continue,0,None,,,,,,1,6097.649841,432.371399,0.713824,11027861.328125,,,,,,,,,,,,,,1,0,0,1,1,0.632458,0,0,0
0,ASCENT,7,0,1,None,Holding,0,92.587872,407.818479,0.000267,0.000262,0,0.000001,0.000922,1573201.63057,0.998731,0,0,0,0,,0,0,0,0,0,0,0,0,0,0,0,0,-0.001849,0.000625,-0.000487,0,883651.9375,20242.804688,888361.875,0,0.039901,-6362.530589,28.620268,295.564229,,,,,,,,,,,,,,,,,,,,,,,,,,,,,,,,,,,None,Continue,0,None,,,,,,1,6097.649841,432.371399,0.713824,11027861.328125,,,,,,,,,,,,,,1,0,0,1,1,0.632482,0,0,0
0,ASCENT,7,0,1,None,Holding,0,92.587863,407.818459,0.00024,0.00023,0,0.000001,0.000918,1573201.63057,0.998691,0,0,0,0,,0,0,0,0,0,0,0,0,0,0,0,0,-0.001976,0.000445,-0.000317,0,883651.5,20242.800781,888361.4375,0,0.039901,-6362.53059,28.620268,295.565202,,,,,,,,,,,,,,,,,,,,,,,,,,,,,,,,,,,None,Continue,0,None,,,,,,1,6097.649841,432.371399,0.713824,11027861.328125,,,,,,,,,,,,,,1,0,0,1,1,0.632497,0,0,0
0,ASCENT,7,0,1,None,Holding,0,92.587858,407.81849,0.000293,0.000269,0,0.000001,0.000917,1573201.63057,0.998733,0,0,0,0,,0,0,0,0,0,0,0,0,0,0,0,0,-0.001821,0.000403,-0.000538,0,883651.5,20242.794922,888361.4375,0,0.039901,-6362.530589,28.620268,295.566276,,,,,,,,,,,,,,,,,,,,,,,,,,,,,,,,,,,None,Continue,0,None,,,,,,1,6097.649841,432.371399,0.713824,11027861.328125,,,,,,,,,,,,,,1,0,0,1,1,0.632513,0,0,0
0,ASCENT,7,0,1,None,Holding,0,92.587866,407.818424,0.000262,0.000257,0,0.000001,0.000932,1573201.63057,0.99868,0,0,0,0,,0,0,0,0,0,0,0,0,0,0,0,0,0.002316,0.000062,-0.000134,0,883651.875,20242.792969,888361.875,0,0.039901,-6362.530591,28.620268,295.567408,,,,,,,,,,,,,,,,,,,,,,,,,,,,,,,,,,,None,Continue,0,None,,,,,,1,6097.649841,432.371399,0.713824,11027861.328125,,,,,,,,,,,,,,1,0,0,1,1,0.632541,0,0,0
0,ASCENT,7,0,1,None,Holding,0,92.587858,407.818373,0.000291,0.00028,0,0.000001,0.000938,1573201.63057,0.99871,0,0,0,0,,0,0,0,0,0,0,0,0,0,0,0,0,0.003104,-0.000382,-0.000282,0,883651.375,20242.808594,888361.3125,0,0.039901,-6362.530594,28.620268,295.568489,,,,,,,,,,,,,,,,,,,,,,,,,,,,,,,,,,,None,Continue,0,None,,,,,,1,6097.649841,432.371399,0.713824,11027861.328125,,,,,,,,,,,,,,1,0,0,1,1,0.632567,0,0,0
0,ASCENT,7,0,1,None,Holding,0,92.587869,407.81843,0.000242,0.000176,0,0.000001,0.000926,1573201.63057,0.998668,0,0,0,0,,0,0,0,0,0,0,0,0,0,0,0,0,-0.000701,0.000799,-0.000399,0,883651.8125,20242.796875,888361.75,0,0.039901,-6362.530591,28.620268,295.569518,,,,,,,,,,,,,,,,,,,,,,,,,,,,,,,,,,,None,Continue,0,None,,,,,,1,6097.649841,432.371399,0.713824,11027861.328125,,,,,,,,,,,,,,1,0,0,1,1,0.632591,0,0,0
0,ASCENT,7,0,1,None,Holding,0,92.587868,407.818508,0.000229,0.000213,0,0.000001,0.000908,1573201.63057,0.998687,0,0,0,1,,0,0,0,0,0.012632,0,-0.000036,-1,-1,1,0,0,-0.00204,0.00089,-0.000537,0,883651.875,20242.798828,888361.8125,0,0.039901,-6362.530588,28.620268,295.570637,1,0,0,0,0,90,42.787855,VerticalRise,,,,,,,,,,,,,,,,,,,,,,,,,,,None,Continue,0,None,0,,0,0,1,1,6097.649841,432.371399,0.713824,11027861.328125,0,0,0,,,,0,0,,,,,,1,0,0,1,1,0.632606,0,0,0
0,ASCENT,7,0,1,None,Holding,0,92.587864,407.818377,0.000357,0.00035,0,0.000001,0.000932,1573201.63057,0.998729,0,0,0,1,,0,0,0,0,0.012669,0,0.000059,1,-1,-1,0,0,0.003404,-0.000414,-0.000241,0,883651.625,20242.804688,888361.5625,0,0.039901,-6362.530593,28.620268,295.571746,1,0,0,0,0,90,42.787855,VerticalRise,,,,,,,,,,,,,,,,,,,,,,,,,,,None,Continue,0,None,0,,0,0,1,1,6097.649841,432.371399,0.713824,11027861.328125,0,0,0,,,,0,0,,,,,,1,0,0,1,1,0.632627,0,0,0
0,ASCENT,7,0,1,None,Holding,0,92.587858,407.818413,0.000387,0.000368,0,0.000001,0.000931,1573201.63057,0.998754,0,0,0,1,,0,0,0,0,0.01267,0,0.00004,1,-1,1,0,0,0.002313,0.00032,-0.000019,0,883651.75,20242.806641,888361.625,0,0.039901,-6362.530592,28.620268,295.572859,1,0,0,0,0,90,42.787855,VerticalRise,,,,,,,,,,,,,,,,,,,,,,,,,,,None,Continue,0,None,0,,0,0,1,1,6097.649841,432.371399,0.713824,11027861.328125,0,0,0,,,,0,0,,,,,,1,0,0,1,1,0.632647,0,0,0
0,ASCENT,7,0,1,None,Holding,0,92.587866,407.818473,0.000207,0.000185,0,0.000001,0.000917,1573201.63057,0.998672,0,0,0,1,,0,0,0,0,0.012632,0,-0.000034,-1,-1,1,0,0,-0.001923,0.00077,-0.000742,0,883651.875,20242.796875,888361.8125,0,0.039901,-6362.530589,28.620268,295.573886,1,0,0,0,0,90,42.787855,VerticalRise,,,,,,,,,,,,,,,,,,,,,,,,,,,None,Continue,0,None,0,,0,0,1,1,6097.649841,432.371399,0.713824,11027861.328125,0,0,0,,,,0,0,,,,,,1,0,0,1,1,0.632659,0,0,0
0,ASCENT,7,0,1,None,Holding,0,92.587862,407.818451,0.000216,0.000214,0,0.000001,0.000915,1573201.63057,0.998684,0,0,0,1,,0,0,0,0,0.012636,0,-0.000038,-1,-1,1,0,0,-0.00216,0.000463,-0.000348,0,883651.75,20242.798828,888361.6875,0,0.039901,-6362.53059,28.620268,295.57499,1,0,0,0,0,90,42.787855,VerticalRise,,,,,,,,,,,,,,,,,,,,,,,,,,,None,Continue,0,None,0,,0,0,1,1,6097.649841,432.371399,0.713824,11027861.328125,0,0,0,,,,0,0,,,,,,1,0,0,1,1,0.632677,0,0,0
0,ASCENT,7,0,1,None,Holding,0,92.587866,407.818354,0.000339,0.000322,0,0.000001,0.000929,1573201.63057,0.99874,0,0,0,1,,0,0,0,0,0.012673,0,0.000059,1,-1,-1,0,0,0.003401,-0.000557,-0.000255,0,883651.625,20242.802734,888361.5625,0,0.039901,-6362.530594,28.620268,295.576101,1,0,0,0,0,90,42.787855,VerticalRise,,,,,,,,,,,,,,,,,,,,,,,,,,,None,Continue,0,None,0,,0,0,1,1,6097.649841,432.371399,0.713824,11027861.328125,0,0,0,,,,0,0,,,,,,1,0,0,1,1,0.632694,0,0,0
0,ASCENT,7,0,1,None,Holding,0,92.587859,407.818464,0.000256,0.000202,0,0.000001,0.000911,1573201.63057,0.998715,0,0,0,1,,0,0,0,0,0.012637,0,-0.000016,-1,-1,1,0,0,-0.000908,0.000123,-0.000403,0,883651.3125,20242.802734,888361.25,0,0.039901,-6362.53059,28.620268,295.577125,1,0,0,0,0,90,42.787855,VerticalRise,,,,,,,,,,,,,,,,,,,,,,,,,,,None,Continue,0,None,0,,0,0,1,1,6097.649841,432.371399,0.713824,11027861.328125,0,0,0,,,,0,0,,,,,,1,0,0,1,1,0.632709,0,0,0
0,ASCENT,7,0,1,None,Holding,0,92.587866,407.818445,0.000184,0.000182,0,0.000001,0.000924,1573201.63057,0.99868,0,0,0,1,,0,0,0,0,0.012642,0,-0.000036,-1,-1,1,0,0,-0.002066,0.000847,-0.000468,0,883651.9375,20242.802734,888361.875,0,0.039901,-6362.530591,28.620268,295.578264,1,0,0,0,0,90,42.787855,VerticalRise,,,,,,,,,,,,,,,,,,,,,,,,,,,None,Continue,0,None,0,,0,0,1,1,6097.649841,432.371399,0.713824,11027861.328125,0,0,0,,,,0,0,,,,,,1,0,0,1,1,0.632716,0,0,0
0,ASCENT,7,0,1,None,Holding,0,92.58786,407.818358,0.000249,0.000226,0,0.000001,0.000944,1573201.63057,0.998719,0,0,0,1,,0,0,0,0,0.01268,0,0.000057,1,1,-1,0,0,0.003258,-0.00022,0.000007,0,883651.625,20242.808594,888361.5,0,0.039901,-6362.530594,28.620268,295.57936,1,0,0,0,0,90,42.787855,VerticalRise,,,,,,,,,,,,,,,,,,,,,,,,,,,None,Continue,0,None,0,,0,0,1,1,6097.649841,432.371399,0.713824,11027861.328125,0,0,0,,,,0,0,,,,,,1,0,0,1,1,0.632731,0,0,0
0,ASCENT,7,0,1,None,Holding,0,92.587855,407.818438,0.000301,0.000197,0,0.000001,0.000914,1573201.63057,0.9987,0,0,0,1,,0,0,0,0,0.012618,0,-0.000014,-1,-1,1,0,0,-0.000779,0.000231,-0.00019,0,883651.375,20242.792969,888361.3125,0,0.039901,-6362.530591,28.620268,295.580363,1,0,0,0,0,90,42.787855,VerticalRise,,,,,,,,,,,,,,,,,,,,,,,,,,,None,Continue,0,None,0,,0,0,1,1,6097.649841,432.371399,0.713824,11027861.328125,0,0,0,,,,0,0,,,,,,1,0,0,1,1,0.632737,0,0,0
0,ASCENT,7,0,1,None,Holding,0,92.587861,407.818447,0.000192,0.000139,0,0.000001,0.000921,1573201.63057,0.9987,0,0,0,1,,0,0,0,0,0.012637,0,-0.000034,-1,-1,1,0,0,-0.001945,0.000255,-0.000326,0,883651.625,20242.800781,888361.5625,0,0.039901,-6362.53059,28.620268,295.581477,1,0,0,0,0,90,42.787855,VerticalRise,,,,,,,,,,,,,,,,,,,,,,,,,,,None,Continue,0,None,0,,0,0,1,1,6097.649841,432.371399,0.713824,11027861.328125,0,0,0,,,,0,0,,,,,,1,0,0,1,1,0.63275,0,0,0
0,ASCENT,7,0,1,None,Holding,0,92.587871,407.818389,0.000445,0.000423,0,0.000001,0.000934,1573201.63057,0.998741,0,0,0,1,,0,0,0,0,0.012669,0,0.000055,1,-1,-1,0,0,0.003127,-0.000189,-0.000248,0,883651.5,20242.810547,888361.4375,0,0.039901,-6362.530593,28.620268,295.582639,1,0,0,0,0,90,42.787855,VerticalRise,,,,,,,,,,,,,,,,,,,,,,,,,,,None,Continue,0,None,0,,0,0,1,1,6097.649841,432.371399,0.713824,11027861.328125,0,0,0,,,,0,0,,,,,,1,0,0,1,1,0.632755,0,0,0
0,ASCENT,7,0,1,None,Holding,0,92.587871,407.818404,0.000339,0.000298,0,0.000001,0.000936,1573201.63057,0.998728,0,0,0,1,,0,0,0,0,0.012664,0,0.000042,1,1,1,0,0,0.002396,0.00005,0.000042,0,883651.9375,20242.802734,888361.875,0,0.039901,-6362.530592,28.620268,295.583734,1,0,0,0,0,90,42.787855,VerticalRise,,,,,,,,,,,,,,,,,,,,,,,,,,,None,Continue,0,None,0,,0,0,1,1,6097.649841,432.371399,0.713824,11027861.328125,0,0,0,,,,0,0,,,,,,1,0,0,1,1,0.632768,0,0,0
0,ASCENT,7,0,1,None,Holding,0,92.587857,407.818483,0.000232,0.000223,0,0.000001,0.00092,1573201.63057,0.998682,0,0,0,1,,0,0,0,0,0.012638,0,-0.000038,-1,-1,1,0,0,-0.002197,0.000907,-0.000504,0,883651.625,20242.794922,888361.5625,0,0.039901,-6362.530589,28.620268,295.584759,1,0,0,0,0,90,42.787855,VerticalRise,,,,,,,,,,,,,,,,,,,,,,,,,,,None,Continue,0,None,0,,0,0,1,1,6097.649841,432.371399,0.713824,11027861.328125,0,0,0,,,,0,0,,,,,,1,0,0,1,1,0.632779,0,0,0
0,ASCENT,7,0,1,None,Holding,0,92.58786,407.818419,0.000388,0.000359,0,0.000001,0.000926,1573201.63057,0.998757,0,0,0,1,,0,0,0,0,0.012667,0,0.000041,1,-1,-1,0,0,0.00234,-0.000086,-0.000597,0,883651.8125,20242.789063,888361.75,0,0.039901,-6362.530592,28.620268,295.585903,1,0,0,0,0,90,42.787855,VerticalRise,,,,,,,,,,,,,,,,,,,,,,,,,,,None,Continue,0,None,0,,0,0,1,1,6097.649841,432.371399,0.713824,11027861.328125,0,0,0,,,,0,0,,,,,,1,0,0,1,1,0.63279,0,0,0
0,ASCENT,7,0,1,None,Holding,0,92.587872,407.818492,0.000282,0.000255,0,0.000001,0.000918,1573201.63057,0.998717,0,0,0,1,,0,0,0,0,0.012636,0,-0.00004,-1,-1,1,0,0,-0.002268,0.000968,-0.000556,0,883651.9375,20242.798828,888361.875,0,0.039901,-6362.530589,28.620268,295.586915,1,0,0,0,0,90,42.787855,VerticalRise,,,,,,,,,,,,,,,,,,,,,,,,,,,None,Continue,0,None,0,,0,0,1,1,6097.649841,432.371399,0.713824,11027861.328125,0,0,0,,,,0,0,,,,,,1,0,0,1,1,0.632793,0,0,0
0,ASCENT,7,0,1,None,Holding,0,92.587865,407.818426,0.000313,0.000214,0,0.000001,0.000919,1573201.63057,0.998682,0,0,0,1,,0,0,0,0,0.012619,0,-0.000011,-1,-1,1,0,0,-0.000614,0.000175,-0.00022,0,883651.5625,20242.791016,888361.5625,0,0.039901,-6362.530591,28.620268,295.587967,1,0,0,0,0,90,42.787855,VerticalRise,,,,,,,,,,,,,,,,,,,,,,,,,,,None,Continue,0,None,0,,0,0,1,1,6097.649841,432.371399,0.713824,11027861.328125,0,0,0,,,,0,0,,,,,,1,0,0,1,1,0.632805,0,0,0
0,ASCENT,7,0,1,None,Holding,0,92.58787,407.818379,0.00042,0.000406,0,0.000001,0.000936,1573201.63057,0.998772,0,0,0,1,,0,0,0,0,0.012676,0,0.000045,1,1,-1,0,0,0.002566,-0.000031,0.000112,0,883651.375,20242.802734,888361.3125,0,0.039901,-6362.530593,28.620268,295.589144,1,0,0,0,0,90,42.787855,VerticalRise,,,,,,,,,,,,,,,,,,,,,,,,,,,None,Continue,0,None,0,,0,0,1,1,6097.649841,432.371399,0.713824,11027861.328125,0,0,0,,,,0,0,,,,,,1,0,0,1,1,0.632818,0,0,0
0,ASCENT,7,0,1,None,Holding,0,92.587857,407.818468,0.000198,0.000182,0,0.000001,0.000916,1573201.63057,0.998702,0,0,0,1,,0,0,0,0,0.012635,0,-0.000032,-1,-1,1,0,0,-0.001822,0.000735,-0.00043,0,883651.6875,20242.798828,888361.625,0,0.039901,-6362.53059,28.620268,295.590184,1,0,0,0,0,90,42.787855,VerticalRise,,,,,,,,,,,,,,,,,,,,,,,,,,,None,Continue,0,None,0,,0,0,1,1,6097.649841,432.371399,0.713824,11027861.328125,0,0,0,,,,0,0,,,,,,1,0,0,1,1,0.632822,0,0,0
0,ASCENT,7,0,1,None,Holding,0,92.614774,407.806232,0.411467,0.410838,0.006048,0.000293,0.002384,572823.030926,1.103407,7642704.101563,0,-0.000209,1,,0,0,0,0,0.009501,-0.000209,-0.000459,-0.070851,0.122123,0.045039,4421.909813,4422.095103,-0.026308,0.055784,0.008167,167.849684,156866.765625,973.054688,156867.484375,0,0.058679,-6362.531058,28.620268,295.596631,1,1.000806,0,0,0,90,42.787855,VerticalRise,,,,,,,,,,,,,,,,,,,,,,,,,,,None,Continue,0,None,7653894.140248,,0,0,1,1,9041.751495,9041.751495,1.960426,11029757.8125,0,1.76761,0.356331,,,,0,0,,,,,,1,1,0,1,1,0.632812,0,0,0
0,ASCENT,7,0,1,None,Holding,0,92.8512,407.804256,1.337199,1.337031,0.525629,0.002732,0.003194,572121.309735,1.33951,7635761.71875,0.908728,0.000013,1,,0,0,0,0,0.001023,0.000013,-0.000176,-0.029909,-0.03223,0.000142,7894.766697,7894.846934,-0.010064,0.000298,-0.014132,281.659467,156751.015625,971.875427,156751.75,0,0.059005,-6362.531222,28.620268,295.59593,1,1.000806,0,0,0,90,42.787855,VerticalRise,,,,,,,,,,,,,,,,,,,,,,,,,,,None,Continue,0,None,7143664.026643,,0,0,1,1,9039.649475,9039.649475,1.961906,11029765.625,0.000254,4.320634,0.691617,,,,0,0,,,,,,1,1,0,1,1,0.632805,0,0,0
0,ASCENT,7,0,1,None,Holding,0,93.328921,407.810479,2.267527,2.267465,2.064083,0.005414,0.006901,571419.558026,1.363137,7656427.246094,0.424088,0.000045,1,,0,0,0,0,0.002021,0.000045,0.000008,-0.005308,-0.005672,0.000044,8780.171817,8780.19274,0.000442,0.000103,-0.001641,310.213203,156635.328125,970.696289,156636.046875,0,0.059662,-6362.531133,28.620268,295.595289,1,1.000806,0,0,0,90,42.787855,VerticalRise,,,,,,,,,,,,,,,,,,,,,,,,,,,None,Continue,0,None,7517945.031692,,0,0,1,1,9035.249298,9035.249298,1.965065,11029815.429688,0.000447,6.873702,0.69689,,,,0,0,,,,,,1,1,0,1,1,0.632792,0,0,0
0.18,ASCENT,7,0,1,None,Holding,0,94.049047,407.817117,3.201871,3.201834,4.630091,0.008108,0.011023,570717.867352,1.364762,7656132.324219,0.27602,0.000038,1,,0,0,0,0,0.001777,0.000038,0.000024,-0.002018,-0.001982,-0.000195,9007.017188,9007.022686,0.001369,-0.000461,0.000327,317.417486,156519.5625,969.517029,156520.296875,0,0.06065,-6362.531115,28.620268,295.59519,1,1.000806,0,0,0,90,42.787855,VerticalRise,,,,,,,,,,,,,,,,,,,,,,,,,,,None,Continue,0,None,7607154.938963,,0,0,1,1,9031.21637,9031.21637,1.968054,11029899.414063,0.000507,9.426868,0.700549,,,,0,0,,,,,,1,1,0,1,1,0.632772,0,0,0
0.44,ASCENT,7,0,1,None,Holding,0,95.012848,407.825632,4.140833,4.140804,8.240563,0.010818,0.014953,570016.115643,1.366649,7651524.414063,0.21236,0.00003,1,,0,0,0,0,0.001409,0.00003,0.000017,-0.001787,-0.001194,-0.00024,9065.971257,9065.972859,0.000988,-0.000569,0.000654,319.223859,156403.765625,968.337769,156404.484375,0,0.061973,-6362.53111,28.620268,295.595164,1,1.000806,0,0,0,90,42.787855,VerticalRise,,,,,,,,,,,,,,,,,,,,,,,,,,,None,Continue,0,None,7625862.104479,,0,0,1,1,9029.239868,9029.239868,1.969555,11029955.078125,0.000537,11.980054,0.704171,,,,0,0,,,,,,1,1,0,1,1,0.632722,0,0,0
0.7,ASCENT,7,0,1,None,Holding,0,96.221774,407.836324,5.086731,5.086706,12.91434,0.013543,0.018754,569314.028241,1.369024,7639086.425781,0.183123,0.000025,1,,0,0,0,0,0.001133,0.000025,0.00001,-0.001958,-0.001113,-0.000216,9087.459195,9087.459721,0.000586,-0.000509,0.000659,319.849123,156287.765625,967.157837,156288.5,0,0.063635,-6362.531107,28.620268,295.595144,1,1.000806,0,0,0,90,42.787855,VerticalRise,,,,,,,,,,,,,,,,,,,,,,,,,,,None,Continue,0,None,7632426.212359,,0,0,1,1,9025.37027,9025.37027,1.972569,11030095.703125,0.000557,14.533247,0.709181,,,,0,0,,,,,,1,1,0,1,1,0.632679,0,0,0
0.94,ASCENT,7,0,1,None,Holding,0,97.67718,407.849236,6.036553,6.036526,18.666252,0.016284,0.022615,568612.062909,1.370921,7662424.804688,0.170574,0.000021,1,,0,0,0,0,0.000905,0.000021,0.000004,-0.002354,-0.000858,-0.000225,9094.346102,9094.346152,0.000217,-0.000538,0.000669,319.995702,156171.859375,965.978333,156172.578125,0,0.065638,-6362.531105,28.620268,295.595208,1,1.000806,0,0,0,90,42.787855,VerticalRise,,,,,,,,,,,,,,,,,,,,,,,,,,,None,Continue,0,None,7636323.183061,,0,0,1,1,9023.478394,9023.478394,1.974083,11030180.664063,0.000573,17.086442,0.712543,,,,0,0,,,,,,1,1,0,1,1,0.63265,0,0,0
1.22,ASCENT,7,0,1,None,Holding,0,99.380058,407.864401,6.990642,6.990613,25.502631,0.019035,0.026736,567910.067059,1.372484,7656256.347656,0.166348,0.000019,1,,0,0,0,0,0.000744,0.000019,0.000003,-0.002201,-0.00101,-0.000219,9098.310524,9098.310602,0.000158,-0.000519,0.000552,320.048509,156055.765625,964.798645,156056.5,0,0.067983,-6362.531103,28.620268,295.595101,1,1.000806,0,0,0,90,42.787855,VerticalRise,,,,,,,,,,,,,,,,,,,,,,,,,,,None,Continue,0,None,7638252.433761,,0,0,1,1,9020.006714,9020.006714,1.976931,11030364.257813,0.000589,19.639636,0.71655,,,,0,0,,,,,,1,1,0,1,1,0.632618,0,0,0
1.48,ASCENT,7,0,1,None,Holding,0,101.331946,407.881889,7.950504,7.95047,33.455855,0.021805,0.031312,567207.857586,1.374741,7656830.566406,0.166035,0.000017,1,,0,0,0,0,0.000592,0.000017,0.000001,-0.002195,-0.00084,-0.000229,9102.373531,9102.373614,0.000073,-0.000546,0.000521,320.106668,155939.53125,963.618591,155940.265625,0,0.070674,-6362.531102,28.620268,295.595076,1,1.000806,0,0,0,90,42.787855,VerticalRise,,,,,,,,,,,,,,,,,,,,,,,,,,,None,Continue,0,None,7640024.674951,,0,0,1,1,9016.63208,9016.63208,1.979794,11030581.054688,0.000603,22.192829,0.720852,,,,0,0,,,,,,1,1,0,1,1,0.632588,0,0,0
1.74,ASCENT,7,0,1,None,Holding,0,103.533799,407.901685,8.913379,8.913341,42.516444,0.024584,0.036512,566505.892254,1.375942,7653428.710938,0.167559,0.000016,1,,0,0,0,0,0.000495,0.000016,0,-0.002212,-0.000985,-0.000228,9103.211646,9103.211676,0.000001,-0.00054,0.000434,320.051584,155823.359375,962.438843,155824.09375,0,0.073713,-6362.531101,28.620268,295.595053,1,1.000806,0,0,0,90,42.787854,VerticalRise,,,,,,,,,,,,,,,,,,,,,,,,,,,None,Continue,0,None,7641253.384216,,0,0,1,1,9013.144562,9013.144562,1.982863,11030849.609375,0.000618,24.74602,0.723945,,,,0,0,,,,,,1,1,0,1,1,0.632561,0,0,0
2,ASCENT,7,0,1,None,Holding,0,105.986343,407.923751,9.877098,9.877054,52.692046,0.027372,0.042476,565804.323651,1.376797,7627388.671875,0.169944,0.000015,1,,0,0,0,0,0.000409,0.000015,-0.000002,-0.002334,-0.00119,-0.000223,9096.17875,9096.178809,-0.000091,-0.000531,0.000305,319.720103,155707.234375,961.259766,155707.96875,0,0.077097,-6362.5311,28.620268,295.595029,1,1.000806,0,0,0,90,42.787854,VerticalRise,,,,,,,,,,,,,,,,,,,,,,,,,,,None,Continue,0,None,7641459.662852,,0,0,1,1,9011.440399,9011.440399,1.984404,11030997.070313,0.000633,27.299209,0.726095,,,,0,0,,,,,,1,1,0,1,1,0.632542,0,0,0
2.26,ASCENT,7,0,1,None,Holding,0,108.689774,407.948207,10.845769,10.84572,63.961482,0.030163,0.049299,565102.72453,1.37774,7637713.867188,0.17258,0.000015,1,,0,0,0,0,0.00033,0.000015,-0.000003,-0.00239,-0.000929,-0.000224,9100.515734,9100.515702,-0.00015,-0.000537,0.000362,319.787824,155590.90625,960.080811,155591.640625,0,0.080833,-6362.531099,28.620268,295.595003,1,1.000806,0,0,0,90,42.787854,VerticalRise,,,,,,,,,,,,,,,,,,,,,,,,,,,None,Continue,0,None,7640373.340028,,0,0,1,1,9008.120087,9008.120087,1.987496,11031324.21875,0.000649,29.852396,0.730581,,,,0,0,,,,,,1,1,0,1,1,0.632515,0,0,0
2.52,ASCENT,7,0,1,None,Holding,0,111.64571,407.975009,11.816931,11.816876,76.401204,0.032971,0.057048,564401.400067,1.379626,7634002.929688,0.175234,0.000014,1,,0,0,0,0,0.000271,0.000014,-0.000002,-0.002214,-0.000925,-0.000208,9097.231562,9097.23136,-0.000133,-0.000497,0.00034,319.587543,155474.65625,958.902161,155475.390625,0,0.084921,-6362.531098,28.620268,295.594981,1,1.000806,0,0,0,90,42.787854,VerticalRise,,,,,,,,,,,,,,,,,,,,,,,,,,,None,Continue,0,None,7639715.06509,,0,0,1,1,9006.499664,9006.499664,1.989048,11031500.976563,0.000665,32.40558,0.732758,,,,0,0,,,,,,1,1,0,1,1,0.632488,0,0,0
2.78,ASCENT,7,0,1,None,Holding,0,114.854348,408.004185,12.790577,12.790515,89.948106,0.035782,0.065781,563700.319745,1.380129,7632124.511719,0.177749,0.000013,1,,0,0,0,0,0.000215,0.000013,-0.000004,-0.002397,-0.000922,-0.000211,9095.887153,9095.887327,-0.000252,-0.000507,0.000303,319.455241,155358.3125,957.723999,155359.046875,0,0.08936,-6362.531097,28.620268,295.59496,1,1.000806,0,0,0,90,42.787854,VerticalRise,,,,,,,,,,,,,,,,,,,,,,,,,,,None,Continue,0,None,7638376.515498,,0,0,1,1,9003.156921,9003.156921,1.992358,11031909.179688,0.000682,34.958761,0.735055,,,,0,0,,,,,,1,1,0,1,1,0.632467,0,0,0
3.04,ASCENT,7,0,1,None,Holding,0,118.317156,408.035901,13.771151,13.771084,104.685141,0.03861,0.07552,562998.903729,1.382459,7644457.519531,0.180063,0.000013,1,,0,0,0,0,0.000171,0.000013,-0.000002,-0.001969,-0.000989,-0.000233,9101.733741,9101.73374,-0.000086,-0.000559,0.000242,319.575406,155241.890625,956.54541,155242.625,0,0.09416,-6362.531096,28.620268,295.594938,1,1.000806,0,0,0,90,42.787854,VerticalRise,,,,,,,,,,,,,,,,,,,,,,,,,,,None,Continue,0,None,7637220.702697,,0,0,1,1,9000.126984,9000.126984,1.995493,11032333.984375,0.000699,37.511939,0.740367,,,,0,0,,,,,,1,1,0,1,1,0.632436,0,0,0
3.3,ASCENT,7,0,1,None,Holding,0,122.035502,408.070134,14.756817,14.756743,120.617786,0.041453,0.086285,562297.396161,1.38452,7643110.839844,0.182158,0.000014,1,,0,0,0,0,0.000154,0.000014,-0.000006,-0.002689,-0.00099,-0.000226,9107.575273,9107.575228,-0.000335,-0.000544,0.000231,319.695136,155125.359375,955.366516,155126.09375,0,0.099322,-6362.531096,28.620268,295.594916,1,1.000806,0,0,0,90,42.787854,VerticalRise,,,,,,,,,,,,,,,,,,,,,,,,,,,None,Continue,0,None,7636729.509625,,0,0,1,1,8998.652557,8998.652557,1.997066,11032560.546875,0.000717,40.065114,0.744764,,,,0,0,,,,,,1,1,0,1,1,0.632406,0,0,0
3.56,ASCENT,7,0,1,None,Holding,0,126.010685,408.106915,15.747373,15.747292,137.754047,0.04431,0.098078,561595.858075,1.386713,7656087.402344,0.184124,0.000013,1,,0,0,0,0,0.000111,0.000013,-0.000002,-0.002056,-0.000973,-0.000224,9113.126075,9113.126006,-0.00012,-0.000535,0.000202,319.804287,155008.78125,954.187683,155009.515625,0,0.104847,-6362.531095,28.620268,295.594894,1,1.000806,0,0,0,90,42.787854,VerticalRise,,,,,,,,,,,,,,,,,,,,,,,,,,,None,Continue,0,None,7636539.803707,,0,0,1,1,8995.788391,8995.788391,2.000226,11033042.96875,0.000735,42.618286,0.749426,,,,0,0,,,,,,1,1,0,1,1,0.632371,0,0,0
3.82,ASCENT,7,0,1,None,Holding,0,130.244249,408.146319,16.743767,16.743679,156.13753,0.047186,0.11091,560894.197918,1.389046,7661150.878906,0.185816,0.000013,1,,0,0,0,0,0.0001,0.000013,-0.000004,-0.002351,-0.001111,-0.00022,9118.891159,9118.891159,-0.000254,-0.000528,0.000152,319.920388,154892.140625,953.008545,154892.875,0,0.110742,-6362.531094,28.620268,295.594876,1,1.000806,0,0,0,90,42.787854,VerticalRise,,,,,,,,,,,,,,,,,,,,,,,,,,,None,Continue,0,None,7636727.639175,,0,0,1,1,8994.231567,8994.231567,2.002011,11033331.054688,0.000753,45.171454,0.753911,,,,0,0,,,,,,1,1,0,1,1,0.632346,0,0,0
4.08,ASCENT,7,0,1,None,Holding,0,134.737885,408.18838,17.74576,17.745665,175.792445,0.050081,0.124782,560192.385174,1.391178,7658321.289063,0.187368,0.000012,1,,0,0,0,0,0.000077,0.000012,-0.000004,-0.002262,-0.001284,-0.000219,9122.293722,9122.29374,-0.000245,-0.000529,0.000061,319.953773,154775.40625,951.829285,154776.125,0,0.117007,-6362.531094,28.620268,295.594857,1,1.000806,0,0,0,90,42.787854,VerticalRise,,,,,,,,,,,,,,,,,,,,,,,,,,,None,Continue,0,None,7637530.46506,,0,0,1,1,8991.717987,8991.717987,2.005,11033838.867188,0.000772,47.724618,0.758786,,,,0,0,,,,,,1,1,0,1,1,0.632322,0,0,0
4.32,ASCENT,7,0,1,None,Holding,0,139.492535,408.233073,18.752154,18.752052,196.67189,0.052987,0.139679,559490.633465,1.392544,7631521.972656,0.188781,0.000012,1,,0,0,0,0,0.000063,0.000012,-0.000003,-0.001982,-0.001082,-0.000234,9125.523594,9125.523376,-0.000153,-0.000565,0.000135,319.980569,154658.5,950.649719,154659.21875,0,0.123645,-6362.531093,28.620268,295.594922,1,1.000806,0,0,0,90,42.787854,VerticalRise,,,,,,,,,,,,,,,,,,,,,,,,,,,None,Continue,0,None,7638232.25774,,0,0,1,1,8989.148407,8989.148407,2.008205,11034420.898438,0.000791,50.277778,0.762711,,,,0,0,,,,,,1,1,0,1,1,0.632306,0,0,0
4.6,ASCENT,7,0,1,None,Holding,0,144.509948,408.280616,19.766436,19.766327,218.859481,0.055912,0.155632,558788.423993,1.395669,7661493.164063,0.18995,0.000012,1,,0,0,0,0,0.000056,0.000012,-0.000006,-0.002532,-0.001216,-0.000229,9135.11729,9135.117066,-0.000364,-0.000556,0.000079,320.230228,154541.609375,949.469849,154542.328125,0,0.130665,-6362.531093,28.620268,295.594824,1,1.000806,0,0,0,90,42.787854,VerticalRise,,,,,,,,,,,,,,,,,,,,,,,,,,,None,Continue,0,None,7639224.843849,,0,0,1,1,8987.906128,8987.906128,2.009814,11034724.609375,0.000811,52.830934,0.768243,,,,0,0,,,,,,1,1,0,1,1,0.632283,0,0,0
4.86,ASCENT,7,0,1,None,Holding,0,149.791693,408.330927,20.786082,20.785967,242.35958,0.058856,0.172609,558086.122967,1.397998,7646500.488281,0.191032,0.000012,1,,0,0,0,0,0.000042,0.000012,-0.000003,-0.002146,-0.001024,-0.000222,9141.775172,9141.775199,-0.000196,-0.000537,0.000144,320.376803,154424.46875,948.289551,154425.203125,0,0.138065,-6362.531092,28.620268,295.594808,1,1.000806,0,0,0,90,42.787854,VerticalRise,,,,,,,,,,,,,,,,,,,,,,,,,,,None,Continue,0,None,7640688.24593,,0,0,1,1,8985.363098,8985.363098,2.013249,11035406.25,0.000831,55.384086,0.773672,,,,0,0,,,,,,1,1,0,1,1,0.632259,0,0,0
5.12,ASCENT,7,0,1,None,Holding,0,155.338868,408.38383,21.807072,21.80695,267.135696,0.061811,0.190609,557384.279706,1.39935,7647842.285156,0.192051,0.000012,1,,0,0,0,0,0.000043,0.000012,-0.000005,-0.002354,-0.000966,-0.000194,9138.145143,9138.145322,-0.000306,-0.000467,0.000184,320.162591,154307.40625,947.110107,154308.140625,0,0.145841,-6362.531092,28.620268,295.594792,1,1.000806,0,0,0,90,42.787854,VerticalRise,,,,,,,,,,,,,,,,,,,,,,,,,,,None,Continue,0,None,7642049.169535,,0,0,1,1,8984.215698,8984.215698,2.014872,11035743.164063,0.000851,57.937234,0.776089,,,,0,0,,,,,,1,1,0,1,1,0.632236,0,0,0
5.38,ASCENT,7,0,1,None,Holding,0,161.152282,408.439537,22.832918,22.832789,293.180103,0.064777,0.209655,556682.436444,1.400512,7660548.828125,0.192914,0.000012,1,,0,0,0,0,0.00004,0.000012,-0.000004,-0.002125,-0.001218,-0.00022,9139.353531,9139.353641,-0.000238,-0.000531,0.000076,320.117645,154190.34375,945.930908,154191.078125,0,0.154,-6362.531091,28.620268,295.594783,1,1.000806,0,0,0,90,42.787854,VerticalRise,,,,,,,,,,,,,,,,,,,,,,,,,,,None,Continue,0,None,7642713.039595,,0,0,1,1,8982.01059,8982.01059,2.01813,11036444.335938,0.000871,60.490376,0.779396,,,,0,0,,,,,,1,1,0,1,1,0.632221,0,0,0
5.64,ASCENT,7,0,1,None,Holding,0,167.233018,408.498057,23.863269,23.863133,320.526094,0.067755,0.229728,555980.593182,1.402135,7663822.753906,0.193696,0.000012,1,,0,0,0,0,0.000026,0.000012,-0.000003,-0.002096,-0.001148,-0.000218,9141.720489,9141.720871,-0.000192,-0.000529,0.000091,320.113217,154073.140625,944.751404,154073.875,0,0.162545,-6362.53109,28.620268,295.594771,1,1.000806,0,0,0,90,42.787853,VerticalRise,,,,,,,,,,,,,,,,,,,,,,,,,,,None,Continue,0,None,7643109.159712,,0,0,1,1,8979.791382,8979.791382,2.02161,11037233.398438,0.000891,63.043514,0.783662,,,,0,0,,,,,,1,1,0,1,1,0.632198,0,0,0
5.9,ASCENT,7,0,1,None,Holding,0,173.58195,408.55929,24.895998,24.895855,349.158607,0.070743,0.250814,555278.994061,1.4034,7638852.539063,0.194445,0.000011,1,,0,0,0,0,0.000046,0.000011,-0.000005,-0.002231,-0.001086,-0.000233,9140.105868,9140.106086,-0.000311,-0.000564,0.000147,319.968909,153955.9375,943.572205,153956.671875,0,0.171473,-6362.53109,28.620268,295.594762,1,1.000806,0,0,0,90,42.787853,VerticalRise,,,,,,,,,,,,,,,,,,,,,,,,,,,None,Continue,0,None,7643227.323022,,0,0,1,1,8978.795746,8978.795746,2.023256,11037622.070313,0.000912,65.596647,0.786422,,,,0,0,,,,,,1,1,0,1,1,0.632182,0,0,0
6.16,ASCENT,7,0,1,None,Holding,0,180.200286,408.623588,25.936151,25.936001,379.131276,0.073746,0.27295,554577.089764,1.405804,7646030.273438,0.195049,0.000012,1,,0,0,0,0,0.000021,0.000012,-0.000004,-0.002094,-0.00091,-0.000219,9148.333548,9148.333659,-0.000208,-0.000538,0.000195,320.169223,153838.59375,942.392639,153839.328125,0,0.180798,-6362.531089,28.620268,295.594753,1,1.000806,0,0,0,90,42.787853,VerticalRise,,,,,,,,,,,,,,,,,,,,,,,,,,,None,Continue,0,None,7643213.191689,,0,0,1,1,8976.774231,8976.774231,2.026766,11038477.539063,0.000932,68.149774,0.792095,,,,0,0,,,,,,1,1,0,1,1,0.632165,0,0,0
6.42,ASCENT,7,0,1,None,Holding,0,187.089613,408.690754,26.980198,26.980041,410.485839,0.076766,0.296082,553875.215985,1.407933,7659916.503906,0.195623,0.000011,1,,0,0,0,0,0.000044,0.000011,-0.000004,-0.002078,-0.000885,-0.000236,9151.248783,9151.249149,-0.000255,-0.000569,0.000234,320.183096,153721.171875,941.213379,153721.90625,0,0.190516,-6362.531089,28.620268,295.594748,1,1.000806,0,0,0,90,42.787853,VerticalRise,,,,,,,,,,,,,,,,,,,,,,,,,,,None,Continue,0,None,7643620.905434,,0,0,1,1,8975.758545,8975.758545,2.028633,11038951.171875,0.000953,70.702896,0.796243,,,,0,0,,,,,,1,1,0,1,1,0.632141,0,0,0
6.68,ASCENT,7,0,1,None,Holding,0,194.251069,408.760785,28.027482,28.027318,443.205332,0.0798,0.320254,553173.616864,1.409319,7644208.984375,0.19609,0.000011,1,,0,0,0,0,0.000018,0.000011,-0.000005,-0.002176,-0.000935,-0.000215,9149.084885,9149.085297,-0.000273,-0.00052,0.000172,320.019,153603.828125,940.03418,153604.546875,0,0.200627,-6362.531088,28.620268,295.594746,1,1.000806,0,0,0,90,42.787853,VerticalRise,,,,,,,,,,,,,,,,,,,,,,,,,,,None,Continue,0,None,7643928.690226,,0,0,1,1,8974.041687,8974.041687,2.031965,11039820.3125,0.000974,73.256012,0.799191,,,,0,0,,,,,,1,1,0,1,1,0.632123,0,0,0
6.94,ASCENT,7,0,1,None,Holding,0,201.68538,408.833815,29.079734,29.079563,477.221817,0.082842,0.345441,552472.017743,1.410515,7664438.964844,0.196539,0.000011,1,,0,0,0,0,0.00003,0.000011,-0.000005,-0.002115,-0.001186,-0.000209,9152.674193,9152.674366,-0.000285,-0.000511,0.00006,320.056361,153486.328125,938.855225,153487.046875,0,0.211137,-6362.531088,28.620268,295.594745,1,1.000806,0,0,0,90,42.787853,VerticalRise,,,,,,,,,,,,,,,,,,,,,,,,,,,None,Continue,0,None,7643904.026297,,0,0,1,1,8973.229065,8973.229065,2.033638,11040271.484375,0.000995,75.809122,0.803134,,,,0,0,,,,,,1,1,0,1,1,0.632098,0,0,0
7.2,ASCENT,7,0,1,None,Holding,0,209.393419,408.909593,30.132885,30.132707,512.577976,0.085896,0.371661,551770.876385,1.4117,7637623.046875,0.196922,0.000012,1,,0,0,0,0,0.000024,0.000012,-0.000003,-0.002058,-0.000606,-0.00023,9147.938143,9147.938379,-0.000185,-0.000561,0.000251,319.80256,153368.828125,937.676819,153369.5625,0,0.222037,-6362.531087,28.620268,295.594742,1,1.000806,0,0,0,90,42.787853,VerticalRise,,,,,,,,,,,,,,,,,,,,,,,,,,,None,Continue,0,None,7643479.862328,,0,0,1,1,8971.51355,8971.51355,2.037417,11041322.265625,0.001017,78.362226,0.805197,,,,0,0,,,,,,1,1,0,1,1,0.63208,0,0,0
7.46,ASCENT,7,0,1,None,Holding,0,217.376287,408.988666,31.194146,31.193961,549.311624,0.088962,0.398892,551069.338299,1.413971,7656062.988281,0.197297,0.000012,1,,0,0,0,0,0.000013,0.000012,-0.000004,-0.002215,-0.000774,-0.000229,9156.327842,9156.327869,-0.000246,-0.000556,0.000219,320.007124,153251.21875,936.497986,153251.953125,0,0.233351,-6362.531087,28.620268,295.594739,1,1.000806,0,0,0,90,42.787853,VerticalRise,,,,,,,,,,,,,,,,,,,,,,,,,,,None,Continue,0,None,7642916.50654,,0,0,1,1,8970.801605,8970.801605,2.039104,11041804.6875,0.001038,80.915324,0.811004,,,,0,0,,,,,,1,1,0,1,1,0.632054,0,0,0
7.72,ASCENT,7,0,1,None,Holding,0,225.635912,409.070905,32.260858,32.260666,587.535202,0.09205,0.427131,550367.739178,1.416459,7637593.261719,0.197613,0.000012,1,,0,0,0,0,0.00001,0.000012,-0.000004,-0.002032,-0.001197,-0.000212,9161.355765,9161.355895,-0.000209,-0.000517,0.000053,320.093602,153133.484375,935.318787,153134.21875,0,0.245075,-6362.531086,28.620268,295.594741,1,1.000806,0,0,0,90,42.787852,VerticalRise,,,,,,,,,,,,,,,,,,,,,,,,,,,None,Continue,0,None,7643025.144627,,0,0,1,1,8969.380219,8969.380219,2.042706,11042866.210938,0.001059,83.468415,0.815496,,,,0,0,,,,,,1,1,0,1,1,0.632035,0,0,0
7.96,ASCENT,7,0,1,None,Holding,0,234.173524,409.15628,33.332391,33.332192,627.175934,0.095153,0.45639,549666.10954,1.418611,7646922.851563,0.197866,0.00001,1,,0,0,0,0,0.000053,0.00001,-0.000005,-0.001996,-0.001165,-0.000233,9165.464535,9165.464873,-0.000266,-0.00057,0.000131,320.147903,153015.640625,934.139771,153016.375,0,0.257209,-6362.531085,28.620268,295.594835,1,1.000806,0,0,0,90,42.787852,VerticalRise,,,,,,,,,,,,,,,,,,,,,,,,,,,None,Continue,0,None,7643335.753617,,0,0,1,1,8968.759735,8968.759735,2.044407,11043380.859375,0.001081,86.021499,0.819481,,,,0,0,,,,,,1,1,0,1,1,0.632015,0,0,0
8.24,ASCENT,7,0,1,None,Holding,0,242.9911,409.245143,34.412427,34.412221,668.368279,0.098279,0.48669,548964.052655,1.421397,7655571.777344,0.198053,0.000011,1,,0,0,0,0,0.00003,0.000011,-0.000002,-0.001683,-0.001148,-0.000208,9174.109448,9174.109659,-0.000119,-0.000508,0.000092,320.360408,152897.65625,932.960083,152898.390625,0,0.26977,-6362.531084,28.620268,295.594756,1,1.000806,0,0,0,90,42.787852,VerticalRise,,,,,,,,,,,,,,,,,,,,,,,,,,,None,Continue,0,None,7644140.021761,,0,0,1,1,8967.537109,8967.537109,2.048041,11044509.765625,0.001103,88.574577,0.825329,,,,0,0,,,,,,1,1,0,1,1,0.631987,0,0,0
8.48,ASCENT,7,0,1,None,Holding,0,252.089979,409.337092,35.495785,35.495573,711.014942,0.101421,0.517989,548262.178876,1.42309,7659571.777344,0.198248,0.00001,1,,0,0,0,0,0.000044,0.00001,-0.000002,-0.001635,-0.00102,-0.000234,9175.438868,9175.43901,-0.000131,-0.000573,0.000163,320.317366,152779.703125,931.78064,152780.4375,0,0.282744,-6362.531083,28.620268,295.594847,1,1.000806,0,0,0,90,42.787852,VerticalRise,,,,,,,,,,,,,,,,,,,,,,,,,,,None,Continue,0,None,7645298.90644,,0,0,1,1,8966.947418,8966.947418,2.049973,11045125.976563,0.001124,91.127647,0.828576,,,,0,0,,,,,,1,1,0,1,1,0.631967,0,0,0
8.76,ASCENT,7,0,1,None,Holding,0,261.471208,409.432446,36.585457,36.585238,755.08775,0.104575,0.550293,547560.183026,1.424952,7659831.542969,0.19834,0.00001,1,,0,0,0,0,0.000038,0.00001,-0.000003,-0.001727,-0.001038,-0.000267,9182.516088,9182.516434,-0.000173,-0.000659,0.000131,320.474178,152661.6875,930.600952,152662.421875,0,0.296144,-6362.531082,28.620268,295.594778,1,1.000806,0,0,0,90,42.787852,VerticalRise,,,,,,,,,,,,,,,,,,,,,,,,,,,None,Continue,0,None,7646151.809038,,0,0,1,1,8965.99472,8965.99472,2.053423,11046253.90625,0.001146,93.680709,0.833764,,,,0,0,,,,,,1,1,0,1,1,0.631939,0,0,0
9.02,ASCENT,7,0,1,None,Holding,0,271.136604,409.531242,37.68148,37.681255,800.710056,0.107749,0.583638,546857.973553,1.427831,7672561.035156,0.198428,0.00001,1,,0,0,0,0,0.00004,0.00001,-0.000003,-0.001662,-0.000926,-0.000236,9190.263676,9190.26363,-0.000161,-0.000579,0.000154,320.654422,152543.484375,929.421021,152544.203125,0,0.309973,-6362.531082,28.620268,295.594792,1,1.000806,0,0,0,90,42.787852,VerticalRise,,,,,,,,,,,,,,,,,,,,,,,,,,,None,Continue,0,None,7647333.1351,,0,0,1,1,8965.116943,8965.116943,2.057109,11047497.070313,0.001168,96.233764,0.839113,,,,0,0,,,,,,1,1,0,1,1,0.63191,0,0,0
9.26,ASCENT,7,0,1,None,Holding,0,281.087682,409.633335,38.781875,38.781642,847.87331,0.110943,0.617972,546155.886151,1.429806,7647444.335938,0.1985,0.000009,1,,0,0,0,0,0.000049,0.000009,-0.000002,-0.001467,-0.001333,-0.000208,9192.26636,9192.266406,-0.000091,-0.000513,-0.000053,320.63405,152425.234375,928.240906,152425.96875,0,0.324229,-6362.531081,28.620268,295.594892,1,1.000806,0,0,0,90,42.787852,VerticalRise,,,,,,,,,,,,,,,,,,,,,,,,,,,None,Continue,0,None,7648816.990419,,0,0,1,1,8964.750793,8964.750793,2.058852,11048098.632813,0.00119,98.786811,0.842773,,,,0,0,,,,,,1,1,0,1,1,0.631888,0,0,0
9.52,ASCENT,7,0,1,None,Holding,0,291.325579,409.73876,39.886538,39.886299,896.515477,0.11415,0.65333,545453.890301,1.431632,7679287.109375,0.198539,0.000009,1,,0,0,0,0,0.000051,0.000009,-0.000004,-0.00171,-0.000918,-0.000236,9192.917428,9192.917389,-0.000223,-0.000583,0.000154,320.566368,152307,927.061401,152307.734375,0,0.338912,-6362.53108,28.620268,295.594914,1,1.000806,0,0,0,90,42.787851,VerticalRise,,,,,,,,,,,,,,,,,,,,,,,,,,,None,Continue,0,None,7650177.90103,,0,0,1,1,8964.109009,8964.109009,2.06235,11049332.03125,0.001212,101.33985,0.846137,,,,0,0,,,,,,1,1,0,1,1,0.631859,0,0,0
9.78,ASCENT,7,0,1,None,Holding,0,301.850931,409.8474,40.994138,40.993892,946.532243,0.117364,0.689693,544752.138592,1.432489,7665753.417969,0.19862,0.000007,1,,0,0,0,0,0.000088,0.000007,-0.000005,-0.001584,-0.000883,-0.000251,9193.217176,9193.217181,-0.000258,-0.000618,0.00018,320.486293,152188.71875,925.88208,152189.453125,0,0.354019,-6362.53108,28.620268,295.594933,1,1.000806,0,0,0,90,42.787851,VerticalRise,,,,,,,,,,,,,,,,,,,,,,,,,,,None,Continue,0,None,7650772.700141,,0,0,1,1,8963.829895,8963.829895,2.064106,11049963.867188,0.001234,103.892881,0.849448,,,,0,0,,,,,,1,1,0,1,1,0.631829,0,0,0
10.06,ASCENT,7,0,1,None,Holding,0,312.665017,409.95955,42.107169,42.106916,998.075619,0.120594,0.727087,544050.356366,1.434646,7670993.652344,0.198591,0.000008,1,,0,0,0,0,0.000059,0.000008,-0.000008,-0.002163,-0.001302,-0.000241,9196.617674,9196.617831,-0.000466,-0.000592,-0.000029,320.513719,152070.265625,924.70282,152071,0,0.369564,-6362.531079,28.620268,295.594875,1,1.000806,0,0,0,90,42.787851,VerticalRise,,,,,,,,,,,,,,,,,,,,,,,,,,,None,Continue,0,None,7651165.621329,,0,0,1,1,8963.338898,8963.338898,2.067854,11051342.773438,0.001256,106.445903,0.854141,,,,0,0,,,,,,1,1,0,1,1,0.631799,0,0,0
10.3,ASCENT,7,0,1,None,Holding,0,323.768777,410.074766,43.22096,43.2207,1051.067572,0.123836,0.765505,543349.092938,1.435471,7655605.46875,0.198564,0.000011,1,,0,0,0,0,0.000028,0.000011,-0.000006,-0.002151,-0.000868,-0.000185,9190.432989,9190.432893,-0.000316,-0.000452,0.00023,320.207183,151951.875,923.52417,151952.609375,0,0.385529,-6362.531078,28.620268,295.594978,1,1.000806,0,0,0,90,42.787851,VerticalRise,,,,,,,,,,,,,,,,,,,,,,,,,,,None,Continue,0,None,7651271.910554,,0,0,1,1,8963.133759,8963.133759,2.069847,11052091.796875,0.001278,108.998916,0.855986,,,,0,0,,,,,,1,1,0,1,1,0.631776,0,0,0
10.58,ASCENT,7,0,1,None,Holding,0,335.162603,410.193413,44.338935,44.338669,1105.427661,0.127083,0.804912,542647.890545,1.436494,7651346.191406,0.198538,0.000011,1,,0,0,0,0,0.000017,0.000011,-0.000001,-0.001523,-0.00118,-0.00022,9190.254709,9190.254785,-0.000052,-0.000546,0.000075,320.110189,151833.375,922.345825,151834.09375,0,0.40193,-6362.531076,28.620268,295.594925,1,1.000806,0,0,0,90,42.787851,VerticalRise,,,,,,,,,,,,,,,,,,,,,,,,,,,None,Continue,0,None,7650597.45511,,0,0,1,1,8962.856995,8962.856995,2.073624,11053541.015625,0.0013,111.551921,0.859038,,,,0,0,,,,,,1,1,0,1,1,0.631737,0,0,0
10.84,ASCENT,7,0,1,None,Holding,0,346.848217,410.315866,45.464376,45.464103,1161.400419,0.130351,0.845353,541946.413495,1.439128,7663651.367188,0.198558,0.000009,1,,0,0,0,0,0.000021,0.000009,-0.000003,-0.001581,-0.001408,-0.000229,9196.852776,9196.853269,-0.000145,-0.000568,-0.000063,320.248505,151714.875,921.167114,151715.609375,0,0.418784,-6362.531076,28.620268,295.594949,1,1.000806,0,0,0,90,42.78785,VerticalRise,,,,,,,,,,,,,,,,,,,,,,,,,,,None,Continue,0,None,7650166.492905,,0,0,1,1,8962.716492,8962.716492,2.0772,11054947.265625,0.001322,114.104916,0.864339,,,,0,0,,,,,,1,1,0,1,1,0.631713,0,0,0
11.1,ASCENT,7,0,1,None,Holding,0,358.826865,410.441994,46.595357,46.595077,1218.890213,0.133634,0.886757,541244.898297,1.441392,7674984.863281,0.198565,0.000007,1,,0,0,0,0,0.000099,0.000007,-0.000002,-0.001129,-0.000867,-0.000285,9205.312357,9205.312291,-0.000118,-0.000706,0.000223,320.451165,151596.25,919.988342,151596.984375,0,0.436087,-6362.531074,28.620268,295.594989,1,1.000806,0,0,0,90,42.78785,VerticalRise,,,,,,,,,,,,,,,,,,,,,,,,,,,None,Continue,0,None,7649977.437021,,0,0,1,1,8962.691772,8962.691772,2.07922,11055757.8125,0.001344,116.657901,0.869806,,,,0,0,,,,,,1,1,0,1,1,0.63168,0,0,0
11.34,ASCENT,7,0,1,None,Holding,0,371.100552,410.571734,47.731319,47.731033,1278.103906,0.136941,0.92922,540543.390729,1.443977,7677766.113281,0.19846,0.000006,1,,0,0,0,0,0.000093,0.000006,-0.000006,-0.001623,-0.001297,-0.000169,9207.186695,9207.186754,-0.000353,-0.00042,-0.000009,320.424633,151477.5,918.809387,151478.234375,0,0.453841,-6362.531074,28.620268,295.595116,1,1.000806,0,0,0,90,42.78785,VerticalRise,,,,,,,,,,,,,,,,,,,,,,,,,,,None,Continue,0,None,7650351.238386,,0,0,1,1,8962.73349,8962.73349,2.082603,11057135.742188,0.001366,119.210877,0.874165,,,,0,0,,,,,,1,1,0,1,1,0.631654,0,0,0
11.62,ASCENT,7,0,1,None,Holding,0,383.670129,410.705129,48.871819,48.871526,1338.78298,0.140258,0.972688,539841.944195,1.44536,7669010.253906,0.19833,0.000008,1,,0,0,0,0,0.000035,0.000008,-0.000006,-0.001815,-0.001002,-0.000208,9209.7757,9209.776109,-0.000341,-0.000518,0.000118,320.423018,151358.6875,917.630615,151359.40625,0,0.472045,-6362.531072,28.620268,295.595068,1,1.000806,0,0,0,90,42.78785,VerticalRise,,,,,,,,,,,,,,,,,,,,,,,,,,,None,Continue,0,None,7650671.184015,,0,0,1,1,8962.800262,8962.800262,2.084413,11057885.742188,0.001388,121.763843,0.878068,,,,0,0,,,,,,1,1,0,1,1,0.63162,0,0,0
11.88,ASCENT,7,0,1,None,Holding,0,396.537005,410.842252,50.017574,50.017275,1401.055475,0.143593,1.017191,539140.52818,1.447504,7657827.636719,0.198284,0.000007,1,,0,0,0,0,0.00006,0.000007,-0.000006,-0.001721,-0.001132,-0.000184,9213.01372,9213.013993,-0.000359,-0.00045,0.000129,320.443634,151239.9375,916.451782,151240.671875,0,0.490705,-6362.531071,28.620268,295.595106,1,1.000806,0,0,0,90,42.787849,VerticalRise,,,,,,,,,,,,,,,,,,,,,,,,,,,None,Continue,0,None,7650892.279664,,0,0,1,1,8963.063232,8963.063232,2.088503,11059611.328125,0.00141,124.316798,0.882312,,,,0,0,,,,,,1,1,0,1,1,0.631592,0,0,0
12.14,ASCENT,7,0,1,None,Holding,0,409.703099,410.983629,51.172268,51.171962,1465.067532,0.146951,1.062695,538438.715436,1.450413,7669428.710938,0.198169,0.000006,1,,0,0,0,0,0.000092,0.000006,-0.000004,-0.001242,-0.001036,-0.000209,9222.384697,9222.384897,-0.000221,-0.000524,0.000225,320.676537,151120.765625,915.272461,151121.5,0,0.509846,-6362.531069,28.620268,295.595156,1,1.000806,0,0,0,90,42.787849,VerticalRise,,,,,,,,,,,,,,,,,,,,,,,,,,,None,Continue,0,None,7651628.489859,,0,0,1,1,8963.251434,8963.251434,2.090559,11060495.117188,0.001432,126.869743,0.888384,,,,0,0,,,,,,1,1,0,1,1,0.631556,0,0,0
12.38,ASCENT,7,0,1,None,Holding,0,423.169675,411.128505,52.329578,52.329266,1530.61155,0.150322,1.109275,537737.238385,1.452167,7670678.710938,0.19798,0.000008,1,,0,0,0,0,0.000005,0.000008,-0.000006,-0.001887,-0.001734,-0.000194,9224.626528,9224.626538,-0.000362,-0.000481,-0.00017,320.661755,151001.84375,914.093628,151002.578125,0,0.529438,-6362.531068,28.620268,295.595284,1,1.000806,0,0,0,90,42.787849,VerticalRise,,,,,,,,,,,,,,,,,,,,,,,,,,,None,Continue,0,None,7652522.919411,,0,0,1,1,8963.713898,8963.713898,2.094459,11062198.242188,0.001454,129.422678,0.891596,,,,0,0,,,,,,1,1,0,1,1,0.631527,0,0,0
12.66,ASCENT,7,0,1,None,Holding,0,436.9382,411.277446,53.493617,53.493298,1597.860585,0.153715,1.15679,537035.547711,1.454396,7652816.40625,0.197851,0.000009,1,,0,0,0,0,0.000014,0.000009,-0.000006,-0.001939,-0.000163,-0.000262,9228.717101,9228.71712,-0.000357,-0.000658,0.000521,320.71201,150882.578125,912.914429,150883.3125,0,0.549505,-6362.531066,28.620268,295.595243,1,1.000806,0,0,0,90,42.787849,VerticalRise,,,,,,,,,,,,,,,,,,,,,,,,,,,None,Continue,0,None,7653392.583378,,0,0,1,1,8964.013947,8964.013947,2.096533,11063118.164063,0.001476,131.975601,0.896648,,,,0,0,,,,,,1,1,0,1,1,0.63149,0,0,0
12.92,ASCENT,7,0,1,None,Holding,0,451.010061,411.43027,54.66273,54.662404,1666.695625,0.157122,1.205373,536333.887555,1.456465,7656938.476563,0.197751,0.000008,1,,0,0,0,0,0.000013,0.000008,-0.000004,-0.001561,-0.001173,-0.000276,9232.661987,9232.66249,-0.000203,-0.000691,0.000113,320.755786,150763.484375,911.735229,150764.203125,0,0.570042,-6362.531065,28.620268,295.595287,1,1.000806,0,0,0,90,42.787849,VerticalRise,,,,,,,,,,,,,,,,,,,,,,,,,,,None,Continue,0,None,7654409.047291,,0,0,1,1,8964.687836,8964.687836,2.100468,11064894.53125,0.001499,134.528514,0.900686,,,,0,0,,,,,,1,1,0,1,1,0.631459,0,0,0
13.16,ASCENT,7,0,1,None,Holding,0,465.386545,411.566555,55.837356,55.836926,1737.172235,0.160546,1.251139,535632.166363,1.458714,7684791.015625,0.234112,0.021075,1,,0,0,0,0,1.274851,0.021075,0.002139,-1,1,-1,9237.837068,9238.045677,0.122555,0.76817,-0.123673,322.141052,150644.125,910.556213,150644.859375,0,0.591055,-6362.531927,28.620271,295.589377,1,1.000806,0,0,0,88.71514,42.787848,GravityTurn,,,,,,,,,,,,,,,,,,,,,,,,,,,None,Continue,0,None,7655318.326717,,0,0,1,1,8965.09967,8965.09967,2.10256,11065853.515625,0.001523,137.081414,0.905316,,,8,0,0,,,,,,1,1,0,1,1,0.63142,0,0,0
13.44,ASCENT,7,0,1,None,Holding,0,480.068564,411.648339,57.014684,57.013737,1809.191873,0.163983,1.250046,534930.567242,1.460368,7662888.183594,0.474698,0.02604,1,,0,0,0,0,1.844944,0.02604,0.010627,-1,1,-1,9239.403892,9240.181602,0.608856,3.797289,-0.606546,324.162127,150524.78125,909.377075,150525.515625,0,0.612527,-6362.535231,28.620283,295.566343,1,1.000806,0,0,0,88.007014,42.787848,GravityTurn,,,,,,,,,,,,,,,,,,,,,,,,,,,None,Continue,0,None,7656063.100715,,0,0,1,1,8965.927826,8965.927826,2.106296,11067592.773438,0.001594,139.634288,0.910182,,,8,0,0,,,,,,1,1,0,1,1,0.631381,0,0,0
13.7,ASCENT,7,0,1,None,Holding,0,495.056773,411.737014,58.199616,58.197988,1882.924367,0.167441,1.180543,534228.662945,1.462882,7672643.066406,0.898574,0.027927,1,,0,0,0,0,2.03743,0.027927,0.019969,-1,0.767606,-1,9245.130647,9246.082376,1.14413,7.068439,-1.1167,324.946339,150405.390625,908.197632,150406.125,0,0.634492,-6362.538429,28.620297,295.544961,1,1.000806,0,0,0,87.488404,42.787849,GravityTurn,,,,,,,,,,,,,,,,,,,,,,,,,,,None,Continue,0,None,7656967.697445,,0,0,1,1,8966.87619,8966.87619,2.110053,11069372.070313,0.001872,142.187122,0.916472,,,8,0,0,,,,,,1,1,0,1,1,0.631344,0,0,0
13.94,ASCENT,7,0,1,None,Holding,0,510.351054,411.890757,59.388621,59.386763,1958.318725,0.170915,1.05359,533527.002789,1.464536,7668389.160156,1.413256,0.028139,1,,0,0,0,0,1.976374,0.028139,0.026836,-0.169026,0.073107,-1,9247.175415,9247.149425,1.537599,11.245796,-1.346415,328.165813,150285.75,907.018677,150286.484375,0,0.656937,-6362.53906,28.620304,295.537299,1,1.000806,0,0,0,87.058527,42.787849,GravityTurn,,,,,,,,,,,,,,,,,,,,,,,,,,,None,Continue,0,None,7657963.508951,,0,0,1,1,8967.395599,8967.395599,2.111938,11070276.367188,0.002675,144.739923,0.921232,,,8,0,0,,,,,,1,1,0,1,1,0.63131,0,0,0
14.2,ASCENT,7,0,1,None,Holding,0,525.952047,412.119607,60.582891,60.581561,2035.33463,0.174405,0.916876,532825.159527,1.466433,7673093.261719,1.876261,0.027713,1,,0,0,0,0,1.814282,0.027713,0.028425,0.092155,-0.117036,-0.960774,9252.516586,9252.509202,1.628626,16.354933,-1.283464,330.899427,150166.21875,905.839478,150166.953125,0,0.679874,-6362.536709,28.620292,295.552055,1,1.000806,0,0,0,86.682351,42.78785,GravityTurn,,,,,,,,,,,,,,,,,,,,,,,,,,,None,Continue,0,None,7658558.877314,,0,0,1,1,8968.603882,8968.603882,2.115963,11072236.328125,0.00427,147.292723,0.928613,-0.136474,1.050483,8,-0.002316,-1.842758,,,,,,1,1,0,1,1,0.631278,0,0,0
14.46,ASCENT,7,0,1,None,Holding,0,541.861356,412.39601,61.780109,61.779484,2113.840734,0.177906,0.805381,532123.560406,1.468769,7686339.355469,2.270676,0.027046,1,,0,0,0,0,1.631233,0.027046,0.028139,0.14146,-0.153585,0.219335,9256.280801,9256.304194,1.61225,17.984186,-1.104913,325.962978,150046.546875,904.660828,150047.28125,0,0.703287,-6362.532515,28.620275,295.579048,1,1.000806,0,0,0,86.34389,42.78785,GravityTurn,,,,,,,,,,,,,,,,,,,,,,,,,,,None,Continue,0,None,7659315.736918,,0,0,1,1,8969.218079,8969.218079,2.117864,11073172.851563,0.006783,149.845539,0.933893,-0.128723,1.29014,8,-0.012021,-2.243092,,,,,,1,1,0,1,1,0.631249,0,0,0
14.72,ASCENT,7,0,1,None,Holding,0,558.08098,412.707729,62.982775,62.982607,2194.007781,0.181423,0.746782,531421.808697,1.471298,7685206.054688,2.595651,0.02615,1,,0,0,0,0,1.460629,0.02615,0.027211,0.137104,-0.173887,0.214998,9262.500273,9262.553907,1.559078,16.559828,-0.900952,324.30641,149926.796875,903.481384,149927.53125,0,0.727193,-6362.527003,28.62026,295.613347,1,1.000806,0,0,0,86.032857,42.787851,GravityTurn,,,,,,,,,,,,,,,,,,,,,,,,,,,None,Continue,0,None,7660184.069064,,0,0,1,1,8970.451965,8970.451965,2.121443,11074958.984375,0.010222,152.398367,0.939703,-0.11458,1.639846,8,-0.012374,-2.572996,,,,,,1,1,0,1,1,0.631218,0,0,0
15,ASCENT,7,0,1,None,Holding,0,574.612748,413.049765,64.189058,64.188801,2275.800641,0.184955,0.768084,530720.148541,1.47333,7690513.183594,2.858691,0.025073,1,,0,0,0,0,1.308748,0.025073,0.026109,0.133584,-0.206754,0.21479,9264.888403,9265.009316,1.495914,15.17584,-0.685773,323.767836,149806.9375,902.302368,149807.671875,0,0.75158,-6362.52037,28.620253,295.652829,1,1.000806,0,0,0,85.74366,42.787852,GravityTurn,,,,,,,,,,,,,,,,,,,,,,,,,,,None,Continue,0,None,7661278.507462,,0,0,1,1,8971.884491,8971.884491,2.125283,11076907.226563,0.014529,154.95119,0.94379,-0.094302,2.051339,8,-0.012658,-2.840567,,,,,,1,1,0,1,1,0.631185,0,0,0
15.26,ASCENT,7,0,1,None,Holding,0,591.457911,413.420393,65.39914,65.397992,2359.150909,0.188501,0.886066,530018.640973,1.475348,7675477.539063,3.063904,0.023893,1,,0,0,0,0,1.176905,0.023893,0.024875,0.126577,-0.196759,0.214869,9266.66086,9266.871403,1.425246,13.796365,-0.453602,323.582185,149687.046875,901.123169,149687.78125,0,0.77645,-6362.512686,28.620259,295.696968,1,1.000806,0,0,0,85.472071,42.787853,GravityTurn,,,,,,,,,,,,,,,,,,,,,,,,,,,None,Continue,0,None,7662292.170967,,0,0,1,1,8972.646484,8972.646484,2.127208,11077894.53125,0.019598,157.50398,0.947683,-0.068141,2.479884,8,-0.012467,-3.050013,,,,,,1,1,0,1,1,0.631148,0,0,0
15.5,ASCENT,7,0,1,None,Holding,0,608.617964,413.806347,66.616181,66.613175,2444.180992,0.192064,1.100971,529316.919781,1.477597,7670922.363281,3.222638,0.022687,1,,0,0,0,0,1.062522,0.022687,0.023595,0.116847,-0.102738,0.215129,9273.475618,9273.574924,1.351879,12.417098,-0.272391,323.751464,149566.96875,899.943848,149567.703125,0,0.801825,-6362.504529,28.620282,295.746906,1,1.000806,0,0,0,85.214442,42.787854,GravityTurn,,,,,,,,,,,,,,,,,,,,,,,,,,,None,Continue,0,None,7663292.896735,,0,0,1,1,8974.367126,8974.367126,2.131321,11080031.25,0.025306,160.056703,0.953052,-0.038676,2.847574,8,-0.011953,-3.211757,,,,,,1,1,0,1,1,0.631113,0,0,0
15.78,ASCENT,7,0,1,None,Holding,0,626.094434,414.203138,67.839443,67.833462,2530.979321,0.195648,1.410011,528615.107037,1.480411,7679610.351563,3.345965,0.021491,1,,0,0,0,0,0.960848,0.021491,0.022336,0.108548,-0.0566,0.216566,9280.084685,9280.072278,1.279765,11.03087,-0.159485,323.982419,149447,898.764404,149447.734375,0,0.827704,-6362.496083,28.62033,295.802802,1,1.000806,0,0,0,84.968773,42.787856,GravityTurn,,,,,,,,,,,,,,,,,,,,,,,,,,,None,Continue,0,None,7664704.306849,,0,0,1,1,8975.222656,8975.222656,2.133265,11081051.757813,0.031538,162.609321,0.95834,-0.009149,3.102632,8,-0.011793,-3.337751,,,,,,1,1,0,1,1,0.631065,0,0,0
16.04,ASCENT,7,0,1,None,Holding,0,643.887994,414.612876,69.064652,69.054391,2619.347683,0.199246,1.808047,527913.660504,1.481915,7678138.183594,3.439103,0.020315,1,,0,0,0,0,0.869057,0.020315,0.021121,0.1036,-0.0285,0.218824,9278.791697,9278.723765,1.21017,9.629162,-0.085015,323.932995,149326.671875,897.585571,149327.40625,0,0.854057,-6362.487229,28.620408,295.864259,1,1.000806,0,0,0,84.734188,42.787857,GravityTurn,,,,,,,,,,,,,,,,,,,,,,,,,,,None,Continue,0,None,7665879.238616,,0,0,1,1,8977.256836,8977.256836,2.137655,11083386.71875,0.038184,165.161791,0.961111,0.018008,3.239849,8,-0.011653,-3.433088,,,,,,1,1,0,1,1,0.631019,0,0,0
16.3,ASCENT,7,0,1,None,Holding,0,661.99975,415.037692,70.297264,70.281233,2709.420038,0.202861,2.292156,527211.939313,1.484233,7672403.320313,3.505495,0.019202,1,,0,0,0,0,0.787391,0.019202,0.019986,0.100559,-0.012376,0.221435,9284.176751,9284.087318,1.145122,8.215366,-0.036614,324.091609,149206.4375,896.406128,149207.171875,0,0.880923,-6362.477913,28.620523,295.930792,1,1.000806,0,0,0,84.508288,42.787859,GravityTurn,,,,,,,,,,,,,,,,,,,,,,,,,,,None,Continue,0,None,7666783.347809,,0,0,1,1,8979.189484,8979.189484,2.141581,11085505.859375,0.045154,167.714066,0.966287,0.040877,3.277155,8,-0.009527,-3.501306,,,,,,1,1,0,1,1,0.630961,0,0,0
16.56,ASCENT,7,0,1,None,Holding,0,680.43077,415.477509,71.535097,71.511638,2801.155472,0.206494,2.862147,526510.309674,1.486321,7696265.136719,3.547718,0.018159,1,,0,0,0,0,0.715272,0.018159,0.01888,0.092292,-0.002279,0.224208,9289.641868,9289.548458,1.081717,6.779103,-0.005289,324.254765,149086.046875,895.227112,149086.78125,0,0.908288,-6362.46812,28.620682,296.001945,1,1.000806,0,0,0,84.290419,42.787861,GravityTurn,,,,,,,,,,,,,,,,,,,,,,,,,,,None,Continue,0,None,7667777.594403,,0,0,1,1,8980.201904,8980.201904,2.143552,11086581.054688,0.052349,170.266096,0.970901,0.059595,3.254644,8,-0.009779,-3.545339,,,,,,1,1,0,1,1,0.630907,0,0,0
16.8,ASCENT,7,0,1,None,Holding,0,699.182773,415.9331,72.781921,72.749215,2894.84422,0.210154,3.519957,525808.313824,1.489538,7678771.484375,3.56872,0.017198,1,,0,0,0,0,0.652283,0.017198,0.017879,0.087043,0.003917,0.230248,9298.729657,9298.642876,1.024408,5.31746,0.013861,324.54242,148965.546875,894.047302,148966.265625,0,0.936183,-6362.457844,28.62089,296.077473,1,1.000806,0,0,0,84.079066,42.787864,GravityTurn,,,,,,,,,,,,,,,,,,,,,,,,,,,None,Continue,0,None,7669180.671772,,0,0,1,1,8982.44928,8982.44928,2.14776,11088900.390625,0.059686,172.817827,0.977421,0.073441,3.194931,8,-0.009021,-3.567767,,,,,,1,1,0,1,1,0.63085,0,0,0
17.08,ASCENT,7,0,1,None,Holding,0,718.256728,416.403257,74.032801,73.988894,2990.215885,0.21383,4.268465,525106.50108,1.491615,7710701.171875,3.570505,0.016312,1,,0,0,0,0,0.597361,0.016312,0.016946,0.080927,0.004212,0.242085,9302.305896,9302.225608,0.970906,3.805154,0.022886,324.677207,148845.296875,892.868103,148846.03125,0,0.964572,-6362.447099,28.621154,296.15674,1,1.000806,0,0,0,83.87435,42.787866,GravityTurn,,,,,,,,,,,,,,,,,,,,,,,,,,,None,Continue,0,None,7670864.555335,,0,0,1,1,8983.695068,8983.695068,2.149996,11090146.484375,0.067073,175.369203,0.98168,0.083712,3.125392,8,-0.008991,-3.571013,,,,,,1,1,0,1,1,0.630783,0,0,0
17.32,ASCENT,7,0,1,None,Holding,0,737.654119,416.888841,75.292991,75.235795,3087.542688,0.217534,5.111371,524404.38316,1.494403,7700811.035156,3.555258,0.01552,1,,0,0,0,0,0.550465,0.01552,0.016124,0.077076,0.008303,0.166153,9310.768981,9310.699152,0.923866,2.296108,0.026549,324.74963,148724.328125,891.68811,148725.0625,0,0.993497,-6362.435886,28.621478,296.23988,1,1.000806,0,0,0,83.674805,42.787869,GravityTurn,,,,,,,,,,,,,,,,,,,,,,,,,,,None,Continue,0,None,7672690.216861,,0,0,1,1,8985.998505,8985.998505,2.15399,11092393.554688,0.074446,177.920164,0.988014,0.090364,3.057229,8,-0.006985,-3.556805,,,,,,1,1,0,1,1,0.630723,0,0,0
17.6,ASCENT,7,0,1,None,Holding,0,757.376096,417.388217,76.557025,76.484351,3186.530133,0.221254,6.052361,523702.539898,1.496182,7689542.480469,3.524862,0.014805,1,,0,0,0,0,0.51033,0.014805,0.015351,0.069501,0.006986,0.102438,9313.086749,9313.035317,0.879561,1.359277,0.024438,323.801778,148603.921875,890.508606,148604.65625,0,1.022919,-6362.424232,28.621869,296.326231,1,1.000806,0,0,0,83.480785,42.787873,GravityTurn,,,,,,,,,,,,,,,,,,,,,,,,,,,None,Continue,0,None,7674596.574374,,0,0,1,1,8988.262543,8988.262543,2.157754,11094538.085938,0.081728,180.470653,0.991972,0.094889,3.00035,8,-0.007733,-3.527679,,,,,,1,1,0,1,1,0.630657,0,0,0
17.86,ASCENT,7,0,1,None,Holding,0,777.423231,417.901517,77.826199,77.73575,3287.287579,0.224994,7.095575,523000.849225,1.497997,7679507.8125,3.4816,0.014163,1,,0,0,0,0,0.475911,0.014163,0.014672,0.064759,0.005767,0.06328,9313.24028,9313.202503,0.840625,0.777464,0.021306,322.975152,148482.78125,889.329346,148483.515625,0,1.052848,-6362.412139,28.622332,296.415829,1,1.000806,0,0,0,83.29162,42.787877,GravityTurn,,,,,,,,,,,,,,,,,,,,,,,,,,,None,Continue,0,None,7676019.244169,,0,0,1,1,8989.515503,8989.515503,2.159768,11095697.265625,0.088866,183.020611,0.995939,0.097337,2.957463,8,-0.006572,-3.485298,,,,,,1,1,0,1,1,0.630591,0,0,0
18.12,ASCENT,7,0,1,None,Holding,0,797.796224,418.428276,79.100065,78.989458,3389.659666,0.228749,8.245017,522299.402691,1.499425,7674668.457031,3.427306,0.013586,1,,0,0,0,0,0.446348,0.013586,0.014063,0.060657,0.006374,0.038394,9313.145189,9313.117004,0.805754,0.418354,0.018253,322.406236,148362.234375,888.150757,148362.96875,0,1.083281,-6362.399621,28.622871,296.508379,1,1.000806,0,0,0,83.106973,42.787881,GravityTurn,,,,,,,,,,,,,,,,,,,,,,,,,,,None,Continue,0,None,7676901.055531,,0,0,1,1,8992.100922,8992.100922,2.163812,11098042.96875,0.09581,185.569976,0.99944,0.0984,2.930474,8,-0.006519,-3.431798,,,,,,1,1,0,1,1,0.630533,0,0,0
18.38,ASCENT,7,0,1,None,Holding,0,818.496021,418.969054,80.382269,80.249024,3493.862492,0.232526,9.504578,521597.773053,1.50206,7687708.984375,3.362963,0.013094,1,,0,0,0,0,0.421959,0.013094,0.013536,0.056131,0.003526,0.022826,9319.769389,9319.749012,0.775542,0.200931,0.014279,322.264867,148241.28125,886.971497,148242.015625,0,1.11425,-6362.386682,28.623491,296.603806,1,1.000806,0,0,0,82.925983,42.787886,GravityTurn,,,,,,,,,,,,,,,,,,,,,,,,,,,None,Continue,0,None,7677626.583911,,0,0,1,1,8993.608704,8993.608704,2.166095,11099380.859375,0.102528,188.11869,1.004814,0.098109,2.920292,8,-0.005803,-3.368063,,,,,,1,1,0,1,1,0.630469,0,0,0
18.64,ASCENT,7,0,1,None,Holding,0,839.523707,419.521909,81.666426,81.508017,3599.86917,0.236324,10.878191,520896.662213,1.503466,7669400.878906,3.290416,0.012648,1,,0,0,0,0,0.400957,0.012648,0.013063,0.05268,0.001862,0.012897,9312.820677,9312.804091,0.748437,0.071814,0.011329,321.800899,148120.484375,885.793152,148121.21875,0,1.145705,-6362.373352,28.624197,296.701829,1,1.000806,0,0,0,82.749244,42.787891,GravityTurn,,,,,,,,,,,,,,,,,,,,,,,,,,,None,Continue,0,None,7678312.808451,,0,0,1,1,8996.553467,8996.553467,2.170428,11101940.429688,0.108979,190.666695,1.007306,0.097114,2.926499,8,-0.006053,-3.296369,,,,,,1,1,0,1,1,0.630412,0,0,0
18.9,ASCENT,7,0,1,None,Holding,0,860.879609,420.088767,82.960277,82.774053,3707.498749,0.240137,12.369651,520195.246197,1.505257,7705208.984375,3.210995,0.012266,1,,0,0,0,0,0.383299,0.012266,0.012643,0.04776,0.001749,0.007083,9321.064656,9321.050136,0.724388,-0.000557,0.009241,321.926135,147999.453125,884.614441,148000.1875,0,1.177709,-6362.359611,28.624996,296.802574,1,1.000806,0,0,0,82.575425,42.787896,GravityTurn,,,,,,,,,,,,,,,,,,,,,,,,,,,None,Continue,0,None,7678478.831181,,0,0,1,1,8997.982849,8997.982849,2.172476,11103162.109375,0.11515,193.21393,1.013085,0.095617,2.947954,8,-0.004369,-3.217115,,,,,,1,1,0,1,1,0.630349,0,0,0
19.16,ASCENT,7,0,1,None,Holding,0,882.565181,420.668713,84.261743,84.04501,3817.129777,0.243978,13.982715,519493.738629,1.508199,7687006.347656,3.125546,0.011939,1,,0,0,0,0,0.368604,0.011939,0.012283,0.043563,0.000909,0.003283,9328.744929,9328.732881,0.703763,-0.039815,0.007528,322.051268,147878.296875,883.435425,147879.03125,0,1.21025,-6362.345479,28.625891,296.905856,1,1.000806,0,0,0,82.404595,42.787902,GravityTurn,,,,,,,,,,,,,,,,,,,,,,,,,,,None,Continue,0,None,7678976.026767,,0,0,1,1,9001.302399,9001.302399,2.177102,11105945.3125,0.121021,195.76034,1.018764,0.093599,2.98502,8,-0.004099,-3.13218,,,,,,1,1,0,1,1,0.630294,0,0,0
19.42,ASCENT,7,0,1,None,Holding,0,904.58146,421.260493,85.566871,85.316889,3928.519057,0.247838,15.720856,518792.719342,1.509844,7694833.007813,3.035515,0.011636,1,,0,0,0,0,0.35551,0.011636,0.011968,0.042039,0.001408,0.001122,9328.320868,9328.310836,0.685738,-0.057768,0.006526,321.909245,147756.84375,882.257568,147757.578125,0,1.243294,-6362.330976,28.626887,297.011496,1,1.000806,0,0,0,82.237058,42.787909,GravityTurn,,,,,,,,,,,,,,,,,,,,,,,,,,,None,Continue,0,None,7679479.72169,,0,0,1,1,9004.176361,9004.176361,2.180977,11108302.734375,0.126574,198.305865,1.02239,0.09139,3.037393,8,-0.004407,-3.042518,,,,,,1,1,0,1,1,0.630231,0,0,0
19.66,ASCENT,7,0,1,None,Holding,0,926.92992,421.866517,86.884536,86.598436,4042.016263,0.25173,17.587681,518091.028668,1.513169,7680570.800781,2.941,0.011393,1,,0,0,0,0,0.345064,0.011393,0.011681,0.036437,0.000588,-0.000136,9340.233595,9340.224651,0.669294,-0.063616,0.005217,322.198282,147635.71875,881.078491,147636.453125,0,1.276922,-6362.316072,28.627991,297.119772,1,1.000806,0,0,0,82.071502,42.787916,GravityTurn,,,,,,,,,,,,,,,,,,,,,,,,,,,None,Continue,0,None,7680238.986076,,0,0,1,1,9005.75235,9005.75235,2.183054,11109575.195313,0.131814,200.850451,1.030169,0.089078,3.104977,8,-0.003702,-2.948437,,,,,,1,1,0,1,1,0.630176,0,0,0
19.94,ASCENT,7,0,1,None,Holding,0,949.612302,422.48536,88.210594,87.885497,4157.642577,0.255652,19.586588,517389.215924,1.516335,7711675.292969,2.843398,0.011177,1,,0,0,0,0,0.336047,0.011177,0.011457,0.035262,0.000633,-0.000806,9348.951601,9348.944385,0.65645,-0.062533,0.004224,322.379182,147514.1875,879.898865,147514.921875,0,1.311102,-6362.300794,28.629207,297.230195,1,1.000806,0,0,0,81.908311,42.787923,GravityTurn,,,,,,,,,,,,,,,,,,,,,,,,,,,None,Continue,0,None,7681985.329373,,0,0,1,1,9009.19165,9009.19165,2.187483,11112309.570313,0.13673,203.394042,1.036107,0.086427,3.188565,8,-0.00298,-2.851193,,,,,,1,1,0,1,1,0.630114,0,0,0
20.2,ASCENT,7,0,1,None,Holding,0,972.629671,423.116416,89.542727,89.175678,4275.157523,0.259597,21.721136,516687.586285,1.518513,7691660.644531,2.743365,0.01097,1,,0,0,0,0,0.32762,0.01097,0.011251,0.035301,0.001109,-0.001114,9352.342575,9352.336177,0.644623,-0.057957,0.00318,322.387004,147392.71875,878.720032,147393.453125,0,1.345814,-6362.285146,28.630539,297.343,1,1.000806,0,0,0,81.747621,42.787931,GravityTurn,,,,,,,,,,,,,,,,,,,,,,,,,,,None,Continue,0,None,7683821.48284,,0,0,1,1,9010.858337,9010.858337,2.189577,11113612.304688,0.141321,205.936583,1.040404,0.084046,3.287521,8,-0.002665,-2.75102,,,,,,1,1,0,1,1,0.630059,0,0,0
20.46,ASCENT,7,0,1,None,Holding,0,995.98318,423.760346,90.883481,90.471458,4394.576524,0.263567,23.9943,515985.773541,1.521209,7707144.042969,2.640864,0.010789,1,,0,0,0,0,0.320353,0.010789,0.011043,0.03178,-0.001614,-0.001178,9360.026334,9360.020182,0.63269,-0.05163,0.001886,322.542659,147271.09375,877.540466,147271.84375,0,1.381085,-6362.26912,28.631994,297.458085,1,1.000806,0,0,0,81.58899,42.78794,GravityTurn,,,,,,,,,,,,,,,,,,,,,,,,,,,None,Continue,0,None,7685570.53003,,0,0,1,1,9014.271118,9014.271118,2.193781,11116246.09375,0.145592,208.478021,1.04595,0.082046,3.40275,8,-0.002533,-2.648924,,,,,,1,1,0,1,1,0.629997,0,0,0
20.72,ASCENT,7,0,1,None,Holding,0,1019.67453,424.417349,92.233992,91.773921,4516.221926,0.267569,26.409405,515283.747174,1.524528,7712895.507813,2.536496,0.010633,1,,0,0,0,0,0.314141,0.010633,0.010857,0.028069,-0.001049,-0.001176,9368.535632,9368.530766,0.622047,-0.045068,0.001606,322.721948,147149.5,876.360962,147150.234375,0,1.416929,-6362.252718,28.633577,297.575392,1,1.000806,0,0,0,81.432173,42.787949,GravityTurn,,,,,,,,,,,,,,,,,,,,,,,,,,,None,Continue,0,None,7687847.193663,,0,0,1,1,9016.242859,9016.242859,2.196155,11117746.09375,0.149549,211.018304,1.052024,0.080014,3.536293,8,-0.003369,-2.544735,,,,,,1,1,0,1,1,0.629942,0,0,0
20.98,ASCENT,7,0,1,None,Holding,0,1043.704961,425.086062,93.590048,93.078833,4639.802079,0.271597,28.969454,514581.903912,1.526396,7720128.417969,2.431113,0.01047,1,,0,0,0,0,0.307866,0.01047,0.010721,0.031488,-0.001589,-0.001222,9369.917746,9369.913755,0.614287,-0.038778,0.001217,322.66082,147027.671875,875.181519,147028.40625,0,1.453309,-6362.235958,28.63529,297.694797,1,1.000806,0,0,0,81.277549,42.787959,GravityTurn,,,,,,,,,,,,,,,,,,,,,,,,,,,None,Continue,0,None,7690374.360713,,0,0,1,1,9019.831635,9019.831635,2.200395,11120441.40625,0.153196,213.55738,1.056257,0.077913,3.689393,8,-0.002266,-2.439208,,,,,,1,1,0,1,1,0.629886,0,0,0
21.24,ASCENT,7,0,1,None,Holding,0,1068.07551,425.767947,94.956265,94.390703,4765.351504,0.275649,31.677673,513879.847027,1.528861,7712494.628906,2.324251,0.010332,1,,0,0,0,0,0.302559,0.010332,0.010549,0.027151,-0.000475,-0.00102,9378.067617,9378.063917,0.604407,-0.032689,0.00124,322.832865,146905.59375,874.001648,146906.328125,0,1.49027,-6362.21882,28.637142,297.816409,1,1.000806,0,0,0,81.12449,42.787969,GravityTurn,,,,,,,,,,,,,,,,,,,,,,,,,,,None,Continue,0,None,7692713.022467,,0,0,1,1,9023.762543,9023.762543,2.204924,11123347.65625,0.156544,216.0952,1.062368,0.076431,3.862311,8,-0.002836,-2.332478,,,,,,1,1,0,1,1,0.62983,0,0,0
21.5,ASCENT,7,0,1,None,Holding,0,1092.787458,426.461117,96.327264,95.704173,4892.819116,0.279726,34.536806,513178.095318,1.531001,7707645.507813,2.216378,0.010197,1,,0,0,0,0,0.297532,0.010197,0.01041,0.026648,0.00037,-0.001011,9378.591197,9378.58796,0.596476,-0.027569,0.001182,322.741679,146783.625,872.822205,146784.375,0,1.527765,-6362.201333,28.639135,297.940004,1,1.000806,0,0,0,80.973504,42.78798,GravityTurn,,,,,,,,,,,,,,,,,,,,,,,,,,,None,Continue,0,None,7695020.24271,,0,0,1,1,9025.895844,9025.895844,2.207331,11124904.296875,0.159598,218.631714,1.065787,0.074902,4.058962,8,-0.002388,-2.224825,,,,,,1,1,0,1,1,0.629767,0,0,0
21.76,ASCENT,7,0,1,None,Holding,0,1117.841445,427.167008,97.707529,97.023632,5022.196184,0.283827,37.549843,512476.221539,1.533251,7722115.722656,2.107749,0.010076,1,,0,0,0,0,0.293012,0.010076,0.010261,0.023113,-0.000517,-0.000908,9385.799484,9385.796743,0.587927,-0.02295,0.000974,322.882148,146661.546875,871.6427,146662.28125,0,1.565838,-6362.183476,28.641275,298.065678,1,1.000806,0,0,0,80.824007,42.787991,GravityTurn,,,,,,,,,,,,,,,,,,,,,,,,,,,None,Continue,0,None,7696712.232736,,0,0,1,1,9030.013275,9030.013275,2.211898,11127876.953125,0.162373,221.166875,1.072027,0.07371,4.280661,8,-0.002412,-2.116025,,,,,,1,1,0,1,1,0.629711,0,0,0
22.02,ASCENT,7,0,1,None,Holding,0,1143.238682,427.883872,99.092102,98.344147,5153.484159,0.287952,40.719726,511774.713971,1.535084,7699404.296875,1.998718,0.009952,1,,0,0,0,0,0.28851,0.009952,0.010154,0.025278,0.000732,-0.000648,9383.985793,9383.9832,0.581805,-0.018678,0.000879,322.709754,146539.3125,870.463806,146540.0625,0,1.604443,-6362.165276,28.643565,298.193215,1,1.000806,0,0,0,80.676451,42.788003,GravityTurn,,,,,,,,,,,,,,,,,,,,,,,,,,,None,Continue,0,None,7698363.155005,,0,0,1,1,9031.996429,9031.996429,2.214055,11129291.015625,0.164878,223.700636,1.075544,0.072377,4.530817,8,-0.002238,-2.007095,,,,,,1,1,0,1,1,0.629652,0,0,0
22.26,ASCENT,7,0,1,None,Holding,0,1168.980518,428.61431,100.488948,99.673533,5286.830894,0.292105,44.049308,511072.687604,1.538056,7713425.78125,1.889335,0.009846,1,,0,0,0,0,0.284634,0.009846,0.010039,0.023992,-0.002005,-0.000755,9395.081504,9395.079207,0.575168,-0.01575,-0.000225,322.97923,146417.359375,869.284119,146418.09375,0,1.643662,-6362.146696,28.646015,298.322955,1,1.000806,0,0,0,80.529916,42.788016,GravityTurn,,,,,,,,,,,,,,,,,,,,,,,,,,,None,Continue,0,None,7699759.014291,,0,0,1,1,9036.293457,9036.293457,2.218659,11132327.148438,0.167128,226.232952,1.082945,0.071235,4.813989,8,-0.001407,-1.897331,,,,,,1,1,0,1,1,0.629593,0,0,0
22.519999,ASCENT,7,0,1,None,Holding,0,1195.068024,429.356621,101.892762,101.006514,5422.165299,0.296285,47.54156,510370.752789,1.54094,7734878.90625,1.779389,0.009754,1,,0,0,0,0,0.281344,0.009754,0.00992,0.020579,0.001497,-0.000564,9402.974994,9402.972794,0.568387,-0.012666,0.001113,323.14537,146294.96875,868.105225,146295.703125,0,1.683445,-6362.127757,28.648626,298.454485,1,1.000806,0,0,0,80.384901,42.788029,GravityTurn,,,,,,,,,,,,,,,,,,,,,,,,,,,None,Continue,0,None,7701560.841892,,0,0,1,1,9038.36087,9038.36087,2.220834,11133771.484375,0.169133,228.763778,1.088436,0.070409,5.133705,8,-0.00145,-1.78782,,,,,,1,1,0,1,1,0.629528,0,0,0
22.799999,ASCENT,7,0,1,None,Holding,0,1221.502804,430.111041,103.304829,102.344337,5559.645462,0.300495,51.199141,509668.787457,1.54374,7731134.277344,1.669772,0.00966,1,,0,0,0,0,0.278011,0.00966,0.00982,0.019791,0.000559,-0.000403,9409.011592,9409.009887,0.562652,-0.0102,0.000602,323.240789,146172.59375,866.925232,146173.328125,0,1.723808,-6362.108461,28.651402,298.587804,1,1.000806,0,0,0,80.241206,42.788043,GravityTurn,,,,,,,,,,,,,,,,,,,,,,,,,,,None,Continue,0,None,7703362.30413,,0,0,1,1,9042.040405,9042.040405,2.224654,11136319.335938,0.170908,231.293072,1.094409,0.069501,5.493411,8,-0.000655,-1.678047,,,,,,1,1,0,1,1,0.629458,0,0,0
23.059999,ASCENT,7,0,1,None,Holding,0,1248.286029,430.877372,104.72464,103.686454,5699.173137,0.304733,55.024969,508966.791607,1.546067,7734002.441406,1.560076,0.009576,1,,0,0,0,0,0.275064,0.009576,0.009731,0.019174,0.000551,-0.000261,9412.515768,9412.514144,0.557551,-0.00792,0.00062,323.249173,146049.890625,865.745422,146050.625,0,1.764749,-6362.088808,28.654351,298.723053,1,1.000806,0,0,0,80.098826,42.788058,GravityTurn,,,,,,,,,,,,,,,,,,,,,,,,,,,None,Continue,0,None,7705390.654707,,0,0,1,1,9046.070465,9046.070465,2.22877,11139083.007813,0.172467,233.820792,1.099093,0.068649,5.900867,8,-0.000828,-1.568442,,,,,,1,1,0,1,1,0.629396,0,0,0
23.299999,ASCENT,7,0,1,None,Holding,0,1275.418945,431.65608,106.153248,105.033843,5840.766214,0.309,59.022061,508264.795758,1.548536,7716090.820313,1.451077,0.009483,1,,0,0,0,0,0.271845,0.009483,0.009622,0.017175,0.001158,-0.000227,9417.206366,9417.205155,0.551302,-0.006438,0.000255,323.301193,145927.140625,864.565796,145927.875,0,1.80628,-6362.06879,28.657477,298.860266,1,1.000806,0,0,0,79.957601,42.788073,GravityTurn,,,,,,,,,,,,,,,,,,,,,,,,,,,None,Continue,0,None,7707417.356997,,0,0,1,1,9048.258667,9048.258667,2.230972,11140570.3125,0.173824,236.346896,1.104526,0.068212,6.362485,8,-0.001216,-1.45917,,,,,,1,1,0,1,1,0.62934,0,0,0
23.579999,ASCENT,7,0,1,None,Holding,0,1302.902818,432.446855,107.590151,106.385998,5984.304983,0.313292,63.192799,507562.799908,1.550898,7720641.601563,1.341784,0.009412,1,,0,0,0,0,0.269398,0.009412,0.009518,0.013073,0.000839,-0.000426,9423.101087,9423.100173,0.545345,-0.00578,0.000701,323.395714,145804.515625,863.385742,145805.25,0,1.848401,-6362.048412,28.660784,298.999108,1,1.000806,0,0,0,79.817532,42.788089,GravityTurn,,,,,,,,,,,,,,,,,,,,,,,,,,,None,Continue,0,None,7709425.271595,,0,0,1,1,9052.995636,9052.995636,2.23567,11143760.742188,0.174992,238.871346,1.109655,0.067901,6.889514,8,-0.002458,-1.350375,,,,,,1,1,0,1,1,0.629271,0,0,0
23.839999,ASCENT,7,0,1,None,Holding,0,1330.738806,433.249917,109.035993,107.743517,6129.95849,0.317614,67.540194,506860.712506,1.553715,7741445.3125,1.233298,0.009337,1,,0,0,0,0,0.26682,0.009337,0.00945,0.013978,-0.00171,-0.00022,9429.792592,9429.791857,0.541443,-0.004252,-0.000298,323.514796,145681.578125,862.20636,145682.3125,0,1.89112,-6362.027671,28.664278,299.139826,1,1.000806,0,0,0,79.678509,42.788106,GravityTurn,,,,,,,,,,,,,,,,,,,,,,,,,,,None,Continue,0,None,7711447.101412,,0,0,1,1,9057.847656,9057.847656,2.240395,11146993.164063,0.175987,241.394103,1.115225,0.067326,7.493026,8,-0.000204,-1.241745,,,,,,1,1,0,1,1,0.629203,0,0,0
24.099999,ASCENT,7,0,1,None,Holding,0,1358.92812,434.064244,110.488214,109.103854,6277.553138,0.321962,72.06677,506158.869244,1.555851,7732881.835938,1.125392,0.009259,1,,0,0,0,0,0.264239,0.009259,0.009355,0.011803,-0.001973,-0.0006,9431.891237,9431.890588,0.53602,-0.004548,-0.000801,323.472221,145558.6875,861.027161,145559.421875,0,1.934413,-6362.006582,28.667961,299.282218,1,1.000806,0,0,0,79.540733,42.788123,GravityTurn,,,,,,,,,,,,,,,,,,,,,,,,,,,None,Continue,0,None,7713321.422897,,0,0,1,1,9060.173065,9060.173065,2.242627,11148528.320313,0.176823,243.915128,1.119187,0.067103,8.181609,8,-0.003433,-1.133604,,,,,,1,1,0,1,1,0.62913,0,0,0
24.359999,ASCENT,7,0,1,None,Holding,0,1387.471441,434.889717,111.946098,110.466242,6426.885065,0.32633,76.77526,505457.300641,1.557423,7724435.546875,1.018004,0.009179,1,,0,0,0,0,0.261586,0.009179,0.009291,0.013728,-0.001883,-0.000511,9431.739393,9431.739211,0.532311,-0.003639,-0.00061,323.359103,145435.96875,859.847839,145436.703125,0,1.978273,-6361.985141,28.671838,299.426247,1,1.000806,0,0,0,79.404222,42.788141,GravityTurn,,,,,,,,,,,,,,,,,,,,,,,,,,,None,Continue,0,None,7714555.239909,,0,0,1,1,9064.898895,9064.898895,2.247107,11151626.953125,0.177512,246.434388,1.123057,0.066865,8.972207,8,-0.002148,-1.026168,,,,,,1,1,0,1,1,0.629073,0,0,0
24.599999,ASCENT,7,0,1,None,Holding,0,1416.369685,435.727148,113.412252,111.833241,6578.162575,0.330725,81.66809,504755.70152,1.559791,7721048.339844,0.910872,0.009118,1,,0,0,0,0,0.259569,0.009118,0.00922,0.012586,-0.001944,-0.000391,9434.882008,9434.881736,0.528283,-0.002602,-0.000853,323.356421,145312.296875,858.668884,145313.03125,0,2.022731,-6361.963339,28.675915,299.572039,1,1.000806,0,0,0,79.268688,42.78816,GravityTurn,,,,,,,,,,,,,,,,,,,,,,,,,,,None,Continue,0,None,7715361.336287,,0,0,1,1,9067.2995,9067.2995,2.249355,11153189.453125,0.178072,248.951845,1.12817,0.066754,9.877772,8,0.000536,-0.919015,,,,,,1,1,0,1,1,0.629022,0,0,0
24.879999,ASCENT,7,0,1,None,Holding,0,1445.623595,436.576061,114.885783,113.203979,6731.257084,0.335143,86.747873,504054.224469,1.561865,7720284.667969,0.804633,0.009058,1,,0,0,0,0,0.257604,0.009058,0.009122,0.007871,0.000304,-0.000112,9439.297678,9439.297551,0.522656,-0.001515,0.000637,323.39301,145189.640625,857.489868,145190.390625,0,2.06778,-6361.941186,28.680194,299.719236,1,1.000806,0,0,0,79.134174,42.788179,GravityTurn,,,,,,,,,,,,,,,,,,,,,,,,,,,None,Continue,0,None,7715925.832141,,0,0,1,1,9071.868683,9071.868683,2.253585,11156143.554688,0.178514,251.467467,1.133532,0.06697,10.92492,8,-0.003624,-0.813271,,,,,,1,1,0,1,1,0.628965,0,0,0
25.139999,ASCENT,7,0,1,None,Holding,0,1475.234524,437.43701,116.367978,114.579658,6886.492084,0.339592,92.01744,503352.747418,1.564478,7727198.242188,0.699563,0.008999,1,,0,0,0,0,0.25569,0.008999,0.009044,0.005493,0.000782,-0.000466,9443.618738,9443.618629,0.518172,-0.002,0.000152,323.431906,145066.1875,856.310852,145066.921875,0,2.113437,-6361.91867,28.684683,299.868169,1,1.000806,0,0,0,79.00053,42.788199,GravityTurn,,,,,,,,,,,,,,,,,,,,,,,,,,,None,Continue,0,None,7716667.487133,,0,0,1,1,9076.839325,9076.839325,2.258119,11159330.078125,0.178855,253.981219,1.13902,0.067005,12.138836,8,-0.001915,-0.708177,,,,,,1,1,0,1,1,0.628908,0,0,0
25.399999,ASCENT,7,0,1,None,Holding,0,1505.204365,438.31061,117.860833,115.962236,7043.884643,0.344074,97.479363,502651.026227,1.567334,7748761.230469,0.595368,0.008959,1,,0,0,0,0,0.254385,0.008959,0.008994,0.004243,0.001258,-0.000719,9451.479624,9451.479139,0.515312,-0.002646,0.000511,323.583999,144943.15625,855.131653,144943.890625,0,2.159728,-6361.895785,28.689389,300.018787,1,1.000806,0,0,0,78.867545,42.78822,GravityTurn,,,,,,,,,,,,,,,,,,,,,,,,,,,None,Continue,0,None,7717900.024035,,0,0,1,1,9081.589691,9081.589691,2.262394,11162348.632813,0.179108,256.493072,1.145421,0.06687,13.547633,8,-0.00132,-0.60407,,,,,,1,1,0,1,1,0.628853,0,0,0
25.659999,ASCENT,7,0,1,None,Holding,0,1535.534235,439.196738,119.363508,117.350841,7203.338615,0.348585,103.136357,501949.182965,1.570209,7749234.863281,0.493496,0.008901,1,,0,0,0,0,0.252512,0.008901,0.008935,0.004116,-0.000446,-0.000275,9460.968771,9460.968444,0.511923,-0.001063,-0.00005,323.797367,144819.546875,853.952515,144820.28125,0,2.206648,-6361.872525,28.694316,300.171015,1,1.000806,0,0,0,78.735272,42.788242,GravityTurn,,,,,,,,,,,,,,,,,,,,,,,,,,,None,Continue,0,None,7719486.396557,,0,0,1,1,9084.155792,9084.155792,2.26468,11163969.726563,0.179287,259.002993,1.151921,0.066837,15.180416,8,0.000001,-0.501102,,,,,,1,1,0,1,1,0.628799,0,0,0
25.899999,ASCENT,7,0,1,None,Holding,0,1566.225456,440.094134,120.873019,118.74253,7364.896827,0.353128,108.99123,501247.492291,1.572958,7732104.492188,0.393165,0.008863,1,,0,0,0,0,0.251293,0.008863,0.008882,0.002308,-0.000183,-0.000044,9463.338983,9463.339356,0.508884,-0.00025,0.000086,323.764076,144696.25,852.772888,144696.984375,0,2.254165,-6361.848912,28.699462,300.324799,1,1.000806,0,0,0,78.603942,42.788264,GravityTurn,,,,,,,,,,,,,,,,,,,,,,,,,,,None,Continue,0,None,7721365.194402,,0,0,1,1,9089.365814,9089.365814,2.269275,11167242.1875,0.179405,261.510953,1.15661,0.066862,17.097119,8,-0.001269,-0.401029,,,,,,1,1,0,1,1,0.628752,0,0,0
26.179999,ASCENT,7,0,1,None,Holding,0,1597.279047,441.0036,122.391506,120.139378,7528.264615,0.357695,115.046339,500545.7711,1.575098,7743121.09375,0.297049,0.008805,1,,0,0,0,0,0.249458,0.008805,0.008815,0.001329,0.000617,-0.000176,9469.535528,9469.535541,0.505091,-0.000534,0.000688,323.861375,144573,851.59375,144573.734375,0,2.302306,-6361.824932,28.704837,300.47995,1,1.000806,0,0,0,78.473341,42.788287,GravityTurn,,,,,,,,,,,,,,,,,,,,,,,,,,,None,Continue,0,None,7722933.443708,,0,0,1,1,9094.333313,9094.333313,2.273602,11170339.84375,0.179477,264.016923,1.162256,0.066959,19.33214,8,-0.001435,-0.304192,,,,,,1,1,0,1,1,0.628701,0,0,0
26.439999,ASCENT,7,0,1,None,Holding,0,1628.69693,441.925816,123.920608,121.542955,7693.890464,0.362297,121.304282,499843.866803,1.578608,7754791.992188,0.207595,0.008777,1,,0,0,0,0,0.248577,0.008777,0.008769,-0.000934,-0.001693,-0.000394,9478.280411,9478.280425,0.502452,-0.001044,-0.00049,324.05074,144449.140625,850.41394,144449.875,0,2.351095,-6361.800572,28.710448,300.636774,1,1.000806,0,0,0,78.343306,42.788312,GravityTurn,,,,,,,,,,,,,,,,,,,,,,,,,,,None,Continue,0,None,7724852.605582,,0,0,1,1,9097.352753,9097.352753,2.276208,11172213.867188,0.179515,266.520876,1.168863,0.067012,21.914807,8,-0.000369,-0.214434,,,,,,1,1,0,1,1,0.628651,0,0,0
26.699999,ASCENT,7,0,1,None,Holding,0,1660.48007,442.85922,125.456719,122.949764,7861.582934,0.36693,127.767556,499142.054059,1.58079,7731856.445313,0.138432,0.008726,1,,0,0,0,0,0.247002,0.008726,0.008745,0.002324,0.001316,-0.000322,9479.515153,9479.515371,0.501071,-0.000607,0.001137,323.976787,144325.0625,849.234985,144325.796875,0,2.400493,-6361.77586,28.716291,300.794938,1,1.000806,0,0,0,78.214118,42.788336,GravityTurn,,,,,,,,,,,,,,,,,,,,,,,,,,,None,Continue,0,None,7727189.292333,,0,0,1,1,9103.139893,9103.139893,2.281152,11175782.226563,0.179533,269.022785,1.17337,0.06689,24.926566,8,0.001124,-0.142316,,,,,,1,1,0,1,1,0.628609,0,0,0
26.959999,ASCENT,7,0,1,None,Holding,0,1692.629793,443.805188,127.003074,124.362903,8031.072417,0.371588,134.438769,498440.180279,1.583253,7758199.21875,0.124625,0.008705,1,,0,0,0,0,0.24633,0.008705,0.008719,0.001717,-0.002262,0.000019,9487.913599,9487.91378,0.499579,0.000561,-0.00032,324.151815,144200.703125,848.055847,144201.4375,0,2.450541,-6361.75077,28.722377,300.954615,1,1.000806,0,0,0,78.085485,42.788362,GravityTurn,,,,,,,,,,,,,,,,,,,,,,,,,,,None,Continue,0,None,7729160.22108,,0,0,1,1,9106.248413,9106.248413,2.283778,11177686.523438,0.179542,271.522624,1.179558,0.066787,28.411194,8,0.002961,0.123137,,,,,,1,1,0,1,1,0.62857,0,0,0
27.219999,ASCENT,7,0,1,None,Holding,0,1725.147139,444.76209,128.555256,125.77798,8202.428715,0.376273,141.320715,497738.581158,1.58548,7749604.492188,0.17845,0.008663,1,,0,0,0,0,0.245026,0.008663,0.008631,-0.00385,0.000948,-0.000407,9489.375062,9489.375264,0.494508,-0.001009,0.000676,324.097235,144077.15625,846.876587,144077.890625,0,2.501187,-6361.725319,28.728704,301.115629,1,1.000806,0,0,0,77.957748,42.788388,GravityTurn,,,,,,,,,,,,,,,,,,,,,,,,,,,None,Continue,0,None,7730953.194192,,0,0,1,1,9111.848877,9111.848877,2.288467,11181099.609375,0.179556,274.020369,1.183967,0.06638,32.342637,8,0.000191,0.173294,,,,,,1,1,0,1,1,0.628525,0,0,0
27.479999,ASCENT,7,0,1,None,Holding,0,1758.032624,445.730552,130.115636,127.197354,8375.456153,0.380981,148.41548,497037.07359,1.587893,7767051.269531,0.259285,0.008613,1,,0,0,0,0,0.243522,0.008613,0.008571,-0.005125,0.002114,-0.000121,9494.819542,9494.819876,0.491075,0.000008,0.000601,324.1726,143953.015625,845.698242,143953.75,0,2.552462,-6361.699507,28.735282,301.278043,1,1.000806,0,0,0,77.830688,42.788416,GravityTurn,,,,,,,,,,,,,,,,,,,,,,,,,,,None,Continue,0,None,7732140.596697,,0,0,1,1,9114.682007,9114.682007,2.290821,11182817.382813,0.179587,276.515994,1.189208,0.065898,36.633549,8,-0.00067,0.252958,,,,,,1,1,0,1,1,0.62849,0,0,0
27.719999,ASCENT,7,0,1,None,Holding,0,1791.287877,446.711369,131.68572,128.62248,8550.593369,0.385722,155.725893,496335.443951,1.590712,7744373.535156,0.348322,0.008587,1,,0,0,0,0,0.24272,0.008587,0.008518,-0.008308,-0.000954,-0.000295,9501.500077,9501.500458,0.488064,-0.000204,-0.000302,324.297462,143828.765625,844.51825,143829.5,0,2.60439,-6361.673314,28.742113,301.441917,1,1.000806,0,0,0,77.704163,42.788444,GravityTurn,,,,,,,,,,,,,,,,,,,,,,,,,,,None,Continue,0,None,7733434.725704,,0,0,1,1,9120.780975,9120.780975,2.295842,11186498.046875,0.179646,279.009477,1.195254,0.065332,41.193351,8,-0.001894,0.341528,,,,,,1,1,0,1,1,0.628457,0,0,0
27.979999,ASCENT,7,0,1,None,Holding,0,1824.914376,447.703283,133.262697,130.050614,8727.668324,0.390493,163.253875,495634.088971,1.593203,7746023.925781,0.44024,0.008568,1,,0,0,0,0,0.242147,0.008568,0.008477,-0.011032,-0.000543,-0.000313,9502.277667,9502.277845,0.485685,-0.000497,-0.00028,324.226012,143704.625,843.340393,143705.359375,0,2.656937,-6361.646761,28.749197,301.606927,1,1.000806,0,0,0,77.578379,42.788473,GravityTurn,,,,,,,,,,,,,,,,,,,,,,,,,,,None,Continue,0,None,7734999.775424,,0,0,1,1,9123.68457,9123.68457,2.298212,11188240.234375,0.179744,281.500795,1.198962,0.06477,45.746726,8,-0.00065,0.43273,,,,,,1,1,0,1,1,0.62842,0,0,0
28.259999,ASCENT,7,0,1,None,Holding,0,1858.912818,448.708517,134.851598,131.486578,8906.532345,0.395291,171.002623,494932.306744,1.595973,7756671.386719,0.532091,0.008535,1,,0,0,0,0,0.241126,0.008535,0.00842,-0.013798,0.001343,-0.000068,9513.499765,9513.499823,0.48243,-0.000098,0.000382,324.506317,143580.265625,842.161072,143581,0,2.710172,-6361.619809,28.75655,301.773362,1,1.000806,0,0,0,77.45292,42.788502,GravityTurn,,,,,,,,,,,,,,,,,,,,,,,,,,,None,Continue,0,None,7736331.285132,,0,0,1,1,9129.557861,9129.557861,2.302973,11191753.90625,0.179893,283.989927,1.20653,0.063416,49.922488,8,-0.002689,0.524848,,,,,,1,1,0,1,1,0.628379,0,0,0
28.519999,ASCENT,7,0,1,None,Holding,0,1893.285773,449.726493,136.451416,132.929463,9087.810842,0.400129,178.974605,494230.402447,1.599913,7773824.21875,0.623764,0.008511,1,,0,0,0,0,0.240409,0.008511,0.008448,-0.007593,0.003583,-0.000051,9522.872469,9522.872061,0.484016,0.000303,0.001087,324.730178,143455.75,840.981506,143456.484375,0,2.764087,-6361.59247,28.764171,301.941212,1,1.000806,0,0,0,77.327854,42.788533,GravityTurn,,,,,,,,,,,,,,,,,,,,,,,,,,,None,Continue,0,None,7738641.735361,,0,0,1,1,9135.142303,9135.142303,2.30746,11195076.171875,0.180103,286.476853,1.213571,0.064883,53.201333,8,0.001607,0.616611,,,,,,1,1,0,1,1,0.62835,0,0,0
28.779999,ASCENT,7,0,1,None,Holding,0,1928.03387,450.755384,138.057378,134.374487,9270.755649,0.404993,187.17227,493528.772809,1.601777,7766714.355469,0.714702,0.008475,1,,0,0,0,0,0.239361,0.008475,0.008369,-0.012826,-0.002608,-0.000132,9525.112983,9525.11234,0.479486,0.000225,-0.000708,324.702685,143330.734375,839.802002,143331.484375,0,2.818621,-6361.564763,28.772058,302.110263,1,1.000806,0,0,0,77.203536,42.788565,GravityTurn,,,,,,,,,,,,,,,,,,,,,,,,,,,None,Continue,0,None,7741005.588898,,0,0,1,1,9138.152008,9138.152008,2.309861,11196859.375,0.180386,288.961553,1.217546,0.062703,55.164033,8,-0.000488,0.707621,,,,,,1,1,0,1,1,0.62833,0,0,0
29.039999,ASCENT,7,0,1,None,Holding,0,1963.158527,451.796142,139.671939,135.824102,9455.478611,0.409884,195.597889,492827.14317,1.603966,7754891.113281,0.80529,0.008451,1,,0,0,0,0,0.238632,0.008451,0.008329,-0.014654,0.000741,-0.000074,9527.777196,9527.777028,0.477191,0.000269,0.000239,324.69218,143206.640625,838.622681,143207.375,0,2.873809,-6361.536675,28.780216,302.280509,1,1.000806,0,0,0,77.079759,42.788597,GravityTurn,,,,,,,,,,,,,,,,,,,,,,,,,,,None,Continue,0,None,7742942.143574,,0,0,1,1,9144.619324,9144.619324,2.314982,11200676.757813,0.180749,291.444008,1.222841,0.061932,55.448674,8,-0.00127,0.798564,,,,,,1,1,0,1,1,0.628307,0,0,0
29.299999,ASCENT,7,0,1,None,Holding,0,1998.660655,452.84885,141.295643,137.278809,9641.926898,0.414802,204.253861,492125.544049,1.606401,7758884.765625,0.895222,0.008438,1,,0,0,0,0,0.238255,0.008438,0.008312,-0.015131,0.001424,0.000044,9533.287968,9533.287381,0.476231,0.0005,0.000597,324.780556,143081.734375,837.443542,143082.46875,0,2.929663,-6361.508207,28.788654,302.452014,1,1.000806,0,0,0,76.956465,42.78863,GravityTurn,,,,,,,,,,,,,,,,,,,,,,,,,,,None,Continue,0,None,7744702.3932,,0,0,1,1,9148.082184,9148.082184,2.317702,11202710.9375,0.181205,293.924198,1.228501,0.062998,54.055667,8,0.00252,0.888586,,,,,,1,1,0,1,1,0.628294,0,0,0
29.559999,ASCENT,7,0,1,None,Holding,0,2034.541475,453.913502,142.928168,138.738264,9830.03986,0.419746,213.142884,491423.944928,1.609235,7784605.957031,0.983691,0.008408,1,,0,0,0,0,0.237385,0.008408,0.008292,-0.013967,0.002726,-0.000243,9540.476181,9540.475218,0.475075,-0.000013,0.001071,324.920841,142957.015625,836.265076,142957.75,0,2.98618,-6361.479354,28.797373,302.62472,1,1.000806,0,0,0,76.833666,42.788665,GravityTurn,,,,,,,,,,,,,,,,,,,,,,,,,,,None,Continue,0,None,7746207.138081,,0,0,1,1,9154.307831,9154.307831,2.32256,11206351.5625,0.181762,296.402108,1.234647,0.062763,51.263681,8,0.001473,0.977125,,,,,,1,1,0,1,1,0.628277,0,0,0
29.819999,ASCENT,7,0,1,None,Holding,0,2070.802552,454.99067,144.570767,140.203679,10020.322442,0.424729,222.267255,490722.193219,1.612367,7758301.269531,1.071615,0.008399,1,,0,0,0,0,0.237107,0.008399,0.00823,-0.020162,-0.000143,-0.000547,9545.702747,9545.701457,0.471553,-0.000938,-0.000591,325.002494,142831.484375,835.085205,142832.21875,0,3.043382,-6361.450104,28.806379,302.798642,1,1.000806,0,0,0,76.711254,42.7887,GravityTurn,,,,,,,,,,,,,,,,,,,,,,,,,,,None,Continue,0,None,7748208.680427,,0,0,1,1,9160.611908,9160.611908,2.327443,11210023.4375,0.182428,298.87772,1.240357,0.062292,47.569483,8,0.001202,1.064975,,,,,,1,1,0,1,1,0.628272,0,0,0
30.079999,ASCENT,7,0,1,None,Holding,0,2107.445381,456.079781,146.222192,141.673792,10212.123722,0.429735,231.629783,490020.594098,1.614865,7781830.078125,1.158363,0.008386,1,,0,0,0,0,0.236715,0.008386,0.008202,-0.021908,0.004328,-0.000424,9552.521508,9552.519662,0.469932,-0.000651,0.002065,325.128935,142706.40625,833.907349,142707.15625,0,3.101254,-6361.420464,28.815675,302.97375,1,1.000806,0,0,0,76.58931,42.788736,GravityTurn,,,,,,,,,,,,,,,,,,,,,,,,,,,None,Continue,0,None,7750219.847786,,0,0,1,1,9163.796112,9163.796112,2.32989,11211870.117188,0.183214,301.351017,1.245968,0.062473,43.4196,8,0.000912,1.152068,,,,,,1,1,0,1,1,0.628264,0,0,0
30.339999,ASCENT,7,0,1,None,Holding,0,2144.471151,457.180591,147.882226,143.148456,10405.893336,0.434775,241.23265,489318.964459,1.617478,7761849.121094,1.244161,0.008378,1,,0,0,0,0,0.236493,0.008378,0.008202,-0.020965,-0.000236,0.000355,9554.883856,9554.882169,0.469939,0.001644,-0.000118,325.110507,142581.578125,832.727295,142582.3125,0,3.159799,-6361.390442,28.825261,303.149939,1,1.000806,0,0,0,76.467839,42.788773,GravityTurn,,,,,,,,,,,,,,,,,,,,,,,,,,,None,Continue,0,None,7752299.658228,,0,0,1,1,9169.822266,9169.822266,2.334502,11215353.515625,0.184126,303.821984,1.251131,0.064803,39.123691,8,0.003316,1.237528,,,,,,1,1,0,1,1,0.628263,0,0,0
30.599999,ASCENT,7,0,1,None,Holding,0,2181.880532,458.293418,149.551275,144.628004,10600.85287,0.439834,251.078348,488617.395855,1.619728,7784303.222656,1.328694,0.008366,1,,0,0,0,0,0.236147,0.008366,0.008137,-0.027264,0.002986,-0.000177,9562.994264,9562.992312,0.466203,0.000119,0.001404,325.283759,142456.34375,831.549011,142457.078125,0,3.219023,-6361.360025,28.835142,303.327228,1,1.000806,0,0,0,76.346797,42.788811,GravityTurn,,,,,,,,,,,,,,,,,,,,,,,,,,,None,Continue,0,None,7753957.823161,,0,0,1,1,9176.325317,9176.325317,2.339441,11219097.65625,0.185173,306.290608,1.257249,0.064284,35.037394,8,0.002378,1.322108,,,,,,1,1,0,1,1,0.628274,0,0,0
30.859999,ASCENT,7,0,1,None,Holding,0,2219.675617,459.419017,151.230839,146.113869,10797.913915,0.444931,261.169317,487915.674664,1.623576,7767197.753906,1.411452,0.008336,1,,0,0,0,0,0.235275,0.008336,0.008093,-0.028759,-0.001833,-0.000198,9570.822741,9570.820604,0.463713,0.000136,-0.00049,325.451738,142330.71875,830.369507,142331.453125,0,3.278952,-6361.329198,28.845326,303.505662,1,1.000806,0,0,0,76.226066,42.78885,GravityTurn,,,,,,,,,,,,,,,,,,,,,,,,,,,None,Continue,0,None,7755831.357404,,0,0,1,1,9179.603394,9179.603394,2.341918,11220981.445313,0.186364,308.756873,1.264225,0.06435,31.254691,8,0.000081,1.405455,,,,,,1,1,0,1,1,0.628283,0,0,0
31.119999,ASCENT,7,0,1,None,Holding,0,2257.85749,460.556096,152.918307,147.603462,10996.583516,0.450057,271.508189,487214.075543,1.626036,7775228.027344,1.493824,0.008325,1,,0,0,0,0,0.234981,0.008325,0.008113,-0.02517,-0.004814,-0.000166,9573.984275,9573.982255,0.464841,0.000289,-0.002396,325.446606,142205.625,829.19104,142206.375,0,3.339552,-6361.29798,28.855813,303.685169,1,1.000806,0,0,0,76.105823,42.788889,GravityTurn,,,,,,,,,,,,,,,,,,,,,,,,,,,None,Continue,0,None,7758055.716121,,0,0,1,1,9186.221466,9186.221466,2.346895,11224768.554688,0.187703,311.220766,1.269574,0.066032,27.891159,8,0.004954,1.487372,,,,,,1,1,0,1,1,0.62831,0,0,0
31.379999,ASCENT,7,0,1,None,Holding,0,2296.427675,461.706237,154.617354,149.100459,11196.970225,0.455214,282.097215,486512.293316,1.629057,7772522.460938,1.574728,0.008315,1,,0,0,0,0,0.234692,0.008315,0.008114,-0.02377,-0.000213,0.000379,9582.344694,9582.341485,0.464914,0.001809,-0.000122,325.636444,142080.296875,828.011353,142081.03125,0,3.400881,-6361.266351,28.86661,303.865777,1,1.000806,0,0,0,75.985798,42.78893,GravityTurn,,,,,,,,,,,,,,,,,,,,,,,,,,,None,Continue,0,None,7760346.587635,,0,0,1,1,9192.916809,9192.916809,2.351895,11228584.960938,0.1892,313.682275,1.276385,0.068799,24.898578,8,0.006293,1.569012,,,,,,1,1,0,1,1,0.62834,0,0,0
31.639999,ASCENT,7,0,1,None,Holding,0,2335.387529,462.867438,156.324767,150.601958,11399.079652,0.460402,292.939038,485810.541607,1.631758,7778457.519531,1.653888,0.00893,1,,0,0,0,0,0.234191,0.00893,0.00814,-0.093379,-0.003764,-0.00026,9587.680618,9587.6682,0.466368,-0.00022,-0.001626,325.790757,141954.296875,826.831787,141955.03125,0,3.4629,-6361.23436,28.877702,304.047159,1,1.000806,0,0,0,75.866209,42.788972,GravityTurn,,,,,,,,,,,,,,,,,,,,,,,,,,,None,Continue,0,None,7762776.310879,,0,0,1,1,9196.289185,9196.289185,2.354407,11230503.90625,0.19086,316.141389,1.282327,0.080121,22.396963,8,0.004989,1.648354,,,,,,1,1,0,1,1,0.628383,0,0,0
31.879999,ASCENT,7,0,1,None,Holding,0,2374.736851,464.036329,158.040372,152.109322,11602.53457,0.465615,304.039015,485108.911969,1.634337,7794313.964844,1.72089,0.009683,1,,0,0,0,0,0.225028,0.009683,0.008978,-0.083183,-0.001926,-0.000145,9595.596205,9595.559465,0.514391,0.000318,-0.000974,326.126308,141828.421875,825.653076,141829.15625,0,3.525633,-6361.202186,28.889028,304.22839,1,1.000806,0,0,0,75.747056,42.789015,GravityTurn,,,,,,,,,,,,,,,,,,,,,,,,,,,None,Continue,0,None,7764628.053876,,0,0,1,1,9203.522491,9203.522491,2.359758,11234604.492188,0.192676,318.598117,1.288548,0.13053,20.423247,8,0.006751,1.715822,,,,,,1,1,0,1,1,0.628431,0,0,0
32.159999,ASCENT,7,0,1,None,Holding,0,2414.477163,465.219315,159.764414,153.619874,11807.937257,0.470866,315.401087,484407.373883,1.637342,7779272.460938,1.777576,0.009986,1,,0,0,0,0,0.205154,0.009986,0.009508,-0.056373,-0.001428,-0.000379,9599.579653,9599.552545,0.544762,-0.000491,-0.000551,326.102714,141702.703125,824.473389,141703.453125,0,3.589043,-6361.169482,28.900709,304.411102,1,1.000806,0,0,0,75.628313,42.789059,GravityTurn,,,,,,,,,,,,,,,,,,,,,,,,,,,None,Continue,0,None,7766402.422709,,0,0,1,1,9206.958191,9206.958191,2.362284,11236544.921875,0.194628,321.052454,1.294059,0.148127,18.474388,8,0.002111,1.772889,,,,,,1,1,0,1,1,0.628478,0,0,0
32.419999,ASCENT,7,0,1,None,Holding,0,2454.610559,466.418827,161.500439,155.136633,12015.468277,0.476159,327.0257,483705.622174,1.640589,7785188.964844,1.829859,0.01001,1,,0,0,0,0,0.180344,0.01001,0.009716,-0.034577,0.00337,-0.00012,9605.824261,9605.809646,0.556683,0.000398,0.001963,326.098057,141576.890625,823.294067,141577.640625,0,3.65318,-6361.136176,28.912778,304.595913,1,1.000806,0,0,0,75.509727,42.789104,GravityTurn,,,,,,,,,,,,,,,,,,,,,,,,,,,None,Continue,0,None,7768810.676704,,0,0,1,1,9213.875275,9213.875275,2.367359,11240446.289063,0.196707,323.504366,1.300437,0.143324,16.847008,8,0.005778,1.826264,,,,,,1,1,0,1,1,0.628537,0,0,0
32.679999,ASCENT,7,0,1,None,Holding,0,2495.138152,467.632505,163.244826,156.656251,12224.314524,0.481477,338.914069,483004.023053,1.642552,7793132.8125,1.881377,0.009869,1,,0,0,0,0,0.154291,0.009869,0.009637,-0.02727,-0.005068,-0.000313,9612.224422,9612.217139,0.552138,-0.000417,-0.001924,326.127083,141450.40625,822.115295,141451.140625,0,3.717994,-6361.102324,28.925221,304.782423,1,1.000806,0,0,0,75.39154,42.789149,GravityTurn,,,,,,,,,,,,,,,,,,,,,,,,,,,None,Continue,0,None,7771004.906392,,0,0,1,1,9220.423126,9220.423126,2.37214,11244127.929688,0.198909,325.953822,1.306577,0.126529,15.456731,8,0.001096,1.877567,,,,,,1,1,0,1,1,0.628594,0,0,0
32.939999,ASCENT,7,0,1,None,Holding,0,2536.061435,468.859295,164.997087,158.178603,12434.934591,0.486832,351.068361,482302.546002,1.645194,7789819.824219,1.93416,0.009654,1,,0,0,0,0,0.129502,0.009654,0.009489,-0.019379,0.000042,-0.000234,9614.521701,9614.51771,0.543658,-0.000066,-0.000669,326.049437,141324.34375,820.936829,141325.078125,0,3.783486,-6361.067971,28.938025,304.970328,1,1.000806,0,0,0,75.273774,42.789196,GravityTurn,,,,,,,,,,,,,,,,,,,,,,,,,,,None,Continue,0,None,7772834.133359,,0,0,1,1,9224.382507,9224.382507,2.375015,11246348.632813,0.201241,328.400795,1.311409,0.109581,14.281892,8,0.004769,1.930469,,,,,,1,1,0,1,1,0.62865,0,0,0
33.199999,ASCENT,7,0,1,None,Holding,0,2577.381582,470.099846,166.759168,159.70577,12647.041694,0.492217,363.490531,481601.099469,1.647884,7784281.738281,1.990053,0.00946,1,,0,0,0,0,0.108333,0.00946,0.009224,-0.027549,-0.000156,-0.00038,9620.34559,9620.342531,0.52852,-0.000548,-0.000983,326.122409,141197.875,819.757568,141198.609375,0,3.849692,-6361.033116,28.951188,305.159484,1,1.000806,0,0,0,75.156291,42.789244,GravityTurn,,,,,,,,,,,,,,,,,,,,,,,,,,,None,Continue,0,None,7774468.763234,,0,0,1,1,9231.025726,9231.025726,2.379829,11250067.382813,0.203711,330.845265,1.317545,0.093585,13.256015,8,0.002547,1.985777,,,,,,1,1,0,1,1,0.628716,0,0,0
33.459999,ASCENT,7,0,1,None,Holding,0,2619.099973,471.355204,168.534295,161.241075,12861.237052,0.497645,376.183899,480899.286725,1.652033,7796439.941406,2.047944,0.00928,1,,0,0,0,0,0.0902,0.00928,0.009019,-0.030572,-0.000013,0.000082,9631.859593,9631.856321,0.516746,0.000994,-0.000826,326.406127,141070.984375,818.578613,141071.734375,0,3.91667,-6360.99776,28.964715,305.349912,1,1.000806,0,0,0,75.03887,42.789293,GravityTurn,,,,,,,,,,,,,,,,,,,,,,,,,,,None,Continue,0,None,7776557.485008,,0,0,1,1,9238.179352,9238.179352,2.384987,11254057.617188,0.206334,333.287215,1.325592,0.082761,12.315952,8,0.003033,2.043472,,,,,,1,1,0,1,1,0.628789,0,0,0
33.719999,ASCENT,7,0,1,None,Holding,0,2661.218393,472.622435,170.316756,162.778951,13077.228081,0.503112,389.151491,480197.718121,1.654495,7801081.054688,2.106839,0.009079,1,,0,0,0,0,0.073664,0.009079,0.008802,-0.032296,-0.002202,-0.000884,9633.834092,9633.830146,0.50434,-0.002223,-0.001444,326.363216,140945.171875,817.39978,140945.90625,0,3.984334,-6360.961951,28.978596,305.541357,1,1.000806,0,0,0,74.921884,42.789343,GravityTurn,,,,,,,,,,,,,,,,,,,,,,,,,,,None,Continue,0,None,7779228.686497,,0,0,1,1,9241.779907,9241.779907,2.387576,11256063.476563,0.209114,335.726632,1.330017,0.074071,11.485663,7.879795,0.00073,2.103065,,,,,,1,1,0,1,1,0.628855,0,0,0
33.979999,ASCENT,7,0,1,None,Holding,0,2703.737562,473.903223,172.110122,164.323,13294.400571,0.508605,402.395441,479495.99693,1.656966,7819833.007813,2.16877,0.008953,1,,0,0,0,0,0.061204,0.008953,0.008648,-0.035551,0.002284,0.00011,9644.495376,9644.490905,0.495513,0.000916,0.001016,326.623431,140818.265625,816.220215,140819,0,4.052746,-6360.925663,28.992831,305.73379,1,1.000806,0,0,0,74.805092,42.789394,GravityTurn,,,,,,,,,,,,,,,,,,,,,,,,,,,None,Continue,0,None,7781182.65244,,0,0,1,1,9248.574677,9248.574677,2.392443,11259838.867188,0.212065,338.163502,1.337477,0.069082,10.728191,7.765188,0.002524,2.164109,,,,,,1,1,0,1,1,0.628923,0,0,0
34.239999,ASCENT,7,0,1,None,Holding,0,2746.659013,475.19711,173.913704,165.872516,13513.52172,0.51414,415.919095,478794.214703,1.660644,7818712.402344,2.231296,0.008828,1,,0,0,0,0,0.050337,0.008828,0.008478,-0.040605,0.003109,-0.000358,9653.335858,9653.329979,0.485782,-0.000281,0.001873,326.824277,140691.515625,815.040161,140692.265625,0,4.121898,-6360.888906,29.007428,305.927215,1,1.000806,0,0,0,74.688532,42.789447,GravityTurn,,,,,,,,,,,,,,,,,,,,,,,,,,,None,Continue,0,None,7783428.328682,,0,0,1,1,9255.877899,9255.877899,2.397662,11263891.601563,0.215195,340.597814,1.345044,0.06546,10.031271,7.653748,-0.000249,2.225987,,,,,,1,1,0,1,1,0.628999,0,0,0
34.499999,ASCENT,7,0,1,None,Holding,0,2789.984765,476.504613,175.728845,167.428898,13734.729779,0.519721,429.72562,478092.249371,1.664262,7809274.902344,2.294351,0.008718,1,,0,0,0,0,0.041224,0.008718,0.008352,-0.042443,-0.001157,-0.000708,9660.64684,9660.639547,0.478546,-0.001609,0.000204,326.974021,140564.109375,813.861145,140564.859375,0,4.19182,-6360.851674,29.022387,306.121586,1,1.000806,0,0,0,74.572115,42.7895,GravityTurn,,,,,,,,,,,,,,,,,,,,,,,,,,,None,Continue,0,None,7786598.172147,,0,0,1,1,9259.552948,9259.552948,2.400281,11265925.78125,0.218512,343.029559,1.351628,0.064317,9.395793,7.544338,0.001652,2.289586,,,,,,1,1,0,1,1,0.62907,0,0,0
34.759999,ASCENT,7,0,1,None,Holding,0,2833.715651,477.824016,177.552336,168.989061,13957.156586,0.525331,443.817493,477390.467145,1.666698,7805797.851563,2.357862,0.00862,1,,0,0,0,0,0.033537,0.00862,0.008264,-0.041369,0.002028,-0.000082,9666.252439,9666.24348,0.473471,0.000573,0.000969,327.065731,140437.3125,812.682007,140438.0625,0,4.262462,-6360.813996,29.037699,306.316716,1,1.000806,0,0,0,74.45604,42.789554,GravityTurn,,,,,,,,,,,,,,,,,,,,,,,,,,,None,Continue,0,None,7789593.284122,,0,0,1,1,9267.415283,9267.415283,2.405865,11270269.53125,0.222024,345.458728,1.357521,0.064719,8.827498,7.435689,0.002318,2.353492,,,,,,1,1,0,1,1,0.62915,0,0,0
35.019999,ASCENT,7,0,1,None,Holding,0,2877.852991,479.155853,179.384868,170.553549,14181.217135,0.53098,458.197118,476688.715436,1.669613,7812613.28125,2.421989,0.008545,1,,0,0,0,0,0.027412,0.008545,0.00809,-0.052774,-0.000022,-0.000221,9669.962079,9669.951855,0.463504,-0.000011,0.000417,327.083666,140310.484375,811.502441,140311.234375,0,4.333837,-6360.775852,29.053373,306.512672,1,1.000806,0,0,0,74.340257,42.78961,GravityTurn,,,,,,,,,,,,,,,,,,,,,,,,,,,None,Continue,0,None,7792302.348168,,0,0,1,1,9271.136322,9271.136322,2.4085,11272322.265625,0.225736,347.885313,1.36317,0.06362,8.307205,7.326933,0.000511,2.417156,,,,,,1,1,0,1,1,0.629227,0,0,0
35.279999,ASCENT,7,0,1,None,Holding,0,2922.398055,480.500414,181.227894,172.123934,14406.714244,0.536664,472.867431,475986.872174,1.672519,7819614.746094,2.485931,0.008482,1,,0,0,0,0,0.022351,0.008482,0.008075,-0.046991,0.00207,-0.000292,9676.989996,9676.978799,0.462677,-0.00061,0.001725,327.21712,140183,810.323669,140183.734375,0,4.405975,-6360.737253,29.069412,306.709444,1,1.000806,0,0,0,74.224667,42.789666,GravityTurn,,,,,,,,,,,,,,,,,,,,,,,,,,,None,Continue,0,None,7794698.852787,,0,0,1,1,9278.623047,9278.623047,2.413793,11276446.289063,0.229657,350.309306,1.369928,0.065886,7.861891,7.223628,0.006181,2.481292,,,,,,1,1,0,1,1,0.629301,0,0,0
35.539999,ASCENT,7,0,1,None,Holding,0,2967.351922,481.857136,183.079645,173.698457,14633.607502,0.542383,487.831289,475285.1815,1.675128,7828155.761719,2.548996,0.008402,1,,0,0,0,0,0.017445,0.008402,0.007947,-0.052494,0.007695,0.000808,9682.120793,9682.107893,0.455343,0.003137,0.004146,327.290511,140056.0625,809.145142,140056.796875,0,4.47885,-6360.698193,29.085806,306.906855,1,1.000806,0,0,0,74.109377,42.789724,GravityTurn,,,,,,,,,,,,,,,,,,,,,,,,,,,None,Continue,0,None,7796985.778618,,0,0,1,1,9286.169006,9286.169006,2.419113,11280592.773438,0.233791,352.730701,1.37573,0.066571,7.41298,7.121132,0.002726,2.545053,,,,,,1,1,0,1,1,0.629386,0,0,0
35.799999,ASCENT,7,0,1,None,Holding,0,3012.716348,483.226707,184.942146,175.279125,14862.153746,0.548143,503.090415,474583.399273,1.678362,7813786.621094,2.613687,0.00841,1,,0,0,0,0,0.015433,0.00841,0.007867,-0.062615,0.000722,0.000138,9688.222401,9688.207129,0.450718,0.001147,0.000532,327.395587,139927.703125,807.965637,139928.4375,0,4.552502,-6360.65867,29.10257,307.105026,1,1.000806,0,0,0,73.994255,42.789783,GravityTurn,,,,,,,,,,,,,,,,,,,,,,,,,,,None,Continue,0,None,7799308.773914,,0,0,1,1,9289.962494,9289.962494,2.421778,11282673.828125,0.238146,355.149493,1.382196,0.068574,7.014004,7.024063,0.002814,2.609332,,,,,,1,1,0,1,1,0.629474,0,0,0
36.059999,ASCENT,7,0,1,None,Holding,0,3058.492254,484.60958,186.815567,176.866006,15092.079055,0.553939,518.648304,473881.525494,1.681541,7816996.582031,2.676317,0.008372,1,,0,0,0,0,0.012542,0.008372,0.007882,-0.056387,0.004528,-0.000373,9697.70046,9697.684876,0.451586,-0.000071,0.001686,327.602514,139800.421875,806.785339,139801.171875,0,4.626936,-6360.618662,29.119704,307.303922,1,1.000806,0,0,0,73.879288,42.789843,GravityTurn,,,,,,,,,,,,,,,,,,,,,,,,,,,None,Continue,0,None,7801662.201726,,0,0,1,1,9297.110352,9297.110352,2.4268,11286591.796875,0.242726,357.565677,1.389538,0.07127,6.646162,6.930354,0.006592,2.671676,,,,,,1,1,0,1,1,0.629565,0,0,0
36.319999,ASCENT,7,0,1,None,Holding,0,3104.681668,486.00485,188.698373,178.457597,15323.606854,0.559777,534.507054,473179.743268,1.684647,7832114.746094,2.738818,0.008354,1,,0,0,0,0,0.010588,0.008354,0.007888,-0.05357,-0.005335,-0.000578,9703.394656,9703.378342,0.451943,-0.000736,-0.00284,327.684138,139673.078125,805.607666,139673.8125,0,4.702129,-6360.578182,29.137207,307.50348,1,1.000806,0,0,0,73.764565,42.789905,GravityTurn,,,,,,,,,,,,,,,,,,,,,,,,,,,None,Continue,0,None,7804291.662186,,0,0,1,1,9301.419312,9301.419312,2.42982,11288951.171875,0.24753,359.979247,1.395461,0.073807,6.339041,6.834602,0.012217,2.734125,,,,,,1,1,0,1,1,0.629666,0,0,0
36.579999,ASCENT,7,0,1,None,Holding,0,3151.286048,487.4137,190.593439,180.056843,15556.731592,0.565656,550.669234,472477.7169,1.68796,7842910.15625,2.799981,0.008333,1,,0,0,0,0,0.00873,0.008333,0.007857,-0.054572,-0.005197,-0.00042,9712.783894,9712.765156,0.450167,-0.000345,-0.002946,327.902992,139546.046875,804.427246,139546.78125,0,4.778139,-6360.537223,29.155087,307.703747,1,1.000806,0,0,0,73.649908,42.789967,GravityTurn,,,,,,,,,,,,,,,,,,,,,,,,,,,None,Continue,0,None,7807124.49359,,0,0,1,1,9309.121368,9309.121368,2.435215,11293162.109375,0.25257,362.3902,1.403,0.07627,6.052765,6.744288,0.013584,2.796559,,,,,,1,1,0,1,1,0.629763,0,0,0
36.839999,ASCENT,7,0,1,None,Holding,0,3198.306152,488.833035,192.494357,181.657428,15790.899895,0.571569,567.137687,471776.087262,1.690114,7830815.917969,2.860704,0.008317,1,,0,0,0,0,0.007248,0.008317,0.007769,-0.062815,0.00128,0.000279,9713.135296,9713.114886,0.445122,0.001378,-0.000375,327.808605,139418.140625,803.248047,139418.875,0,4.854854,-6360.49582,29.17332,307.904407,1,1.000806,0,0,0,73.535699,42.790031,GravityTurn,,,,,,,,,,,,,,,,,,,,,,,,,,,None,Continue,0,None,7809837.783903,,0,0,1,1,9316.874237,9316.874237,2.440631,11297393.554688,0.257838,364.798533,1.407074,0.077079,5.740718,6.65146,0.004588,2.855506,,,,,,1,1,0,1,1,0.629871,0,0,0
37.099999,ASCENT,7,0,1,None,Holding,0,3245.742588,490.264451,194.403954,183.262006,16025.950744,0.577512,583.914175,471074.610211,1.692236,7822447.753906,2.919714,0.008269,1,,0,0,0,0,0.005028,0.008269,0.007705,-0.064547,0.00126,-0.000055,9716.369137,9716.34829,0.441449,0.000661,0.000466,327.802711,139289.609375,802.067932,139290.34375,0,4.932326,-6360.45394,29.191921,308.105607,1,1.000806,0,0,0,73.42176,42.790096,GravityTurn,,,,,,,,,,,,,,,,,,,,,,,,,,,None,Continue,0,None,7811411.065001,,0,0,1,1,9321.256958,9321.256958,2.443688,11299782.226563,0.26334,367.20424,1.412457,0.078095,5.464193,6.562886,0.00308,2.915735,,,,,,1,1,0,1,1,0.629974,0,0,0
37.359999,ASCENT,7,0,1,None,Holding,0,3293.597887,491.709847,196.326367,184.874658,16262.656528,0.5835,601.001481,470372.827984,1.695999,7826242.675781,2.97964,0.008297,1,,0,0,0,0,0.005098,0.008297,0.007717,-0.066147,0.001097,-0.00073,9725.657194,9725.632579,0.442172,-0.001332,-0.00054,328.018436,139160.671875,800.89032,139161.40625,0,5.010634,-6360.411559,29.210912,308.307532,1,1.000806,0,0,0,73.307843,42.790162,GravityTurn,,,,,,,,,,,,,,,,,,,,,,,,,,,None,Continue,0,None,7813257.445755,,0,0,1,1,9329.086365,9329.086365,2.449139,11304045.898438,0.269086,369.607319,1.420221,0.080687,5.207966,6.479554,0.004167,2.97519,,,,,,1,1,0,1,1,0.630087,0,0,0
37.619999,ASCENT,7,0,1,None,Holding,0,3341.873404,493.167116,198.257491,186.49142,16500.456635,0.589525,618.402072,469671.137311,1.698781,7835422.363281,3.037758,0.008295,1,,0,0,0,0,0.004405,0.008295,0.007664,-0.071924,0.002015,-0.000357,9732.031151,9732.00632,0.439122,-0.000468,0.000381,328.112483,139032.765625,799.710205,139033.5,0,5.08971,-6360.368707,29.230271,308.509918,1,1.000806,0,0,0,73.194187,42.790229,GravityTurn,,,,,,,,,,,,,,,,,,,,,,,,,,,None,Continue,0,None,7815292.873357,,0,0,1,1,9333.019165,9333.019165,2.451879,11306185.546875,0.275071,372.007767,1.426491,0.081674,4.951913,6.395624,0.004931,3.033451,,,,,,1,1,0,1,1,0.630197,0,0,0
37.879999,ASCENT,7,0,1,None,Holding,0,3390.569032,494.636389,200.197281,188.112173,16739.40519,0.595588,636.118783,468969.568707,1.701679,7827656.738281,3.09469,0.008283,1,,0,0,0,0,0.003518,0.008283,0.007661,-0.070837,0.002289,0.000147,9736.427086,9736.40134,0.438917,0.00104,0.001228,328.148393,138905.109375,798.53125,138905.859375,0,5.169553,-6360.325372,29.250002,308.712756,1,1.000806,0,0,0,73.080789,42.790297,GravityTurn,,,,,,,,,,,,,,,,,,,,,,,,,,,None,Continue,0,None,7817028.263207,,0,0,1,1,9341.413361,9341.413361,2.457711,11310745.117188,0.281296,374.405583,1.43286,0.083124,4.724265,6.313796,0.001044,3.090446,,,,,,1,1,0,1,1,0.630322,0,0,0
38.139999,ASCENT,7,0,1,None,Holding,0,3439.686761,496.118292,202.147082,189.738223,16979.301191,0.601687,654.153648,468268.030621,1.704303,7849024.414063,3.150639,0.00827,1,,0,0,0,0,0.002757,0.00827,0.00761,-0.074947,0.002248,0.000019,9744.14835,9744.120218,0.436038,0.000731,-0.00002,328.303102,138775.921875,797.352234,138776.65625,0,5.250193,-6360.281543,29.270112,308.916102,1,1.000806,0,0,0,72.967567,42.790367,GravityTurn,,,,,,,,,,,,,,,,,,,,,,,,,,,None,Continue,0,None,7818521.388426,,0,0,1,1,9349.357666,9349.357666,2.463228,11315056.640625,0.287764,376.800762,1.440203,0.084125,4.528602,6.233677,0.000401,3.146146,,,,,,1,1,0,1,1,0.63045,0,0,0
38.379999,ASCENT,7,0,1,None,Holding,0,3489.22841,497.612747,204.10673,191.369406,17220.639721,0.60783,672.508934,467566.462018,1.707528,7833646.484375,3.206791,0.008301,1,,0,0,0,0,0.00323,0.008301,0.007614,-0.077956,0.000382,0.000218,9748.375492,9748.34624,0.436272,0.000831,0.000194,328.329797,138647.96875,796.1745,138648.703125,0,5.331631,-6360.237218,29.2906,309.119999,1,1.000806,0,0,0,72.854526,42.790438,GravityTurn,,,,,,,,,,,,,,,,,,,,,,,,,,,None,Continue,0,None,7820303.6538,,0,0,1,1,9353.343719,9353.343719,2.465999,11317218.75,0.294477,379.193304,1.446965,0.085786,4.329139,6.156061,0.006439,3.202499,,,,,,1,1,0,1,1,0.630592,0,0,0
38.659999,ASCENT,7,0,1,None,Holding,0,3539.194224,499.119784,206.076544,193.006026,17462.593989,0.614005,691.187561,466864.923932,1.71015,7847159.179688,3.260872,0.008295,1,,0,0,0,0,0.002806,0.008295,0.007507,-0.089278,-0.006423,0.001181,9758.515468,9758.485539,0.430119,0.003784,-0.002489,328.560212,138518.84375,794.993286,138519.59375,0,5.413875,-6360.192398,29.311475,309.324235,1,1.000806,0,0,0,72.741646,42.79051,GravityTurn,,,,,,,,,,,,,,,,,,,,,,,,,,,None,Continue,0,None,7821730.755101,,0,0,1,1,9361.3479,9361.3479,2.471553,11321556.640625,0.301435,381.583207,1.455584,0.085544,4.190542,6.082001,-0.006619,3.255439,,,,,,1,1,0,1,1,0.630734,0,0,0
38.919999,ASCENT,7,0,1,None,Holding,0,3589.586582,500.640107,208.056828,194.64836,17706.113206,0.62023,710.192091,466163.233258,1.713823,7841080.078125,3.314184,0.0083,1,,0,0,0,0,0.002622,0.0083,0.00755,-0.084744,-0.002054,0.000139,9765.257624,9765.224984,0.432603,0.001272,-0.001967,328.677211,138389.125,793.814453,138389.859375,0,5.496937,-6360.14705,29.332721,309.528885,1,1.000806,0,0,0,72.628904,42.790584,GravityTurn,,,,,,,,,,,,,,,,,,,,,,,,,,,None,Continue,0,None,7823551.941288,,0,0,1,1,9365.868073,9365.868073,2.474685,11324004.882813,0.308641,383.97047,1.46406,0.087836,4.046806,6.008808,0.004605,3.309837,,,,,,1,1,0,1,1,0.630882,0,0,0
39.159999,ASCENT,7,0,1,None,Holding,0,3640.406417,502.170077,210.042798,196.291888,17950.191952,0.626486,729.524393,465461.96983,1.715816,7828861.816406,3.366303,0.00829,1,,0,0,0,0,0.002112,0.00829,0.007511,-0.088022,-0.003732,0.000137,9764.487783,9764.453532,0.430364,0.001017,-0.002872,328.539865,138261.75,792.635864,138262.5,0,5.580729,-6360.101266,29.354337,309.733914,1,1.000806,0,0,0,72.516569,42.790658,GravityTurn,,,,,,,,,,,,,,,,,,,,,,,,,,,None,Continue,0,None,7825190.326224,,0,0,1,1,9373.934082,9373.934082,2.480281,11328370.117188,0.316086,386.355091,1.46984,0.088653,3.88413,5.932904,0.002698,3.362049,,,,,,1,1,0,1,1,0.631042,0,0,0
39.439999,ASCENT,7,0,1,None,Holding,0,3691.654024,503.715259,212.042773,197.944507,18195.176495,0.632782,749.187028,464760.309674,1.719109,7851411.132813,3.417216,0.008286,1,,0,0,0,0,0.001733,0.008286,0.007612,-0.076032,0.00368,-0.000108,9777.37738,9777.341444,0.436107,0.001013,0.002286,328.860471,138132.0625,791.456787,138132.796875,0,5.665412,-6360.054916,29.376347,309.939264,1,1.000806,0,0,0,72.404167,42.790734,GravityTurn,,,,,,,,,,,,,,,,,,,,,,,,,,,None,Continue,0,None,7826407.371347,,0,0,1,1,9382.03363,9382.03363,2.485899,11332750.976563,0.323785,388.737071,1.48139,0.09094,3.751256,5.864995,0.004946,3.412649,,,,,,1,1,0,1,1,0.6312,0,0,0
39.699999,ASCENT,7,0,1,None,Holding,0,3743.331829,505.2721,214.050956,199.600562,18441.24368,0.639122,769.183058,464058.832623,1.722303,7846574.21875,3.467294,0.008281,1,,0,0,0,0,0.001352,0.008281,0.007591,-0.07767,-0.000761,-0.000503,9783.662917,9783.625308,0.434956,-0.000492,-0.000472,328.956161,138001.90625,790.278015,138002.640625,0,5.750879,-6360.008064,29.398736,310.145026,1,1.000806,0,0,0,72.292021,42.790812,GravityTurn,,,,,,,,,,,,,,,,,,,,,,,,,,,None,Continue,0,None,7828017.427712,,0,0,1,1,9386.606384,9386.606384,2.48907,11335221.679688,0.331729,391.116407,1.490713,0.091851,3.622229,5.796419,0.004943,3.463535,,,,,,1,1,0,1,1,0.631364,0,0,0
39.959999,ASCENT,7,0,1,None,Holding,0,3795.441248,506.841761,216.069689,201.262344,18688.313048,0.645505,789.514168,463357.202984,1.725216,7877361.816406,3.516686,0.008289,1,,0,0,0,0,0.001402,0.008289,0.007557,-0.082261,0.001925,-0.000085,9790.570352,9790.530749,0.43298,0.000297,0.000184,329.079627,137873.609375,789.099304,137874.359375,0,5.83718,-6359.960695,29.421519,310.351222,1,1.000806,0,0,0,72.179997,42.79089,GravityTurn,,,,,,,,,,,,,,,,,,,,,,,,,,,None,Continue,0,None,7829768.567799,,0,0,1,1,9395.274323,9395.274323,2.495081,11339902.34375,0.339919,393.4931,1.500939,0.092663,3.487162,5.726881,0.005976,3.513087,,,,,,1,1,0,1,1,0.631537,0,0,0
40.219999,ASCENT,7,0,1,None,Holding,0,3847.983597,508.423048,218.09645,202.927318,18935.704576,0.65192,810.18314,462655.756451,1.727385,7867009.277344,3.565036,0.008288,1,,0,0,0,0,0.001153,0.008288,0.007528,-0.085192,-0.00102,-0.000143,9796.55832,9796.51993,0.431349,0.000279,-0.000221,329.152556,137743.875,787.917419,137744.625,0,5.924265,-6359.912814,29.444683,310.557709,1,1.000806,0,0,0,72.068232,42.79097,GravityTurn,,,,,,,,,,,,,,,,,,,,,,,,,,,None,Continue,0,None,7831145.637469,,0,0,1,1,9399.878937,9399.878937,2.498275,11342387.695313,0.348352,395.867149,1.511207,0.093101,3.365169,5.661837,0.008113,3.561747,,,,,,1,1,0,1,1,0.63171,0,0,0
40.479999,ASCENT,7,0,1,None,Holding,0,3900.959955,510.021187,220.140111,204.604221,19184.913756,0.658395,831.192832,461953.546979,1.732467,7856614.257813,3.61242,0.008311,1,,0,0,0,0,0.001547,0.008311,0.00761,-0.078408,-0.008829,-0.001035,9812.636476,9812.59465,0.436019,-0.002253,-0.004355,329.586174,137615.125,786.740967,137615.859375,0,6.012322,-6359.864328,29.468252,310.764677,1,1.000806,0,0,0,71.956235,42.791052,GravityTurn,,,,,,,,,,,,,,,,,,,,,,,,,,,None,Continue,0,None,7833220.901861,,0,0,1,1,9408.598114,9408.598114,2.504333,11347095.703125,0.357046,398.238554,1.527139,0.095146,3.253449,5.604343,0.012825,3.608598,,,,,,1,1,0,1,1,0.631892,0,0,0
40.739999,ASCENT,7,0,1,None,Holding,0,3954.373001,511.631747,222.193598,206.286034,19434.95167,0.664912,852.545425,461251.368023,1.735849,7880145.507813,3.65911,0.00834,1,,0,0,0,0,0.002227,0.00834,0.007505,-0.093243,-0.000194,-0.000439,9824.136228,9824.090343,0.430002,-0.000288,-0.001072,329.862205,137484.25,785.560791,137485,0,6.10121,-6359.815317,29.492221,310.972052,1,1.000806,0,0,0,71.844397,42.791134,GravityTurn,,,,,,,,,,,,,,,,,,,,,,,,,,,None,Continue,0,None,7836377.49606,,0,0,1,1,9412.713013,9412.713013,2.507191,11349315.429688,0.365982,400.607318,1.540384,0.095178,3.146296,5.542545,0.005592,3.655214,,,,,,1,1,0,1,1,0.632066,0,0,0
40.999999,ASCENT,7,0,1,None,Holding,0,4008.223556,513.253736,224.255039,207.971109,19685.634599,0.671471,874.244303,460549.341656,1.738707,7871426.269531,3.70319,0.008309,1,,0,0,0,0,0.001138,0.008309,0.007559,-0.083651,-0.001734,-0.000435,9829.26979,9829.224902,0.433092,-0.000587,-0.001741,329.910735,137355.640625,784.381592,137356.375,0,6.190898,-6359.765796,29.516562,311.179559,1,1.000806,0,0,0,71.732813,42.791218,GravityTurn,,,,,,,,,,,,,,,,,,,,,,,,,,,None,Continue,0,None,7839275.910548,,0,0,1,1,9420.967682,9420.967682,2.512934,11353765.625,0.375157,402.97344,1.553026,0.096412,3.049279,5.480792,0.004707,3.700321,,,,,,1,1,0,1,1,0.632215,0,0,0
41.239999,ASCENT,7,0,1,None,Holding,0,4062.512666,514.888492,226.325919,209.66052,19936.919742,0.678071,896.290548,459847.315289,1.741407,7887647.949219,3.747404,0.008305,1,,0,0,0,0,0.001085,0.008305,0.007448,-0.095502,-0.008383,0.000663,9834.185849,9834.139066,0.426717,0.002651,-0.003103,329.956072,137225.25,783.200562,137225.984375,0,6.281412,-6359.715712,29.541297,311.387455,1,1.000806,0,0,0,71.621401,42.791304,GravityTurn,,,,,,,,,,,,,,,,,,,,,,,,,,,None,Continue,0,None,7841863.565663,,0,0,1,1,9425.104462,9425.104462,2.515811,11355997.070313,0.384569,405.336918,1.5665,0.09583,2.965666,5.418343,0.001025,3.743247,,,,,,1,1,0,1,1,0.632383,0,0,0
41.499999,ASCENT,7,0,1,None,Holding,0,4117.240977,516.53406,228.40407,211.352648,20188.328022,0.684705,918.687185,459145.655133,1.74332,7878603.027344,3.791105,0.008316,0.996233,,0,0,0,0,0.001088,0.008316,0.007479,-0.093128,0.005932,0.000709,9837.119149,9837.069219,0.428489,0.002787,0.002161,329.938253,137096.40625,782.020691,137097.140625,0,6.37272,-6359.66513,29.566392,311.59528,1,1.000806,0,0,0,71.510273,42.79139,GravityTurn,,,,,,,,,,,,,,,,,,,,,,,,,,,None,Continue,0,None,7843581.266041,,0,0,1,1,9433.397339,9433.397339,2.521591,11360467.773438,0.39422,407.697754,1.580357,0.09731,2.873428,5.358195,0.009693,3.787924,,,,,,1,1,0,1,1,0.632556,0,0,0
41.779999,ASCENT,7,0,1,None,Holding,0,4172.408157,518.182165,230.475617,213.034011,20438.43474,0.691351,941.435968,458446.375348,1.74188,7850547.851563,3.834159,0.008294,0.991231,,0,0,0,0,0.000388,0.008294,0.007522,-0.085937,-0.007213,-0.00125,9816.174999,9816.125202,0.431001,-0.00342,-0.003317,329.114121,136965.640625,780.846191,136966.390625,0,6.464529,-6359.614191,29.591783,311.802486,1,1.000806,0,0,0,71.400158,42.791478,GravityTurn,,,,,,,,,,,,,,,,,,,,,,,,,,,None,Continue,0,None,7842967.928069,,0,0,1,1,9442.246765,9442.246765,2.527737,11365233.398438,0.404076,410.055946,1.586158,0.098415,2.789498,5.286982,0.011069,3.831399,,,,,,1,1,0,1,1,0.632737,0,0,0
42.039999,ASCENT,7,0,1,None,Holding,0,4228.011455,519.835039,232.544245,214.708199,20686.604631,0.697999,964.537986,457749.170758,1.739002,7798690.917969,3.877502,0.00828,0.986268,,0,0,0,0,0.000179,0.00828,0.007399,-0.098241,0.006653,-0.000208,9793.550467,9793.499195,0.423917,-0.00005,0.003495,328.240952,136836.84375,779.673584,136837.59375,0,6.556909,-6359.562848,29.617474,312.009304,1,1.000806,0,0,0,71.290845,42.791568,GravityTurn,,,,,,,,,,,,,,,,,,,,,,,,,,,None,Continue,0,None,7838160.93117,,0,0,1,1,9446.426636,9446.426636,2.530637,11367478.515625,0.414147,412.41149,1.594033,0.09782,2.730432,5.21875,0.000321,3.873694,,,,,,1,1,0,1,1,0.632928,0,0,0
42.279999,ASCENT,7,0,1,None,Holding,0,4284.048425,521.489136,234.604364,216.369626,20932.021185,0.704636,987.994419,457054.529645,1.735421,7784517.578125,3.919802,0.008202,0.98136,,0,0,0,0,0.002173,0.008202,0.007326,-0.097892,0.001498,-0.000784,9764.899708,9764.850408,0.419723,-0.001479,0.001158,327.144701,136707.34375,778.506287,136708.078125,0,6.64973,-6359.51116,29.643455,312.215654,1,1.000806,0,0,0,71.182613,42.791658,GravityTurn,,,,,,,,,,,,,,,,,,,,,,,,,,,None,Continue,0,None,7824603.740924,,0,0,1,1,9455.341248,9455.341248,2.536795,11372260.742188,0.424417,414.764379,1.600333,0.09728,2.651811,5.146447,0.005462,3.916054,,,,,,1,1,0,1,1,0.633123,0,0,0
42.559999,ASCENT,7,0,1,None,Holding,0,4340.515934,523.14428,236.656371,218.019093,21174.724316,0.711264,1011.805438,456362.42149,1.731522,7757278.808594,3.962758,0.008132,0.976506,,0,0,0,0,0.003769,0.008132,0.007276,-0.095827,0.003169,0.000214,9733.691807,9733.641642,0.416882,0.001445,0.001318,325.976673,136577.328125,777.343018,136578.078125,0,6.743001,-6359.459147,29.669695,312.421056,1,1.000806,0,0,0,71.075423,42.791751,GravityTurn,,,,,,,,,,,,,,,,,,,,,,,,,,,None,Continue,0,None,7792158.359816,,0,0,1,1,9460.082031,9460.082031,2.540057,11374796.875,0.434894,417.11461,1.607411,0.097213,2.59265,5.075925,0.009071,3.959201,,,,,,1,1,0,1,1,0.633315,0,0,0
42.819999,ASCENT,7,0,1,None,Holding,0,4397.411607,524.804915,238.707473,219.663233,21415.175172,0.717892,1035.972351,455671.991803,1.728927,7738264.160156,4.0072,0.008114,0.971696,,0,0,0,0,0.00375,0.008114,0.007121,-0.11133,-0.010269,0.000316,9714.316778,9714.263221,0.407979,0.001509,-0.004792,325.215253,136450.046875,776.1828,136450.796875,0,6.836862,-6359.406714,29.696252,312.626231,1,1.000806,0,0,0,70.968883,42.791844,GravityTurn,,,,,,,,,,,,,,,,,,,,,,,,,,,None,Continue,0,None,7758106.744572,,0,0,1,1,9469.063171,9469.063171,2.546221,11379593.75,0.445598,419.462179,1.620505,0.096329,2.525118,5.013718,-0.000812,4.003665,,,,,,1,1,0,1,1,0.633515,0,0,0
43.079999,ASCENT,7,0,1,None,Holding,0,4454.733692,526.468629,240.754198,221.299067,21653.396872,0.724522,1060.49731,454983.728863,1.726704,7720674.316406,4.049661,0.008026,0.966932,,0,0,0,0,0.005664,0.008026,0.007114,-0.102377,0.00097,-0.000555,9694.178653,9694.121743,0.407595,-0.001099,0.001746,324.434841,136322.171875,775.026001,136322.90625,0,6.931242,-6359.353916,29.723077,312.830726,1,1.000806,0,0,0,70.863162,42.791939,GravityTurn,,,,,,,,,,,,,,,,,,,,,,,,,,,None,Continue,0,None,7734004.585857,,0,0,1,1,9473.301117,9473.301117,2.549129,11381855.46875,0.456526,421.807083,1.633865,0.097314,2.460803,5,0.005203,4.04755,,,,,,1,1,0,1,1,0.633716,0,0,0
43.319999,ASCENT,7,0,1,None,Holding,0,4512.479931,528.134697,242.795561,222.925508,21889.454123,0.731157,1085.380451,454297.724225,1.724188,7696626.953125,4.094457,0.008013,0.962211,,0,0,0,0,0.005358,0.008013,0.007024,-0.111211,-0.003283,-0.000371,9668.815414,9668.757771,0.402438,-0.0007,0.000233,323.469764,136193.5,773.873474,136194.25,0,7.026109,-6359.300764,29.750176,313.034683,1,1.000806,0,0,0,70.758296,42.792035,GravityTurn,,,,,,,,,,,,,,,,,,,,,,,,,,,None,Continue,0,None,7713011.962404,,0,0,1,1,9482.330475,9482.330475,2.555307,11386665.039063,0.467675,424.149322,1.646787,0.097113,2.402203,5,0.002502,4.090554,,,,,,1,1,0,1,1,0.633919,0,0,0
43.599999,ASCENT,7,0,1,None,Holding,0,4570.647318,529.803389,244.831951,224.542964,22122.619544,0.737784,1110.623393,453613.825299,1.72097,7684302.246094,4.137786,0.007943,0.957548,,0,0,0,0,0.006472,0.007943,0.007049,-0.100656,-0.001121,-0.00033,9646.233518,9646.173068,0.403869,-0.00023,-0.000045,322.599815,136065.796875,772.723999,136066.53125,0,7.121466,-6359.247245,29.777537,313.237787,1,1.000806,0,0,0,70.654252,42.792133,GravityTurn,,,,,,,,,,,,,,,,,,,,,,,,,,,None,Continue,0,None,7689517.671365,,0,0,1,1,9486.59082,9486.59082,2.558216,11388932.617188,0.47905,426.488892,1.661971,0.098138,2.352905,5,0.005292,4.134772,,,,,,1,1,0,1,1,0.634116,0,0,0
43.859999,ASCENT,7,0,1,None,Holding,0,4629.234635,531.474477,246.863518,226.151649,22353.284412,0.744412,1136.227364,452932.032086,1.718344,7654168.457031,4.182604,0.007922,0.952934,,0,0,0,0,0.006167,0.007922,0.007015,-0.102267,0.006226,-0.000466,9623.447199,9623.384851,0.401936,-0.000723,0.003824,321.725025,135937.765625,771.577637,135938.5,0,7.21731,-6359.19337,29.805162,313.440306,1,1.000806,0,0,0,70.551009,42.792232,GravityTurn,,,,,,,,,,,,,,,,,,,,,,,,,,,None,Continue,0,None,7664995.50428,,0,0,1,1,9495.6633,9495.6633,2.564402,11393752.929688,0.490654,428.82579,1.678912,0.09867,2.295289,5,0.009435,4.178669,,,,,,1,1,0,1,1,0.634319,0,0,0
44.119999,ASCENT,7,0,1,None,Holding,0,4688.239203,533.148209,248.890968,227.752113,22581.542489,0.751043,1162.19323,452252.283551,1.715773,7629700.195313,4.225726,0.007838,0.948369,,0,0,0,0,0.00763,0.007838,0.006821,-0.114817,0.001247,-0.001205,9600.328539,9600.265242,0.390795,-0.002356,0.000732,320.837892,135810,770.433594,135810.734375,0,7.313649,-6359.139135,29.833067,313.642298,1,1.000806,0,0,0,70.448519,42.792333,GravityTurn,,,,,,,,,,,,,,,,,,,,,,,,,,,None,Continue,0,None,7642136.078547,,0,0,1,1,9504.224396,9504.224396,2.570231,11398295.898438,0.502493,431.160016,1.696977,0.097773,2.256133,5,0.000181,4.22222,,,,,,1,1,0,1,1,0.634569,0,0,0
44.379999,ASCENT,7,0,1,None,Holding,0,4747.658001,534.822202,250.910273,229.340693,22806.587665,0.757665,1188.521702,451574.915387,1.711963,7626029.296875,4.270097,0.007788,0.943868,,0,0,0,0,0.008027,0.007788,0.006774,-0.114755,-0.002163,-0.001311,9572.675185,9572.610173,0.388117,-0.0028,-0.000619,319.803708,135683.9375,769.295166,135684.671875,0,7.410388,-6359.084577,29.861194,313.843362,1,1.000806,0,0,0,70.346972,42.792435,GravityTurn,,,,,,,,,,,,,,,,,,,,,,,,,,,None,Continue,0,None,7616979.409709,,0,0,1,1,9508.515106,9508.515106,2.573146,11400568.359375,0.514557,433.491565,1.714779,0.098376,2.203097,5,0.004893,4.267422,,,,,,1,1,0,1,1,0.634801,0,0,0
44.639999,ASCENT,7,0,1,None,Holding,0,4807.488773,536.499211,252.926257,230.921811,23028.863884,0.764287,1215.214245,450899.378277,1.709271,7609257.8125,4.314271,0.007725,0.939423,,0,0,0,0,0.008692,0.007725,0.006708,-0.115169,0.000259,-0.000148,9551.012615,9550.946644,0.384348,0.000545,-0.001204,318.956009,135557.78125,768.161133,135558.515625,0,7.507626,-6359.029644,29.889597,314.043895,1,1.000806,0,0,0,70.246113,42.792538,GravityTurn,,,,,,,,,,,,,,,,,,,,,,,,,,,None,Continue,0,None,7591031.643124,,0,0,1,1,9517.100616,9517.100616,2.578981,11405116.210938,0.526859,435.820436,1.736736,0.098312,2.149457,5,0.006888,4.311286,,,,,,1,1,0,1,1,0.63502,0,0,0
44.899999,ASCENT,7,0,1,None,Holding,0,4867.72942,538.176486,254.934992,232.492294,23247.969125,0.770902,1242.270827,450226.160504,1.705884,7568025.878906,4.359008,0.007685,0.935041,,0,0,0,0,0.008669,0.007685,0.00669,-0.112867,0.002684,-0.00068,9526.526083,9526.453338,0.383329,-0.001932,0.000851,318.056312,135432.015625,767.028687,135432.75,0,7.605279,-6358.974407,29.918198,314.24337,1,1.000806,0,0,0,70.146126,42.792643,GravityTurn,,,,,,,,,,,,,,,,,,,,,,,,,,,None,Continue,0,None,7565424.033562,,0,0,1,1,9521.934845,9521.934845,2.582264,11407675.78125,0.539397,438.146626,1.758984,0.099679,2.102802,5,0.006318,4.356207,,,,,,1,1,0,1,1,0.635234,0,0,0
45.159999,ASCENT,7,0,1,None,Holding,0,4928.376971,539.856044,256.939212,234.054297,23464.165923,0.777516,1269.693131,449554.926373,1.703313,7550761.71875,4.404321,0.007664,0.930717,,0,0,0,0,0.00816,0.007664,0.006667,-0.113281,-0.000554,0.000539,9504.625972,9504.553107,0.382001,0.001769,0.000621,317.205214,135304.5,765.901367,135305.234375,0,7.703393,-6358.9188,29.947039,314.442098,1,1.000806,0,0,0,70.046863,42.792749,GravityTurn,,,,,,,,,,,,,,,,,,,,,,,,,,,None,Continue,0,None,7540184.283843,,0,0,1,1,9531.075745,9531.075745,2.588471,11412512.695313,0.552182,440.470137,1.784168,0.100481,2.060978,5,0.014025,4.400432,,,,,,1,1,0,1,1,0.635441,0,0,0
45.399999,ASCENT,7,0,1,None,Holding,0,4989.430035,541.538019,258.940288,235.609324,23677.780857,0.784136,1297.482028,448885.462262,1.701191,7536774.902344,4.448273,0.007602,0.926444,,0,0,0,0,0.008828,0.007602,0.006557,-0.118825,-0.001924,-0.000227,9484.384532,9484.310258,0.375684,-0.000091,-0.000024,316.415211,135179.6875,764.774536,135180.4375,0,7.801998,-6358.862848,29.976135,314.640294,1,1.000806,0,0,0,69.948246,42.792857,GravityTurn,,,,,,,,,,,,,,,,,,,,,,,,,,,None,Continue,0,None,7517934.61275,,0,0,1,1,9535.379364,9535.379364,2.591393,11414788.085938,0.565217,442.790966,1.811533,0.100507,2.014674,5,0.007143,4.44568,,,,,,1,1,0,1,1,0.635644,0,0,0
45.679999,ASCENT,7,0,1,None,Holding,0,5050.886175,543.224495,260.9406,237.159466,23888.824485,0.790763,1325.637924,448217.707135,1.699467,7520579.101563,4.493509,0.007594,0.922224,,0,0,0,0,0.007965,0.007594,0.006517,-0.122511,0.003368,-0.000771,9469.777198,9469.699723,0.373424,-0.001796,0.002121,315.823135,135054.125,763.652893,135054.859375,0,7.901138,-6358.80648,30.005488,314.837722,1,1.000806,0,0,0,69.850148,42.792966,GravityTurn,,,,,,,,,,,,,,,,,,,,,,,,,,,None,Continue,0,None,7497982.479225,,0,0,1,1,9544.533081,9544.533081,2.597611,11419625,0.578514,445.109113,1.842595,0.101235,1.975232,5,0.006328,4.489904,,,,,,1,1,0,1,1,0.635837,0,0,0
45.939999,ASCENT,7,0,1,None,Holding,0,5112.744744,544.911831,262.93582,238.70096,24097.165604,0.797395,1354.162901,447551.905133,1.697288,7511463.867188,4.538253,0.007575,0.918057,,0,0,0,0,0.007524,0.007575,0.006505,-0.121895,0.000918,0.000502,9449.617219,9449.534427,0.372718,0.002718,-0.000214,315.044773,134928.8125,762.533752,134929.546875,0,8.000719,-6358.749802,30.035067,315.034448,1,1.000806,0,0,0,69.752775,42.793076,GravityTurn,,,,,,,,,,,,,,,,,,,,,,,,,,,None,Continue,0,None,7479043.076024,,0,0,1,1,9549.384338,9549.384338,2.600901,11422187.5,0.592061,447.42458,1.872845,0.102278,1.933733,5,0.007914,4.534949,,,,,,1,1,0,1,1,0.636035,0,0,0
46.199999,ASCENT,7,0,1,None,Holding,0,5175.003438,546.603912,264.930949,240.238216,24303.1173,0.804039,1383.057448,446887.537457,1.69575,7488295.410156,4.582072,0.007532,0.913938,,0,0,0,0,0.007747,0.007532,0.006347,-0.135155,0.00581,-0.000025,9433.870092,9433.7842,0.363668,0.000446,0.001858,314.407449,134803.171875,761.417603,134803.90625,0,8.100844,-6358.692702,30.064903,315.230603,1,1.000806,0,0,0,69.655871,42.793188,GravityTurn,,,,,,,,,,,,,,,,,,,,,,,,,,,None,Continue,0,None,7460065.506023,,0,0,1,1,9558.5448,9558.5448,2.607131,11427024.414063,0.605873,449.737365,1.907414,0.101796,1.918989,5,-0.005102,4.57872,,,,,,1,1,0,1,1,0.63623,0,0,0
46.459999,ASCENT,7,0,1,None,Holding,0,5237.660966,548.298936,266.923602,241.769246,24506.243501,0.810687,1412.322665,446224.939801,1.693833,7470798.339844,4.627321,0.007551,0.909875,,0,0,0,0,0.006264,0.007551,0.00638,-0.133599,0.004168,-0.000653,9418.449968,9418.364555,0.365551,-0.000993,0.001663,313.790252,134677.859375,760.304504,134678.59375,0,8.20146,-6358.635227,30.094958,315.425953,1,1.000806,0,0,0,69.559546,42.793301,GravityTurn,,,,,,,,,,,,,,,,,,,,,,,,,,,None,Continue,0,None,7442127.963258,,0,0,1,1,9567.1698,9567.1698,2.613004,11431575.195313,0.619944,452.047468,1.942853,0.10324,1.874198,5,0.004843,4.623706,,,,,,1,1,0,1,1,0.63642,0,0,0
46.719999,ASCENT,7,0,1,None,Holding,0,5300.715534,549.995252,268.911968,243.292397,24706.49966,0.817342,1441.959346,445564.173199,1.691757,7459550.292969,4.671098,0.007528,0.90587,,0,0,0,0,0.006106,0.007528,0.00644,-0.12433,0.005248,0.001202,9399.77613,9399.685477,0.368989,0.004222,0.0032,313.064969,134553.96875,759.194275,134554.71875,0,8.30252,-6358.577423,30.125229,315.620502,1,1.000806,0,0,0,69.463879,42.793416,GravityTurn,,,,,,,,,,,,,,,,,,,,,,,,,,,None,Continue,0,None,7422889.872848,,0,0,1,1,9571.478058,9571.478058,2.615936,11433849.609375,0.634276,454.354892,1.979098,0.104991,1.844414,5,0.006504,4.66841,,,,,,1,1,0,1,1,0.63661,0,0,0
46.979999,ASCENT,7,0,1,None,Holding,0,5364.16499,551.694667,270.89808,244.809326,24903.983242,0.824004,1471.969531,444905.085064,1.689727,7439162.109375,4.714713,0.007506,0.90192,,0,0,0,0,0.006019,0.007506,0.006326,-0.134853,0.004624,-0.000535,9382.155304,9382.065299,0.362467,-0.001334,0.003274,312.354291,134428.703125,758.083435,134429.4375,0,8.404061,-6358.519227,30.155727,315.81433,1,1.000806,0,0,0,69.368764,42.793532,GravityTurn,,,,,,,,,,,,,,,,,,,,,,,,,,,None,Continue,0,None,7402769.198798,,0,0,1,1,9579.555023,9579.555023,2.621451,11438112.304688,0.64887,456.659637,2.018047,0.104915,1.811531,5,0.003516,4.712046,,,,,,1,1,0,1,1,0.636805,0,0,0
47.219999,ASCENT,7,0,1,None,Holding,0,5428.007992,553.394754,272.878949,246.31729,25098.371439,0.83067,1502.352997,444248.01109,1.686853,7408546.875,4.758782,0.007495,0.898033,,0,0,0,0,0.005531,0.007495,0.006293,-0.137632,0.003022,0.000162,9359.556445,9359.465631,0.360591,0.001225,0.002649,311.488558,134303.34375,756.980469,134304.078125,0,8.506009,-6358.460701,30.186437,316.007453,1,1.000806,0,0,0,69.274334,42.79365,GravityTurn,,,,,,,,,,,,,,,,,,,,,,,,,,,None,Continue,0,None,7382431.105573,,0,0,1,1,9587.62912,9587.62912,2.626965,11442372.070313,0.663715,458.961701,2.056684,0.10548,1.780995,5,0.011997,4.756373,,,,,,1,1,0,1,1,0.636996,0,0,0
47.499999,ASCENT,7,0,1,None,Holding,0,5492.241866,555.096915,274.856295,247.818007,25289.260629,0.837333,1533.11096,443592.6461,1.684311,7394944.335938,4.802501,0.007478,0.894215,,0,0,0,0,0.005294,0.007478,0.006285,-0.136668,0.015273,-0.001494,9341.404166,9341.309361,0.36013,-0.003666,0.007228,310.775813,134180.09375,755.878662,134180.84375,0,8.6084,-6358.401805,30.217343,316.199527,1,1.000806,0,0,0,69.180499,42.793769,GravityTurn,,,,,,,,,,,,,,,,,,,,,,,,,,,None,Continue,0,None,7359919.58516,,0,0,1,1,9592.4729,9592.4729,2.630276,11444927.734375,0.678821,461.261083,2.09868,0.106201,1.747666,5,0.011307,4.800054,,,,,,1,1,0,1,1,0.637186,0,0,0
47.759999,ASCENT,7,0,1,None,Holding,0,5556.865437,556.802069,276.832264,249.31346,25477.447249,0.844007,1564.244323,442938.806988,1.682973,7386836.425781,4.844933,0.007422,0.890451,,0,0,0,0,0.006093,0.007422,0.006252,-0.134217,0.000655,-0.00022,9326.011169,9325.914995,0.358214,-0.000769,0.001878,310.149221,134056.125,754.778931,134056.859375,0,8.711282,-6358.342533,30.248484,316.391068,1,1.000806,0,0,0,69.08715,42.79389,GravityTurn,,,,,,,,,,,,,,,,,,,,,,,,,,,None,Continue,0,None,7338981.461917,,0,0,1,1,9601.065613,9601.065613,2.636167,11449464.84375,0.694195,463.557785,2.144052,0.1064,1.728148,5,0.011041,4.841727,,,,,,1,1,0,1,1,0.637381,0,0,0
48.019999,ASCENT,7,0,1,None,Holding,0,5621.876297,558.507492,278.802887,250.800131,25662.434051,0.850686,1595.753349,442286.921002,1.680428,7355997.070313,4.888461,0.007407,0.886751,,0,0,0,0,0.005793,0.007407,0.006164,-0.142719,0.007614,0.000248,9305.211894,9305.113231,0.353184,0.001166,0.00247,309.359071,133932.078125,753.683777,133932.828125,0,8.814559,-6358.282947,30.279805,316.581673,1,1.000806,0,0,0,68.994467,42.794012,GravityTurn,,,,,,,,,,,,,,,,,,,,,,,,,,,None,Continue,0,None,7319490.240087,,0,0,1,1,9605.357941,9605.357941,2.639114,11451731.445313,0.709823,465.851806,2.18867,0.106561,1.682599,5,0.007679,4.884856,,,,,,1,1,0,1,1,0.63757,0,0,0
48.259999,ASCENT,7,0,1,None,Holding,0,5687.272826,560.214185,280.76957,252.279227,25844.026213,0.857366,1627.639189,441636.713482,1.67772,7342801.269531,4.932092,0.0074,0.883119,,0,0,0,0,0.005158,0.0074,0.006181,-0.140207,-0.000775,-0.000115,9285.329164,9285.228544,0.354124,0.000464,-0.000181,308.583101,133808.4375,752.592041,133809.1875,0,8.918256,-6358.223015,30.311319,316.77152,1,1.000806,0,0,0,68.902375,42.794135,GravityTurn,,,,,,,,,,,,,,,,,,,,,,,,,,,None,Continue,0,None,7298584.610032,,0,0,1,1,9613.931152,9613.931152,2.645007,11456259.765625,0.725716,468.143146,2.23564,0.107501,1.66526,5,0.017467,4.927921,,,,,,1,1,0,1,1,0.637773,0,0,0
48.539999,ASCENT,7,0,1,None,Holding,0,5753.053142,561.923321,282.734293,253.752712,26022.367818,0.864051,1659.90293,440988.062359,1.67581,7328381.347656,4.975149,0.007383,0.879553,,0,0,0,0,0.005065,0.007383,0.006211,-0.134934,0.007955,-0.000193,9269.828746,9269.721008,0.355862,0.000927,0.001982,307.975236,133686.453125,751.500427,133687.1875,0,9.02242,-6358.162717,30.343033,316.96042,1,1.000806,0,0,0,68.810775,42.79426,GravityTurn,,,,,,,,,,,,,,,,,,,,,,,,,,,None,Continue,0,None,7277318.90524,,0,0,1,1,9621.953674,9621.953674,2.650541,11460500,0.741883,470.431807,2.286412,0.108672,1.634899,5,0.012366,4.972509,,,,,,1,1,0,1,1,0.637982,0,0,0
48.799999,ASCENT,7,0,1,None,Holding,0,5819.216439,563.637494,284.701955,255.225694,26198.335109,0.870756,1692.546463,440340.509869,1.675664,7318734.863281,5.015676,0.008117,0.876033,,0,0,0,0,0.015671,0.008117,0.006228,-0.217261,-0.003101,-0.000124,9262.831577,9262.697871,0.356865,0.000733,-0.00126,307.702947,133562.359375,750.413574,133563.109375,0,9.127181,-6358.102034,30.37497,317.148772,1,1.000806,0,0,0,68.719432,42.794387,GravityTurn,,,,,,,,,,,,,,,,,,,,,,,,,,,None,Continue,0,None,7260464.30242,,0,0,1,1,9626.225647,9626.225647,2.6535,11462758.789063,0.758336,472.717793,2.341958,0.11149,1.603485,5,0.013424,5.01281,,,,,,1,1,0,1,1,0.638197,0,0,0
49.059999,ASCENT,7,0,1,None,Holding,0,5885.760273,565.348712,286.665386,256.695264,26371.6339,0.877478,1725.573027,439694.635846,1.674388,7310807.617188,5.044306,0.009281,0.872567,,0,0,0,0,0.044302,0.009281,0.007324,-0.225437,-0.006782,0.000528,9245.382058,9245.141216,0.419633,0.002964,-0.003394,307.262556,133439.546875,749.326599,133440.296875,0,9.23246,-6358.041348,30.406865,317.334972,1,1.000806,0,0,0,68.628676,42.794515,GravityTurn,,,,,,,,,,,,,,,,,,,,,,,,,,,None,Continue,0,None,7246790.667582,,0,0,1,1,9635.817413,9635.817413,2.660151,11467833.007813,0.775012,475.00113,2.395014,0.128548,1.632152,5,0.01203,5.043411,,,,,,1,1,0,1,1,0.638424,0,0,0
49.319999,ASCENT,7,0,1,None,Holding,0,5952.681588,567.063624,288.626737,258.157556,26541.197036,0.884198,1758.987285,439050.318219,1.67192,7288954.589844,5.056535,0.009959,0.869176,,0,0,0,0,0.05654,0.009959,0.008384,-0.1816,-0.003891,-0.001106,9230.683126,9230.4548,0.480349,-0.000204,-0.004299,306.645986,133317.03125,748.243958,133317.78125,0,9.338154,-6357.980171,30.439026,317.520841,1,1.000806,0,0,0,68.538398,42.794644,GravityTurn,,,,,,,,,,,,,,,,,,,,,,,,,,,None,Continue,0,None,7230668.557171,,0,0,1,1,9640.07019,9640.07019,2.663114,11470084.960938,0.791806,477.281832,2.450591,0.14049,1.628321,5,0.017773,5.056396,,,,,,1,1,0,1,1,0.638649,0,0,0
49.559999,ASCENT,7,0,1,None,Holding,0,6019.97929,568.782993,290.584519,259.609293,26707.72818,0.890929,1792.787191,438407.709576,1.670052,7262976.074219,5.060081,0.010364,0.865845,,0,0,0,0,0.060083,0.010364,0.008907,-0.168029,-0.008521,-0.000116,9211.330521,9211.141339,0.510353,0.002957,-0.004387,305.800167,133193.421875,747.164856,133194.15625,0,9.44417,-6357.918366,30.471516,317.706826,1,1.000806,0,0,0,68.448662,42.794775,GravityTurn,,,,,,,,,,,,,,,,,,,,,,,,,,,None,Continue,0,None,7212313.423537,,0,0,1,1,9649.086609,9649.086609,2.669403,11474863.28125,0.808627,479.559874,2.506467,0.144118,1.582747,5,0.015824,5.060223,,,,,,1,1,0,1,1,0.638881,0,0,0
49.839999,ASCENT,7,0,1,None,Holding,0,6087.652571,570.508429,292.541494,261.05363,26870.859013,0.897667,1826.974047,437766.596295,1.668081,7267051.757813,5.058316,0.010579,0.862583,,0,0,0,0,0.058322,0.010579,0.009115,-0.169005,-0.002945,0.000337,9197.526122,9197.365809,0.522273,0.003606,-0.00033,305.149049,133070.796875,746.086975,133071.53125,0,9.550585,-6357.855916,30.504306,317.892503,1,1.000806,0,0,0,68.359335,42.794908,GravityTurn,,,,,,,,,,,,,,,,,,,,,,,,,,,None,Continue,0,None,7191899.036006,,0,0,1,1,9657.543823,9657.543823,2.675336,11479351.5625,0.825439,481.835229,2.566441,0.143231,1.549328,5,0.005309,5.05775,,,,,,1,1,0,1,1,0.639111,0,0,0
50.099999,ASCENT,7,0,1,None,Holding,0,6155.69923,572.238201,294.496663,262.489892,27031.169545,0.904421,1861.548569,437126.947857,1.666736,7257915.039063,5.052195,0.010624,0.859377,,0,0,0,0,0.052194,0.010624,0.009464,-0.13415,0.004226,-0.000364,9180.908708,9180.765926,0.542224,0.002117,0.002721,304.428743,132947.875,745.009888,132948.609375,0,9.657375,-6357.792898,30.53741,318.078202,1,1.000806,0,0,0,68.270457,42.795042,GravityTurn,,,,,,,,,,,,,,,,,,,,,,,,,,,None,Continue,0,None,7173434.970581,,0,0,1,1,9662.288025,9662.288025,2.678669,11481871.09375,0.842217,484.107877,2.627006,0.142698,1.529414,5,0.019188,5.053574,,,,,,1,1,0,1,1,0.639341,0,0,0
50.359999,ASCENT,7,0,1,None,Holding,0,6224.117397,573.971875,296.448505,263.916258,27188.027469,0.911181,1896.511423,436489.008404,1.664266,7225414.550781,5.045607,0.01062,0.856239,,0,0,0,0,0.045652,0.01062,0.009298,-0.152942,0.014556,0.000178,9161.861271,9161.734529,0.532759,0.00307,0.002222,303.643995,132828.21875,743.939331,132828.953125,0,9.764486,-6357.729282,30.57081,318.263729,1,1.000806,0,0,0,68.182091,42.795177,GravityTurn,,,,,,,,,,,,,,,,,,,,,,,,,,,None,Continue,0,None,7154845.371791,,0,0,1,1,9670.171631,9670.171631,2.684239,11486063.476563,0.858929,486.377793,2.688132,0.137758,1.521497,5,0.003586,5.046116,,,,,,1,1,0,1,1,0.639573,0,0,0
50.619999,ASCENT,7,0,1,None,Holding,0,6292.904628,575.707351,298.39528,265.33213,27341.136385,0.917942,1931.863784,435852.808453,1.661238,7208334.472656,5.040023,0.010628,0.853177,,0,0,0,0,0.040055,0.010628,0.00942,-0.139972,-0.002721,-0.000035,9139.779233,9139.657005,0.539727,0.002667,-0.005364,302.788907,132704.5625,742.870422,132705.296875,0,9.871895,-6357.66517,30.60443,318.448671,1,1.000806,0,0,0,68.09431,42.795314,GravityTurn,,,,,,,,,,,,,,,,,,,,,,,,,,,None,Continue,0,None,7134058.034535,,0,0,1,1,9674.365601,9674.365601,2.687208,11488294.921875,0.875584,488.644959,2.749905,0.135817,1.507636,5,0.00867,5.040887,,,,,,1,1,0,1,1,0.639811,0,0,0
50.859999,ASCENT,7,0,1,None,Holding,0,6362.059845,577.450557,300.345048,266.744439,27491.173,0.924718,1967.607552,435217.676617,1.660338,7189495.117188,5.03568,0.010651,0.850177,,0,0,0,0,0.035704,0.010651,0.009347,-0.15108,0.010705,-0.001002,9130.274433,9130.154094,0.535542,0.000591,0.001583,302.352719,132581.859375,741.801575,132582.609375,0,9.979784,-6357.600395,30.638367,318.633643,1,1.000806,0,0,0,68.006745,42.795453,GravityTurn,,,,,,,,,,,,,,,,,,,,,,,,,,,None,Continue,0,None,7114060.016079,,0,0,1,1,9683.23877,9683.23877,2.693523,11493028.320313,0.892205,490.909356,2.818457,0.132786,1.491493,5,0.010905,5.036803,,,,,,1,1,0,1,1,0.640048,0,0,0
51.139999,ASCENT,7,0,1,None,Holding,0,6431.580845,579.19629,302.291302,268.147863,27638.179595,0.931509,2003.745506,434584.223248,1.659116,7177858.886719,5.030144,0.01061,0.847236,,0,0,0,0,0.030157,0.01061,0.00969,-0.106752,0.00744,0.00007,9113.129472,9113.00729,0.555181,0.002625,0.00096,301.679421,132461.484375,740.741882,132462.234375,0,10.088003,-6357.535112,30.672524,318.817866,1,1.000806,0,0,0,67.919684,42.795593,GravityTurn,,,,,,,,,,,,,,,,,,,,,,,,,,,None,Continue,0,None,7097631.228829,,0,0,1,1,9691.552856,9691.552856,2.699471,11497468.75,0.908777,493.17097,2.884877,0.133273,1.53819,5,0.029587,5.031855,,,,,,1,1,0,1,1,0.640282,0,0,0
51.379999,ASCENT,7,0,1,None,Holding,0,6501.465033,580.949927,304.241111,269.548115,27782.206789,0.938316,2040.279927,433951.776959,1.658316,7168022.460938,5.02587,0.010593,0.844356,,0,0,0,0,0.025866,0.010593,0.009225,-0.158583,0.000211,-0.00056,9105.358582,9105.239354,0.52857,0.000797,-0.000979,301.301321,132339.84375,739.675354,132340.578125,0,10.196706,-6357.469155,30.70701,319.002268,1,1.000806,0,0,0,67.832807,42.795734,GravityTurn,,,,,,,,,,,,,,,,,,,,,,,,,,,None,Continue,0,None,7082011.197756,,0,0,1,1,9696.215179,9696.215179,2.702821,11499961.914063,0.925328,495.429783,2.956961,0.127827,1.566393,5,-0.000137,5.025129,,,,,,1,1,0,1,1,0.640522,0,0,0
51.659999,ASCENT,7,0,1,None,Holding,0,6571.712628,582.708887,306.191236,270.942431,27923.600439,0.945146,2077.211949,433320.551373,1.65783,7165761.230469,5.022823,0.010599,0.841528,,0,0,0,0,0.022823,0.010599,0.009353,-0.144595,0.018503,-0.002504,9093.882933,9093.769025,0.535887,-0.005142,0.007969,300.789004,132218.71875,738.613037,132219.46875,0,10.305813,-6357.402596,30.741784,319.186286,1,1.000806,0,0,0,67.746255,42.795877,GravityTurn,,,,,,,,,,,,,,,,,,,,,,,,,,,None,Continue,0,None,7069102.3759,,0,0,1,1,9704.980621,9704.980621,2.709151,11504657.226563,0.941848,497.685781,3.02845,0.127076,1.570335,5,0.0195,5.021659,,,,,,1,1,0,1,1,0.640757,0,0,0
51.919999,ASCENT,7,0,1,None,Holding,0,6642.322848,584.473282,308.142218,272.33181,28061.975622,0.951994,2114.544685,432690.607525,1.656884,7158603.027344,5.018585,0.010548,0.83876,,0,0,0,0,0.018584,0.010548,0.009314,-0.143204,0.010115,0.000844,9082.779099,9082.658616,0.53366,0.003717,0.004363,300.333197,132096.828125,737.555237,132097.5625,0,10.415349,-6357.33545,30.776809,319.369979,1,1.000806,0,0,0,67.660001,42.796022,GravityTurn,,,,,,,,,,,,,,,,,,,,,,,,,,,None,Continue,0,None,7056488.241944,,0,0,1,1,9709.089569,9709.089569,2.712139,11506862.304688,0.958343,499.938947,3.10134,0.125673,1.575197,5,0.000414,5.020269,,,,,,1,1,0,1,1,0.641,0,0,0
52.179999,ASCENT,7,0,1,None,Holding,0,6713.293267,586.247436,310.099293,273.720164,28197.922297,0.958869,2152.279828,432061.457135,1.657549,7163675.292969,5.015882,0.01053,0.836042,,0,0,0,0,0.01591,0.01053,0.009113,-0.164314,-0.011488,0.000321,9079.953622,9079.835432,0.522135,0.002969,-0.004556,300.119585,131973.53125,736.495911,131974.265625,0,10.52542,-6357.267561,30.812177,319.553745,1,1.000806,0,0,0,67.57381,42.796168,GravityTurn,,,,,,,,,,,,,,,,,,,,,,,,,,,None,Continue,0,None,7044878.071504,,0,0,1,1,9717.273987,9717.273987,2.718108,11511259.765625,0.974824,502.189267,3.179112,0.122685,1.684497,5,-0.010348,5.016298,,,,,,1,1,0,1,1,0.64124,0,0,0
52.439999,ASCENT,7,0,1,None,Holding,0,6784.624081,588.027223,312.057268,275.103451,28331.193274,0.965769,2190.419354,431433.466412,1.657458,7149001.953125,5.01207,0.010459,0.833376,,0,0,0,0,0.012079,0.010459,0.009149,-0.151915,0.009844,-0.001057,9071.831226,9071.711343,0.524217,-0.001129,0.005363,299.731319,131854.671875,735.443115,131855.40625,0,10.63591,-6357.199059,30.847785,319.737048,1,1.000806,0,0,0,67.48791,42.796316,GravityTurn,,,,,,,,,,,,,,,,,,,,,,,,,,,None,Continue,0,None,7034847.091436,,0,0,1,1,9721.857666,9721.857666,2.721472,11513727.539063,0.991285,504.436726,3.255335,0.122188,1.674046,5,0.0065,5.011832,,,,,,1,1,0,1,1,0.641483,0,0,0
52.699999,ASCENT,7,0,1,None,Holding,0,6856.313541,589.812952,314.017752,276.483045,28461.603918,0.97269,2228.966737,430806.543805,1.657245,7140811.523438,5.011845,0.010506,0.830768,,0,0,0,0,0.01185,0.010506,0.009096,-0.163537,-0.017983,-0.000115,9064.665648,9064.537868,0.52116,0.001483,-0.008622,299.395156,131733.828125,734.388,131734.578125,0,10.746857,-6357.129958,30.883705,319.92025,1,1.000806,0,0,0,67.402228,42.796466,GravityTurn,,,,,,,,,,,,,,,,,,,,,,,,,,,None,Continue,0,None,7024354.036318,,0,0,1,1,9730.472687,9730.472687,2.727833,11518375,1.007737,506.68131,3.333377,0.12156,1.658108,5,0.002521,5.012444,,,,,,1,1,0,1,1,0.641734,0,0,0
52.959999,ASCENT,7,0,1,None,Holding,0,6928.361633,591.604437,315.979089,277.857411,28589.513649,0.97964,2267.922798,430180.8419,1.657088,7108269.53125,5.009091,0.010455,0.82821,,0,0,0,0,0.009103,0.010455,0.009083,-0.159319,-0.008579,-0.000229,9050.557209,9050.431981,0.520394,-0.00031,-0.006098,298.816701,131612.984375,733.336914,131613.71875,0,10.858213,-6357.060222,30.919849,320.102914,1,1.000806,0,0,0,67.316832,42.796617,GravityTurn,,,,,,,,,,,,,,,,,,,,,,,,,,,None,Continue,0,None,7014278.057623,,0,0,1,1,9734.505127,9734.505127,2.730834,11520554.6875,1.024172,508.923008,3.410028,0.121319,1.625319,5,0.006832,5.0104,,,,,,1,1,0,1,1,0.641988,0,0,0
53.219999,ASCENT,7,0,1,None,Holding,0,7000.766037,593.402307,317.942945,279.227831,28714.107848,0.986605,2307.291871,429556.208111,1.656014,7105995.117188,5.008555,0.010478,0.825718,,0,0,0,0,0.008569,0.010478,0.009086,-0.161497,-0.00158,-0.000597,9040.868097,9040.738988,0.520616,-0.000921,-0.000565,298.396662,131491.96875,732.289795,131492.703125,0,10.970012,-6356.989843,30.956285,320.285384,1,1.000806,0,0,0,67.231647,42.796769,GravityTurn,,,,,,,,,,,,,,,,,,,,,,,,,,,None,Continue,0,None,7002990.56764,,0,0,1,1,9743.036652,9743.036652,2.737207,11525174.804688,1.040602,511.161804,3.488895,0.121456,1.598999,5,0.012916,5.008071,,,,,,1,1,0,1,1,0.642239,0,0,0
53.479999,ASCENT,7,0,1,None,Holding,0,7073.526086,595.206011,319.908229,280.593317,28835.946496,0.993596,2347.074806,428932.73399,1.655658,7088414.550781,5.006855,0.010453,0.823281,,0,0,0,0,0.007096,0.010453,0.009126,-0.154029,-0.018847,-0.003905,9029.152183,9029.02974,0.522889,-0.009367,-0.00661,297.864053,131369.859375,731.239319,131370.609375,0,11.082223,-6356.918821,30.992978,320.467481,1,1.000806,0,0,0,67.146718,42.796924,GravityTurn,,,,,,,,,,,,,,,,,,,,,,,,,,,None,Continue,0,None,6991151.301211,,0,0,1,1,9751.011993,9751.011993,2.743212,11529506.835938,1.05702,513.397687,3.568122,0.121061,1.601648,5,0.011651,5.006102,,,,,,1,1,0,1,1,0.642505,0,0,0
53.739999,ASCENT,7,0,1,None,Holding,0,7146.641231,597.017285,321.877198,281.956106,28955.432956,1.00062,2387.272375,428310.266949,1.655582,7085277.34375,5.006806,0.010484,0.820891,,0,0,0,0,0.006831,0.010484,0.009106,-0.159968,-0.002904,-0.000493,9022.460448,9022.332382,0.521745,0.000341,-0.003455,297.556631,131250.6875,730.191956,131251.421875,0,11.194907,-6356.847108,31.029918,320.64916,1,1.000806,0,0,0,67.061945,42.797079,GravityTurn,,,,,,,,,,,,,,,,,,,,,,,,,,,None,Continue,0,None,6979094.204851,,0,0,1,1,9754.976776,9754.976776,2.746219,11531665.039063,1.073442,515.63064,3.649873,0.121285,1.600384,5,0.003719,5.006876,,,,,,1,1,0,1,1,0.642769,0,0,0
53.979999,ASCENT,7,0,1,None,Holding,0,7220.109298,598.830438,323.843798,283.311016,29072.485521,1.007676,2427.889165,427689.325787,1.654597,7062518.554688,5.007323,0.010538,0.81855,,0,0,0,0,0.007418,0.010538,0.009232,-0.151829,0.000371,-0.000633,9006.177126,9006.04551,0.528935,-0.000899,0.001873,296.925753,131127.765625,729.148438,131128.515625,0,11.307912,-6356.7749,31.067088,320.830428,1,1.000806,0,0,0,66.977585,42.797237,GravityTurn,,,,,,,,,,,,,,,,,,,,,,,,,,,None,Continue,0,None,6966952.371697,,0,0,1,1,9762.868561,9762.868561,2.752232,11535970.703125,1.089849,517.860654,3.728112,0.12283,1.579161,5,0.006118,5.008229,,,,,,1,1,0,1,1,0.642712,0,0,0
54.259999,ASCENT,7,0,1,None,Holding,0,7293.928098,600.648478,325.809198,284.657809,29186.605804,1.014757,2468.927181,427069.666363,1.652551,7055913.574219,5.00368,0.010435,0.816268,,0,0,0,0,0.003902,0.010435,0.009135,-0.151163,-0.005106,-0.00032,8988.446129,8988.322764,0.523425,0.001091,-0.00011,296.196211,131008.039063,728.105103,131008.78125,0,11.421224,-6356.701998,31.104473,321.010969,1,1.000806,0,0,0,66.893585,42.797396,GravityTurn,,,,,,,,,,,,,,,,,,,,,,,,,,,None,Continue,0,None,6952152.8748,,0,0,1,1,9770.214264,9770.214264,2.757876,11539991.210938,1.106227,520.087712,3.806895,0.121756,1.566358,5,0.010313,5.005108,,,,,,1,1,0,1,1,0.642548,0,0,0
54.519999,ASCENT,7,0,1,None,Holding,0,7368.096218,602.471758,327.776683,286.000128,29298.028239,1.021866,2510.386069,426451.166607,1.651865,7038997.558594,5.002889,0.010424,0.814039,,0,0,0,0,0.003091,0.010424,0.009181,-0.144615,0.010321,-0.001202,8977.664204,8977.53504,0.52603,-0.001929,0.00269,295.73493,130888.976563,727.069458,130889.71875,0,11.534945,-6356.628481,31.14217,321.1915,1,1.000806,0,0,0,66.8098,42.797557,GravityTurn,,,,,,,,,,,,,,,,,,,,,,,,,,,None,Continue,0,None,6936133.10775,,0,0,1,1,9774.113007,9774.113007,2.760886,11542126.953125,1.122592,522.311797,3.88866,0.121836,1.591399,5,0.01139,5.003786,,,,,,1,1,0,1,1,0.642426,0,0,0
54.779999,ASCENT,7,0,1,None,Holding,0,7442.612783,604.304804,329.750937,287.342218,29407.853781,1.029024,2552.269653,425833.368756,1.652968,7037905.761719,5.001024,0.010366,0.811843,,0,0,0,0,0.001027,0.010366,0.009179,-0.13804,0.003946,0.00248,8973.465933,8973.335849,0.525908,0.006622,0.001647,295.480866,130769.304688,726.028809,130770.046875,0,11.6492,-6356.55419,31.180145,321.371779,1,1.000806,0,0,0,66.726031,42.797719,GravityTurn,,,,,,,,,,,,,,,,,,,,,,,,,,,None,Continue,0,None,6923341.507618,,0,0,1,1,9781.855774,9781.855774,2.766918,11546388.671875,1.13896,524.532897,3.974208,0.121902,1.676072,5,0.024235,4.999815,,,,,,1,1,0,1,1,0.642336,0,0,0
55.019999,ASCENT,7,0,1,None,Holding,0,7517.478121,606.141643,331.725148,288.678554,29515.363234,1.036219,2594.580229,425216.791607,1.652655,7028551.269531,5.0025,0.01043,0.809693,,0,0,0,0,0.002625,0.01043,0.009039,-0.161757,-0.003577,-0.000309,8962.162396,8962.029066,0.517904,-0.000434,-0.003568,295.010519,130646.914063,724.996155,130647.664063,0,11.763822,-6356.479327,31.218324,321.551537,1,1.000806,0,0,0,66.642563,42.797883,GravityTurn,,,,,,,,,,,,,,,,,,,,,,,,,,,None,Continue,0,None,6913567.769002,,0,0,1,1,9786.182739,9786.182739,2.770313,11548775.390625,1.155325,526.751,4.05595,0.121647,1.653638,5,0.016145,5.003185,,,,,,1,1,0,1,1,0.642279,0,0,0
55.279999,ASCENT,7,0,1,None,Holding,0,7592.690151,607.98498,333.702304,290.011113,29620.230278,1.043446,2637.319019,424601.221539,1.652067,7030626.464844,5.001669,0.010412,0.807595,,0,0,0,0,0.00168,0.010412,0.008981,-0.166444,0.000713,0.00099,8955.051459,8954.918419,0.514565,0.003927,0.000412,294.659279,130527.898438,723.959656,130528.640625,0,11.878868,-6356.403776,31.256766,321.730886,1,1.000806,0,0,0,66.559269,42.798049,GravityTurn,,,,,,,,,,,,,,,,,,,,,,,,,,,None,Continue,0,None,6902705.371883,,0,0,1,1,9794.305634,9794.305634,2.776726,11553269.53125,1.171691,528.966096,4.140531,0.121545,1.640489,5,0.008049,5.003181,,,,,,1,1,0,1,1,0.642235,0,0,0
55.539999,ASCENT,7,0,1,None,Holding,0,7668.247474,609.836888,335.684375,291.341621,29723.380935,1.050722,2680.489024,423986.444928,1.653001,7009652.832031,5.002262,0.01044,0.805532,,0,0,0,0,0.00226,0.01044,0.009117,-0.1538,0.007744,0.000377,8948.928743,8948.799878,0.522377,0.002389,0.003843,294.343698,130407.851563,722.925171,130408.59375,0,11.994386,-6356.327455,31.295444,321.909794,1,1.000806,0,0,0,66.476064,42.798216,GravityTurn,,,,,,,,,,,,,,,,,,,,,,,,,,,None,Continue,0,None,6893101.606093,,0,0,1,1,9798.575653,9798.575653,2.780129,11555639.648438,1.188061,531.178169,4.226379,0.122764,1.617361,5,0.020249,5.001192,,,,,,1,1,0,1,1,0.642211,0,0,0
55.819999,ASCENT,7,0,1,None,Holding,0,7744.150869,611.696635,337.67223,292.670809,29824.565854,1.058044,2724.093236,423372.370221,1.653751,7013979.980469,5.000984,0.010399,0.803509,,0,0,0,0,0.001403,0.010399,0.009092,-0.151848,-0.008748,0.001866,8945.685512,8945.557397,0.520958,0.006314,-0.006573,294.124003,130284.914063,721.894775,130285.65625,0,12.110399,-6356.250425,31.33446,322.088648,1,1.000806,0,0,0,66.392911,42.798385,GravityTurn,,,,,,,,,,,,,,,,,,,,,,,,,,,None,Continue,0,None,6885102.833312,,0,0,1,1,9805.650055,9805.650055,2.785811,11559574.21875,1.204439,533.387209,4.313224,0.122966,1.623465,5,0.023337,5.002054,,,,,,1,1,0,1,1,0.642204,0,0,0
56.079999,ASCENT,7,0,1,None,Holding,0,7820.39954,613.561803,339.661505,293.995268,29923.785991,1.065412,2768.132179,422759.394147,1.653988,6985750.976563,5.002705,0.010469,0.801524,,0,0,0,0,0.003894,0.010469,0.009028,-0.167571,0.023157,-0.001052,8933.219884,8933.087494,0.517258,-0.002742,0.005296,293.607143,130166.03125,720.862915,130166.78125,0,12.2268,-6356.172731,31.373654,322.266875,1,1.000806,0,0,0,66.309991,42.798556,GravityTurn,,,,,,,,,,,,,,,,,,,,,,,,,,,None,Continue,0,None,6877918.974247,,0,0,1,1,9813.598175,9813.598175,2.792254,11564011.71875,1.22082,535.593204,4.397089,0.12307,1.622661,5,0.013681,5.002555,,,,,,1,1,0,1,1,0.642221,0,0,0
56.339999,ASCENT,7,0,1,None,Holding,0,7896.992041,615.437845,341.659936,295.321463,30020.728831,1.072821,2812.610538,422146.875836,1.654961,6990997.558594,5.00222,0.010461,0.799585,,0,0,0,0,0.002794,0.010461,0.008949,-0.175701,0.006229,-0.001067,8935.084015,8934.949809,0.512716,-0.00276,-0.001009,293.552472,130047.257813,719.83783,130047.992188,0,12.343785,-6356.094219,31.413168,322.445049,1,1.000806,0,0,0,66.22698,42.798729,GravityTurn,,,,,,,,,,,,,,,,,,,,,,,,,,,None,Continue,0,None,6870436.412551,,0,0,1,1,9817.771942,9817.771942,2.79567,11566352.539063,1.237227,537.796142,4.486928,0.122602,1.620919,5,-0.000473,5.001754,,,,,,1,1,0,1,1,0.642245,0,0,0
56.599999,ASCENT,7,0,1,None,Holding,0,7973.928868,617.32,343.660797,296.643602,30115.843424,1.080281,2857.530021,421535.364605,1.655857,6986173.339844,5.002333,0.010475,0.797683,,0,0,0,0,0.002333,0.010475,0.009012,-0.169819,-0.006591,-0.000871,8928.951562,8928.813253,0.516373,-0.00262,-0.004225,293.254999,129926.859375,718.80603,129927.59375,0,12.461177,-6356.015009,31.452881,322.622617,1,1.000806,0,0,0,66.144157,42.798903,GravityTurn,,,,,,,,,,,,,,,,,,,,,,,,,,,None,Continue,0,None,6863791.888707,,0,0,1,1,9825.599243,9825.599243,2.802129,11570752.929688,1.253634,539.996012,4.573944,0.123918,1.60554,5,0.008748,5.002224,,,,,,1,1,0,1,1,0.642284,0,0,0
56.859999,ASCENT,7,0,1,None,Holding,0,8051.209208,619.209902,345.666051,297.962828,30208.849234,1.087786,2902.892699,420924.616314,1.655944,6967674.316406,5.002076,0.010476,0.795823,,0,0,0,0,0.002225,0.010476,0.009112,-0.158325,-0.015831,-0.003187,8921.118093,8920.982333,0.522095,-0.00747,-0.006598,292.884008,129808.679688,717.77948,129809.421875,0,12.579009,-6355.935026,31.492851,322.799853,1,1.000806,0,0,0,66.06144,42.799079,GravityTurn,,,,,,,,,,,,,,,,,,,,,,,,,,,None,Continue,0,None,6857080.952218,,0,0,1,1,9829.707886,9829.707886,2.805549,11573074.21875,1.270048,542.192804,4.661185,0.12503,1.589386,5,0.016747,5.001501,,,,,,1,1,0,1,1,0.642331,0,0,0
57.119999,ASCENT,7,0,1,None,Holding,0,8128.831253,621.106328,347.675137,299.279087,30298.950302,1.095325,2948.701141,420314.783551,1.656286,6981814.941406,5.001372,0.010459,0.794021,,0,0,0,0,0.00149,0.010459,0.008937,-0.176682,-0.004376,-0.0006,8916.839222,8916.707604,0.512055,-0.000937,-0.003756,292.609625,129689.789063,716.75531,129690.53125,0,12.697277,-6355.854341,31.53308,322.976758,1,1.000806,0,0,0,65.978851,42.799257,GravityTurn,,,,,,,,,,,,,,,,,,,,,,,,,,,None,Continue,0,None,6849365.159942,,0,0,1,1,9837.413696,9837.413696,2.812021,11577437.5,1.286465,544.386503,4.749687,0.123382,1.631954,5,-0.003653,5.000567,,,,,,1,1,0,1,1,0.642381,0,0,0
57.379999,ASCENT,7,0,1,None,Holding,0,8206.795821,623.00874,349.686794,300.590959,30386.773394,1.102908,2994.957427,419705.866314,1.656676,6960836.425781,5.000816,0.010446,0.792265,,0,0,0,0,0.001157,0.010446,0.009078,-0.158733,0.002491,-0.00007,8907.269574,8907.133866,0.520159,0.0001,-0.000873,292.198201,129569.648438,715.732727,129570.390625,0,12.815936,-6355.77294,31.573543,323.15323,1,1.000806,0,0,0,65.896439,42.799436,GravityTurn,,,,,,,,,,,,,,,,,,,,,,,,,,,None,Continue,0,None,6841180.352211,,0,0,1,1,9841.01001,9841.01001,2.815076,11579481.445313,1.302878,546.577097,4.837268,0.12493,1.628266,5,0.011189,4.99994,,,,,,1,1,0,1,1,0.642439,0,0,0
57.639999,ASCENT,7,0,1,None,Holding,0,8285.101192,624.919438,351.704366,301.901469,30471.999787,1.11053,3041.664185,419097.55943,1.657043,6941017.578125,5.000531,0.010436,0.79056,,0,0,0,0,0.000696,0.010436,0.009102,-0.154802,-0.009296,-0.001783,8902.392534,8902.252538,0.521508,-0.004253,-0.00616,291.938182,129450.007813,714.708191,129450.75,0,12.935076,-6355.690763,31.614281,323.329452,1,1.000806,0,0,0,65.814068,42.799617,GravityTurn,,,,,,,,,,,,,,,,,,,,,,,,,,,None,Continue,0,None,6832694.56365,,0,0,1,1,9848.590607,9848.590607,2.821559,11583808.59375,1.319296,548.764573,4.927287,0.125265,1.632181,5,0.016199,4.998904,,,,,,1,1,0,1,1,0.642504,0,0,0
57.879999,ASCENT,7,0,1,None,Holding,0,8363.745878,626.838679,353.727675,303.21066,30554.696155,1.118194,3088.824355,418489.984967,1.658375,6961589.355469,5.000938,0.010454,0.788906,,0,0,0,0,0.001028,0.010454,0.009093,-0.157743,-0.011219,0.000286,8900.958347,8900.818169,0.521004,0.002128,-0.007115,291.774228,129330.539063,713.686279,129331.28125,0,13.054699,-6355.607789,31.655238,323.505262,1,1.000806,0,0,0,65.731743,42.7998,GravityTurn,,,,,,,,,,,,,,,,,,,,,,,,,,,None,Continue,0,None,6824847.816013,,0,0,1,1,9852.126068,9852.126068,2.824619,11585833.984375,1.33573,550.948921,5.018299,0.125454,1.629982,5,0.00628,4.998296,,,,,,1,1,0,1,1,0.642581,0,0,0
58.159999,ASCENT,7,0,1,None,Holding,0,8442.730489,628.763576,355.75279,304.514496,30635.005835,1.125902,3136.438862,417883.448102,1.658462,6934552.246094,5.000129,0.010425,0.7873,,0,0,0,0,0.000598,0.010425,0.008978,-0.167826,-0.003355,0.000542,8890.715306,8890.585987,0.514403,0.002231,-0.001276,291.307604,129210.007813,712.664246,129210.75,0,13.174675,-6355.524073,31.696402,323.680369,1,1.000806,0,0,0,65.649623,42.799985,GravityTurn,,,,,,,,,,,,,,,,,,,,,,,,,,,None,Continue,0,None,6817223.418819,,0,0,1,1,9858.707916,9858.707916,2.830357,11589619.140625,1.352155,553.13013,5.106834,0.12475,1.627504,5,0.010853,4.999993,,,,,,1,1,0,1,1,0.642653,0,0,0
58.399999,ASCENT,7,0,1,None,Holding,0,8522.055015,630.698999,357.787503,305.820685,30713.001774,1.133657,3184.511175,417277.155377,1.659717,6940256.347656,5.001069,0.010462,0.78574,,0,0,0,0,0.001188,0.010462,0.009038,-0.164934,-0.005068,0.00129,8890.698621,8890.557952,0.517853,0.003828,-0.002311,291.226282,129090.28125,711.650085,129091.023438,0,13.295247,-6355.439536,31.737862,323.855481,1,1.000806,0,0,0,65.567391,42.800171,GravityTurn,,,,,,,,,,,,,,,,,,,,,,,,,,,None,Continue,0,None,6810267.177292,,0,0,1,1,9865.651031,9865.651031,2.836487,11593633.789063,1.368613,555.308188,5.199983,0.126046,1.641307,5,0.009757,5.002162,,,,,,1,1,0,1,1,0.642743,0,0,0
58.679999,ASCENT,7,0,1,None,Holding,0,8601.718073,632.643566,359.828681,307.125651,30788.683806,1.141459,3233.044223,416671.473004,1.661274,6941370.117188,5.000631,0.010447,0.784226,,0,0,0,0,0.000655,0.010447,0.008976,-0.170257,0.008639,0.000427,8891.197737,8891.061085,0.514273,0.002166,0.00302,291.113479,128969.953125,710.628784,128970.6875,0,13.4163,-6355.35415,31.779572,324.030075,1,1.000806,0,0,0,65.485176,42.800359,GravityTurn,,,,,,,,,,,,,,,,,,,,,,,,,,,None,Continue,0,None,6804563.272165,,0,0,1,1,9869.093292,9869.093292,2.839556,11595630.859375,1.38508,557.483087,5.293006,0.125393,1.723434,5,0.00797,4.999458,,,,,,1,1,0,1,1,0.642831,0,0,0
58.939999,ASCENT,7,0,1,None,Holding,0,8681.719888,634.595021,361.873911,308.428126,30862.030578,1.149308,3282.04031,416066.55357,1.662103,6925602.050781,5.003026,0.010539,0.782759,,0,0,0,0,0.003173,0.010539,0.00916,-0.159586,-0.004114,-0.000287,8886.24846,8886.107473,0.52481,-0.001677,-0.004679,290.853188,128850.085938,709.612183,128850.828125,0,13.537795,-6355.268015,31.821446,324.204048,1,1.000806,0,0,0,65.403073,42.80055,GravityTurn,,,,,,,,,,,,,,,,,,,,,,,,,,,None,Continue,0,None,6799271.587218,,0,0,1,1,9875.494507,9875.494507,2.845317,11599361.328125,1.401564,559.654814,5.384721,0.12772,1.722969,5,0.015694,5.001213,,,,,,1,1,0,1,1,0.642925,0,0,0
59.199999,ASCENT,7,0,1,None,Holding,0,8762.059862,636.555385,363.925501,309.728579,30932.912938,1.157204,3331.502659,415462.213971,1.663195,6915807.617188,5.000859,0.010469,0.781342,,0,0,0,0,0.002124,0.010469,0.009136,-0.15415,-0.024079,-0.001082,8882.004848,8881.86889,0.523481,-0.003556,-0.008631,290.581142,128730.335938,708.597473,128731.078125,0,13.659746,-6355.181009,31.86363,324.377922,1,1.000806,0,0,0,65.320989,42.800741,GravityTurn,,,,,,,,,,,,,,,,,,,,,,,,,,,None,Continue,0,None,6794043.120151,,0,0,1,1,9882.659821,9882.659821,2.851851,11603562.5,1.418059,561.823361,5.477369,0.127925,1.737174,5,0.027686,5.004284,,,,,,1,1,0,1,1,0.643024,0,0,0
59.459999,ASCENT,7,0,1,None,Holding,0,8842.737645,638.522454,365.980859,311.026217,31000.749093,1.165135,3381.433259,414858.667828,1.663338,6918740.722656,4.999426,0.010422,0.779985,,0,0,0,0,0.002724,0.010422,0.009035,-0.160325,0.023374,-0.002356,8878.342772,8878.205073,0.517648,-0.007513,0.006064,290.350075,128611.726563,707.585388,128612.476563,0,13.782124,-6355.093244,31.905962,324.551038,1,1.000806,0,0,0,65.239028,42.800935,GravityTurn,,,,,,,,,,,,,,,,,,,,,,,,,,,None,Continue,0,None,6787971.445681,,0,0,1,1,9886.001556,9886.001556,2.854936,11605529.296875,1.434555,563.988713,5.570255,0.126906,1.730676,5,0.00886,5.000149,,,,,,1,1,0,1,1,0.643132,0,0,0
59.719999,ASCENT,7,0,1,None,Holding,0,8923.753281,640.497408,368.042283,312.321883,31066.323047,1.173118,3431.833122,414255.762555,1.664887,6922239.746094,5.001842,0.010509,0.778674,,0,0,0,0,0.001886,0.010509,0.009009,-0.173382,-0.000144,-0.001845,8874.425538,8874.287038,0.516155,-0.003913,-0.001138,290.117456,128492.164063,706.565674,128492.90625,0,13.904957,-6355.004665,31.948617,324.724111,1,1.000806,0,0,0,65.157096,42.801131,GravityTurn,,,,,,,,,,,,,,,,,,,,,,,,,,,None,Continue,0,None,6781746.473807,,0,0,1,1,9892.620453,9892.620453,2.8611,11609444.335938,1.451061,566.150859,5.664124,0.126932,1.78922,5,0.002491,5.000455,,,,,,1,1,0,1,1,0.64324,0,0,0
59.979999,ASCENT,7,0,1,None,Holding,0,9005.103064,642.47717,370.104699,313.611705,31128.678818,1.181134,3482.708053,413653.833844,1.664588,6906479.492188,5.001443,0.010495,0.777426,,0,0,0,0,0.002236,0.010495,0.009018,-0.17058,-0.007208,0.002068,8864.733921,8864.601502,0.51672,0.003495,-0.007324,289.659495,128372.476563,705.558838,128373.226563,0,14.028115,-6354.915344,31.991406,324.896377,1,1.000806,0,0,0,65.075394,42.801328,GravityTurn,,,,,,,,,,,,,,,,,,,,,,,,,,,None,Continue,0,None,6774720.637618,,0,0,1,1,9898.750702,9898.750702,2.866889,11613090.820313,1.467557,568.30979,5.755487,0.127054,1.798655,5,0.01644,5.000898,,,,,,1,1,0,1,1,0.643352,0,0,0
60.219999,ASCENT,7,0,1,None,Holding,0,9086.789254,644.468568,372.177202,314.903498,31188.779597,1.189202,3534.05697,413052.088238,1.666056,6900397.949219,5.000489,0.010459,0.776224,,0,0,0,0,0.001435,0.010459,0.008911,-0.178603,-0.022624,0.001752,8865.058487,8864.923416,0.510591,0.004286,-0.008921,289.573306,128252.289063,704.546082,128253.03125,0,14.151852,-6354.825077,32.034461,325.068461,1,1.000806,0,0,0,64.993561,42.801527,GravityTurn,,,,,,,,,,,,,,,,,,,,,,,,,,,None,Continue,0,None,6767615.902457,,0,0,1,1,9901.584717,9901.584717,2.869601,11614785.15625,1.484078,570.465493,5.852215,0.126527,1.782711,5,0.011427,4.999515,,,,,,1,1,0,1,1,0.643473,0,0,0
60.499999,ASCENT,7,0,1,None,Holding,0,9168.811367,646.468161,374.255271,316.193141,31246.360326,1.197318,3585.883484,412451.01402,1.667435,6883578.613281,4.999207,0.010409,0.775073,,0,0,0,0,0.002249,0.010409,0.009048,-0.157016,0.019246,-0.002386,8862.428733,8862.29838,0.5184,-0.006964,0.005086,289.357611,128132.304688,703.540161,128133.046875,0,14.276032,-6354.733952,32.077729,325.2399,1,1.000806,0,0,0,64.911777,42.801728,GravityTurn,,,,,,,,,,,,,,,,,,,,,,,,,,,None,Continue,0,None,6761679.503508,,0,0,1,1,9908.394623,9908.394623,2.876175,11618878.90625,1.500607,572.617958,5.94754,0.127272,1.729223,5,0.016309,4.997975,,,,,,1,1,0,1,1,0.643593,0,0,0
60.759999,ASCENT,7,0,1,None,Holding,0,9251.167968,648.473484,376.337431,317.480051,31301.032366,1.205475,3638.191502,411850.611188,1.66787,6889173.828125,4.998782,0.010394,0.773979,,0,0,0,0,0.002153,0.010394,0.008915,-0.170582,-0.011969,0.002361,8858.028292,8857.891353,0.510788,0.007499,-0.002575,289.124107,128014.03125,702.531494,128014.773438,0,14.400637,-6354.642107,32.121226,325.41101,1,1.000806,0,0,0,64.830098,42.801931,GravityTurn,,,,,,,,,,,,,,,,,,,,,,,,,,,None,Continue,0,None,6755562.057575,,0,0,1,1,9911.962067,9911.962067,2.879661,11621034.179688,1.517148,574.767177,6.042494,0.127053,1.693165,5,0.008279,5.000065,,,,,,1,1,0,1,1,0.643717,0,0,0
60.999999,ASCENT,7,0,1,None,Holding,0,9333.859515,650.493152,378.432021,318.770923,31353.789654,1.213694,3690.982465,411250.177838,1.670718,6891684.570313,5.001826,0.010502,0.772924,,0,0,0,0,0.0022,0.010502,0.008941,-0.179732,-0.012858,-0.000047,8862.999339,8862.85957,0.512291,0.00042,-0.003635,289.176304,127894.234375,701.521301,127894.976563,0,14.525884,-6354.549183,32.164929,325.58171,1,1.000806,0,0,0,64.748198,42.802136,GravityTurn,,,,,,,,,,,,,,,,,,,,,,,,,,,None,Continue,0,None,6750701.136548,,0,0,1,1,9918.228424,9918.228424,2.885872,11624845.703125,1.533726,576.91314,6.142261,0.12772,1.682158,5,0.004468,5.001052,,,,,,1,1,0,1,1,0.643875,0,0,0
61.279999,ASCENT,7,0,1,None,Holding,0,9416.885863,652.515499,380.526185,320.054018,31403.405123,1.22195,3744.258811,410650.873639,1.670669,6870741.210938,5.001219,0.010483,0.771932,,0,0,0,0,0.002125,0.010483,0.008948,-0.176707,-0.011986,0.000752,8853.935269,8853.797029,0.512696,0.002128,-0.002121,288.769144,127774.320313,700.516235,127775.070313,0,14.651388,-6354.455567,32.208851,325.751802,1,1.000806,0,0,0,64.66658,42.802343,GravityTurn,,,,,,,,,,,,,,,,,,,,,,,,,,,None,Continue,0,None,6746128.177312,,0,0,1,1,9924.023895,9924.023895,2.891708,11628392.578125,1.550294,579.055836,6.235495,0.128053,1.675287,5,0.01666,5.000317,,,,,,1,1,0,1,1,0.644037,0,0,0
61.539999,ASCENT,7,0,1,None,Holding,0,9500.245081,654.549541,382.630945,321.339882,31450.396685,1.230255,3798.023488,410051.752545,1.672364,6893587.890625,4.998875,0.010403,0.770992,,0,0,0,0,0.001137,0.010403,0.009065,-0.153889,0.010539,-0.000359,8856.780509,8856.641321,0.519399,-0.000614,0.005414,288.738036,127654.59375,699.505493,127655.335938,0,14.777494,-6354.360995,32.253003,325.921583,1,1.000806,0,0,0,64.584812,42.802551,GravityTurn,,,,,,,,,,,,,,,,,,,,,,,,,,,None,Continue,0,None,6740778.452322,,0,0,1,1,9927.463837,9927.463837,2.895204,11630509.765625,1.566894,581.195256,6.335334,0.128902,1.652391,5,0.009129,4.999787,,,,,,1,1,0,1,1,0.644185,0,0,0
61.799999,ASCENT,7,0,1,None,Holding,0,9583.937497,656.591569,384.741497,322.623437,31494.961599,1.238612,3852.28073,409453.180768,1.674125,6882736.816406,4.999293,0.010421,0.770101,,0,0,0,0,0.000718,0.010421,0.009234,-0.136442,0.006504,-0.001542,8854.86661,8854.726558,0.529085,-0.004286,0.003322,288.565535,127533.09375,698.499268,127533.835938,0,14.904034,-6354.265545,32.297394,326.091006,1,1.000806,0,0,0,64.503083,42.802762,GravityTurn,,,,,,,,,,,,,,,,,,,,,,,,,,,None,Continue,0,None,6736364.591772,,0,0,1,1,9933.505829,9933.505829,2.901446,11634251.953125,1.583505,583.33139,6.433057,0.130047,1.637969,5,0.010438,4.999929,,,,,,1,1,0,1,1,0.644334,0,0,0
62.059999,ASCENT,7,0,1,None,Holding,0,9667.965649,658.646927,386.86334,323.909192,31537.246588,1.247026,3907.031509,408854.639508,1.676324,6880691.40625,5.001182,0.010485,0.769255,,0,0,0,0,0.001306,0.010485,0.008787,-0.194847,-0.007731,-0.000368,8859.752525,8859.623636,0.50346,0.000594,-0.004611,288.593954,127414.609375,697.494812,127415.351563,0,15.031159,-6354.168997,32.342024,326.260072,1,1.000806,0,0,0,64.42118,42.802974,GravityTurn,,,,,,,,,,,,,,,,,,,,,,,,,,,None,Continue,0,None,6732702.694212,,0,0,1,1,9936.86441,9936.86441,2.904961,11636343.75,1.600139,585.464227,6.534321,0.126185,1.661984,5,-0.004511,4.998753,,,,,,1,1,0,1,1,0.644518,0,0,0
62.299999,ASCENT,7,0,1,None,Holding,0,9752.327444,660.712815,388.995148,325.19739,31577.365661,1.2555,3962.280531,408256.250836,1.679246,6885972.65625,5.000765,0.010467,0.768453,,0,0,0,0,0.0016,0.010467,0.008921,-0.177137,0.007518,-0.002723,8865.08312,8864.946738,0.511135,-0.008018,0.001465,288.659185,127294.796875,696.487488,127295.546875,0,15.158878,-6354.071543,32.38689,326.428857,1,1.000806,0,0,0,64.339156,42.803189,GravityTurn,,,,,,,,,,,,,,,,,,,,,,,,,,,None,Continue,0,None,6730425.124666,,0,0,1,1,9943.120239,9943.120239,2.911605,11640272.460938,1.6168,587.593759,6.635655,0.127645,1.645802,5,0.00332,4.99888,,,,,,1,1,0,1,1,0.644674,0,0,0
62.579999,ASCENT,7,0,1,None,Holding,0,9837.024153,662.78713,391.133181,326.483534,31614.981604,1.264028,4018.029393,407658.350445,1.680961,6886269.53125,4.998208,0.010372,0.7677,,0,0,0,0,0.001882,0.010372,0.009017,-0.155091,0.006641,0.000868,8863.406239,8863.270585,0.516663,0.00161,0.005172,288.485356,127174.773438,695.485413,127175.515625,0,15.287042,-6353.973169,32.431979,326.597065,1,1.000806,0,0,0,64.257154,42.803405,GravityTurn,,,,,,,,,,,,,,,,,,,,,,,,,,,None,Continue,0,None,6728544.935475,,0,0,1,1,9946.028992,9946.028992,2.914745,11642110.351563,1.633472,589.719979,6.73464,0.128075,1.663147,5,-0.000685,4.997086,,,,,,1,1,0,1,1,0.644785,0,0,0
62.839999,ASCENT,7,0,1,None,Holding,0,9922.054246,664.870873,393.278815,327.769125,31649.742148,1.272602,4074.281234,407060.846783,1.682355,6867168.457031,4.999498,0.01041,0.767005,,0,0,0,0,0.0007,0.01041,0.008994,-0.16198,-0.032437,0.000453,8863.547102,8863.410715,0.515312,0.000697,-0.016559,288.359818,127052.625,694.479492,127053.359375,0,15.415698,-6353.873851,32.477281,326.764908,1,1.000806,0,0,0,64.175123,42.803624,GravityTurn,,,,,,,,,,,,,,,,,,,,,,,,,,,None,Continue,0,None,6726240.684988,,0,0,1,1,9951.775238,9951.775238,2.921017,11645765.625,1.650158,591.842873,6.834987,0.128073,1.639754,5,0.014648,5.000281,,,,,,1,1,0,1,1,0.644958,0,0,0
63.099999,ASCENT,7,0,1,None,Holding,0,10007.418387,666.966181,395.434182,329.055716,31682.14686,1.281235,4131.037941,406463.495709,1.684752,6871989.746094,4.997314,0.010324,0.766357,,0,0,0,0,0.002937,0.010324,0.008807,-0.173344,-0.027725,0.001185,8865.747521,8865.619672,0.504602,0.003918,-0.010806,288.316114,126932.742188,693.472778,126933.484375,0,15.544901,-6353.773488,32.5228,326.93233,1,1.000806,0,0,0,64.092981,42.803844,GravityTurn,,,,,,,,,,,,,,,,,,,,,,,,,,,None,Continue,0,None,6724208.66357,,0,0,1,1,9957.421417,9957.421417,2.927313,11649390.625,1.666868,593.962436,6.936767,0.1266,1.654523,5,0.000861,4.997105,,,,,,1,1,0,1,1,0.64511,0,0,0
63.359999,ASCENT,7,0,1,None,Holding,0,10093.118562,669.071337,397.597733,330.342704,31711.978519,1.289922,4188.303927,405866.419293,1.686502,6858839.84375,4.996743,0.010292,0.76576,,0,0,0,0,0.003717,0.010292,0.008799,-0.170333,-0.011613,0.003143,8866.483733,8866.35055,0.504158,0.009353,-0.001096,288.239248,126814.125,692.471436,126814.867188,0,15.674631,-6353.67217,32.568489,327.099151,1,1.000806,0,0,0,64.010788,42.804066,GravityTurn,,,,,,,,,,,,,,,,,,,,,,,,,,,None,Continue,0,None,6722415.793079,,0,0,1,1,9959.860657,9959.860657,2.93007,11650968.75,1.683594,596.078657,7.038336,0.127053,1.660012,5,0.010608,4.998225,,,,,,1,1,0,1,1,0.645241,0,0,0
63.599999,ASCENT,7,0,1,None,Holding,0,10179.1526,671.18286,399.765961,331.626702,31738.560488,1.298649,4246.08112,405269.922711,1.687411,6860677.246094,4.998385,0.010343,0.765229,,0,0,0,0,0.002529,0.010343,0.008825,-0.173132,-0.008147,-0.001479,8863.866497,8863.72106,0.505615,-0.003665,0.001248,288.04715,126693.929688,691.472534,126694.671875,0,15.804771,-6353.570016,32.614384,327.265604,1,1.000806,0,0,0,63.928678,42.80429,GravityTurn,,,,,,,,,,,,,,,,,,,,,,,,,,,None,Continue,0,None,6720138.550242,,0,0,1,1,9965.365875,9965.365875,2.936371,11654551.757813,1.700335,598.19153,7.138466,0.127672,1.647469,5,0.002445,4.997637,,,,,,1,1,0,1,1,0.645383,0,0,0
63.879999,ASCENT,7,0,1,None,Holding,0,10265.519496,673.30724,401.945463,332.912491,31762.504782,1.307431,4304.372307,404673.456647,1.69002,6866566.894531,4.999274,0.010368,0.76475,,0,0,0,0,0.000994,0.010368,0.008759,-0.1832,0.003987,0.00135,8869.719783,8869.589321,0.50184,0.004529,0.005047,288.078132,126574.84375,690.465942,126575.585938,0,15.935484,-6353.466735,32.660536,327.431615,1,1.000806,0,0,0,63.8464,42.804517,GravityTurn,,,,,,,,,,,,,,,,,,,,,,,,,,,None,Continue,0,None,6717445.060461,,0,0,1,1,9970.768341,9970.768341,2.942698,11658105.46875,1.717108,600.301046,7.243383,0.126681,1.68641,5,-0.002226,4.999439,,,,,,1,1,0,1,1,0.645518,0,0,0
64.139999,ASCENT,7,0,1,None,Holding,0,10352.22073,675.439749,404.1324,334.198252,31784.064777,1.316272,4363.180703,404077.326275,1.692199,6870894.53125,4.998319,0.010328,0.764319,,0,0,0,0,0.003035,0.010328,0.00895,-0.156767,0.014698,-0.000527,8869.679488,8869.542684,0.512824,-0.002207,0.003495,287.995085,126453.539063,689.467285,126454.273438,0,16.066708,-6353.362584,32.706902,327.597289,1,1.000806,0,0,0,63.764102,42.804745,GravityTurn,,,,,,,,,,,,,,,,,,,,,,,,,,,None,Continue,0,None,6715407.659867,,0,0,1,1,9973.433075,9973.433075,2.945858,11659872.070313,1.7339,602.407196,7.346095,0.128902,1.698281,5,0.017383,4.999569,,,,,,1,1,0,1,1,0.645664,0,0,0
64.379999,ASCENT,7,0,1,None,Holding,0,10439.256893,677.583461,406.327483,335.483012,31802.591751,1.325161,4422.509547,403481.440045,1.693749,6859340.332031,4.996307,0.01025,0.763948,,0,0,0,0,0.003986,0.01025,0.008966,-0.145847,-0.00928,0.000503,8870.261983,8870.132496,0.513738,0.001564,-0.000553,287.879877,126330.742188,688.465515,126331.484375,0,16.198411,-6353.257311,32.753403,327.762348,1,1.000806,0,0,0,63.681755,42.804975,GravityTurn,,,,,,,,,,,,,,,,,,,,,,,,,,,None,Continue,0,None,6713360.01127,,0,0,1,1,9978.363068,9978.363068,2.951802,11663163.085938,1.750708,604.509972,7.449076,0.128873,1.700428,5,0.016099,4.999709,,,,,,1,1,0,1,1,0.645807,0,0,0
64.659999,ASCENT,7,0,1,None,Holding,0,10526.625785,679.735336,408.529445,336.766678,31818.240202,1.334099,4482.3609,402885.950543,1.695412,6850238.769531,4.99977,0.010365,0.763635,,0,0,0,0,0.001397,0.010365,0.008789,-0.178889,-0.007583,-0.000508,8868.85178,8868.714679,0.503594,-0.002108,-0.005366,287.726985,126209.710938,687.465088,126210.453125,0,16.330588,-6353.151116,32.800106,327.926784,1,1.000806,0,0,0,63.599408,42.805207,GravityTurn,,,,,,,,,,,,,,,,,,,,,,,,,,,None,Continue,0,None,6711029.807143,,0,0,1,1,9983.519897,9983.519897,2.958161,11666645.507813,1.767533,606.609365,7.552055,0.12719,1.760931,5,-0.003209,4.996603,,,,,,1,1,0,1,1,0.645947,0,0,0
64.919999,ASCENT,7,0,1,None,Holding,0,10614.329117,681.897215,410.739844,338.050086,31830.608062,1.34308,4542.737118,402290.674664,1.696901,6863702.148438,4.999522,0.010347,0.763388,,0,0,0,0,0.002,0.010347,0.009044,-0.147822,-0.014988,-0.000803,8872.464694,8872.32735,0.518157,-0.002975,-0.002405,287.724618,126090.242188,686.466187,126090.984375,0,16.463268,-6353.043894,32.847014,328.090862,1,1.000806,0,0,0,63.517004,42.805442,GravityTurn,,,,,,,,,,,,,,,,,,,,,,,,,,,None,Continue,0,None,6708207.216056,,0,0,1,1,9986.063721,9986.063721,2.961335,11668375.976563,1.784376,608.705366,7.657325,0.12956,1.732064,5,0.022266,4.997217,,,,,,1,1,0,1,1,0.646089,0,0,0
65.179999,ASCENT,7,0,1,None,Holding,0,10702.366132,684.073229,412.963762,339.338118,31840.889887,1.352129,4603.643177,401695.124127,1.700728,6873254.394531,4.999391,0.010335,0.763182,,0,0,0,0,0.000693,0.010335,0.008816,-0.171945,-0.010228,-0.001001,8881.111253,8880.976491,0.505124,-0.002765,-0.004415,287.878606,125967.789063,685.459534,125968.539063,0,16.596622,-6352.935517,32.894135,328.254532,1,1.000806,0,0,0,63.434353,42.805678,GravityTurn,,,,,,,,,,,,,,,,,,,,,,,,,,,None,Continue,0,None,6706177.822646,,0,0,1,1,9990.749115,9990.749115,2.967318,11671597.65625,1.801262,610.797969,7.765859,0.127907,1.721701,5,0.010144,4.997755,,,,,,1,1,0,1,1,0.646227,0,0,0
65.419999,ASCENT,7,0,1,None,Holding,0,10790.738819,686.259426,415.196285,340.625697,31848.55612,1.361236,4665.080065,401099.81773,1.703243,6867786.132813,4.999616,0.010333,0.763029,,0,0,0,0,0.000387,0.010333,0.008791,-0.174324,-0.018454,0.00034,8883.679061,8883.551656,0.503693,-0.000249,-0.007694,287.83708,125848.335938,684.464355,125849.078125,0,16.730475,-6352.826079,32.941473,328.417895,1,1.000806,0,0,0,63.351641,42.805917,GravityTurn,,,,,,,,,,,,,,,,,,,,,,,,,,,None,Continue,0,None,6705199.972682,,0,0,1,1,9995.348785,9995.348785,2.973308,11674793.945313,1.818166,612.887168,7.871264,0.127452,1.687815,5,0.008966,4.997455,,,,,,1,1,0,1,1,0.646375,0,0,0
65.699999,ASCENT,7,0,1,None,Holding,0,10879.445841,688.457742,417.43983,341.915711,31853.306833,1.370394,4727.052911,400504.450299,1.705793,6881048.339844,4.996815,0.010227,0.762934,,0,0,0,0,0.003478,0.010227,0.008963,-0.142553,0.036796,-0.000506,8890.395098,8890.265475,0.513563,0.000277,0.023365,287.933984,125728.59375,683.460938,125729.335938,0,16.864928,-6352.715536,32.988983,328.580546,1,1.000806,0,0,0,63.268777,42.806157,GravityTurn,,,,,,,,,,,,,,,,,,,,,,,,,,,None,Continue,0,None,6704282.884782,,0,0,1,1,9997.762054,9997.762054,2.976502,11676487.304688,1.835103,614.972955,7.978957,0.129052,1.708919,5,0.027782,4.999139,,,,,,1,1,0,1,1,0.646521,0,0,0
65.959999,ASCENT,7,0,1,None,Holding,0,10968.488714,690.667194,419.694129,343.207582,31855.309898,1.379608,4789.564328,399909.143902,1.708795,6886848.632813,4.99999,0.010336,0.762894,,0,0,0,0,0.00197,0.010336,0.008689,-0.185466,0.039489,0.000132,8898.749096,8898.614973,0.497846,-0.001274,0.017765,288.103805,125607.148438,682.46106,125607.898438,0,16.999963,-6352.603931,33.036754,328.743044,1,1.000806,0,0,0,63.185775,42.8064,GravityTurn,,,,,,,,,,,,,,,,,,,,,,,,,,,None,Continue,0,None,6703555.73475,,0,0,1,1,10002.513245,10002.513245,2.982919,11679850.585938,1.852079,617.055322,8.088068,0.12696,1.715574,5,-0.006418,4.998868,,,,,,1,1,0,1,1,0.646668,0,0,0
66.219999,ASCENT,7,0,1,None,Holding,0,11057.866132,692.889413,421.959933,344.501051,31854.825987,1.388883,4852.616351,399313.745953,1.712366,6882449.707031,4.995887,0.01018,0.762903,,0,0,0,0,0.004356,0.01018,0.008778,-0.157701,-0.007628,-0.001292,8906.395994,8906.262833,0.502918,-0.003655,-0.005383,288.216607,125482.71875,681.459534,125483.46875,0,17.135572,-6352.491131,33.08477,328.905254,1,1.000806,0,0,0,63.102607,42.806645,GravityTurn,,,,,,,,,,,,,,,,,,,,,,,,,,,None,Continue,0,None,6703411.292745,,0,0,1,1,10007.441589,10007.441589,2.989745,11683390.625,1.869074,619.134264,8.197307,0.127043,1.815648,5,-0.006062,4.997092,,,,,,1,1,0,1,1,0.646811,0,0,0
66.479999,ASCENT,7,0,1,None,Holding,0,11147.581971,695.126142,424.23929,345.798949,31851.956803,1.398224,4916.21435,398718.103863,1.715915,6879626.953125,4.998906,0.010275,0.762961,,0,0,0,0,0.00202,0.010275,0.008879,-0.15668,0.014507,-0.001066,8915.876099,8915.739946,0.508708,-0.004077,0.005068,288.411099,125360.578125,680.458008,125361.320313,0,17.271858,-6352.377104,33.132952,329.06691,1,1.000806,0,0,0,63.0192,42.806892,GravityTurn,,,,,,,,,,,,,,,,,,,,,,,,,,,None,Continue,0,None,6703919.946919,,0,0,1,1,10009.718018,10009.718018,2.992973,11685043.945313,1.886109,621.209772,8.307976,0.127926,1.939669,5,0.005847,4.996338,,,,,,1,1,0,1,1,0.646995,0,0,0
66.719999,ASCENT,7,0,1,None,Holding,0,11237.635186,697.37338,426.528466,347.097752,31846.480467,1.407625,4980.359365,398122.522809,1.718786,6872748.535156,4.997806,0.010227,0.76307,,0,0,0,0,0.002305,0.010227,0.008693,-0.17182,0.020809,-0.00407,8919.011595,8918.880228,0.498098,-0.01203,0.009796,288.379671,125242.453125,679.457886,125243.195313,0,17.408696,-6352.262003,33.181363,329.228308,1,1.000806,0,0,0,62.935693,42.807141,GravityTurn,,,,,,,,,,,,,,,,,,,,,,,,,,,None,Continue,0,None,6705044.626626,,0,0,1,1,10014.188843,10014.188843,2.99943,11688328.125,1.903173,623.281843,8.416001,0.126743,1.915488,5,0.003326,5.001267,,,,,,1,1,0,1,1,0.647125,0,0,0
66.979999,ASCENT,7,0,1,None,Holding,0,11328.028124,699.636264,428.832599,348.402262,31838.105795,1.41708,5045.057213,397526.514508,1.722394,6901958.496094,4.998882,0.010257,0.763238,,0,0,0,0,0.002697,0.010257,0.008906,-0.151028,0.022231,-0.001558,8931.772844,8931.644684,0.510298,-0.006166,0.00679,288.672977,125121.09375,678.461853,125121.835938,0,17.546261,-6352.145622,33.229937,329.389071,1,1.000806,0,0,0,62.851899,42.807392,GravityTurn,,,,,,,,,,,,,,,,,,,,,,,,,,,None,Continue,0,None,6706207.868935,,0,0,1,1,10016.38446,10016.38446,3.002666,11689958.007813,1.920287,625.350472,8.528629,0.128711,1.927227,5,0.019105,5.001041,,,,,,1,1,0,1,1,0.647319,0,0,0
67.239998,ASCENT,7,0,1,None,Holding,0,11418.758324,701.910444,431.147052,349.707458,31827.121224,1.426596,5110.309775,396930.506207,1.725751,6889468.75,4.996749,0.010174,0.763458,,0,0,0,0,0.00334,0.010174,0.008871,-0.145394,0.017217,0.000022,8938.867207,8938.745572,0.508278,-0.000883,0.007339,288.763509,124999.140625,677.452087,124999.890625,0,17.684375,-6352.028087,33.278751,329.549535,1,1.000806,0,0,0,62.76799,42.807645,GravityTurn,,,,,,,,,,,,,,,,,,,,,,,,,,,None,Continue,0,None,6707822.103814,,0,0,1,1,10020.424072,10020.424072,3.008744,11692993.164063,1.937427,627.415651,8.639313,0.127657,2.002377,5,0.012715,4.99618,,,,,,1,1,0,1,1,0.647508,0,0,0
67.519998,ASCENT,7,0,1,None,Holding,0,11509.828435,704.195795,433.470841,351.012608,31813.068664,1.436164,5176.120655,396334.619977,1.728218,6892213.867188,4.997946,0.010202,0.763739,,0,0,0,0,0.002633,0.010202,0.008728,-0.164275,0.059153,-0.000339,8942.043113,8941.923461,0.500077,-0.001055,0.02674,288.755979,124874.0625,676.455627,124874.8125,0,17.823013,-6351.909371,33.327711,329.709319,1,1.000806,0,0,0,62.684002,42.807901,GravityTurn,,,,,,,,,,,,,,,,,,,,,,,,,,,None,Continue,0,None,6709347.693028,,0,0,1,1,10024.624817,10024.624817,3.015244,11696200.195313,1.954582,629.477372,8.749056,0.126389,2.159787,5,0.019157,4.999313,,,,,,1,1,0,1,1,0.647678,0,0,0
67.779998,ASCENT,7,0,1,None,Holding,0,11601.238062,706.491445,435.804636,352.319119,31795.576572,1.445776,5242.492811,395738.764264,1.730614,6891917.480469,4.997175,0.010163,0.764088,,0,0,0,0,0.004112,0.010163,0.008856,-0.145386,0.031821,0.00458,8948.438766,8948.312566,0.5074,0.014784,0.009575,288.85918,124755.984375,675.457275,124756.726563,0,17.962224,-6351.789582,33.376885,329.868805,1,1.000806,0,0,0,62.599911,42.808159,GravityTurn,,,,,,,,,,,,,,,,,,,,,,,,,,,None,Continue,0,None,6710410.570315,,0,0,1,1,10028.464966,10028.464966,3.021351,11699176.757813,1.971768,631.53563,8.860336,0.127626,2.056737,5,0.005823,4.996172,,,,,,1,1,0,1,1,0.647867,0,0,0
68.039998,ASCENT,7,0,1,None,Holding,0,11692.987373,708.801134,438.150632,353.627823,31775.424737,1.455448,5309.43059,395142.710187,1.734159,6883362.792969,4.997316,0.010152,0.764492,,0,0,0,0,0.002934,0.010152,0.009038,-0.123733,0.002902,0.002064,8954.699329,8954.587339,0.517844,0.007721,0.002944,288.913353,124629.984375,674.453918,124630.734375,0,18.102042,-6351.66847,33.426193,330.027664,1,1.000806,0,0,0,62.515639,42.808418,GravityTurn,,,,,,,,,,,,,,,,,,,,,,,,,,,None,Continue,0,None,6711579.487403,,0,0,1,1,10030.721191,10030.721191,3.025017,11700951.171875,1.988983,633.590421,8.972946,0.129278,2.207551,5,0.041451,4.995716,,,,,,1,1,0,1,1,0.648072,0,0,0
68.299998,ASCENT,7,0,1,None,Holding,0,11785.076597,711.120383,440.50523,354.936491,31751.896929,1.465165,5376.935112,394546.793438,1.736581,6881785.644531,4.995288,0.010065,0.764962,,0,0,0,0,0.004754,0.010065,0.008766,-0.144081,-0.011518,0.000283,8957.85532,8957.740602,0.502264,0.000131,-0.007937,288.901631,124505.679688,673.447388,124506.421875,0,18.242385,-6351.546271,33.475659,330.18598,1,1.000806,0,0,0,62.431318,42.808681,GravityTurn,,,,,,,,,,,,,,,,,,,,,,,,,,,None,Continue,0,None,6712745.139324,,0,0,1,1,10034.400543,10034.400543,3.031155,11703883.789063,2.00622,635.641735,9.083684,0.126774,2.20483,5,0.01589,4.996389,,,,,,1,1,0,1,1,0.648289,0,0,0
68.559998,ASCENT,7,0,1,None,Holding,0,11877.507389,713.450825,442.869887,356.245465,31725.049968,1.474929,5445.008997,393950.815655,1.739205,6901623.046875,4.999926,0.010215,0.765499,,0,0,0,0,0.000811,0.010215,0.008504,-0.189498,-0.022918,0.001693,8961.682978,8961.563148,0.487241,0.004938,-0.014277,288.899909,124383.492188,672.448914,124384.242188,0,18.383266,-6351.422871,33.525326,330.34389,1,1.000806,0,0,0,62.346895,42.808945,GravityTurn,,,,,,,,,,,,,,,,,,,,,,,,,,,None,Continue,0,None,6713536.450791,,0,0,1,1,10036.561951,10036.561951,3.034833,11705628.90625,2.023485,637.689569,9.195632,0.123988,2.135006,5,0.004575,4.997448,,,,,,1,1,0,1,1,0.648517,0,0,0
68.799998,ASCENT,7,0,1,None,Holding,0,11970.278034,715.797534,445.250233,357.56048,31695.3493,1.48475,5513.659764,393354.349591,1.743084,6897074.707031,4.995101,0.010028,0.766093,,0,0,0,0,0.004936,0.010028,0.008828,-0.132554,-0.026875,0.001051,8973.991263,8973.875031,0.505812,0.001583,-0.015659,289.163675,124261.226563,671.444763,124261.96875,0,18.524899,-6351.2981,33.575137,330.501302,1,1.000806,0,0,0,62.262172,42.809212,GravityTurn,,,,,,,,,,,,,,,,,,,,,,,,,,,None,Continue,0,None,6714580.924096,,0,0,1,1,10040.542389,10040.542389,3.04182,11708899.414063,2.040795,639.733919,9.311964,0.126621,2.045852,5,0.015237,4.995203,,,,,,1,1,0,1,1,0.648734,0,0,0
69.079998,ASCENT,7,0,1,None,Holding,0,12063.391375,718.153601,447.639136,358.874692,31662.39093,1.494619,5582.886628,392757.975079,1.746142,6904357.421875,4.996561,0.010064,0.766752,,0,0,0,0,0.00352,0.010064,0.008752,-0.144675,0.015171,0.001988,8979.328056,8979.204794,0.50146,0.006222,0.00552,289.220213,124138.617188,670.438843,124139.367188,0,18.667032,-6351.172205,33.625159,330.658186,1,1.000806,0,0,0,62.177404,42.80948,GravityTurn,,,,,,,,,,,,,,,,,,,,,,,,,,,None,Continue,0,None,6715954.737631,,0,0,1,1,10042.597748,10042.597748,3.045515,11710615.234375,2.058128,641.774778,9.424888,0.126071,1.941646,5,0.0144,4.994193,,,,,,1,1,0,1,1,0.64898,0,0,0
69.339998,ASCENT,7,0,1,None,Holding,0,12156.846052,720.527626,450.046086,360.196575,31626.746033,1.504549,5652.694385,392160.898663,1.750624,6913026.367188,4.998272,0.01011,0.767465,,0,0,0,0,0.00344,0.01011,0.008697,-0.155507,0.011308,0.00247,8994.702558,8994.576195,0.498274,0.007679,0.011045,289.594716,124016.195313,669.442505,124016.945313,0,18.809981,-6351.044856,33.675395,330.814799,1,1.000806,0,0,0,62.092255,42.809751,GravityTurn,,,,,,,,,,,,,,,,,,,,,,,,,,,None,Continue,0,None,6717756.505376,,0,0,1,1,10046.376984,10046.376984,3.05253,11713830.078125,2.07552,643.812143,9.543368,0.125757,1.976849,5,0.006841,4.996241,,,,,,1,1,0,1,1,0.649215,0,0,0
69.599998,ASCENT,7,0,1,None,Holding,0,12250.646202,722.915328,452.465799,361.521759,31588.174351,1.514535,5723.08787,391563.53233,1.754771,6920486.816406,5.000354,0.010177,0.768237,,0,0,0,0,0.000631,0.010177,0.008696,-0.162571,0.016549,-0.00059,9006.721502,9006.596119,0.498263,-0.003112,0.007188,289.85689,123893.0625,668.434326,123893.8125,0,18.953589,-6350.916198,33.725757,330.970788,1,1.000806,0,0,0,62.006916,42.810025,GravityTurn,,,,,,,,,,,,,,,,,,,,,,,,,,,None,Continue,0,None,6720569.252329,,0,0,1,1,10048.110718,10048.110718,3.055846,11715330.078125,2.092961,645.846012,9.660011,0.126212,1.907467,5,0.007735,4.997519,,,,,,1,1,0,1,1,0.649442,0,0,0
69.859998,ASCENT,7,0,1,None,Holding,0,12344.790662,725.318515,454.900468,362.85062,31546.767869,1.52458,5794.071619,390965.75401,1.759471,6921993.652344,4.995982,0.010012,0.769065,,0,0,0,0,0.00444,0.010012,0.008332,-0.184022,-0.00732,-0.000536,9019.321693,9019.209103,0.477384,-0.000375,-0.000146,290.094409,123770.945313,667.435181,123771.695313,0,19.097873,-6350.786101,33.776381,331.126581,1,1.000806,0,0,0,61.921311,42.810301,GravityTurn,,,,,,,,,,,,,,,,,,,,,,,,,,,None,Continue,0,None,6724244.446173,,0,0,1,1,10051.699371,10051.699371,3.062897,11718490.234375,2.110441,647.87638,9.777516,0.121538,1.969799,5,-0.017015,4.997807,,,,,,1,1,0,1,1,0.649688,0,0,0
70.119998,ASCENT,7,0,1,None,Holding,0,12439.280533,727.736435,457.34941,364.183837,31502.515517,1.534683,5865.647102,390367.502667,1.763527,6923937.5,4.993304,0.009901,0.76995,,0,0,0,0,0.006969,0.009901,0.008656,-0.136066,0.004735,0.001481,9029.695716,9029.578529,0.495943,0.002327,0.006569,290.30613,123641.390625,666.427307,123642.140625,0,19.242859,-6350.654637,33.827172,331.281883,1,1.000806,0,0,0,61.835467,42.810579,GravityTurn,,,,,,,,,,,,,,,,,,,,,,,,,,,None,Continue,0,None,6728988.24805,,0,0,1,1,10053.544067,10053.544067,3.066633,11720148.4375,2.127952,649.903239,9.894928,0.124619,1.948368,5,0.009456,4.995631,,,,,,1,1,0,1,1,0.649941,0,0,0
70.379998,ASCENT,7,0,1,None,Holding,0,12534.119214,730.171873,459.816504,365.524877,31455.231947,1.54484,5937.81764,389768.518902,1.768502,6953992.1875,4.999299,0.010099,0.770895,,0,0,0,0,0.003414,0.010099,0.008611,-0.161991,0.024506,0.000846,9049.375551,9049.256386,0.493397,0.003016,0.006551,290.835914,123515.453125,665.417358,123516.195313,0,19.388684,-6350.521717,33.878198,331.436908,1,1.000806,0,0,0,61.749251,42.810859,GravityTurn,,,,,,,,,,,,,,,,,,,,,,,,,,,None,Continue,0,None,6734918.945014,,0,0,1,1,10056.737305,10056.737305,3.073312,11723070.3125,2.145529,651.926589,10.015985,0.124451,1.931901,5,-0.004546,4.998824,,,,,,1,1,0,1,1,0.650128,0,0,0
70.639998,ASCENT,7,0,1,None,Holding,0,12629.305995,732.621758,462.29746,366.869439,31405.506989,1.555066,6010.589942,389169.168927,1.773459,6944650.878906,4.996302,0.009982,0.77189,,0,0,0,0,0.003947,0.009982,0.00893,-0.114414,-0.013454,-0.001362,9061.043556,9060.926539,0.511633,-0.004702,-0.009333,291.072484,123397.585938,664.420105,123398.328125,0,19.535187,-6350.3874,33.929405,331.591494,1,1.000806,0,0,0,61.662814,42.811142,GravityTurn,,,,,,,,,,,,,,,,,,,,,,,,,,,None,Continue,0,None,6742689.999844,,0,0,1,1,10059.808899,10059.808899,3.080008,11725959.960938,2.163149,653.946429,10.134465,0.127223,1.961357,5,0.02464,4.997399,,,,,,1,1,0,1,1,0.650376,0,0,0
70.879998,ASCENT,7,0,1,None,Holding,0,12724.844191,735.087316,464.793405,368.218783,31353.132683,1.565356,6083.966807,388569.391705,1.777581,6945982.421875,4.997322,0.010006,0.772937,,0,0,0,0,0.002685,0.010006,0.008615,-0.150776,0.029414,-0.002156,9072.519472,9072.407066,0.493621,-0.006624,0.016996,291.313435,123270.382813,663.408203,123271.125,0,19.682421,-6350.251631,33.980748,331.745589,1,1.000806,0,0,0,61.576121,42.811427,GravityTurn,,,,,,,,,,,,,,,,,,,,,,,,,,,None,Continue,0,None,6751150.203219,,0,0,1,1,10061.300598,10061.300598,3.083366,11727392.578125,2.180813,655.962754,10.253346,0.124042,2.008675,5,0.006525,4.999085,,,,,,1,1,0,1,1,0.650653,0,0,0
71.159998,ASCENT,7,0,1,None,Holding,0,12820.731732,737.568119,467.304767,369.571771,31297.817972,1.575702,6157.951381,387969.095685,1.781864,6966380.371094,4.994782,0.009898,0.774044,,0,0,0,0,0.005349,0.009898,0.00854,-0.146845,-0.05789,-0.001922,9087.8611,9087.755221,0.489327,-0.00704,-0.032068,291.64531,123144.789063,662.392456,123145.53125,0,19.830346,-6350.114389,34.032418,331.899522,1,1.000806,0,0,0,61.489158,42.811714,GravityTurn,,,,,,,,,,,,,,,,,,,,,,,,,,,None,Continue,0,None,6759003.901312,,0,0,1,1,10064.5495,10064.5495,3.09093,11730584.960938,2.198514,657.975559,10.373709,0.122044,2.093853,5,0.006714,4.995745,,,,,,1,1,0,1,1,0.650941,0,0,0
71.399998,ASCENT,7,0,1,None,Holding,0,12916.972774,740.063859,469.830233,370.928954,31240.046905,1.586118,6232.546948,387368.3419,1.78676,6959876.953125,4.994031,0.009844,0.775199,,0,0,0,0,0.006581,0.009844,0.008578,-0.136593,0.010824,-0.00026,9099.246869,9099.145281,0.4915,-0.000117,0.000999,291.877671,123018.039063,661.390198,123018.789063,0,19.978984,-6349.975708,34.084186,332.052943,1,1.000806,0,0,0,61.401974,42.812004,GravityTurn,,,,,,,,,,,,,,,,,,,,,,,,,,,None,Continue,0,None,6766483.357952,,0,0,1,1,10065.942627,10065.942627,3.094313,11731991.210938,2.216244,659.98484,10.493791,0.121634,2.014005,5,0.012997,4.993516,,,,,,1,1,0,1,1,0.65119,0,0,0
71.679998,ASCENT,7,0,1,None,Holding,0,13013.568123,742.573824,472.369817,372.28987,31179.258163,1.596588,6307.758355,386767.191388,1.790682,6960331.054688,4.994628,0.009836,0.776415,,0,0,0,0,0.00605,0.009836,0.008454,-0.148768,-0.000696,-0.003213,9111.526703,9111.418593,0.484372,-0.012777,-0.006039,292.158311,122890.890625,660.374207,122891.640625,0,20.128323,-6349.835615,34.136155,332.205826,1,1.000806,0,0,0,61.314569,42.812296,GravityTurn,,,,,,,,,,,,,,,,,,,,,,,,,,,None,Continue,0,None,6773298.87173,,0,0,1,1,10068.638428,10068.638428,3.10108,11734776.367188,2.234011,661.990594,10.613945,0.120892,2.089267,5,0.015313,4.994162,,,,,,1,1,0,1,1,0.651463,0,0,0
71.919998,ASCENT,7,0,1,None,Holding,0,13110.518196,745.099699,474.924949,373.65663,31115.773732,1.607121,6383.590961,386165.491559,1.795458,6986509.277344,4.996132,0.009865,0.777685,,0,0,0,0,0.005111,0.009865,0.008513,-0.145102,0.014708,0.000811,9125.613049,9125.498669,0.48776,0.002277,0.000421,292.51096,122764.328125,659.365662,122765.070313,0,20.278445,-6349.694052,34.188217,332.358196,1,1.000806,0,0,0,61.226897,42.812591,GravityTurn,,,,,,,,,,,,,,,,,,,,,,,,,,,None,Continue,0,None,6779557.077083,,0,0,1,1,10069.943359,10069.943359,3.104465,11736158.203125,2.251834,663.99282,10.73571,0.122249,1.993046,5,0.00872,4.994893,,,,,,1,1,0,1,1,0.651763,0,0,0
72.179998,ASCENT,7,0,1,None,Holding,0,13207.822485,747.640207,477.493561,375.025936,31049.586087,1.617717,6460.044368,385563.41026,1.799839,6979183.105469,4.995363,0.009813,0.779008,,0,0,0,0,0.004865,0.009813,0.008332,-0.158721,-0.006149,-0.000866,9134.811769,9134.70099,0.47739,-0.002454,-0.000936,292.651054,122643.234375,658.354309,122643.984375,0,20.429226,-6349.550979,34.240411,332.509926,1,1.000806,0,0,0,61.139031,42.812888,GravityTurn,,,,,,,,,,,,,,,,,,,,,,,,,,,None,Continue,0,None,6786060.804959,,0,0,1,1,10072.461426,10072.461426,3.111277,11738896.484375,2.269697,665.991519,10.855663,0.120279,2.030743,5,0.001177,4.995569,,,,,,1,1,0,1,1,0.65207,0,0,0
72.459998,ASCENT,7,0,1,None,Holding,0,13305.48333,750.197441,480.079363,376.401045,30980.476083,1.62837,6537.12593,384960.611798,1.804141,6998578.125,4.99691,0.009848,0.78039,,0,0,0,0,0.004499,0.009848,0.008419,-0.152654,0.007626,-0.002098,9150.538601,9150.432379,0.482383,-0.006664,-0.00354,293.005375,122512.65625,657.339539,122513.40625,0,20.580796,-6349.406351,34.292871,332.661401,1,1.000806,0,0,0,61.050846,42.813187,GravityTurn,,,,,,,,,,,,,,,,,,,,,,,,,,,None,Continue,0,None,6792221.738596,,0,0,1,1,10074.861725,10074.861725,3.118104,11741600.585938,2.287619,667.986684,10.978621,0.120822,1.972025,5,0.009328,4.995068,,,,,,1,1,0,1,1,0.652383,0,0,0
72.719998,ASCENT,7,0,1,None,Holding,0,13403.504052,752.772881,482.683554,377.783934,30908.791659,1.63909,6614.839612,384357.00462,1.809974,7006049.804688,4.994599,0.009747,0.781824,,0,0,0,0,0.005777,0.009747,0.008256,-0.158808,-0.030071,0.000977,9170.512487,9170.405607,0.473051,0.000727,-0.021848,293.506378,122391.414063,656.326477,122392.164063,0,20.733237,-6349.260118,34.345482,332.812463,1,1.000806,0,0,0,60.962305,42.813489,GravityTurn,,,,,,,,,,,,,,,,,,,,,,,,,,,None,Continue,0,None,6799092.226447,,0,0,1,1,10076.158844,10076.158844,3.12195,11743108.398438,2.305601,669.978318,11.103977,0.119414,2.041292,5,-0.005905,4.995234,,,,,,1,1,0,1,1,0.6527,0,0,0
72.979998,ASCENT,7,0,1,None,Holding,0,13501.88473,755.36649,485.306085,379.172991,30834.826114,1.649884,6693.188986,383752.649762,1.816267,7027440.917969,4.992257,0.009639,0.783303,,0,0,0,0,0.008498,0.009639,0.008759,-0.093417,-0.010402,-0.002637,9189.136787,9189.032087,0.501836,-0.007709,-0.015187,293.980409,122261.4375,655.312561,122262.1875,0,20.886491,-6349.112208,34.398356,332.963346,1,1.000806,0,0,0,60.873412,42.813793,GravityTurn,,,,,,,,,,,,,,,,,,,,,,,,,,,None,Continue,0,None,6807978.850226,,0,0,1,1,10078.500061,10078.500061,3.12926,11745925.78125,2.323629,671.966415,11.228933,0.123489,2.065742,5,0.029323,4.994778,,,,,,1,1,0,1,1,0.653024,0,0,0
73.239998,ASCENT,7,0,1,None,Holding,0,13600.627266,757.978163,487.946284,380.569618,30758.267017,1.660745,6772.177686,383147.57774,1.821742,7022684.082031,4.994891,0.009712,0.784835,,0,0,0,0,0.006135,0.009712,0.008606,-0.117089,0.009756,-0.00345,9206.818984,9206.713824,0.49311,-0.011372,-0.004695,294.397861,122135.085938,654.290222,122135.835938,0,21.040618,-6348.962673,34.451282,333.11346,1,1.000806,0,0,0,60.784194,42.8141,GravityTurn,,,,,,,,,,,,,,,,,,,,,,,,,,,None,Continue,0,None,6818507.94349,,0,0,1,1,10079.557281,10079.557281,3.132706,11747238.28125,2.341724,673.950977,11.353557,0.122083,2.195703,5,0.019139,4.99456,,,,,,1,1,0,1,1,0.653346,0,0,0
73.499998,ASCENT,7,0,1,None,Holding,0,13699.734339,760.604283,490.600414,381.968196,30678.87814,1.671665,6851.811887,382542.032696,1.82638,7022448.242188,4.996621,0.009752,0.786422,,0,0,0,0,0.003378,0.009752,0.008293,-0.154101,-0.017686,0.002833,9217.655764,9217.555682,0.475142,0.007864,-0.013034,294.614419,122007.648438,653.27655,122008.390625,0,21.195401,-6348.811563,34.504443,333.263321,1,1.000806,0,0,0,60.694779,42.81441,GravityTurn,,,,,,,,,,,,,,,,,,,,,,,,,,,None,Continue,0,None,6828823.063635,,0,0,1,1,10081.816681,10081.816681,3.140479,11750162.109375,2.359855,675.932001,11.475731,0.118972,2.197741,5,0.018016,4.99726,,,,,,1,1,0,1,1,0.653674,0,0,0
73.759998,ASCENT,7,0,1,None,Holding,0,13799.205061,763.249459,493.274121,383.375844,30596.57141,1.682642,6932.094043,381935.587384,1.83162,7049465.332031,4.996264,0.00972,0.788069,,0,0,0,0,0.003978,0.00972,0.008523,-0.12596,-0.003045,-0.000863,9237.360651,9237.252914,0.488354,-0.001791,-0.007948,295.121249,121876.945313,652.259216,121877.695313,0,21.351124,-6348.658785,34.557739,333.412655,1,1.000806,0,0,0,60.604979,42.814722,GravityTurn,,,,,,,,,,,,,,,,,,,,,,,,,,,None,Continue,0,None,6837883.534268,,0,0,1,1,10082.773285,10082.773285,3.143955,11751450.195313,2.378052,677.90949,11.602207,0.121198,2.142446,5,0.006882,4.996237,,,,,,1,1,0,1,1,0.653956,0,0,0
74.019998,ASCENT,7,0,1,None,Holding,0,13899.043109,765.911231,495.963452,384.7877,30511.574309,1.693683,7013.028356,381328.516461,1.837085,7063386.71875,4.996339,0.009701,0.789769,,0,0,0,0,0.003658,0.009701,0.008516,-0.124511,-0.001556,0.004454,9252.937708,9252.834944,0.487907,0.012582,-0.004176,295.470923,121749.648438,651.239563,121750.40625,0,21.5076,-6348.504329,34.611138,333.561378,1,1.000806,0,0,0,60.51493,42.815036,GravityTurn,,,,,,,,,,,,,,,,,,,,,,,,,,,None,Continue,0,None,6847019.934804,,0,0,1,1,10084.702087,10084.702087,3.15135,11754156.25,2.396294,679.88344,11.727156,0.120622,2.102452,5,0.012061,4.993609,,,,,,1,1,0,1,1,0.654226,0,0,0
74.279998,ASCENT,7,0,1,None,Holding,0,13999.247581,768.587026,498.666962,386.203327,30423.474636,1.704775,7094.618824,380720.941998,1.841505,7049572.265625,4.994335,0.00961,0.791531,,0,0,0,0,0.005891,0.00961,0.008406,-0.12615,-0.038658,-0.000409,9264.873114,9264.766332,0.481634,-0.002328,-0.02119,295.713641,121624.507813,650.214355,121625.25,0,21.664813,-6348.348369,34.664703,333.709669,1,1.000806,0,0,0,60.424683,42.815353,GravityTurn,,,,,,,,,,,,,,,,,,,,,,,,,,,None,Continue,0,None,6855163.034455,,0,0,1,1,10085.66629,10085.66629,3.155276,11755573.242188,2.414579,681.853852,11.850995,0.119994,2.146561,5,0.025974,4.995413,,,,,,1,1,0,1,1,0.654523,0,0,0
74.519998,ASCENT,7,0,1,None,Holding,0,14099.822849,771.281464,501.388983,387.625413,30332.672209,1.71593,7176.869879,380112.589337,1.84681,7059763.671875,4.995378,0.009626,0.793347,,0,0,0,0,0.004643,0.009626,0.008277,-0.140965,-0.020674,-0.004835,9279.271789,9279.174334,0.474251,-0.01421,-0.013969,296.036431,121496.609375,649.200195,121497.359375,0,21.822878,-6348.190634,34.718447,333.857649,1,1.000806,0,0,0,60.334095,42.815673,GravityTurn,,,,,,,,,,,,,,,,,,,,,,,,,,,None,Continue,0,None,6863307.731323,,0,0,1,1,10087.383362,10087.383362,3.162717,11758223.632813,2.432921,683.820725,11.97657,0.117728,2.125726,5,-0.003964,4.995838,,,,,,1,1,0,1,1,0.654814,0,0,0
74.799998,ASCENT,7,0,1,None,Holding,0,14200.767561,773.993273,504.128615,389.053549,30238.686359,1.727134,7259.786308,379503.443219,1.851913,7079365.722656,4.99733,0.009673,0.795226,,0,0,0,0,0.003312,0.009673,0.008156,-0.158073,-0.05079,-0.003918,9297.990821,9297.895757,0.467299,-0.012957,-0.027845,296.499115,121364.59375,648.175476,121365.34375,0,21.98178,-6348.031197,34.77238,334.005102,1,1.000806,0,0,0,60.2432,42.815995,GravityTurn,,,,,,,,,,,,,,,,,,,,,,,,,,,None,Continue,0,None,6871255.975695,,0,0,1,1,10088.868988,10088.868988,3.16975,11760683.59375,2.451316,685.784056,12.10357,0.116545,2.06477,5,-0.004831,4.994753,,,,,,1,1,0,1,1,0.655111,0,0,0
75.039998,ASCENT,7,0,1,None,Holding,0,14302.085075,776.725558,506.887776,390.489033,30142.038956,1.738401,7343.373104,378893.396832,1.858242,7088793.457031,4.995264,0.009574,0.797159,,0,0,0,0,0.006236,0.009574,0.008189,-0.143739,-0.003581,0.002645,9319.331293,9319.241006,0.469198,0.007251,0.002717,297.011103,121235.007813,647.143677,121235.757813,0,22.141577,-6347.869849,34.826384,334.15204,1,1.000806,0,0,0,60.151936,42.81632,GravityTurn,,,,,,,,,,,,,,,,,,,,,,,,,,,None,Continue,0,None,6879851.559134,,0,0,1,1,10089.567474,10089.567474,3.173278,11761902.34375,2.469764,687.743847,12.232474,0.115984,2.046765,5,0.008849,4.99509,,,,,,1,1,0,1,1,0.655447,0,0,0
75.319998,ASCENT,7,0,1,None,Holding,0,14403.776503,779.475506,509.665595,391.932339,30042.731484,1.749731,7427.631726,378282.556988,1.864726,7119085.9375,4.993704,0.009499,0.799145,,0,0,0,0,0.006414,0.009499,0.008506,-0.102807,-0.023195,-0.000009,9339.51394,9339.423954,0.48733,0.000227,-0.013228,297.534579,121105.492188,646.12262,121106.242188,0,22.302294,-6347.70682,34.880577,334.29846,1,1.000806,0,0,0,60.060337,42.816647,GravityTurn,,,,,,,,,,,,,,,,,,,,,,,,,,,None,Continue,0,None,6890198.831445,,0,0,1,1,10090.872772,10090.872772,3.180358,11764314.453125,2.488282,689.700098,12.360576,0.119895,2.091459,5,0.038069,4.997029,,,,,,1,1,0,1,1,0.655745,0,0,0
75.579998,ASCENT,7,0,1,None,Holding,0,14505.84361,782.245452,512.463721,393.383491,29940.872798,1.761127,7512.569675,377670.649029,1.871238,7127371.09375,4.997723,0.009621,0.801183,,0,0,0,0,0.003193,0.009621,0.00841,-0.124976,0.03758,-0.002323,9359.447391,9359.360118,0.481849,-0.008245,0.013499,298.005867,120975.179688,645.091919,120975.929688,0,22.463937,-6347.541911,34.934971,334.44464,1,1.000806,0,0,0,59.96835,42.816977,GravityTurn,,,,,,,,,,,,,,,,,,,,,,,,,,,None,Continue,0,None,6902120.114035,,0,0,1,1,10091.552032,10091.552032,3.184355,11765656.25,2.506866,691.652813,12.489371,0.118236,2.529566,5,0.029442,4.996707,,,,,,1,1,0,1,1,0.656105,0,0,0
75.839998,ASCENT,7,0,1,None,Holding,0,14608.290144,785.035852,515.282967,394.843074,29836.23334,1.772581,7598.190256,377057.672955,1.877577,7130419.433594,4.996534,0.009561,0.803275,,0,0,0,0,0.003574,0.009561,0.008312,-0.128343,0.014807,-0.003098,9382.862792,9382.766585,0.476259,-0.01015,0.003041,298.618545,120842.375,644.06073,120843.125,0,22.626537,-6347.375096,34.9896,334.590594,1,1.000806,0,0,0,59.875953,42.81731,GravityTurn,,,,,,,,,,,,,,,,,,,,,,,,,,,None,Continue,0,None,6915044.714061,,0,0,1,1,10092.666565,10092.666565,3.191485,11768017.578125,2.525519,693.601989,12.61933,0.116665,2.509956,5,0.010497,4.997489,,,,,,1,1,0,1,1,0.656464,0,0,0
76.079998,ASCENT,7,0,1,None,Holding,0,14711.11682,787.846665,518.121914,396.310711,29729.088787,1.784099,7684.499328,376443.720318,1.8845,7149809.570313,4.997192,0.009565,0.805418,,0,0,0,0,0.004219,0.009565,0.008322,-0.127283,-0.04629,-0.000166,9402.926034,9402.831534,0.476841,-0.000917,-0.022841,299.138761,120712.703125,643.034241,120713.445313,0,22.790085,-6347.206346,35.044258,334.735858,1,1.000806,0,0,0,59.783196,42.817646,GravityTurn,,,,,,,,,,,,,,,,,,,,,,,,,,,None,Continue,0,None,6928916.605914,,0,0,1,1,10093.176239,10093.176239,3.195057,11769186.523438,2.544232,695.547629,12.748393,0.117432,2.384379,5,0.015203,4.998084,,,,,,1,1,0,1,1,0.656873,0,0,0
76.359998,ASCENT,7,0,1,None,Holding,0,14814.325898,790.675706,520.979695,397.785456,29619.077245,1.795672,7771.500756,375828.897931,1.890196,7171543.457031,4.993614,0.009418,0.807618,,0,0,0,0,0.006378,0.009418,0.007992,-0.145656,0.012976,-0.000229,9421.670544,9421.57979,0.457883,-0.000095,0.004206,299.560342,120582.65625,641.998291,120583.398438,0,22.954546,-6347.035788,35.099102,334.880602,1,1.000806,0,0,0,59.69011,42.817984,GravityTurn,,,,,,,,,,,,,,,,,,,,,,,,,,,None,Continue,0,None,6942263.613691,,0,0,1,1,10094.153931,10094.153931,3.202687,11771641.601563,2.563002,697.489738,12.876701,0.111639,2.813362,5,-0.001387,4.995895,,,,,,1,1,0,1,1,0.657313,0,0,0
76.619998,ASCENT,7,0,1,None,Holding,0,14917.919692,793.527466,523.860132,399.269081,29506.42499,1.807303,7859.199056,375212.946393,1.897066,7153784.179688,4.996486,0.009497,0.809872,,0,0,0,0,0.003764,0.009497,0.008074,-0.144778,0.043045,0.003091,9445.098137,9445.014455,0.462611,0.009872,0.024387,300.135912,120447.789063,640.961426,120448.53125,0,23.120003,-6346.863113,35.154133,335.025087,1,1.000806,0,0,0,59.596575,42.818325,GravityTurn,,,,,,,,,,,,,,,,,,,,,,,,,,,None,Continue,0,None,6954965.489285,,0,0,1,1,10094.899017,10094.899017,3.209461,11773779.296875,2.581843,699.428313,13.007962,0.1115,2.714045,5,0.00501,4.994162,,,,,,1,1,0,1,1,0.65777,0,0,0
76.879998,ASCENT,7,0,1,None,Holding,0,15021.90031,796.400676,526.762934,400.76301,29391.216783,1.818995,7947.600552,374595.774151,1.904836,7190517.578125,4.994347,0.009395,0.812176,,0,0,0,0,0.006417,0.009395,0.008215,-0.119568,-0.005683,-0.000034,9470.900369,9470.811892,0.470709,-0.004748,0.001189,300.828332,120316.929688,639.926208,120317.679688,0,23.286518,-6346.688468,35.20934,335.169197,1,1.000806,0,0,0,59.502603,42.818668,GravityTurn,,,,,,,,,,,,,,,,,,,,,,,,,,,None,Continue,0,None,6968974.319857,,0,0,1,1,10095.292572,10095.292572,3.213527,11775046.875,2.60075,701.363355,13.13956,0.11403,2.589025,5,0.034164,4.994685,,,,,,1,1,0,1,1,0.658205,0,0,0
77.119998,ASCENT,7,0,1,None,Holding,0,15126.270122,799.292977,529.684642,402.263565,29272.547912,1.830719,8036.708325,373977.762677,1.911165,7192807.128906,4.992806,0.009313,0.814549,,0,0,0,0,0.007515,0.009313,0.007967,-0.136031,0.048875,-0.000789,9491.477952,9491.389843,0.456461,-0.001614,0.021986,301.326875,120182.421875,638.884094,120183.164063,0,23.453947,-6346.51188,35.264664,335.312869,1,1.000806,0,0,0,59.408311,42.819015,GravityTurn,,,,,,,,,,,,,,,,,,,,,,,,,,,None,Continue,0,None,6983022.321919,,0,0,1,1,10095.866852,10095.866852,3.220347,11777137.695313,2.619714,703.294869,13.269215,0.109916,2.66651,5,-0.012997,4.994553,,,,,,1,1,0,1,1,0.658685,0,0,0
77.399998,ASCENT,7,0,1,None,Holding,0,15231.033667,802.20762,532.630215,403.774996,29149.685554,1.842449,8126.530556,373358.408429,1.918931,7215774.902344,4.993407,0.009308,0.817006,,0,0,0,0,0.007015,0.009308,0.008127,-0.118952,0.029517,0.002751,9516.508354,9516.429146,0.465634,0.007785,0.009945,301.965376,120049.5625,637.842834,120050.304688,0,23.622474,-6346.333242,35.32026,335.456254,1,1.000806,0,0,0,59.313542,42.819364,GravityTurn,,,,,,,,,,,,,,,,,,,,,,,,,,,None,Continue,0,None,6997330.296023,,0,0,1,1,10096.353241,10096.353241,3.227652,11779335.9375,2.638757,705.222857,13.401351,0.111496,2.513139,5,0.004507,4.993161,,,,,,1,1,0,1,1,0.659188,0,0,0
77.659998,ASCENT,7,0,1,None,Holding,0,15336.188615,805.144835,535.596616,405.293911,29022.266694,1.85417,8217.067402,372738.031842,1.925531,7236266.113281,4.992404,0.009235,0.819555,,0,0,0,0,0.008215,0.009235,0.007734,-0.15054,-0.017237,0.003522,9541.091525,9541.025415,0.443117,0.014139,-0.00496,302.566031,119916.609375,636.807373,119917.359375,0,23.791964,-6346.152378,35.375829,335.598839,1,1.000806,0,0,0,59.218398,42.819716,GravityTurn,,,,,,,,,,,,,,,,,,,,,,,,,,,None,Continue,0,None,7011560.861221,,0,0,1,1,10096.546844,10096.546844,3.231317,11780423.828125,2.657847,707.147319,13.532885,0.106242,2.335399,5,-0.009974,4.989424,,,,,,1,1,0,1,1,0.65968,0,0,0
77.919998,ASCENT,7,0,1,None,Holding,0,15441.741705,808.100383,538.582355,406.820472,28890.573556,1.865888,8308.326039,372116.724469,1.932637,7245210.9375,4.994868,0.009289,0.822189,,0,0,0,0,0.007842,0.009289,0.007868,-0.142074,-0.029082,-0.001536,9559.888995,9559.81284,0.450783,-0.003256,-0.005093,303.027922,119781.507813,635.757263,119782.257813,0,23.962428,-6345.969629,35.431584,335.741087,1,1.000806,0,0,0,59.12293,42.820071,GravityTurn,,,,,,,,,,,,,,,,,,,,,,,,,,,None,Continue,0,None,7025756.582348,,0,0,1,1,10096.85968,10096.85968,3.239127,11782708.007813,2.677005,709.068258,13.662174,0.1085,2.442726,5,-0.003956,4.994804,,,,,,1,1,0,1,1,0.660214,0,0,0
78.179998,ASCENT,7,0,1,None,Holding,0,15547.693844,811.07468,541.587407,408.355226,28754.197884,1.877587,8400.314775,371494.48631,1.938359,7251936.035156,4.995453,0.009284,0.824916,,0,0,0,0,0.007394,0.009284,0.008002,-0.127739,-0.015793,-0.002093,9578.986513,9578.905144,0.458482,-0.007278,0.003556,303.519063,119650.953125,634.715149,119651.703125,0,24.133898,-6345.784972,35.487431,335.88277,1,1.000806,0,0,0,59.027141,42.820428,GravityTurn,,,,,,,,,,,,,,,,,,,,,,,,,,,None,Continue,0,None,7038089.603788,,0,0,1,1,10096.955933,10096.955933,3.242827,11783769.53125,2.696236,710.985679,13.791867,0.111452,2.260166,5,0.007357,4.996292,,,,,,1,1,0,1,1,0.660746,0,0,0
78.439998,ASCENT,7,0,1,None,Holding,0,15654.04493,814.073877,544.617939,409.90073,28613.713308,1.88928,8493.031758,370870.783307,1.946529,7255813.964844,4.995555,0.009264,0.827726,,0,0,0,0,0.004603,0.009264,0.008008,-0.124726,-0.015667,0.003767,9605.771674,9605.699328,0.458836,0.012363,-0.004766,304.174748,119514.921875,633.671204,119515.671875,0,24.306488,-6345.597983,35.543513,336.02425,1,1.000806,0,0,0,58.930839,42.820789,GravityTurn,,,,,,,,,,,,,,,,,,,,,,,,,,,None,Continue,0,None,7051170.359003,,0,0,1,1,10097.051422,10097.051422,3.250706,11785999.023438,2.715555,712.899588,13.924839,0.110225,2.134712,5,0.011406,4.99334,,,,,,1,1,0,1,1,0.661313,0,0,0
78.699998,ASCENT,7,0,1,None,Holding,0,15760.798661,817.091109,547.666634,411.452176,28468.892521,1.900957,8586.486471,370246.164776,1.953122,7272172.363281,4.994556,0.009202,0.830622,,0,0,0,0,0.005514,0.009202,0.007782,-0.14058,0.016161,-0.002672,9624.682415,9624.607915,0.445853,-0.004735,0.013481,304.644622,119377.851563,632.622437,119378.59375,0,24.48,-6345.409017,35.59972,336.165249,1,1.000806,0,0,0,58.83426,42.821152,GravityTurn,,,,,,,,,,,,,,,,,,,,,,,,,,,None,Continue,0,None,7064995.877722,,0,0,1,1,10097.010132,10097.010132,3.25816,11788065.429688,2.734921,714.809984,14.053991,0.10808,2.096279,5,-0.00406,4.99628,,,,,,1,1,0,1,1,0.661915,0,0,0
78.959998,ASCENT,7,0,1,None,Holding,0,15867.957643,820.131054,550.738716,413.014135,28319.826155,1.912617,8680.682764,369620.264508,1.960328,7301179.199219,4.993951,0.009155,0.833603,,0,0,0,0,0.00804,0.009155,0.008384,-0.075991,-0.023459,0.000641,9649.259828,9649.195647,0.480363,0.003342,-0.022504,305.2686,119243.359375,631.564148,119244.109375,0,24.654636,-6345.217861,35.656069,336.305819,1,1.000806,0,0,0,58.737242,42.821518,GravityTurn,,,,,,,,,,,,,,,,,,,,,,,,,,,None,Continue,0,None,7078280.774794,,0,0,1,1,10096.940552,10096.940552,3.261901,11789085.9375,2.754365,716.716872,14.185795,0.113179,2.226449,5,0.0286,4.995448,,,,,,1,1,0,1,1,0.662558,0,0,0
79.219998,ASCENT,7,0,1,None,Holding,0,15975.524325,823.195831,553.835937,414.587318,28166.703952,1.924262,8775.62578,368992.960431,1.968436,7319243.652344,4.994866,0.009161,0.836666,,0,0,0,0,0.005154,0.009161,0.007784,-0.135237,-0.027263,-0.001736,9679.620326,9679.548647,0.445991,-0.006854,-0.015472,306.055623,119111.109375,630.511597,119111.859375,0,24.830435,-6345.024346,35.712556,336.445946,1,1.000806,0,0,0,58.639735,42.821887,GravityTurn,,,,,,,,,,,,,,,,,,,,,,,,,,,None,Continue,0,None,7092262.843373,,0,0,1,1,10096.723083,10096.723083,3.268943,11790978.515625,2.773891,718.620255,14.320199,0.10578,2.396465,5,-0.015482,4.987412,,,,,,1,1,0,1,1,0.663201,0,0,0
79.479998,ASCENT,7,0,1,None,Holding,0,16083.500055,826.286526,556.95984,416.173352,28010.172879,1.935909,8871.320703,368364.099957,1.977912,7339711.425781,4.993809,0.009103,0.839797,,0,0,0,0,0.00721,0.009103,0.008647,-0.044567,0.042021,0.004083,9709.368728,9709.293053,0.495435,0.016232,0.018434,306.831752,118965.570313,629.454407,118966.3125,0,25.007476,-6344.828431,35.769195,336.585677,1,1.000806,0,0,0,58.541693,42.82226,GravityTurn,,,,,,,,,,,,,,,,,,,,,,,,,,,None,Continue,0,None,7110610.838811,,0,0,1,1,10096.363159,10096.363159,3.276499,11792965.820313,2.793513,720.520138,14.454117,0.116824,2.593067,5,0.058358,4.996405,,,,,,1,1,0,1,1,0.663821,0,0,0
79.739998,ASCENT,7,0,1,None,Holding,0,16191.890239,829.40414,560.112013,417.772026,27850.112519,1.947549,8967.773723,367733.51524,1.986984,7362977.539063,4.991804,0.009,0.842998,,0,0,0,0,0.008868,0.009,0.007877,-0.109328,-0.027682,-0.001062,9742.093449,9742.024691,0.451311,-0.002312,-0.022119,307.703092,118835.585938,628.399475,118836.34375,0,25.18576,-6344.630003,35.826142,336.725392,1,1.000806,0,0,0,58.443072,42.822635,GravityTurn,,,,,,,,,,,,,,,,,,,,,,,,,,,None,Continue,0,None,7132359.452233,,0,0,1,1,10096.133667,10096.133667,3.280294,11793947.265625,2.813209,722.416526,14.588706,0.1042,3.112819,5,0.001887,4.991802,,,,,,1,1,0,1,1,0.664522,0,0,0
79.979998,ASCENT,7,0,1,None,Holding,0,16300.700458,832.546659,563.288311,419.382332,27686.476658,1.959176,9064.99115,367101.572491,1.995468,7369846.191406,4.99482,0.00908,0.84627,,0,0,0,0,0.005319,0.00908,0.008439,-0.062182,0.051387,-0.003274,9770.353613,9770.292526,0.483505,-0.008625,0.033934,308.450402,118701.054688,627.33551,118701.804688,0,25.365255,-6344.42917,35.883007,336.864219,1,1.000806,0,0,0,58.344008,42.823013,GravityTurn,,,,,,,,,,,,,,,,,,,,,,,,,,,None,Continue,0,None,7153981.166543,,0,0,1,1,10095.577759,10095.577759,3.287908,11795886.71875,2.832993,724.309421,14.721081,0.115459,3.524501,5,0.05388,4.995424,,,,,,1,1,0,1,1,0.665239,0,0,0
80.259998,ASCENT,7,0,1,None,Holding,0,16409.929179,835.714031,566.491628,421.005099,27519.341771,1.970788,9162.979184,366468.058087,2.004628,7380446.777344,4.995099,0.009061,0.849613,,0,0,0,0,0.00556,0.009061,0.008066,-0.096104,0.015286,-0.002052,9800.067922,9799.990676,0.462133,-0.009243,0.004926,309.218195,118560.273438,626.275696,118561.015625,0,25.546005,-6344.225954,35.940211,337.002945,1,1.000806,0,0,0,58.244414,42.823394,GravityTurn,,,,,,,,,,,,,,,,,,,,,,,,,,,None,Continue,0,None,7174235.501104,,0,0,1,1,10095.250763,10095.250763,3.291745,11796843.75,2.85286,726.198833,14.854212,0.108625,3.448785,5,0.025292,4.997467,,,,,,1,1,0,1,1,0.66597,0,0,0
80.519998,ASCENT,7,0,1,None,Holding,0,16519.582216,838.90727,569.720523,422.638622,27348.654361,1.982379,9261.744904,365833.048321,2.013186,7405934.570313,4.986876,0.008733,0.853027,,0,0,0,0,0.013983,0.008733,0.007776,-0.092022,-0.016869,0.000938,9829.829227,9829.765204,0.445532,0.004846,0.001215,309.977182,118418.585938,625.210938,118419.328125,0,25.727946,-6344.020173,35.997504,337.141212,1,1.000806,0,0,0,58.14434,42.823778,GravityTurn,,,,,,,,,,,,,,,,,,,,,,,,,,,None,Continue,0,None,7193368.398392,,0,0,1,1,10094.501221,10094.501221,3.299435,11798735.351563,2.872795,728.084766,14.986865,0.10082,3.804546,5,-0.005509,4.990699,,,,,,1,1,0,1,1,0.666809,0,0,0
80.779998,ASCENT,7,0,1,None,Holding,0,16629.661471,842.123952,572.974339,424.283632,27174.602689,1.99395,9361.288422,365196.665265,2.021962,7425276.855469,4.990386,0.008817,0.856508,,0,0,0,0,0.00988,0.008817,0.007919,-0.085946,0.00283,0.000562,9859.854262,9859.792929,0.453738,0.001479,-0.002085,310.769491,118281.789063,624.13678,118282.539063,0,25.911118,-6343.812049,36.055008,337.279231,1,1.000806,0,0,0,58.043811,42.824165,GravityTurn,,,,,,,,,,,,,,,,,,,,,,,,,,,None,Continue,0,None,7211099.944775,,0,0,1,1,10093.564056,10093.564056,3.307645,11800710.9375,2.892807,729.96722,15.119583,0.104328,3.824201,5,0.019391,4.990953,,,,,,1,1,0,1,1,0.667443,0,0,0
81.019998,ASCENT,7,0,1,None,Holding,0,16740.169256,845.370271,576.25829,425.943517,26997.967206,2.005526,9461.620836,364558.390118,2.031927,7458995.117188,4.991184,0.008801,0.860041,,0,0,0,0,0.010181,0.008801,0.007644,-0.110317,-0.004129,0.000277,9893.676687,9893.614104,0.437942,0.003473,-0.012759,311.656618,118142.179688,623.060242,118142.929688,0,26.095681,-6343.601172,36.112638,337.416888,1,1.000806,0,0,0,57.94267,42.824555,GravityTurn,,,,,,,,,,,,,,,,,,,,,,,,,,,None,Continue,0,None,7230883.548416,,0,0,1,1,10093.073914,10093.073914,3.31154,11801626.953125,2.912913,731.846206,15.254241,0.098769,4.15133,5,0.008699,4.989588,,,,,,1,1,0,1,1,0.668342,0,0,0
81.299998,ASCENT,7,0,1,None,Holding,0,16851.111949,848.641418,579.568272,427.616196,26818.551767,2.017096,9562.745569,363918.61961,2.041044,7482172.363281,4.991125,0.008758,0.863629,,0,0,0,0,0.008882,0.008758,0.00766,-0.104196,-0.013493,-0.002057,9924.859536,9924.796371,0.4389,-0.006367,-0.008472,312.484127,118000.101563,621.995056,118000.859375,0,26.281554,-6343.387849,36.170408,337.553967,1,1.000806,0,0,0,57.841049,42.824948,GravityTurn,,,,,,,,,,,,,,,,,,,,,,,,,,,None,Continue,0,None,7252576.692233,,0,0,1,1,10091.98999,10091.98999,3.31935,11803438.476563,2.933107,733.721729,15.386248,0.099338,3.69483,5,-0.018494,4.989664,,,,,,1,1,0,1,1,0.669228,0,0,0
81.559998,ASCENT,7,0,1,None,Holding,0,16962.48982,851.938307,582.903487,429.298066,26636.489343,2.02866,9664.670174,363277.414776,2.050087,7471273.925781,4.99062,0.008696,0.86727,,0,0,0,0,0.009403,0.008696,0.007663,-0.097625,0.029354,-0.004551,9952.594273,9952.528686,0.439081,-0.015805,0.018066,313.177119,117862.632813,620.908203,117863.375,0,26.468588,-6343.17182,36.228298,337.690674,1,1.000806,0,0,0,57.738977,42.825345,GravityTurn,,,,,,,,,,,,,,,,,,,,,,,,,,,None,Continue,0,None,7272633.492209,,0,0,1,1,10091.399048,10091.399048,3.323272,11804331.054688,2.953375,735.593795,15.517032,0.099967,3.724692,5,-0.003054,4.99126,,,,,,1,1,0,1,1,0.670116,0,0,0
81.799998,ASCENT,7,0,1,None,Holding,0,17074.308852,855.263793,586.268662,430.995953,26452.039383,2.040224,9767.399512,362634.363629,2.059591,7504712.890625,4.990248,0.008636,0.870959,,0,0,0,0,0.010451,0.008636,0.007539,-0.103186,-0.004799,-0.000784,9986.620182,9986.558859,0.43196,-0.001378,0.003198,314.07861,117717.59375,619.828003,117718.34375,0,26.657097,-6342.953114,36.286319,337.827042,1,1.000806,0,0,0,57.636315,42.825744,GravityTurn,,,,,,,,,,,,,,,,,,,,,,,,,,,None,Continue,0,None,7292866.401472,,0,0,1,1,10090.031616,10090.031616,3.331639,11806203.125,2.973741,737.462409,15.650153,0.098548,3.2571,5,0.027384,4.989725,,,,,,1,1,0,1,1,0.6709,0,0,0
82.079998,ASCENT,7,0,1,None,Holding,0,17186.569491,858.613694,589.657968,432.703954,26265.085538,2.05178,9870.941254,361989.923932,2.068672,7519073.730469,4.991713,0.008642,0.874698,,0,0,0,0,0.008952,0.008642,0.00758,-0.099518,-0.00773,-0.000722,10015.57956,10015.529381,0.434295,0.000062,0.001133,314.805845,117574.007813,618.746338,117574.757813,0,26.846828,-6342.731817,36.344366,337.962575,1,1.000806,0,0,0,57.533245,42.826147,GravityTurn,,,,,,,,,,,,,,,,,,,,,,,,,,,None,Continue,0,None,7312609.638409,,0,0,1,1,10089.249023,10089.249023,3.336093,11807179.6875,2.994185,739.327579,15.7804,0.098382,3.327966,5,0.023978,4.989963,,,,,,1,1,0,1,1,0.671804,0,0,0
82.339998,ASCENT,7,0,1,None,Holding,0,17299.27882,861.99218,593.078013,434.427829,26076.037926,2.063338,9975.300217,361343.622662,2.078724,7561679.6875,4.989847,0.008532,0.878479,,0,0,0,0,0.010718,0.008532,0.007237,-0.120776,-0.028881,-0.002007,10051.594576,10051.540191,0.414656,-0.006854,-0.011641,315.760704,117440.492188,617.663696,117441.242188,0,27.038049,-6342.507794,36.402675,338.098079,1,1.000806,0,0,0,57.42957,42.826553,GravityTurn,,,,,,,,,,,,,,,,,,,,,,,,,,,None,Continue,0,None,7332401.107022,,0,0,1,1,10087.753296,10087.753296,3.344063,11808892.578125,3.014733,741.189313,15.913726,0.090706,3.701033,5,-0.01162,4.98852,,,,,,1,1,0,1,1,0.672721,0,0,0
82.599998,ASCENT,7,0,1,None,Holding,0,17412.434446,865.396912,596.52457,436.162588,25885.107159,2.074903,10080.483409,360695.826031,2.088576,7566162.109375,4.991399,0.008382,0.882298,,0,0,0,0,0.013316,0.008382,0.007629,-0.069925,0.006193,0.000069,10080.719532,10080.663199,0.437111,0.001512,-0.000685,316.517499,117288.789063,616.574158,117289.53125,0,27.230547,-6342.281008,36.461126,338.233193,1,1.000806,0,0,0,57.325425,42.826962,GravityTurn,,,,,,,,,,,,,,,,,,,,,,,,,,,None,Continue,0,None,7354048.003236,,0,0,1,1,10086.01889,10086.01889,3.352568,11810679.6875,3.035372,743.047617,16.043707,0.098133,3.30414,5.004606,-0.001539,4.992388,,,,,,1,1,0,1,1,0.673636,0,0,0
82.859998,ASCENT,7,0,1,None,Holding,0,17526.047055,868.828319,599.995065,437.900245,25691.976481,2.086459,10186.490598,360046.717145,2.096551,7576728.027344,4.998349,0.00645,0.88616,,0,0,0,0,0.062256,0.00645,0.006434,-0.001503,0.018152,0.004759,10104.301268,10104.286149,0.368626,0.018753,0.009844,316.868736,117150.140625,615.48053,117150.890625,0,27.423971,-6342.051036,36.519716,338.367914,1,1.000806,0,0,0,57.220891,42.827375,GravityTurn,,,,,,,,,,,,,,,,,,,,,,,,,,,None,Continue,0,None,7373801.037288,,0,0,1,1,10085.154419,10085.154419,3.356592,11811508.789063,3.056081,744.902486,16.170166,0.060758,3.74706,5.060602,0.017734,4.994808,,,,,,1,1,0,1,1,0.674626,0,0,0
83.119998,ASCENT,7,0,1,None,Holding,0,17640.118122,872.291562,603.497743,439.652118,25497.145151,2.098019,10293.327342,359395.639874,2.106042,7594824.21875,5.027505,0.00488,0.890057,,0,0,0,0,0.096324,0.00488,0.00466,-0.02026,-0.000103,-0.000557,10139.661526,10139.659812,0.266993,-0.000417,0.008747,317.7219,117001.71875,614.386536,117002.46875,0,27.618839,-6341.817899,36.578493,338.502355,1,1.000806,0,0,0,57.115724,42.82779,GravityTurn,,,,,,,,,,,,,,,,,,,,,,,,,,,None,Continue,0,None,7391688.556082,,0,0,1,1,10083.324982,10083.324982,3.364691,11813143.554688,3.077091,746.753899,16.302582,0.022141,3.377962,5.123693,-0.0077,5.023859,,,,,,1,1,0,1,1,0.675526,0,0,0
83.359998,ASCENT,7,0,1,None,Holding,0,17754.655024,875.779758,607.028308,441.422446,25300.777856,2.109589,10400.998962,358742.792584,2.116224,7619546.875,5.080518,0.004042,0.893984,,0,0,0,0,0.106477,0.004042,0.003658,-0.035186,0.025429,0.001165,10173.800647,10173.79917,0.209605,0.005629,0.015558,318.629008,116860.5,613.290649,116861.25,0,27.815357,-6341.582385,36.637319,338.636283,1,1.000806,0,0,0,57.010059,42.828209,GravityTurn,,,,,,,,,,,,,,,,,,,,,,,,,,,None,Continue,0,None,7412611.131148,,0,0,1,1,10082.358856,10082.358856,3.368746,11813949.21875,3.098543,748.601875,16.433222,0.013848,3.522378,5.187007,0.028528,5.075777,,,,,,1,1,0,1,1,0.676511,0,0,0
83.639998,ASCENT,7,0,1,None,Holding,0,17869.660981,879.29576,610.590713,443.215809,25103.033881,2.121171,10509.511718,358087.992169,2.127445,7663195.3125,5.145861,0.003491,0.897939,,0,0,0,0,0.107602,0.003491,0.002198,-0.117849,-0.007454,-0.002898,10213.534773,10213.519104,0.12595,-0.012081,-0.010942,319.771218,116711.84375,612.186646,116712.601563,0,28.01375,-6341.344427,36.696233,338.769548,1,1.000806,0,0,0,56.903783,42.828631,GravityTurn,,,,,,,,,,,,,,,,,,,,,,,,,,,None,Continue,0,None,7435907.402036,,0,0,1,1,10080.331299,10080.331299,3.376917,11815539.0625,3.1206,750.446452,16.566126,0.004431,4.110243,5.253447,-0.012382,5.13562,,,,,,1,1,0,1,1,0.677296,0,0,0
83.879998,ASCENT,7,0,1,None,Holding,0,17985.138081,882.83935,614.183196,445.031931,24904.231323,2.132774,10618.875923,357431.34544,2.138879,7672333.496094,5.216944,0.003084,0.901915,,0,0,0,0,0.104864,0.003084,0.002338,-0.067646,-0.028215,-0.004037,10249.597558,10249.571363,0.13398,-0.012602,-0.017128,320.773822,116567.796875,611.087646,116568.539063,0,28.214027,-6341.104015,36.754994,338.901942,1,1.000806,0,0,0,56.796955,42.829057,GravityTurn,,,,,,,,,,,,,,,,,,,,,,,,,,,None,Continue,0,None,7462626.808889,,0,0,1,1,10078.180023,10078.180023,3.385155,11817099.609375,3.143386,752.287671,16.696896,0.029739,3.483991,5.32181,0.021152,5.212667,,,,,,1,1,0,1,1,0.678105,0,0,0
84.159998,ASCENT,7,0,1,None,Holding,0,18101.091935,886.405153,617.80131,446.867518,24703.881572,2.144376,10729.092443,356773.111798,2.148579,7692281.738281,5.293088,0.002932,0.905922,,0,0,0,0,0.09604,0.002932,0.002074,-0.077513,0.011848,-0.000865,10282.916729,10282.872758,0.118837,-0.001859,0.006852,321.731083,116415.21875,609.986755,116415.976563,0,28.416052,-6340.86147,36.813718,339.033404,1,1.000806,0,0,0,56.68971,42.829486,GravityTurn,,,,,,,,,,,,,,,,,,,,,,,,,,,None,Continue,0,None,7486194.869062,,0,0,1,1,10077.05423,10077.05423,3.389287,11817867.1875,3.166923,754.125572,16.824989,0.044203,3.194737,5.389124,-0.004173,5.285154,,,,,,1,1,0,1,1,0.678924,0,0,0
84.419998,ASCENT,7,0,1,None,Holding,0,18217.526789,890.003198,621.454192,448.72544,24502.642207,2.156002,10840.172267,356112.665631,2.160265,7724342.285156,5.364847,0.002436,0.909947,,0,0,0,0,0.097298,0.002436,0.001772,-0.059692,-0.002659,0.001793,10324.673849,10324.645093,0.101526,0.008419,-0.000522,322.786784,116269.085938,608.869751,116269.835938,0,28.619979,-6340.615987,36.872533,339.16448,1,1.000806,0,0,0,56.581784,42.829918,GravityTurn,,,,,,,,,,,,,,,,,,,,,,,,,,,None,Continue,0,None,7508886.102246,,0,0,1,1,10074.560364,10074.560364,3.398111,11819477.539063,3.191255,755.960192,16.957649,0.047908,2.879672,5.462128,0.006783,5.356124,,,,,,1,1,0,1,1,0.679791,0,0,0
84.659998,ASCENT,7,0,1,None,Holding,0,18334.450725,893.626282,625.135129,450.604366,24300.556444,2.167653,10952.115268,355450.51048,2.171335,7734747.070313,5.448188,0.002425,0.913989,,0,0,0,0,0.085628,0.002425,0.001195,-0.110056,-0.038194,-0.000787,10358.96718,10358.929574,0.06845,-0.000739,-0.021424,323.751453,116126.578125,607.753906,116127.328125,0,28.825763,-6340.368147,36.931287,339.294838,1,1.000806,0,0,0,56.473381,42.830354,GravityTurn,,,,,,,,,,,,,,,,,,,,,,,,,,,None,Continue,0,None,7534889.949767,,0,0,1,1,10073.334076,10073.334076,3.402291,11820224.609375,3.216423,757.791562,17.085506,0.051625,2.804795,5.533776,0.00387,5.435909,,,,,,1,1,0,1,1,0.680796,0,0,0
84.939998,ASCENT,7,0,1,None,Holding,0,18451.868124,897.276784,628.846379,452.50561,24097.549638,2.179321,11064.927392,354786.417462,2.18192,7760875.488281,5.531024,0.002405,0.918049,,0,0,0,0,0.075502,0.002405,0.001083,-0.117755,-0.00035,0.002485,10394.888587,10394.841161,0.062041,0.011956,-0.007508,324.747133,115975.453125,606.646729,115976.195313,0,29.033487,-6340.117773,36.989994,339.424265,1,1.000806,0,0,0,56.364438,42.830793,GravityTurn,,,,,,,,,,,,,,,,,,,,,,,,,,,None,Continue,0,None,7559412.202308,,0,0,1,1,10070.787842,10070.787842,3.410703,11821695.3125,3.24249,759.619724,17.213771,0.060682,2.928704,5.606456,-0.011111,5.524966,,,,,,1,1,0,1,1,0.681761,0,0,0
85.199998,ASCENT,7,0,1,None,Holding,0,18569.78354,900.952386,632.586388,454.430066,23893.703158,2.191007,11178.615621,354120.539166,2.192577,7774330.078125,5.614786,0.002393,0.922126,,0,0,0,0,0.066491,0.002393,0.001573,-0.072634,-0.021784,0.00294,10429.483093,10429.422251,0.09014,0.013721,-0.009782,325.655239,115826.671875,605.526672,115827.429688,0,29.243211,-6339.865104,37.048635,339.552981,1,1.000806,0,0,0,56.255007,42.831235,GravityTurn,,,,,,,,,,,,,,,,,,,,,,,,,,,None,Continue,0,None,7582797.525145,,0,0,1,1,10068.113068,10068.113068,3.419164,11823138.671875,3.269487,761.44472,17.341025,0.075847,3.690806,5.681222,0.000565,5.605593,,,,,,1,1,0,1,1,0.682686,0,0,0
85.459998,ASCENT,7,0,1,None,Holding,0,18688.201912,904.656,636.356449,456.37335,23689.214757,2.202718,11293.183166,353452.845074,2.203257,7794486.816406,5.698025,0.002354,0.926216,,0,0,0,0,0.058841,0.002354,0.001147,-0.106523,0.007371,0.001777,10464.351199,10464.296604,0.065691,0.010237,0.005055,326.540124,115676.710938,604.403809,115677.460938,0,29.454749,-6339.609645,37.107322,339.681154,1,1.000806,0,0,0,56.145055,42.831681,GravityTurn,,,,,,,,,,,,,,,,,,,,,,,,,,,None,Continue,0,None,7605823.154665,,0,0,1,1,10066.726349,10066.726349,3.423407,11823849.609375,3.297396,763.266583,17.467709,0.073078,2.849799,5.756868,0.004452,5.690402,,,,,,1,1,0,1,1,0.683651,0,0,0
85.719998,ASCENT,7,0,1,None,Holding,0,18807.128394,908.381637,640.151553,458.337563,23483.813046,2.214436,11408.632592,352783.594586,2.212938,7835718.75,5.778883,0.002324,0.930324,,0,0,0,0,0.052436,0.002324,0.001185,-0.100061,-0.021362,0.001531,10497.269778,10497.210576,0.067879,0.006283,-0.010424,327.428859,115523.421875,603.279602,115524.179688,0,29.668215,-6339.352037,37.165849,339.808343,1,1.000806,0,0,0,56.034732,42.83213,GravityTurn,,,,,,,,,,,,,,,,,,,,,,,,,,,None,Continue,0,None,7626137.332697,,0,0,1,1,10063.86618,10063.86618,3.431954,11825251.953125,3.326257,765.085353,17.592552,0.078626,2.510766,5.831289,-0.018031,5.769067,,,,,,1,1,0,1,1,0.684505,0,0,0
85.959998,ASCENT,7,0,1,None,Holding,0,18926.567036,912.132737,643.974377,460.31941,23277.989064,2.226183,11524.971016,352112.696148,2.223216,7840109.375,5.85806,0.002142,0.93444,,0,0,0,0,0.051141,0.002142,0.000507,-0.14305,0.007512,-0.001658,10527.160521,10527.105937,0.029037,-0.001369,-0.008009,328.164767,115377.0625,602.147461,115377.8125,0,29.883474,-6339.091784,37.224425,339.935095,1,1.000806,0,0,0,55.923964,42.832583,GravityTurn,,,,,,,,,,,,,,,,,,,,,,,,,,,None,Continue,0,None,7645767.690836,,0,0,1,1,10061.075439,10061.075439,3.440028,11826540.039063,3.356073,766.901067,17.716644,0.069775,2.950007,5.908865,-0.038783,5.854999,,,,,,1,1,0,1,1,0.685341,0,0,0
86.219998,ASCENT,7,0,1,None,Holding,0,19046.526347,915.915597,647.832298,462.327686,23071.90556,2.237963,11642.200608,351439.585187,2.234763,7887789.0625,5.942362,0.002003,0.938562,,0,0,0,0,0.048743,0.002003,0.001818,-0.016018,0.004334,0.0045,10569.232195,10569.190471,0.104186,0.01692,-0.004015,329.211645,115224.859375,601.021973,115225.609375,0,30.100965,-6338.82869,37.283003,340.061148,1,1.000806,0,0,0,55.812543,42.833039,GravityTurn,,,,,,,,,,,,,,,,,,,,,,,,,,,None,Continue,0,None,7667914.999828,,0,0,1,1,10059.540222,10059.540222,3.444353,11827217.773438,3.386941,768.713759,17.845191,0.096463,4.055906,5.991047,0.066767,5.940862,,,,,,1,1,0,1,1,0.686527,0,0,0
86.479998,ASCENT,7,0,1,None,Holding,0,19167.01058,919.728279,651.7204,464.354819,22865.762467,2.249785,11760.32551,350764.658429,2.246185,7909998.535156,6.022364,0.001614,0.942685,,0,0,0,0,0.052795,0.001614,0.000407,-0.104436,0.014826,0.002139,10606.536389,10606.505533,0.02334,0.008742,0.00767,330.119066,115072.21875,599.886108,115072.96875,0,30.320349,-6338.562555,37.341434,340.18627,1,1.000806,0,0,0,55.700617,42.833499,GravityTurn,,,,,,,,,,,,,,,,,,,,,,,,,,,None,Continue,0,None,7693359.887186,,0,0,1,1,10056.375214,10056.375214,3.453037,11828553.710938,3.418776,770.523459,17.970927,0.057663,4.072411,6.075149,0.00271,6.015928,,,,,,1,1,0,1,1,0.687583,0,0,0
86.759998,ASCENT,7,0,1,None,Holding,0,19288.029655,923.572627,655.643506,466.410606,22659.70651,2.261654,11879.356606,350087.488629,2.258968,7940895.996094,6.107852,0.00127,0.946806,,0,0,0,0,0.055637,0.00127,0.000095,-0.101121,0.064754,0.001726,10650.241523,10650.219826,0.005452,0.007938,0.055026,331.349962,114914.195313,598.746948,114914.945313,0,30.542118,-6338.293649,37.399748,340.310455,1,1.000806,0,0,0,55.588052,42.833962,GravityTurn,,,,,,,,,,,,,,,,,,,,,,,,,,,None,Continue,0,None,7720528.211298,,0,0,1,1,10053.084869,10053.084869,3.461799,11829862.304688,3.451693,772.330205,18.099039,0.052452,4.557617,6.163147,-0.002588,6.099231,,,,,,1,1,0,1,1,0.688618,0,0,0
86.999998,ASCENT,7,0,1,None,Holding,0,19409.585745,927.440545,659.594354,468.485485,22453.688289,2.273566,11999.291664,349408.67088,2.270168,7934436.035156,6.195191,0.001015,0.950926,,0,0,0,0,0.055202,0.001015,0.000347,-0.057294,-0.058168,0.002418,10684.289056,10684.278531,0.019864,0.012461,-0.043271,332.229094,114756.898438,597.601807,114757.648438,0,30.765829,-6338.022266,37.458287,340.434686,1,1.000806,0,0,0,55.475062,42.834429,GravityTurn,,,,,,,,,,,,,,,,,,,,,,,,,,,None,Continue,0,None,7747162.640051,,0,0,1,1,10051.395477,10051.395477,3.466212,11830506.835938,3.485692,774.134038,18.222018,0.064732,3.985833,6.250331,0.025462,6.18967,,,,,,1,1,0,1,1,0.689666,0,0,0
87.279998,ASCENT,7,0,1,None,Holding,0,19531.68647,931.333701,663.572929,470.584582,22247.55168,2.285513,12120.136759,348728.144147,2.280816,7974930.664063,6.288676,0.001107,0.955049,,0,0,0,0,0.046055,0.001107,0.000216,-0.075972,-0.040266,0.002654,10718.010066,10717.990654,0.012397,0.008266,-0.027245,333.109528,114610.117188,596.467651,114610.867188,0,30.991752,-6337.748477,37.516564,340.557604,1,1.000806,0,0,0,55.361651,42.8349,GravityTurn,,,,,,,,,,,,,,,,,,,,,,,,,,,None,Continue,0,None,7769455.557831,,0,0,1,1,10047.705475,10047.705475,3.47561,11831855.46875,3.520865,775.934998,18.344149,0.072063,3.182597,6.334737,0.030087,6.281818,,,,,,1,1,0,1,1,0.690812,0,0,0
87.539998,ASCENT,7,0,1,None,Holding,0,19654.336804,935.256014,667.582978,472.707098,22041.654627,2.297511,12241.898837,348045.740582,2.291833,7973516.113281,6.376673,0.000775,0.959167,,0,0,0,0,0.049191,0.000775,-0.000135,-0.077312,0.062511,-0.002116,10753.274503,10753.253975,-0.007729,-0.006359,0.050362,333.997733,114455.125,595.311157,114455.867188,0,31.219876,-6337.471848,37.57476,340.679849,1,1.000806,0,0,0,55.247718,42.835374,GravityTurn,,,,,,,,,,,,,,,,,,,,,,,,,,,None,Continue,0,None,7791337.335874,,0,0,1,1,10045.920624,10045.920624,3.480064,11832479.492188,3.557241,777.733131,18.467231,0.06904,2.771742,6.425744,0.04012,6.370114,,,,,,1,1,0,1,1,0.691923,0,0,0
87.799998,ASCENT,7,0,1,None,Holding,0,19777.542189,939.205408,671.624223,474.853969,21835.845265,2.309551,12364.57863,347361.338116,2.303667,8009261.230469,6.472247,0.000637,0.963283,,0,0,0,0,0.046774,0.000637,-0.000342,-0.082715,-0.023818,0.000312,10793.55041,10793.523615,-0.019574,0.003909,-0.01781,335.025368,114290.546875,594.17334,114291.304688,0,31.450265,-6337.192607,37.633046,340.801707,1,1.000806,0,0,0,55.133275,42.835851,GravityTurn,,,,,,,,,,,,,,,,,,,,,,,,,,,None,Continue,0,None,7813445.220391,,0,0,1,1,10042.495819,10042.495819,3.488465,11833633.789063,3.594845,779.528476,18.591281,0.067848,2.677361,6.519004,0.014956,6.463992,,,,,,1,1,0,1,1,0.693136,0,0,0
88.059998,ASCENT,7,0,1,None,Holding,0,19901.310672,943.182308,675.694556,477.024348,21630.526885,2.321656,12488.184512,346675.241925,2.31532,8045211.914063,6.563751,0.000459,0.967389,,0,0,0,0,0.045667,0.000459,-0.000745,-0.10127,0.033512,-0.001861,10828.284731,10828.247008,-0.04266,-0.002458,0.021347,335.848099,114138.726563,593.013,114139.46875,0,31.682903,-6336.91065,37.691069,340.922446,1,1.000806,0,0,0,55.018387,42.836332,GravityTurn,,,,,,,,,,,,,,,,,,,,,,,,,,,None,Continue,0,None,7837199.54305,,0,0,1,1,10038.727295,10038.727295,3.497481,11834840.820313,3.633738,781.321074,18.712678,0.062433,3.127265,6.60939,0.021297,6.557757,,,,,,1,1,0,1,1,0.694315,0,0,0
88.319998,ASCENT,7,0,1,None,Holding,0,20025.647989,947.182025,679.790294,479.215783,21425.271781,2.333801,12612.717719,345987.635113,2.324993,8050713.867188,6.659697,0.000379,0.971495,,0,0,0,0,0.042274,0.000379,-0.000776,-0.096746,-0.008623,0.005148,10858.638472,10858.567563,-0.044467,0.025307,-0.003693,336.660959,113981.304688,591.86084,113982.046875,0,31.917689,-6336.626298,37.748949,341.042328,1,1.000806,0,0,0,54.903161,42.836817,GravityTurn,,,,,,,,,,,,,,,,,,,,,,,,,,,None,Continue,0,None,7858596.729119,,0,0,1,1,10036.80368,10036.80368,3.502,11835435.546875,3.673921,783.110969,18.83108,0.065788,4.259029,6.701959,-0.023111,6.651095,,,,,,1,1,0,1,1,0.695594,0,0,0
88.579998,ASCENT,7,0,1,None,Holding,0,20150.558106,951.208774,683.915659,481.429425,21220.450652,2.346008,12738.181875,345298.304059,2.335858,8053228.027344,6.753574,0.000148,0.975591,,0,0,0,0,0.043167,0.000148,-0.000824,-0.081111,0.049094,-0.003517,10889.668955,10889.622338,-0.04722,-0.011427,0.030305,337.345387,113824.453125,590.699158,113825.203125,0,32.154705,-6336.339176,37.806798,341.161591,1,1.000806,0,0,0,54.787483,42.837306,GravityTurn,,,,,,,,,,,,,,,,,,,,,,,,,,,None,Continue,0,None,7878532.164508,,0,0,1,1,10032.855865,10032.855865,3.511122,11836605.46875,3.715441,784.898203,18.950058,0.064041,4.250764,6.796703,-0.023095,6.747301,,,,,,1,1,0,1,1,0.696833,0,0,0
88.839998,ASCENT,7,0,1,None,Holding,0,20276.047417,955.262207,688.070728,483.667745,21016.056239,2.358276,12864.581289,344607.12669,2.346568,8103660.15625,6.844866,-0.000206,0.979679,,0,0,0,0,0.047363,-0.000206,-0.001021,-0.067643,0.007778,-0.000127,10924.409711,10924.359551,-0.058509,-0.003188,0.014231,338.279425,113665.601563,589.544189,113666.359375,0,32.394093,-6336.049424,37.864549,341.280107,1,1.000806,0,0,0,54.671355,42.837798,GravityTurn,,,,,,,,,,,,,,,,,,,,,,,,,,,None,Continue,0,None,7899373.566155,,0,0,1,1,10030.584503,10030.584503,3.516276,11837255.859375,3.758321,786.682813,19.068865,0.067476,3.901334,6.892028,-0.016344,6.838989,,,,,,1,1,0,1,1,0.698092,0,0,0
89.099998,ASCENT,7,0,1,None,Holding,0,20402.123536,959.342927,692.254407,485.92821,20812.178833,2.370608,12991.919695,343914.316632,2.357165,8120893.554688,6.941962,-0.000478,0.983756,,0,0,0,0,0.048624,-0.000478,-0.001403,-0.076399,0.038763,-0.000002,10958.176545,10958.144917,-0.080359,0.000868,0.030155,338.990923,113498.414063,588.377136,113499.164063,0,32.635754,-6335.756837,37.922081,341.397636,1,1.000806,0,0,0,54.554812,42.838294,GravityTurn,,,,,,,,,,,,,,,,,,,,,,,,,,,None,Continue,0,None,7919614.613336,,0,0,1,1,10026.194397,10026.194397,3.526064,11838458.984375,3.80261,788.464844,19.187492,0.056006,2.746897,6.99058,0.011941,6.937495,,,,,,1,1,0,1,1,0.699305,0,0,0
89.359998,ASCENT,7,0,1,None,Holding,0,20528.792407,963.451969,696.471251,488.215635,20609.105845,2.383019,13120.202188,343219.492413,2.36932,8131997.558594,7.038973,-0.001038,0.987818,,0,0,0,0,0.057344,-0.001038,-0.002134,-0.09012,-0.021183,0.000897,10997.793823,10997.769584,-0.122255,0.005152,-0.012898,339.984745,113346.773438,587.206116,113347.515625,0,32.879954,-6335.461534,37.979778,341.514968,1,1.000806,0,0,0,54.437731,42.838793,GravityTurn,,,,,,,,,,,,,,,,,,,,,,,,,,,None,Continue,0,None,7941555.202673,,0,0,1,1,10021.947479,10021.947479,3.535351,11839570.3125,3.848362,790.244333,19.308253,0.04057,3.089073,7.096306,-0.014009,7.032417,,,,,,1,1,0,1,1,0.700603,0,0,0
89.599998,ASCENT,7,0,1,None,Holding,0,20656.061024,967.583658,700.713516,490.530418,20406.777003,2.395506,13249.42866,342523.203351,2.380695,8147637.207031,7.15463,-0.000805,0.991864,,0,0,0,0,0.044409,-0.000805,-0.002116,-0.107381,0.014671,0.000875,11030.861265,11030.797639,-0.121249,0.006164,0.013114,340.985735,113178.789063,586.035583,113179.523438,0,33.126738,-6335.164086,38.037065,341.631027,1,1.000806,0,0,0,54.320332,42.839297,GravityTurn,,,,,,,,,,,,,,,,,,,,,,,,,,,None,Continue,0,None,7964755.650004,,0,0,1,1,10019.782501,10019.782501,3.540018,11840116.210938,3.895736,792.021331,19.424389,0.060187,2.718509,7.199035,-0.017116,7.141604,,,,,,1,1,0,1,1,0.701888,0,0,0
89.879998,ASCENT,7,0,1,None,Holding,0,20783.935893,971.74977,704.992698,492.872374,20205.433637,2.408083,13379.608307,341824.594952,2.393581,8192759.765625,7.261495,-0.001125,0.995891,,0,0,0,0,0.047251,-0.001125,-0.002868,-0.141905,0.04996,0.001392,11075.560671,11075.520816,-0.164296,0.007469,0.031083,342.101348,113023.132813,584.861023,113023.890625,0,33.376132,-6334.863287,38.094364,341.746424,1,1.000806,0,0,0,54.202302,42.839804,GravityTurn,,,,,,,,,,,,,,,,,,,,,,,,,,,None,Continue,0,None,7987942.646795,,0,0,1,1,10015.372864,10015.372864,3.549408,11841191.40625,3.944816,793.795895,19.545978,0.041562,3.031817,7.308671,-0.078264,7.251831,,,,,,1,1,0,1,1,0.70316,0,0,0
90.139998,ASCENT,7,0,1,None,Holding,0,20912.424788,975.9437,709.303672,495.24211,20005.455806,2.420773,13510.743565,341124.079205,2.406712,8193721.679688,7.36622,-0.001585,0.999891,,0,0,0,0,0.053444,-0.001585,-0.002687,-0.089304,-0.067909,-0.000478,11113.019096,11112.990577,-0.15398,-0.003723,-0.048929,342.991179,112857.578125,583.682678,112858.320313,0,33.628191,-6334.55981,38.151645,341.86136,1,1.000806,0,0,0,54.083787,42.840314,GravityTurn,,,,,,,,,,,,,,,,,,,,,,,,,,,None,Continue,0,None,8015480.541856,,0,0,1,1,10012.838989,10012.838989,3.554712,11841786.132813,3.995638,795.568062,19.663861,0.04907,2.675241,7.419651,-0.005125,7.357435,,,,,,1,1,0,1,1,0.704472,0,0,0
90.379998,ASCENT,7,0,1,None,Holding,0,21041.537462,980.163872,713.642494,497.638327,19806.524354,2.433558,13642.838339,340422.235943,2.417636,8212208.984375,7.483559,-0.001436,1,,0,0,0,0,0.042544,-0.001436,-0.002653,-0.098169,-0.015971,0.003035,11144.066377,11144.033725,-0.151988,0.012099,-0.009465,343.77433,112691,582.510315,112691.742188,0,33.882877,-6334.253732,38.20853,341.975081,1,1.000806,0,0,0,53.9649,42.840829,GravityTurn,,,,,,,,,,,,,,,,,,,,,,,,,,,None,Continue,0,None,8041997.356583,,0,0,1,1,10008.541351,10008.541351,3.56363,11842761.71875,4.048235,797.337881,19.77708,0.057106,2.189743,7.526097,0.027947,7.473036,,,,,,1,1,0,1,1,0.705769,0,0,0
90.639998,ASCENT,7,0,1,None,Holding,0,21171.274595,984.393837,717.995474,500.050818,19607.867896,2.44639,13775.896373,339720.346905,2.424466,8217737.304688,7.589977,-0.001357,1,,0,0,0,0,0.035065,-0.001357,-0.002592,-0.099357,-0.060489,0.003739,11160.671167,11160.626827,-0.148505,0.012932,-0.042912,344.02626,112535.257813,581.335938,112536.015625,0,34.139683,-6333.946186,38.265396,342.088183,1,1.000806,0,0,0,53.846017,42.841347,GravityTurn,,,,,,,,,,,,,,,,,,,,,,,,,,,None,Continue,0,None,8057750.998998,,0,0,1,1,10003.87558,10003.87558,3.573176,11843785.15625,4.102518,799.105407,19.88273,0.061568,1.980442,7.625055,0.014029,7.580289,,,,,,1,1,0,1,1,0.707399,0,0,0
90.919998,ASCENT,7,0,1,None,Holding,0,21301.63932,988.643065,722.368337,502.48126,19409.674933,2.459282,13909.918998,339018.04588,2.431626,8226989.257813,7.692577,-0.001424,1,,0,0,0,0,0.032768,-0.001424,-0.002505,-0.086701,0.034835,0.001492,11177.384247,11177.323132,-0.143522,0.006143,0.019344,344.363614,112363.601563,580.150024,112364.351563,0,34.398713,-6333.636287,38.321889,342.199977,1,1.000806,0,0,0,53.726984,42.841869,GravityTurn,,,,,,,,,,,,,,,,,,,,,,,,,,,None,Continue,0,None,8066861.072255,,0,0,1,1,10001.507324,10001.507324,3.577967,11844285.15625,4.15852,800.870682,19.989992,0.066377,1.880261,7.725246,0.006413,7.686122,,,,,,1,1,0,1,1,0.708781,0,0,0
91.179998,ASCENT,7,0,1,None,Holding,0,21432.639868,992.905739,726.75633,504.930169,19211.845355,2.472226,14044.907857,338315.714337,2.438248,8227160.15625,7.800575,-0.001255,1,,0,0,0,0,0.024532,-0.001255,-0.002448,-0.095474,0.010256,-0.001786,11189.548575,11189.479989,-0.140265,-0.005183,0.010104,344.592686,112202.648438,578.961975,112203.390625,0,34.660016,-6333.324648,38.377956,342.310535,1,1.000806,0,0,0,53.607931,42.842395,GravityTurn,,,,,,,,,,,,,,,,,,,,,,,,,,,None,Continue,0,None,8074029.556044,,0,0,1,1,9996.407013,9996.407013,3.588188,11845335.9375,4.216232,802.633753,20.093797,0.069358,1.868993,7.825051,-0.033524,7.792633,,,,,,1,1,0,1,1,0.710161,0,0,0
91.439998,ASCENT,7,0,1,None,Holding,0,21564.274703,997.177439,731.154271,507.386176,19014.264226,2.485212,14180.858523,337613.68797,2.44284,8221265.625,7.902293,-0.001043,1,,0,0,0,0,0.01601,-0.001043,-0.002037,-0.07944,-0.034845,-0.000085,11189.199598,11189.130736,-0.1167,0.004488,-0.031878,344.306512,112027.65625,577.789551,112028.40625,0,34.923007,-6333.011123,38.433882,342.420351,1,1.000806,0,0,0,53.488997,42.842924,GravityTurn,,,,,,,,,,,,,,,,,,,,,,,,,,,None,Continue,0,None,8078707.912286,,0,0,1,1,9993.972839,9993.972839,3.593014,11845821.289063,4.275554,804.39466,20.191427,0.075289,2.465276,7.918013,0.009266,7.895232,,,,,,1,1,0,1,1,0.711605,0,0,0
91.699998,ASCENT,7,0,1,None,Holding,0,21696.551567,1001.461048,735.56592,509.85784,18816.723752,2.498229,14317.78194,336911.676861,2.446818,8218239.257813,8.00479,-0.000369,1,,0,0,0,0,0.004792,-0.000369,-0.002168,-0.143405,-0.048514,0.001468,11196.851285,11196.807643,-0.124213,0.01021,-0.036176,344.281982,111872.484375,576.615295,111873.226563,0,35.18815,-6332.695858,38.489502,342.529105,1,1.000806,0,0,0,53.370081,42.843458,GravityTurn,,,,,,,,,,,,,,,,,,,,,,,,,,,None,Continue,0,None,8080417.545192,,0,0,1,1,9988.732941,9988.732941,3.603302,11846836.914063,4.336562,806.153441,20.292698,0.073742,1.902067,8,0.01633,7.998394,,,,,,1,1,0,1,1,0.713221,0,0,0
91.959998,ASCENT,7,0,1,None,Holding,0,21829.470548,1005.750615,739.986511,512.353596,18619.446807,2.511289,14455.674913,336209.879376,2.452507,8226210.9375,8.085146,0.002702,1,,0,0,0,0,0.085146,0.002702,-0.000279,-0.23719,-0.002648,0.002958,11202.043117,11201.811827,-0.015963,0.016196,-0.001889,344.729445,111709.234375,575.43219,111709.984375,0,35.455911,-6332.379917,38.544393,342.635992,1,1.000806,0,0,0,53.251309,42.843995,GravityTurn,,,,,,,,,,,,,,,,,,,,,,,,,,,None,Continue,0,None,8081583.315123,,0,0,1,1,9983.719269,9983.719269,3.61303,11847772.460938,4.399109,807.910155,20.391838,0.127866,2.008502,8,0.022011,8.079315,,,,,,1,1,0,1,1,0.714786,0,0,0
92.219998,ASCENT,7,0,1,None,Holding,0,21963.026708,1010.052647,744.421318,514.862285,18422.396259,2.524392,14594.547345,335508.158185,2.45767,8221881.835938,8.124731,0.004611,1,,0,0,0,0,0.124758,0.004611,0.002537,-0.164658,-0.002898,-0.000753,11208.317068,11208.087337,0.145382,0.001052,0.002875,344.719076,111545.476563,574.248535,111546.210938,0,35.72572,-6332.062033,38.599147,342.742175,1,1.000806,0,0,0,53.13254,42.844536,GravityTurn,,,,,,,,,,,,,,,,,,,,,,,,,,,None,Continue,0,None,8082199.150202,,0,0,1,1,9981.183533,9981.183533,3.617909,11848232.421875,4.462699,809.664877,20.491511,0.165325,2.232357,8,0.057458,8.124165,,,,,,1,1,0,1,1,0.716345,0,0,0
92.479998,ASCENT,7,0,1,None,Holding,0,22097.226438,1014.369853,748.869142,517.3715,18225.749444,2.53755,14734.4012,334806.696393,2.462205,8214568.359375,8.134384,0.005567,1,,0,0,0,0,0.134401,0.005567,0.003459,-0.167131,-0.024668,0.001213,11209.987516,11209.814373,0.198205,0.008681,-0.023024,344.393459,111370.109375,573.070862,111370.867188,0,35.996926,-6331.741246,38.653809,342.847752,1,1.000806,0,0,0,53.013805,42.845081,GravityTurn,,,,,,,,,,,,,,,,,,,,,,,,,,,None,Continue,0,None,8082724.143455,,0,0,1,1,9975.403046,9975.403046,3.628916,11849250,4.52673,811.41761,20.587347,0.144848,2.699258,8,-0.031734,8.134751,,,,,,1,1,0,1,1,0.718081,0,0,0
92.739998,ASCENT,7,0,1,None,Holding,0,22232.074926,1018.70582,753.333821,519.883573,18029.422549,2.550754,14875.233588,334105.280377,2.466972,8213766.601563,8.132236,0.006121,1,,0,0,0,0,0.132334,0.006121,0.005001,-0.088631,-0.010912,0.000823,11214.764714,11214.655956,0.286544,0.006919,0.003089,344.150642,111218.726563,571.887756,111219.476563,0,36.269658,-6331.417282,38.70843,342.952822,1,1.000806,0,0,0,52.895003,42.84563,GravityTurn,,,,,,,,,,,,,,,,,,,,,,,,,,,None,Continue,0,None,8082767.940298,,0,0,1,1,9972.80069,9972.80069,3.633843,11849694.335938,4.590941,813.168343,20.685003,0.134019,2.754487,8,0.053365,8.135184,,,,,,1,1,0,1,1,0.719787,0,0,0
92.979998,ASCENT,7,0,1,None,Holding,0,22367.573017,1023.059949,757.813834,522.397192,17833.380717,2.563997,15017.046949,333403.971173,2.471751,8212447.265625,8.11893,0.006237,1,,0,0,0,0,0.119046,0.006237,0.00539,-0.066915,-0.064024,0.001155,11220.340787,11220.265841,0.30882,0.009087,-0.056807,343.975184,111040.414063,570.713318,111041.164063,0,36.543848,-6331.090108,38.762889,343.057245,1,1.000806,0,0,0,52.776174,42.846182,GravityTurn,,,,,,,,,,,,,,,,,,,,,,,,,,,None,Continue,0,None,8082650.727026,,0,0,1,1,9967.20462,9967.20462,3.644325,11850625,4.655118,814.917069,20.781732,0.111136,2.802592,8,0.041703,8.121183,,,,,,1,1,0,1,1,0.721581,0,0,0
93.259998,ASCENT,7,0,1,None,Holding,0,22503.726983,1027.432995,762.311458,524.915242,17637.771438,2.577287,15159.843771,332702.677228,2.477263,8199347.65625,8.11017,0.006461,1,,0,0,0,0,0.11018,0.006461,0.004517,-0.153144,0.002868,0.001813,11228.536335,11228.471891,0.258803,0.010012,0.004342,343.92601,110873.4375,569.52948,110874.1875,0,36.819656,-6330.759776,38.817324,343.16104,1,1.000806,0,0,0,52.657257,42.846739,GravityTurn,,,,,,,,,,,,,,,,,,,,,,,,,,,None,Continue,0,None,8082485.270868,,0,0,1,1,9964.204102,9964.204102,3.649895,11851107.421875,4.719259,816.663787,20.879902,0.071746,2.610061,8,-0.040793,8.111645,,,,,,1,1,0,1,1,0.723065,0,0,0
93.519998,ASCENT,7,0,1,None,Holding,0,22640.532866,1031.825617,766.827815,527.440303,17442.757878,2.590629,15303.62669,332001.245953,2.483993,8199828.125,8.091026,0.00624,1,,0,0,0,0,0.091062,0.00624,0.004875,-0.107247,-0.043436,-0.001955,11238.41685,11238.376033,0.279333,-0.003818,-0.036745,343.903205,110706.890625,568.352295,110707.648438,0,37.097229,-6330.426332,38.871707,343.264409,1,1.000806,0,0,0,52.538226,42.847299,GravityTurn,,,,,,,,,,,,,,,,,,,,,,,,,,,None,Continue,0,None,8082882.429041,,0,0,1,1,9958.474762,9958.474762,3.660459,11852003.90625,4.783293,818.408498,20.977611,0.06424,2.077802,8,-0.036156,8.086692,,,,,,1,1,0,1,1,0.724752,0,0,0
93.779998,ASCENT,7,0,1,None,Holding,0,22777.997109,1036.239444,771.36358,529.973127,17248.424687,2.604028,15448.402819,331299.662091,2.490465,8201477.539063,8.075842,0.006099,1,,0,0,0,0,0.075849,0.006099,0.004864,-0.096796,-0.003548,0.002331,11249.844268,11249.784704,0.278714,0.010023,0.000095,344.064995,110542.914063,567.177307,110543.664063,0,37.376621,-6330.089621,38.925895,343.367,1,1.000806,0,0,0,52.419062,42.847863,GravityTurn,,,,,,,,,,,,,,,,,,,,,,,,,,,None,Continue,0,None,8083764.910224,,0,0,1,1,9955.749207,9955.749207,3.665438,11852418.945313,4.847292,820.151198,21.07573,0.061836,2.455087,8,0.011986,8.076987,,,,,,1,1,0,1,1,0.726433,0,0,0
94.019998,ASCENT,7,0,1,None,Holding,0,22916.121916,1040.671876,775.915776,532.510654,17054.627196,2.61747,15594.172228,330598.124005,2.495918,8207681.640625,8.061643,0.005919,1,,0,0,0,0,0.062219,0.005919,0.005261,-0.051471,-0.049735,0.000325,11258.891435,11258.858944,0.301414,0.004926,-0.018445,344.073229,110372.023438,565.992615,110372.765625,0,37.657669,-6329.749729,38.979874,343.46888,1,1.000806,0,0,0,52.299846,42.848431,GravityTurn,,,,,,,,,,,,,,,,,,,,,,,,,,,None,Continue,0,None,8084957.600355,,0,0,1,1,9950.244324,9950.244324,3.675466,11853235.351563,4.911172,821.891895,21.171443,0.061542,2.001998,8,0.020902,8.061971,,,,,,1,1,0,1,1,0.728012,0,0,0
94.279998,ASCENT,7,0,1,None,Holding,0,23054.908023,1045.126658,780.489384,535.057586,16861.527985,2.630966,15740.9438,329896.234967,2.502981,8212480.46875,8.049958,0.00576,1,,0,0,0,0,0.05124,0.00576,0.005115,-0.050305,-0.030862,0.001927,11274.156992,11274.130059,0.293055,0.00655,0.00336,344.316705,110216.515625,564.819763,110217.273438,0,37.940642,-6329.406487,39.033755,343.5701,1,1.000806,0,0,0,52.180447,42.849003,GravityTurn,,,,,,,,,,,,,,,,,,,,,,,,,,,None,Continue,0,None,8086284.363755,,0,0,1,1,9945.011383,9945.011383,3.684904,11853983.398438,4.975007,823.630592,21.27041,0.056958,1.930393,8,0.014365,8.047534,,,,,,1,1,0,1,1,0.729357,0,0,0
94.539998,ASCENT,7,0,1,None,Holding,0,23194.356538,1049.601221,785.083643,537.612434,16669.278759,2.644523,15888.717649,329194.132306,2.510619,8237172.851563,8.043606,0.005745,1,,0,0,0,0,0.043924,0.005745,0.004312,-0.111465,-0.01838,-0.005539,11288.68178,11288.656526,0.247075,-0.022265,0.00065,344.486004,110039.609375,563.630493,110040.359375,0,38.225466,-6329.060066,39.087825,343.671281,1,1.000806,0,0,0,52.060887,42.849579,GravityTurn,,,,,,,,,,,,,,,,,,,,,,,,,,,None,Continue,0,None,8088515.685214,,0,0,1,1,9942.196594,9942.196594,3.689955,11854375,5.038864,825.367291,21.367784,0.045318,2.051923,8,-0.009296,8.041034,,,,,,1,1,0,1,1,0.730531,0,0,0
94.819998,ASCENT,7,0,1,None,Holding,0,23334.47492,1054.096847,789.697614,540.177276,16477.847267,2.65814,16037.504194,328491.846539,2.517581,8236320.3125,8.029287,0.005407,1,,0,0,0,0,0.030037,0.005407,0.004257,-0.089242,0.024764,-0.001585,11300.94582,11300.913469,0.24391,-0.003537,0.007842,344.596781,109872.34375,562.46521,109873.101563,0,38.512274,-6328.710422,39.141651,343.771535,1,1.000806,0,0,0,51.941192,42.850159,GravityTurn,,,,,,,,,,,,,,,,,,,,,,,,,,,None,Continue,0,None,8091727.076692,,0,0,1,1,9936.506897,9936.506897,3.700087,11855148.4375,5.102745,827.102002,21.46305,0.046164,1.882092,8,0.003955,8.030853,,,,,,1,1,0,1,1,0.731752,0,0,0
95.079998,ASCENT,7,0,1,None,Holding,0,23475.259533,1058.60939,794.327996,542.749358,16287.089958,2.671803,16187.303478,327789.606549,2.52301,8235669.921875,8.020896,0.005241,1,,0,0,0,0,0.020917,0.005241,0.004637,-0.046732,-0.011366,0.002328,11308.911787,11308.870547,0.265676,0.009884,-0.00395,344.638864,109704.046875,561.287354,109704.796875,0,38.800912,-6328.35783,39.195362,343.871277,1,1.000806,0,0,0,51.821449,42.850743,GravityTurn,,,,,,,,,,,,,,,,,,,,,,,,,,,None,Continue,0,None,8095113.527906,,0,0,1,1,9933.633453,9933.633453,3.705191,11855528.320313,5.166637,828.834732,21.556242,0.052201,1.957148,8,-0.019883,8.023188,,,,,,1,1,0,1,1,0.733216,0,0,0
95.339998,ASCENT,7,0,1,None,Holding,0,23616.712754,1063.140389,798.973196,545.324024,16096.925051,2.685504,16338.120191,327087.503888,2.528201,8228454.101563,8.018012,0.005235,1,,0,0,0,0,0.018578,0.005235,0.004474,-0.058768,0.008825,0.000839,11313.140763,11313.107624,0.256359,0.004808,0.019676,344.545617,109537.453125,560.100464,109538.203125,0,39.091129,-6328.001837,39.24869,343.969932,1,1.000806,0,0,0,51.701699,42.851331,GravityTurn,,,,,,,,,,,,,,,,,,,,,,,,,,,None,Continue,0,None,8098103.91163,,0,0,1,1,9927.469086,9927.469086,3.716049,11856320.3125,5.230527,830.565483,21.646617,0.053025,1.777081,8,0.027619,8.024141,,,,,,1,1,0,1,1,0.734563,0,0,0
95.599998,ASCENT,7,0,1,None,Holding,0,23758.839715,1067.685577,803.63298,547.905144,15907.296468,2.699238,16489.963039,326385.569073,2.533186,8230553.710938,8.015689,0.005232,1,,0,0,0,0,0.017033,0.005232,0.003713,-0.117144,0.013153,0.005456,11318.774544,11318.74052,0.212721,0.021438,0.028426,344.437541,109366.703125,558.916199,109367.445313,0,39.38315,-6327.643112,39.301995,344.068176,1,1.000806,0,0,0,51.581948,42.851923,GravityTurn,,,,,,,,,,,,,,,,,,,,,,,,,,,None,Continue,0,None,8100064.173957,,0,0,1,1,9921.220703,9921.220703,3.72696,11857094.726563,5.294478,832.294266,21.737338,0.038773,2.017575,8,-0.070302,8.014664,,,,,,1,1,0,1,1,0.735862,0,0,0
95.859998,ASCENT,7,0,1,None,Holding,0,23901.635932,1072.249288,808.310228,550.492731,15718.351649,2.713016,16642.827452,325683.680035,2.538907,8233203.125,8.015084,0.005277,1,,0,0,0,0,0.016705,0.005277,0.00458,-0.053595,0.000606,-0.002177,11326.633063,11326.599667,0.262417,-0.003885,0.0218,344.41929,109192.9375,557.737183,109193.695313,0,39.676983,-6327.281155,39.355173,344.165819,1,1.000806,0,0,0,51.462122,42.852519,GravityTurn,,,,,,,,,,,,,,,,,,,,,,,,,,,None,Continue,0,None,8101555.814666,,0,0,1,1,9918.254364,9918.254364,3.732113,11857453.125,5.358529,834.021082,21.829052,0.053844,1.679246,8,0.044177,8.017075,,,,,,1,1,0,1,1,0.73731,0,0,0
96.099998,ASCENT,7,0,1,None,Holding,0,24045.110317,1076.828196,813.002435,553.087718,15529.987701,2.726831,16796.724043,324981.852032,2.544499,8211854.492188,8.012989,0.005269,1,,0,0,0,0,0.017956,0.005269,0.004549,-0.055293,-0.080958,-0.00027,11333.014501,11332.982865,0.260645,0.003085,-0.026905,344.416321,109024.726563,556.558105,109025.484375,0,39.972691,-6326.916371,39.408209,344.262924,1,1.000806,0,0,0,51.342286,42.853119,GravityTurn,,,,,,,,,,,,,,,,,,,,,,,,,,,None,Continue,0,None,8102794.422482,,0,0,1,1,9912.267609,9912.267609,3.742459,11858156.25,5.422704,835.745944,21.918944,0.056819,1.570119,8,0.030441,8.014651,,,,,,1,1,0,1,1,0.738625,0,0,0
96.379998,ASCENT,7,0,1,None,Holding,0,24189.255888,1081.426975,817.712403,555.687982,15342.369897,2.740694,16951.653243,324280.008771,2.550416,8205715.820313,8.004959,0.005022,1,,0,0,0,0,0.005039,0.005022,0.004272,-0.057454,0.071131,-0.0039,11339.034017,11339.010979,0.244745,-0.012608,0.065105,344.338374,108857.078125,555.379883,108857.835938,0,40.270158,-6326.548092,39.461031,344.359117,1,1.000806,0,0,0,51.222369,42.853723,GravityTurn,,,,,,,,,,,,,,,,,,,,,,,,,,,None,Continue,0,None,8104024.929454,,0,0,1,1,9908.867554,9908.867554,3.748287,11858544.921875,5.486911,837.468856,22.008285,0.050399,1.62386,8,0.011079,8.007358,,,,,,1,1,0,1,1,0.739842,0,0,0
96.639998,ASCENT,7,0,1,None,Holding,0,24334.077951,1086.040668,822.437811,558.294043,15155.375113,2.754591,17107.617038,323578.302838,2.555522,8235956.054688,8.002779,0.004962,1,,0,0,0,0,0.002791,0.004962,0.004107,-0.065334,-0.001502,0.005055,11346.266178,11346.240954,0.235308,0.023492,0.009526,344.309474,108681.015625,554.208557,108681.757813,0,40.569421,-6326.176884,39.513901,344.455127,1,1.000806,0,0,0,51.102431,42.854331,GravityTurn,,,,,,,,,,,,,,,,,,,,,,,,,,,None,Continue,0,None,8104893.346416,,0,0,1,1,9902.384155,9902.384155,3.759377,11859265.625,5.551182,839.189821,22.096953,0.048029,2.022959,8,0.037594,8.00615,,,,,,1,1,0,1,1,0.741263,0,0,0
96.899998,ASCENT,7,0,1,None,Holding,0,24479.580352,1090.671948,827.179953,560.907526,14969.16134,2.768529,17264.622638,322876.65794,2.561256,8221674.804688,8.003919,0.005022,1,,0,0,0,0,0.004838,0.005022,0.003777,-0.094954,-0.015554,-0.002482,11353.017704,11352.998548,0.216406,-0.008906,-0.008611,344.27345,108515.296875,553.025635,108516.046875,0,40.870586,-6325.802519,39.566596,344.550471,1,1.000806,0,0,0,50.982438,42.854943,GravityTurn,,,,,,,,,,,,,,,,,,,,,,,,,,,None,Continue,0,None,8105612.087392,,0,0,1,1,9899.306854,9899.306854,3.764611,11859599.609375,5.615599,840.90885,22.185505,0.044005,1.742746,8,-0.013023,8.001199,,,,,,1,1,0,1,1,0.742278,0,0,0
97.139998,ASCENT,7,0,1,None,Holding,0,24625.761717,1095.322043,831.939103,563.527309,14783.776061,2.78251,17422.669723,322175.013043,2.567102,8224270.507813,7.99829,0.004832,1,,0,0,0,0,0.006525,0.004832,0.004145,-0.052239,0.048277,0.004144,11359.820468,11359.795897,0.237516,0.021347,0.031145,344.227779,108331.648438,551.846985,108332.398438,0,41.173596,-6325.424771,39.61904,344.645103,1,1.000806,0,0,0,50.862385,42.85556,GravityTurn,,,,,,,,,,,,,,,,,,,,,,,,,,,None,Continue,0,None,8106453.557561,,0,0,1,1,9893.098267,9893.098267,3.775102,11860252.929688,5.680116,842.625949,22.272837,0.049506,2.135814,8,-0.005546,7.998227,,,,,,1,1,0,1,1,0.743502,0,0,0
97.419998,ASCENT,7,0,1,None,Holding,0,24772.628627,1099.993,836.719016,566.155826,14599.272985,2.796533,17581.772607,321473.154522,2.573715,8229245.117188,7.995437,0.004714,1,,0,0,0,0,0.004794,0.004714,0.003999,-0.054243,-0.051848,-0.000289,11372.87281,11372.856808,0.229154,0.002839,-0.030095,344.388314,108164.1875,550.670959,108164.9375,0,41.478604,-6325.043525,39.67148,344.739222,1,1.000806,0,0,0,50.742178,42.85618,GravityTurn,,,,,,,,,,,,,,,,,,,,,,,,,,,None,Continue,0,None,8107330.10502,,0,0,1,1,9886.824615,9886.824615,3.785674,11860891.601563,5.744722,844.341122,22.362927,0.047044,1.928607,8,0.029937,7.998173,,,,,,1,1,0,1,1,0.744604,0,0,0
97.679998,ASCENT,7,0,1,None,Holding,0,24920.178549,1104.680108,841.514316,568.79417,14415.706807,2.810601,17741.923532,320771.433331,2.580127,8221965.820313,7.998482,0.004815,1,,0,0,0,0,0.006087,0.004815,0.00458,-0.017844,-0.05731,-0.00083,11381.078312,11381.058192,0.262394,-0.002114,-0.025941,344.429562,107989.664063,549.487427,107990.421875,0,41.785683,-6324.659361,39.723603,344.832522,1,1.000806,0,0,0,50.621952,42.856805,GravityTurn,,,,,,,,,,,,,,,,,,,,,,,,,,,None,Continue,0,None,8108532.909608,,0,0,1,1,9883.662933,9883.662933,3.790973,11861207.03125,5.809497,846.05438,22.449574,0.060595,2.337207,8,0.070144,7.99582,,,,,,1,1,0,1,1,0.745576,0,0,0
97.939998,ASCENT,7,0,1,None,Holding,0,25068.416201,1109.385572,846.325475,571.435087,14233.032901,2.824707,17903.136632,320069.849469,2.585382,8230497.070313,7.994779,0.004669,1,,0,0,0,0,0.005434,0.004669,0.003734,-0.070681,0.011033,-0.004258,11384.724162,11384.709921,0.213955,-0.016514,0.010638,344.24432,107820.320313,548.306274,107821.070313,0,42.094416,-6324.271576,39.775499,344.925088,1,1.000806,0,0,0,50.501697,42.857433,GravityTurn,,,,,,,,,,,,,,,,,,,,,,,,,,,None,Continue,0,None,8109616.512691,,0,0,1,1,9877.283234,9877.283234,3.801598,11861823.242188,5.874355,847.765734,22.533758,0.04261,2.320357,8,0.002588,7.996735,,,,,,1,1,0,1,1,0.746443,0,0,0
98.199998,ASCENT,7,0,1,None,Holding,0,25217.341163,1114.106716,851.153698,574.086814,14051.248771,2.838847,18065.407418,319368.265606,2.590815,8204423.828125,7.998639,0.005975,1,,0,0,0,0,0.03132,0.005975,0.004015,-0.147781,-0.011546,0.002486,11392.885479,11392.84295,0.230059,0.013948,0.003372,344.377524,107652.09375,547.132446,107652.84375,0,42.405295,-6323.880947,39.827386,345.017314,1,1.000806,0,0,0,50.381382,42.858066,GravityTurn,,,,,,,,,,,,,,,,,,,,,,,,,,,None,Continue,0,None,8110455.28901,,0,0,1,1,9870.840271,9870.840271,3.812301,11862425.78125,5.939355,849.475187,22.619146,0.055254,1.968447,8,-0.00762,7.996206,,,,,,1,1,0,1,1,0.747562,0,0,0
98.459998,ASCENT,7,0,1,None,Holding,0,25366.95085,1118.842261,855.995601,576.754294,13870.381844,2.85302,18228.747477,318666.86485,2.596923,8222287.109375,7.975844,0.007759,1,,0,0,0,0,0.074823,0.007759,0.006129,-0.122684,0.038617,-0.006377,11397.861684,11397.729276,0.351156,-0.027022,0.052751,344.564706,107478.320313,545.946716,107479.078125,0,42.718634,-6323.487903,39.878655,345.108124,1,1.000806,0,0,0,50.261092,42.858703,GravityTurn,,,,,,,,,,,,,,,,,,,,,,,,,,,None,Continue,0,None,8111251.288109,,0,0,1,1,9867.593292,9867.593292,3.817667,11862721.679688,6.004341,851.182772,22.702732,0.108056,2.332285,8,0.036867,7.978537,,,,,,1,1,0,1,1,0.748662,0,0,0
98.719998,ASCENT,7,0,1,None,Holding,0,25517.249016,1123.59456,860.85441,579.424456,13690.368083,2.86722,18393.165038,317965.509869,2.602237,8205805.664063,7.928511,0.008824,1,,0,0,0,0,0.093049,0.008824,0.007448,-0.103306,0.091851,0.008258,11404.444806,11404.346096,0.426727,0.038625,0.074238,344.438212,107302.070313,544.767761,107302.828125,0,43.033662,-6323.09137,39.930092,345.19892,1,1.000806,0,0,0,50.140747,42.859345,GravityTurn,,,,,,,,,,,,,,,,,,,,,,,,,,,None,Continue,0,None,8111770.918833,,0,0,1,1,9861.050873,9861.050873,3.828422,11863302.734375,6.068891,852.888508,22.785857,0.116884,2.160354,8,-0.004088,7.934668,,,,,,1,1,0,1,1,0.749876,0,0,0
98.959998,ASCENT,7,0,1,None,Holding,0,25668.23459,1128.368203,865.731502,582.093192,13511.382471,2.881462,18558.660279,317264.231183,2.607758,8202168.945313,7.866393,0.009397,1,,0,0,0,0,0.096452,0.009397,0.0078,-0.119629,0.000762,-0.000457,11411.773573,11411.716162,0.446915,-0.000218,0.003958,344.332956,107127.09375,543.595459,107127.851563,0,43.350135,-6322.690535,39.981459,345.289365,1,1.000806,0,0,0,50.020313,42.85999,GravityTurn,,,,,,,,,,,,,,,,,,,,,,,,,,,None,Continue,0,None,8112114.235723,,0,0,1,1,9858.168243,9858.168243,3.833163,11863551.757813,6.132678,854.592373,22.868861,0.100786,2.43328,8,-0.028018,7.871674,,,,,,1,1,0,1,1,0.751123,0,0,0
99.239998,ASCENT,7,0,1,None,Holding,0,25819.911057,1133.161877,870.625059,584.756779,13333.36168,2.895738,18725.23783,316563.135602,2.613042,8219905.273438,7.795482,0.009625,1,,0,0,0,0,0.090336,0.009625,0.008316,-0.097865,0.029162,-0.005397,11416.635016,11416.616245,0.476472,-0.022861,0.024385,344.072247,106954.828125,542.418884,106955.578125,0,43.667826,-6322.28529,40.032778,345.379248,1,1.000806,0,0,0,49.899836,42.86064,GravityTurn,,,,,,,,,,,,,,,,,,,,,,,,,,,None,Continue,0,None,8112198.226185,,0,0,1,1,9851.529694,9851.529694,3.844009,11864112.304688,6.195494,856.29435,22.950046,0.080148,2.540783,8,0.008102,7.802808,,,,,,1,1,0,1,1,0.752098,0,0,0
99.499998,ASCENT,7,0,1,None,Holding,0,25972.27969,1137.974806,875.53629,587.421968,13156.314431,2.910049,18892.901904,315862.17735,2.618675,8213112.304688,7.725146,0.009841,1,,0,0,0,0,0.08491,0.009841,0.008974,-0.064661,-0.034798,-0.002314,11423.436084,11423.403235,0.514159,-0.015003,-0.037573,344.0009,106778.96875,541.233398,106779.710938,0,43.987145,-6321.876105,40.084067,345.468859,1,1.000806,0,0,0,49.779287,42.861294,GravityTurn,,,,,,,,,,,,,,,,,,,,,,,,,,,None,Continue,0,None,8111965.509122,,0,0,1,1,9844.414337,9844.414337,3.855579,11864695.3125,6.257312,857.994416,23.031988,0.074308,2.813115,8,0.00665,7.728019,,,,,,1,1,0,1,1,0.753278,0,0,0
99.739998,ASCENT,7,0,1,None,Holding,0,26125.341333,1142.820607,880.477361,590.094251,12980.500729,2.924426,19061.658005,315160.593487,2.62742,8226323.242188,7.645611,0.009666,1,,0,0,0,0,0.069648,0.009666,0.008901,-0.056906,-0.016055,-0.000223,11443.544198,11443.528157,0.509979,-0.001179,-0.015133,344.284437,106605.757813,540.065918,106606.515625,0,44.308441,-6321.461664,40.135252,345.558068,1,1.000806,0,0,0,49.658369,42.861953,GravityTurn,,,,,,,,,,,,,,,,,,,,,,,,,,,None,Continue,0,None,8112500.999862,,0,0,1,1,9841.040527,9841.040527,3.861069,11864962.890625,6.318124,859.692559,23.120063,0.057093,2.736807,8,-0.023886,7.652266,,,,,,1,1,0,1,1,0.754358,0,0,0
100.019998,ASCENT,7,0,1,None,Holding,0,26279.095674,1147.690027,885.440557,592.769638,12805.911663,2.938863,19231.511943,314458.780743,2.635703,8237592.773438,7.569891,0.009569,1,,0,0,0,0,0.058377,0.009569,0.008743,-0.061234,-0.012386,0.000022,11457.155779,11457.158385,0.500951,-0.006403,-0.015948,344.469078,106431.195313,538.881348,106431.960938,0,44.631471,-6321.042782,40.186475,345.646877,1,1.000806,0,0,0,49.537274,42.862615,GravityTurn,,,,,,,,,,,,,,,,,,,,,,,,,,,None,Continue,0,None,8114343.576887,,0,0,1,1,9835.095551,9835.095551,3.870691,11865423.828125,6.377909,861.388767,23.20325,0.043025,2.566471,8,-0.024239,7.573422,,,,,,1,1,0,1,1,0.755551,0,0,0
100.259998,ASCENT,7,0,1,None,Holding,0,26433.551315,1152.583133,890.426266,595.450079,12632.433261,2.953342,19402.470972,313756.784894,2.642707,8247045.898438,7.497267,0.009535,1,,0,0,0,0,0.050329,0.009535,0.008372,-0.085976,0.013448,0.000054,11473.891462,11473.892506,0.479659,-0.000517,-0.001151,344.745906,106257.570313,537.691406,106258.328125,0,44.956363,-6320.619535,40.237706,345.735568,1,1.000806,0,0,0,49.415993,42.863283,GravityTurn,,,,,,,,,,,,,,,,,,,,,,,,,,,None,Continue,0,None,8116620.312414,,0,0,1,1,9827.81601,9827.81601,3.882422,11865973.632813,6.436697,863.083025,23.286901,0.035085,2.370026,8,-0.070404,7.498521,,,,,,1,1,0,1,1,0.756594,0,0,0
100.519998,ASCENT,7,0,1,None,Holding,0,26588.697265,1157.500126,895.432557,598.132162,12460.197493,2.967874,19574.538251,313054.71275,2.650467,8221385.742188,7.423272,0.009399,1,,0,0,0,0,0.040174,0.009399,0.00875,-0.047807,0.0378,-0.000277,11484.854461,11484.850964,0.501362,0.004457,0.024739,344.776035,106072.601563,536.51001,106073.351563,0,45.282907,-6320.191651,40.288718,345.823503,1,1.000806,0,0,0,49.294575,42.863954,GravityTurn,,,,,,,,,,,,,,,,,,,,,,,,,,,None,Continue,0,None,8119418.760493,,0,0,1,1,9824.363098,9824.363098,3.887974,11866226.5625,6.494476,864.775324,23.368205,0.041862,2.338211,8,-0.012305,7.428843,,,,,,1,1,0,1,1,0.757005,0,0,0
100.799998,ASCENT,7,0,1,None,Holding,0,26744.546105,1162.433691,900.453308,600.812931,12289.059777,2.982438,19747.724473,312352.900006,2.655535,8235251.953125,7.353416,0.009354,1,,0,0,0,0,0.035521,0.009354,0.009112,-0.017779,0.007245,0.007076,11486.617548,11486.618881,0.522072,0.030933,-0.016321,344.582342,105891.445313,535.334839,105892.203125,0,45.61092,-6319.759795,40.339615,345.910865,1,1.000806,0,0,0,49.173168,42.86463,GravityTurn,,,,,,,,,,,,,,,,,,,,,,,,,,,None,Continue,0,None,8122289.195039,,0,0,1,1,9816.979218,9816.979218,3.899817,11866751.953125,6.551206,866.465653,23.443461,0.048119,2.502275,8,0.01959,7.358456,,,,,,1,1,0,1,1,0.757975,0,0,0
101.059998,ASCENT,7,0,1,None,Holding,0,26901.092846,1167.384851,905.490015,603.493903,12118.964062,2.997023,19922.031519,311651.331402,2.659735,8217438.476563,7.286786,0.009402,1,,0,0,0,0,0.031274,0.009402,0.008834,-0.041718,0.063978,0.005754,11488.928232,11488.921622,0.506143,0.026419,0.04424,344.406196,105724.359375,534.15741,105725.117188,0,45.940497,-6319.323908,40.390439,345.997898,1,1.000806,0,0,0,49.051738,42.86531,GravityTurn,,,,,,,,,,,,,,,,,,,,,,,,,,,None,Continue,0,None,8123872.841586,,0,0,1,1,9813.480499,9813.480499,3.905411,11866996.09375,6.607016,868.154002,23.519487,0.047581,2.744796,8,0.013285,7.292642,,,,,,1,1,0,1,1,0.75868,0,0,0
101.299998,ASCENT,7,0,1,None,Holding,0,27058.335475,1172.361013,910.54849,606.178288,11950.053222,3.01164,20097.467319,310949.62547,2.666524,8223135.742188,7.215648,0.00926,1,,0,0,0,0,0.025762,0.00926,0.009016,-0.017918,-0.086832,0.003046,11499.711795,11499.719288,0.516557,0.014849,-0.050374,344.502592,105539.828125,532.981689,105540.59375,0,46.27185,-6318.883258,40.440994,346.084271,1,1.000806,0,0,0,48.930144,42.865995,GravityTurn,,,,,,,,,,,,,,,,,,,,,,,,,,,None,Continue,0,None,8124960.077348,,0,0,1,1,9806.441833,9806.441833,3.916658,11867472.65625,6.661913,869.840363,23.599137,0.050307,2.658243,8,0.055745,7.21899,,,,,,1,1,0,1,1,0.758778,0,0,0
101.559998,ASCENT,7,0,1,None,Holding,0,27216.274452,1177.355166,915.62288,608.860841,11782.312033,3.026285,20274.0343,310248.163678,2.672397,8230246.09375,7.147516,0.009181,1,,0,0,0,0,0.018945,0.009181,0.008465,-0.052296,0.059482,-0.000915,11507.076493,11507.072673,0.485017,-0.003578,0.04729,344.343494,105366.53125,531.814392,105367.289063,0,46.604642,-6318.438333,40.491481,346.170165,1,1.000806,0,0,0,48.808528,42.866684,GravityTurn,,,,,,,,,,,,,,,,,,,,,,,,,,,None,Continue,0,None,8125782.158796,,0,0,1,1,9799.341614,9799.341614,3.927947,11867936.523438,6.715841,871.524724,23.675524,0.035253,3.265607,8,0.010853,7.153043,,,,,,1,1,0,1,1,0.759177,0,0,0
101.839998,ASCENT,7,0,1,None,Holding,0,27374.911368,1182.371492,920.719161,611.54807,11615.872507,3.040971,20451.743087,309546.503522,2.679391,8232908.203125,7.079039,0.009077,1,,0,0,0,0,0.013956,0.009077,0.008369,-0.051545,-0.038805,0.005212,11517.308574,11517.310851,0.479526,0.024172,-0.027014,344.474229,105181.914063,530.622681,105182.664063,0,46.939293,-6317.989002,40.54206,346.255854,1,1.000806,0,0,0,48.686748,42.867378,GravityTurn,,,,,,,,,,,,,,,,,,,,,,,,,,,None,Continue,0,None,8126627.207398,,0,0,1,1,9796.665527,9796.665527,3.932181,11868107.421875,6.768918,873.207075,23.753895,0.037318,3.080518,8,0.009033,7.084853,,,,,,1,1,0,1,1,0.760048,0,0,0
102.079998,ASCENT,7,0,1,None,Holding,0,27534.250994,1187.413627,925.83967,614.241619,11450.798091,3.055707,20630.599281,308844.553448,2.687443,8229276.367188,7.013531,0.009066,1,,0,0,0,0,0.016424,0.009066,0.008646,-0.030581,-0.103959,0.000846,11530.629369,11530.63099,0.495359,0.006357,-0.058453,344.625201,105009.132813,529.454163,105009.890625,0,47.27592,-6317.534883,40.59254,346.341265,1,1.000806,0,0,0,48.56475,42.868076,GravityTurn,,,,,,,,,,,,,,,,,,,,,,,,,,,None,Continue,0,None,8128266.211154,,0,0,1,1,9789.030396,9789.030396,3.944275,11868583.984375,6.821167,874.887412,23.832221,0.043043,2.709473,8,0.021439,7.015271,,,,,,1,1,0,1,1,0.760769,0,0,0
102.359998,ASCENT,7,0,1,None,Holding,0,27694.287903,1192.47513,930.977655,616.936518,11286.912884,3.070468,20810.603724,308142.78648,2.693359,8217005.859375,6.948154,0.009042,1,,0,0,0,0,0.010057,0.009042,0.008579,-0.033529,-0.056144,0.001721,11539.698617,11539.693439,0.491543,0.004216,-0.038262,344.611084,104833.789063,528.270203,104834.554688,0,47.614206,-6317.076422,40.642877,346.425996,1,1.000806,0,0,0,48.442695,42.868779,GravityTurn,,,,,,,,,,,,,,,,,,,,,,,,,,,None,Continue,0,None,8129959.646242,,0,0,1,1,9781.789124,9781.789124,3.955718,11869021.484375,6.872529,876.565725,23.907291,0.044269,3.548701,8,-0.022084,6.950324,,,,,,1,1,0,1,1,0.760999,0,0,0
102.619998,ASCENT,7,0,1,None,Holding,0,27855.027958,1197.559876,936.137397,619.634454,11124.2928,3.085264,20991.767388,307440.821148,2.70062,8235268.554688,6.881027,0.008943,1,,0,0,0,0,0.005942,0.008943,0.008769,-0.012553,-0.032326,-0.00292,11551.48088,11551.48502,0.502438,-0.011723,-0.023408,344.654363,104649.054688,527.085083,104649.820313,0,47.954267,-6316.61321,40.693177,346.510477,1,1.000806,0,0,0,48.320483,42.869486,GravityTurn,,,,,,,,,,,,,,,,,,,,,,,,,,,None,Continue,0,None,8131555.621465,,0,0,1,1,9777.689178,9777.689178,3.962182,11869262.695313,6.923067,878.242008,23.983873,0.046484,3.008731,8,0.006574,6.883058,,,,,,1,1,0,1,1,0.764417,0,0,0
102.859998,ASCENT,7,0,1,None,Holding,0,28016.469551,1202.662563,941.312904,622.333342,10962.911319,3.100093,21174.092253,306739.206769,2.70659,8220306.640625,6.823067,0.009163,1,,0,0,0,0,0.011858,0.009163,0.009121,-0.002991,-0.062987,-0.001422,11553.849,11553.829161,0.522609,-0.001442,-0.04104,344.50067,104461.804688,525.912415,104462.5625,0,48.295967,-6316.145741,40.743249,346.594393,1,1.000806,0,0,0,48.198256,42.870198,GravityTurn,,,,,,,,,,,,,,,,,,,,,,,,,,,None,Continue,0,None,8133248.170681,,0,0,1,1,9770.351471,9770.351471,3.973722,11869680.664063,6.972767,879.916252,24.055192,0.057634,3.153862,8,0.043209,6.826665,,,,,,1,1,0,1,1,0.76861,0,0,0
103.119998,ASCENT,7,0,1,None,Holding,0,28178.610207,1207.787674,946.508854,625.034447,10802.618502,3.114933,21357.586526,306037.546612,2.712205,8232812.5,6.757053,0.009094,1,,0,0,0,0,0.012901,0.009094,0.008546,-0.039475,0.046431,0.002082,11564.515596,11564.505526,0.489637,0.012149,0.018233,344.535338,104289.609375,524.718994,104290.367188,0,48.639394,-6315.6735,40.793196,346.677753,1,1.000806,0,0,0,48.075905,42.870914,GravityTurn,,,,,,,,,,,,,,,,,,,,,,,,,,,None,Continue,0,None,8134228.303366,,0,0,1,1,9766.668274,9766.668274,3.979513,11869886.71875,7.021664,881.588454,24.129452,0.047208,3.888317,8,0.054241,6.757995,,,,,,1,1,0,1,1,0.772782,0,0,0
103.399998,ASCENT,7,0,1,None,Holding,0,28341.455153,1212.935758,951.726432,627.737032,10643.640007,3.129809,21542.255012,305335.764386,2.719534,8243231.445313,6.690458,0.008991,1,,0,0,0,0,0.004876,0.008991,0.008501,-0.035166,0.043373,-0.004049,11576.940934,11576.942553,0.487054,-0.021448,0.037872,344.607523,104104.539063,523.542419,104105.289063,0,48.984507,-6315.196333,40.843164,346.760803,1,1.000806,0,0,0,47.953403,42.871635,GravityTurn,,,,,,,,,,,,,,,,,,,,,,,,,,,None,Continue,0,None,8135180.699725,,0,0,1,1,9759.247681,9759.247681,3.991146,11870290.039063,7.069754,883.258602,24.204856,0.040111,3.256498,8,0.027643,6.693874,,,,,,1,1,0,1,1,0.776933,0,0,0
103.639998,ASCENT,7,0,1,None,Holding,0,28505.002606,1218.100413,956.957952,630.439559,10485.913445,3.144707,21728.104071,304634.378888,2.724727,8233134.765625,6.62602,0.008954,1,,0,0,0,0,0.004129,0.008954,0.008598,-0.025446,-0.009288,-0.002006,11578.927016,11578.925815,0.49265,-0.0073,-0.000906,344.426644,103922.34375,522.380005,103923.101563,0,49.331201,-6314.714914,40.892809,346.843228,1,1.000806,0,0,0,47.830931,42.872361,GravityTurn,,,,,,,,,,,,,,,,,,,,,,,,,,,None,Continue,0,None,8136140.131024,,0,0,1,1,9755.51886,9755.51886,3.997,11870488.28125,7.116997,884.926689,24.273828,0.040342,2.97592,8,-0.002176,6.634559,,,,,,1,1,0,1,1,0.781061,0,0,0
103.919998,ASCENT,7,0,1,None,Holding,0,28669.253897,1223.289049,962.21099,633.143859,10329.446968,3.159622,21915.140722,303932.871319,2.731123,8243338.867188,6.562722,0.008945,1,,0,0,0,0,0.003695,0.008945,0.008088,-0.061187,0.004008,0.003083,11588.059213,11588.069142,0.463417,0.021925,0.01088,344.392299,103746.125,521.184631,103746.882813,0,49.679608,-6314.228386,40.942287,346.924953,1,1.000806,0,0,0,47.708312,42.873091,GravityTurn,,,,,,,,,,,,,,,,,,,,,,,,,,,None,Continue,0,None,8136661.532779,,0,0,1,1,9747.076874,9747.076874,4.01018,11870922.851563,7.163445,886.592708,24.34595,0.027193,3.028549,8,0.014922,6.565414,,,,,,1,1,0,1,1,0.785165,0,0,0
104.179998,ASCENT,7,0,1,None,Holding,0,28834.209635,1228.497926,967.485509,635.853958,10174.336379,3.174564,22103.369174,303231.333233,2.738472,8218763.671875,6.498977,0.008922,1,,0,0,0,0,0.001911,0.008922,0.008563,-0.025559,0.029526,0.003881,11600.370763,11600.377133,0.490635,0.026071,0.025101,344.482907,103554.039063,520.016052,103554.796875,0,50.029994,-6313.737458,40.991973,347.006855,1,1.000806,0,0,0,47.585549,42.873827,GravityTurn,,,,,,,,,,,,,,,,,,,,,,,,,,,None,Continue,0,None,8137251.436779,,0,0,1,1,9739.986298,9739.986298,4.021256,11871275.390625,7.209114,888.25665,24.419007,0.037411,3.037328,8,0.032527,6.499979,,,,,,1,1,0,1,1,0.789244,0,0,0
104.439998,ASCENT,7,0,1,None,Holding,0,28999.869409,1233.728764,972.779267,638.56575,10020.62469,3.189536,22292.795741,302529.779889,2.745737,8229812.5,6.434313,0.008872,1,,0,0,0,0,0.007528,0.008872,0.008239,-0.044925,0.052806,-0.003206,11607.97192,11607.971345,0.472084,-0.01644,0.02907,344.441086,103378.28125,518.82605,103379.039063,0,50.382096,-6313.241602,41.041384,347.088054,1,1.000806,0,0,0,47.462694,42.874566,GravityTurn,,,,,,,,,,,,,,,,,,,,,,,,,,,None,Continue,0,None,8138212.252139,,0,0,1,1,9735.709747,9735.709747,4.027903,11871484.375,7.254027,889.918513,24.488727,0.033425,3.175058,8,0.022176,6.443651,,,,,,1,1,0,1,1,0.793298,0,0,0
104.679998,ASCENT,7,0,1,None,Holding,0,29166.236337,1238.990347,978.10175,641.282872,9868.378184,3.204543,22483.430962,301827.723004,2.753988,8246299.804688,6.366768,0.008704,1,,0,0,0,0,0.004562,0.008704,0.008036,-0.047312,-0.023788,0.004841,11625.730603,11625.727991,0.460417,0.026292,-0.017435,344.683408,103198.796875,517.64917,103199.546875,0,50.736171,-6312.739886,41.09073,347.168984,1,1.000806,0,0,0,47.339529,42.875311,GravityTurn,,,,,,,,,,,,,,,,,,,,,,,,,,,None,Continue,0,None,8139669.309331,,0,0,1,1,9727.579285,9727.579285,4.040553,11871867.1875,7.298184,891.578289,24.563256,0.025552,3.134062,8,-0.03639,6.374387,,,,,,1,1,0,1,1,0.797324,0,0,0
104.959998,ASCENT,7,0,1,None,Holding,0,29333.309218,1244.261884,983.432423,643.998535,9717.40393,3.219554,22675.270868,301126.383282,2.758375,8214837.890625,6.305151,0.008754,1,,0,0,0,0,0.004182,0.008754,0.00788,-0.061779,0.037208,0.006198,11624.13434,11624.144528,0.451491,0.032689,0.025968,344.429467,103018.460938,516.473206,103019.21875,0,51.091746,-6312.234508,41.139753,347.248975,1,1.000806,0,0,0,47.216529,42.87606,GravityTurn,,,,,,,,,,,,,,,,,,,,,,,,,,,None,Continue,0,None,8141016.411592,,0,0,1,1,9723.735931,9723.735931,4.046544,11872042.96875,7.341533,893.23597,24.626224,0.024301,3.492658,8,-0.052938,6.313167,,,,,,1,1,0,1,1,0.801324,0,0,0
105.219998,ASCENT,7,0,1,None,Holding,0,29501.087347,1249.561896,988.791435,646.720964,9567.839143,3.234588,22868.326678,300424.540021,2.766047,8217228.515625,6.247981,0.008958,1,,0,0,0,0,0.002551,0.008958,0.008444,-0.036215,0.023181,-0.006773,11639.06021,11639.063691,0.483814,-0.032582,0.019745,344.520893,102830.320313,515.294983,102831.078125,0,51.449399,-6311.723584,41.188912,347.32903,1,1.000806,0,0,0,47.093232,42.876815,GravityTurn,,,,,,,,,,,,,,,,,,,,,,,,,,,None,Continue,0,None,8141841.103795,,0,0,1,1,9716.005157,9716.005157,4.058532,11872389.648438,7.384156,894.891554,24.699097,0.035774,2.991356,8,-0.002123,6.250676,,,,,,1,1,0,1,1,0.805294,0,0,0
105.479998,ASCENT,7,0,1,None,Holding,0,29669.572687,1254.880688,994.167593,649.444486,9419.65584,3.249639,23062.609237,299722.902752,2.773013,8223768.554688,6.178851,0.008726,1,,0,0,0,0,0.004249,0.008726,0.007826,-0.063306,-0.106616,-0.004255,11646.107943,11646.106868,0.448403,-0.019357,-0.091617,344.505707,102641.117188,514.114014,102641.867188,0,51.808744,-6311.207955,41.237898,347.408567,1,1.000806,0,0,0,46.969894,42.877574,GravityTurn,,,,,,,,,,,,,,,,,,,,,,,,,,,None,Continue,0,None,8143134.297578,,0,0,1,1,9707.731384,9707.731384,4.071359,11872748.046875,7.425969,896.545037,24.76563,0.020055,3.630965,8,-0.00264,6.180154,,,,,,1,1,0,1,1,0.809234,0,0,0
105.719998,ASCENT,7,0,1,None,Holding,0,29838.768801,1260.2209,999.563287,652.171231,9272.831294,3.264703,23258.116955,299021.379925,2.779222,8222161.132813,6.115881,0.008707,1,,0,0,0,0,0.00849,0.008707,0.007887,-0.057565,-0.035765,0.003638,11653.272064,11653.26882,0.451891,0.015399,-0.046054,344.391526,102460.90625,512.94165,102461.664063,0,52.169932,-6310.687385,41.286656,347.48758,1,1.000806,0,0,0,46.846463,42.878337,GravityTurn,,,,,,,,,,,,,,,,,,,,,,,,,,,None,Continue,0,None,8144186.768144,,0,0,1,1,9703.817169,9703.817169,4.077437,11872912.109375,7.46701,898.196413,24.83194,0.013771,4.64102,8,-0.068047,6.120665,,,,,,1,1,0,1,1,0.813143,0,0,0
105.979998,ASCENT,7,0,1,None,Holding,0,30008.675054,1265.584059,1004.980685,654.903543,9127.352512,3.27978,23454.855371,298319.750287,2.785937,8228375,6.058501,0.008898,1,,0,0,0,0,0.004465,0.008898,0.007576,-0.09249,0.046605,-0.003532,11663.164172,11663.16692,0.434096,-0.016405,0.029042,344.43821,102269.359375,511.758026,102270.109375,0,52.533132,-6310.161795,41.335243,347.566003,1,1.000806,0,0,0,46.72289,42.879106,GravityTurn,,,,,,,,,,,,,,,,,,,,,,,,,,,None,Continue,0,None,8145142.950538,,0,0,1,1,9695.456482,9695.456482,4.090377,11873254.882813,7.507333,899.845682,24.899543,0.016407,3.884926,8,-0.024677,6.061124,,,,,,1,1,0,1,1,0.817019,0,0,0
106.239998,ASCENT,7,0,1,None,Holding,0,30179.290414,1270.971541,1010.421253,657.641338,8983.183264,3.294877,23652.835961,297617.952801,2.793402,8229681.640625,5.989929,0.008708,1,,0,0,0,0,0.00289,0.008708,0.00745,-0.08777,0.043322,0.001624,11679.33361,11679.334372,0.426827,0.007709,0.033185,344.598551,102083.023438,510.579407,102083.773438,0,52.898346,-6309.63096,41.38371,347.644004,1,1.000806,0,0,0,46.599142,42.87988,GravityTurn,,,,,,,,,,,,,,,,,,,,,,,,,,,None,Continue,0,None,8146168.947097,,0,0,1,1,9691.00943,9691.00943,4.097259,11873432.617188,7.546954,901.492843,24.968993,0.01491,3.786336,8,-0.056463,5.99433,,,,,,1,1,0,1,1,0.820862,0,0,0
106.519998,ASCENT,7,0,1,None,Holding,0,30350.617428,1276.381803,1015.882993,660.382021,8840.419274,3.310028,23852.059237,296916.10954,2.801806,8236247.070313,5.92938,0.008813,1,,0,0,0,0,0.012115,0.008813,0.008411,-0.027948,0.016151,-0.000745,11689.285325,11689.28932,0.481913,0.000281,0.038096,344.724603,101905.023438,509.39859,101905.773438,0,53.265403,-6309.094866,41.432029,347.721455,1,1.000806,0,0,0,46.475267,42.880658,GravityTurn,,,,,,,,,,,,,,,,,,,,,,,,,,,None,Continue,0,None,8147753.4563,,0,0,1,1,9683.060211,9683.060211,4.109537,11873742.1875,7.585875,903.13789,25.035146,0.035646,3.730457,8,-0.008348,5.934802,,,,,,1,1,0,1,1,0.82467,0,0,0
106.779998,ASCENT,7,0,1,None,Holding,0,30522.657464,1281.816886,1021.368844,663.12742,8699.014108,3.325215,24052.532703,296214.083172,2.808979,8235476.5625,5.872346,0.00904,1,,0,0,0,0,0.008837,0.00904,0.008903,-0.009447,0.003871,0.003235,11703.865016,11703.861705,0.510131,0.016201,0.016545,344.79718,101708.234375,508.219818,101708.984375,0,53.634437,-6308.553326,41.480335,347.798746,1,1.000806,0,0,0,46.351198,42.881442,GravityTurn,,,,,,,,,,,,,,,,,,,,,,,,,,,None,Continue,0,None,8149525.254632,,0,0,1,1,9678.565948,9678.565948,4.1165,11873912.109375,7.624063,904.78082,25.102698,0.042983,3.800781,8,0.034598,5.875075,,,,,,1,1,0,1,1,0.828442,0,0,0
107.039998,ASCENT,7,0,1,None,Holding,0,30695.413647,1287.273714,1026.874503,665.874325,8559.050548,3.340447,24254.268704,295512.072064,2.816571,8224849.609375,5.799985,0.008726,1,,0,0,0,0,0.002431,0.008726,0.00821,-0.035657,0.017286,-0.009637,11712.43786,11712.439997,0.470408,-0.043904,0.015406,344.694369,101530.890625,507.041748,101531.640625,0,54.005232,-6308.006488,41.528448,347.875506,1,1.000806,0,0,0,46.227036,42.88223,GravityTurn,,,,,,,,,,,,,,,,,,,,,,,,,,,None,Continue,0,None,8151613.666569,,0,0,1,1,9669.529602,9669.529602,4.130445,11874243.164063,7.661519,906.421628,25.166614,0.024903,3.921582,8,-0.038899,5.806971,,,,,,1,1,0,1,1,0.832176,0,0,0
107.299998,ASCENT,7,0,1,None,Holding,0,30868.881707,1292.752438,1032.401946,668.624111,8420.494617,3.355709,24457.26725,294810.015179,2.823575,8233762.695313,5.735893,0.008693,1,,0,0,0,0,0.003221,0.008693,0.007972,-0.049739,-0.0272,0.00525,11725.104441,11725.116601,0.456768,0.037274,-0.017783,344.905336,101339.328125,505.858429,101340.070313,0,54.377884,-6307.454389,41.576633,347.952162,1,1.000806,0,0,0,46.102735,42.883024,GravityTurn,,,,,,,,,,,,,,,,,,,,,,,,,,,None,Continue,0,None,8153336.134626,,0,0,1,1,9665.493347,9665.493347,4.136697,11874388.671875,7.698232,908.060304,25.232148,0.016543,4.475989,8,-0.022383,5.73795,,,,,,1,1,0,1,1,0.83587,0,0,0
107.539998,ASCENT,7,0,1,None,Holding,0,31043.067192,1298.253564,1037.949123,671.375363,8283.463685,3.371016,24661.537217,294108.004071,2.830679,8215593.75,5.674787,0.008762,1,,0,0,0,0,0.001092,0.008762,0.008108,-0.044995,0.075836,0.000813,11732.313323,11732.320776,0.46454,-0.001142,0.063309,344.794982,101154.945313,504.690826,101155.703125,0,54.7523,-6306.89682,41.624507,348.028189,1,1.000806,0,0,0,45.978343,42.883822,GravityTurn,,,,,,,,,,,,,,,,,,,,,,,,,,,None,Continue,0,None,8155084.436849,,0,0,1,1,9656.871521,9656.871521,4.150006,11874689.453125,7.73421,909.696844,25.295106,0.021047,4.503623,8,0.001476,5.683353,,,,,,1,1,0,1,1,0.839524,0,0,0
107.799998,ASCENT,7,0,1,None,Holding,0,31217.965715,1303.771829,1043.512581,674.127143,8147.870437,3.386342,24867.079137,293406.328656,2.836342,8213317.382813,5.609998,0.008714,1,,0,0,0,0,0.007344,0.008714,0.008235,-0.032882,0.005532,0.000724,11736.70667,11736.712523,0.471819,0.006221,-0.009548,344.621376,100962.210938,503.502228,100962.960938,0,55.128412,-6306.334395,41.67228,348.103759,1,1.000806,0,0,0,45.853938,42.884626,GravityTurn,,,,,,,,,,,,,,,,,,,,,,,,,,,None,Continue,0,None,8156250.921376,,0,0,1,1,9652.286224,9652.286224,4.157061,11874843.75,7.769488,911.331244,25.355043,0.021765,4.015529,8,-0.038913,5.612541,,,,,,1,1,0,1,1,0.843135,0,0,0
108.079998,ASCENT,7,0,1,None,Holding,0,31393.580511,1309.309962,1049.094628,676.877767,8013.825273,3.401703,25073.902501,292704.836346,2.842397,8210370.117188,5.552721,0.00893,1,,0,0,0,0,0.013795,0.00893,0.008761,-0.011529,0.008035,0.005672,11739.613583,11739.617806,0.501984,0.025415,-0.022427,344.439818,100778.960938,502.314484,100779.710938,0,55.506107,-6305.766585,41.720001,348.178951,1,1.000806,0,0,0,45.729469,42.885434,GravityTurn,,,,,,,,,,,,,,,,,,,,,,,,,,,None,Continue,0,None,8156870.690529,,0,0,1,1,9643.584412,9643.584412,4.170487,11875131.835938,7.804063,912.963498,25.414446,0.034776,5.04969,8,0.046799,5.554296,,,,,,1,1,0,1,1,0.846702,0,0,0
108.339998,ASCENT,7,0,1,None,Holding,0,31569.912131,1314.870675,1054.696813,679.629141,7881.297211,3.417086,25282.014846,292003.420331,2.848168,8212419.921875,5.486768,0.00883,1,,0,0,0,0,0.002735,0.00883,0.00768,-0.07858,-0.019017,-0.006221,11747.923276,11747.938755,0.440034,-0.027192,-0.01509,344.426644,100585.273438,501.142822,100586.03125,0,55.885527,-6305.193112,41.767463,348.253609,1,1.000806,0,0,0,45.604902,42.886248,GravityTurn,,,,,,,,,,,,,,,,,,,,,,,,,,,None,Continue,0,None,8156975.13329,,0,0,1,1,9639.468048,9639.468048,4.176849,11875264.648438,7.83792,914.593597,25.475477,-0.000996,5.879506,8,-0.068924,5.489197,,,,,,1,1,0,1,1,0.850223,0,0,0
108.599998,ASCENT,7,0,1,None,Holding,0,31746.958918,1320.462091,1060.327428,682.387565,7750.456492,3.432521,25491.421477,291301.531292,2.857454,8232207.03125,5.419258,0.008682,1,,0,0,0,0,0.005118,0.008682,0.008093,-0.040099,-0.051092,-0.003029,11767.32199,11767.327994,0.463683,-0.01144,-0.037736,344.646653,100397.671875,499.974609,100398.4375,0,56.267132,-6304.61326,41.814667,348.327655,1,1.000806,0,0,0,45.480054,42.887066,GravityTurn,,,,,,,,,,,,,,,,,,,,,,,,,,,None,Continue,0,None,8157341.468777,,0,0,1,1,9630.679962,9630.679962,4.190379,11875538.085938,7.871114,916.221535,25.542576,0.014015,5.591997,8,-0.024845,5.4235,,,,,,1,1,0,1,1,0.853697,0,0,0
108.839998,ASCENT,7,0,1,None,Holding,0,31924.72523,1326.079398,1065.983909,685.151662,7621.34361,3.448014,25702.128742,290599.412896,2.866963,8239161.132813,5.357674,0.008748,1,,0,0,0,0,0.003259,0.008748,0.00878,0.00213,0.019524,0.000743,11784.459872,11784.466893,0.503037,0.00125,0.006231,344.886291,100201.398438,498.779144,100202.15625,0,56.650832,-6304.027545,41.861928,348.40167,1,1.000806,0,0,0,45.354984,42.88789,GravityTurn,,,,,,,,,,,,,,,,,,,,,,,,,,,None,Continue,0,None,8158837.011428,,0,0,1,1,9626.52652,9626.52652,4.196806,11875665.039063,7.903637,917.847307,25.606809,0.033997,4.991972,8,0.056348,5.364458,,,,,,1,1,0,1,1,0.857122,0,0,0
109.119998,ASCENT,7,0,1,None,Holding,0,32103.210313,1331.717869,1071.660324,687.916345,7493.876933,3.463542,25914.140363,289897.401787,2.874507,8242401.367188,5.298047,0.008883,1,,0,0,0,0,0.003152,0.008883,0.00854,-0.023221,-0.000532,0.003151,11795.464626,11795.470395,0.489317,0.013684,-0.003565,344.857456,100007.898438,497.601685,100008.664063,0,57.036259,-6303.436216,41.909094,348.475167,1,1.000806,0,0,0,45.229824,42.888719,GravityTurn,,,,,,,,,,,,,,,,,,,,,,,,,,,None,Continue,0,None,8160616.37255,,0,0,1,1,9617.654785,9617.654785,4.210486,11875927.734375,7.935473,919.470906,25.666796,0.025879,4.231198,8,0.032382,5.300046,,,,,,1,1,0,1,1,0.860496,0,0,0
109.379998,ASCENT,7,0,1,None,Holding,0,32282.415136,1337.379889,1077.357498,690.683786,7368.089412,3.479112,26127.469262,289195.390679,2.88152,8218381.835938,5.228072,0.008665,1,,0,0,0,0,0.012097,0.008665,0.009146,0.032444,-0.031397,-0.001416,11803.872204,11803.871758,0.524027,-0.001064,-0.0066,344.84424,99820.46875,496.431458,99821.226563,0,57.42358,-6302.839055,41.955873,348.547946,1,1.000806,0,0,0,45.104557,42.889554,GravityTurn,,,,,,,,,,,,,,,,,,,,,,,,,,,None,Continue,0,None,8162319.925912,,0,0,1,1,9608.72818,9608.72818,4.224251,11876180.664063,7.966654,921.092328,25.725679,0.039235,5.062012,8,-0.013476,5.237479,,,,,,1,1,0,1,1,0.863818,0,0,0
109.639998,ASCENT,7,0,1,None,Holding,0,32462.335362,1343.062573,1083.074792,693.44946,7243.931905,3.494708,26342.11879,288493.471123,2.88777,8237780.273438,5.17235,0.008937,1,,0,0,0,0,0.004902,0.008937,0.00817,-0.051624,0.037408,-0.004887,11812.59589,11812.597397,0.468112,-0.022764,0.024559,344.849795,99629.382813,495.252411,99630.148438,0,57.812462,-6302.236094,42.002733,348.620653,1,1.000806,0,0,0,44.979199,42.890393,GravityTurn,,,,,,,,,,,,,,,,,,,,,,,,,,,None,Continue,0,None,8163596.823867,,0,0,1,1,9603.984772,9603.984772,4.231553,11876312.5,7.997136,922.711565,25.783957,0.01236,6.170637,8,-0.0209,5.172437,,,,,,1,1,0,1,1,0.867085,0,0,0
109.879998,ASCENT,7,0,1,None,Holding,0,32642.976395,1348.766381,1088.812056,696.215852,7121.455775,3.510342,26558.095507,287791.704156,2.894917,8235572.265625,5.10856,0.008924,1,,0,0,0,0,0.00711,0.008924,0.008411,-0.034423,-0.088833,0.002063,11819.356235,11819.360332,0.481911,0.010409,-0.066716,344.757336,99441.476563,494.073853,99442.242188,0,58.203092,-6301.627407,42.04949,348.693089,1,1.000806,0,0,0,44.853752,42.891238,GravityTurn,,,,,,,,,,,,,,,,,,,,,,,,,,,None,Continue,0,None,8164529.395874,,0,0,1,1,9595.507996,9595.507996,4.244647,11876541.015625,8.02695,924.32861,25.8415,0.015238,5.17473,8,0.001333,5.111311,,,,,,1,1,0,1,1,0.870296,0,0,0
110.159998,ASCENT,7,0,1,None,Holding,0,32824.332822,1354.487885,1094.565329,698.981776,7000.613849,3.526,26775.399718,287090.196587,2.900787,8222852.539063,5.042613,0.008836,1,,0,0,0,0,0.006473,0.008836,0.007969,-0.058085,0.054763,0.006224,11820.562206,11820.568322,0.456601,0.033149,0.057345,344.477336,99247.34375,492.890015,99248.109375,0,58.595379,-6301.013354,42.096009,348.764796,1,1.000806,0,0,0,44.728305,42.892088,GravityTurn,,,,,,,,,,,,,,,,,,,,,,,,,,,None,Continue,0,None,8165105.363148,,0,0,1,1,9590.717224,9590.717224,4.252015,11876666.015625,8.056088,925.943458,25.894854,-0.001753,6.104915,8,-0.059071,5.044302,,,,,,1,1,0,1,1,0.873449,0,0,0
110.419998,ASCENT,7,0,1,None,Holding,0,33006.413972,1360.235435,1100.342223,701.747322,6881.421315,3.541692,26994.045266,286388.658501,2.907183,8220319.335938,4.979282,0.008825,1,,0,0,0,0,0.005232,0.008825,0.008806,-0.001297,0.091845,0.001133,11829.60105,11829.610633,0.504533,0.004302,0.088737,344.508811,99055.820313,491.709015,99056.570313,0,58.98935,-6300.392709,42.142343,348.836113,1,1.000806,0,0,0,44.602691,42.892943,GravityTurn,,,,,,,,,,,,,,,,,,,,,,,,,,,None,Continue,0,None,8165196.40954,,0,0,1,1,9581.630951,9581.630951,4.266032,11876896.484375,8.084557,927.556097,25.952428,0.027154,7.494702,8,-0.012763,4.986533,,,,,,1,1,0,1,1,0.876542,0,0,0
110.679998,ASCENT,7,0,1,None,Holding,0,33189.213436,1366.008369,1106.143843,704.51746,6763.873042,3.557413,27214.036881,285686.983086,2.91508,8241568.359375,4.918481,0.008912,1,,0,0,0,0,0.009348,0.008912,0.009025,0.007533,0.117214,-0.009309,11845.166096,11845.196423,0.517112,-0.04889,0.118609,344.711094,98848.25,490.531067,98849.015625,0,59.385366,-6299.765885,42.188615,348.907146,1,1.000806,0,0,0,44.476888,42.893804,GravityTurn,,,,,,,,,,,,,,,,,,,,,,,,,,,None,Continue,0,None,8165346.68659,,0,0,1,1,9577.336334,9577.336334,4.272679,11877001.953125,8.1124,929.166521,26.012425,0.037823,7.381994,8,0.03588,4.918104,,,,,,1,1,0,1,1,0.879572,0,0,0
110.919998,ASCENT,7,0,1,None,Holding,0,33372.734313,1371.803581,1111.967104,707.290644,6647.948212,3.573167,27435.379913,284985.307671,2.923733,8251332.03125,4.852477,0.008821,1,,0,0,0,0,0.002013,0.008821,0.008046,-0.051519,-0.031671,-0.006508,11856.928085,11856.943863,0.460983,-0.030454,-0.030009,344.754494,98668.5,489.3396,98669.25,0,59.78332,-6299.133166,42.234804,348.977949,1,1.000806,0,0,0,44.350965,42.89467,GravityTurn,,,,,,,,,,,,,,,,,,,,,,,,,,,None,Continue,0,None,8165945.708256,,0,0,1,1,9568.170837,9568.170837,4.286831,11877222.65625,8.139603,930.774727,26.069494,-0.001056,8.762862,8,-0.061119,4.857415,,,,,,1,1,0,1,1,0.882539,0,0,0
111.199998,ASCENT,7,0,1,None,Holding,0,33556.977545,1377.623944,1117.814514,710.067131,6533.600142,3.588945,27658.084444,284283.479668,2.931627,8235125,4.792092,0.008948,1,,0,0,0,0,0.004708,0.008948,0.009506,0.036921,0.033302,-0.00296,11871.380291,11871.39838,0.544625,-0.016951,0.032988,344.854022,98460.546875,488.158478,98461.296875,0,60.183243,-6298.494112,42.280898,349.048256,1,1.000806,0,0,0,44.224868,42.895541,GravityTurn,,,,,,,,,,,,,,,,,,,,,,,,,,,None,Continue,0,None,8166647.71511,,0,0,1,1,9563.840912,9563.840912,4.293523,11877324.21875,8.166217,932.38071,26.12765,0.068163,8.613532,8,0.072029,4.798837,,,,,,1,1,0,1,1,0.885439,0,0,0
111.459998,ASCENT,7,0,1,None,Holding,0,33741.939571,1383.470309,1123.685637,712.843649,6420.825198,3.604752,27882.150441,283581.574894,2.939517,8223678.710938,4.725215,0.008823,1,,0,0,0,0,0.004027,0.008823,0.008993,0.011202,0.044972,0.005422,11883.902244,11883.921377,0.515238,0.02842,0.046382,344.949805,98273.03125,486.988007,98273.796875,0,60.584889,-6297.848306,42.326795,349.118162,1,1.000806,0,0,0,44.098609,42.896418,GravityTurn,,,,,,,,,,,,,,,,,,,,,,,,,,,None,Continue,0,None,8167657.839175,,0,0,1,1,9554.597107,9554.597107,4.307812,11877533.203125,8.192162,933.984466,26.184734,0.028333,7.075616,8,0.04241,4.735413,,,,,,1,1,0,1,1,0.888271,0,0,0
111.719998,ASCENT,7,0,1,None,Holding,0,33927.625749,1389.339052,1129.577465,715.621978,6309.571616,3.620586,28107.588306,282879.746892,2.947431,8230864.257813,4.660266,0.008776,1,,0,0,0,0,0.001908,0.008776,0.008294,-0.031664,-0.014318,-0.001509,11891.195326,11891.205924,0.475237,-0.003541,-0.009142,344.782133,98081.898438,485.803345,98082.648438,0,60.988398,-6297.196358,42.372457,349.187532,1,1.000806,0,0,0,43.972252,42.8973,GravityTurn,,,,,,,,,,,,,,,,,,,,,,,,,,,None,Continue,0,None,8168911.245482,,0,0,1,1,9549.685486,9549.685486,4.315395,11877641.601563,8.217493,935.585984,26.237845,0.009362,7.073901,8,-0.024826,4.66785,,,,,,1,1,0,1,1,0.891033,0,0,0
111.979997,ASCENT,7,0,1,None,Holding,0,34114.029796,1395.228864,1135.490734,718.403853,6199.775374,3.636439,28334.402234,282177.995183,2.95425,8223511.71875,4.598334,0.008852,1,,0,0,0,0,0.002632,0.008852,0.008637,-0.014072,-0.007879,0.00223,11898.472564,11898.488932,0.494881,0.014947,-0.001937,344.769166,97867.070313,484.629028,97867.828125,0,61.393899,-6296.538547,42.418151,349.256773,1,1.000806,0,0,0,43.845783,42.898188,GravityTurn,,,,,,,,,,,,,,,,,,,,,,,,,,,None,Continue,0,None,8169961.930598,,0,0,1,1,9540.362457,9540.362457,4.329825,11877841.796875,8.24223,937.185263,26.290942,0.019197,6.914799,8,-0.035629,4.601359,,,,,,1,1,0,1,1,0.893723,0,0,0
112.239997,ASCENT,7,0,1,None,Holding,0,34301.156956,1401.139404,1141.420903,721.17629,6091.324589,3.652291,28562.60315,281476.624943,2.95961,8244114.257813,4.528982,0.008615,1,,0,0,0,0,0.011119,0.008615,0.00769,-0.060561,0.003662,-0.001253,11904.19311,11904.220919,0.4406,-0.011346,0.024393,344.637739,97687.820313,483.434174,97688.570313,0,61.800413,-6295.873896,42.463549,349.325389,1,1.000806,0,0,0,43.7193,42.899081,GravityTurn,,,,,,,,,,,,,,,,,,,,,,,,,,,None,Continue,0,None,8170219.592789,,0,0,1,1,9531.545471,9531.545471,4.343502,11878024.414063,8.266268,938.782292,26.342122,-0.02656,7.37102,8,-0.090349,4.531282,,,,,,1,1,0,1,1,0.896322,0,0,0
112.499997,ASCENT,7,0,1,None,Holding,0,34489.006791,1407.072964,1147.374054,723.956526,5984.243562,3.668164,28792.189847,280775.132634,2.967535,8233307.617188,4.471174,0.008816,1,,0,0,0,0,0.001287,0.008816,0.008742,-0.004824,-0.057828,-0.005931,11915.812548,11915.847005,0.500862,-0.026171,-0.046306,344.741342,97473.390625,482.269379,97474.148438,0,62.209253,-6295.203327,42.508806,349.39362,1,1.000806,0,0,0,43.592673,42.899979,GravityTurn,,,,,,,,,,,,,,,,,,,,,,,,,,,None,Continue,0,None,8170032.115619,,0,0,1,1,9526.563232,9526.563232,4.351221,11878124.023438,8.289737,940.377063,26.397471,0.023877,10.499219,8,0.03068,4.477594,,,,,,1,1,0,1,1,0.89886,0,0,0
112.759997,ASCENT,7,0,1,None,Holding,0,34677.581454,1413.031799,1153.351614,726.738933,5878.503034,3.68407,29023.174915,280073.609807,2.975936,8242581.054688,4.404521,0.008724,1,,0,0,0,0,0.005554,0.008724,0.008892,0.0109,-0.127804,0.008356,11926.316294,11926.34075,0.509458,0.04798,-0.100326,344.704122,97292.632813,481.087097,97293.382813,0,62.620002,-6294.526033,42.554002,349.461588,1,1.000806,0,0,0,43.465874,42.900883,GravityTurn,,,,,,,,,,,,,,,,,,,,,,,,,,,None,Continue,0,None,8170389.756468,,0,0,1,1,9517.116608,9517.116608,4.365859,11878309.570313,8.312654,941.969579,26.450945,0.034287,10.000423,8,0.044019,4.410815,,,,,,1,1,0,1,1,0.775784,0,0,0
113.019997,ASCENT,7,0,1,None,Holding,0,34866.874237,1419.017269,1159.353545,729.520593,5773.994651,3.699998,29255.565655,279371.964909,2.983701,8230258.789063,4.347319,0.008952,1,,0,0,0,0,0.004687,0.008952,0.008189,-0.04946,0.03536,0.005721,11939.872942,11939.88634,0.469217,0.035615,0.040854,344.713289,97079.453125,479.909882,97080.195313,0,63.032441,-6293.841533,42.599008,349.529102,1,1.000806,0,0,0,43.338905,42.901793,GravityTurn,,,,,,,,,,,,,,,,,,,,,,,,,,,None,Continue,0,None,8170866.664664,,0,0,1,1,9512.653412,9512.653412,4.372809,11878394.53125,8.334961,943.559827,26.504939,-0.004007,10.515207,8,-0.054127,4.353802,,,,,,1,1,0,1,1,0.779031,0,0,0
113.259997,ASCENT,7,0,1,None,Holding,0,35056.89345,1425.027845,1165.379016,732.303868,5670.66178,3.715953,29489.366668,278670.304753,2.992303,8253752.929688,4.275156,0.008638,1,,0,0,0,0,0.00652,0.008638,0.008012,-0.040494,-0.164812,-0.007399,11952.653941,11952.654776,0.459035,-0.040852,-0.13692,344.731389,96891.0625,478.737427,96891.8125,0,63.446755,-6293.150182,42.643834,349.596261,1,1.000806,0,0,0,43.211784,42.902708,GravityTurn,,,,,,,,,,,,,,,,,,,,,,,,,,,None,Continue,0,None,8171522.778695,,0,0,1,1,9503.132507,9503.132507,4.387609,11878571.289063,8.356652,945.147801,26.558214,-0.019033,11.052151,8,-0.050738,4.283972,,,,,,1,1,0,1,1,0.734615,0,0,0
113.539997,ASCENT,7,0,1,None,Holding,0,35247.638878,1431.062624,1171.430558,735.095878,5568.559576,3.731939,29724.586008,277968.446232,3.000915,8230068.359375,4.21966,0.008929,1,,0,0,0,0,0.007322,0.008929,0.008521,-0.026326,-0.083502,-0.00372,11968.205464,11968.224107,0.488189,-0.016779,-0.057149,344.980877,96682.8125,477.539642,96683.554688,0,63.8635,-6292.452617,42.688832,349.663345,1,1.000806,0,0,0,43.08446,42.903629,GravityTurn,,,,,,,,,,,,,,,,,,,,,,,,,,,None,Continue,0,None,8172459.941947,,0,0,1,1,9498.633881,9498.633881,4.39461,11878652.34375,8.377776,946.733498,26.612969,0.01359,12.867948,8,-0.042822,4.221781,,,,,,1,1,0,1,1,0.732591,0,0,0
113.799997,ASCENT,7,0,1,None,Holding,0,35439.111507,1437.124519,1177.506137,737.888346,5467.760399,3.747955,29961.234241,277266.526677,3.009666,8246128.90625,4.15538,0.008903,1,,0,0,0,0,0.009543,0.008903,0.008234,-0.042993,-0.037796,-0.006343,11980.845766,11980.880912,0.471783,-0.026196,-0.050219,345.106375,96482.132813,476.382721,96482.898438,0,64.282049,-6291.747708,42.733458,349.729793,1,1.000806,0,0,0,42.956977,42.904556,GravityTurn,,,,,,,,,,,,,,,,,,,,,,,,,,,None,Continue,0,None,8173841.343518,,0,0,1,1,9488.479553,9488.479553,4.410422,11878832.03125,8.39831,948.316914,26.664839,-0.019534,14.062653,8,-0.109132,4.15589,,,,,,1,1,0,1,1,0.730148,0,0,0
114.039997,ASCENT,7,0,1,None,Holding,0,35631.304061,1443.208564,1183.603274,740.679777,5368.27632,3.763993,30199.310979,276564.668156,3.017198,8228677.734375,4.087552,0.008759,1,,0,0,0,0,0.002144,0.008759,0.007964,-0.050913,0.077317,-0.006893,11988.934641,11988.957444,0.456329,-0.029451,0.069262,344.983369,96284.46875,475.192444,96285.210938,0,64.702276,-6291.036036,42.778078,349.796153,1,1.000806,0,0,0,42.829387,42.905488,GravityTurn,,,,,,,,,,,,,,,,,,,,,,,,,,,None,Continue,0,None,8175174.681635,,0,0,1,1,9483.942383,9483.942383,4.417495,11878910.15625,8.418293,949.898044,26.714477,-0.024465,11.67669,8,-0.038247,4.086876,,,,,,1,1,0,1,1,0.72803,0,0,0
114.319997,ASCENT,7,0,1,None,Holding,0,35824.227042,1449.314221,1189.717125,743.4673,5270.073506,3.780036,30438.8274,275863.160588,3.023104,8234324.21875,4.025886,0.00882,1,,0,0,0,0,0.005262,0.00882,0.00818,-0.040965,0.009845,-0.002832,11992.888633,11992.906205,0.468654,-0.005022,0.000075,344.779774,96081.367188,474.02356,96082.125,0,65.123963,-6290.317408,42.822017,349.861178,1,1.000806,0,0,0,42.701794,42.906426,GravityTurn,,,,,,,,,,,,,,,,,,,,,,,,,,,None,Continue,0,None,8175883.465284,,0,0,1,1,9474.277252,9474.277252,4.43259,11879070.3125,8.437685,951.476879,26.76082,-0.012392,11.414197,8,-0.024689,4.031329,,,,,,1,1,0,1,1,0.725758,0,0,0
114.579997,ASCENT,7,0,1,None,Holding,0,36017.872986,1455.44601,1195.859359,746.261321,5173.243531,3.796106,30679.785171,275161.39362,3.031679,8246857.421875,3.963357,0.008863,1,,0,0,0,0,0.003011,0.008863,0.009008,0.009222,-0.071414,-0.000125,12007.978945,12007.995977,0.516104,0.002339,-0.056208,344.924808,95873.3125,472.833801,95874.0625,0,65.547933,-6289.591899,42.866287,349.926619,1,1.000806,0,0,0,42.573954,42.90737,GravityTurn,,,,,,,,,,,,,,,,,,,,,,,,,,,None,Continue,0,None,8176304.347634,,0,0,1,1,9469.710999,9469.710999,4.439749,11879145.507813,8.456539,953.053414,26.814174,0.032965,13.057012,8,0.048122,3.968434,,,,,,1,1,0,1,1,0.723586,0,0,0
114.819997,ASCENT,7,0,1,None,Holding,0,36212.249928,1461.597062,1202.019701,749.051913,5077.77007,3.812191,30922.202785,274459.885575,3.038915,8246113.28125,3.897449,0.008781,1,,0,0,0,0,0.002023,0.008781,0.00919,0.025953,-0.0223,-0.004944,12015.287134,12015.337649,0.526523,-0.016031,-0.014105,344.890682,95680.25,471.664001,95681.007813,0,65.973405,-6288.859732,42.910452,349.991832,1,1.000806,0,0,0,42.446082,42.908319,GravityTurn,,,,,,,,,,,,,,,,,,,,,,,,,,,None,Continue,0,None,8176791.357448,,0,0,1,1,9459.973114,9459.973114,4.45497,11879297.851563,8.474831,954.627646,26.861477,0.029124,12.644751,8,0.02747,3.904009,,,,,,1,1,0,1,1,0.721023,0,0,0
115.099997,ASCENT,7,0,1,None,Holding,0,36407.348189,1467.771047,1208.200615,751.841569,4983.673566,3.828292,31166.070678,273758.576371,3.045693,8240965.820313,3.838122,0.008926,1,,0,0,0,0,0.003278,0.008926,0.009771,0.053578,-0.102684,0.000604,12021.162362,12021.176981,0.559859,0.012355,-0.086681,344.544292,95468.71875,470.481354,95469.46875,0,66.400575,-6288.12049,42.9543,350.056255,1,1.000806,0,0,0,42.318128,42.909275,GravityTurn,,,,,,,,,,,,,,,,,,,,,,,,,,,None,Continue,0,None,8176801.781465,,0,0,1,1,9450.764435,9450.764435,4.469427,11879437.5,8.492564,956.199565,26.908447,0.067203,13.016331,8,0.144517,3.837878,,,,,,1,1,0,1,1,0.718653,0,0,0
115.359997,ASCENT,7,0,1,None,Holding,0,36603.176395,1473.975141,1214.411084,754.637807,4890.978366,3.844414,31411.408344,273056.885697,3.054778,8239814.453125,3.771398,0.008832,1,,0,0,0,0,0.001842,0.008832,0.008362,-0.029647,-0.021402,0.001079,12041.035491,12041.053987,0.479127,0.003808,-0.012562,344.893681,95273.65625,469.289581,95274.40625,0,66.830061,-6287.373601,42.998059,350.12048,1,1.000806,0,0,0,42.189907,42.910236,GravityTurn,,,,,,,,,,,,,,,,,,,,,,,,,,,None,Continue,0,None,8176788.119841,,0,0,1,1,9445.564697,9445.564697,4.477588,11879514.648438,8.5098,957.76917,26.962165,-0.014012,15.461727,8,-0.07064,3.776948,,,,,,1,1,0,1,1,0.720188,0,0,0
115.619997,ASCENT,7,0,1,None,Holding,0,36799.725519,1480.207084,1220.649204,757.437693,4799.782136,3.860592,31658.212369,272355.027176,3.065764,8234526.367188,3.712368,0.00901,1,,0,0,0,0,0.01163,0.00901,0.00842,-0.037066,0.048355,-0.007779,12055.30872,12055.309148,0.482457,-0.038541,0.024166,344.947884,95061.601563,468.132294,95062.375,0,67.261628,-6286.619126,43.041828,350.184569,1,1.000806,0,0,0,42.06146,42.911202,GravityTurn,,,,,,,,,,,,,,,,,,,,,,,,,,,None,Continue,0,None,8177838.933827,,0,0,1,1,9435.700378,9435.700378,4.493071,11879655.273438,8.526505,959.336452,27.012605,0.013642,13.084746,8,-0.001826,3.716721,,,,,,1,1,0,1,1,0.722561,0,0,0
115.879997,ASCENT,7,0,1,None,Holding,0,36997.004133,1486.461646,1226.906966,760.238176,4709.969682,3.876777,31906.497096,271653.36702,3.072325,8243322.265625,3.640179,0.008735,1,,0,0,0,0,0.009875,0.008735,0.008481,-0.015976,0.009926,0.002477,12065.006227,12065.029342,0.485908,0.012637,0.029657,344.847943,94867.101563,466.935364,94867.859375,0,67.695038,-6285.857581,43.08511,350.247796,1,1.000806,0,0,0,41.932954,42.912175,GravityTurn,,,,,,,,,,,,,,,,,,,,,,,,,,,None,Continue,0,None,8178875.775725,,0,0,1,1,9431.043945,9431.043945,4.500421,11879720.703125,8.542698,960.901414,27.058487,0.009455,9.64155,8,-0.034167,3.644163,,,,,,1,1,0,1,1,0.724781,0,0,0
116.139997,ASCENT,7,0,1,None,Holding,0,37195.009356,1492.74102,1233.188767,763.037635,4621.591929,3.892989,32156.26862,270951.691605,3.080421,8244248.046875,3.576235,0.008746,1,,0,0,0,0,0.018517,0.008746,0.009677,0.058269,-0.126376,-0.004085,12074.238363,12074.231622,0.554471,-0.023277,-0.073875,344.807976,94649.4375,465.761078,94650.1875,0,68.130164,-6285.088438,43.128368,350.310844,1,1.000806,0,0,0,41.804299,42.913154,GravityTurn,,,,,,,,,,,,,,,,,,,,,,,,,,,None,Continue,0,None,8179647.359163,,0,0,1,1,9421.11319,9421.11319,4.516075,11879854.492188,8.558367,962.464046,27.105549,0.058066,13.37102,8,0.127664,3.583708,,,,,,1,1,0,1,1,0.726845,0,0,0
116.399997,ASCENT,7,0,1,None,Holding,0,37393.743548,1499.045435,1239.495303,765.838406,4534.621707,3.90922,32407.533301,270250.015713,3.088607,8233621.09375,3.517911,0.008947,1,,0,0,0,0,0.002977,0.008947,0.008623,-0.020168,-0.132608,-0.000572,12086.779211,12086.795923,0.494086,-0.000898,-0.111939,344.869127,94447.90625,464.591034,94448.664063,0,68.567201,-6284.311793,43.171616,350.373731,1,1.000806,0,0,0,41.675482,42.914138,GravityTurn,,,,,,,,,,,,,,,,,,,,,,,,,,,None,Continue,0,None,8180328.217376,,0,0,1,1,9416.425018,9416.425018,4.523477,11879916.992188,8.5735,964.02434,27.153245,0.000822,15.842156,8,-0.055195,3.522666,,,,,,1,1,0,1,1,0.72875,0,0,0
116.659997,ASCENT,7,0,1,None,Holding,0,37593.20928,1505.377547,1245.826596,768.641423,4449.089744,3.92548,32660.29958,269548.264004,3.097281,8253525.390625,3.450639,0.008839,1,,0,0,0,0,0.003638,0.008839,0.008873,0.002138,0.125579,0.002263,12099.040771,12099.064149,0.5084,0.013693,0.117755,344.911086,94242.820313,463.399963,94243.570313,0,69.006233,-6283.527242,43.214421,350.435831,1,1.000806,0,0,0,41.546503,42.915129,GravityTurn,,,,,,,,,,,,,,,,,,,,,,,,,,,None,Continue,0,None,8181107.563707,,0,0,1,1,9406.422211,9406.422211,4.539289,11880044.921875,8.58814,965.582293,27.200625,0.020843,17.681635,8,-0.016509,3.455269,,,,,,1,1,0,1,1,0.730493,0,0,0
116.899997,ASCENT,7,0,1,None,Holding,0,37793.398914,1511.730299,1252.179895,771.442532,4364.966772,3.941764,32914.571169,268846.634366,3.105015,8240850.585938,3.388602,0.008908,1,,0,0,0,0,0.011864,0.008908,0.007973,-0.057927,0.06744,-0.000633,12106.930663,12106.950744,0.456837,-0.00501,0.047512,344.759351,94035.34375,462.227997,94036.09375,0,69.446913,-6282.735515,43.257501,350.498273,1,1.000806,0,0,0,41.41742,42.916126,GravityTurn,,,,,,,,,,,,,,,,,,,,,,,,,,,None,Continue,0,None,8181988.364923,,0,0,1,1,9401.105774,9401.105774,4.547683,11880111.328125,8.602271,967.1379,27.244687,-0.029553,17.957318,8,-0.098629,3.393009,,,,,,1,1,0,1,1,0.732073,0,0,0
117.179997,ASCENT,7,0,1,None,Holding,0,37994.32252,1518.108964,1258.559123,774.248348,4282.220751,3.958062,33170.361828,268144.882657,3.113013,8222253.90625,3.324391,0.008915,1,,0,0,0,0,0.012899,0.008915,0.009284,0.022786,-0.003561,0.006388,12122.344107,12122.339583,0.531942,0.032587,-0.023624,344.817769,93836.9375,461.057892,93837.703125,0,69.8898,-6281.936257,43.300537,350.560341,1,1.000806,0,0,0,41.288155,42.917128,GravityTurn,,,,,,,,,,,,,,,,,,,,,,,,,,,None,Continue,0,None,8182472.64815,,0,0,1,1,9391.030487,9391.030487,4.563659,11880233.398438,8.615926,968.691155,27.293035,0.071364,21.872101,8,0.109491,3.325046,,,,,,1,1,0,1,1,0.733486,0,0,0
117.439997,ASCENT,7,0,1,None,Holding,0,38195.976857,1524.515448,1264.961981,777.054073,4200.87862,3.974394,33427.675079,267443.146206,3.122539,8229629.882813,3.258695,0.008867,1,,0,0,0,0,0.00381,0.008867,0.008686,-0.011097,-0.003545,-0.004556,12133.131891,12133.14981,0.497699,-0.01788,0.009242,344.856956,93614.976563,459.872009,93615.734375,0,70.334507,-6281.128707,43.342968,350.621482,1,1.000806,0,0,0,41.158755,42.918137,GravityTurn,,,,,,,,,,,,,,,,,,,,,,,,,,,None,Continue,0,None,8183257.165837,,0,0,1,1,9386.269531,9386.269531,4.571217,11880288.085938,8.62909,970.242057,27.338332,0.003195,19.547224,8,-0.018982,3.255554,,,,,,1,1,0,1,1,0.734729,0,0,0
117.679997,ASCENT,7,0,1,None,Holding,0,38398.355622,1530.946216,1271.390177,779.86371,4120.898161,3.990749,33686.50994,266741.36398,3.130288,8248592.773438,3.196803,0.008972,1,,0,0,0,0,0.003041,0.008972,0.009254,0.017307,-0.098696,0.003046,12145.663351,12145.678649,0.530208,0.021524,-0.086117,345.076108,93400.507813,458.674438,93401.242188,0,70.781361,-6280.313707,43.385518,350.68274,1,1.000806,0,0,0,41.029187,42.919151,GravityTurn,,,,,,,,,,,,,,,,,,,,,,,,,,,None,Continue,0,None,8183985.654001,,0,0,1,1,9376.122833,9376.122833,4.587355,11880403.320313,8.641797,971.790597,27.38437,0.054318,25.361702,8,0.056025,3.201077,,,,,,1,1,0,1,1,0.735799,0,0,0
117.959997,ASCENT,7,0,1,None,Holding,0,38601.467564,1537.399347,1277.839068,782.670726,4042.23032,4.007116,33946.884853,266039.825894,3.137657,8251952.148438,3.126809,0.008781,1,,0,0,0,0,0.006158,0.008781,0.010563,0.108996,0.037282,-0.00165,12155.930294,12155.959003,0.605187,-0.007537,0.027432,344.982281,93196.398438,457.511475,93197.148438,0,71.229824,-6279.490974,43.427857,350.743393,1,1.000806,0,0,0,40.899545,42.920172,GravityTurn,,,,,,,,,,,,,,,,,,,,,,,,,,,None,Continue,0,None,8184414.884586,,0,0,1,1,9366.531525,9366.531525,4.602666,11880507.8125,8.654016,973.336774,27.428154,0.143927,24.03326,8,0.118962,3.133355,,,,,,1,1,0,1,1,0.736715,0,0,0
118.219997,ASCENT,7,0,1,None,Holding,0,38805.310346,1543.882802,1284.316895,785.477914,3964.905474,4.023524,34208.801756,265337.997891,3.147908,8223652.34375,3.067938,0.008989,1,,0,0,0,0,0.005897,0.008989,0.009021,0.001937,-0.100572,-0.003585,12168.503177,12168.524128,0.516855,-0.015299,-0.10186,344.925039,92982.882813,456.328888,92983.640625,0,71.680148,-6278.65938,43.470097,350.803854,1,1.000806,0,0,0,40.769665,42.921199,GravityTurn,,,,,,,,,,,,,,,,,,,,,,,,,,,None,Continue,0,None,8185066.860466,,0,0,1,1,9361.114258,9361.114258,4.611291,11880565.429688,8.665793,974.880579,27.474476,0.016615,22.978507,8,-0.047329,3.076284,,,,,,1,1,0,1,1,0.737615,0,0,0
118.479997,ASCENT,7,0,1,None,Holding,0,39009.883579,1550.388085,1290.815947,788.287206,3888.828744,4.039944,34472.270221,264636.414029,3.155152,8233507.8125,3.009112,0.009219,1,,0,0,0,0,0.013074,0.009219,0.008524,-0.042286,-0.132204,0.004566,12177.722121,12177.762268,0.488386,0.015746,-0.101628,344.940883,92785.8125,455.154602,92786.585938,0,72.132479,-6277.820414,43.512163,350.863935,1,1.000806,0,0,0,40.639703,42.922232,GravityTurn,,,,,,,,,,,,,,,,,,,,,,,,,,,None,Continue,0,None,8185712.519024,,0,0,1,1,9350.850983,9350.850983,4.627705,11880670.898438,8.677136,976.422009,27.516963,0.008212,18.07911,8,-0.006179,3.01066,,,,,,1,1,0,1,1,0.738525,0,0,0
118.719997,ASCENT,7,0,1,None,Holding,0,39215.180993,1556.922835,1297.342448,791.099291,3813.994507,4.05639,34737.289764,263934.66232,3.164331,8233563.476563,2.937049,0.008997,1,,0,0,0,0,0.014497,0.008997,0.008732,-0.016082,0.141243,-0.002083,12192.678014,12192.729502,0.5003,-0.016533,0.106828,345.009458,92561.679688,453.971191,92562.4375,0,72.586895,-6276.972821,43.553928,350.923539,1,1.000806,0,0,0,40.509536,42.923272,GravityTurn,,,,,,,,,,,,,,,,,,,,,,,,,,,None,Continue,0,None,8186099.899104,,0,0,1,1,9346.008728,9346.008728,4.635493,11880720.703125,8.688041,977.961061,27.563256,0.019381,18.243296,8,-0.016975,2.946804,,,,,,1,1,0,1,1,0.739445,0,0,0
118.999997,ASCENT,7,0,1,None,Holding,0,39421.214911,1563.490409,1303.903582,793.917478,3740.399574,4.07289,35003.878675,263232.391812,3.176265,8242433.59375,2.873457,0.009069,1,,0,0,0,0,0.006493,0.009069,0.009193,0.007499,0.016075,0.002198,12214.588346,12214.611307,0.526744,0.012951,0.003551,345.188411,92354.632813,452.787079,92355.382813,0,73.043694,-6276.116255,43.596017,350.983308,1,1.000806,0,0,0,40.379022,42.924317,GravityTurn,,,,,,,,,,,,,,,,,,,,,,,,,,,None,Continue,0,None,8187368.12876,,0,0,1,1,9335.671356,9335.671356,4.65209,11880821.289063,8.698499,979.497728,27.612666,0.045769,19.459487,8,0.018703,2.880042,,,,,,1,1,0,1,1,0.740375,0,0,0
119.259997,ASCENT,7,0,1,None,Holding,0,39627.98019,1570.078931,1310.481127,796.729965,3667.933252,4.08941,35272.044145,262530.609109,3.183361,8239731.445313,2.80474,0.008942,1,,0,0,0,0,0.004096,0.008942,0.009541,0.036075,0.03879,-0.001282,12218.353973,12218.383757,0.546682,-0.007484,0.044975,344.944634,92144.632813,451.617584,92145.398438,0,73.501863,-6275.251625,43.637436,351.042079,1,1.000806,0,0,0,40.248525,42.925369,GravityTurn,,,,,,,,,,,,,,,,,,,,,,,,,,,None,Continue,0,None,8188935.426706,,0,0,1,1,9330.793549,9330.793549,4.65994,11880868.164063,8.708494,981.032007,27.650297,0.03538,19.907196,8,0.004029,2.810126,,,,,,1,1,0,1,1,0.741315,0,0,0
119.519997,ASCENT,7,0,1,None,Holding,0,39835.476442,1576.692224,1317.084512,799.544981,3596.530341,4.105941,35541.784925,261828.72007,3.190704,8217261.71875,2.738374,0.008903,1,,0,0,0,0,0.003218,0.008903,0.008781,-0.007326,0.072666,-0.000451,12229.793494,12229.825056,0.503108,-0.001124,0.074539,344.967461,91928.796875,450.438507,91929.554688,0,73.962105,-6274.378933,43.678995,351.100925,1,1.000806,0,0,0,40.117859,42.926427,GravityTurn,,,,,,,,,,,,,,,,,,,,,,,,,,,None,Continue,0,None,8189768.835792,,0,0,1,1,9320.394012,9320.394012,4.676699,11880962.890625,8.718061,982.56389,27.692909,-0.011866,27.192924,8,-0.048861,2.742356,,,,,,1,1,0,1,1,0.742265,0,0,0
119.779997,ASCENT,7,0,1,None,Holding,0,40043.703411,1583.33352,1323.714498,802.359873,3526.148952,4.122496,35813.110053,261126.815774,3.20046,8238527.34375,2.675196,0.008978,1,,0,0,0,0,0.01487,0.008978,0.009052,0.004449,0.124146,-0.009325,12245.597467,12245.603074,0.518661,-0.053858,0.088423,345.047246,91713.773438,449.253601,91714.539063,0,74.424204,-6273.497349,43.720392,351.159416,1,1.000806,0,0,0,39.98701,42.927491,GravityTurn,,,,,,,,,,,,,,,,,,,,,,,,,,,None,Continue,0,None,8190402.571929,,0,0,1,1,9314.868927,9314.868927,4.685618,11881011.71875,8.727214,984.093369,27.737576,0.050344,28.426029,8,0.003971,2.682597,,,,,,1,1,0,1,1,0.67572,0,0,0
120.019997,ASCENT,7,0,1,None,Holding,0,40252.662489,1589.99182,1330.361392,805.172129,3456.795854,4.139073,36086.032101,260425.36924,3.207668,8235579.101563,2.617568,0.009253,1,,0,0,0,0,0.006926,0.009253,0.009361,0.006479,0.002962,0.003506,12247.42357,12247.467431,0.536359,0.019201,0.004816,344.82233,91508.445313,448.081207,91509.210938,0,74.887933,-6272.60845,43.761722,351.217773,1,1.000806,0,0,0,39.856171,42.928562,GravityTurn,,,,,,,,,,,,,,,,,,,,,,,,,,,None,Continue,0,None,8190821.426979,,0,0,1,1,9303.774811,9303.774811,4.703533,11881109.375,8.735953,985.620449,27.774582,0.03248,26.784941,8,0.018222,2.623207,,,,,,1,1,0,1,1,0.674794,0,0,0
120.279997,ASCENT,7,0,1,None,Holding,0,40462.351379,1596.684995,1337.040459,807.989245,3388.510542,4.155668,36360.553499,259723.571755,3.216679,8241420.898438,2.550156,0.009189,1,,0,0,0,0,0.010545,0.009189,0.009821,0.037525,-0.013971,0.005654,12267.415255,12267.425963,0.562694,0.023083,-0.035662,344.946571,91283.148438,446.88974,91283.898438,0,75.353968,-6271.709799,43.802647,351.275354,1,1.000806,0,0,0,39.725041,42.929639,GravityTurn,,,,,,,,,,,,,,,,,,,,,,,,,,,None,Continue,0,None,8190916.051742,,0,0,1,1,9298.830841,9298.830841,4.711548,11881151.367188,8.744294,987.145116,27.82036,0.112823,33.011597,8,0.105987,2.555603,,,,,,1,1,0,1,1,0.67415,0,0,0
120.559997,ASCENT,7,0,1,None,Holding,0,40672.774007,1603.396233,1343.737195,810.800011,3321.330184,4.172297,36636.684641,259022.216775,3.224997,8224995.117188,2.484894,0.009186,1,,0,0,0,0,0.007559,0.009186,0.00848,-0.041808,0.032528,0.000419,12270.818692,12270.835118,0.485888,0.001157,0.041698,344.733408,91060.859375,445.712799,91061.609375,0,75.821324,-6270.803216,43.84356,351.332715,1,1.000806,0,0,0,39.593906,42.930723,GravityTurn,,,,,,,,,,,,,,,,,,,,,,,,,,,None,Continue,0,None,8191125.439886,,0,0,1,1,9288.281067,9288.281067,4.728671,11881237.304688,8.752225,988.667373,27.857522,-0.062112,32.414515,8,-0.018935,2.487782,,,,,,1,1,0,1,1,0.673439,0,0,0
120.819997,ASCENT,7,0,1,None,Holding,0,40883.927439,1610.136181,1350.461873,813.614433,3255.261156,4.188959,36914.432617,258320.662953,3.233175,8237609.375,2.420427,0.009223,1,,0,0,0,0,0.006315,0.009223,0.009657,0.025657,0.038678,0.001174,12282.992564,12282.997129,0.553328,0.006373,0.028105,344.673683,90849.53125,444.533997,90850.289063,0,76.290878,-6269.887691,43.884319,351.389824,1,1.000806,0,0,0,39.462567,42.931813,GravityTurn,,,,,,,,,,,,,,,,,,,,,,,,,,,None,Continue,0,None,8191149.388794,,0,0,1,1,9278.934845,9278.934845,4.743901,11881312.5,8.759773,990.187207,27.89832,0.058373,32.18558,8,0.028915,2.42206,,,,,,1,1,0,1,1,0.672653,0,0,0
121.059997,ASCENT,7,0,1,None,Holding,0,41095.810443,1616.904315,1357.212672,816.42745,3190.324236,4.205664,37193.802384,257619.124867,3.242121,8224635.742188,2.350344,0.009054,1,,0,0,0,0,0.004402,0.009054,0.008489,-0.03319,0.065958,-0.000562,12295.755221,12295.762573,0.486403,0.007914,0.07147,344.663868,90632.75,443.363739,90633.507813,0,76.762202,-6268.962805,43.924814,351.446532,1,1.000806,0,0,0,39.33106,42.932909,GravityTurn,,,,,,,,,,,,,,,,,,,,,,,,,,,None,Continue,0,None,8191143.497939,,0,0,1,1,9273.935913,9273.935913,4.752028,11881350.585938,8.766939,991.704617,27.939743,-0.053023,43.466973,8,-0.105993,2.355582,,,,,,1,1,0,1,1,0.671967,0,0,0
121.339997,ASCENT,7,0,1,None,Holding,0,41308.426699,1623.695774,1363.986096,819.238999,3126.511914,4.222406,37474.801246,256917.754628,3.250399,8245724.609375,2.285104,0.009051,1,,0,0,0,0,0.008881,0.009051,0.010239,0.069606,0.090471,0.005138,12305.70323,12305.721326,0.586638,0.033465,0.106583,344.64228,90403.820313,442.182739,90404.578125,0,77.235282,-6268.029322,43.965197,351.5028,1,1.000806,0,0,0,39.199454,42.934012,GravityTurn,,,,,,,,,,,,,,,,,,,,,,,,,,,None,Continue,0,None,8191058.221146,,0,0,1,1,9263.282562,9263.282562,4.769432,11881428.710938,8.773728,993.219596,27.978831,0.104739,37.735027,8,0.09087,2.287207,,,,,,1,1,0,1,1,0.671418,0,0,0
121.599997,ASCENT,7,0,1,None,Holding,0,41521.771273,1630.516916,1370.790246,822.056499,3063.845735,4.239199,37757.434323,256216.124989,3.260279,8234324.21875,2.225693,0.009283,1,,0,0,0,0,0.006798,0.009283,0.009213,-0.004118,0.051802,0.009112,12322.268692,12322.293129,0.52784,0.050385,0.044876,344.801326,90187.398438,440.999847,90188.164063,0,77.710782,-6267.086726,44.005685,351.559183,1,1.000806,0,0,0,39.067594,42.935121,GravityTurn,,,,,,,,,,,,,,,,,,,,,,,,,,,None,Continue,0,None,8191117.861332,,0,0,1,1,9258.25061,9258.25061,4.777696,11881466.796875,8.780178,994.732137,28.022009,0.056939,33.833017,8,0.002741,2.224788,,,,,,1,1,0,1,1,0.67098,0,0,0
121.859997,ASCENT,7,0,1,None,Holding,0,41735.850366,1637.369376,1377.623176,824.872382,3002.31345,4.256039,38041.717047,255514.342763,3.27077,8241141.601563,2.155079,0.009101,1,,0,0,0,0,0.006486,0.009101,0.009605,0.029309,0.039525,0.004358,12341.472845,12341.48113,0.55034,0.025223,0.052415,344.901713,89976.179688,439.82135,89976.953125,0,78.188057,-6266.133996,44.045871,351.615032,1,1.000806,0,0,0,38.935518,42.936237,GravityTurn,,,,,,,,,,,,,,,,,,,,,,,,,,,None,Continue,0,None,8191492.091389,,0,0,1,1,9247.522858,9247.522858,4.795294,11881541.992188,8.786261,996.24224,28.065254,0.074027,36.356373,8,0.045162,2.163699,,,,,,1,1,0,1,1,0.670819,0,0,0
122.099997,ASCENT,7,0,1,None,Holding,0,41950.663276,1644.254681,1384.489258,827.698809,2941.950665,4.272955,38327.656903,254812.240101,3.282731,8239734.375,2.093952,0.009288,1,,0,0,0,0,0.016943,0.009288,0.008756,-0.030845,0.044667,0.001146,12360.071216,12360.076612,0.501672,0.012425,0.010853,345.034597,89756.296875,438.640045,89757.046875,0,78.668182,-6265.171857,44.085967,351.670729,1,1.000806,0,0,0,38.803145,42.93736,GravityTurn,,,,,,,,,,,,,,,,,,,,,,,,,,,None,Continue,0,None,8192656.220535,,0,0,1,1,9241.818787,9241.818787,4.804646,11881581.054688,8.792018,997.749902,28.108824,-0.006847,42.642468,8,-0.066923,2.098793,,,,,,1,1,0,1,1,0.670665,0,0,0
122.379997,ASCENT,7,0,1,None,Holding,0,42166.210766,1651.159728,1391.374851,830.520233,2882.69077,4.289904,38615.260298,254110.488392,3.290302,8250266.601563,2.022913,0.009117,1,,0,0,0,0,0.001466,0.009117,0.009577,0.026556,0.006262,-0.011264,12369.586548,12369.60615,0.548735,-0.059597,0.000665,345.003293,89528.890625,437.454865,89529.648438,0,79.149774,-6264.201166,44.126046,351.726123,1,1.000806,0,0,0,38.670739,42.938489,GravityTurn,,,,,,,,,,,,,,,,,,,,,,,,,,,None,Continue,0,None,8193870.798689,,0,0,1,1,9231.658203,9231.658203,4.821393,11881648.4375,8.79743,999.255118,28.14426,0.032851,37.815928,8,-0.025416,2.020549,,,,,,1,1,0,1,1,0.670416,0,0,0
122.619997,ASCENT,7,0,1,None,Holding,0,42382.491994,1658.098578,1398.291143,833.340335,2824.583223,4.30693,38904.534738,253408.492543,3.300303,8257651.367188,1.958436,0.009176,1,,0,0,0,0,0.007224,0.009176,0.007802,-0.079086,0.027736,-0.014433,12386.397696,12386.407743,0.446996,-0.077963,0.008904,345.131597,89313.992188,436.269135,89314.734375,0,79.633183,-6263.219704,44.165745,351.781049,1,1.000806,0,0,0,38.538085,42.939625,GravityTurn,,,,,,,,,,,,,,,,,,,,,,,,,,,None,Continue,0,None,8194679.122849,,0,0,1,1,9226.560181,9226.560181,4.829811,11881681.640625,8.802517,1000.757878,28.186137,-0.091429,51.895585,8,0.014526,1.962432,,,,,,1,1,0,1,1,0.670222,0,0,0
122.879997,ASCENT,7,0,1,None,Holding,0,42599.502025,1665.058725,1405.230145,836.162218,2767.616334,4.324036,39195.481195,252706.740834,3.309305,8230125.976563,1.89081,0.00914,1,,0,0,0,0,0.010342,0.00914,0.01046,0.075717,-0.210693,-0.003951,12395.805091,12395.828782,0.599333,-0.027177,-0.23893,345.074722,89083.398438,435.089661,89084.140625,0,80.118663,-6262.229884,44.205562,351.835947,1,1.000806,0,0,0,38.405339,42.940768,GravityTurn,,,,,,,,,,,,,,,,,,,,,,,,,,,None,Continue,0,None,8195582.487584,,0,0,1,1,9215.056335,9215.056335,4.848855,11881753.90625,8.807292,1002.258183,28.222983,0.190639,51.35338,8,0.117755,1.893681,,,,,,1,1,0,1,1,0.669847,0,0,0
123.159997,ASCENT,7,0,1,None,Holding,0,42817.246673,1672.046134,1412.193932,838.981857,2711.772205,4.341222,39488.112029,252005.065419,3.317887,8238471.679688,1.823806,0.009111,1,,0,0,0,0,0.000599,0.009111,0.009871,0.043425,0.069292,-0.003894,12405.166615,12405.185119,0.565566,-0.013753,0.059627,345.00119,88856.90625,433.924774,88857.664063,0,80.605876,-6261.230223,44.245017,351.890156,1,1.000806,0,0,0,38.272461,42.941917,GravityTurn,,,,,,,,,,,,,,,,,,,,,,,,,,,None,Continue,0,None,8196159.799432,,0,0,1,1,9209.926727,9209.926727,4.857391,11881784.179688,8.811743,1003.756028,28.259734,0.120027,58.006683,8,0.141568,1.827538,,,,,,1,1,0,1,1,0.669429,0,0,0
123.419997,ASCENT,7,0,1,None,Holding,0,43035.726591,1679.068834,1419.190307,841.802385,2657.046762,4.358501,39782.440834,251303.130127,3.327956,8256034.179688,1.758103,0.009127,1,,0,0,0,0,0.005169,0.009127,0.008487,-0.036462,-0.033116,-0.00887,12426.729899,12426.755304,0.486262,-0.066014,-0.031255,345.328694,88642.898438,432.749756,88643.65625,0,81.095122,-6260.21949,44.284117,351.943855,1,1.000806,0,0,0,38.139304,42.943073,GravityTurn,,,,,,,,,,,,,,,,,,,,,,,,,,,None,Continue,0,None,8196545.454382,,0,0,1,1,9198.349792,9198.349792,4.876621,11881853.515625,8.815894,1005.251405,28.303062,-0.072789,74.434926,8,-0.044173,1.769242,,,,,,1,1,0,1,1,0.669474,0,0,0
123.659997,ASCENT,7,0,1,None,Holding,0,43254.939515,1686.116325,1426.211976,844.6238,2603.451604,4.375904,40078.470015,250601.210572,3.338855,8246386.71875,1.69288,0.009149,1,,0,0,0,0,0.005287,0.009149,0.010266,0.063409,0.058883,-0.009075,12436.981054,12436.990515,0.58822,-0.050524,0.063033,345.101405,88410.773438,431.553589,88411.515625,0,81.586387,-6259.199484,44.323245,351.997572,1,1.000806,0,0,0,38.006008,42.944236,GravityTurn,,,,,,,,,,,,,,,,,,,,,,,,,,,None,Continue,0,None,8197519.98825,,0,0,1,1,9193.183929,9193.183929,4.885257,11881883.789063,8.819735,1006.744309,28.339927,0.133259,75.360145,8,0.083088,1.693233,,,,,,1,1,0,1,1,0.669554,0,0,0
123.919997,ASCENT,7,0,1,None,Holding,0,43474.889971,1693.185481,1433.256051,847.446857,2550.914603,4.393394,40376.210436,249899.580933,3.346035,8250092.773438,1.624925,0.009091,1,,0,0,0,0,0.002425,0.009091,0.010173,0.061154,-0.115864,-0.00823,12446.305352,12446.32309,0.582868,-0.038093,-0.118093,344.961174,88188.539063,430.384644,88189.304688,0,82.079735,-6258.170773,44.362374,352.051106,1,1.000806,0,0,0,37.87263,42.945406,GravityTurn,,,,,,,,,,,,,,,,,,,,,,,,,,,None,Continue,0,None,8198017.978604,,0,0,1,1,9182.173584,9182.173584,4.903644,11881944.335938,8.823303,1008.234735,28.374918,0.147896,77.581905,8,0.011908,1.628106,,,,,,1,1,0,1,1,0.669898,0,0,0
124.179997,ASCENT,7,0,1,None,Holding,0,43695.570039,1700.282676,1440.324792,850.263063,2499.436215,4.410996,40675.663708,249198.073365,3.354559,8240022.460938,1.558821,0.009102,1,,0,0,0,0,0.004819,0.009102,0.009794,0.038991,-0.037294,0.00052,12455.747764,12455.785511,0.561177,0.002958,-0.05257,344.895071,87955.625,429.206116,87956.375,0,82.574415,-6257.131369,44.40109,352.103973,1,1.000806,0,0,0,37.739126,42.946582,GravityTurn,,,,,,,,,,,,,,,,,,,,,,,,,,,None,Continue,0,None,8198015.000218,,0,0,1,1,9176.32489,9176.32489,4.913406,11881974.609375,8.826609,1009.722679,28.410815,0.146882,94.511027,8,0.13571,1.567738,,,,,,1,1,0,1,1,0.669996,0,0,0
124.459997,ASCENT,7,0,1,None,Holding,0,43916.984252,1707.400996,1447.415077,853.077288,2448.988994,4.428716,40976.840693,248496.779419,3.362534,8221877.929688,1.492333,0.009095,1,,0,0,0,0,0.011907,0.009095,0.008754,-0.019137,-0.061628,-0.008047,12459.90352,12459.9558,0.501571,-0.042377,-0.041804,344.705765,87731.9375,428.010284,87732.671875,0,83.070853,-6256.082896,44.439821,352.156677,1,1.000806,0,0,0,37.605558,42.947766,GravityTurn,,,,,,,,,,,,,,,,,,,,,,,,,,,None,Continue,0,None,8197731.286587,,0,0,1,1,9165.246582,9165.246582,4.932021,11882033.203125,8.829649,1011.20814,28.443548,-0.026752,104.372809,8,0.044767,1.497955,,,,,,1,1,0,1,1,0.669881,0,0,0
124.719997,ASCENT,7,0,1,None,Holding,0,44139.126674,1714.553243,1454.537211,855.894097,2399.542874,4.446562,41279.744456,247795.317627,3.371919,8224876.953125,1.430585,0.009267,1,,0,0,0,0,0.014363,0.009267,0.008271,-0.055696,-0.123956,0.003029,12477.005138,12477.030398,0.473908,0.029909,-0.100267,344.823954,87496.6875,426.834167,87497.429688,0,83.569496,-6255.023363,44.478223,352.208918,1,1.000806,0,0,0,37.471731,42.948956,GravityTurn,,,,,,,,,,,,,,,,,,,,,,,,,,,None,Continue,0,None,8197149.60236,,0,0,1,1,9154.113312,9154.113312,4.950749,11882087.890625,8.832441,1012.69111,28.483675,-0.11421,107.88225,8,-0.072885,1.43296,,,,,,1,1,0,1,1,0.669836,0,0,0
124.979997,ASCENT,7,0,1,None,Holding,0,44362.003025,1721.725256,1461.678372,858.706845,2351.068788,4.464544,41584.387861,247094.282605,3.38039,8230806.640625,1.363655,0.00925,1,,0,0,0,0,0.020063,0.00925,0.010637,0.077386,-0.051721,0.003685,12482.920865,12482.930877,0.609443,0.026201,-0.009525,344.636692,87265.320313,425.66391,87266.070313,0,84.06971,-6253.954679,44.516464,352.260843,1,1.000806,0,0,0,37.337888,42.950153,GravityTurn,,,,,,,,,,,,,,,,,,,,,,,,,,,None,Continue,0,None,8196545.728476,,0,0,1,1,9148.203522,9148.203522,4.960714,11882117.1875,8.834987,1014.171586,28.516281,0.279115,133.639312,8,0.138772,1.36681,,,,,,1,1,0,1,1,0.669997,0,0,0
125.239997,ASCENT,7,0,1,None,Holding,0,44585.614592,1728.934118,1468.855254,861.522771,2303.542981,4.482685,41890.785995,246392.836072,3.390948,8229894.53125,1.296998,0.009277,1,,0,0,0,0,0.013062,0.009277,0.007948,-0.073794,0.078445,0.005702,12501.676914,12501.70188,0.455409,0.036628,0.112259,344.786664,87042.875,424.494629,87043.625,0,84.572207,-6252.87429,44.554559,352.312475,1,1.000806,0,0,0,37.203718,42.951357,GravityTurn,,,,,,,,,,,,,,,,,,,,,,,,,,,None,Continue,0,None,8195998.543019,,0,0,1,1,9136.999359,9136.999359,4.979657,11882168.945313,8.837318,1015.64956,28.557385,-0.10646,128.77826,8,-0.041841,1.305337,,,,,,1,1,0,1,1,0.669882,0,0,0
125.479997,ASCENT,7,0,1,None,Holding,0,44809.95545,1736.169003,1476.060686,864.342727,2256.918462,4.500987,42198.935246,245691.343762,3.401846,8247540.039063,1.225859,0.009137,1,,0,0,0,0,0.007538,0.009137,0.009626,0.027071,0.169115,-0.008411,12520.827661,12520.86443,0.551539,-0.062252,0.198022,344.918615,86810.625,423.325592,86811.398438,0,85.077049,-6251.784191,44.592955,352.364503,1,1.000806,0,0,0,37.069356,42.952569,GravityTurn,,,,,,,,,,,,,,,,,,,,,,,,,,,None,Continue,0,None,8195892.110035,,0,0,1,1,9131.713654,9131.713654,4.988593,11882194.335938,8.839414,1017.125033,28.596544,0.028773,153.376499,8,-0.090693,1.233375,,,,,,1,1,0,1,1,0.66995,0,0,0
125.739997,ASCENT,7,0,1,None,Holding,0,45035.02878,1743.436661,1483.295407,867.159502,2211.158408,4.519469,42508.846512,244989.7599,3.413223,8247595.703125,1.156029,0.009036,1,,0,0,0,0,0.004818,0.009036,0.008212,-0.045441,0.056709,-0.002587,12538.004681,12538.024807,0.470491,-0.00904,0.075846,345.022418,86574.617188,422.147156,86575.367188,0,85.583586,-6250.682382,44.630878,352.415712,1,1.000806,0,0,0,36.93479,42.953787,GravityTurn,,,,,,,,,,,,,,,,,,,,,,,,,,,None,Continue,0,None,8196037.606143,,0,0,1,1,9120.440613,9120.440613,5.007778,11882244.140625,8.841297,1018.597995,28.635293,-0.269785,175.819405,8,-0.096033,1.161988,,,,,,1,1,0,1,1,0.669929,0,0,0
125.999997,ASCENT,7,0,1,None,Holding,0,45260.839184,1750.735805,1490.563176,869.981228,2166.259565,4.538147,42820.531644,244287.931897,3.42427,8236791.015625,1.087991,0.009024,1,,0,0,0,0,0.005017,0.009024,0.008771,-0.013875,0.013786,0.012098,12555.930285,12555.922841,0.502536,0.074959,0.015261,345.255433,86353.40625,420.955505,86354.148438,0,86.092582,-6249.56977,44.668988,352.46708,1,1.000806,0,0,0,36.799953,42.955013,GravityTurn,,,,,,,,,,,,,,,,,,,,,,,,,,,None,Continue,0,None,8196680.235006,,0,0,1,1,9115.118317,9115.118317,5.01682,11882268.554688,8.842987,1020.06844,28.674781,0.000942,221.312119,8,0.05371,1.098114,,,,,,1,1,0,1,1,0.669746,0,0,0
126.259997,ASCENT,7,0,1,None,Holding,0,45487.379561,1758.06437,1497.85754,872.799497,2122.229013,4.557016,43133.995319,243586.210705,3.434361,8232311.523438,1.027162,0.009257,1,,0,0,0,0,0.011318,0.009257,0.010814,0.085158,0.047541,-0.002297,12567.254215,12567.267092,0.619605,-0.015272,0.078969,345.048582,86115.265625,419.748383,86116,0,86.603254,-6248.445873,44.706686,352.517801,1,1.000806,0,0,0,36.664964,42.956245,GravityTurn,,,,,,,,,,,,,,,,,,,,,,,,,,,None,Continue,0,None,8197686.598914,,0,0,1,1,9103.77063,9103.77063,5.036198,11882316.40625,8.844485,1021.536372,28.708736,0.268466,176.526129,8,0.093841,1.032932,,,,,,1,1,0,1,1,0.669377,0,0,0
126.539997,ASCENT,7,0,1,None,Holding,0,45714.651358,1765.420951,1505.179776,875.616538,2079.058227,4.576074,43449.245919,242884.520032,3.443624,8237948.242188,0.961353,0.009322,1,,0,0,0,0,0.004345,0.009322,0.007558,-0.096091,0.042222,-0.005378,12581.188509,12581.220704,0.433025,-0.027639,0.050205,345.089604,85881.398438,418.589844,85882.148438,0,87.115807,-6247.31108,44.744358,352.568313,1,1.000806,0,0,0,36.529803,42.957485,GravityTurn,,,,,,,,,,,,,,,,,,,,,,,,,,,None,Continue,0,None,8198323.599863,,0,0,1,1,9098.416351,9098.416351,5.045393,11882337.890625,8.8458,1023.001778,28.744291,-0.302837,229.265865,8,-0.106996,0.963485,,,,,,1,1,0,1,1,0.669185,0,0,0
126.799997,ASCENT,7,0,1,None,Holding,0,45942.65895,1772.805753,1512.528906,878.436377,2036.757572,4.595343,43766.296337,242182.92091,3.453329,8244858.398438,0.891765,0.009266,1,,0,0,0,0,0.004522,0.009266,0.008977,-0.015661,0.056463,0.008379,12593.703324,12593.753851,0.514348,0.0598,0.059588,345.077695,85649.0625,417.416748,85649.820313,0,87.630629,-6246.165651,44.781716,352.618395,1,1.000806,0,0,0,36.394488,42.958732,GravityTurn,,,,,,,,,,,,,,,,,,,,,,,,,,,None,Continue,0,None,8198813.040882,,0,0,1,1,9086.997711,9086.997711,5.064983,11882382.8125,8.846948,1024.464658,28.779115,-0.048516,269.090894,8,-0.014156,0.898852,,,,,,1,1,0,1,1,0.668869,0,0,0
127.059997,ASCENT,7,0,1,None,Holding,0,46171.397702,1780.219528,1519.907643,881.252732,1995.32068,4.614827,44085.1506,241481.245495,3.463083,8244448.242188,0.832973,0.009604,1,,0,0,0,0,0.017014,0.009604,0.009987,0.020693,0.04788,0.003678,12609.401035,12609.432967,0.572192,0.026445,0.02935,345.05314,85413.851563,416.225464,85414.601563,0,88.147133,-6245.008769,44.819235,352.668605,1,1.000806,0,0,0,36.25897,42.959986,GravityTurn,,,,,,,,,,,,,,,,,,,,,,,,,,,None,Continue,0,None,8199099.787575,,0,0,1,1,9080.935089,9080.935089,5.075415,11882406.25,8.847945,1025.925006,28.816233,-0.2963,326.594183,8,-0.152761,0.841089,,,,,,1,1,0,1,1,0.668304,0,0,0
127.319997,ASCENT,7,0,1,None,Holding,0,46400.867793,1787.662108,1527.312912,884.07263,1954.747826,4.634539,44405.819734,240779.676892,3.473911,8241125,0.75657,0.009319,1,,0,0,0,0,0.006192,0.009319,0.01016,0.045308,0.101312,0.009484,12622.601587,12622.653832,0.582147,0.058157,0.099618,344.945805,85179.804688,415.047821,85180.554688,0,88.665994,-6243.841047,44.856263,352.718072,1,1.000806,0,0,0,36.123308,42.961247,GravityTurn,,,,,,,,,,,,,,,,,,,,,,,,,,,None,Continue,0,None,8199397.620266,,0,0,1,1,9069.444366,9069.444366,5.095236,11882450.195313,8.848788,1027.382819,28.850652,-0.2963,326.594183,8,-0.152761,0.841089,,,,,,1,1,0,1,1,0.668418,0,0,0
127.579997,ASCENT,7,0,1,None,Holding,0,46631.07347,1795.13152,1534.74565,886.886255,1915.03691,4.654495,44728.313016,240078.169324,3.483399,8222416.015625,0.69292,0.009477,1,,0,0,0,0,0.013356,0.009477,0.00938,-0.005195,-0.157167,0.001445,12633.834015,12633.871571,0.537459,0.019746,-0.191102,344.898624,84941.867188,413.869202,84942.625,0,89.186274,-6242.661849,44.893477,352.767698,1,1.000806,0,0,0,35.987485,42.962516,GravityTurn,,,,,,,,,,,,,,,,,,,,,,,,,,,None,Continue,0,None,8199601.325846,,0,0,1,1,9063.341125,9063.341125,5.105764,11882471.679688,8.849494,1028.838089,28.884516,-0.2963,326.594183,8,-0.152761,0.841089,,,,,,1,1,0,1,1,0.669026,0,0,0
127.839997,ASCENT,7,0,1,None,Holding,0,46862.00916,1802.625112,1542.200967,889.697284,1876.172606,4.674695,45052.635041,239377.211072,3.491611,8222990.234375,0.610169,0.008958,0.996472,,0,0,0,0,0.01319,0.008958,0.009036,0.004172,0.10294,0.001754,12637.905877,12637.909672,0.517702,0.026919,0.087836,344.643516,84707.882813,412.703094,84708.632813,0,89.708321,-6241.471957,44.930376,352.816819,1,1.000806,0,0,0,35.851592,42.963792,GravityTurn,,,,,,,,,,,,,,,,,,,,,,,,,,,None,Continue,0,None,8199601.728573,,0,0,1,1,9051.782776,9051.782776,5.125842,11882511.71875,8.850072,1030.290814,28.913621,-0.2963,326.594183,8,-0.152761,0.841089,,,,,,1,1,0,1,1,0.668965,0,0,0
128.079997,ASCENT,7,0,1,None,Holding,0,47093.673354,1810.129957,1549.664682,892.488789,1838.119506,4.695112,45378.788656,238677.946545,3.495203,8200351.5625,0.553423,0.009326,0.992786,,0,0,0,0,0.010828,0.009326,0.00883,-0.026471,0.045647,0.004133,12626.667079,12626.701003,0.505909,0.047787,0.023522,343.875274,84462.1875,411.513977,84462.9375,0,90.23047,-6240.272186,44.966922,352.86547,1,1.000806,0,0,0,35.715886,42.965076,GravityTurn,,,,,,,,,,,,,,,,,,,,,,,,,,,None,Continue,0,None,8198227.897246,,0,0,1,1,9046.337555,9046.337555,5.135313,11882531.25,8.850534,1031.740985,28.934631,-0.2963,326.594183,8,-0.152761,0.841089,,,,,,1,1,0,1,1,0.669175,0,0,0
128.339997,ASCENT,7,0,1,None,Holding,0,47326.062611,1817.635586,1557.131355,895.272366,1800.848901,4.715729,45706.779888,237980.757214,3.495125,8147718.261719,0.486234,0.009347,0.987574,,0,0,0,0,0.009598,0.009347,0.009736,0.020783,-0.124385,0.013255,12607.096642,12607.135394,0.557855,0.074712,-0.160558,342.89809,84216.132813,410.369873,84216.898438,0,90.753793,-6239.065643,45.003593,352.91412,1,1.000806,0,0,0,35.580466,42.966366,GravityTurn,,,,,,,,,,,,,,,,,,,,,,,,,,,None,Continue,0,None,8193475.898617,,0,0,1,1,9034.76532,9034.76532,5.1555,11882570.3125,8.850902,1033.188596,28.952114,-0.2963,326.594183,8,-0.152761,0.841089,,,,,,1,1,0,1,1,0.668466,0,0,0
128.619997,ASCENT,7,0,1,None,Holding,0,47559.169856,1825.14569,1564.598004,898.034677,1764.351899,4.736556,46036.613399,237285.765149,3.494875,8119482.421875,0.4209,0.009403,0.985169,,0,0,0,0,0.007199,0.009403,0.009104,-0.01595,0.084123,0.003097,12581.2152,12581.252846,0.521613,0.022607,0.068358,341.832682,83979.007813,409.18631,83979.773438,0,91.277004,-6237.850296,45.039575,352.96169,1,1.000806,0,0,0,35.445382,42.967665,GravityTurn,,,,,,,,,,,,,,,,,,,,,,,,,,,None,Continue,0,None,8180100.68962,,0,0,1,1,9023.190857,9023.190857,5.175762,11882607.421875,8.851179,1034.63365,28.968547,-0.2963,326.594183,8,-0.152761,0.841089,,,,,,1,1,0,1,1,0.66836,0,0,0
128.879997,ASCENT,7,0,1,None,Holding,0,47792.993209,1832.663346,1572.072623,900.78339,1728.62145,4.757606,46368.289479,236592.619397,3.495696,8111059.570313,0.348437,0.009177,0.978463,,0,0,0,0,0.011264,0.009177,0.009776,0.03182,0.014033,0.014541,12563.927297,12563.95901,0.560096,0.080359,-0.018069,341.039584,83752.875,408.012268,83753.625,0,91.800827,-6236.626241,45.075584,353.009302,1,1.000806,0,0,0,35.310488,42.96897,GravityTurn,,,,,,,,,,,,,,,,,,,,,,,,,,,None,Continue,0,None,8151818.596285,,0,0,1,1,9017.739624,9017.739624,5.185332,11882624.023438,8.851376,1036.076131,28.989967,-0.2963,326.594183,8,-0.152761,0.841089,,,,,,1,1,0,1,1,0.668317,0,0,0
129.119997,ASCENT,7,0,1,None,Holding,0,48027.532539,1840.183643,1579.546796,903.516295,1693.643757,4.778891,46701.810923,235901.655175,3.49589,8077464.355469,0.283224,0.00919,0.974193,,0,0,0,0,0.004113,0.00919,0.009462,0.01449,-0.031229,-0.00029,12540.197155,12540.220348,0.542146,-0.009535,-0.036255,339.909119,83507.46875,406.845795,83508.21875,0,92.325026,-6235.394192,45.111005,353.056141,1,1.000806,0,0,0,35.175934,42.970283,GravityTurn,,,,,,,,,,,,,,,,,,,,,,,,,,,None,Continue,0,None,8120593.959347,,0,0,1,1,9006.15976,9006.15976,5.205715,11882659.179688,8.851511,1037.516039,29.007469,-0.2963,326.594183,8,-0.152761,0.841089,,,,,,1,1,0,1,1,0.668203,0,0,0
129.399997,ASCENT,7,0,1,None,Holding,0,48262.775443,1847.708135,1587.024684,906.23333,1659.409447,4.800427,47037.17953,235212.82766,3.496052,8085972.167969,0.22387,0.009434,0.966935,,0,0,0,0,0.011086,0.009434,0.008519,-0.048566,0.201596,0.006217,12518.597987,12518.618187,0.488103,0.035101,0.188825,338.943551,83267.90625,405.685669,83268.648438,0,92.84958,-6234.153804,45.146301,353.102572,1,1.000806,0,0,0,35.041642,42.971603,GravityTurn,,,,,,,,,,,,,,,,,,,,,,,,,,,None,Continue,0,None,8095196.451618,,0,0,1,1,9000.033966,9000.033966,5.2165,11882676.757813,8.851599,1038.953374,29.024023,-0.2963,326.594183,8,-0.152761,0.841089,,,,,,1,1,0,1,1,0.668231,0,0,0
129.659997,ASCENT,7,0,1,None,Holding,0,48498.724392,1855.233394,1594.504748,908.935992,1625.897417,4.822221,47374.401054,234525.876977,3.495115,8074117.1875,0.152789,0.009227,0.961556,,0,0,0,0,0.003949,0.009227,0.009136,-0.004838,0.073181,-0.008132,12496.950336,12496.950026,0.523447,-0.055798,0.077162,338.008607,83024.359375,404.535309,83025.109375,0,93.374611,-6232.905873,45.18172,353.149172,1,1.000806,0,0,0,34.90764,42.972931,GravityTurn,,,,,,,,,,,,,,,,,,,,,,,,,,,None,Continue,0,None,8071226.044613,,0,0,1,1,8989.125366,8989.125366,5.235833,11882708.984375,8.851647,1040.388129,29.041952,-0.2963,326.594183,8,-0.152761,0.841089,,,,,,1,1,0,1,1,0.668361,0,0,0
129.899997,ASCENT,7,0,1,None,Holding,0,48735.376104,1862.767834,1601.989065,911.620942,1593.095933,4.844296,47713.48512,233840.803124,3.496094,8042421.875,0.087597,0.00922,0.958938,,0,0,0,0,0.003281,0.00922,0.00899,-0.012142,0.077766,-0.004291,12477.438406,12477.470655,0.515109,-0.022378,0.071728,337.148843,82790.3125,403.383667,82791.054688,0,93.8998,-6231.648356,45.216354,353.19475,1,1.000806,0,0,0,34.773886,42.974266,GravityTurn,,,,,,,,,,,,,,,,,,,,,,,,,,,None,Continue,0,None,8048642.586151,,0,0,1,1,8982.988098,8982.988098,5.246693,11882725.585938,8.851667,1041.820299,29.058387,-0.2963,326.594183,8,-0.152761,0.841089,,,,,,1,1,0,1,1,0.66762,0,0,0
130.159997,ASCENT,7,0,1,None,Holding,0,48972.726441,1870.301245,1609.474459,914.287833,1560.981841,4.866663,48054.426975,233157.89602,3.495868,8010328.613281,0.022893,0.009213,0.955264,,0,0,0,0,0.007202,0.009213,0.008634,-0.030609,0.021646,0.007514,12454.391809,12454.394841,0.494702,0.045052,0.000827,335.972912,82557.140625,402.240753,82557.890625,0,94.425066,-6230.383228,45.251276,353.240551,1,1.000806,0,0,0,34.640436,42.975609,GravityTurn,,,,,,,,,,,,,,,,,,,,,,,,,,,None,Continue,0,None,8026106.858633,,0,0,1,1,8971.395569,8971.395569,5.267348,11882757.8125,8.851671,1043.249877,29.071914,-0.2963,326.594183,8,-0.152761,0.841089,,,,,,1,1,0,1,1,0.667607,0,0,0
130.439997,ASCENT,7,0,1,None,Holding,0,49210.762817,1877.839328,1616.962663,916.940499,1529.53275,4.889336,48397.223806,232476.789452,3.496189,7978574.707031,0.040122,0.009297,0.952108,,0,0,0,0,0.003653,0.009297,0.010204,0.047923,-0.033996,0.002046,12431.824345,12431.861177,0.584654,0.013812,-0.037246,335.046192,82307.5625,401.109192,82308.328125,0,94.950781,-6229.10969,45.285808,353.285682,1,1.000806,0,0,0,34.507258,42.976959,GravityTurn,,,,,,,,,,,,,,,,,,,,,,,,,,,None,Continue,0,None,8002931.106465,,0,0,1,1,8965.935638,8965.935638,5.277086,11882772.460938,8.851672,1044.67686,29.085706,-0.2963,326.594183,8,-0.152761,0.841089,,,,,,1,1,0,1,1,0.666707,0,0,0
130.699997,ASCENT,7,0,1,None,Holding,0,49449.488472,1885.382778,1624.454203,919.576783,1498.722972,4.912332,48741.886473,231797.422387,3.49665,7987934.570313,0.106746,0.009135,0.945711,,0,0,0,0,0.003906,0.009135,0.007912,-0.064517,0.086357,0.006622,12411.257692,12411.297144,0.453334,0.034709,0.082343,334.158559,82076.890625,399.953278,82077.640625,0,95.476723,-6227.827351,45.319968,353.330342,1,1.000806,0,0,0,34.374339,42.978317,GravityTurn,,,,,,,,,,,,,,,,,,,,,,,,,,,None,Continue,0,None,7979267.748649,,0,0,1,1,8954.325043,8954.325043,5.297846,11882801.757813,8.851681,1046.101245,29.100037,-0.2963,326.594183,8,-0.152761,0.841089,,,,,,1,1,0,1,1,0.666398,0,0,0
130.959997,ASCENT,7,0,1,None,Holding,0,49688.898142,1892.926933,1631.947321,922.195489,1468.528622,4.935672,49088.41285,231120.191552,3.49638,7960402.832031,0.162003,0.009412,0.942981,,0,0,0,0,0.008502,0.009412,0.008924,-0.025742,-0.035014,-0.010471,12386.862131,12386.895671,0.511302,-0.067565,-0.06258,333.114229,81836.65625,398.810394,81837.40625,0,96.002739,-6226.537005,45.354216,353.375046,1,1.000806,0,0,0,34.241709,42.979682,GravityTurn,,,,,,,,,,,,,,,,,,,,,,,,,,,None,Continue,0,None,7956597.224471,,0,0,1,1,8948.176331,8948.176331,5.308844,11882816.40625,8.851708,1047.523029,29.114676,-0.2963,326.594183,8,-0.152761,0.841089,,,,,,1,1,0,1,1,0.66615,0,0,0
131.219997,ASCENT,7,0,1,None,Holding,0,49928.988084,1900.477337,1639.444367,924.802853,1438.915903,4.959369,49436.81103,230444.929101,3.495618,7878524.414063,0.231717,0.009185,0.943222,,0,0,0,0,0.005617,0.009185,0.008746,-0.023168,-0.018723,0.009013,12362.320412,12362.356214,0.501083,0.057318,-0.043218,332.093938,81592.8125,397.69046,81593.570313,0,96.529456,-6225.238109,45.387956,353.41902,1,1.000806,0,0,0,34.109324,42.981055,GravityTurn,,,,,,,,,,,,,,,,,,,,,,,,,,,None,Continue,0,None,7934209.561132,,0,0,1,1,8937.247498,8937.247498,5.328531,11882843.75,8.851764,1048.942208,29.129965,-0.2963,326.594183,8,-0.152761,0.841089,,,,,,1,1,0,1,1,0.666285,0,0,0
131.479997,ASCENT,7,0,1,None,Holding,0,50169.752,1908.032321,1646.945814,927.393193,1409.845386,4.983418,49787.080486,229771.58878,3.496958,7879582.03125,0.29223,0.009285,0.93514,,0,0,0,0,0.00975,0.009285,0.009321,0.001889,-0.036715,0.000638,12341.459299,12341.483545,0.534069,0.000797,-0.033975,331.126118,81350.960938,396.547241,81351.710938,0,97.056284,-6223.930401,45.421639,353.462852,1,1.000806,0,0,0,33.977175,42.982435,GravityTurn,,,,,,,,,,,,,,,,,,,,,,,,,,,None,Continue,0,None,7911974.540994,,0,0,1,1,8925.635162,8925.635162,5.349462,11882872.070313,8.85186,1050.358777,29.144974,-0.2963,326.594183,8,-0.152761,0.841089,,,,,,1,1,0,1,1,0.666441,0,0,0
131.739997,ASCENT,7,0,1,None,Holding,0,50411.184446,1915.594932,1654.45164,929.967564,1381.325799,5.007825,50139.221147,229100.156285,3.497279,7868291.992188,0.356142,0.00922,0.927567,,0,0,0,0,0.000808,0.00922,0.008607,-0.032222,0.213406,0.0025,12323.33128,12323.348629,0.49312,0.011504,0.220448,330.221774,81103.859375,395.405273,81104.59375,0,97.58332,-6222.613318,45.454759,353.505886,1,1.000806,0,0,0,33.84526,42.983823,GravityTurn,,,,,,,,,,,,,,,,,,,,,,,,,,,None,Continue,0,None,7889207.364929,,0,0,1,1,8920.169678,8920.169678,5.359391,11882884.765625,8.852008,1051.772734,29.159726,-0.2963,326.594183,8,-0.152761,0.841089,,,,,,1,1,0,1,1,0.666393,0,0,0
131.999997,ASCENT,7,0,1,None,Holding,0,50653.282583,1923.157175,1661.959356,932.528052,1353.350458,5.032586,50493.239524,228430.814244,3.49769,7842315.429688,0.423235,0.009056,0.925308,,0,0,0,0,0.009536,0.009056,0.009796,0.038786,-0.104969,-0.002921,12304.370544,12304.375395,0.561251,-0.00979,-0.141278,329.27915,80855.882813,394.325897,80856.671875,0,98.110736,-6221.288688,45.488115,353.549163,1,1.000806,0,0,0,33.713621,42.985218,GravityTurn,,,,,,,,,,,,,,,,,,,,,,,,,,,None,Continue,0,None,7866264.761736,,0,0,1,1,8908.553711,8908.553711,5.380446,11882910.15625,8.852215,1053.184072,29.174798,-0.2963,326.594183,8,-0.152761,0.841089,,,,,,1,1,0,1,1,0.666453,0,0,0
132.259997,ASCENT,7,0,1,None,Holding,0,50896.04352,1930.720736,1669.465731,935.06617,1325.913283,5.057706,50849.1375,227763.715245,3.496823,7836607.910156,0.484784,0.009052,0.919386,,0,0,0,0,0.008805,0.009052,0.00977,0.037598,-0.020721,0.002034,12277.604162,12277.629865,0.559752,0.015053,-0.016159,328.229025,80621.703125,393.17749,80622.46875,0,98.637662,-6219.95528,45.52105,353.59183,1,1.000806,0,0,0,33.582313,42.986621,GravityTurn,,,,,,,,,,,,,,,,,,,,,,,,,,,None,Continue,0,None,7843042.385623,,0,0,1,1,8903.090637,8903.090637,5.390426,11882922.851563,8.8525,1054.59279,29.187293,-0.2963,326.594183,8,-0.152761,0.841089,,,,,,1,1,0,1,1,0.666752,0,0,0
132.499997,ASCENT,7,0,1,None,Holding,0,51139.471226,1938.293837,1676.979392,937.595608,1299.00695,5.083183,51206.926398,227098.309971,3.497508,7798185.058594,0.546295,0.009037,0.914985,,0,0,0,0,0.008958,0.009037,0.010165,0.059015,-0.074531,0.007791,12259.213007,12259.247836,0.582436,0.03971,-0.069706,327.350262,80376.078125,392.053223,80376.835938,0,99.165499,-6218.612721,45.553474,353.633858,1,1.000806,0,0,0,33.451182,42.988032,GravityTurn,,,,,,,,,,,,,,,,,,,,,,,,,,,None,Continue,0,None,7820612.845568,,0,0,1,1,8891.478943,8891.478943,5.411601,11882948.242188,8.852869,1055.998883,29.201995,-0.2963,326.594183,8,-0.152761,0.841089,,,,,,1,1,0,1,1,0.666797,0,0,0
132.779997,ASCENT,7,0,1,None,Holding,0,51383.541602,1945.865079,1684.491637,940.101122,1272.622099,5.109015,51566.590577,226435.132481,3.496429,7785098.632813,0.6138,0.008781,0.911647,,0,0,0,0,0.01455,0.008781,0.008749,-0.001649,0.105731,0.000283,12234.339683,12234.374334,0.501281,0.007946,0.135606,326.373821,80136.484375,390.941864,80137.242188,0,99.692638,-6217.261821,45.585993,353.675779,1,1.000806,0,0,0,33.32038,42.98945,GravityTurn,,,,,,,,,,,,,,,,,,,,,,,,,,,None,Continue,0,None,7797815.547942,,0,0,1,1,8886.015686,8886.015686,5.421606,11882959.960938,8.853333,1057.402348,29.214836,-0.2963,326.594183,8,-0.152761,0.841089,,,,,,1,1,0,1,1,0.667526,0,0,0
133.019997,ASCENT,7,0,1,None,Holding,0,51628.270194,1953.442353,1692.009968,942.598576,1246.753261,5.135212,51928.148533,225773.740269,3.497688,7750424.804688,0.672971,0.008811,0.908933,,0,0,0,0,0.008091,0.008811,0.009979,0.060955,-0.208706,-0.001932,12214.676235,12214.709222,0.571759,-0.016363,-0.227772,325.417657,79897.859375,389.841187,79898.617188,0,100.220712,-6215.902502,45.61834,353.717586,1,1.000806,0,0,0,33.189773,42.990876,GravityTurn,,,,,,,,,,,,,,,,,,,,,,,,,,,None,Continue,0,None,7775172.055842,,0,0,1,1,8875.079041,8875.079041,5.441686,11882981.445313,8.853899,1058.80318,29.228411,-0.2963,326.594183,8,-0.152761,0.841089,,,,,,1,1,0,1,1,0.667515,0,0,0
133.299997,ASCENT,7,0,1,None,Holding,0,51873.64335,1961.023908,1699.529034,945.074392,1221.386882,5.161762,52291.594421,225114.285924,3.496979,7726874.023438,0.737391,0.008639,0.903656,,0,0,0,0,0.011728,0.008639,0.008614,-0.001307,-0.016928,0.000449,12192.90743,12192.928625,0.49357,0.000347,-0.015171,324.380182,79659.75,388.751343,79660.515625,0,100.748307,-6214.533709,45.65013,353.758449,1,1.000806,0,0,0,33.059453,42.992309,GravityTurn,,,,,,,,,,,,,,,,,,,,,,,,,,,None,Continue,0,None,7752778.077377,,0,0,1,1,8863.462067,8863.462067,5.463125,11883002.929688,8.854579,1060.201375,29.241429,-0.2963,326.594183,8,-0.152761,0.841089,,,,,,1,1,0,1,1,0.667937,0,0,0
133.559997,ASCENT,7,0,1,None,Holding,0,52119.660701,1968.605419,1707.050341,947.534359,1196.520396,5.188683,52656.934103,224456.784703,3.497158,7710274.902344,0.787052,0.008997,0.900214,,0,0,0,0,0.015924,0.008997,0.008414,-0.030344,0.039785,-0.004996,12170.418862,12170.43907,0.482099,-0.037074,0.011228,323.401396,79415.289063,387.611786,79416.039063,0,101.275989,-6213.156922,45.682197,353.799694,1,1.000806,0,0,0,32.929392,42.99375,GravityTurn,,,,,,,,,,,,,,,,,,,,,,,,,,,None,Continue,0,None,7730117.485045,,0,0,1,1,8857.310455,8857.310455,5.474463,11883015.625,8.855373,1061.596933,29.253614,-0.2963,326.594183,8,-0.152761,0.841089,,,,,,1,1,0,1,1,0.667998,0,0,0
133.799997,ASCENT,7,0,1,None,Holding,0,52366.31522,1976.194892,1714.578319,949.985795,1172.176649,5.216048,53024.17223,223800.961949,3.497858,7698976.5625,0.853715,0.008774,0.892739,,0,0,0,0,0.006974,0.008774,0.0081,-0.035051,-0.077072,0.001319,12154.726812,12154.738337,0.464103,0.005662,-0.087151,322.623961,79179.984375,386.512421,79180.726563,0,101.804525,-6211.771152,45.713894,353.84049,1,1.000806,0,0,0,32.799511,42.995198,GravityTurn,,,,,,,,,,,,,,,,,,,,,,,,,,,None,Continue,0,None,7707755.521122,,0,0,1,1,8846.371765,8846.371765,5.494772,11883036.132813,8.856288,1062.989854,29.26796,-0.2963,326.594183,8,-0.152761,0.841089,,,,,,1,1,0,1,1,0.668214,0,0,0
134.079997,ASCENT,7,0,1,None,Holding,0,52613.604781,1983.782132,1722.102323,952.419209,1148.336051,5.243848,53393.305497,223147.580601,3.496752,7633041.992188,0.907037,0.009004,0.893314,,0,0,0,0,0.000333,0.009004,0.008495,-0.026423,-0.000665,-0.00887,12125.962108,12126.000244,0.48674,-0.044271,-0.000542,321.474908,78932.015625,385.413239,78932.765625,0,102.332886,-6210.377576,45.745201,353.880562,1,1.000806,0,0,0,32.669993,42.996655,GravityTurn,,,,,,,,,,,,,,,,,,,,,,,,,,,None,Continue,0,None,7685567.219141,,0,0,1,1,8840.899292,8840.899292,5.504936,11883046.875,8.857346,1064.380133,29.278682,-0.2963,326.594183,8,-0.152761,0.841089,,,,,,1,1,0,1,1,0.6682,0,0,0
134.339997,ASCENT,7,0,1,None,Holding,0,52861.526764,1991.377144,1729.633894,954.834503,1124.967993,5.272043,53764.345015,222495.801426,3.497095,7627402.34375,0.967055,0.008978,0.887741,,0,0,0,0,0.002835,0.008978,0.009177,0.010302,-0.16932,-0.005813,12107.125691,12107.165421,0.525799,-0.03502,-0.193642,320.578759,78694.085938,384.319641,78694.84375,0,102.86108,-6208.973997,45.776488,353.920637,1,1.000806,0,0,0,32.540638,42.998119,GravityTurn,,,,,,,,,,,,,,,,,,,,,,,,,,,None,Continue,0,None,7663395.799429,,0,0,1,1,8829.271881,8829.271881,5.526598,11883066.40625,8.858555,1065.767767,29.291044,-0.2963,326.594183,8,-0.152761,0.841089,,,,,,1,1,0,1,1,0.668385,0,0,0
134.599997,ASCENT,7,0,1,None,Holding,0,53110.071823,1998.975774,1737.167691,957.233778,1102.041348,5.30059,54137.285773,221845.960118,3.497467,7625552.246094,1.030713,0.00883,0.881134,,0,0,0,0,0.00529,0.00883,0.009597,0.039717,0.037517,-0.016646,12088.157509,12088.190964,0.549856,-0.104506,0.047175,319.67903,78433.132813,383.220673,78433.882813,0,103.389294,-6207.561488,45.807471,353.960269,1,1.000806,0,0,0,32.411534,42.99959,GravityTurn,,,,,,,,,,,,,,,,,,,,,,,,,,,None,Continue,0,None,7641204.797588,,0,0,1,1,8823.11969,8823.11969,5.538066,11883077.148438,8.859915,1067.152756,29.304131,-0.2963,326.594183,8,-0.152761,0.841089,,,,,,1,1,0,1,1,0.668756,0,0,0
134.859997,ASCENT,7,0,1,None,Holding,0,53359.242006,2006.578983,1744.706121,959.622037,1079.526139,5.329453,54512.131975,221197.827794,3.498669,7601311.035156,1.081823,0.009118,0.875642,,0,0,0,0,0.005319,0.009118,0.008445,-0.034784,0.080226,0.007294,12071.269565,12071.292939,0.483867,0.047891,0.081558,318.831959,78204.421875,382.146057,78205.1875,0,103.918038,-6206.140327,45.838318,353.999672,1,1.000806,0,0,0,32.282641,43.00107,GravityTurn,,,,,,,,,,,,,,,,,,,,,,,,,,,None,Continue,0,None,7619067.817307,,0,0,1,1,8812.170471,8812.170471,5.558584,11883095.703125,8.861441,1068.535091,29.317096,-0.2963,326.594183,8,-0.152761,0.841089,,,,,,1,1,0,1,1,0.668952,0,0,0
135.099997,ASCENT,7,0,1,None,Holding,0,53609.029021,2014.180681,1752.241907,961.987958,1057.389659,5.358576,54888.887294,220551.923253,3.497889,7573045.410156,1.138356,0.009206,0.875709,,0,0,0,0,0.008153,0.009206,0.008899,-0.015832,0.039615,0.004638,12047.234727,12047.256294,0.509895,0.026104,0.032066,317.808704,77951.78125,381.051697,77952.53125,0,104.446093,-6204.710631,45.868957,354.038842,1,1.000806,0,0,0,32.154079,43.002557,GravityTurn,,,,,,,,,,,,,,,,,,,,,,,,,,,None,Continue,0,None,7597181.6178,,0,0,1,1,8806.698425,8806.698425,5.568897,11883104.492188,8.863137,1069.914777,29.32753,-0.2963,326.594183,8,-0.152761,0.841089,,,,,,1,1,0,1,1,0.669538,0,0,0
135.379997,ASCENT,7,0,1,None,Holding,0,53859.428406,2021.790437,1759.78417,964.343903,1035.603732,5.387921,55267.554705,219907.635666,3.498373,7570504.882813,1.207383,0.00885,0.867141,,0,0,0,0,0.005362,0.00885,0.008668,-0.009392,0.096705,-0.012934,12028.975105,12029.025685,0.496617,-0.071526,0.099071,317.007436,77701.820313,379.971771,77702.570313,0,104.97477,-6203.271565,45.899202,354.077292,1,1.000806,0,0,0,32.025693,43.004051,GravityTurn,,,,,,,,,,,,,,,,,,,,,,,,,,,None,Continue,0,None,7574607.384008,,0,0,1,1,8795.066528,8795.066528,5.590781,11883123.046875,8.865019,1071.291806,29.345528,-0.2963,326.594183,8,-0.152761,0.841089,,,,,,1,1,0,1,1,0.669794,0,0,0
135.619997,ASCENT,7,0,1,None,Holding,0,54110.43772,2029.401188,1767.32854,966.683467,1014.135604,5.417434,55648.132976,219265.3322,3.498846,7546318.847656,1.262633,0.008966,0.862513,,0,0,0,0,0.015079,0.008966,0.011217,0.115872,0.009109,0.008281,12009.946295,12009.985225,0.642682,0.054592,0.039201,316.128163,77468.929688,378.880798,77469.671875,0,105.503362,-6201.823975,45.929543,354.11598,1,1.000806,0,0,0,31.897555,43.005554,GravityTurn,,,,,,,,,,,,,,,,,,,,,,,,,,,None,Continue,0,None,7552788.401529,,0,0,1,1,8784.115723,8784.115723,5.611529,11883140.625,8.8671,1072.66618,29.358579,-0.2963,326.594183,8,-0.152761,0.841089,,,,,,1,1,0,1,1,0.669905,0,0,0
135.879997,ASCENT,7,0,1,None,Holding,0,54362.056199,2037.014994,1774.87403,969.003769,992.955675,5.447068,56030.631064,218625.073411,3.498847,7531422.851563,1.319514,0.008994,0.858389,,0,0,0,0,0.000895,0.008994,0.008574,-0.021581,0.046273,0.008705,11987.886966,11987.90846,0.49128,0.053646,0.051199,315.225406,77223.84375,377.803772,77224.59375,0,106.031554,-6200.367069,45.959534,354.154089,1,1.000806,0,0,0,31.769679,43.007064,GravityTurn,,,,,,,,,,,,,,,,,,,,,,,,,,,None,Continue,0,None,7531377.06109,,0,0,1,1,8777.959503,8777.959503,5.623211,11883150.390625,8.869385,1074.037893,29.371296,-0.2963,326.594183,8,-0.152761,0.841089,,,,,,1,1,0,1,1,0.670229,0,0,0
136.139997,ASCENT,7,0,1,None,Holding,0,54614.273378,2044.628734,1782.419794,971.312318,972.028765,5.476758,56415.046583,217986.706711,3.497921,7476217.773438,1.38041,0.008894,0.859608,,0,0,0,0,0.01657,0.008894,0.009979,0.0557,-0.083582,0.007235,11962.893655,11962.923151,0.57177,0.04279,-0.059237,314.140143,76972.023438,376.734589,76972.773438,0,106.560113,-6198.902305,45.989401,354.191992,1,1.000806,0,0,0,31.642079,43.008582,GravityTurn,,,,,,,,,,,,,,,,,,,,,,,,,,,None,Continue,0,None,7509156.004724,,0,0,1,1,8766.322723,8766.322723,5.64531,11883166.015625,8.871876,1075.406946,29.381028,-0.2963,326.594183,8,-0.152761,0.841089,,,,,,1,1,0,1,1,0.670263,0,0,0
136.419997,ASCENT,7,0,1,None,Holding,0,54867.086824,2052.25061,1789.971877,973.603494,951.333098,5.506476,56801.3783,217349.926926,3.498204,7471500.488281,1.440976,0.008781,0.851653,,0,0,0,0,0.00566,0.008781,0.007892,-0.04558,0.078751,-0.003954,11945.69443,11945.714275,0.452184,-0.029327,0.096859,313.288005,76721.476563,375.668854,76722.234375,0,107.088456,-6197.427226,46.018957,354.22937,1,1.000806,0,0,0,31.514651,43.010108,GravityTurn,,,,,,,,,,,,,,,,,,,,,,,,,,,None,Continue,0,None,7486900.16331,,0,0,1,1,8756.733887,8756.733887,5.663609,11883179.6875,8.874588,1076.773335,29.394733,-0.2963,326.594183,8,-0.152761,0.841089,,,,,,1,1,0,1,1,0.670491,0,0,0
136.659997,ASCENT,7,0,1,None,Holding,0,55120.490772,2059.87561,1797.526495,975.875272,930.926367,5.536426,57189.633871,216714.962937,3.498304,7455810.058594,1.503039,0.008594,0.84727,,0,0,0,0,0.014293,0.008594,0.009062,0.023946,-0.039207,0.003019,11926.771328,11926.786621,0.519213,0.017053,-0.018788,312.359661,76488.078125,374.608978,76488.84375,0,107.616337,-6195.942694,46.048391,354.266713,1,1.000806,0,0,0,31.387458,43.011642,GravityTurn,,,,,,,,,,,,,,,,,,,,,,,,,,,None,Continue,0,None,7465479.905521,,0,0,1,1,8750.571228,8750.571228,5.675407,11883188.476563,8.877538,1078.137058,29.407117,-0.2963,326.594183,8,-0.152761,0.841089,,,,,,1,1,0,1,1,0.670863,0,0,0
136.939997,ASCENT,7,0,1,None,Holding,0,55374.489752,2067.503232,1805.083557,978.13621,910.839624,5.566675,57579.820467,216082.119919,3.498822,7403284.667969,1.556675,0.008691,0.843987,,0,0,0,0,0.005586,0.008691,0.007285,-0.071889,0.019426,-0.002375,11905.248788,11905.275766,0.417374,-0.01308,0.024553,311.437462,76250.90625,373.544556,76251.664063,0,108.144651,-6194.449703,46.077625,354.30359,1,1.000806,0,0,0,31.260499,43.013183,GravityTurn,,,,,,,,,,,,,,,,,,,,,,,,,,,None,Continue,0,None,7444957.806043,,0,0,1,1,8738.929382,8738.929382,5.69775,11883204.101563,8.880728,1079.498109,29.418414,-0.2963,326.594183,8,-0.152761,0.841089,,,,,,1,1,0,1,1,0.670772,0,0,0
137.179997,ASCENT,7,0,1,None,Holding,0,55629.075911,2075.130819,1812.640694,980.378497,891.074834,5.597215,57971.938656,215451.168992,3.498762,7394614.257813,1.619927,0.008429,0.839717,,0,0,0,0,0.014113,0.008429,0.007113,-0.067138,0.065214,-0.007218,11882.34496,11882.366013,0.407556,-0.043381,0.061787,310.536139,75993.875,372.475464,75994.617188,0,108.672542,-6192.947988,46.10681,354.340525,1,1.000806,0,0,0,31.133812,43.014732,GravityTurn,,,,,,,,,,,,,,,,,,,,,,,,,,,None,Continue,0,None,7423425.5186,,0,0,1,1,8733.455383,8733.455383,5.70829,11883209.960938,8.88417,1080.856491,29.427892,-0.2963,326.594183,8,-0.152761,0.841089,,,,,,1,1,0,1,1,0.671101,0,0,0
137.439997,ASCENT,7,0,1,None,Holding,0,55884.240961,2082.76412,1820.201544,982.607696,871.632988,5.628048,58365.981826,214822.018601,3.497813,7351013.183594,1.671323,0.008592,0.837274,,0,0,0,0,0.007789,0.008592,0.008142,-0.022948,-0.037692,-0.006026,11858.903148,11858.930447,0.466504,-0.036807,-0.04679,309.506017,75749.34375,371.416748,75750.101563,0,109.200606,-6191.436811,46.135556,354.376779,1,1.000806,0,0,0,31.007335,43.016289,GravityTurn,,,,,,,,,,,,,,,,,,,,,,,,,,,None,Continue,0,None,7401449.712604,,0,0,1,1,8722.497772,8722.497772,5.729482,11883222.65625,8.887851,1082.212201,29.438075,-0.2963,326.594183,8,-0.152761,0.841089,,,,,,1,1,0,1,1,0.671512,0,0,0
137.699997,ASCENT,7,0,1,None,Holding,0,56139.984339,2090.405136,1827.770419,984.822554,852.510055,5.659164,58761.956876,214194.347836,3.499012,7381736.816406,1.726583,0.008617,0.829446,,0,0,0,0,0.005871,0.008617,0.007732,-0.045012,0.036047,0.00888,11846.320899,11846.329811,0.443011,0.058012,0.03859,308.699835,75507.859375,370.366852,75508.625,0,109.72871,-6189.915541,46.164291,354.412975,1,1.000806,0,0,0,30.880996,43.017854,GravityTurn,,,,,,,,,,,,,,,,,,,,,,,,,,,None,Continue,0,None,7380348.077161,,0,0,1,1,8717.01947,8717.01947,5.740087,11883230.46875,8.891788,1083.565236,29.451334,-0.2963,326.594183,8,-0.152761,0.841089,,,,,,1,1,0,1,1,0.672101,0,0,0
137.979997,ASCENT,7,0,1,None,Holding,0,56396.302788,2098.041364,1835.333665,987.020092,833.705115,5.690565,59159.868774,213569.134213,3.498172,7307855.957031,1.780483,0.008692,0.829884,,0,0,0,0,0.003267,0.008692,0.008776,0.004262,0.054961,-0.00166,11817.978575,11818.013212,0.502819,-0.010565,0.070274,307.748607,75256.3125,369.318878,75257.070313,0,110.256467,-6188.386682,46.192748,354.448694,1,1.000806,0,0,0,30.755019,43.019427,GravityTurn,,,,,,,,,,,,,,,,,,,,,,,,,,,None,Continue,0,None,7359182.548599,,0,0,1,1,8704.688538,8704.688538,5.763989,11883246.09375,8.895976,1084.915597,29.461311,-0.2963,326.594183,8,-0.152761,0.841089,,,,,,1,1,0,1,1,0.672452,0,0,0
138.239997,ASCENT,7,0,1,None,Holding,0,56653.184587,2105.683037,1842.902153,989.203221,815.213236,5.722235,59559.714165,212945.30914,3.497634,7311312.011719,1.834578,0.008764,0.826671,,0,0,0,0,0.002377,0.008764,0.009406,0.032569,-0.086701,0.01626,11798.384113,11798.407387,0.538931,0.095594,-0.089958,306.824844,74996.34375,368.266754,74997.101563,0,110.784213,-6186.848177,46.221087,354.484305,1,1.000806,0,0,0,30.629222,43.021007,GravityTurn,,,,,,,,,,,,,,,,,,,,,,,,,,,None,Continue,0,None,7337306.647666,,0,0,1,1,8699.212799,8699.212799,5.774688,11883251.953125,8.900426,1086.263281,29.472243,-0.2963,326.594183,8,-0.152761,0.841089,,,,,,1,1,0,1,1,0.671439,0,0,0
138.499997,ASCENT,7,0,1,None,Holding,0,56910.638869,2113.328448,1850.475769,991.371284,797.033752,5.754183,59961.504616,212323.193051,3.498886,7282270.996094,1.890024,0.008777,0.821216,,0,0,0,0,0.006209,0.008777,0.008935,0.008049,-0.166345,0.008837,11780.223425,11780.287541,0.511962,0.05572,-0.172424,306.118749,74771.125,367.235657,74771.890625,0,111.311867,-6185.30031,46.249568,354.520053,1,1.000806,0,0,0,30.503607,43.022596,GravityTurn,,,,,,,,,,,,,,,,,,,,,,,,,,,None,Continue,0,None,7315839.527296,,0,0,1,1,8687.56427,8687.56427,5.797438,11883265.625,8.905163,1087.608285,29.483416,-0.2963,326.594183,8,-0.152761,0.841089,,,,,,1,1,0,1,1,0.671024,0,0,0
138.759997,ASCENT,7,0,1,None,Holding,0,57168.65027,2120.979899,1858.050705,993.522402,779.162394,5.786396,60365.231794,211702.999569,3.498327,7266458.496094,1.947744,0.008691,0.817658,,0,0,0,0,0.011319,0.008691,0.011034,0.118436,0.039411,0.012207,11762.249538,11762.30055,0.632177,0.078037,0.02826,305.209222,74509.164063,366.187042,74509.9375,0,111.839207,-6183.742306,46.277217,354.554716,1,1.000806,0,0,0,30.378234,43.024192,GravityTurn,,,,,,,,,,,,,,,,,,,,,,,,,,,None,Continue,0,None,7295048.269962,,0,0,1,1,8681.395508,8681.395508,5.809518,11883272.460938,8.910196,1088.950609,29.493001,-0.2963,326.594183,8,-0.152761,0.841089,,,,,,1,1,0,1,1,0.670174,0,0,0
138.999997,ASCENT,7,0,1,None,Holding,0,57427.222506,2128.63009,1865.627398,995.661383,761.594277,5.818868,60770.90907,211084.652402,3.498183,7248131.347656,2.003089,0.008684,0.813887,,0,0,0,0,0.012532,0.008684,0.009567,0.044558,-0.018129,0.005007,11740.612363,11740.657101,0.548122,0.018836,-0.041894,304.241963,74268.390625,365.142059,74269.15625,0,112.366723,-6182.176353,46.305189,354.589826,1,1.000806,0,0,0,30.253096,43.025796,GravityTurn,,,,,,,,,,,,,,,,,,,,,,,,,,,None,Continue,0,None,7273711.237028,,0,0,1,1,8669.743958,8669.743958,5.832403,11883284.179688,8.915527,1090.290253,29.503333,-0.2963,326.594183,8,-0.152761,0.841089,,,,,,1,1,0,1,1,0.669789,0,0,0
139.259997,ASCENT,7,0,1,None,Holding,0,57686.348578,2136.287354,1873.210619,997.78126,744.325641,5.851596,61178.530806,210467.922665,3.499115,7240029.785156,2.048907,0.009038,0.805086,,0,0,0,0,0.009769,0.009038,0.005004,-0.203211,-0.073858,0.010893,11726.530571,11726.584126,0.286704,0.06891,-0.094834,303.602589,74018.835938,364.131256,74019.617188,0,112.89367,-6180.599713,46.333071,354.624699,1,1.000806,0,0,0,30.128111,43.027408,GravityTurn,,,,,,,,,,,,,,,,,,,,,,,,,,,None,Continue,0,None,7252916.425565,,0,0,1,1,8663.578247,8663.578247,5.844556,11883291.015625,8.921118,1091.627212,29.516046,-0.2963,326.594183,8,-0.152761,0.841089,,,,,,1,1,0,1,1,0.670301,0,0,0
139.539997,ASCENT,7,0,1,None,Holding,0,57946.016265,2143.94314,1880.790628,999.887997,727.352517,5.884574,61588.097777,209853.497006,3.49877,7207814.941406,2.123208,0.008356,0.804503,,0,0,0,0,0.018498,0.008356,0.008904,0.027581,-0.219461,0.024809,11701.999976,11702.066545,0.510149,0.148683,-0.28259,302.654839,73774.789063,363.075409,73775.554688,0,113.420649,-6179.015009,46.360492,354.658874,1,1.000806,0,0,0,30.00344,43.029028,GravityTurn,,,,,,,,,,,,,,,,,,,,,,,,,,,None,Continue,0,None,7232237.853403,,0,0,1,1,8652.61496,8652.61496,5.866185,11883302.734375,8.92705,1092.961492,29.525555,-0.2963,326.594183,8,-0.152761,0.841089,,,,,,1,1,0,1,1,0.67016,0,0,0
139.799997,ASCENT,7,0,1,None,Holding,0,58206.238486,2151.60314,1888.372215,1001.958296,710.665912,5.917785,61999.619836,209240.688778,3.497814,7158714.84375,2.167475,0.004132,0.801838,,0,0,0,0,0.121921,0.004132,0.005603,0.073934,0.074674,-0.005082,11678.99312,11678.980421,0.32105,-0.031866,0.07738,301.768201,73530.960938,362.02475,73531.6875,0,113.945106,-6177.418306,46.387708,354.692837,1,1.000806,0,0,0,30,43.030656,GravityTurn,,,,,,,,,,,,,,,,,,,,,,,,,,,None,Continue,0,None,7210807.26303,,0,0,1,1,8640.965881,8640.965881,5.889288,11883314.453125,8.933302,1094.293073,29.535133,-0.2963,326.594183,8,-0.152761,0.841089,,,,,,1,1,0,1,1,0.669821,0,0,0
140.059997,ASCENT,7,0,1,None,Holding,0,58467.007894,2159.272309,1895.960932,1004.012189,694.263038,5.95123,62413.083144,208629.375912,3.499047,7157346.679688,2.155311,0.001356,0.796548,,0,0,0,0,0.180088,0.001356,0.003764,0.120708,0.085837,0.005796,11663.273072,11663.318555,0.215668,0.04813,0.10962,301.059577,73269.742188,361.032074,73270.515625,0,114.469231,-6175.810587,46.414555,354.726303,1,1.000806,0,0,0,30,43.032292,GravityTurn,,,,,,,,,,,,,,,,,,,,,,,,,,,None,Continue,0,None,7189719.832428,,0,0,1,1,8634.793732,8634.793732,5.901566,11883319.335938,8.939665,1095.621936,29.546035,-0.2963,326.594183,8,-0.152761,0.841089,,,,,,1,1,0,1,1,0.668894,0,0,0
140.319997,ASCENT,7,0,1,None,Holding,0,58728.228885,2163.580533,1900.160989,1004.389181,677.107678,5.983044,62828.322533,122935.013689,2.634735,0,2.12708,-0.368022,0,,1,0,0,-1,10.126982,-0.368022,0.003793,0.125355,-0.000037,-0.000157,39778.521903,45010.154444,0.217343,-0.032282,0.04753,5974.222709,1680.589355,208.250076,1681.348999,12254.803419,114.801783,-6174.810828,46.431466,354.747334,1,1.000806,0,0,0,90,43.033935,Coast,,,,,,,,,,,,,,,,,,,,,,,,,,,None,Continue,0,None,7177029.180681,,0,0,1,1,7594.938477,503.977051,0,0,8.943483,1096.438354,29.550029,-0.2963,326.594183,8,-0.152761,0.841089,49032.060189,69.893632,0.334786,,,1,0,0,0.999831,0.999831,0.669555,62073.355469,71223.21875,12410.074219
140.579997,ASCENT,7,0,1,None,Holding,0,58989.110575,2163.031712,1899.458099,1002.339784,656.329572,5.994034,63243.997247,122933.422007,0.518101,0,2.136254,-0.415699,0,,1,0,0,-1,10.135907,-0.415699,0.004594,0.099909,-0.000864,-0.000096,56390.12548,64550.367912,0.263227,-0.035528,-0.132201,10775.298473,1679.781982,208.248474,1680.541138,14861.436531,114.838503,-6174.69878,46.433331,354.749656,1,1.000806,0,0,0,90,43.03558,Coast,,,,,,,,,,,,,,,,,,,,,,,,,,,None,Continue,0,None,7177029.180681,,0,0,1,1,7594.919281,503.742035,0.788052,934039.672852,8.943483,1096.438354,29.550029,-0.2963,326.594183,8,-0.152761,0.841089,49010.966771,69.590318,0.334845,,,1,0,0,0.999172,0.999172,0.668946,62032.101563,71183.21875,12415.65625
140.839997,ASCENT,7,0,1,None,Holding,0,59249.380676,2161.883781,1898.150332,999.987247,635.080218,5.99988,63659.637835,122931.894697,0.004964,0,2.135743,-0.463034,0,,1,0,0,-1,10.134585,-0.463034,0.004628,0.103469,-0.000871,-0.000102,60614.974002,69526.890884,0.265188,-0.042386,-0.063833,11998.658158,1680.570313,208.246094,1681.32959,14861.509889,114.839128,-6174.696399,46.433371,354.749706,1,1.000806,0,0,0,90,43.037226,Coast,,,,,,,,,,,,,,,,,,,,,,,,,,,None,Continue,0,None,7177029.180681,,0,0,1,1,7595.01825,503.460632,0.788144,934042.907715,8.943483,1096.438354,29.550029,-0.2963,326.594183,8,-0.152761,0.841089,49040.844787,69.583448,0.334838,,,1,0,0,0.998654,0.998654,0.669017,62058.707031,71248.804688,12411.287109
141.099997,ASCENT,7,0,1,None,Holding,0,59509.033821,2160.737029,1896.843907,997.635439,614.50921,6.005782,64075.234924,122930.202879,0.004705,0,2.143588,-0.51068,0,,1,0,0,-1,10.141891,-0.51068,0.004043,0.111835,-0.001066,-0.000101,61687.794788,70794.796069,0.231673,-0.042665,-0.067985,12304.264315,1679.576538,208.243668,1680.335815,23616.608769,114.839808,-6174.694322,46.433406,354.749749,1,1.000806,0,0,0,90,43.038871,Coast,,,,,,,,,,,,,,,,,,,,,,,,,,,None,Continue,0,None,7177029.180681,,0,0,1,1,7595.107727,503.088684,0.788239,934046.264648,8.943483,1096.438354,29.550029,-0.2963,326.594183,8,-0.152761,0.841089,49014.976311,69.725027,0.334804,,,1,0,0,0.998023,0.998023,0.669367,62048.015625,71219.382813,12408.619141
141.359997,ASCENT,7,0,1,None,Holding,0,59768.081565,2159.593643,1895.540871,995.283354,594.586721,6.011726,64490.80143,122928.67557,0.004772,0,2.142985,-0.558113,0,,1,0,0,-1,10.141591,-0.558113,0.004717,0.121851,-0.001682,-0.000152,61960.571881,71113.799367,0.270288,-0.065114,-0.241648,12384.547907,1680.991455,208.24115,1681.750366,14861.647487,114.840437,-6174.691918,46.433446,354.749799,1,1.000806,0,0,0,90,43.040516,Coast,,,,,,,,,,,,,,,,,,,,,,,,,,,None,Continue,0,None,7177029.180681,,0,0,1,1,7595.159302,502.938599,0.788291,934047.851563,8.943483,1096.438354,29.550029,-0.2963,326.594183,8,-0.152761,0.841089,49058.074245,69.587083,0.334784,,,1,0,0,0.997505,0.997505,0.670319,62101.832031,71279.867188,12412.700195
141.599997,ASCENT,7,0,1,None,Holding,0,60026.509737,2158.45212,1894.239841,992.931576,575.28332,6.017705,64906.321742,122927.111067,0.004947,0,2.153474,-0.605862,0,,1,0,0,-1,10.150461,-0.605862,0.005212,0.132047,-0.001302,-0.000175,62033.328474,71189.788598,0.298613,-0.075045,-0.005386,12409.534062,1679.795776,208.237976,1680.555176,23615.629941,114.841081,-6174.68961,46.43349,354.749937,1,1.000806,0,0,0,90,43.042161,Coast,,,,,,,,,,,,,,,,,,,,,,,,,,,None,Continue,0,None,7177029.180681,,0,0,1,1,7595.262299,502.638275,0.788378,934050.90332,8.943483,1096.438354,29.550029,-0.2963,326.594183,8,-0.152761,0.841089,49006.876393,70.0792,0.334777,,,1,0,0,0.996958,0.996958,0.670236,62064.324219,71210.5625,12418.15625
141.879997,ASCENT,7,0,1,None,Holding,0,60284.336293,2157.31309,1892.941447,990.580703,556.575473,6.023688,65321.816664,122925.464071,0.004921,0,2.165594,-0.653726,0,,1,0,0,-1,10.161679,-0.653726,0.004782,0.142293,-0.001499,-0.000182,62051.891502,71205.371373,0.274007,-0.077816,0.022122,12414.252311,1680.25061,208.235306,1681.009644,14861.774728,114.841804,-6174.687315,46.433533,354.749907,1,1.000806,0,0,0,90,43.043807,Coast,,,,,,,,,,,,,,,,,,,,,,,,,,,None,Continue,0,None,7177029.180681,,0,0,1,1,7595.286407,502.453888,0.788425,934052.185059,8.943483,1096.438354,29.550029,-0.2963,326.594183,8,-0.152761,0.841089,49013.52311,69.615786,0.334793,,,1,0,0,0.996356,0.996356,0.670134,62054.121094,71208.578125,12415.518555
142.139997,ASCENT,7,0,1,None,Holding,0,60541.55354,2156.122855,1891.605727,988.197645,538.440442,6.029606,65737.262122,122923.936762,0.028659,0,2.179372,-0.698961,0,,1,0,0,-1,10.115519,-0.698961,-0.005832,0.149752,-0.018866,0.001025,62066.932402,71223.148619,-0.334166,0.43855,-4.305174,12414.145362,1680.412354,208.232971,1681.171387,14861.818552,114.838777,-6174.69418,46.435879,354.752831,1,1.000806,0,0,0,90,43.045452,Coast,,,,,,,,,,,,,,,,,,,,,,,,,,,None,Continue,0,None,7177029.180681,,0,0,1,1,7595.399597,502.115906,0.788524,934055.358887,8.943483,1096.438354,29.550029,-0.2963,326.594183,8,-0.152761,0.841089,49049.270031,69.774413,0.334825,,,1,0,0,0.995837,0.995837,0.669342,62092.449219,71237.085938,12412.019531
142.399997,ASCENT,7,0,1,None,Holding,0,60798.195044,2155.893828,1891.221974,986.289028,520.993884,6.036217,66152.702842,122887.662508,0.229156,933824.035645,2.62028,-0.903249,1,,1,0,0,-1,25.438656,-0.903249,-0.008576,0.192437,-0.163768,0.001042,62286.170782,71453.353816,-0.491391,0.445991,-4.338867,12411.724498,1678.855225,208.183487,1679.613892,18100.084513,114.891208,-6174.524904,46.438068,354.755559,1,1.000806,0,371.953676,6338.165325,90,43.046338,S2Burn,,,,,,,,,,,,,,,,,,,,,,,,,,,None,Continue,0,None,4423722.74601,,0,0,1,1,7594.71701,501.732635,0.788838,934058.166504,8.944607,1097.242751,30.595911,-0.2963,326.594183,,-0.152761,0.841089,48995.46796,69.771886,0.334797,,,1,1,0,0.995143,0.995143,0.666793,62043.75,71183.445313,12410.853516
142.659997,ASCENT,7,0,1,None,Holding,0,61054.467185,2156.729444,1891.901614,984.888496,504.941738,6.047989,66568.490151,122812.756635,0.741052,931903.442383,3.178168,-0.839542,1,,1,0,0,-1,23.593715,-0.839542,-0.023225,0.17508,-0.177594,0.00103,62474.286203,71641.787059,-1.330692,0.441014,-3.489824,12412.937986,1679.096436,208.05864,1679.854858,17586.983889,115.003032,-6174.158257,46.441801,354.760211,1,1.000806,0,371.198788,6287.674802,90,43.046338,S2Burn,,,,,,,,,,,,,,,,,,,,,,,,,,,None,Continue,0,None,1919121.607898,,0,0,1,1,7593.423096,501.527588,0.789216,934059.570313,8.947203,1098.547936,31.277553,-0.2963,326.594183,,-0.152761,0.841089,49040.174312,69.929435,0.33478,,,1,1,0,0.994516,0.994517,0.666299,62078.5,71237.8125,12415.012695
142.919997,ASCENT,7,0,1,None,Holding,0,61310.403279,2157.564435,1892.576382,983.492098,489.42902,6.060253,66984.667125,122738.480188,0.778558,934462.158203,3.724012,-0.861636,1,,0,0,0,0,23.875846,-0.861636,-0.035897,0.33063,-0.371296,0,33435.272663,38303.247689,-2.056745,0.435082,-2.858973,0,1677.650269,207.935608,1678.408569,0,115.115107,-6173.792273,46.444677,354.763796,1,1.000806,0,369.97135,6279.21888,90,43.046338,S2Burn,,,,,,,,,,,,,,,,,,,,,,,,,,,None,Continue,0,None,1208611.396563,,0,0,1,1,7590.959015,501.254425,0.789931,934062.37793,8.950828,1099.8507,31.277553,-0.2963,326.594183,,-0.152761,0.841089,,,,,,1,1,0,0.994128,0.994128,0.666625,0,0,0
143.179997,ASCENT,7,0,1,None,Holding,0,61566.017481,2158.394723,1893.231858,982.052203,474.353888,6.072466,67401.210008,122665.276147,0.773784,935663.024902,3.920686,-0.88069,1,,0,0,0,0,23.895149,-0.88069,-0.074994,1,-1,0,8850.872848,10087.086514,-4.296837,0.433078,-0.360331,0,1677.862427,207.813263,1678.620605,0,115.222227,-6173.42276,46.445638,354.764993,1,1.000806,0,369.378965,6277.372988,90,43.046338,S2Burn,,,,,,,,,,,,,,,,,,,,,,,,,,,None,Continue,0,None,1004523.66213,,0,0,1,1,7589.479858,501.254761,0.790339,934063.903809,8.95535,1101.151032,31.279625,-0.2963,326.594183,,-0.152761,0.841089,,,,,,1,1,0,0.994128,0.994128,0.667332,0,0,0
143.419997,ASCENT,7,0,1,None,Holding,0,61821.396745,2159.230043,1893.886314,980.602181,459.70977,6.084652,67818.12431,122591.590978,0.774167,935090.454102,3.767713,-0.868006,1,,1,0,0,0,22.892552,-0.868006,-0.137884,0.279445,-0.255255,0.00176,34971.583257,40062.139116,-7.900172,0.39403,2.98612,6474.409164,1677.312378,207.690369,1678.070923,0,115.328092,-6173.051032,46.445699,354.765153,1,1.000806,0,369.356568,6275.197668,90,43.046338,S2Burn,,,,,,,,,,,,,,,,,,,,,,,,,,,None,Continue,0,None,951882.604074,,0,0,1,1,7587.231384,501.135681,0.790966,934066.162109,8.959799,1102.448881,31.286708,-0.2963,326.594183,,-0.152761,0.841089,,,,,,1,1,0,0.993875,0.993875,0.666341,62066.199219,71235.148438,12409.772461
143.699997,ASCENT,7,0,1,None,Holding,0,62076.472206,2160.056261,1894.561443,979.307264,445.500267,6.096896,68235.344164,122518.232919,0.773768,932514.099121,4.463247,-0.831158,1,,1,0,0,0,21.295756,-0.831158,-0.157659,0.162213,-0.168425,0.001026,55523.373779,63651.574406,-9.033189,0.387056,4.290141,10901.86331,1675.798218,207.568283,1676.556763,2385.30932,115.450483,-6172.698317,46.448305,354.768318,1,1.000806,0,369.788791,6275.051319,90,43.046338,S2Burn,,,,,,,,,,,,,,,,,,,,,,,,,,,None,Continue,0,None,940359.687586,,0,0,1,1,7585.893616,501.11676,0.791333,934067.443848,8.964729,1103.744366,31.294256,-0.2963,326.594183,,-0.152761,0.841089,,,,,,1,1,0,0.993799,0.993799,0.665166,62020.484375,71174.632813,12414.113281
143.959997,ASCENT,7,0,1,None,Holding,0,62331.25478,2160.87144,1895.238897,978.093761,431.707277,6.109174,68652.928072,122444.846727,0.775171,934590.576172,6.328898,-0.770238,1,,1,0,0,0,19.61095,-0.770238,-0.170453,0.132061,-0.161567,0.000917,60743.587328,69638.761167,-9.766228,0.381703,4.918396,12028.337821,1676.003906,207.446198,1676.762451,2213.693617,115.581439,-6172.357062,46.451791,354.772663,1,1.000806,0,368.986085,6272.53787,90,43.046338,S2Burn,,,,,,,,,,,,,,,,,,,,,,,,,,,None,Continue,0,None,936559.907164,,0,0,1,1,7583.657013,501.070099,0.791954,934069.519043,8.973606,1105.037634,31.30104,-0.2963,326.594183,,-0.152761,0.841089,,,,,,1,1,0,0.993714,0.993714,0.665208,62069.050781,71212.320313,12413.116211
144.219997,ASCENT,7,0,1,None,Holding,0,62585.743192,2161.668075,1895.910578,976.955506,418.315153,6.121451,69070.845853,122371.478654,0.775275,931560.48584,8.856028,-0.69713,1,,1,0,0,0,17.947007,-0.69713,-0.181793,0.111031,-0.162133,0.000857,62066.175419,71162.769262,-10.415986,0.365291,5.842924,12314.952263,1675.733887,207.324219,1676.492065,2384.243768,115.720251,-6172.028368,46.456091,354.778023,1,1.000806,0,369.568174,6272.410788,90,43.046338,S2Burn,,,,,,,,,,,,,,,,,,,,,,,,,,,None,Continue,0,None,934706.596249,,0,0,1,1,7581.271423,501.018982,0.792617,934071.716309,8.991407,1106.32879,31.30642,-0.2963,326.594183,,-0.152761,0.841089,,,,,,1,1,0,0.993625,0.993625,0.665364,62040.03125,71223.828125,12414.717773
144.479997,ASCENT,7,0,1,None,Holding,0,62839.946776,2162.439642,1896.570903,975.89421,405.308667,6.133701,69489.07706,122298.135854,0.775249,931317.260742,11.79851,-0.60194,1,,1,0,0,0,16.43996,-0.60194,-0.192868,0.087633,-0.163824,0.000837,62404.289611,71547.360009,-11.050526,0.359436,6.516105,12387.377219,1675.259644,207.201126,1676.018677,2220.544731,115.867076,-6171.713957,46.461289,354.784503,1,1.000806,0,369.399573,6270.679621,90,43.046338,S2Burn,,,,,,,,,,,,,,,,,,,,,,,,,,,None,Continue,0,None,933469.899839,,0,0,1,1,7580.07605,500.992065,0.792949,934072.753906,9.024268,1107.617943,31.312256,-0.2963,326.594183,,-0.152761,0.841089,,,,,,1,1,0,0.993532,0.993532,0.663324,62081.195313,71220.4375,12412.671875
144.739997,ASCENT,7,0,1,None,Holding,0,63093.876072,2163.177464,1897.212748,974.909727,392.675302,6.145907,69907.597593,122224.796392,0.775709,935069.458008,15.042306,-0.484239,1,,1,0,0,0,15.335873,-0.484239,-0.200775,0.0606,-0.163768,0.000839,62490.77812,71646.193579,-11.503574,0.360702,7.182432,12406.113321,1674.130981,207.079514,1674.889404,2057.6162,116.021857,-6171.415872,46.467582,354.792346,1,1.000806,0,368.045253,6266.915324,90,43.046338,S2Burn,,,,,,,,,,,,,,,,,,,,,,,,,,,None,Continue,0,None,932608.99652,,0,0,1,1,7577.535278,500.936157,0.79366,934074.890137,9.079491,1108.905205,31.318942,-0.2963,326.594183,,-0.152761,0.841089,,,,,,1,1,0,0.993441,0.993441,0.66271,62054.308594,71194.179688,12414.738281
144.979997,ASCENT,7,0,1,None,Holding,0,63347.55076,2163.871296,1897.826736,974.000453,380.4005,6.15804,70326.403431,122151.454069,0.776094,932506.469727,18.541108,-0.353219,1,,1,0,0,0,14.718111,-0.353219,-0.207966,0.031044,-0.160416,0.000851,62503.5683,71661.828863,-11.915571,0.366309,7.987777,12410.565745,1673.999023,206.956985,1674.757446,2317.420255,116.184385,-6171.136375,46.475056,354.801744,1,1.000806,0,368.528031,6266.258742,90,43.046338,S2Burn,,,,,,,,,,,,,,,,,,,,,,,,,,,None,Continue,0,None,931999.372046,,0,0,1,1,7576.486908,500.913177,0.793951,934075.805664,9.165519,1110.190695,31.32557,-0.2963,326.594183,,-0.152761,0.841089,,,,,,1,1,0,0.993348,0.993348,0.663069,62034.277344,71189.789063,12414.74707
145.259997,ASCENT,7,0,1,None,Holding,0,63600.969,2164.511141,1898.404247,973.164412,368.470481,6.170073,70745.458254,122078.083135,0.777081,932832.214355,22.243223,-0.201817,1,,1,0,0,0,14.944341,-0.201817,-0.214494,-0.002707,-0.154772,0.000875,62511.195042,71670.000406,-12.289577,0.376992,8.69061,12411.910094,1673.037231,206.834915,1673.796509,2230.229359,116.354406,-6170.877639,46.483894,354.812671,1,1.000806,0,368.195626,6265.095929,90,43.046338,S2Burn,,,,,,,,,,,,,,,,,,,,,,,,,,,None,Continue,0,None,931648.731448,,0,0,1,1,7574.088287,500.859772,0.794617,934077.636719,9.291911,1111.474534,31.33291,-0.2963,326.594183,,-0.152761,0.841089,,,,,,1,1,0,0.993257,0.993257,0.663662,62031.3125,71196.882813,12417.251953
145.519997,ASCENT,7,0,1,None,Holding,0,63854.149299,2165.083063,1898.931909,972.394214,356.870181,6.181962,71164.750395,122004.718877,0.777769,934308.837891,26.11535,-0.030136,1,,1,0,0,0,16.099007,-0.030136,-0.217818,-0.040053,-0.145639,0.000883,62511.026163,71671.386359,-12.480063,0.380814,9.541726,12412.120854,1671.712524,206.712234,1672.471313,2029.53625,116.53108,-6170.642199,46.494184,354.825487,1,1.000806,0,367.524727,6262.309204,90,43.046338,S2Burn,,,,,,,,,,,,,,,,,,,,,,,,,,,None,Continue,0,None,931457.760976,,0,0,1,1,7571.536621,500.806641,0.795325,934079.589844,9.468641,1112.756845,31.339129,-0.2963,326.594183,,-0.152761,0.841089,,,,,,1,1,0,0.993171,0.993171,0.664378,62029.1875,71165.023438,12419.217773
145.759997,ASCENT,7,0,1,None,Holding,0,64107.099388,2165.574954,1899.39772,971.68135,345.585849,6.193668,71584.254864,121931.377508,0.778334,933228.637695,30.088161,0.155329,1,,1,0,0,0,17.967835,0.155329,-0.218194,-0.079727,-0.134257,0.000907,62507.095536,71664.484701,-12.501575,0.391123,10.137568,12412.470551,1671.907471,206.590439,1672.665894,1805.997612,116.713442,-6170.432043,46.50597,354.840245,1,1.000806,0,367.53644,6261.024879,90,43.046338,S2Burn,,,,,,,,,,,,,,,,,,,,,,,,,,,None,Continue,0,None,931320.392258,,0,0,1,1,7570.337921,500.78421,0.795654,934080.505371,9.705837,1114.037747,31.345072,-0.2963,326.594183,,-0.152761,0.841089,,,,,,1,1,0,0.993096,0.993097,0.664969,62024.554688,71179.96875,12412.958984
146.019997,ASCENT,7,0,1,None,Holding,0,64359.823557,2165.973998,1899.789171,971.015664,334.603521,6.205151,72003.949931,121858.049013,0.778766,931339.355469,34.198751,0.355467,1,,1,0,0,0,20.412944,0.355467,-0.215684,-0.121895,-0.117578,0.000913,62508.503689,71664.761197,-12.357804,0.394029,11.196879,12412.315363,1671.745361,206.468094,1672.504517,1677.84442,116.900362,-6170.249156,46.519346,354.856892,1,1.000806,0,367.80935,6261.076722,90,43.046338,S2Burn,,,,,,,,,,,,,,,,,,,,,,,,,,,None,Continue,0,None,931194.754273,,0,0,1,1,7568.089661,500.748352,0.796284,934082.092285,10.014024,1115.317356,31.350669,-0.2963,326.594183,,-0.152761,0.841089,,,,,,1,1,0,0.993031,0.993031,0.665663,62042.675781,71188.296875,12410.591797
146.279997,ASCENT,7,0,1,None,Holding,0,64612.31496,2166.267769,1900.094027,970.384351,323.911957,6.216382,72423.804654,121784.737684,0.778991,931949.157715,38.368974,0.572826,1,,1,0,0,0,23.394646,0.572826,-0.211973,-0.167481,-0.099438,0.000948,62516.923134,71673.33804,-12.145162,0.40935,11.544683,12411.270888,1671.866943,206.344818,1672.626709,2113.193802,117.090412,-6170.095148,46.534427,354.875652,1,1.000806,0,367.404493,6258.970656,90,43.046338,S2Burn,,,,,,,,,,,,,,,,,,,,,,,,,,,None,Continue,0,None,931064.831511,,0,0,1,1,7566.891663,500.729065,0.796614,934082.885742,10.403545,1116.595781,31.355322,-0.2963,326.594183,,-0.152761,0.841089,,,,,,1,1,0,0.992956,0.992956,0.666461,62089.78125,71233.296875,12406.441406
146.539997,ASCENT,7,0,1,None,Holding,0,64864.582317,2166.446114,1900.301704,969.77439,313.516086,6.227499,72843.798102,121711.393453,0.779428,934461.181641,42.565008,0.805206,1,,1,0,0,0,26.74885,0.805206,-0.205441,-0.215475,-0.076396,0.000972,62505.824965,71662.738182,-11.770885,0.420111,12.180941,12411.401614,1669.996338,206.223557,1670.755615,2650.062319,117.282171,-6169.971067,46.551245,354.896559,1,1.000806,0,366.425363,6255.571468,90,43.046338,S2Burn,,,,,,,,,,,,,,,,,,,,,,,,,,,None,Continue,0,None,930922.060963,,0,0,1,1,7564.640198,500.684143,0.797241,934084.411621,10.883964,1117.873121,31.360886,-0.2963,326.594183,,-0.152761,0.841089,,,,,,1,1,0,0.992862,0.992862,0.667392,62047.03125,71199.257813,12409.631836
146.819997,ASCENT,7,0,1,None,Holding,0,65116.634068,2166.500146,1900.403031,969.171408,303.407033,6.238515,73263.921691,121637.966253,0.780491,934455.200195,46.724318,1.043077,1,,1,0,0,0,30.150804,1.043077,-0.193142,-0.263592,-0.04913,0.000984,62505.538392,71656.661736,-11.066227,0.425326,12.738349,12410.744109,1670.139648,206.102463,1670.897583,3318.920707,117.47406,-6169.87751,46.569884,354.919632,1,1.000806,0,366.252043,6254.122491,90,43.046338,S2Burn,,,,,,,,,,,,,,,,,,,,,,,,,,,None,Continue,0,None,930884.718474,,0,0,1,1,7562.079193,500.614349,0.797958,934086.05957,11.463863,1119.149463,31.366671,-0.2963,326.594183,,-0.152761,0.841089,,,,,,1,1,0,0.99274,0.99274,0.668839,62016.140625,71176.0625,12403.988281
147.079997,ASCENT,7,0,1,None,Holding,0,65368.456192,2166.422978,1900.389815,968.558788,293.573598,6.249379,73684.138168,121564.502813,0.78102,933074.09668,50.827885,1.287642,1,,1,0,0,0,33.627223,1.287642,-0.180578,-0.312981,-0.017453,0.000963,62494.089609,71650.113602,-10.346334,0.416598,13.195124,12412.030595,1669.408569,205.979172,1670.167358,3992.674712,117.66427,-6169.814358,46.590306,354.944985,1,1.000806,0,366.364532,6253.810717,90,43.046338,S2Burn,,,,,,,,,,,,,,,,,,,,,,,,,,,None,Continue,0,None,930911.792071,,0,0,1,1,7560.719574,500.568207,0.798335,934086.914063,12.149162,1120.424879,31.3716,-0.2963,326.594183,,-0.152761,0.841089,,,,,,1,1,0,0.992591,0.992591,0.67115,62026.359375,71164.96875,12411.786133
147.339997,ASCENT,7,0,1,None,Holding,0,65620.050351,2166.211156,1900.257561,967.921239,284.00916,6.260058,74104.435182,121490.975477,0.781916,932370.361328,54.778982,1.535146,1,,1,0,0,0,37.059595,1.535146,-0.163262,-0.361889,0.017637,0.000994,62501.837161,71649.426376,-9.354233,0.430148,13.37875,12412.680495,1668.872314,205.857361,1669.630371,4569.431577,117.851152,-6169.780807,46.612527,354.972546,1,1.000806,0,366.279657,6253.420775,90,43.046338,S2Burn,,,,,,,,,,,,,,,,,,,,,,,,,,,None,Continue,0,None,930969.275662,,0,0,1,1,7558.44635,500.479065,0.798961,934088.256836,12.943639,1121.699424,31.376514,-0.2963,326.594183,,-0.152761,0.841089,,,,,,1,1,0,0.992416,0.992416,0.67332,62081.601563,71194.171875,12413.759766
147.599997,ASCENT,7,0,1,None,Holding,0,65871.408438,2165.864762,1900.004827,967.243555,274.707677,6.270525,74524.791121,121417.422391,0.782727,933956.115723,58.50145,1.7836,1,,1,0,0,0,40.390772,1.7836,-0.137036,-0.409095,0.056298,0.001022,62496.420548,71647.702487,-7.851603,0.442665,13.444748,12411.097359,1668.134277,205.734024,1668.893066,5141.220057,118.033074,-6169.775216,46.636506,355.002263,1,1.000806,0,365.597563,6251.547182,90,43.046338,S2Burn,,,,,,,,,,,,,,,,,,,,,,,,,,,None,Continue,0,None,931091.088698,,0,0,1,1,7556.01532,500.365906,0.799635,934089.72168,13.847827,1122.973136,31.380219,-0.2963,326.594183,,-0.152761,0.841089,,,,,,1,1,0,0.992217,0.992217,0.675318,62021.386719,71180.273438,12410.661133
147.859997,ASCENT,7,0,1,None,Holding,0,66122.522139,2165.386784,1899.633086,966.512393,265.664307,6.280761,74945.192078,121343.815424,0.783418,932367.1875,61.972646,2.025266,1,,1,0,0,0,43.476804,2.025266,-0.112867,-0.454929,0.099351,0.001039,62498.32405,71644.846482,-6.466827,0.450124,13.544816,12411.270144,1666.381714,205.613403,1667.13855,5705.483722,118.20862,-6169.795444,46.662205,355.034078,1,1.000806,0,365.856887,6252.048283,90,43.046338,S2Burn,,,,,,,,,,,,,,,,,,,,,,,,,,,None,Continue,0,None,931229.83098,,0,0,1,1,7554.797333,500.303192,0.799972,934090.393066,14.86001,1124.246032,31.383536,-0.2963,326.594183,,-0.152761,0.841089,,,,,,1,1,0,0.991993,0.991993,0.677124,62003.109375,71161.632813,12407.383789
148.099997,ASCENT,7,0,1,None,Holding,0,66373.396321,2164.784575,1899.147859,965.7155,256.874859,6.290762,75365.635807,121270.200349,0.783879,933129.943848,65.08794,2.262115,1,,1,0,0,0,46.315594,2.262115,-0.079379,-0.497875,0.143986,0.001017,62503.001305,71645.245033,-4.548105,0.441034,13.332879,12413.215062,1665.42395,205.489624,1666.181885,6421.105932,118.376508,-6169.838421,46.689548,355.067978,1,1.000806,0,365.348556,6250.679073,90,43.046338,S2Burn,,,,,,,,,,,,,,,,,,,,,,,,,,,None,Continue,0,None,931363.043098,,0,0,1,1,7552.203949,500.155609,0.80069,934091.73584,15.973458,1125.518111,31.385531,-0.2963,326.594183,,-0.152761,0.841089,,,,,,1,1,0,0.991747,0.991747,0.678723,61986.703125,71109.539063,12413.079102
148.379997,ASCENT,7,0,1,None,Holding,0,66624.035476,2164.067934,1898.557863,964.843954,248.335928,6.300533,75786.111876,121196.535207,0.784633,933072.08252,67.843754,2.489763,1,,1,0,0,0,48.863265,2.489763,-0.049355,-0.54021,0.190622,0.001048,62491.171041,71633.937798,-2.827858,0.454797,12.829297,12410.91517,1666.076904,205.366959,1666.835327,6946.458185,118.535836,-6169.90085,46.71856,355.103732,1,1.000806,0,365.166832,6249.585892,90,43.046338,S2Burn,,,,,,,,,,,,,,,,,,,,,,,,,,,None,Continue,0,None,931486.890435,,0,0,1,1,7549.91275,500.011383,0.801325,934092.895508,17.18077,1126.789353,31.387434,-0.2963,326.594183,,-0.152761,0.841089,,,,,,1,1,0,0.99148,0.99148,0.680103,62009.175781,71165.390625,12408.279297
148.639997,ASCENT,7,0,1,None,Holding,0,66874.397066,2163.253445,1897.877682,963.892898,240.045978,6.310093,76206.597861,121122.859575,0.785383,931670.898438,70.105154,2.700806,1,,1,0,0,0,50.915024,2.700806,-0.015574,-0.57764,0.237639,0.001047,62495.279825,71640.342964,-0.89232,0.454437,12.186502,12412.129717,1665.372437,205.244736,1666.129639,7493.834868,118.686132,-6169.978247,46.749109,355.141422,1,1.000806,0,365.370797,6249.904746,90,43.046338,S2Burn,,,,,,,,,,,,,,,,,,,,,,,,,,,None,Continue,0,None,931655.799573,,0,0,1,1,7548.536224,499.919037,0.801706,934093.566895,18.467915,1128.05972,31.388128,-0.2963,326.594183,,-0.152761,0.841089,,,,,,1,1,0,0.991194,0.991194,0.681334,62021.292969,71170.921875,12407.484375
148.899997,ASCENT,7,0,1,None,Holding,0,67124.504336,2162.356172,1897.1213,962.857476,232.002139,6.319474,76627.114718,121049.127199,0.785847,934023.010254,71.801049,2.9009,1,,1,0,0,0,52.517731,2.9009,0.025262,-0.611522,0.283289,0.001081,62486.039936,71630.641037,1.447429,0.469726,11.34235,12412.088715,1665.168823,205.121201,1665.926636,7676.414568,118.826963,-6170.066496,46.781204,355.180969,1,1.000806,0,364.354098,6248.075886,90,43.046338,S2Burn,,,,,,,,,,,,,,,,,,,,,,,,,,,None,Continue,0,None,931821.145063,,0,0,1,1,7545.935333,499.73465,0.802432,934094.848633,19.821709,1129.329159,31.389063,-0.2963,326.594183,,-0.152761,0.841089,,,,,,1,1,0,0.990893,0.990893,0.68256,62026.921875,71166.5625,12415.814453
149.159997,ASCENT,7,0,1,None,Holding,0,67374.305362,2161.400792,1896.31186,961.738465,224.203876,6.328718,77047.633331,120975.376226,0.786391,932956.481934,72.837712,3.076588,1,,1,0,0,0,53.474004,3.076588,0.068117,-0.639469,0.326617,0.001116,62496.865189,71637.806266,3.902789,0.485127,10.157718,12412.285272,1664.674438,204.997604,1665.43335,8062.686149,118.958484,-6170.159795,46.814776,355.222281,1,1.000806,0,364.494168,6248.115726,90,43.046338,S2Burn,,,,,,,,,,,,,,,,,,,,,,,,,,,None,Continue,0,None,931977.180609,,0,0,1,1,7544.555328,499.632965,0.80281,934095.52002,21.220106,1130.597602,31.389607,-0.2963,326.594183,,-0.152761,0.841089,,,,,,1,1,0,0.990579,0.990579,0.683819,62023.910156,71158.617188,12410.172852
149.419997,ASCENT,7,0,1,None,Holding,0,67623.838198,2160.410724,1895.471704,960.536957,216.64872,6.337882,77468.197509,120901.602842,0.786989,933735.961914,73.256622,3.236139,1,,1,0,0,0,53.911921,3.236139,0.114675,-0.663173,0.366874,0.00114,62491.221967,71632.070073,6.570372,0.495825,8.804129,12412.70778,1663.737793,204.875854,1664.49585,8409.299022,119.080952,-6170.252678,46.849819,355.265341,1,1.000806,0,364.06088,6247.095477,90,43.046338,S2Burn,,,,,,,,,,,,,,,,,,,,,,,,,,,None,Continue,0,None,932108.586666,,0,0,1,1,7541.945831,499.430206,0.803537,934096.618652,22.643076,1131.864965,31.390451,-0.2963,326.594183,,-0.152761,0.841089,,,,,,1,1,0,0.990248,0.990248,0.685095,62003.410156,71150.460938,12411.107422
149.659997,ASCENT,7,0,1,None,Holding,0,67873.038638,2159.412942,1894.626593,959.258567,209.336001,6.34703,77888.786479,120827.791311,0.787884,932199.707031,72.885885,3.366995,1,,1,0,0,0,53.57438,3.366995,0.164467,-0.68011,0.40301,0.001183,62493.832306,71633.418751,9.423237,0.514823,7.318196,12411.89368,1663.108521,204.751953,1663.867554,8725.679025,119.195032,-6170.339329,46.886267,355.310145,1,1.000806,0,364.330379,6247.975301,90,43.046338,S2Burn,,,,,,,,,,,,,,,,,,,,,,,,,,,None,Continue,0,None,932284.951049,,0,0,1,1,7540.716797,499.331543,0.803874,934097.229004,24.067714,1133.131156,31.391214,-0.2963,326.594183,,-0.152761,0.841089,,,,,,1,1,0,0.989906,0.989906,0.686371,62006.417969,71140.632813,12407.487305
149.939997,ASCENT,7,0,1,None,Holding,0,68121.938175,2158.43481,1893.802506,957.906402,202.262252,6.35623,78309.450534,120753.929712,0.788343,935051.452637,71.792432,3.478349,1,,1,0,0,0,52.638521,3.478349,0.209017,-0.694593,0.434602,0.001202,62485.080404,71630.012161,11.97578,0.523373,5.674764,12413.142256,1663.583008,204.629044,1664.342529,9225.998983,119.301214,-6170.413575,46.924064,355.356366,1,1.000806,0,363.186909,6245.638305,90,43.046338,S2Burn,,,,,,,,,,,,,,,,,,,,,,,,,,,None,Continue,0,None,932458.923552,,0,0,1,1,7537.945038,499.099823,0.804641,934098.327637,25.468344,1134.396067,31.392402,-0.2963,326.594183,,-0.152761,0.841089,,,,,,1,1,0,0.989548,0.989548,0.687388,62070.046875,71205.117188,12412.40332
150.199997,ASCENT,7,0,1,None,Holding,0,68370.481566,2157.507062,1893.028485,956.486337,195.425938,6.365553,78730.184368,120680.052854,0.78894,934360.961914,69.884428,3.554527,1,,1,0,0,0,50.953723,3.554527,0.258206,-0.699771,0.461329,0.001213,62482.923087,71625.952973,14.794142,0.528679,3.907218,12412.020366,1662.205811,204.506927,1662.963867,9354.785554,119.400218,-6170.468748,46.963091,355.404101,1,1.000806,0,363.155858,6245.754592,90,43.046338,S2Burn,,,,,,,,,,,,,,,,,,,,,,,,,,,None,Continue,0,None,932604.260203,,0,0,1,1,7536.865448,499.006073,0.80494,934098.754883,26.818103,1135.65958,31.39284,-0.2963,326.594183,,-0.152761,0.841089,,,,,,1,1,0,0.989179,0.989179,0.688191,62027.003906,71154.84375,12408.961914
150.459997,ASCENT,7,0,1,None,Holding,0,68618.67125,2156.659719,1892.332207,955.002965,188.823438,6.375082,79151.040259,120606.180288,0.789088,933463.928223,67.110133,3.595416,1,,1,0,0,0,48.529421,3.595416,0.308685,-0.697437,0.483466,0.001184,62475.966254,71617.645358,17.686329,0.516034,2.126127,12411.784826,1661.310425,204.383698,1662.067749,9470.305944,119.492668,-6170.498219,47.003135,355.452998,1,1.000806,0,363.279051,6245.439086,90,43.046338,S2Burn,,,,,,,,,,,,,,,,,,,,,,,,,,,None,Continue,0,None,932705.059053,,0,0,1,1,7534.396088,498.791595,0.805625,934099.731445,28.090552,1136.921566,31.393251,-0.2963,326.594183,,-0.152761,0.841089,,,,,,1,1,0,0.988808,0.988808,0.688956,61999.066406,71157.195313,12412.15332
150.719997,ASCENT,7,0,1,None,Holding,0,68866.476611,2155.927103,1891.745285,953.463258,182.451434,6.384897,79572.033715,120532.268621,0.789338,935502.380371,63.538934,3.600269,1,,1,0,0,0,45.427369,3.600269,0.360725,-0.687146,0.499512,0.001162,62473.26135,71614.901564,20.668045,0.506828,-0.064614,12412.925174,1660.567261,204.26033,1661.325806,9448.420694,119.579436,-6170.494592,47.04392,355.502717,1,1.000806,0,362.317799,6243.925097,90,43.046338,S2Burn,,,,,,,,,,,,,,,,,,,,,,,,,,,None,Continue,0,None,932736.354832,,0,0,1,1,7533.00473,498.668304,0.80601,934100.219727,29.261294,1138.18188,31.395344,-0.2963,326.594183,,-0.152761,0.841089,,,,,,1,1,0,0.98843,0.98843,0.689644,61994.179688,71137.171875,12411.858398
150.979997,ASCENT,7,0,1,None,Holding,0,69113.875824,2155.337552,1891.292219,951.868131,176.305416,6.395079,79993.197738,120458.364584,0.789788,935303.405762,59.170043,3.558405,1,,1,0,0,0,41.734498,3.558405,0.410951,-0.667197,0.512342,0.001091,62475.135786,71613.568652,23.545782,0.476467,-2.120538,12413.328832,1659.582886,204.138123,1660.340454,9449.021842,119.660734,-6170.45126,47.085022,355.552738,1,1.000806,0,362.190382,6243.714945,90,43.046338,S2Burn,,,,,,,,,,,,,,,,,,,,,,,,,,,None,Continue,0,None,932765.092752,,0,0,1,1,7530.217926,498.421051,0.806781,934101.257324,30.3073,1139.440369,31.397559,-0.2963,326.594183,,-0.152761,0.841089,,,,,,1,1,0,0.988052,0.988052,0.690184,62002.316406,71126.476563,12412.912109
151.239997,ASCENT,7,0,1,None,Holding,0,69360.86067,2154.918526,1890.995275,950.217329,170.379145,6.405684,80414.57387,120384.482481,0.789449,933863.464355,54.021893,3.467675,1,,1,0,0,0,37.597115,3.467675,0.458604,-0.638169,0.522134,0.00104,62473.750099,71614.13707,26.2761,0.454382,-4.173452,12412.10958,1660.342651,204.014511,1661.10083,9259.992093,119.736651,-6170.361699,47.125803,355.602283,1,1.000806,0,362.30528,6243.079181,90,43.046338,S2Burn,,,,,,,,,,,,,,,,,,,,,,,,,,,None,Continue,0,None,932732.628784,,0,0,1,1,7527.892365,498.21756,0.80743,934102.050781,31.209449,1140.696861,31.399823,-0.2963,326.594183,,-0.152761,0.841089,,,,,,1,1,0,0.987679,0.987679,0.690462,62034.144531,71191.164063,12413.458984
151.479997,ASCENT,7,0,1,None,Holding,0,69607.381862,2154.693376,1890.871707,948.510146,164.665847,6.416764,80836.154459,120310.63471,0.789157,932289.306641,48.160177,3.324117,1,,1,0,0,0,33.249686,3.324117,0.506165,-0.596837,0.526496,0.001038,62474.093055,71623.757042,29.00111,0.453649,-6.495842,12411.757358,1658.131226,203.891235,1658.890015,8935.866721,119.807195,-6170.220312,47.16545,355.650454,1,1.000806,0,362.631007,6242.626852,90,43.046338,S2Burn,,,,,,,,,,,,,,,,,,,,,,,,,,,None,Continue,0,None,932569.704874,,0,0,1,1,7526.653595,498.111115,0.807768,934102.416992,31.954937,1141.951171,31.403393,-0.2963,326.594183,,-0.152761,0.841089,,,,,,1,1,0,0.987315,0.987315,0.690445,61968.042969,71157.03125,12413.130859
151.759997,ASCENT,7,0,1,None,Holding,0,69853.434781,2154.67822,1890.930804,946.744297,159.15741,6.428351,81257.981361,120236.78074,0.789561,932356.506348,41.785286,3.124398,1,,1,0,0,0,29.199092,3.124398,0.549475,-0.545243,0.528576,0.000979,62464.827423,71609.774787,31.482607,0.427981,-8.759768,12411.343404,1657.520386,203.769058,1658.277954,8890.20437,119.872201,-6170.023045,47.202992,355.695834,1,1.000806,0,362.333533,6241.366299,90,43.046338,S2Burn,,,,,,,,,,,,,,,,,,,,,,,,,,,None,Continue,0,None,932377.617563,,0,0,1,1,7523.862335,497.876984,0.808542,934103.271484,32.541283,1143.203105,31.409289,-0.2963,326.594183,,-0.152761,0.841089,,,,,,1,1,0,0.986958,0.986958,0.690103,61953.230469,71110.265625,12412.5625
152.019997,ASCENT,7,0,1,None,Holding,0,70098.998739,2154.875558,1891.166706,944.912035,153.843099,6.440423,81680.052636,120162.943937,0.789468,933837.768555,35.145904,2.866627,1,,1,0,0,0,26.244064,2.866627,0.592351,-0.481609,0.527343,0.000963,62460.115845,71599.333879,33.939194,0.421478,-11.115622,12412.404102,1657.491455,203.645187,1658.25,8287.519917,119.930878,-6169.768507,47.23718,355.737174,1,1.000806,0,361.594785,6238.681848,90,43.046338,S2Burn,,,,,,,,,,,,,,,,,,,,,,,,,,,None,Continue,0,None,932158.758227,,0,0,1,1,7522.776184,497.787903,0.808848,934103.637695,32.974991,1144.452462,31.416049,-0.2963,326.594183,,-0.152761,0.841089,,,,,,1,1,0,0.986613,0.986613,0.689638,61996.933594,71108.09375,12407.603516
152.279997,ASCENT,7,0,1,None,Holding,0,70344.045891,2155.274427,1891.56029,943.00628,148.714785,6.452927,82102.330827,120089.173414,0.789221,933419.128418,28.831332,2.546143,1,,1,0,0,0,25.650473,2.546143,0.624996,-0.406391,0.524102,0.000949,62467.217336,71610.645606,35.809624,0.415536,-13.19958,12412.738393,1655.894775,203.523529,1656.65271,7701.958172,119.982451,-6169.458573,47.266681,355.772801,1,1.000806,0,361.43723,6237.454396,90,43.046338,S2Burn,,,,,,,,,,,,,,,,,,,,,,,,,,,None,Continue,0,None,931870.130346,,0,0,1,1,7520.141327,497.586639,0.809574,934104.492188,33.276878,1145.699038,31.423542,-0.2963,326.594183,,-0.152761,0.841089,,,,,,1,1,0,0.986295,0.986295,0.689173,61943.195313,71057.6875,12419.217773
152.539997,ASCENT,7,0,1,None,Holding,0,70588.570564,2155.847844,1892.077046,941.02022,143.762331,6.465742,82524.823466,120015.432931,0.789138,932373.657227,23.881251,2.163456,1,,1,0,0,0,28.143955,2.163456,0.654472,-0.319433,0.517887,0.000983,62472.363068,71617.961096,37.498505,0.430802,-15.621604,12411.955314,1657.219238,203.40126,1657.976318,7280.433124,120.026126,-6169.098966,47.290142,355.801106,1,1.000806,0,361.589442,6235.986437,90,43.046338,S2Burn,,,,,,,,,,,,,,,,,,,,,,,,,,,None,Continue,0,None,931539.116409,,0,0,1,1,7518.901672,497.497864,0.809919,934104.797363,33.481761,1146.942642,31.432256,-0.2963,326.594183,,-0.152761,0.841089,,,,,,1,1,0,0.985995,0.985995,0.688662,62000.539063,71152.210938,12417.34668
152.799997,ASCENT,7,0,1,None,Holding,0,70832.553705,2156.550893,1892.665361,938.946897,138.97368,6.478701,82947.481362,119941.743948,0.788593,933693.42041,22.242702,1.71817,1,,1,0,0,0,33.520649,1.71817,0.67795,-0.220067,0.508769,0.001011,62466.026136,71602.598184,38.843678,0.443481,-17.733891,12413.777243,1656.040039,203.278366,1656.797363,7263.558872,120.061042,-6168.699677,47.306214,355.82048,1,1.000806,0,360.936553,6233.74327,90,43.046338,S2Burn,,,,,,,,,,,,,,,,,,,,,,,,,,,None,Continue,0,None,931112.457015,,0,0,1,1,7516.423492,497.325348,0.810607,934105.46875,33.637684,1148.183101,31.442152,-0.2963,326.594183,,-0.152761,0.841089,,,,,,1,1,0,0.985699,0.985699,0.687422,61975.226563,71125.09375,12412.900391
153.039997,ASCENT,7,0,1,None,Holding,0,71075.98185,2157.326176,1893.263714,936.783576,134.336366,6.49159,83370.245819,119868.05544,0.788992,931404.47998,25.227434,1.212216,1,,1,0,0,0,41.063502,1.212216,0.695012,-0.109391,0.49677,0.00102,62471.759365,71609.594607,39.821239,0.447267,-20.110861,12411.543734,1655.774902,203.156418,1656.531128,7129.870778,120.086713,-6168.274142,47.313819,355.829729,1,1.000806,0,361.359506,6233.488822,90,43.046338,S2Burn,,,,,,,,,,,,,,,,,,,,,,,,,,,None,Continue,0,None,930648.875671,,0,0,1,1,7513.939911,497.155731,0.811302,934106.140137,33.80543,1149.420274,31.454485,-0.2963,326.594183,,-0.152761,0.841089,,,,,,1,1,0,0.985408,0.985408,0.686184,62016.566406,71138.8125,12410.633789
153.319997,ASCENT,7,0,1,None,Holding,0,71318.85981,2158.100015,1893.797476,934.530814,129.836534,6.504146,83793.090026,119794.353105,0.78969,934664.855957,31.872021,0.651652,1,,1,0,0,0,49.7795,0.651652,0.697283,0.009647,0.479747,0.001106,62464.378878,71605.421626,39.951378,0.48559,-22.327633,12410.710621,1654.793579,203.031418,1655.552246,6798.246641,120.102971,-6167.840059,47.312237,355.827739,1,1.000806,0,360.049392,6230.338662,90,43.046338,S2Burn,,,,,,,,,,,,,,,,,,,,,,,,,,,None,Continue,0,None,930260.851194,,0,0,1,1,7512.695862,497.072327,0.811642,934106.506348,34.053247,1150.654065,31.468251,-0.2963,326.594183,,-0.152761,0.841089,,,,,,1,1,0,0.985125,0.985125,0.685123,61973.238281,71114.601563,12406.033203
153.579997,ASCENT,7,0,1,None,Holding,0,71561.192398,2158.788132,1894.185059,932.194273,125.460981,6.516077,84215.981542,119720.666505,0.790149,932481.506348,40.657272,0.03362,1,,1,0,0,0,59.440088,0.03362,0.700496,0.140934,0.460366,0.001192,62461.199855,71599.298554,40.135452,0.523726,-24.512129,12413.085669,1654.157959,202.909622,1654.915894,6556.714391,120.110141,-6167.418228,47.301199,355.814431,1,1.000806,0,360.477746,6230.460147,90,43.046338,S2Burn,,,,,,,,,,,,,,,,,,,,,,,,,,,None,Continue,0,None,929955.20639,,0,0,1,1,7509.896545,496.892639,0.812419,934107.177734,34.452051,1151.884431,31.481206,-0.2963,326.594183,,-0.152761,0.841089,,,,,,1,1,0,0.984853,0.984853,0.684221,61984.121094,71115.539063,12422.862305
153.819997,ASCENT,7,0,1,None,Holding,0,71802.990196,2159.304667,1894.347061,929.78542,121.197306,6.527082,84638.905564,119647.02139,0.789807,931650.024414,50.504093,-0.634093,1,,1,0,0,0,69.501352,-0.634093,0.690193,0.279681,0.435574,0.001278,62471.500103,71595.532444,39.54512,0.561559,-26.483448,12412.696458,1653.335327,202.786407,1654.093994,6203.728434,120.109139,-6167.030466,47.280971,355.790106,1,1.000806,0,360.514037,6230.734829,90,43.046338,S2Burn,,,,,,,,,,,,,,,,,,,,,,,,,,,None,Continue,0,None,929614.084865,,0,0,1,1,7508.655121,496.816254,0.812765,934107.48291,35.070136,1153.111396,31.493649,-0.2963,326.594183,,-0.152761,0.841089,,,,,,1,1,0,0.984596,0.984596,0.683452,62009.171875,71102.976563,12408.887695
154.099997,ASCENT,7,0,1,None,Holding,0,72044.243196,2159.574778,1894.218638,927.323002,117.036001,6.536889,85061.824769,119573.354818,0.790508,932729.003906,60.831467,-1.344071,1,,1,0,0,0,79.625043,-1.344071,0.669234,0.425218,0.39746,0.001355,62474.269229,71593.259275,38.344311,0.596087,-28.379442,12414.516324,1653.484619,202.663345,1654.243286,6658.50956,120.101669,-6166.696718,47.252389,355.755489,1,1.000806,0,359.978345,6229.976417,90,43.046338,S2Burn,,,,,,,,,,,,,,,,,,,,,,,,,,,None,Continue,0,None,929261.841487,,0,0,1,1,7506.330261,496.677917,0.813418,934108.032227,35.967245,1154.335046,31.508253,-0.2963,326.594183,,-0.152761,0.841089,,,,,,1,1,0,0.984339,0.984339,0.681929,62033.882813,71129.59375,12419.00293
154.339997,ASCENT,7,0,1,None,Holding,0,72284.977637,2159.531867,1893.747022,924.832156,112.96943,6.54527,85484.758929,119499.687769,0.79115,931980.041504,71.157339,-2.080135,1,,1,0,0,0,89.468567,-2.080135,0.626821,0.571556,0.088714,0.001444,62467.10548,71591.434301,35.914169,0.635547,-30.181723,12415.56011,1652.821655,202.540131,1653.581055,7516.110146,120.090108,-6166.435599,47.216894,355.712618,1,1.000806,0,359.962902,6231.032455,90,43.046338,S2Burn,,,,,,,,,,,,,,,,,,,,,,,,,,,None,Continue,0,None,928990.967096,,0,0,1,1,7503.848846,496.521698,0.814106,934108.520508,37.184785,1155.555536,31.5199,-0.2963,326.594183,,-0.152761,0.841089,,,,,,1,1,0,0.984065,0.984065,0.681776,61996.949219,71140.625,12421.807617
154.599997,ASCENT,7,0,1,None,Holding,0,72525.152963,2159.122806,1892.898718,922.430295,108.99312,6.552064,85907.734263,119425.596334,0.789927,935019.470215,81.189611,-2.197556,1,,1,0,0,0,98.757531,-2.197556,0.590924,0.58869,1,0.001382,62472.303993,71597.858574,33.857452,0.608399,-28.265238,12414.996172,1652.736084,202.418045,1653.494141,14792.030465,120.08634,-6166.271888,47.175779,355.662769,1,1.000806,0,358.912866,6230.088162,90,43.046338,S2Burn,,,,,,,,,,,,,,,,,,,,,,,,,,,None,Continue,0,None,928627.886695,,0,0,1,1,7502.751709,496.416748,0.81441,934108.764648,38.745898,1156.773127,31.534882,-0.2963,326.594183,,-0.152761,0.841089,,,,,,1,1,0,0.983546,0.983546,0.682041,62041.085938,71168.921875,12415.549805
154.879997,ASCENT,7,0,1,None,Holding,0,72764.750336,2158.393595,1891.725692,919.954125,105.107622,6.557267,86330.776883,119351.404764,0.794067,932181.82373,90.62427,-2.254688,1,,1,0,0,0,107.156265,-2.254688,0.551025,0.591607,1,0.001536,62465.505589,71580.610226,31.571388,0.676722,-30.133108,12413.547783,1650.546143,202.294052,1651.30481,14787.280239,120.07382,-6166.177825,47.132481,355.610082,1,1.000806,0,359.517633,6233.07763,90,43.046338,S2Burn,,,,,,,,,,,,,,,,,,,,,,,,,,,None,Continue,0,None,928494.661394,,0,0,1,1,7500.531555,496.114075,0.815021,934109.191895,40.646129,1157.988106,31.545205,-0.2963,326.594183,,-0.152761,0.841089,,,,,,1,1,0,0.982952,0.982952,0.682295,61992.957031,71071.085938,12411.938477
155.139997,ASCENT,7,0,1,None,Holding,0,73003.885418,2157.352284,1890.246279,917.438893,101.319443,6.561041,86753.757461,119277.205564,0.794028,931129.333496,99.615258,-2.296605,1,,1,0,0,0,114.494445,-2.296605,0.507201,0.591393,0.973478,0.001687,62451.617793,71573.884491,29.060484,0.743853,-34.513348,12412.252352,1650.702515,202.171127,1651.460693,14790.795472,120.056206,-6166.15508,47.088283,355.556268,1,1.000806,0,359.671742,6235.701779,90,43.046338,S2Burn,,,,,,,,,,,,,,,,,,,,,,,,,,,None,Continue,0,None,928595.874666,,0,0,1,1,7497.675507,495.724823,0.815807,934109.802246,42.873731,1159.200536,31.552547,-0.2963,326.594183,,-0.152761,0.841089,,,,,,1,1,0,0.982357,0.982357,0.682456,61970.183594,71109.515625,12409.131836
155.379997,ASCENT,7,0,1,None,Holding,0,73242.594089,2155.98891,1888.467597,915.004951,97.631508,6.563498,87176.64971,119203.028776,0.794152,934995.97168,107.872404,-2.332231,1,,1,0,0,0,120.260017,-2.332231,0.460404,0.588767,0.921289,0.00185,62466.036964,71587.211429,26.379185,0.81617,-38.929466,12413.004103,1650.328369,202.046722,1651.087524,13324.081834,120.045752,-6166.218197,47.04434,355.502734,1,1.000806,0,358.306193,6235.251035,90,43.046338,S2Burn,,,,,,,,,,,,,,,,,,,,,,,,,,,None,Continue,0,None,928581.846966,,0,0,1,1,7496.406677,495.559509,0.816157,934110.046387,45.404984,1160.410657,31.563217,-0.2963,326.594183,,-0.152761,0.841089,,,,,,1,1,0,0.981803,0.981803,0.682408,61989.96875,71121.914063,12404.879883
155.659997,ASCENT,7,0,1,None,Holding,0,73480.871039,2154.321848,1886.423362,912.708694,94.049654,6.564894,87599.451976,119128.911592,0.794926,931838.256836,115.124008,-2.368515,1,,1,0,0,0,123.645825,-2.368515,0.420993,0.587854,0.858922,0.001935,62460.766817,71578.776385,24.121117,0.854338,-43.136097,12414.082196,1649.478394,201.926178,1650.234253,12711.035835,120.048223,-6166.368297,47.002555,355.451559,1,1.000806,0,359.023024,6240.002706,90,43.046338,S2Burn,,,,,,,,,,,,,,,,,,,,,,,,,,,None,Continue,0,None,928570.222584,,0,0,1,1,7493.873413,495.249878,0.816856,934110.473633,48.199246,1161.618799,31.573475,-0.2963,326.594183,,-0.152761,0.841089,,,,,,1,1,0,0.981281,0.981281,0.682027,61986.664063,71096.734375,12411.296875
155.919997,ASCENT,7,0,1,None,Holding,0,73718.703585,2152.386547,1884.162849,910.582808,90.575589,6.565371,88022.180919,119054.811575,0.795372,935245.97168,120.737656,-2.408868,1,,1,0,0,0,124.257316,-2.408868,0.374791,0.586269,0.882538,0.002075,62446.39448,71570.389209,21.473917,0.916448,-47.206429,12411.227675,1648.106812,201.801544,1648.864624,13122.787261,120.066998,-6166.599957,46.965008,355.405559,1,1.000806,0,357.952534,6240.225556,90,43.046338,S2Burn,,,,,,,,,,,,,,,,,,,,,,,,,,,None,Continue,0,None,928553.456111,,0,0,1,1,7491.659821,494.99234,0.817469,934110.900879,51.20275,1162.825319,31.584327,-0.2963,326.594183,,-0.152761,0.841089,,,,,,1,1,0,0.980773,0.980773,0.681439,61975.046875,71078.9375,12414.291016
156.179997,ASCENT,7,0,1,None,Holding,0,73956.090551,2150.241224,1881.755121,908.641659,87.211902,6.565141,88444.90387,118980.676748,0.795785,933238.28125,123.809774,-2.468547,1,,1,0,0,0,121.353074,-2.468547,0.328476,0.588985,0.923628,0.002376,62444.953726,71577.779661,18.820313,1.049916,-51.496803,12411.147324,1647.793579,201.678116,1648.551147,13725.289702,120.103663,-6166.900453,46.933693,355.367127,1,1.000806,0,358.306749,6244.547945,90,43.046338,S2Burn,,,,,,,,,,,,,,,,,,,,,,,,,,,None,Continue,0,None,928542.962288,,0,0,1,1,7490.23111,494.817535,0.817868,934111.022949,54.339901,1164.030566,31.594314,-0.2963,326.594183,,-0.152761,0.841089,,,,,,1,1,0,0.980233,0.980233,0.680789,61954.976563,71087.796875,12411.164063
156.439997,ASCENT,7,0,1,None,Holding,0,74192.986262,2147.956969,1879.281816,906.898,83.961403,6.564468,88867.648906,118906.52094,0.795507,932727.966309,123.716014,-2.54619,1,,1,0,0,0,115.33496,-2.54619,0.279902,0.595224,0.948915,0.002503,62453.013498,71591.804666,16.037201,1.10673,-55.601498,12412.345686,1648.330933,201.554306,1649.088867,13999.153953,120.159686,-6167.253864,46.910664,355.338824,1,1.000806,0,358.33699,6247.20344,90,43.046338,S2Burn,,,,,,,,,,,,,,,,,,,,,,,,,,,None,Continue,0,None,928475.238755,,0,0,1,1,7487.850983,494.516998,0.818526,934111.450195,57.521449,1165.234861,31.605023,-0.2963,326.594183,,-0.152761,0.841089,,,,,,1,1,0,0.979677,0.979677,0.68019,62004.671875,71187.171875,12409.192383
156.699996,ASCENT,7,0,1,None,Holding,0,74429.367957,2145.623436,1876.840563,905.350093,80.827402,6.563668,89290.543317,118832.324602,0.795289,934147.277832,119.944131,-2.647899,1,,1,0,0,0,106.608043,-2.647899,0.236682,0.606964,0.954735,0.002572,62464.788928,71597.460484,13.560905,1.138241,-59.646309,12413.310633,1647.070557,201.431549,1647.828125,14055.945963,120.235147,-6167.638461,46.897876,355.323093,1,1.000806,0,357.75304,6248.667819,90,43.046338,S2Burn,,,,,,,,,,,,,,,,,,,,,,,,,,,None,Continue,0,None,928320.789814,,0,0,1,1,7485.30542,494.189209,0.819229,934111.877441,60.644702,1166.438474,31.618622,-0.2963,326.594183,,-0.152761,0.841089,,,,,,1,1,0,0.979113,0.979113,0.679579,62004.484375,71173.414063,12423.550781
156.959996,ASCENT,7,0,1,None,Holding,0,74665.164745,2143.353133,1874.546244,903.973415,77.813625,6.563123,89713.668123,118758.133985,0.794992,932527.770996,112.649122,-2.780065,1,,1,0,0,0,95.580407,-2.780065,0.192269,0.625284,0.937439,0.002818,62444.170152,71577.256547,11.016211,1.247826,-64.326767,12414.72499,1646.145996,201.307175,1646.903687,13750.646699,120.327902,-6168.024909,46.896842,355.32182,1,1.000806,0,358.000961,6252.268251,90,43.046338,S2Burn,,,,,,,,,,,,,,,,,,,,,,,,,,,None,Continue,0,None,928077.50429,,0,0,1,1,7484.032166,494.02533,0.819576,934112.060547,63.591398,1167.641588,31.633887,-0.2963,326.594183,,-0.152761,0.841089,,,,,,1,1,0,0.978554,0.978554,0.678953,61939.226563,71073.226563,12410.973633
157.199996,ASCENT,7,0,1,None,Holding,0,74900.28321,2141.269386,1872.517243,902.717234,74.922489,6.563209,90137.081855,118683.945753,0.794862,933570.495605,102.505215,-2.934858,1,,1,0,0,0,83.070815,-2.934858,0.15004,0.648947,0.900573,0.003056,62454.996222,71587.568149,8.596649,1.354131,-68.497169,12417.073146,1646.391235,201.18364,1647.149902,13457.589811,120.43325,-6168.378821,46.908307,355.336014,1,1.000806,0,357.54384,6252.933781,90,43.046338,S2Burn,,,,,,,,,,,,,,,,,,,,,,,,,,,None,Continue,0,None,927752.985598,,0,0,1,1,7481.645111,493.723724,0.820236,934112.365723,66.246953,1168.844263,31.65181,-0.2963,326.594183,,-0.152761,0.841089,,,,,,1,1,0,0.978008,0.978008,0.678434,62043.457031,71127.945313,12417.058594
157.479996,ASCENT,7,0,1,None,Holding,0,75134.64545,2139.499212,1870.865573,901.500737,72.152184,6.564143,90560.839625,118609.828092,0.794091,932485.656738,90.315566,-3.110119,1,,1,0,0,0,69.559506,-3.110119,0.103909,0.675987,0.840677,0.003128,62460.613125,71589.039279,5.953526,1.386861,-72.32357,12416.654577,1646.235107,201.060684,1646.99231,12968.708575,120.543497,-6168.662073,46.931813,355.36484,1,1.000806,0,357.645025,6254.806409,90,43.046338,S2Burn,,,,,,,,,,,,,,,,,,,,,,,,,,,None,Continue,0,None,927331.941477,,0,0,1,1,7479.259521,493.433838,0.820902,934112.731934,68.50807,1170.046394,31.670662,-0.2963,326.594183,,-0.152761,0.841089,,,,,,1,1,0,0.97748,0.97748,0.677978,62002.855469,71147.007813,12409.901367
157.719996,ASCENT,7,0,1,None,Holding,0,75368.161617,2138.153065,1869.677039,900.222779,69.504833,6.566251,90984.857234,118535.727598,0.793559,933285.461426,76.698616,-3.289988,1,,1,0,0,0,55.899652,-3.289988,0.054606,0.702577,0.7561,0.003292,62454.235467,71587.145744,3.128667,1.460764,-75.842941,12417.142104,1644.028687,200.937897,1644.786133,12061.891206,120.648864,-6168.838556,46.965481,355.406284,1,1.000806,0,357.182609,6254.05779,90,43.046338,S2Burn,,,,,,,,,,,,,,,,,,,,,,,,,,,None,Continue,0,None,926790.348113,,0,0,1,1,7478.14505,493.302277,0.821206,934112.792969,70.308661,1171.247689,31.693824,-0.2963,326.594183,,-0.152761,0.841089,,,,,,1,1,0,0.976978,0.976978,0.677539,61944.65625,71090.046875,12419.119141
157.979996,ASCENT,7,0,1,None,Holding,0,75600.846275,2137.303579,1868.988902,898.766948,66.979826,6.569766,91409.008871,118461.684324,0.793292,934294.189453,62.702389,-3.461737,1,,1,0,0,0,43.655805,-3.461737,0.001296,0.727923,0.649365,0.00353,62453.854218,71587.99688,0.074253,1.566912,-79.043739,12413.471133,1645.072998,200.812103,1645.832153,10735.205524,120.737983,-6168.87966,47.005615,355.455512,1,1.000806,0,356.650375,6253.545916,90,43.046338,S2Burn,,,,,,,,,,,,,,,,,,,,,,,,,,,None,Continue,0,None,926188.847551,,0,0,1,1,7475.446136,493.002777,0.82196,934113.15918,71.630225,1172.447667,31.719247,-0.2963,326.594183,,-0.152761,0.841089,,,,,,1,1,0,0.976512,0.976512,0.676975,61968.144531,71111.726563,12412.495117
158.239996,ASCENT,7,0,1,None,Holding,0,75832.696231,2136.959851,1868.768992,897.022828,64.572367,6.574692,91833.018523,118387.753583,0.792433,934422.485352,49.704311,-3.614583,1,,1,0,0,0,36.100875,-3.614583,-0.054495,0.747446,0.52,0.003631,62450.662183,71578.437909,-3.122361,1.612535,-81.684464,12414.446369,1643.059204,200.690994,1643.81604,10131.731227,120.799878,-6168.772447,47.047015,355.506208,1,1.000806,0,356.406122,6252.00127,90,43.046338,S2Burn,,,,,,,,,,,,,,,,,,,,,,,,,,,None,Continue,0,None,925495.282824,,0,0,1,1,7472.915558,492.75589,0.822661,934113.464355,72.52169,1173.645696,31.746011,-0.2963,326.594183,,-0.152761,0.841089,,,,,,1,1,0,0.976097,0.976097,0.67616,61963.574219,71088.6875,12413.813477
158.499996,ASCENT,7,0,1,None,Holding,0,76063.82795,2137.053325,1868.908849,894.909491,62.272727,6.580772,92256.622747,118313.806631,0.792725,934727.783203,40.295341,-3.737811,1,,1,0,0,0,37.405827,-3.737811,-0.106943,0.762788,0.372605,0.00389,62455.837988,71589.527966,-6.127379,1.729142,-83.726044,12415.825483,1644.233032,200.56665,1644.99231,9641.020428,120.826335,-6168.525307,47.083747,355.551112,1,1.000806,0,356.066253,6250.157273,90,43.046338,S2Burn,,,,,,,,,,,,,,,,,,,,,,,,,,,None,Continue,0,None,924773.493753,,0,0,1,1,7471.493744,492.626068,0.823058,934113.647461,73.103966,1174.841062,31.777527,-0.2963,326.594183,,-0.152761,0.841089,,,,,,1,1,0,0.975704,0.975704,0.675095,62009.167969,71174.0625,12419.104492
158.779996,ASCENT,7,0,1,None,Holding,0,76294.385365,2137.433354,1869.225539,892.393471,60.067314,6.587481,92679.541486,118239.910699,0.792447,934609.49707,38.720685,-3.842874,1,,1,0,0,0,47.637546,-3.842874,-0.161534,0.772618,0.207359,0.003877,62451.945108,71578.15893,-9.255225,1.724164,-85.395119,12414.181752,1642.486328,200.444763,1643.243774,9696.309526,120.813676,-6168.170826,47.109901,355.582962,1,1.000806,0,355.825121,6249.535141,90,43.046338,S2Burn,,,,,,,,,,,,,,,,,,,,,,,,,,,None,Continue,0,None,924063.914878,,0,0,1,1,7468.804993,492.385071,0.823809,934114.013672,73.553809,1176.033072,31.808407,-0.2963,326.594183,,-0.152761,0.841089,,,,,,1,1,0,0.975315,0.975315,0.673905,61984.328125,71096.484375,12412.972656
159.039996,ASCENT,7,0,1,None,Holding,0,76524.562096,2137.890855,1869.494361,889.504646,57.94062,6.594087,93101.606597,118166.022874,0.792422,933763.427734,46.215759,-3.939787,1,,1,0,0,0,62.624828,-3.939787,-0.215391,0.781611,0.031372,0.003867,62441.728937,71574.930514,-12.340999,1.720045,-85.524933,12410.037153,1642.128174,200.323135,1642.884521,9747.203767,120.76436,-6167.761792,47.121051,355.596566,1,1.000806,0,355.755654,6248.78604,90,43.046338,S2Burn,,,,,,,,,,,,,,,,,,,,,,,,,,,None,Continue,0,None,923329.259329,,0,0,1,1,7467.694946,492.28479,0.824123,934114.074707,74.08467,1177.221168,31.841676,-0.2963,326.594183,,-0.152761,0.841089,,,,,,1,1,0,0.974921,0.974921,0.672439,61968.160156,71119.03125,12400.985352
159.299996,ASCENT,7,0,1,None,Holding,0,76754.507657,2138.191347,1869.485746,886.338546,55.877419,6.59978,93522.78435,118092.158891,0.792416,932502.868652,59.41213,-4.053456,1,,1,0,0,0,79.37584,-4.053456,-0.268964,0.794049,-0.157196,0.003874,62445.921474,71572.678579,-15.410514,1.724598,-85.278053,12411.94241,1641.877441,200.197906,1642.635986,9894.200563,120.687267,-6167.363555,47.115104,355.58931,1,1.000806,0,355.878817,6249.296374,90,43.046338,S2Burn,,,,,,,,,,,,,,,,,,,,,,,,,,,None,Continue,0,None,922611.069894,,0,0,1,1,7464.835083,492.024048,0.824919,934114.440918,74.905411,1178.405027,31.875051,-0.2963,326.594183,,-0.152761,0.841089,,,,,,1,1,0,0.974521,0.974521,0.671382,61974.105469,71117.9375,12416.394531
159.539996,ASCENT,7,0,1,None,Holding,0,76984.332338,2138.12125,1869.01189,883.038538,53.865224,6.603825,93943.223405,118018.220998,0.793217,933524.108887,74.92146,-4.206046,1,,1,0,0,0,96.130568,-4.206046,-0.331672,0.812212,-0.355152,0.003797,62443.444169,71569.735235,-19.003426,1.691115,-84.248558,12411.363363,1640.407471,200.074982,1641.165527,10446.390387,120.596008,-6167.041168,47.092915,355.562296,1,1.000806,0,355.443006,6248.504025,90,43.046338,S2Burn,,,,,,,,,,,,,,,,,,,,,,,,,,,None,Continue,0,None,921994.007805,,0,0,1,1,7462.612762,491.816376,0.825539,934114.562988,76.182251,1179.584621,31.909275,-0.2963,326.594183,,-0.152761,0.841089,,,,,,1,1,0,0.974112,0.974112,0.67064,61932.136719,71085.929688,12403.780273
159.819996,ASCENT,7,0,1,None,Holding,0,77214.046111,2137.533949,1867.96837,879.774088,51.896552,6.60573,94363.214569,117944.205381,0.794335,933576.782227,90.736667,-4.425023,1,,1,0,0,0,111.53261,-4.425023,-0.389859,0.845728,-0.561319,0.003686,62429.729897,71556.978374,-22.337248,1.642735,-82.186836,12411.190708,1639.675903,199.951935,1640.43335,11681.916691,120.506836,-6166.846152,47.058157,355.519707,1,1.000806,0,355.223869,6250.499286,90,43.046338,S2Burn,,,,,,,,,,,,,,,,,,,,,,,,,,,None,Continue,0,None,921534.604674,,0,0,1,1,7461.184113,491.6763,0.825938,934114.746094,78.00709,1180.760225,31.94305,-0.2963,326.594183,,-0.152761,0.841089,,,,,,1,1,0,0.973673,0.973673,0.670071,61939.066406,71043.328125,12408.054688
160.079996,ASCENT,7,0,1,None,Holding,0,77443.582353,2136.368877,1866.344396,876.703399,49.969452,6.605316,94783.106698,117870.09678,0.795345,934699.401855,105.430486,-4.72592,1,,1,0,0,0,123.644526,-4.72592,-0.454454,0.894952,-0.773702,0.003395,62437.059084,71566.89601,-26.038301,1.514189,-79.046654,12412.632807,1639.315308,199.827789,1640.07373,13975.986354,120.434997,-6166.808184,47.016476,355.468636,1,1.000806,0,354.78823,6251.73114,90,43.046338,S2Burn,,,,,,,,,,,,,,,,,,,,,,,,,,,None,Continue,0,None,921206.557779,,0,0,1,1,7458.633636,491.392914,0.826645,934114.990234,80.380132,1181.932367,31.974716,-0.2963,326.594183,,-0.152761,0.841089,,,,,,1,1,0,0.973164,0.973164,0.669497,61959.316406,71076.828125,12410.799805
160.339996,ASCENT,7,0,1,None,Holding,0,77672.820785,2134.670443,1864.231436,873.946777,48.087098,6.602772,95203.24703,117795.800783,0.796654,932120.178223,117.223927,-5.128293,1,,1,0,0,0,129.657692,-5.128293,-0.519798,0.96523,-0.992204,0.003391,62434.016368,71566.939902,-29.782221,1.513302,-75.289116,12412.145867,1638.664185,199.706512,1639.421387,15753.266975,120.392225,-6166.928035,46.97427,355.416817,1,1.000806,0,355.247268,6256.442368,90,43.046338,S2Burn,,,,,,,,,,,,,,,,,,,,,,,,,,,None,Continue,0,None,921018.481906,,0,0,1,1,7456.222809,491.066071,0.827314,934115.17334,83.214743,1183.101733,32.005451,-0.2963,326.594183,,-0.152761,0.841089,,,,,,1,1,0,0.97256,0.97256,0.668863,61946.453125,71116.507813,12410.404297
160.579996,ASCENT,7,0,1,None,Holding,0,77901.597753,2132.573006,1861.799293,871.57179,46.256434,6.598594,95623.84822,117721.479036,0.798235,935314.63623,124.387833,-5.623046,1,,1,0,0,0,128.088097,-5.623046,-0.593796,1,-1,0.003072,62435.803477,71562.085388,-34.021988,1.371788,-70.685928,12413.924416,1638.402222,199.58139,1639.160645,15751.882687,120.385332,-6167.179866,46.937333,355.37146,1,1.000806,0,354.279069,6256.972912,90,43.046338,S2Burn,,,,,,,,,,,,,,,,,,,,,,,,,,,None,Continue,0,None,921001.480812,,0,0,1,1,7454.774628,490.859589,0.82772,934115.356445,86.352819,1184.269043,32.032764,-0.2963,326.594183,,-0.152761,0.841089,,,,,,1,1,0,0.971931,0.971931,0.668141,61936.003906,71104.476563,12412.756836
160.859996,ASCENT,7,0,1,None,Holding,0,78129.791599,2130.261088,1859.251735,869.597629,44.485697,6.593489,96045.036573,117647.165395,0.799567,933336.791992,125.201858,-6.219236,1,,1,0,0,0,119.661849,-6.219236,-0.666658,1,0.914059,0.003071,62426.580843,71560.964457,-38.196674,1.37226,-66.270119,12414.029705,1636.993408,199.457077,1637.752319,15758.222222,120.416572,-6167.521318,46.909788,355.337436,1,1.000806,0,354.657385,6261.108958,90,43.046338,S2Burn,,,,,,,,,,,,,,,,,,,,,,,,,,,None,Continue,0,None,921129.293676,,0,0,1,1,7452.52002,490.538574,0.828342,934115.539551,89.608107,1185.434955,32.05713,-0.2963,326.594183,,-0.152761,0.841089,,,,,,1,1,0,0.971301,0.971301,0.667331,61950.703125,71076.40625,12420.71582
161.119996,ASCENT,7,0,1,None,Holding,0,78357.289663,2127.997337,1856.827565,867.995446,42.783181,6.588268,96466.806602,117572.869398,0.804376,934733.215332,119.989917,-6.876108,1,,1,0,0,0,107.169536,-6.876108,-0.747474,1,0.76143,0.003139,62428.330053,71557.726734,-42.827126,1.403836,-68.044609,12415.687692,1636.578491,199.334488,1637.336182,15005.826983,120.483822,-6167.88714,46.890004,355.313027,1,1.000806,0,354.025653,6263.112009,90,43.046338,S2Burn,,,,,,,,,,,,,,,,,,,,,,,,,,,None,Continue,0,None,921730.573274,,0,0,1,1,7449.943512,490.172516,0.829062,934115.661621,92.788425,1186.599977,32.072244,-0.2963,326.594183,,-0.152761,0.841089,,,,,,1,1,0,0.970674,0.970674,0.666335,61923.925781,71098.992188,12411.248047
161.359996,ASCENT,7,0,1,None,Holding,0,78583.910745,2125.844152,1854.618434,866.732238,41.152992,6.583516,96889.218063,117498.707868,0.799776,932007.507324,109.943712,-7.457028,1,,1,0,0,0,91.891558,-7.457028,-0.820316,1,0.521042,0.003296,62431.387439,71557.609301,-47.000652,1.474785,-71.807983,12414.735014,1636.544067,199.210358,1637.301636,12932.698876,120.583986,-6168.25926,46.883474,355.305048,1,1.000806,0,354.676019,6267.245944,90,43.046338,S2Burn,,,,,,,,,,,,,,,,,,,,,,,,,,,None,Continue,0,None,922101.84711,,0,0,1,1,7448.660583,490.015076,0.82942,934115.844727,95.723251,1187.764474,32.091794,-0.2963,326.594183,,-0.152761,0.841089,,,,,,1,1,0,0.970143,0.970143,0.665249,61968.210938,71083.609375,12417.344727
161.639996,ASCENT,7,0,1,None,Holding,0,78809.445651,2123.948839,1852.779322,865.670204,39.596179,6.579648,97312.355615,117424.596883,0.797697,932998.046875,96.455974,-7.612897,1,,1,0,0,0,75.29746,-7.612897,-0.890133,1,0.18025,0.003418,62423.278113,71546.122514,-51.000851,1.530449,-73.352036,12415.291157,1635.52124,199.088303,1636.277222,12526.077881,120.704187,-6168.58964,46.894131,355.318123,1,1.000806,0,354.162217,6267.773529,90,43.046338,S2Burn,,,,,,,,,,,,,,,,,,,,,,,,,,,None,Continue,0,None,921824.083484,,0,0,1,1,7446.253326,489.733795,0.830086,934116.027832,98.249525,1188.92863,32.121793,-0.2963,326.594183,,-0.152761,0.841089,,,,,,1,1,0,0.969632,0.969632,0.664273,61961.265625,71062.351563,12413.868164
161.899996,ASCENT,7,0,1,None,Holding,0,79033.743004,2122.483213,1851.450947,864.603236,38.115393,6.577239,97736.065275,117350.577928,0.797023,934508.666992,81.0988,-7.462169,1,,1,0,0,0,58.765375,-7.462169,-0.966459,1,0.003354,0.00334,62430.069873,71545.783922,-55.374016,1.496336,-74.010719,12413.754744,1634.331421,198.966599,1635.08667,12473.33318,120.825102,-6168.818107,46.920738,355.350954,1,1.000806,0,353.566405,6267.208619,90,43.046338,S2Burn,,,,,,,,,,,,,,,,,,,,,,,,,,,None,Continue,0,None,921293.82132,,0,0,1,1,7444.803925,489.568085,0.830489,934116.088867,100.252773,1190.092285,32.155033,-0.2963,326.594183,,-0.152761,0.841089,,,,,,1,1,0,0.969127,0.969127,0.663544,61954.375,71028.078125,12424.84668
162.159996,ASCENT,7,0,1,None,Holding,0,79256.828453,2121.550769,1850.68625,863.321073,36.710345,6.576636,98160.047608,117276.490308,0.797069,931936.035156,65.4094,-7.177033,1,,1,0,0,0,44.656773,-7.177033,-1.039081,1,-0.117513,0.003222,62439.496761,71551.042623,-59.534927,1.444233,-73.798462,12413.212758,1635.087769,198.8405,1635.845703,12513.080366,120.926831,-6168.90034,46.958523,355.397516,1,1.000806,0,354.032449,6268.087139,90,43.046338,S2Burn,,,,,,,,,,,,,,,,,,,,,,,,,,,None,Continue,0,None,920755.840378,,0,0,1,1,7442.062286,489.255157,0.831251,934116.271973,101.705448,1191.254934,32.191726,-0.2963,326.594183,,-0.152761,0.841089,,,,,,1,1,0,0.968622,0.968622,0.662808,61990.472656,71094.28125,12416.762695
162.419996,ASCENT,7,0,1,None,Holding,0,79478.823376,2121.160021,1850.434894,861.633801,35.376654,6.577827,98583.832152,117202.423193,0.796672,935751.525879,51.699375,-6.818082,1,,1,0,0,0,37.875981,-6.818082,-1.103928,1,-0.22951,0.003,62434.07678,71546.823205,-63.250408,1.345466,-73.20787,12413.40892,1635.22522,198.717255,1635.983032,12770.05123,120.991204,-6168.816398,47.000459,355.449107,1,1.000806,0,352.723058,6265.027644,90,43.046338,S2Burn,,,,,,,,,,,,,,,,,,,,,,,,,,,None,Continue,0,None,920187.166575,,0,0,1,1,7440.611511,489.089539,0.831655,934116.333008,102.673265,1192.415803,32.229222,-0.2963,326.594183,,-0.152761,0.841089,,,,,,1,1,0,0.968116,0.968116,0.662064,61970.980469,71122.203125,12411.71582
162.679996,ASCENT,7,0,1,None,Holding,0,79700.008144,2121.211172,1850.540936,859.414488,34.106583,6.580426,99006.93394,117128.292181,0.796401,931931.884766,43.593568,-6.423474,1,,1,0,0,0,43.172182,-6.423474,-1.183422,1,-0.351086,0.003084,62434.623538,71549.712888,-67.805115,1.384057,-71.670242,12412.417112,1633.025024,198.593658,1633.783325,12849.999946,121.005869,-6168.577916,47.038407,355.495714,1,1.000806,0,353.579269,6266.179964,90,43.046338,S2Burn,,,,,,,,,,,,,,,,,,,,,,,,,,,None,Continue,0,None,919547.929892,,0,0,1,1,7437.870911,488.772278,0.832423,934116.516113,103.324871,1193.57397,32.270451,-0.2963,326.594183,,-0.152761,0.841089,,,,,,1,1,0,0.967601,0.967602,0.661337,61980.699219,71083.34375,12412.589844
