met_s,mission_phase,mode_index,mode_holding,mode_flying,gate_id,gate_phase,crew_action,alt_m,speed_mps,srf_speed_mps,vspeed_mps,q_pa,mach,downrange_m,mass_kg,accel_g,thrust_n,att_err_deg,rate_cmd_rads,throttle,torque_cmd,rcs_on,trans_x,trans_y,trans_z,att_point_deg,att_rate_cmd,att_rate_meas,act_pitch,act_yaw,act_roll,ctrl_tq_pitch,ctrl_tq_yaw,rate_pitch_dps,rate_roll_dps,rate_yaw_dps,ctrl_tq_roll,moi_pitch,moi_roll,moi_yaw,rcs_thrust_n,ap_km,pe_km,inc_deg,raan_deg,ullage_stab,clamp_frac,clamp_held,upfg_tgo_s,upfg_vgo_mps,pitch_deg,azimuth_deg,ascent_phase,boost_phase,boost_aoa_deg,engine_mode,ignite_alt_m,descent_speed_mps,rv_phase,lvlh_rx,lvlh_ry,lvlh_rz,rv_range_m,rv_burn_dv,dock_phase,dock_range_m,close_speed_mps,dock_hold,dep_phase,deorbit_phase,entry_phase,bank_deg,com_descent_mode,chute_phase,drogue,main,dv_planned_mps,dv_delivered_mps,dv_residual_mps,fdir_fault,fdir_recovery,fdir_abort,abort_mode,cal_thrust_n,cal_beta,cal_invI,cal_ld,steer_sign,ker_avail,ker_remain_dv,ker_final_dv,ker_cur_twr,ker_cur_thrust_n,steer_loss_mps,grav_loss_mps,drag_loss_mps,cal_kaero,cal_kaero_p,qalpha_cap_deg,aero_ang_accel,aoa_signed_deg,rcsbal_torque_naive,rcsbal_torque_resid,rcsbal_force_frac,cc_dsigma_deg,cc_slope_m_per_rad,warp_rate,eng_ignited,eng_flameout,mmh_frac,nto_frac,skin_temp_frac,rcs_geo_pitch,rcs_geo_yaw,rcs_geo_roll
31.099999,-,0,0,0,None,Holding,0,313090.457744,7722.970601,7235.558266,1.509494,0,0,0,7728.340365,0.0002,0,149.496076,-0.141221,0,,1,0,0,0,30.503365,-0.141221,0.054149,0.001788,-0.012922,0.000007,12865.178711,9493.052734,3.102499,0.048903,4.562642,10690.351563,14.757127,11.61449,15.230085,0,315.962184,312.495893,0.005791,358.847125,,,,,,,,,,,,,,,,,,,,,,,,Idle,TrunkJettison,Idle,0,0,Idle,0,0,77.907278,0,77.907278,None,Continue,0,DeorbitReturn,,,,,,1,504.038025,504.038025,0,0,,,,,,,,,,,,,,1,0,0,1,1,0.589738,12865.178711,9493.052734,10690.351563
31.359999,-,0,0,0,None,Holding,0,313090.843406,7722.970147,7235.557784,1.509888,0,0,1793.122639,7728.340365,0.0002,0,150.551807,-0.186895,0,,1,0,0,0,29.447684,-0.186895,0.054162,0.002207,-0.014172,0.000007,12865.179171,9493.053568,3.103235,0.048443,4.562247,10690.350948,14.757127,11.61449,15.230085,0,315.962184,312.495893,0.005791,358.847125,,,,,,,,,,,,,,,,,,,,,,,,Idle,Settle,Idle,0,0,Idle,0,0,77.90739,0,77.90739,None,Continue,0,DeorbitReturn,,,,,,1,504.038025,504.038025,0,0,,,,,,,,,,,,,,1,0,0,1,1,0.589746,12865.181641,9493.055664,10690.351563
31.619999,-,0,0,0,None,Holding,0,313091.229151,7722.969694,7235.557302,1.510283,0,0,3586.245236,7728.340365,0.0002,0,151.575531,-0.236248,0,,1,0,0,0,28.42395,-0.236248,0.054174,0.002658,-0.015354,0.000007,12865.178768,9493.053131,3.103959,0.047977,4.56182,10690.350204,14.757128,11.61449,15.230086,0,315.962184,312.495893,0.005791,358.847125,,,,,,,,,,,,,,,,,,,,,,,,Idle,Settle,Idle,0,0,Idle,0,0,77.907502,0,77.907502,None,Continue,0,DeorbitReturn,,,,,,1,504.038025,504.038025,0,0,,,,,,,,,,,,,,1,0,0,1,1,0.589753,12865.177734,9493.052734,10690.349609
31.879999,-,0,0,0,None,Holding,0,313091.614984,7722.96924,7235.556819,1.510678,0,0,5379.367791,7728.340365,0.0002,0,152.563669,-0.289306,0,,1,0,0,0,27.435855,-0.289306,0.054189,0.003144,-0.016469,0.000007,12865.179665,9493.053597,3.104779,0.047517,4.561297,10690.350451,14.757127,11.61449,15.230085,0,315.962184,312.495893,0.005791,358.847125,,,,,,,,,,,,,,,,,,,,,,,,Idle,Settle,Idle,0,0,Idle,0,0,77.907614,0,77.907614,None,Continue,0,DeorbitReturn,,,,,,1,504.038025,504.038025,0,0,,,,,,,,,,,,,,1,0,0,1,1,0.589759,12865.179688,9493.052734,10690.350586
32.139999,-,0,0,0,None,Holding,0,313092.000908,7722.968786,7235.556337,1.511072,0,0,7172.490307,7728.340365,0.0002,0,153.512269,-0.346092,0,,1,0,0,0,26.487297,-0.346092,0.054202,0.003664,-0.017516,0.000007,12865.179872,9493.054059,3.105543,0.047055,4.56075,10690.350412,14.757128,11.61449,15.230085,0,315.962184,312.495893,0.005791,358.847125,,,,,,,,,,,,,,,,,,,,,,,,Idle,Settle,Idle,0,0,Idle,0,0,77.907727,0,77.907727,None,Continue,0,DeorbitReturn,,,,,,1,504.038025,504.038025,0,0,,,,,,,,,,,,,,1,0,0,1,1,0.589766,12865.179688,9493.053711,10690.350586
32.399999,-,0,0,0,None,Holding,0,313092.386928,7722.968332,7235.555854,1.511467,0,0,8965.612784,7728.340365,0.0002,0,154.416907,-0.406629,0,,1,0,0,0,25.582684,-0.406629,0.054215,0.004218,-0.018496,0.000007,12865.179868,9493.053584,3.10631,0.046589,4.560145,10690.350394,14.757126,11.61449,15.230084,0,315.962184,312.495893,0.005791,358.847125,,,,,,,,,,,,,,,,,,,,,,,,Idle,Settle,Idle,0,0,Idle,0,0,77.907839,0,77.907839,None,Continue,0,DeorbitReturn,,,,,,1,504.038025,504.038025,0,0,,,,,,,,,,,,,,1,0,0,1,1,0.589771,12865.177734,9493.051758,10690.348633
32.659999,-,0,0,0,None,Holding,0,313092.773049,7722.967878,7235.555372,1.511861,0,0,10758.735224,7728.340365,0.0002,0,155.272734,-0.470938,0,,1,0,0,0,24.726871,-0.470938,0.054229,0.004807,-0.019408,0.000007,12865.178208,9493.05247,3.107094,0.046125,4.559707,10690.349656,14.757126,11.61449,15.230084,0,315.962184,312.495893,0.005791,358.847125,,,,,,,,,,,,,,,,,,,,,,,,Idle,Settle,Idle,0,0,Idle,0,0,77.907951,0,77.907951,None,Continue,0,DeorbitReturn,,,,,,1,504.038025,504.038025,0,0,,,,,,,,,,,,,,1,0,0,1,1,0.589776,12865.175781,9493.050781,10690.348633
32.919999,-,0,0,0,None,Holding,0,313093.159275,7722.967424,7235.554889,1.512255,0,0,12551.857629,7728.340365,0.0002,0,156.074503,-0.539039,0,,1,0,0,0,23.925157,-0.539039,0.054243,0.005431,-0.020253,0.000007,12865.180411,9493.054536,3.107894,0.04566,4.559221,10690.351279,14.757128,11.61449,15.230086,0,315.962184,312.495893,0.005791,358.847125,,,,,,,,,,,,,,,,,,,,,,,,Idle,Settle,Idle,0,0,Idle,0,0,77.908064,0,77.908064,None,Continue,0,DeorbitReturn,,,,,,1,504.038025,504.038025,0,0,,,,,,,,,,,,,,1,0,0,1,1,0.589781,12865.182617,9493.057617,10690.353516
33.179999,-,0,0,0,None,Holding,0,313093.54561,7722.96697,7235.554406,1.512649,0,0,14344.979998,7728.340365,0.0002,0,156.816616,-0.610949,0,,1,0,0,0,23.18309,-0.610949,0.054256,0.006089,-0.02103,0.000007,12865.17941,9493.053779,3.108613,0.045193,4.558775,10690.350365,14.757126,11.61449,15.230084,0,315.962184,312.495893,0.005791,358.847125,,,,,,,,,,,,,,,,,,,,,,,,Idle,Settle,Idle,0,0,Idle,0,0,77.908176,0,77.908176,None,Continue,0,DeorbitReturn,,,,,,1,504.038025,504.038025,0,0,,,,,,,,,,,,,,1,0,0,1,1,0.589786,12865.178711,9493.052734,10690.349609
33.439999,-,0,0,0,None,Holding,0,313093.93206,7722.966515,7235.553923,1.513043,0,0,16138.102333,7728.340365,0.0002,0,157.493197,-0.686685,0,,1,0,0,0,22.506547,-0.686685,0.054268,0.006782,-0.021739,0.000007,12865.179822,9493.05377,3.109353,0.044724,4.558261,10690.351024,14.757128,11.61449,15.230085,0,315.962184,312.495893,0.005791,358.847125,,,,,,,,,,,,,,,,,,,,,,,,Idle,Settle,Idle,0,0,Idle,0,0,77.908289,0,77.908289,None,Continue,0,DeorbitReturn,,,,,,1,504.038025,504.038025,0,0,,,,,,,,,,,,,,1,0,0,1,1,0.589791,12865.179688,9493.053711,10690.349609
33.699999,-,0,0,0,None,Holding,0,313094.318627,7722.966061,7235.55344,1.513437,0,0,17931.224635,7728.340365,0.0002,0,158.098158,-0.766263,0,,1,0,0,0,21.901648,-0.766263,0.054282,0.007511,-0.022381,0.000007,12865.179839,9493.053888,3.110116,0.044257,4.557763,10690.350937,14.757128,11.61449,15.230086,0,315.962184,312.495893,0.005791,358.847125,,,,,,,,,,,,,,,,,,,,,,,,Idle,Settle,Idle,0,0,Idle,0,0,77.908401,0,77.908401,None,Continue,0,DeorbitReturn,,,,,,1,504.038025,504.038025,0,0,,,,,,,,,,,,,,1,0,0,1,1,0.589796,12865.18457,9493.056641,10690.352539
33.959999,-,0,0,0,None,Holding,0,313094.705317,7722.965606,7235.552956,1.51383,0,0,19724.346903,7728.340365,0.0002,0,158.625334,-0.849698,0,,1,0,0,0,21.37452,-0.849698,0.054295,0.008275,-0.022954,0.000007,12865.178283,9493.052837,3.110888,0.04379,4.557231,10690.349887,14.757127,11.61449,15.230085,0,315.962184,312.495893,0.005791,358.847125,,,,,,,,,,,,,,,,,,,,,,,,Idle,Settle,Idle,0,0,Idle,0,0,77.908513,0,77.908513,None,Continue,0,DeorbitReturn,,,,,,1,504.038025,504.038025,0,0,,,,,,,,,,,,,,1,0,0,1,1,0.5898,12865.174805,9493.049805,10690.348633
34.219999,-,0,0,0,None,Holding,0,313095.092134,7722.965151,7235.552473,1.514224,0,0,21517.469139,7728.340365,0.0002,0,159.068906,-0.937002,0,,1,0,0,0,20.931012,-0.937002,0.054308,0.009074,-0.02346,0.000007,12865.17888,9493.053437,3.111593,0.043325,4.556868,10690.350426,14.757127,11.61449,15.230085,0,315.962184,312.495893,0.005791,358.847125,,,,,,,,,,,,,,,,,,,,,,,,Idle,Burn,Idle,0,0,Idle,0,0,77.908626,0,77.908626,None,Continue,0,DeorbitReturn,,,,,,1,504.038025,504.038025,0,0,,,,,,,,,,,,,,1,0,0,1,1,0.589805,12865.181641,9493.055664,10690.352539
34.479999,-,0,0,0,None,Holding,0,313095.479083,7722.964697,7235.551989,1.514617,0,0,23310.591343,7728.340365,0.0002,0,159.42346,-1.028185,0,,1,0,0,0,20.576507,-1.028185,0.054324,0.009909,-0.023897,0.000006,12865.180159,9493.05404,3.112526,0.042862,4.556234,10690.351066,14.757127,11.61449,15.230085,0,315.962184,312.495893,0.005791,358.847125,,,,,,,,,,,,,,,,,,,,,,,,Idle,Burn,Idle,0,0,Idle,0,0,77.908739,0,77.908739,None,Continue,0,DeorbitReturn,,,,,,1,504.038025,504.038025,0,0,,,,,,,,,,,,,,1,0,0,1,1,0.589809,12865.181641,9493.054688,10690.353516
34.739999,-,0,0,0,None,Holding,0,313095.866167,7722.964242,7235.551506,1.51501,0,0,25103.713516,7728.340365,0.0002,0,159.684365,-1.123259,0,,1,0,0,0,20.315663,-1.123259,0.054337,0.010779,-0.024266,0.000006,12865.180186,9493.05391,3.113301,0.042398,4.555693,10690.350935,14.757126,11.61449,15.230084,0,315.962184,312.495893,0.005791,358.847125,,,,,,,,,,,,,,,,,,,,,,,,Idle,Burn,Idle,0,0,Idle,0,0,77.908851,0,77.908851,None,Continue,0,DeorbitReturn,,,,,,1,504.038025,504.038025,0,0,,,,,,,,,,,,,,1,0,0,1,1,0.589814,12865.175781,9493.048828,10690.347656
34.999999,-,0,0,0,None,Holding,0,313096.253392,7722.963786,7235.551022,1.515403,0,0,26896.835657,7728.340365,0.0002,0,159.848057,-1.222228,0,,1,0,0,0,20.152038,-1.222228,0.05435,0.011685,-0.024566,0.000006,12865.179345,9493.053755,3.114049,0.041927,4.55514,10690.350713,14.757126,11.61449,15.230084,0,315.962184,312.495893,0.005791,358.847125,,,,,,,,,,,,,,,,,,,,,,,,Idle,Burn,Idle,0,0,Idle,0,0,77.908964,0,77.908964,None,Continue,0,DeorbitReturn,,,,,,1,504.038025,504.038025,0,0,,,,,,,,,,,,,,1,0,0,1,1,0.589818,12865.176758,9493.053711,10690.349609
35.259999,-,0,0,0,None,Holding,0,313096.640761,7722.963331,7235.550538,1.515796,0,0,28689.957766,7728.340365,0.0002,0,159.912081,-1.325104,0,,1,0,0,0,20.088092,-1.325104,0.054363,0.012627,-0.024797,0.000006,12865.178677,9493.053216,3.114784,0.041458,4.554652,10690.35028,14.757126,11.61449,15.230084,0,315.962184,312.495893,0.005791,358.847125,,,,,,,,,,,,,,,,,,,,,,,,Idle,Burn,Idle,0,0,Idle,0,0,77.909076,0,77.909076,None,Continue,0,DeorbitReturn,,,,,,1,504.038025,504.038025,0,0,,,,,,,,,,,,,,1,0,0,1,1,0.589822,12865.179688,9493.052734,10690.350586
35.519999,-,0,0,0,None,Holding,0,313097.028279,7722.962876,7235.550054,1.516189,0,0,30483.079843,7728.340365,0.0002,0,159.875512,-1.431889,0,,1,0,0,0,20.124695,-1.431889,0.054377,0.013605,-0.024959,0.000006,12865.178892,9493.05331,3.115584,0.040993,4.554154,10690.350636,14.757127,11.61449,15.230085,0,315.962184,312.495893,0.005791,358.847125,,,,,,,,,,,,,,,,,,,,,,,,Idle,Burn,Idle,0,0,Idle,0,0,77.909189,0,77.909189,None,Continue,0,DeorbitReturn,,,,,,1,504.038025,504.038025,0,0,,,,,,,,,,,,,,1,0,0,1,1,0.589826,12865.180664,9493.054688,10690.351563
35.779999,-,0,0,0,None,Holding,0,313097.415949,7722.96242,7235.549569,1.516581,0,0,32276.201889,7728.340365,0.0002,0,159.738897,-1.54259,0,,1,0,0,0,20.261389,-1.54259,0.05439,0.014618,-0.025051,0.000006,12865.178932,9493.053323,3.116298,0.040523,4.553752,10690.350593,14.757127,11.61449,15.230085,0,315.962184,312.495893,0.005791,358.847125,,,,,,,,,,,,,,,,,,,,,,,,Idle,Burn,Idle,0,0,Idle,0,0,77.909302,0,77.909302,None,Continue,0,DeorbitReturn,,,,,,1,504.038025,504.038025,0,0,,,,,,,,,,,,,,1,0,0,1,1,0.58983,12865.176758,9493.051758,10690.349609
36.039999,-,0,0,0,None,Holding,0,313097.803777,7722.961965,7235.549085,1.516974,0,0,34069.323902,7728.340365,0.0002,0,159.504291,-1.657207,0,,1,0,0,0,20.496057,-1.657207,0.054404,0.015667,-0.025073,0.000006,12865.179147,9493.053296,3.117141,0.040053,4.553111,10690.350561,14.757126,11.61449,15.230084,0,315.962184,312.495893,0.005791,358.847125,,,,,,,,,,,,,,,,,,,,,,,,Idle,Burn,Idle,0,0,Idle,0,0,77.909414,0,77.909414,None,Continue,0,DeorbitReturn,,,,,,1,504.038025,504.038025,0,0,,,,,,,,,,,,,,1,0,0,1,1,0.589833,12865.177734,9493.050781,10690.349609
36.299999,-,0,0,0,None,Holding,0,313098.191767,7722.961509,7235.548601,1.517366,0,0,35862.445883,7728.340365,0.0002,0,159.175009,-1.775741,0,,1,0,0,0,20.825373,-1.775741,0.054417,0.016752,-0.025024,0.000006,12865.179815,9493.054036,3.117871,0.039584,4.552615,10690.350886,14.757127,11.61449,15.230085,0,315.962184,312.495893,0.005791,358.847125,,,,,,,,,,,,,,,,,,,,,,,,Idle,Burn,Idle,0,0,Idle,0,0,77.909527,0,77.909527,None,Continue,0,DeorbitReturn,,,,,,1,504.038025,504.038025,0,0,,,,,,,,,,,,,,1,0,0,1,1,0.589837,12865.182617,9493.055664,10690.351563
36.559999,-,0,0,0,None,Holding,0,313098.579922,7722.961053,7235.548116,1.517758,0,0,37655.56783,7728.340365,0.0002,0,158.755413,-1.898194,0,,1,0,0,0,21.245029,-1.898194,0.054431,0.017873,-0.024905,0.000006,12865.1793,9493.053388,3.118688,0.039121,4.552153,10690.350595,14.757127,11.61449,15.230085,0,315.962184,312.495893,0.005791,358.847125,,,,,,,,,,,,,,,,,,,,,,,,Idle,Burn,Idle,0,0,Idle,0,0,77.90964,0,77.90964,None,Continue,0,DeorbitReturn,,,,,,1,504.038025,504.038025,0,0,,,,,,,,,,,,,,1,0,0,1,1,0.58984,12865.176758,9493.050781,10690.349609
36.819999,-,0,0,0,None,Holding,0,313098.968247,7722.960597,7235.547631,1.51815,0,0,39448.689742,7728.340365,0.0002,0,158.250865,-2.024559,0,,1,0,0,0,21.74962,-2.024559,0.054446,0.01903,-0.024713,0.000006,12865.179186,9493.053334,3.119511,0.03865,4.551542,10690.350202,14.757126,11.61449,15.230084,0,315.962184,312.495893,0.005791,358.847125,,,,,,,,,,,,,,,,,,,,,,,,Idle,Burn,Idle,0,0,Idle,0,0,77.909753,0,77.909753,None,Continue,0,DeorbitReturn,,,,,,1,504.038025,504.038025,0,0,,,,,,,,,,,,,,1,0,0,1,1,0.589843,12865.174805,9493.049805,10690.347656
37.079999,-,0,0,0,None,Holding,0,313099.356746,7722.960141,7235.547147,1.518542,0,0,41241.81162,7728.340365,0.0002,0,157.667063,-2.154835,0,,1,0,0,0,22.333459,-2.154835,0.05446,0.020223,-0.02445,0.000006,12865.180268,9493.053761,3.120303,0.03818,4.551139,10690.351021,14.757128,11.61449,15.230086,0,315.962184,312.495893,0.005791,358.847125,,,,,,,,,,,,,,,,,,,,,,,,Idle,Burn,Idle,0,0,Idle,0,0,77.909866,0,77.909866,None,Continue,0,DeorbitReturn,,,,,,1,504.038025,504.038025,0,0,,,,,,,,,,,,,,1,0,0,1,1,0.589846,12865.179688,9493.053711,10690.351563
37.339999,-,0,0,0,None,Holding,0,313099.745423,7722.959685,7235.546662,1.518934,0,0,43034.933462,7728.340365,0.0002,0,157.010088,-2.289017,0,,1,0,0,0,22.99049,-2.289017,0.054473,0.021451,-0.024114,0.000006,12865.17955,9493.053866,3.121065,0.03771,4.550711,10690.350851,14.757127,11.61449,15.230085,0,315.962184,312.495893,0.005791,358.847125,,,,,,,,,,,,,,,,,,,,,,,,Idle,Burn,Idle,0,0,Idle,0,0,77.909978,0,77.909978,None,Continue,0,DeorbitReturn,,,,,,1,504.038025,504.038025,0,0,,,,,,,,,,,,,,1,0,0,1,1,0.589849,12865.174805,9493.050781,10690.347656
37.599999,-,0,0,0,None,Holding,0,313100.134282,7722.959229,7235.546177,1.519326,0,0,44828.055266,7728.340365,0.0002,0,156.28605,-2.427096,0,,1,0,0,0,23.714543,-2.427096,0.054487,0.022715,-0.023705,0.000006,12865.179145,9493.053816,3.121872,0.037245,4.550206,10690.350349,14.757127,11.61449,15.230085,0,315.962184,312.495893,0.005791,358.847125,,,,,,,,,,,,,,,,,,,,,,,,Idle,Burn,Idle,0,0,Idle,0,0,77.910091,0,77.910091,None,Continue,0,DeorbitReturn,,,,,,1,504.038025,504.038025,0,0,,,,,,,,,,,,,,1,0,0,1,1,0.589851,12865.180664,9493.054688,10690.351563
37.859999,-,0,0,0,None,Holding,0,313100.523326,7722.958773,7235.545691,1.519717,0,0,46621.177032,7728.340365,0.0002,0,155.500879,-2.569065,0,,1,0,0,0,24.499761,-2.569065,0.0545,0.024015,-0.023222,0.000006,12865.178975,9493.053346,3.122604,0.036776,4.549656,10690.350211,14.757126,11.61449,15.230084,0,315.962184,312.495893,0.005791,358.847125,,,,,,,,,,,,,,,,,,,,,,,,Idle,Burn,Idle,0,0,Idle,0,0,77.910204,0,77.910204,None,Continue,0,DeorbitReturn,,,,,,1,504.038025,504.038025,0,0,,,,,,,,,,,,,,1,0,0,1,1,0.589854,12865.176758,9493.052734,10690.349609
38.119999,-,0,0,0,None,Holding,0,313100.912559,7722.958316,7235.545206,1.520109,0,0,48414.298758,7728.340365,0.0002,0,154.660333,-2.714911,0,,1,0,0,0,25.34033,-2.714911,0.054514,0.02535,-0.022664,0.000005,12865.178722,9493.053265,3.123445,0.036308,4.549078,10690.350067,14.757126,11.61449,15.230083,0,315.962184,312.495893,0.005791,358.847125,,,,,,,,,,,,,,,,,,,,,,,,Idle,Burn,Idle,0,0,Idle,0,0,77.910317,0,77.910317,None,Continue,0,DeorbitReturn,,,,,,1,504.038025,504.038025,0,0,,,,,,,,,,,,,,1,0,0,1,1,0.589856,12865.173828,9493.049805,10690.34668
38.379999,-,0,0,0,None,Holding,0,313101.301987,7722.957859,7235.544721,1.5205,0,0,50207.420443,7728.340365,0.0002,0,153.769728,-2.864623,0,,1,0,0,0,26.230944,-2.864623,0.054527,0.026721,-0.022031,0.000005,12865.179544,9493.053451,3.124163,0.035844,4.548563,10690.350691,14.757126,11.61449,15.230084,0,315.962184,312.495893,0.005791,358.847125,,,,,,,,,,,,,,,,,,,,,,,,Idle,Burn,Idle,0,0,Idle,0,0,77.91043,0,77.91043,None,Continue,0,DeorbitReturn,,,,,,1,504.038025,504.038025,0,0,,,,,,,,,,,,,,1,0,0,1,1,0.589858,12865.180664,9493.053711,10690.349609
38.639999,-,0,0,0,None,Holding,0,313101.691611,7722.957403,7235.544235,1.520891,0,0,52000.542085,7728.340365,0.0002,0,152.834052,-3.018185,0,,1,0,0,0,27.166649,-3.018185,0.054542,0.028126,-0.021321,0.000005,12865.180172,9493.054,3.12501,0.035374,4.548111,10690.351314,14.757127,11.61449,15.230085,0,315.962184,312.495893,0.005791,358.847125,,,,,,,,,,,,,,,,,,,,,,,,Idle,Burn,Idle,0,0,Idle,0,0,77.910543,0,77.910543,None,Continue,0,DeorbitReturn,,,,,,1,504.038025,504.038025,0,0,,,,,,,,,,,,,,1,0,0,1,1,0.589859,12865.177734,9493.052734,10690.350586
38.899999,-,0,0,0,None,Holding,0,313102.081437,7722.956946,7235.543749,1.521282,0,0,53793.663682,7728.340365,0.0002,0,151.857801,-3.175581,0,,1,0,0,0,28.142939,-3.175581,0.054556,0.029567,-0.020535,0.000005,12865.179601,9493.05419,3.125815,0.03491,4.54758,10690.350998,14.757126,11.61449,15.230084,0,315.962184,312.495893,0.005791,358.847125,,,,,,,,,,,,,,,,,,,,,,,,Idle,Burn,Idle,0,0,Idle,0,0,77.910656,0,77.910656,None,Continue,0,DeorbitReturn,,,,,,1,504.038025,504.038025,0,0,,,,,,,,,,,,,,1,0,0,1,1,0.58986,12865.179688,9493.053711,10690.351563
39.139999,-,0,0,0,None,Holding,0,313102.471467,7722.956489,7235.543263,1.521673,0,0,55577.493605,7728.340365,0.0002,0,150.845093,-3.336791,0,,1,0,0,0,29.155647,-3.336791,0.054569,0.031043,-0.01967,0.000005,12865.179167,9493.053585,3.12657,0.034443,4.546966,10690.351002,14.757126,11.61449,15.230084,0,315.962184,312.495893,0.005791,358.847125,,,,,,,,,,,,,,,,,,,,,,,,Idle,Burn,Idle,0,0,Idle,0,0,77.910769,0,77.910769,None,Continue,0,DeorbitReturn,,,,,,1,504.038025,504.038025,0,0,,,,,,,,,,,,,,1,0,0,1,1,0.589861,12865.176758,9493.052734,10690.351563
39.419999,-,0,0,0,None,Holding,0,313102.861705,7722.956032,7235.542777,1.522063,0,0,57379.906736,7728.340365,0.0002,0,149.799599,-3.501795,0,,1,0,0,0,30.201142,-3.501795,0.054584,0.032553,-0.018726,0.000005,12865.180249,9493.053654,3.127416,0.033978,4.546348,10690.351328,14.757127,11.61449,15.230085,0,315.962184,312.495893,0.005791,358.847125,,,,,,,,,,,,,,,,,,,,,,,,Idle,Burn,Idle,0,0,Idle,0,0,77.910882,0,77.910882,None,Continue,0,DeorbitReturn,,,,,,1,504.038025,504.038025,0,0,,,,,,,,,,,,,,1,0,0,1,1,0.58986,12865.182617,9493.055664,10690.353516
39.679999,-,0,0,0,None,Holding,0,313103.252155,7722.955574,7235.542291,1.522454,0,0,59173.028188,7728.340365,0.0002,0,148.72466,-3.670572,0,,1,0,0,0,31.276112,-3.670572,0.054597,0.034098,-0.017702,0.000005,12865.1812,9493.054128,3.12817,0.033514,4.545931,10690.351901,14.757126,11.61449,15.230084,0,315.962184,312.495893,0.005791,358.847125,,,,,,,,,,,,,,,,,,,,,,,,Idle,Burn,Idle,0,0,Idle,0,0,77.910996,0,77.910996,None,Continue,0,DeorbitReturn,,,,,,1,504.038025,504.038025,0,0,,,,,,,,,,,,,,1,0,0,1,1,0.589859,12865.178711,9493.051758,10690.349609
39.939999,-,0,0,0,None,Holding,0,313103.642819,7722.955117,7235.541805,1.522844,0,0,60966.149587,7728.340365,0.0002,0,147.623247,-3.843093,0,,1,0,0,0,32.377549,-3.843093,0.05461,0.035678,-0.016597,0.000005,12865.17977,9493.053671,3.12894,0.033046,4.54532,10690.350988,14.757127,11.61449,15.230085,0,315.962184,312.495893,0.005791,358.847125,,,,,,,,,,,,,,,,,,,,,,,,Idle,Burn,Idle,0,0,Idle,0,0,77.911109,0,77.911109,None,Continue,0,DeorbitReturn,,,,,,1,504.038025,504.038025,0,0,,,,,,,,,,,,,,1,0,0,1,1,0.589857,12865.180664,9493.054688,10690.351563
40.199999,-,0,0,0,None,Holding,0,313104.033703,7722.95466,7235.541319,1.523234,0,0,62759.270932,7728.340365,0.0002,0,146.497991,-4.019331,0,,1,0,0,0,33.502806,-4.019331,0.054625,0.037291,-0.015409,0.000005,12865.179384,9493.053571,3.129787,0.032576,4.544937,10690.350531,14.757126,11.61449,15.230084,0,315.962184,312.495893,0.005791,358.847125,,,,,,,,,,,,,,,,,,,,,,,,Idle,Burn,Idle,0,0,Idle,0,0,77.911222,0,77.911222,None,Continue,0,DeorbitReturn,,,,,,1,504.038025,504.038025,0,0,,,,,,,,,,,,,,1,0,0,1,1,0.589855,12865.178711,9493.052734,10690.350586
40.459999,-,0,0,0,None,Holding,0,313104.424808,7722.954202,7235.540832,1.523625,0,0,64552.39222,7728.340365,0.0002,0,145.35124,-4.199257,0,,1,0,0,0,34.649558,-4.199257,0.054641,0.038938,-0.014138,0.000005,12865.180263,9493.054038,3.130696,0.032107,4.544315,10690.351192,14.757127,11.61449,15.230085,0,315.962184,312.495893,0.005791,358.847125,,,,,,,,,,,,,,,,,,,,,,,,Idle,Burn,Idle,0,0,Idle,0,0,77.911335,0,77.911335,None,Continue,0,DeorbitReturn,,,,,,1,504.038025,504.038025,0,0,,,,,,,,,,,,,,1,0,0,1,1,0.589852,12865.181641,9493.054688,10690.353516
40.719999,-,0,0,0,None,Holding,0,313104.816137,7722.953744,7235.540346,1.524015,0,0,66345.513448,7728.340365,0.0002,0,144.185083,-4.382838,0,,1,0,0,0,35.815705,-4.382838,0.054653,0.040619,-0.012782,0.000005,12865.179925,9493.054165,3.131387,0.031637,4.543864,10690.35123,14.757127,11.61449,15.230085,0,315.962184,312.495893,0.005791,358.847125,,,,,,,,,,,,,,,,,,,,,,,,Idle,Burn,Idle,0,0,Idle,0,0,77.911448,0,77.911448,None,Continue,0,DeorbitReturn,,,,,,1,504.038025,504.038025,0,0,,,,,,,,,,,,,,1,0,0,1,1,0.58985,12865.179688,9493.054688,10690.350586
40.959999,-,0,0,0,None,Holding,0,313105.207695,7722.953287,7235.539859,1.524404,0,0,68129.342985,7728.340365,0.0002,0,143.001409,-4.570039,0,,1,0,0,0,36.999399,-4.570039,0.054668,0.042332,-0.011341,0.000005,12865.179761,9493.053706,3.13223,0.031173,4.543202,10690.351004,14.757126,11.61449,15.230084,0,315.962184,312.495893,0.005791,358.847125,,,,,,,,,,,,,,,,,,,,,,,,Idle,Burn,Idle,0,0,Idle,0,0,77.911562,0,77.911562,None,Continue,0,DeorbitReturn,,,,,,1,504.038025,504.038025,0,0,,,,,,,,,,,,,,1,0,0,1,1,0.589846,12865.179688,9493.053711,10690.350586
41.239999,-,0,0,0,None,Holding,0,313105.599484,7722.952829,7235.539372,1.524794,0,0,69931.755713,7728.340365,0.0002,0,141.80186,-4.760822,0,,1,0,0,0,38.198963,-4.760822,0.054682,0.044079,-0.009811,0.000005,12865.18099,9493.054768,3.133049,0.030702,4.542707,10690.351861,14.757128,11.61449,15.230085,0,315.962184,312.495893,0.005791,358.847125,,,,,,,,,,,,,,,,,,,,,,,,Idle,Burn,Idle,0,0,Idle,0,0,77.911675,0,77.911675,None,Continue,0,DeorbitReturn,,,,,,1,504.038025,504.038025,0,0,,,,,,,,,,,,,,1,0,0,1,1,0.589843,12865.182617,9493.057617,10690.353516
41.499999,-,0,0,0,None,Holding,0,313105.991508,7722.952371,7235.538885,1.525184,0,0,71724.876746,7728.340365,0.0002,0,140.587916,-4.955144,0,,1,0,0,0,39.412911,-4.955144,0.054695,0.045858,-0.008193,0.000005,12865.180853,9493.054448,3.133804,0.030233,4.542284,10690.352018,14.757127,11.61449,15.230085,0,315.962184,312.495893,0.005791,358.847125,,,,,,,,,,,,,,,,,,,,,,,,Idle,Burn,Idle,0,0,Idle,0,0,77.911788,0,77.911788,None,Continue,0,DeorbitReturn,,,,,,1,504.038025,504.038025,0,0,,,,,,,,,,,,,,1,0,0,1,1,0.589839,12865.182617,9493.054688,10690.352539
41.759999,-,0,0,0,None,Holding,0,313106.383768,7722.951912,7235.538398,1.525573,0,0,73517.997709,7728.340365,0.0002,0,139.360904,-5.152963,0,,1,0,0,0,40.639917,-5.152963,0.054709,0.047669,-0.006484,0.000005,12865.179921,9493.053751,3.134602,0.029769,4.541628,10690.350742,14.757127,11.61449,15.230085,0,315.962184,312.495893,0.005791,358.847125,,,,,,,,,,,,,,,,,,,,,,,,Idle,Burn,Idle,0,0,Idle,0,0,77.911902,0,77.911902,None,Continue,0,DeorbitReturn,,,,,,1,504.038025,504.038025,0,0,,,,,,,,,,,,,,1,0,0,1,1,0.589835,12865.181641,9493.054688,10690.350586
42.019999,-,0,0,0,None,Holding,0,313106.776268,7722.951454,7235.537911,1.525963,0,0,75311.118597,7728.340365,0.0002,0,138.122021,-5.35423,0,,1,0,0,0,41.878816,-5.35423,0.054724,0.049511,-0.004683,0.000004,12865.179953,9493.053291,3.135464,0.0293,4.541226,10690.350543,14.757126,11.61449,15.230084,0,315.962184,312.495893,0.005791,358.847125,,,,,,,,,,,,,,,,,,,,,,,,Idle,Burn,Idle,0,0,Idle,0,0,77.912015,0,77.912015,None,Continue,0,DeorbitReturn,,,,,,1,504.038025,504.038025,0,0,,,,,,,,,,,,,,1,0,0,1,1,0.589831,12865.179688,9493.052734,10690.349609
42.279999,-,0,0,0,None,Holding,0,313107.171917,7722.960909,7235.547337,1.543031,0,0,77104.239524,7728.064276,0.005068,0,137.10193,-5.550282,0,,1,0,0,0,42.898931,-5.550282,0.014539,0.050936,-0.002822,0.000005,12865.182516,9493.055027,0.833041,0.031971,4.540377,10690.351762,14.756666,11.614096,15.229604,0,316.001481,312.490941,0.005803,358.855309,,,,,,,,,,,,,,,,,,,,,,,,Idle,Burn,Idle,0,0,Idle,0,0,77.912129,0,77.912129,None,Continue,0,DeorbitReturn,,,,,,1,503.964417,503.964417,0,0,,,,,,,,,,,,,,1,0,0,0.999792,0.999792,0.589827,12865.1875,9493.057617,10690.355469
42.539999,-,0,0,0,None,Holding,0,313107.571743,7722.960446,7235.546844,1.543426,0,0,78897.360496,7728.064276,0.005067,0,136.378985,-5.736262,0,,1,0,0,0,43.621859,-5.736262,0.014554,0.052639,-0.000925,0.000005,12865.183461,9493.054681,0.833876,0.031849,4.540159,10690.351205,14.756664,11.614096,15.229602,0,316.001481,312.490941,0.005803,358.855309,,,,,,,,,,,,,,,,,,,,,,,,Idle,Burn,Idle,0,0,Idle,0,0,77.912244,0,77.912244,None,Continue,0,DeorbitReturn,,,,,,1,503.93985,503.93985,0,0,,,,,,,,,,,,,,1,0,0,0.999792,0.999792,0.589823,12865.181641,9493.052734,10690.351563
42.799999,-,0,0,0,None,Holding,0,313107.97177,7722.959982,7235.546352,1.543821,0,0,80690.481341,7728.064276,0.0002,0,135.638944,-5.923175,0,,1,0,0,0,44.361902,-5.923175,0.014568,0.05435,0.001049,0.000005,12865.185282,9493.05617,0.8347,0.031725,4.54012,10690.351913,14.756666,11.614096,15.229604,0,316.001481,312.490941,0.005803,358.855309,,,,,,,,,,,,,,,,,,,,,,,,Idle,Burn,Idle,0,0,Idle,0,0,77.912358,0,77.912358,None,Continue,0,DeorbitReturn,,,,,,1,503.93985,503.93985,0,0,,,,,,,,,,,,,,1,0,0,0.999792,0.999792,0.589818,12865.188477,9493.058594,10690.354492
43.059999,-,0,0,0,None,Holding,0,313108.371998,7722.959518,7235.545859,1.544216,0,0,82483.602059,7728.064276,0.0002,0,134.882696,-6.111007,0,,1,0,0,0,45.118174,-6.111007,0.014583,0.056069,0.003101,0.000005,12865.184894,9493.055825,0.835556,0.0316,4.539812,10690.351891,14.756664,11.614096,15.229602,0,316.001481,312.490941,0.005803,358.855309,,,,,,,,,,,,,,,,,,,,,,,,Idle,Burn,Idle,0,0,Idle,0,0,77.912473,0,77.912473,None,Continue,0,DeorbitReturn,,,,,,1,503.93985,503.93985,0,0,,,,,,,,,,,,,,1,0,0,0.999792,0.999792,0.589814,12865.181641,9493.052734,10690.349609
43.319999,-,0,0,0,None,Holding,0,313108.772429,7722.959054,7235.545365,1.54461,0,0,84276.722647,7728.064276,0.0002,0,134.11111,-6.299743,0,,1,0,0,0,45.889745,-6.299743,0.014596,0.057797,0.005231,0.000005,12865.185307,9493.05603,0.836304,0.031477,4.539694,10690.352734,14.756665,11.614096,15.229603,0,316.001481,312.490941,0.005803,358.855309,,,,,,,,,,,,,,,,,,,,,,,,Idle,Burn,Idle,0,0,Idle,0,0,77.912588,0,77.912588,None,Continue,0,DeorbitReturn,,,,,,1,503.93985,503.93985,0,0,,,,,,,,,,,,,,1,0,0,0.999792,0.999792,0.589809,12865.186523,9493.056641,10690.355469
43.579999,-,0,0,0,None,Holding,0,313109.178639,7722.967646,7235.553928,1.561946,0,0,86069.843132,7727.788188,0.005059,0,133.743899,-6.473308,0,,1,0,0,0,46.25698,-6.473308,-0.025588,0.059016,0.007353,0.000005,12865.18761,9493.056733,-1.466109,0.03462,4.53938,10690.352228,14.756206,11.613701,15.229122,0,316.038508,312.485295,0.005827,358.871592,,,,,,,,,,,,,,,,,,,,,,,,Idle,Burn,Idle,0,0,Idle,0,0,77.912704,0,77.912704,None,Continue,0,DeorbitReturn,,,,,,1,503.841705,503.841705,0,0,,,,,,,,,,,,,,1,0,0,0.999584,0.999584,0.589804,12865.1875,9493.057617,10690.351563
43.839999,-,0,0,0,None,Holding,0,313109.586385,7722.967177,7235.553429,1.562346,0,0,87862.963494,7727.788188,0.0002,0,133.452723,-6.641878,0,,1,0,0,0,46.54814,-6.641878,-0.025574,0.060559,0.009518,0.000005,12865.188508,9493.056854,-1.465257,0.034837,4.539571,10690.352071,14.756206,11.613701,15.229121,0,316.038508,312.485295,0.005827,358.871592,,,,,,,,,,,,,,,,,,,,,,,,Idle,Burn,Idle,0,0,Idle,0,0,77.91282,0,77.91282,None,Continue,0,DeorbitReturn,,,,,,1,503.841705,503.841705,0,0,,,,,,,,,,,,,,1,0,0,0.999584,0.999584,0.589799,12865.186523,9493.055664,10690.350586
44.099999,-,0,0,0,None,Holding,0,313109.994339,7722.966708,7235.55293,1.562745,0,0,89656.083729,7727.788188,0.0002,0,133.137474,-6.809063,0,,1,0,0,0,46.86339,-6.809063,-0.025561,0.062089,0.011744,0.000005,12865.188553,9493.056533,-1.464518,0.035056,4.539888,10690.352039,14.756206,11.613701,15.229121,0,316.038508,312.485295,0.005827,358.871592,,,,,,,,,,,,,,,,,,,,,,,,Idle,Burn,Idle,0,0,Idle,0,0,77.912936,0,77.912936,None,Continue,0,DeorbitReturn,,,,,,1,503.841705,503.841705,0,0,,,,,,,,,,,,,,1,0,0,0.999584,0.999584,0.589795,12865.185547,9493.054688,10690.351563
44.359999,-,0,0,0,None,Holding,0,313110.402501,7722.966238,7235.552431,1.563145,0,0,91449.203835,7727.788188,0.0002,0,132.798672,-6.974883,0,,1,0,0,0,47.202215,-6.974883,-0.025548,0.063607,0.014032,0.000005,12865.188594,9493.056768,-1.463781,0.035269,4.540308,10690.351552,14.756207,11.613701,15.229122,0,316.038508,312.485295,0.005827,358.871592,,,,,,,,,,,,,,,,,,,,,,,,Idle,Burn,Idle,0,0,Idle,0,0,77.913052,0,77.913052,None,Continue,0,DeorbitReturn,,,,,,1,503.841705,503.841705,0,0,,,,,,,,,,,,,,1,0,0,0.999584,0.999584,0.58979,12865.189453,9493.058594,10690.351563
44.619999,-,0,0,0,None,Holding,0,313110.814855,7722.974631,7235.560795,1.580191,0,0,93242.323847,7727.511622,0.005057,0,132.720968,-7.128493,0,,1,0,0,0,47.279914,-7.128493,-0.065734,0.064643,0.016315,0.000006,12865.190625,9493.057048,-3.766257,0.038685,4.539997,10690.351002,14.755749,11.613305,15.228642,0,316.074787,312.479724,0.005863,358.896565,,,,,,,,,,,,,,,,,,,,,,,,Idle,Burn,Idle,0,0,Idle,0,0,77.913169,0,77.913169,None,Continue,0,DeorbitReturn,,,,,,1,503.817139,503.817139,0,0,,,,,,,,,,,,,,1,0,0,0.999375,0.999375,0.589785,12865.188477,9493.053711,10690.347656
44.859999,-,0,0,0,None,Holding,0,313111.230381,7722.974157,7235.56029,1.580595,0,0,95026.152166,7727.511622,0.002579,0,132.816953,-7.271055,0,,1,0,0,0,47.183928,-7.271055,-0.06572,0.065948,0.018604,0.000006,12865.191723,9493.056973,-3.765461,0.039244,4.540667,10690.350731,14.75575,11.613305,15.228642,0,316.074787,312.479724,0.005863,358.896565,,,,,,,,,,,,,,,,,,,,,,,,Idle,Burn,Idle,0,0,Idle,0,0,77.913286,0,77.913286,None,Continue,0,DeorbitReturn,,,,,,1,503.7435,503.7435,0,0,,,,,,,,,,,,,,1,0,0,0.999375,0.999375,0.589781,12865.193359,9493.058594,10690.351563
45.139999,-,0,0,0,None,Holding,0,313111.646167,7722.973682,7235.559785,1.580999,0,0,96828.563662,7727.511622,0.0002,0,132.87514,-7.410071,0,,1,0,0,0,47.125726,-7.410071,-0.065705,0.067221,0.020942,0.000006,12865.193687,9493.058542,-3.764642,0.039799,4.541229,10690.352131,14.75575,11.613305,15.228642,0,316.074787,312.479724,0.005863,358.896565,,,,,,,,,,,,,,,,,,,,,,,,Idle,Burn,Idle,0,0,Idle,0,0,77.913404,0,77.913404,None,Continue,0,DeorbitReturn,,,,,,1,503.7435,503.7435,0,0,,,,,,,,,,,,,,1,0,0,0.999375,0.999375,0.589777,12865.194336,9493.05957,10690.353516
45.399999,-,0,0,0,None,Holding,0,313112.062208,7722.973207,7235.55928,1.581404,0,0,98621.683451,7727.511622,0.0002,0,132.895463,-7.545584,0,,1,0,0,0,47.105412,-7.545584,-0.065691,0.068461,0.02333,0.000006,12865.193039,9493.058492,-3.763828,0.040359,4.541792,10690.351969,14.75575,11.613305,15.228642,0,316.074787,312.479724,0.005863,358.896565,,,,,,,,,,,,,,,,,,,,,,,,Idle,Burn,Idle,0,0,Idle,0,0,77.913521,0,77.913521,None,Continue,0,DeorbitReturn,,,,,,1,503.7435,503.7435,0,0,,,,,,,,,,,,,,1,0,0,0.999375,0.999375,0.589773,12865.194336,9493.061523,10690.353516
45.659999,-,0,0,0,None,Holding,0,313112.484057,7722.981905,7235.567949,1.59768,0,0,100414.803408,7727.235056,0.005061,0,133.244966,-7.662722,0,,1,0,0,0,46.755906,-7.662722,-0.10588,0.069163,0.025681,0.000006,12865.194809,9493.057991,-6.066451,0.042767,4.542309,10690.35105,14.755295,11.612909,15.228166,0,316.111446,312.474852,0.005912,358.930434,,,,,,,,,,,,,,,,,,,,,,,,Idle,Burn,Idle,0,0,Idle,0,0,77.91364,0,77.91364,None,Continue,0,DeorbitReturn,,,,,,1,503.645325,503.645325,0,0,,,,,,,,,,,,,,1,0,0,0.999167,0.999167,0.58977,12865.197266,9493.058594,10690.351563
45.899999,-,0,0,0,None,Holding,0,313112.907562,7722.981425,7235.567438,1.598089,0,0,102198.631806,7727.235056,0.0002,0,133.623266,-7.770868,0,,1,0,0,0,46.377601,-7.770868,-0.105867,0.070153,0.028056,0.000007,12865.196131,9493.058225,-6.065731,0.043666,4.543424,10690.350999,14.755296,11.612909,15.228167,0,316.111446,312.474852,0.005912,358.930434,,,,,,,,,,,,,,,,,,,,,,,,Idle,Burn,Idle,0,0,Idle,0,0,77.913759,0,77.913759,None,Continue,0,DeorbitReturn,,,,,,1,503.645325,503.645325,0,0,,,,,,,,,,,,,,1,0,0,0.999167,0.999167,0.589767,12865.196289,9493.057617,10690.351563
46.179999,-,0,0,0,None,Holding,0,313113.331402,7722.980945,7235.566928,1.598498,0,0,104001.043481,7727.235056,0.0002,0,133.939506,-7.873398,0,,1,0,0,0,46.061364,-7.873398,-0.105853,0.071092,0.030478,0.000007,12865.196086,9493.058174,-6.064914,0.044566,4.544358,10690.350498,14.755294,11.612909,15.228165,0,316.111446,312.474852,0.005912,358.930434,,,,,,,,,,,,,,,,,,,,,,,,Idle,Burn,Idle,0,0,Idle,0,0,77.913877,0,77.913877,None,Continue,0,DeorbitReturn,,,,,,1,503.645325,503.645325,0,0,,,,,,,,,,,,,,1,0,0,0.999167,0.999167,0.589764,12865.189453,9493.053711,10690.345703
46.439999,-,0,0,0,None,Holding,0,313113.756857,7722.990346,7235.576299,1.613441,0,0,105794.163681,7726.958968,0.005068,0,134.271888,-7.96704,0,,1,0,0,0,45.728962,-7.96704,-0.14604,0.071579,0.032927,0.000007,12865.198253,9493.058785,-8.367494,0.047107,4.544981,10690.351489,14.754956,11.612615,15.22781,15995.665491,316.149244,312.471285,0.005974,358.973524,,,,,,,,,,,,,,,,,,,,,,,,Idle,Burn,Idle,0,0,Idle,0,0,77.913996,0,77.913996,None,Continue,0,DeorbitReturn,,,,,,1,503.620758,503.620758,0,0,,,,,,,,,,,,,,1,0,0,0.998959,0.998959,0.589762,12865.206055,9493.060547,10690.355469
46.699999,-,0,0,0,None,Holding,0,313114.188118,7722.989862,7235.575784,1.613856,0,0,107587.284547,7726.958968,0.005068,0,134.853576,-8.039904,0,,1,0,0,0,45.147247,-8.039904,-0.146028,0.072246,0.03535,0.000007,12865.199354,9493.059019,-8.366763,0.048352,4.54633,10690.350627,14.754848,11.612515,15.227696,0,316.149244,312.471285,0.005974,358.973524,,,,,,,,,,,,,,,,,,,,,,,,Idle,Burn,Idle,0,0,Idle,0,0,77.914116,0,77.914116,None,Continue,0,DeorbitReturn,,,,,,1,503.547119,503.547119,0,0,,,,,,,,,,,,,,1,0,0,0.998959,0.998959,0.58976,12865.206055,9493.063477,10690.353516
46.959999,-,0,0,0,None,Holding,0,313114.619797,7722.989377,7235.575269,1.61427,0,0,109380.405589,7726.958968,0.0002,0,135.334613,-8.105103,0,,1,0,0,0,44.666194,-8.105103,-0.146014,0.072842,0.037821,0.000008,12865.199212,9493.058665,-8.366002,0.04959,4.547782,10690.349941,14.754847,11.612515,15.227695,0,316.149244,312.471285,0.005974,358.973524,,,,,,,,,,,,,,,,,,,,,,,,Idle,Burn,Idle,0,0,Idle,0,0,77.914236,0,77.914236,None,Continue,0,DeorbitReturn,,,,,,1,503.547119,503.547119,0,0,,,,,,,,,,,,,,1,0,0,0.998959,0.998959,0.589759,12865.198242,9493.056641,10690.349609
47.219999,-,0,0,0,None,Holding,0,313115.051871,7722.988892,7235.574753,1.614685,0,0,111173.52681,7726.958968,0.0002,0,135.711587,-8.16273,0,,1,0,0,0,44.28921,-8.16273,-0.146001,0.07337,0.040344,0.000008,12865.198719,9493.05845,-8.365263,0.050836,4.548857,10690.34957,14.754845,11.612515,15.227695,0,316.149244,312.471285,0.005974,358.973524,,,,,,,,,,,,,,,,,,,,,,,,Idle,Burn,Idle,0,0,Idle,0,0,77.914356,0,77.914356,None,Continue,0,DeorbitReturn,,,,,,1,503.547119,503.547119,0,0,,,,,,,,,,,,,,1,0,0,0.998959,0.998959,0.589759,12865.193359,9493.054688,10690.34375
47.479999,-,0,0,0,None,Holding,0,313115.488529,7722.999251,7235.585081,1.627611,0,0,112966.649057,7726.682879,0.005078,0,136.198528,-8.201503,0,,1,0,0,0,43.802229,-8.201503,-0.186192,0.073355,0.04287,0.000008,12865.203734,9493.060915,-10.668007,0.055296,4.549974,10690.351154,14.754401,11.612122,15.227228,0,316.188479,312.469618,0.006049,359.02577,,,,,,,,,,,,,,,,,,,,,,,,Idle,Burn,Idle,0,0,Idle,0,0,77.914477,0,77.914477,None,Continue,0,DeorbitReturn,,,,,,1,503.47348,503.47348,0,0,,,,,,,,,,,,,,1,0,0,0.998751,0.998751,0.589759,12865.208984,9493.063477,10690.355469
47.739999,-,0,0,0,None,Holding,0,313115.927859,7722.998762,7235.584561,1.628031,0,0,114759.772107,7726.682879,0.001362,0,136.649281,-8.225077,0,,1,0,0,0,43.351448,-8.225077,-0.186178,0.073571,0.04543,0.000009,12865.20403,9493.060477,-10.667188,0.056872,4.551446,10690.350091,14.7544,11.612122,15.227227,0,316.188479,312.469618,0.006049,359.02577,,,,,,,,,,,,,,,,,,,,,,,,Idle,Burn,Idle,0,0,Idle,0,0,77.914598,0,77.914598,None,Continue,0,DeorbitReturn,,,,,,1,503.448914,503.448914,0,0,,,,,,,,,,,,,,1,0,0,0.998751,0.998751,0.58976,12865.205078,9493.060547,10690.348633
47.999999,-,0,0,0,None,Holding,0,313116.36761,7722.998273,7235.584041,1.628452,0,0,116552.895554,7726.682879,0.0002,0,136.935807,-8.239216,0,,1,0,0,0,43.064863,-8.239216,-0.186164,0.0737,0.048054,0.000009,12865.204069,9493.060378,-10.66642,0.058453,4.552945,10690.349865,14.754402,11.612122,15.227229,0,316.188479,312.469618,0.006049,359.02577,,,,,,,,,,,,,,,,,,,,,,,,Idle,Burn,Idle,0,0,Idle,0,0,77.914719,0,77.914719,None,Continue,0,DeorbitReturn,,,,,,1,503.448914,503.448914,0,0,,,,,,,,,,,,,,1,0,0,0.998751,0.998751,0.589762,12865.208984,9493.064453,10690.355469
48.259999,-,0,0,0,None,Holding,0,313116.808892,7723.012463,7235.598201,1.639048,0,0,118346.019805,7726.383425,0.005653,0,137.10517,-8.240757,0,,1,0,0,0,42.895452,-8.240757,-0.229169,0.073319,0.0507,0.000032,12865.206844,9493.061687,-13.130411,0.210565,4.418131,10690.351769,14.754065,11.611827,15.226875,21353.533328,316.237206,312.471739,0.00614,359.08721,,,,,,,,,,,,,,,,,,,,,,,,Idle,Burn,Idle,0,0,Idle,0,0,77.91484,0,77.91484,None,Continue,0,DeorbitReturn,,,,,,1,503.448914,503.448914,0,0,,,,,,,,,,,,,,1,0,0,0.998525,0.998525,0.589764,12865.213867,9493.064453,10690.355469
48.519999,-,0,0,0,None,Holding,0,313117.256395,7723.029944,7235.615651,1.644343,0,0,120139.149642,7726.146914,0.011455,0,137.590751,-8.216403,0,,1,0,0,0,42.409824,-8.216403,-0.228981,0.073095,0.052961,0.000035,12865.21233,9493.062919,-13.119653,0.233706,3.134729,10690.351472,14.753522,11.611355,15.226305,0,316.292084,312.479125,0.006242,359.15441,,,,,,,,,,,,,,,,,,,,,,,,Idle,Burn,Idle,0,0,Idle,0,0,77.914962,0,77.914962,None,Continue,0,DeorbitReturn,,,,,,1,503.258575,503.258575,0,0,,,,,,,,,,,,,,1,0,0,0.998347,0.998347,0.589766,12865.212891,9493.0625,10690.349609
48.759999,-,0,0,0,None,Holding,0,313117.704304,7723.02945,7235.615126,1.644783,0,0,121922.988745,7726.146914,0.0002,0,137.867383,-8.180233,0,,1,0,0,0,42.133121,-8.180233,-0.228982,0.072764,0.055562,0.000036,12865.213608,9493.063553,-13.11969,0.234923,3.134279,10690.351158,14.753524,11.611356,15.226307,0,316.292084,312.479125,0.006242,359.15441,,,,,,,,,,,,,,,,,,,,,,,,Idle,Burn,Idle,0,0,Idle,0,0,77.915084,0,77.915084,None,Continue,0,DeorbitReturn,,,,,,1,503.258575,503.258575,0,0,,,,,,,,,,,,,,1,0,0,0.998347,0.998347,0.589769,12865.217773,9493.06543,10690.353516
49.039999,-,0,0,0,None,Holding,0,313118.152478,7723.028956,7235.614601,1.645222,0,0,123725.411753,7726.146914,0.0002,0,137.907034,-8.13245,0,,1,0,0,0,42.093399,-8.13245,-0.228983,0.072327,0.058233,0.000036,12865.213783,9493.063452,-13.119773,0.236146,3.133667,10690.350845,14.753523,11.611355,15.226307,0,316.292084,312.479125,0.006242,359.15441,,,,,,,,,,,,,,,,,,,,,,,,Idle,Burn,Idle,0,0,Idle,0,0,77.915207,0,77.915207,None,Continue,0,DeorbitReturn,,,,,,1,503.258575,503.258575,0,0,,,,,,,,,,,,,,1,0,0,0.998347,0.998347,0.589773,12865.216797,9493.06543,10690.353516
49.299999,-,0,0,0,None,Holding,0,313118.604097,7723.041431,7235.627044,1.651503,0,0,125518.545603,7725.870825,0.005099,0,137.763984,-8.062451,0,,1,0,0,0,42.236378,-8.062451,-0.269191,0.071316,0.060963,0.000036,12865.217292,9493.064853,-15.423492,0.23909,3.132822,10690.35136,14.753083,11.610962,15.225844,0,316.333302,312.482833,0.00634,359.218146,,,,,,,,,,,,,,,,,,,,,,,,Idle,Burn,Idle,0,0,Idle,0,0,77.915329,0,77.915329,None,Continue,0,DeorbitReturn,,,,,,1,503.16037,503.16037,0,0,,,,,,,,,,,,,,1,0,0,0.998139,0.998139,0.589776,12865.217773,9493.063477,10690.34668
49.559999,-,0,0,0,None,Holding,0,313119.056989,7723.065211,7235.650793,1.649718,0,0,127311.683502,7725.555636,0.009187,0,137.566218,-7.973841,0,,1,0,0,0,42.434062,-7.973841,-0.26894,0.070505,0.063293,0.000039,12865.220395,9493.065548,-15.409149,0.26009,1.420857,10690.350465,14.752557,11.610511,15.225293,0,316.402337,312.497888,0.00648,359.30604,,,,,,,,,,,,,,,,,,,,,,,,Idle,Burn,Idle,0,0,Idle,0,0,77.915452,0,77.915452,None,Continue,0,DeorbitReturn,,,,,,1,503.104401,503.104401,0,0,,,,,,,,,,,,,,1,0,0,0.997902,0.997902,0.58978,12865.220703,9493.066406,10690.347656
49.819999,-,0,0,0,None,Holding,0,313119.509317,7723.064715,7235.650266,1.65018,0,0,129104.824505,7725.555636,0.006062,0,137.279512,-7.87176,0,,1,0,0,0,42.720677,-7.87176,-0.268942,0.069571,0.065988,0.000039,12865.223228,9493.066587,-15.409237,0.260636,1.418762,10690.351073,14.752557,11.610511,15.225293,0,316.402337,312.497888,0.00648,359.30604,,,,,,,,,,,,,,,,,,,,,,,,Idle,Burn,Idle,0,0,Idle,0,0,77.915575,0,77.915575,None,Continue,0,DeorbitReturn,,,,,,1,503.048431,503.048431,0,0,,,,,,,,,,,,,,1,0,0,0.997902,0.997902,0.589783,12865.220703,9493.06543,10690.349609
50.059999,-,0,0,0,None,Holding,0,313119.961735,7723.07114,7235.65666,1.651197,0,0,130888.675009,7725.41783,0.002628,0,136.687055,-7.755522,0,,1,0,0,0,43.313042,-7.755522,-0.289049,0.068323,0.06877,0.00004,12865.223928,9493.067084,-16.5613,0.261989,1.416521,10690.351518,14.752445,11.610412,15.225175,15995.668352,316.422864,312.501336,0.006531,359.337091,,,,,,,,,,,,,,,,,,,,,,,,Idle,Burn,Idle,0,0,Idle,0,0,77.915697,0,77.915697,None,Continue,0,DeorbitReturn,,,,,,1,503.023895,503.023895,0,0,,,,,,,,,,,,,,1,0,0,0.997798,0.997798,0.589786,12865.222656,9493.06543,10690.347656
50.339999,-,0,0,0,None,Holding,0,313120.41721,7723.077583,7235.663071,1.652111,0,0,132691.11315,7725.279547,0.005109,0,135.705033,-7.611096,0,,1,0,0,0,44.294957,-7.611096,-0.309156,0.066816,0.071669,0.00004,12865.226931,9493.067848,-17.713318,0.263864,1.413998,10690.350917,14.752122,11.610117,15.224834,0,316.443407,312.504827,0.006581,359.367647,,,,,,,,,,,,,,,,,,,,,,,,Idle,Burn,Idle,0,0,Idle,0,0,77.91582,0,77.91582,None,Continue,0,DeorbitReturn,,,,,,1,502.950226,502.950226,0,0,,,,,,,,,,,,,,1,0,0,0.997694,0.997694,0.589789,12865.230469,9493.068359,10690.354492
50.579999,-,0,0,0,None,Holding,0,313120.869899,7723.100597,7235.686055,1.642164,0,0,134474.972369,7724.964358,0.008026,0,134.678971,-7.451835,0,,1,0,0,0,45.320927,-7.451835,-0.3089,0.065358,0.07416,0.000044,12865.231414,9493.069199,-17.698692,0.293023,-0.300059,10690.351252,14.751595,11.609666,15.224283,0,316.505883,312.523787,0.006708,359.442626,,,,,,,,,,,,,,,,,,,,,,,,Idle,Burn,Idle,0,0,Idle,0,0,77.915942,0,77.915942,None,Continue,0,DeorbitReturn,,,,,,1,502.838318,502.838318,0,0,,,,,,,,,,,,,,1,0,0,0.997457,0.997457,0.589792,12865.235352,9493.071289,10690.351563
50.859999,-,0,0,0,None,Holding,0,313121.321054,7723.100104,7235.685531,1.642647,0,0,136277.417183,7724.964358,0.0002,0,133.424573,-7.277986,0,,1,0,0,0,46.575227,-7.277986,-0.308897,0.063768,0.0771,0.000044,12865.232164,9493.069282,-17.698523,0.292622,-0.30416,10690.350809,14.751595,11.609666,15.224284,0,316.505883,312.523787,0.006708,359.442626,,,,,,,,,,,,,,,,,,,,,,,,Idle,Burn,Idle,0,0,Idle,0,0,77.916064,0,77.916064,None,Continue,0,DeorbitReturn,,,,,,1,502.838318,502.838318,0,0,,,,,,,,,,,,,,1,0,0,0.997457,0.997457,0.589795,12865.231445,9493.070313,10690.351563
51.119999,-,0,0,0,None,Holding,0,313121.771717,7723.113747,7235.699142,1.638274,0,0,138070.57242,7724.688269,0.005112,0,131.807023,-7.087206,0,,1,0,0,0,48.192691,-7.087206,-0.349105,0.061653,0.080184,0.000044,12865.234111,9493.070121,-20.002253,0.293807,-0.308454,10690.351164,14.751269,11.60937,15.22394,15995.669663,316.544601,312.534036,0.0068,359.496222,,,,,,,,,,,,,,,,,,,,,,,,Idle,Burn,Idle,0,0,Idle,0,0,77.916186,0,77.916186,None,Continue,0,DeorbitReturn,,,,,,1,502.838318,502.838318,0,0,,,,,,,,,,,,,,1,0,0,0.997248,0.997248,0.589797,12865.234375,9493.068359,10690.347656
51.379999,-,0,0,0,None,Holding,0,313122.220814,7723.134804,7235.720169,1.620899,0,0,139863.733859,7724.373557,0.012742,0,129.806317,-6.870056,0,,1,0,0,0,50.193307,-6.870056,-0.348848,0.059666,0.083034,0.000047,12865.238843,9493.071776,-19.987492,0.312985,-2.024505,10690.3509,14.750641,11.608823,15.223282,0,316.597709,312.555572,0.006897,359.550864,,,,,,,,,,,,,,,,,,,,,,,,Idle,Burn,Idle,0,0,Idle,0,0,77.916308,0,77.916308,None,Continue,0,DeorbitReturn,,,,,,1,502.628143,502.628143,0,0,,,,,,,,,,,,,,1,0,0,0.997011,0.997011,0.589799,12865.24707,9493.076172,10690.355469
51.639999,-,0,0,0,None,Holding,0,313122.665057,7723.134318,7235.719651,1.621404,0,0,141656.899176,7724.373557,0.008014,0,127.727716,-6.638271,0,,1,0,0,0,52.271819,-6.638271,-0.348832,0.057545,0.086326,0.000047,12865.242097,9493.072791,-19.98661,0.311372,-2.030673,10690.351386,14.750639,11.608823,15.223279,0,316.597709,312.555572,0.006897,359.550865,,,,,,,,,,,,,,,,,,,,,,,,Idle,Burn,Idle,0,0,Idle,0,0,77.916428,0,77.916428,None,Continue,0,DeorbitReturn,,,,,,1,502.628143,502.628143,0,0,,,,,,,,,,,,,,1,0,0,0.997011,0.997011,0.589801,12865.238281,9493.070313,10690.347656
51.899999,-,0,0,0,None,Holding,0,313123.107619,7723.13383,7235.719133,1.621908,0,0,143450.065936,7724.373557,0.0002,0,125.345734,-6.392716,0,,1,0,0,0,54.653725,-6.392716,-0.348819,0.055298,0.08983,0.000047,12865.242212,9493.072797,-19.985884,0.309755,-2.036887,10690.350834,14.750641,11.608823,15.223281,0,316.597709,312.555572,0.006897,359.550865,,,,,,,,,,,,,,,,,,,,,,,,Idle,Burn,Idle,0,0,Idle,0,0,77.916549,0,77.916549,None,Continue,0,DeorbitReturn,,,,,,1,502.628143,502.628143,0,0,,,,,,,,,,,,,,1,0,0,0.997011,0.997011,0.589801,12865.243164,9493.074219,10690.353516
52.159999,-,0,0,0,None,Holding,0,313123.546036,7723.151987,7235.737259,1.599004,0,0,145243.235083,7724.058367,0.007995,0,122.824109,-6.134532,0,,1,0,0,0,57.175293,-6.134532,-0.34855,0.052937,0.093121,0.000051,12865.244348,9493.073721,-19.970427,0.338232,-3.754612,10690.350855,14.750119,11.608371,15.222734,0,316.639475,312.578382,0.006953,359.582491,,,,,,,,,,,,,,,,,,,,,,,,Idle,Burn,Idle,0,0,Idle,0,0,77.916668,0,77.916668,None,Continue,0,DeorbitReturn,,,,,,1,502.628143,502.628143,0,0,,,,,,,,,,,,,,1,0,0,0.996774,0.996774,0.589801,12865.249023,9493.077148,10690.355469
52.419999,-,0,0,0,None,Holding,0,313123.977116,7723.164634,7235.749875,1.58813,0,0,147036.411952,7723.782279,0.012849,0,119.942589,-5.852279,0,,1,0,0,0,60.056746,-5.852279,-0.388735,0.049985,0.097056,0.000051,12865.249745,9493.07499,-22.272856,0.336794,-3.76384,10690.350741,14.749688,11.607978,15.222281,0,316.672242,312.59108,0.007018,359.618436,,,,,,,,,,,,,,,,,,,,,,,,Idle,Burn,Idle,0,0,Idle,0,0,77.916787,0,77.916787,None,Continue,0,DeorbitReturn,,,,,,1,502.417969,502.417969,0,0,,,,,,,,,,,,,,1,0,0,0.996566,0.996566,0.5898,12865.251953,9493.076172,10690.350586
52.659999,-,0,0,0,None,Holding,0,313124.405339,7723.164157,7235.749368,1.588653,0,0,148820.299291,7723.782279,0.0002,0,116.761601,-5.557856,0,,1,0,0,0,63.237679,-5.557856,-0.388703,0.047292,0.101371,0.00005,12865.251012,9493.075244,-22.271059,0.333685,-3.77268,10690.350526,14.749687,11.607978,15.222281,0,316.672242,312.59108,0.007018,359.618436,,,,,,,,,,,,,,,,,,,,,,,,Idle,Burn,Idle,0,0,Idle,0,0,77.916905,0,77.916905,None,Continue,0,DeorbitReturn,,,,,,1,502.417969,502.417969,0,0,,,,,,,,,,,,,,1,0,0,0.996566,0.996566,0.589797,12865.248047,9493.073242,10690.348633
52.939999,-,0,0,0,None,Holding,0,313124.825617,7723.178539,7235.763721,1.562132,0,0,150622.772631,7723.467089,0.007972,0,113.570995,-5.25507,0,,1,0,0,0,66.428239,-5.25507,-0.388408,0.044523,0.105578,0.000055,12865.254274,9493.076602,-22.254152,0.361449,-5.494134,10690.350835,14.749168,11.607526,15.221736,0,316.701492,312.61329,0.007027,359.623225,,,,,,,,,,,,,,,,,,,,,,,,Idle,Burn,Idle,0,0,Idle,0,0,77.917021,0,77.917021,None,Continue,0,DeorbitReturn,,,,,,1,502.306,502.306,0,0,,,,,,,,,,,,,,1,0,0,0.996329,0.996329,0.589793,12865.258789,9493.079102,10690.352539
53.179999,-,0,0,0,None,Holding,0,313125.240108,7723.17807,7235.763222,1.562664,0,0,152406.66468,7723.467089,0.002071,0,110.293635,-4.946053,0,,1,0,0,0,69.70556,-4.946053,-0.388356,0.041696,0.110551,0.000054,12865.255991,9493.077232,-22.251165,0.357054,-5.504933,10690.350937,14.749167,11.607526,15.221735,0,316.701492,312.61329,0.007027,359.623225,,,,,,,,,,,,,,,,,,,,,,,,Idle,Burn,Idle,0,0,Idle,0,0,77.917137,0,77.917137,None,Continue,0,DeorbitReturn,,,,,,1,502.306,502.306,0,0,,,,,,,,,,,,,,1,0,0,0.996329,0.996329,0.589788,12865.255859,9493.077148,10690.350586
53.459999,-,0,0,0,None,Holding,0,313125.649798,7723.188287,7235.773409,1.534741,0,0,154209.141278,7723.152377,0.007946,0,106.910392,-4.63427,0,,1,0,0,0,73.088777,-4.63427,-0.388049,0.038846,0.115608,0.000056,12865.257842,9493.077823,-22.233551,0.372468,-7.227111,10690.350392,14.748774,11.607188,15.221323,18227.902174,316.717796,312.633999,0.006986,359.600453,,,,,,,,,,,,,,,,,,,,,,,,Idle,Burn,Idle,0,0,Idle,0,0,77.917253,0,77.917253,None,Continue,0,DeorbitReturn,,,,,,1,502.306,502.306,0,0,,,,,,,,,,,,,,1,0,0,0.996091,0.996091,0.589783,12865.262695,9493.080078,10690.351563
53.719999,-,0,0,0,None,Holding,0,313126.049519,7723.187826,7235.772918,1.535278,0,0,156002.328052,7723.152377,0.007946,0,103.620337,-4.322778,0,,1,0,0,0,76.378811,-4.322778,-0.38797,0.035996,0.121425,0.000055,12865.259808,9493.07827,-22.229063,0.366792,-7.239772,10690.349648,14.74865,11.607077,15.221193,0,316.717796,312.633999,0.006986,359.600452,,,,,,,,,,,,,,,,,,,,,,,,Idle,Burn,Idle,0,0,Idle,0,0,77.917367,0,77.917367,None,Continue,0,DeorbitReturn,,,,,,1,502.194061,502.194061,0,0,,,,,,,,,,,,,,1,0,0,0.996091,0.996091,0.589777,12865.257813,9493.077148,10690.347656
53.959999,-,0,0,0,None,Holding,0,313126.445656,7723.189105,7235.774168,1.528839,0,0,157786.223936,7723.073699,0.002023,0,100.220928,-4.015586,0,,1,0,0,0,79.778198,-4.015586,-0.387832,0.033187,0.127713,0.000055,12865.260769,9493.078857,-22.221134,0.366099,-7.680249,10690.350101,14.748645,11.607077,15.221189,18227.905512,316.719175,312.638647,0.006965,359.588552,,,,,,,,,,,,,,,,,,,,,,,,Idle,Burn,Idle,0,0,Idle,0,0,77.917481,0,77.917481,None,Continue,0,DeorbitReturn,,,,,,1,502.194061,502.194061,0,0,,,,,,,,,,,,,,1,0,0,0.996032,0.996032,0.589772,12865.263672,9493.081055,10690.349609
54.239999,-,0,0,0,None,Holding,0,313126.830766,7723.193759,7235.778793,1.50852,0,0,159588.703811,7722.837664,0.007921,0,96.982005,-3.716435,0,,1,0,0,0,83.017117,-3.716435,-0.387536,0.030452,0.134185,0.000058,12865.263203,9493.07937,-22.204166,0.385878,-8.978199,10690.349425,14.748133,11.606627,15.220652,0,316.723135,312.652382,0.006901,359.551382,,,,,,,,,,,,,,,,,,,,,,,,Idle,Burn,Idle,0,0,Idle,0,0,77.917594,0,77.917594,None,Continue,0,DeorbitReturn,,,,,,1,502.082123,502.082123,0,0,,,,,,,,,,,,,,1,0,0,0.995854,0.995854,0.589768,12865.262695,9493.080078,10690.348633
54.499999,-,0,0,0,None,Holding,0,313127.211922,7723.193305,7235.778311,1.509062,0,0,161381.892422,7722.837664,0.0002,0,93.69152,-3.429271,0,,1,0,0,0,86.307598,-3.429271,-0.387425,0.027827,0.141467,0.000057,12865.264939,9493.080496,-22.197802,0.378909,-8.992485,10690.350014,14.748136,11.606627,15.220654,0,316.723134,312.652381,0.006901,359.551382,,,,,,,,,,,,,,,,,,,,,,,,Idle,Burn,Idle,0,0,Idle,0,0,77.917706,0,77.917706,None,Continue,0,DeorbitReturn,,,,,,1,502.082123,502.082123,0,0,,,,,,,,,,,,,,1,0,0,0.995854,0.995854,0.589763,12865.266602,9493.082031,10690.351563
54.759999,-,0,0,0,None,Holding,0,313127.582751,7723.195968,7235.780945,1.484024,0,0,163175.080567,7722.522952,0.007898,0,90.593046,-3.157483,0,,1,0,0,0,89.40609,-3.157483,-0.387035,0.025343,0.148641,0.000059,12865.268634,9493.08139,-22.175453,0.390867,-10.719776,10690.349811,14.747621,11.606175,15.220114,0,316.718539,312.667747,0.006775,359.47574,,,,,,,,,,,,,,,,,,,,,,,,Idle,Burn,Idle,0,0,Idle,0,0,77.917816,0,77.917816,None,Continue,0,DeorbitReturn,,,,,,1,501.970184,501.970184,0,0,,,,,,,,,,,,,,1,0,0,0.995617,0.995617,0.58976,12865.271484,9493.082031,10690.350586
55.019999,-,0,0,0,None,Holding,0,313127.949187,7723.195548,7235.780497,1.478991,0,0,164968.268543,7722.443797,0.00198,0,87.516275,-2.903568,0,,1,0,0,0,92.48287,-2.903568,-0.386828,0.023022,0.156436,0.000059,12865.269781,9493.081685,-22.163637,0.387627,-11.163859,10690.349873,14.747614,11.606175,15.220107,18227.919936,316.715561,312.670816,0.006736,359.451245,,,,,,,,,,,,,,,,,,,,,,,,Idle,Burn,Idle,0,0,Idle,0,0,77.917926,0,77.917926,None,Continue,0,DeorbitReturn,,,,,,1,501.970184,501.970184,0,0,,,,,,,,,,,,,,1,0,0,0.995558,0.995558,0.589758,12865.273438,9493.083008,10690.352539
55.279999,-,0,0,0,None,Holding,0,313128.305878,7723.195004,7235.779924,1.463056,0,0,166761.454878,7722.207762,0.007877,0,84.697344,-2.668949,0,,1,0,0,0,95.301826,-2.668949,-0.386456,0.020879,0.164087,0.000059,12865.273672,9493.082881,-22.142307,0.393225,-12.465034,10690.350012,14.747108,11.605725,15.219576,0,316.706237,312.679776,0.006615,359.374731,,,,,,,,,,,,,,,,,,,,,,,,Idle,Burn,Idle,0,0,Idle,0,0,77.918035,0,77.918035,None,Continue,0,DeorbitReturn,,,,,,1,501.858185,501.858185,0,0,,,,,,,,,,,,,,1,0,0,0.99538,0.99538,0.589756,12865.276367,9493.083984,10690.351563
55.539999,-,0,0,0,None,Holding,0,313128.657964,7723.191958,7235.776851,1.445909,0,0,168554.640222,7721.89305,0.007861,0,81.994301,-2.454142,0,,1,0,0,0,98.00492,-2.454142,-0.386011,0.018917,0.171723,0.000063,12865.275097,9493.083182,-22.1168,0.415127,-14.194364,10690.349251,14.746719,11.605388,15.219169,18226.512313,316.688596,312.688386,0.006429,359.249873,,,,,,,,,,,,,,,,,,,,,,,,Idle,Burn,Idle,0,0,Idle,0,0,77.918144,0,77.918144,None,Continue,0,DeorbitReturn,,,,,,1,501.802216,501.802216,0,0,,,,,,,,,,,,,,1,0,0,0.995142,0.995142,0.589754,12865.27832,9493.083984,10690.347656
55.799999,-,0,0,0,None,Holding,0,313129.002333,7723.191524,7235.776389,1.44645,0,0,170347.82313,7721.89305,0.007861,0,79.592409,-2.258337,0,,1,0,0,0,100.406853,-2.258337,-0.385778,0.017128,0.179614,0.000061,12865.277988,9493.084301,-22.103441,0.404347,-14.21407,10690.349685,14.746595,11.605275,15.219038,0,316.688597,312.688386,0.006429,359.249873,,,,,,,,,,,,,,,,,,,,,,,,Idle,Burn,Idle,0,0,Idle,0,0,77.918251,0,77.918251,None,Continue,0,DeorbitReturn,,,,,,1,501.746246,501.746246,0,0,,,,,,,,,,,,,,1,0,0,0.995142,0.995142,0.589754,12865.279297,9493.084961,10690.348633
56.059999,-,0,0,0,None,Holding,0,313129.342228,7723.186288,7235.771126,1.434751,0,0,172141.003956,7721.57786,0.007847,0,77.43132,-2.08079,0,,1,0,0,0,102.568006,-2.08079,-0.385273,0.015508,0.186996,0.000064,12865.280552,9493.085496,-22.074533,0.42466,-15.945869,10690.349557,14.746089,11.604826,15.218507,0,316.667159,312.693186,0.006222,359.101547,,,,,,,,,,,,,,,,,,,,,,,,Idle,Burn,Idle,0,0,Idle,0,0,77.918358,0,77.918358,None,Continue,0,DeorbitReturn,,,,,,1,501.634247,501.634247,0,0,,,,,,,,,,,,,,1,0,0,0.994905,0.994905,0.589754,12865.285156,9493.087891,10690.351563
56.319999,-,0,0,0,None,Holding,0,313129.677297,7723.185857,7235.770668,1.435289,0,0,173934.182058,7721.57786,0.007847,0,75.596553,-1.91967,0,,1,0,0,0,104.402843,-1.91967,-0.384989,0.014037,0.19456,0.000062,12865.283058,9493.085833,-22.058224,0.412619,-15.967316,10690.34947,14.746088,11.604826,15.218506,0,316.667159,312.693186,0.006222,359.101547,,,,,,,,,,,,,,,,,,,,,,,,Idle,Burn,Idle,0,0,Idle,0,0,77.918465,0,77.918465,None,Continue,0,DeorbitReturn,,,,,,1,501.634247,501.634247,0,0,,,,,,,,,,,,,,1,0,0,0.994905,0.994905,0.589754,12865.283203,9493.084961,10690.347656
56.579999,-,0,0,0,None,Holding,0,313130.008388,7723.180693,7235.765476,1.430695,0,0,175727.356628,7721.341826,0.00587,0,74.169059,-1.773393,0,,1,0,0,0,105.830421,-1.773393,-0.38448,0.012704,0.201568,0.000063,12865.286521,9493.087268,-22.029062,0.414764,-17.27331,10690.349872,14.745705,11.604486,15.218104,0,316.649783,312.694161,0.006059,358.97646,,,,,,,,,,,,,,,,,,,,,,,,Idle,Burn,Idle,0,0,Idle,0,0,77.918571,0,77.918571,None,Continue,0,DeorbitReturn,,,,,,1,501.550262,501.550262,0,0,,,,,,,,,,,,,,1,0,0,0.994727,0.994727,0.589754,12865.287109,9493.087891,10690.350586
56.839999,-,0,0,0,None,Holding,0,313130.33746,7723.172986,7235.757742,1.430156,0,0,177520.528011,7721.027113,0.007832,0,73.132543,-1.640194,0,,1,0,0,0,106.867046,-1.640194,-0.383882,0.01149,0.208233,0.000064,12865.289305,9493.088142,-21.994795,0.421326,-19.007994,10690.349534,14.7452,11.604036,15.217575,0,316.626781,312.691951,0.005837,358.794392,,,,,,,,,,,,,,,,,,,,,,,,Idle,Burn,Idle,0,0,Idle,0,0,77.918678,0,77.918678,None,Continue,0,DeorbitReturn,,,,,,1,501.438293,501.438293,0,0,,,,,,,,,,,,,,1,0,0,0.99449,0.99449,0.589754,12865.291992,9493.089844,10690.349609
57.099999,-,0,0,0,None,Holding,0,313130.665068,7723.17064,7235.755369,1.431778,0,0,179313.695598,7720.948435,0.009775,0,72.56225,-1.517793,0,,1,0,0,0,107.437436,-1.517793,-0.383435,0.010375,0.2149,0.000062,12865.292091,9493.089024,-21.969212,0.412106,-19.459892,10690.349233,14.745196,11.604036,15.21757,18227.960587,316.62148,312.690614,0.005782,358.747106,,,,,,,,,,,,,,,,,,,,,,,,Idle,Burn,Idle,0,0,Idle,0,0,77.918784,0,77.918784,None,Continue,0,DeorbitReturn,,,,,,1,501.438293,501.438293,0,0,,,,,,,,,,,,,,1,0,0,0.994431,0.994431,0.589753,12865.294922,9493.089844,10690.349609
57.359999,-,0,0,0,None,Holding,0,313130.992679,7723.164451,7235.749153,1.436049,0,0,181106.857953,7720.711924,0.007829,0,72.602016,-1.403902,0,,1,0,0,0,107.397794,-1.403902,-0.382806,0.009339,0.220995,0.000062,12865.295719,9493.090507,-21.933168,0.411774,-20.769026,10690.349209,14.744696,11.603586,15.217046,0,316.60583,312.686318,0.005619,358.600175,,,,,,,,,,,,,,,,,,,,,,,,Idle,Burn,Idle,0,0,Idle,0,0,77.918891,0,77.918891,None,Continue,0,DeorbitReturn,,,,,,1,501.326294,501.326294,0,0,,,,,,,,,,,,,,1,0,0,0.994253,0.994253,0.589751,12865.296875,9493.09082,10690.349609
57.619999,-,0,0,0,None,Holding,0,313131.322228,7723.156597,7235.741271,1.446988,0,0,182900.015993,7720.397212,0.007831,0,73.186264,-1.296089,0,,1,0,0,0,106.813682,-1.296089,-0.382069,0.008359,0.226662,0.000065,12865.299539,9493.091918,-21.890955,0.427155,-22.507076,10690.349308,14.744192,11.603136,15.216517,0,316.58882,312.677621,0.005411,358.399746,,,,,,,,,,,,,,,,,,,,,,,,Idle,Burn,Idle,0,0,Idle,0,0,77.918998,0,77.918998,None,Continue,0,DeorbitReturn,,,,,,1,501.270325,501.270325,0,0,,,,,,,,,,,,,,1,0,0,0.994016,0.994016,0.58975,12865.300781,9493.092773,10690.347656
57.859999,-,0,0,0,None,Holding,0,313131.654897,7723.151124,7235.73577,1.459602,0,0,184683.878392,7720.161177,0.009757,0,74.289416,-1.191688,0,,1,0,0,0,105.710655,-1.191688,-0.381361,0.007411,0.2321,0.000064,12865.302037,9493.093039,-21.850372,0.425393,-23.818146,10690.349663,14.74394,11.602911,15.216252,18227.98419,316.580147,312.66884,0.00527,358.253847,,,,,,,,,,,,,,,,,,,,,,,,Idle,Burn,Idle,0,0,Idle,0,0,77.919105,0,77.919105,None,Continue,0,DeorbitReturn,,,,,,1,501.214294,501.214294,0,0,,,,,,,,,,,,,,1,0,0,0.993838,0.993838,0.589748,12865.305664,9493.09375,10690.348633
58.139999,-,0,0,0,None,Holding,0,313131.993352,7723.149103,7235.733722,1.464223,0,0,186486.318857,7720.082499,0.007837,0,76.028334,-1.087847,0,,1,0,0,0,103.971871,-1.087847,-0.380706,0.006467,0.237319,0.000064,12865.305909,9493.094319,-21.812851,0.423956,-24.275078,10690.350474,14.743693,11.602686,15.215992,0,316.57762,312.665891,0.005223,358.203616,,,,,,,,,,,,,,,,,,,,,,,,Idle,Burn,Idle,0,0,Idle,0,0,77.919214,0,77.919214,None,Continue,0,DeorbitReturn,,,,,,1,501.102325,501.102325,0,0,,,,,,,,,,,,,,1,0,0,0.993778,0.993778,0.589746,12865.305664,9493.09375,10690.349609
58.399999,-,0,0,0,None,Holding,0,313132.339961,7723.143158,7235.727749,1.485487,0,0,188279.462752,7719.76731,0.007844,0,78.385728,-0.981621,0,,1,0,0,0,101.614599,-0.981621,-0.379798,0.005504,0.241821,0.000064,12865.310878,9493.096414,-21.760845,0.425063,-26.01684,10690.350328,14.743193,11.602235,15.215467,0,316.57258,312.651879,0.005059,358.019845,,,,,,,,,,,,,,,,,,,,,,,,Idle,Burn,Idle,0,0,Idle,0,0,77.919324,0,77.919324,None,Continue,0,DeorbitReturn,,,,,,1,500.990326,500.990326,0,0,,,,,,,,,,,,,,1,0,0,0.993541,0.993541,0.589743,12865.314453,9493.097656,10690.349609
58.659999,-,0,0,0,None,Holding,0,313132.695951,7723.139039,7235.723601,1.510823,0,0,190072.602747,7719.452597,0.007856,0,81.252291,-0.869858,0,,1,0,0,0,98.748168,-0.869858,-0.378833,0.00449,0.245924,0.000066,12865.314961,9493.097867,-21.705519,0.43673,-27.759932,10690.350101,14.742695,11.601785,15.214945,0,316.575632,312.636117,0.004926,357.861142,,,,,,,,,,,,,,,,,,,,,,,,Idle,Burn,Idle,0,0,Idle,0,0,77.919436,0,77.919436,None,Continue,0,DeorbitReturn,,,,,,1,500.878296,500.878296,0,0,,,,,,,,,,,,,,1,0,0,0.993304,0.993304,0.589739,12865.317383,9493.099609,10690.351563
58.919999,-,0,0,0,None,Holding,0,313133.063508,7723.136953,7235.721487,1.539255,0,0,191865.739097,7719.137408,0.011757,0,84.601771,-0.749202,0,,1,0,0,0,95.398795,-0.749202,-0.377802,0.003396,0.249601,0.000066,12865.318671,9493.098965,-21.64645,0.436088,-29.503887,10690.349858,14.7422,11.601336,15.214425,0,316.586855,312.619253,0.004829,357.739562,,,,,,,,,,,,,,,,,,,,,,,,Idle,Burn,Idle,0,0,Idle,0,0,77.919549,0,77.919549,None,Continue,0,DeorbitReturn,,,,,,1,500.766327,500.766327,0,0,,,,,,,,,,,,,,1,0,0,0.993067,0.993067,0.589735,12865.324219,9493.100586,10690.349609
59.179999,-,0,0,0,None,Holding,0,313133.444424,7723.137055,7235.72156,1.56217,0,0,193658.872467,7718.901373,0.013718,0,88.364838,-0.616308,0,,1,0,0,0,91.635828,-0.616308,-0.37677,0.00219,0.252942,0.000065,12865.322512,9493.100522,-21.587349,0.42954,-30.821011,10690.349649,14.741952,11.60111,15.214166,18228.018284,316.601638,312.606428,0.004785,357.683102,,,,,,,,,,,,,,,,,,,,,,,,Idle,Burn,Idle,0,0,Idle,0,0,77.919664,0,77.919664,None,Continue,0,DeorbitReturn,,,,,,1,500.766327,500.766327,0,0,,,,,,,,,,,,,,1,0,0,0.992889,0.992889,0.589729,12865.323242,9493.099609,10690.345703
59.439999,-,0,0,0,None,Holding,0,313133.841239,7723.136855,7235.72133,1.570192,0,0,195452.003557,7718.822695,0.007886,0,92.50192,-0.467776,0,,1,0,0,0,87.49883,-0.467776,-0.375779,0.000841,0.256009,0.000062,12865.326515,9493.102217,-21.530567,0.411924,-31.283537,10690.350004,14.741704,11.600883,15.213904,0,316.606859,312.602145,0.004772,357.665779,,,,,,,,,,,,,,,,,,,,,,,,Idle,Burn,Idle,0,0,Idle,0,0,77.91978,0,77.91978,None,Continue,0,DeorbitReturn,,,,,,1,500.654297,500.654297,0,0,,,,,,,,,,,,,,1,0,0,0.99283,0.99283,0.589722,12865.326172,9493.102539,10690.347656
59.699999,-,0,0,0,None,Holding,0,313134.255401,7723.14,7235.724446,1.601336,0,0,197245.133649,7718.507983,0.007904,0,96.911895,-0.300272,0,,1,0,0,0,83.088911,-0.300272,-0.374521,-0.000679,0.258314,0.000063,12865.331579,9493.104309,-21.458454,0.419617,-33.03138,10690.35073,14.741215,11.600433,15.213389,0,316.635809,312.585755,0.004758,357.64717,,,,,,,,,,,,,,,,,,,,,,,,Idle,Burn,Idle,0,0,Idle,0,0,77.919899,0,77.919899,None,Continue,0,DeorbitReturn,,,,,,1,500.542297,500.542297,0,0,,,,,,,,,,,,,,1,0,0,0.992592,0.992592,0.589714,12865.334961,9493.105469,10690.351563
59.959999,-,0,0,0,None,Holding,0,313134.68865,7723.147511,7235.731927,1.639308,0,0,199038.264071,7718.114115,0.009891,0,101.507568,-0.110505,0,,1,0,0,0,78.493299,-0.110505,-0.373094,-0.002401,0.260023,0.000065,12865.336149,9493.105582,-21.37669,0.431163,-35.208553,10690.34946,14.7406,11.599871,15.212745,0,316.682013,312.567264,0.004795,357.696226,,,,,,,,,,,,,,,,,,,,,,,,Idle,Burn,Idle,0,0,Idle,0,0,77.92002,0,77.92002,None,Continue,0,DeorbitReturn,,,,,,1,500.402252,500.402252,0,0,,,,,,,,,,,,,,1,0,0,0.992296,0.992296,0.589705,12865.337891,9493.106445,10690.34668
60.219999,-,0,0,0,None,Holding,0,313135.140643,7723.156247,7235.740631,1.667621,0,0,200831.396333,7717.799403,0.009875,0,106.099119,0.104754,0,,1,0,0,0,73.901779,0.104754,-0.371636,-0.004356,0.261341,0.000066,12865.34197,9493.108018,-21.293192,0.436666,-36.959072,10690.35038,14.740113,11.599422,15.212233,0,316.726189,312.555069,0.004868,357.790543,,,,,,,,,,,,,,,,,,,,,,,,Idle,Burn,Idle,0,0,Idle,0,0,77.920143,0,77.920143,None,Continue,0,DeorbitReturn,,,,,,1,500.290222,500.290222,0,0,,,,,,,,,,,,,,1,0,0,0.992059,0.992059,0.589697,12865.345703,9493.110352,10690.351563
60.479999,-,0,0,0,None,Holding,0,313135.610747,7723.167531,7235.751884,1.692362,0,0,202624.532054,7717.48469,0.013779,0,110.484351,0.348175,0,,1,0,0,0,69.516538,0.348175,-0.370085,-0.006567,0.262168,0.000067,12865.345873,9493.109106,-21.204327,0.44118,-38.710625,10690.349975,14.739625,11.598971,15.21172,0,316.775854,312.546238,0.00498,357.930491,,,,,,,,,,,,,,,,,,,,,,,,Idle,Burn,Idle,0,0,Idle,0,0,77.920267,0,77.920267,None,Continue,0,DeorbitReturn,,,,,,1,500.178192,500.178192,0,0,,,,,,,,,,,,,,1,0,0,0.991821,0.991821,0.589688,12865.350586,9493.110352,10690.349609
60.739999,-,0,0,0,None,Holding,0,313136.097873,7723.181014,7235.765335,1.712124,0,0,204417.672881,7717.169501,0.015738,0,114.434553,0.622037,0,,1,0,0,0,65.566298,0.622037,-0.368443,-0.009055,0.262493,0.000067,12865.350144,9493.111035,-21.110239,0.444724,-40.463531,10690.350185,14.739263,11.598632,15.211339,18226.799488,316.82911,312.541457,0.005125,358.104117,,,,,,,,,,,,,,,,,,,,,,,,Idle,Burn,Idle,0,0,Idle,0,0,77.920394,0,77.920394,None,Continue,0,DeorbitReturn,,,,,,1,500.178192,500.178192,0,0,,,,,,,,,,,,,,1,0,0,0.991584,0.991584,0.589681,12865.352539,9493.110352,10690.347656
60.999999,-,0,0,0,None,Holding,0,313136.599966,7723.184385,7235.768674,1.715957,0,0,206210.820406,7717.090823,0.009901,0,117.674007,0.928208,0,,1,0,0,0,62.326743,0.928208,-0.366886,-0.01184,0.262584,0.000064,12865.354338,9493.112601,-21.021002,0.421279,-40.933155,10690.350102,14.739142,11.598519,15.211212,18228.070498,316.842676,312.541351,0.005168,358.153525,,,,,,,,,,,,,,,,,,,,,,,,Idle,Burn,Idle,0,0,Idle,0,0,77.920521,0,77.920521,None,Continue,0,DeorbitReturn,,,,,,1,500.066132,500.066132,0,0,,,,,,,,,,,,,,1,0,0,0.991525,0.991525,0.589675,12865.357422,9493.113281,10690.349609
61.259999,-,0,0,0,None,Holding,0,313137.114383,7723.195651,7235.779908,1.725709,0,0,208003.976422,7716.854788,0.007983,0,119.933433,1.267885,0,,1,0,0,0,60.067179,1.267885,-0.365099,-0.014929,0.261902,0.000061,12865.359261,9493.114796,-20.918631,0.406913,-42.25983,10690.350775,14.738656,11.59807,15.210701,0,316.883372,312.54148,0.005299,358.299274,,,,,,,,,,,,,,,,,,,,,,,,Idle,Burn,Idle,0,0,Idle,0,0,77.920649,0,77.920649,None,Continue,0,DeorbitReturn,,,,,,1,499.954102,499.954102,0,0,,,,,,,,,,,,,,1,0,0,0.991347,0.991347,0.589671,12865.353516,9493.111328,10690.345703
61.519999,-,0,0,0,None,Holding,0,313137.636802,7723.211781,7235.796005,1.73154,0,0,209797.142103,7716.540076,0.007989,0,120.907058,1.641938,0,,1,0,0,0,59.093366,1.641938,-0.363141,-0.01833,0.260501,0.000062,12865.363239,9493.116033,-20.806438,0.407637,-44.015648,10690.350137,14.738175,11.597618,15.210196,0,316.936343,312.546188,0.005487,358.497523,,,,,,,,,,,,,,,,,,,,,,,,Idle,Burn,Idle,0,0,Idle,0,0,77.920778,0,77.920778,None,Continue,0,DeorbitReturn,,,,,,1,499.842072,499.842072,0,0,,,,,,,,,,,,,,1,0,0,0.99111,0.99111,0.589668,12865.367188,9493.118164,10690.350586
61.779999,-,0,0,0,None,Holding,0,313138.162452,7723.227955,7235.812146,1.729538,0,0,211590.318294,7716.224886,0.007989,0,120.377003,2.050575,0,,1,0,0,0,59.623193,2.050575,-0.361077,-0.022046,0.258389,0.000062,12865.369553,9493.119053,-20.688208,0.407458,-45.772346,10690.351404,14.737697,11.597167,15.209692,0,316.984971,312.555392,0.005678,358.685985,,,,,,,,,,,,,,,,,,,,,,,,Idle,Burn,Idle,0,0,Idle,0,0,77.920906,0,77.920906,None,Continue,0,DeorbitReturn,,,,,,1,499.730011,499.730011,0,0,,,,,,,,,,,,,,1,0,0,0.990872,0.990872,0.589667,12865.376953,9493.123047,10690.354492
62.019999,-,0,0,0,None,Holding,0,313138.685994,7723.243117,7235.827276,1.719123,0,0,213374.213526,7715.910174,0.009905,0,118.255739,2.493173,0,,1,0,0,0,61.744244,2.493173,-0.358914,-0.026071,0.255428,0.000061,12865.372608,9493.119959,-20.564262,0.406473,-47.529873,10690.350695,14.737218,11.596718,15.209188,0,317.025861,312.568825,0.005858,358.852124,,,,,,,,,,,,,,,,,,,,,,,,Idle,Burn,Idle,0,0,Idle,0,0,77.921034,0,77.921034,None,Continue,0,DeorbitReturn,,,,,,1,499.730011,499.730011,0,0,,,,,,,,,,,,,,1,0,0,0.990635,0.990635,0.589667,12865.374023,9493.118164,10690.34668
62.299999,-,0,0,0,None,Holding,0,313139.201765,7723.256307,7235.840433,1.701386,0,0,215176.702815,7715.595461,0.015713,0,114.630042,2.96793,0,,1,0,0,0,65.369726,2.96793,-0.356637,-0.030389,0.251325,0.000061,12865.376921,9493.121656,-20.433813,0.404633,-49.288219,10690.350968,14.736744,11.596268,15.208689,0,317.056851,312.585315,0.006011,358.987082,,,,,,,,,,,,,,,,,,,,,,,,Idle,Burn,Idle,0,0,Idle,0,0,77.921162,0,77.921162,None,Continue,0,DeorbitReturn,,,,,,1,499.589935,499.589935,0,0,,,,,,,,,,,,,,1,0,0,0.990398,0.990398,0.589668,12865.383789,9493.125977,10690.353516
62.559999,-,0,0,0,None,Holding,0,313139.704337,7723.258441,7235.842535,1.695805,0,0,216969.910264,7715.516306,0.009872,0,109.695941,3.47088,0,,1,0,0,0,70.303601,3.47088,-0.354448,-0.034966,0.245848,0.000057,12865.379366,9493.122855,-20.308348,0.376366,-49.762871,10690.350449,14.736749,11.596268,15.208694,18228.114128,317.061373,312.589956,0.00604,359.01135,,,,,,,,,,,,,,,,,,,,,,,,Idle,Burn,Idle,0,0,Idle,0,0,77.921288,0,77.921288,None,Continue,0,DeorbitReturn,,,,,,1,499.50592,499.50592,0,0,,,,,,,,,,,,,,1,0,0,0.990339,0.990339,0.58967,12865.383789,9493.128906,10690.353516
62.819999,-,0,0,0,None,Holding,0,313140.188265,7723.263055,7235.847116,1.683805,0,0,218763.125793,7715.35895,0.005981,0,103.736126,3.992965,0,,1,0,0,0,76.263254,3.992965,-0.352101,-0.039716,0.237409,0.000053,12865.382314,9493.12334,-20.173895,0.352547,-50.66605,10690.350011,14.736385,11.595929,15.208312,0,317.069819,312.599246,0.006094,359.057323,,,,,,,,,,,,,,,,,,,,,,,,Idle,Burn,Idle,0,0,Idle,0,0,77.921413,0,77.921413,None,Continue,0,DeorbitReturn,,,,,,1,499.421844,499.421844,0,0,,,,,,,,,,,,,,1,0,0,0.99022,0.99022,0.589672,12865.385742,9493.124023,10690.351563
63.079999,-,0,0,0,None,Holding,0,313140.64864,7723.268739,7235.852769,1.655024,0,0,220556.347179,7715.044238,0.007923,0,97.06423,4.510081,0,,1,0,0,0,82.935044,4.510081,-0.349534,-0.044418,0.223021,0.000051,12865.386146,9493.124945,-20.026812,0.33817,-52.425694,10690.350065,14.735912,11.595479,15.207814,0,317.072225,312.618263,0.006149,359.102816,,,,,,,,,,,,,,,,,,,,,,,,Idle,Burn,Idle,0,0,Idle,0,0,77.921537,0,77.921537,None,Continue,0,DeorbitReturn,,,,,,1,499.309784,499.309784,0,0,,,,,,,,,,,,,,1,0,0,0.989983,0.989983,0.589674,12865.387695,9493.124023,10690.347656
63.339999,-,0,0,0,None,Holding,0,313141.082658,7723.269551,7235.853549,1.624765,0,0,222349.571692,7714.729525,0.007892,0,90.013366,4.95666,0,,1,0,0,0,89.985794,4.95666,-0.346874,-0.048474,0.198893,0.000049,12865.390676,9493.126878,-19.874424,0.323259,-54.18578,10690.350308,14.735443,11.59503,15.207319,0,317.059139,312.63587,0.006138,359.093693,,,,,,,,,,,,,,,,,,,,,,,,Idle,Burn,Idle,0,0,Idle,0,0,77.921659,0,77.921659,None,Continue,0,DeorbitReturn,,,,,,1,499.197723,499.197723,0,0,,,,,,,,,,,,,,1,0,0,0.989746,0.989746,0.589675,12865.394531,9493.128906,10690.350586
63.579999,-,0,0,0,None,Holding,0,313141.488618,7723.261234,7235.845201,1.607168,0,0,224133.503758,7714.451052,0.012663,0,83.060608,5.266496,0,,1,0,0,0,96.938487,5.266496,-0.303718,-0.05091,0.172807,0.000043,12865.393847,9493.127865,-17.401787,0.286767,-54.231758,10690.350421,14.735063,11.594729,15.206924,16097.126901,317.025097,312.642786,0.006108,359.069113,,,,,,,,,,,,,,,,,,,,,,,,Idle,Burn,Idle,0,0,Idle,0,0,77.921779,0,77.921779,None,Continue,0,DeorbitReturn,,,,,,1,499.197723,499.197723,0,0,,,,,,,,,,,,,,1,0,0,0.989536,0.989536,0.589676,12865.396484,9493.128906,10690.350586
63.859999,-,0,0,0,None,Holding,0,313141.862875,7723.255337,7235.839274,1.582228,0,0,225936.010134,7714.1454,0.012138,0,77.110772,5.502883,0,,1,0,0,0,102.888326,5.502883,-0.29079,-0.05295,0.152184,0.000044,12865.398989,9493.128897,-16.661026,0.288039,-55.555935,10690.349898,14.734478,11.594193,15.206309,0,316.994451,312.654653,0.006033,359.004593,,,,,,,,,,,,,,,,,,,,,,,,Idle,Burn,Idle,0,0,Idle,0,0,77.921897,0,77.921897,None,Continue,0,DeorbitReturn,,,,,,1,498.989899,498.989899,0,0,,,,,,,,,,,,,,1,0,0,0.989306,0.989306,0.589677,12865.398438,9493.12793,10690.347656
64.119999,-,0,0,0,None,Holding,0,313142.216478,7723.250188,7235.834094,1.573108,0,0,227729.219508,7713.988043,0.003886,0,71.951026,5.700374,0,,1,0,0,0,108.048114,5.700374,-0.288075,-0.05473,0.134013,0.00004,12865.400665,9493.129337,-16.505495,0.267791,-56.452431,10690.349963,14.734366,11.59408,15.206192,18228.158951,316.97477,312.658138,0.005951,358.932247,,,,,,,,,,,,,,,,,,,,,,,,Idle,Burn,Idle,0,0,Idle,0,0,77.922015,0,77.922015,None,Continue,0,DeorbitReturn,,,,,,1,498.989899,498.989899,0,0,,,,,,,,,,,,,,1,0,0,0.989187,0.989187,0.589679,12865.402344,9493.129883,10690.349609
64.379999,-,0,0,0,None,Holding,0,313142.546592,7723.242474,7235.826351,1.560059,0,0,229522.41889,7713.752009,0.009791,0,68.017434,5.876602,0,,1,0,0,0,111.981834,5.876602,-0.285117,-0.056312,0.295097,0.000039,12865.405823,9493.131009,-16.335985,0.260478,-57.777649,10690.350319,14.733895,11.593631,15.205696,0,316.945042,312.662768,0.005823,358.815212,,,,,,,,,,,,,,,,,,,,,,,,Idle,Burn,Idle,0,0,Idle,0,0,77.922131,0,77.922131,None,Continue,0,DeorbitReturn,,,,,,1,498.849792,498.849792,0,0,,,,,,,,,,,,,,1,0,0,0.989009,0.989009,0.589682,12865.40625,9493.130859,10690.351563
64.619999,-,0,0,0,None,Holding,0,313142.861372,7723.230373,7235.814219,1.55081,0,0,231306.314692,7713.437296,0.007809,0,65.80388,6.041321,0,,1,0,0,0,114.195602,6.041321,-0.281964,-0.057786,0.298762,0.000038,12865.410073,9493.132612,-16.155354,0.249121,-59.531418,10690.350288,14.733427,11.593181,15.205204,0,316.903893,312.663607,0.005624,358.622044,,,,,,,,,,,,,,,,,,,,,,,,Idle,Burn,Idle,0,0,Idle,0,0,77.922246,0,77.922246,None,Continue,0,DeorbitReturn,,,,,,1,498.737732,498.737732,0,0,,,,,,,,,,,,,,1,0,0,0.988772,0.988772,0.589684,12865.412109,9493.132813,10690.351563
64.899999,-,0,0,0,None,Holding,0,313143.171122,7723.21244,7235.796258,1.555011,0,0,233108.776935,7713.011004,0.008801,0,66.114112,6.21605,0,,1,0,0,0,113.885628,6.21605,-0.230049,-0.058906,0.302002,-0.000031,12865.414996,9493.134066,-13.180842,-0.20338,-60.402149,10690.350075,14.732724,11.592569,15.204467,0,316.852329,312.654663,0.005403,358.389131,,,,,,,,,,,,,,,,,,,,,,,,Idle,Burn,Idle,0,0,Idle,0,0,77.922362,0,77.922362,None,Continue,0,DeorbitReturn,,,,,,1,498.586151,498.586151,0,0,,,,,,,,,,,,,,1,0,0,0.988451,0.988451,0.589686,12865.417969,9493.135742,10690.350586
65.159999,-,0,0,0,None,Holding,0,313143.483927,7723.200449,7235.784237,1.563469,0,0,234901.931426,7712.696292,0.009007,0,68.816888,6.40069,0,,1,0,0,0,111.183118,6.40069,-0.227019,-0.060564,0.304312,-0.000032,12865.420442,9493.135188,-13.00722,-0.209234,-62.144291,10690.349464,14.732258,11.59212,15.203976,0,316.821525,312.645551,0.005199,358.156869,,,,,,,,,,,,,,,,,,,,,,,,Idle,Burn,Idle,0,0,Idle,0,0,77.922478,0,77.922478,None,Continue,0,DeorbitReturn,,,,,,1,498.47403,498.47403,0,0,,,,,,,,,,,,,,1,0,0,0.988214,0.988214,0.589687,12865.422852,9493.135742,10690.348633
65.419999,-,0,0,0,None,Holding,0,313143.808918,7723.190326,7235.774084,1.580066,0,0,236695.072203,7712.381579,0.007823,0,73.51035,6.59414,0,,1,0,0,0,106.48992,6.59414,-0.22383,-0.0623,0.305858,-0.000033,12865.426047,9493.137115,-12.824525,-0.215393,-63.886829,10690.349341,14.731797,11.591669,15.20349,0,316.801198,312.632446,0.005018,357.93318,,,,,,,,,,,,,,,,,,,,,,,,Idle,Burn,Idle,0,0,Idle,0,0,77.922595,0,77.922595,None,Continue,0,DeorbitReturn,,,,,,1,498.361938,498.361938,0,0,,,,,,,,,,,,,,1,0,0,0.987977,0.987977,0.589687,12865.429688,9493.138672,10690.350586
65.679999,-,0,0,0,None,Holding,0,313144.156365,7723.183106,7235.766834,1.603617,0,0,238488.201319,7712.066866,0.007842,0,79.813323,6.802308,0,,1,0,0,0,100.187188,6.802308,-0.220473,-0.06417,0.306553,-0.000032,12865.431376,9493.139539,-12.632165,-0.215185,-65.62941,10690.349989,14.731339,11.591221,15.203009,0,316.793908,312.616386,0.004874,357.743287,,,,,,,,,,,,,,,,,,,,,,,,Idle,Burn,Idle,0,0,Idle,0,0,77.922713,0,77.922713,None,Continue,0,DeorbitReturn,,,,,,1,498.249817,498.249817,0,0,,,,,,,,,,,,,,1,0,0,0.98774,0.98774,0.589687,12865.43457,9493.141602,10690.348633
65.939999,-,0,0,0,None,Holding,0,313144.536564,7723.17528,7235.758977,1.642039,0,0,240281.320591,7711.585261,0.010202,0,87.436561,7.031133,0,,1,0,0,0,92.564141,7.031133,-0.171001,-0.065805,0.306278,-0.000071,12865.437033,9493.140841,-9.797647,-0.469076,-66.782936,10690.349928,14.730565,11.59053,15.202194,0,316.793757,312.591116,0.004792,357.629817,,,,,,,,,,,,,,,,,,,,,,,,Idle,Burn,Idle,0,0,Idle,0,0,77.922834,0,77.922834,None,Continue,0,DeorbitReturn,,,,,,1,498.078522,498.078522,0,0,,,,,,,,,,,,,,1,0,0,0.987377,0.987377,0.589685,12865.44043,9493.140625,10690.349609
66.199999,-,0,0,0,None,Holding,0,313144.956424,7723.176289,7235.759955,1.673219,0,0,242074.434405,7711.270548,0.012191,0,95.820018,7.282152,0,,1,0,0,0,84.180814,7.282152,-0.167592,-0.068065,0.304665,-0.000071,12865.442889,9493.142319,-9.602304,-0.469666,-68.51683,10690.349862,14.730106,11.59008,15.201712,0,316.816315,312.573785,0.004764,357.589076,,,,,,,,,,,,,,,,,,,,,,,,Idle,Burn,Idle,0,0,Idle,0,0,77.922958,0,77.922958,None,Continue,0,DeorbitReturn,,,,,,1,497.994415,497.994415,0,0,,,,,,,,,,,,,,1,0,0,0.98714,0.98714,0.589682,12865.445313,9493.143555,10690.349609
66.459999,-,0,0,0,None,Holding,0,313145.417499,7723.181751,7235.765386,1.703744,0,0,243867.550339,7710.955836,0.00983,0,104.079494,7.556312,0,,1,0,0,0,75.921414,7.556312,-0.164008,-0.070535,0.30192,-0.000071,12865.450474,9493.14547,-9.396939,-0.470265,-70.250534,10690.351115,14.729653,11.58963,15.201234,0,316.851972,312.558812,0.004798,357.63793,,,,,,,,,,,,,,,,,,,,,,,,Idle,Burn,Idle,0,0,Idle,0,0,77.923084,0,77.923084,None,Continue,0,DeorbitReturn,,,,,,1,497.854279,497.854279,0,0,,,,,,,,,,,,,,1,0,0,0.986903,0.986903,0.589678,12865.455078,9493.147461,10690.353516
66.719999,-,0,0,0,None,Holding,0,313145.917652,7723.188865,7235.772468,1.723843,0,0,245660.674155,7710.719325,0.007883,0,111.393505,7.854896,0,,1,0,0,0,68.607394,7.854896,-0.160346,-0.073228,0.298068,-0.000072,12865.453562,9493.145942,-9.187126,-0.475789,-71.555809,10690.350023,14.72931,11.589293,15.200871,0,316.886425,312.550791,0.004871,357.739556,,,,,,,,,,,,,,,,,,,,,,,,Idle,Burn,Idle,0,0,Idle,0,0,77.923211,0,77.923211,None,Continue,0,DeorbitReturn,,,,,,1,497.770172,497.770172,0,0,,,,,,,,,,,,,,1,0,0,0.986725,0.986725,0.589672,12865.452148,9493.144531,10690.347656
66.979999,-,0,0,0,None,Holding,0,313146.453387,7723.201277,7235.784847,1.749072,0,0,247453.809247,7710.238196,0.012147,0,117.339166,8.160648,0,,1,0,0,0,62.661624,8.160648,-0.110513,-0.075562,0.292698,-0.000116,12865.460498,9493.14806,-6.331921,-0.765057,-72.698547,10690.350107,14.728547,11.588603,15.20007,0,316.939789,312.542236,0.005083,358.019485,,,,,,,,,,,,,,,,,,,,,,,,Idle,Burn,Idle,0,0,Idle,0,0,77.923341,0,77.923341,None,Continue,0,DeorbitReturn,,,,,,1,497.598694,497.598694,0,0,,,,,,,,,,,,,,1,0,0,0.986362,0.986362,0.589655,12865.46875,9493.152344,10690.353516
67.239998,-,0,0,0,None,Holding,0,313147.013839,7723.21629,7235.799828,1.759825,0,0,249246.961655,7709.923007,0.009876,0,120.613411,8.478185,0,,1,0,0,0,59.387169,8.478185,-0.106783,-0.078426,0.285695,-0.000115,12865.46738,9493.150653,-6.11819,-0.758727,-74.422966,10690.351335,14.728094,11.588152,15.199593,0,316.992339,312.543525,0.005265,358.242728,,,,,,,,,,,,,,,,,,,,,,,,Idle,Burn,Idle,0,0,Idle,0,0,77.923471,0,77.923471,None,Continue,0,DeorbitReturn,,,,,,1,497.486542,497.486542,0,0,,,,,,,,,,,,,,1,0,0,0.986125,0.986125,0.589639,12865.472656,9493.152344,10690.353516
67.499998,-,0,0,0,None,Holding,0,313147.586023,7723.231736,7235.81524,1.759514,0,0,251040.135085,7709.608294,0.011782,0,120.278307,8.807465,0,,1,0,0,0,59.721932,8.807465,-0.102879,-0.081396,0.277077,-0.000114,12865.471445,9493.151938,-5.894547,-0.752105,-76.146935,10690.3508,14.727642,11.587703,15.199116,0,317.039736,312.55147,0.00546,358.465884,,,,,,,,,,,,,,,,,,,,,,,,Idle,Burn,Idle,0,0,Idle,0,0,77.923602,0,77.923602,None,Continue,0,DeorbitReturn,,,,,,1,497.37439,497.37439,0,0,,,,,,,,,,,,,,1,0,0,0.985887,0.985888,0.589625,12865.466797,9493.147461,10690.345703
67.759998,-,0,0,0,None,Holding,0,313148.153115,7723.242491,7235.825961,1.744607,0,0,252833.328227,7709.182955,0.014564,0,116.554987,9.13104,0,,1,0,0,0,63.4449,9.13104,-0.050146,-0.083867,0.267082,-0.000172,12865.476106,9493.152776,-2.87318,-1.138471,-76.990067,10690.349728,14.726967,11.587094,15.198407,0,317.064648,312.56564,0.005676,358.695659,,,,,,,,,,,,,,,,,,,,,,,,Idle,Burn,Idle,0,0,Idle,0,0,77.923732,0,77.923732,None,Continue,0,DeorbitReturn,,,,,,1,497.250916,497.250916,0,0,,,,,,,,,,,,,,1,0,0,0.985567,0.985567,0.589613,12865.480469,9493.155273,10690.349609
68.019998,-,0,0,0,None,Holding,0,313148.699128,7723.252888,7235.836326,1.722909,0,0,254626.538552,7708.868243,0.015422,0,110.064579,9.444064,0,,1,0,0,0,69.934981,9.444064,-0.046385,-0.086689,0.255462,-0.00017,12865.481572,9493.15445,-2.657643,-1.123846,-78.704498,10690.350411,14.726521,11.586644,15.197936,0,317.084791,312.583327,0.005813,358.832194,,,,,,,,,,,,,,,,,,,,,,,,Idle,Burn,Idle,0,0,Idle,0,0,77.923861,0,77.923861,None,Continue,0,DeorbitReturn,,,,,,1,497.110718,497.110718,0,0,,,,,,,,,,,,,,1,0,0,0.98533,0.98533,0.589603,12865.487305,9493.157227,10690.351563
68.279998,-,0,0,0,None,Holding,0,313149.211106,7723.255224,7235.838629,1.708987,0,0,256419.764214,7708.71041,0.011669,0,101.364385,9.755471,0,,1,0,0,0,78.634946,9.755471,-0.042592,-0.089498,0.242453,-0.000169,12865.485375,9493.156038,-2.440349,-1.118729,-79.561783,10690.350278,14.726419,11.586531,15.197828,18228.32036,317.085145,312.592857,0.005846,358.865014,,,,,,,,,,,,,,,,,,,,,,,,Idle,Burn,Idle,0,0,Idle,0,0,77.923989,0,77.923989,None,Continue,0,DeorbitReturn,,,,,,1,497.110718,497.110718,0,0,,,,,,,,,,,,,,1,0,0,0.985211,0.985211,0.589593,12865.486328,9493.155273,10690.347656
68.539998,-,0,0,0,None,Holding,0,313149.674191,7723.254181,7235.837554,1.675823,0,0,258212.997269,7708.275057,0.012887,0,91.717453,10.060647,0,,1,0,0,0,88.281711,10.060647,0.002088,-0.091873,0.228101,-0.000164,12865.491449,9493.158196,0.119659,-1.086753,-80.413727,10690.350378,14.72561,11.585796,15.196978,0,317.064373,312.61177,0.005921,358.937055,,,,,,,,,,,,,,,,,,,,,,,,Idle,Burn,Idle,0,0,Idle,0,0,77.924114,0,77.924114,None,Continue,0,DeorbitReturn,,,,,,1,496.899506,496.899506,0,0,,,,,,,,,,,,,,1,0,0,0.984883,0.984883,0.589568,12865.496094,9493.15918,10690.348633
68.799998,-,0,0,0,None,Holding,0,313150.083188,7723.252566,7235.835906,1.645717,0,0,260006.229391,7707.960345,0.01148,0,82.145215,10.363957,0,,1,0,0,0,97.853879,10.363957,0.006384,-0.094601,0.212352,-0.000161,12865.497857,9493.160751,0.365761,-1.064416,-82.119965,10690.350635,14.725166,11.585345,15.196509,0,317.043729,312.628535,0.005894,358.91103,,,,,,,,,,,,,,,,,,,,,,,,Idle,Burn,Idle,0,0,Idle,0,0,77.924237,0,77.924237,None,Continue,0,DeorbitReturn,,,,,,1,496.787323,496.787323,0,0,,,,,,,,,,,,,,1,0,0,0.984646,0.984646,0.589542,12865.5,9493.161133,10690.350586
69.059998,-,0,0,0,None,Holding,0,313150.443893,7723.244234,7235.827543,1.621475,0,0,261799.454162,7707.645155,0.007838,0,73.507899,10.66932,0,,1,0,0,0,106.491217,10.66932,0.010814,-0.097346,0.195165,-0.000157,12865.501198,9493.162049,0.619607,-1.041167,-83.825073,10690.350042,14.724725,11.584895,15.196043,0,317.005916,312.639186,0.005771,358.789779,,,,,,,,,,,,,,,,,,,,,,,,Idle,Burn,Idle,0,0,Idle,0,0,77.924359,0,77.924359,None,Continue,0,DeorbitReturn,,,,,,1,496.731232,496.731232,0,0,,,,,,,,,,,,,,1,0,0,0.984409,0.984409,0.589518,12865.506836,9493.164063,10690.350586
69.319998,-,0,0,0,None,Holding,0,313150.76186,7723.232266,7235.815544,1.608868,0,0,263592.660045,7707.367159,0.012768,0,67.470511,10.989859,0,,1,0,0,0,112.528766,10.989859,0.05583,-0.09986,0.177146,-0.000156,12865.506259,9493.164729,3.198803,-1.034587,-83.810295,10690.350127,14.724264,11.584497,15.19556,0,316.963452,312.641864,0.005696,358.71354,,,,,,,,,,,,,,,,,,,,,,,,Idle,Burn,Idle,0,0,Idle,0,0,77.924478,0,77.924478,None,Continue,0,DeorbitReturn,,,,,,1,496.57608,496.57608,0,0,,,,,,,,,,,,,,1,0,0,0.984199,0.984199,0.589495,12865.509766,9493.166016,10690.351563
69.579998,-,0,0,0,None,Holding,0,313151.052753,7723.219269,7235.802516,1.598931,0,0,265385.843059,7707.052447,0.007808,0,64.975815,11.322492,0,,1,0,0,0,115.023717,11.322492,0.06059,-0.102851,0.157133,-0.000151,12865.511749,9493.167581,3.471568,-1.003181,-85.506767,10690.349848,14.723825,11.584048,15.195096,0,316.919344,312.642609,0.005502,358.50573,,,,,,,,,,,,,,,,,,,,,,,,Idle,Burn,Idle,0,0,Idle,0,0,77.924597,0,77.924597,None,Continue,0,DeorbitReturn,,,,,,1,496.463898,496.463898,0,0,,,,,,,,,,,,,,1,0,0,0.983962,0.983962,0.589472,12865.513672,9493.168945,10690.349609
69.839998,-,0,0,0,None,Holding,0,313151.339736,7723.203825,7235.787043,1.610981,0,0,267179.003331,7706.696726,0.00757,0,66.665447,11.662749,0,,1,0,0,0,113.334484,11.662749,0.104062,-0.105558,0.312526,-0.000206,12865.514447,9493.169083,5.962308,-1.366441,-86.325043,10690.349408,14.723427,11.583671,15.194676,21327.268779,316.880251,312.629867,0.005329,358.30672,,,,,,,,,,,,,,,,,,,,,,,,Idle,Burn,Idle,0,0,Idle,0,0,77.924716,0,77.924716,None,Continue,0,DeorbitReturn,,,,,,1,496.463898,496.463898,0,0,,,,,,,,,,,,,,1,0,0,0.983694,0.983694,0.58945,12865.519531,9493.172852,10690.347656
70.099998,-,0,0,0,None,Holding,0,313151.645407,7723.190415,7235.773602,1.632257,0,0,268972.135258,7706.311919,0.016504,0,72.793608,12.021738,0,,1,0,0,0,107.20668,12.021738,0.118791,-0.108697,0.309873,-0.0002,12865.520815,9493.172445,6.806224,-1.325887,-88.012505,10690.349575,14.722731,11.58299,15.193942,0,316.852936,312.612409,0.00514,358.071969,,,,,,,,,,,,,,,,,,,,,,,,Idle,Burn,Idle,0,0,Idle,0,0,77.924837,0,77.924837,None,Continue,0,DeorbitReturn,,,,,,1,496.200165,496.200165,0,0,,,,,,,,,,,,,,1,0,0,0.983404,0.983404,0.589428,12865.526367,9493.174805,10690.349609
70.359998,-,0,0,0,None,Holding,0,313151.989456,7723.184835,7235.767991,1.659962,0,0,270765.248439,7705.997206,0.015411,0,81.703669,12.365364,0,,1,0,0,0,98.296936,12.365364,0.123591,-0.111788,0.304829,-0.000194,12865.526632,9493.175598,7.081259,-1.283519,-89.698242,10690.349693,14.722295,11.582541,15.193481,0,316.853353,312.594367,0.005037,357.937372,,,,,,,,,,,,,,,,,,,,,,,,Idle,Burn,Idle,0,0,Idle,0,0,77.924958,0,77.924958,None,Continue,0,DeorbitReturn,,,,,,1,496.200165,496.200165,0,0,,,,,,,,,,,,,,1,0,0,0.983167,0.983167,0.589406,12865.530273,9493.178711,10690.350586
70.619998,-,0,0,0,None,Holding,0,313152.392536,7723.1777,7235.760825,1.709783,0,0,272558.347998,7705.404021,0.020394,0,92.444406,12.681933,0,,1,0,0,0,87.556415,12.681933,0.16935,-0.114254,0.297167,-0.000187,12865.535603,9493.180004,9.703029,-1.237422,-91.376907,10690.349723,14.721411,11.581693,15.192549,0,316.862541,312.562208,0.004985,357.867379,,,,,,,,,,,,,,,,,,,,,,,,Idle,Burn,Idle,0,0,Idle,0,0,77.925083,0,77.925083,None,Continue,0,DeorbitReturn,,,,,,1,495.904694,495.904694,0,0,,,,,,,,,,,,,,1,0,0,0.98272,0.98272,0.589384,12865.542969,9493.183594,10690.349609
70.879998,-,0,0,0,None,Holding,0,313152.861741,7723.183974,7235.767067,1.739191,0,0,274351.446659,7705.089308,0.016526,0,103.375035,12.954026,0,,1,0,0,0,76.625905,12.954026,0.174642,-0.116688,0.287685,-0.00018,12865.542309,9493.183305,10.006228,-1.190618,-93.051605,10690.35002,14.721102,11.581354,15.192221,18228.436351,316.90006,312.54821,0.005051,357.955652,,,,,,,,,,,,,,,,,,,,,,,,Idle,Burn,Idle,0,0,Idle,0,0,77.925211,0,77.925211,None,Continue,0,DeorbitReturn,,,,,,1,495.876648,495.876648,0,0,,,,,,,,,,,,,,1,0,0,0.982483,0.982483,0.589361,12865.551758,9493.189453,10690.353516
71.139998,-,0,0,0,None,Holding,0,313153.394201,7723.190802,7235.773862,1.762075,0,0,276144.55728,7704.686381,0.015734,0,112.796964,13.177476,0,,1,0,0,0,67.20393,13.177476,0.226257,-0.118252,0.277455,-0.000217,12865.548949,9493.186777,12.963574,-1.437512,-93.709328,10690.350437,14.720486,11.580779,15.191574,18228.446007,316.935375,312.538362,0.005214,358.168682,,,,,,,,,,,,,,,,,,,,,,,,Idle,Burn,Idle,0,0,Idle,0,0,77.92534,0,77.92534,None,Continue,0,DeorbitReturn,,,,,,1,495.739624,495.739624,0,0,,,,,,,,,,,,,,1,0,0,0.98218,0.98218,0.589339,12865.558594,9493.191406,10690.353516
71.399998,-,0,0,0,None,Holding,0,313153.976678,7723.200801,7235.783828,1.772447,0,0,277937.688848,7704.450347,0.013916,0,119.069715,13.350935,0,,1,0,0,0,60.930962,13.350935,0.231578,-0.119784,0.26652,-0.000208,12865.555988,9493.190653,13.268424,-1.379387,-94.944984,10690.350606,14.720163,11.580441,15.191232,18228.459954,316.972661,312.537559,0.005345,358.329629,,,,,,,,,,,,,,,,,,,,,,,,Idle,Burn,Idle,0,0,Idle,0,0,77.925472,0,77.925472,None,Continue,0,DeorbitReturn,,,,,,1,495.564789,495.564789,0,0,,,,,,,,,,,,,,1,0,0,0.982002,0.982002,0.589318,12865.557617,9493.191406,10690.348633
71.659998,-,0,0,0,None,Holding,0,313154.584972,7723.21268,7235.795674,1.778357,0,0,279730.852354,7704.144694,0.011144,0,119.825466,13.508931,0,,1,0,0,0,60.174804,13.508931,0.247393,-0.121079,0.255055,-0.0002,12865.563101,9493.193809,14.174594,-1.326695,-96.176949,10690.351287,14.719718,11.579991,15.190762,16097.287416,317.01292,312.540302,0.005526,358.539643,,,,,,,,,,,,,,,,,,,,,,,,Idle,Burn,Idle,0,0,Idle,0,0,77.925604,0,77.925604,None,Continue,0,DeorbitReturn,,,,,,1,495.452545,495.452545,0,0,,,,,,,,,,,,,,1,0,0,0.981771,0.981771,0.589299,12865.568359,9493.195313,10690.352539
71.919998,-,0,0,0,None,Holding,0,313155.186209,7723.222436,7235.805396,1.769773,0,0,281524.045012,7703.788497,0.008969,0,115.202627,13.652407,0,,1,0,0,0,64.797183,13.652407,0.291554,-0.12198,0.243308,-0.000256,12865.569994,9493.19778,16.704813,-1.696748,-96.955658,10690.351274,14.719083,11.579385,15.190091,0,317.038286,312.550578,0.005723,358.754488,,,,,,,,,,,,,,,,,,,,,,,,Idle,Burn,Idle,0,0,Idle,0,0,77.925736,0,77.925736,None,Continue,0,DeorbitReturn,,,,,,1,495.300812,495.300812,0,0,,,,,,,,,,,,,,1,0,0,0.981503,0.981503,0.589283,12865.573242,9493.199219,10690.351563
72.179998,-,0,0,0,None,Holding,0,313155.750165,7723.232631,7235.815558,1.74875,0,0,283317.265523,7703.473307,0.00796,0,105.83722,13.820554,0,,1,0,0,0,74.162205,13.820554,0.297118,-0.123461,0.230479,-0.000244,12865.573914,9493.199486,17.02359,-1.619667,-98.60746,10690.350298,14.718656,11.578934,15.189638,0,317.057818,312.568192,0.005866,358.901661,,,,,,,,,,,,,,,,,,,,,,,,Idle,Burn,Idle,0,0,Idle,0,0,77.925866,0,77.925866,None,Continue,0,DeorbitReturn,,,,,,1,495.188538,495.188538,0,0,,,,,,,,,,,,,,1,0,0,0.981266,0.981266,0.589268,12865.574219,9493.199219,10690.348633
72.439998,-,0,0,0,None,Holding,0,313156.250483,7723.234727,7235.81762,1.706178,0,0,285110.502648,7702.94974,0.013364,0,94.037236,14.028052,0,,1,0,0,0,85.961956,14.028052,0.333453,-0.125017,0.216711,-0.000232,12865.580149,9493.202783,19.105461,-1.538521,-100.251862,10690.350537,14.7179,11.578186,15.188841,0,317.04071,312.594361,0.005966,359.000399,,,,,,,,,,,,,,,,,,,,,,,,Idle,Burn,Idle,0,0,Idle,0,0,77.925995,0,77.925995,None,Continue,0,DeorbitReturn,,,,,,1,495.086151,495.086151,0,0,,,,,,,,,,,,,,1,0,0,0.980871,0.980871,0.589253,12865.583984,9493.204102,10690.351563
72.699998,-,0,0,0,None,Holding,0,313156.675153,7723.234215,7235.817075,1.706754,0,0,286903.743428,7702.94974,0.007911,0,81.743803,14.292321,0,,1,0,0,0,98.255261,14.292321,0.339247,-0.127376,0.202169,-0.000222,12865.583893,9493.204784,19.437441,-1.472034,-100.177277,10690.350226,14.7179,11.578186,15.188841,0,317.04071,312.594361,0.005966,359.000399,,,,,,,,,,,,,,,,,,,,,,,,Idle,Burn,Idle,0,0,Idle,0,0,77.926121,0,77.926121,None,Continue,0,DeorbitReturn,,,,,,1,495.001984,495.001984,0,0,,,,,,,,,,,,,,1,0,0,0.980871,0.980871,0.589239,12865.585938,9493.206055,10690.351563
72.959998,-,0,0,0,None,Holding,0,313157.022417,7723.218272,7235.8011,1.662353,0,0,288696.969506,7702.357031,0.012868,0,71.228226,14.628571,0,,1,0,0,0,108.7709,14.628571,0.386312,-0.130009,0.185961,-0.000203,12865.590877,9493.208373,22.134026,-1.348914,-101.806297,10690.34981,14.717045,11.57734,15.187938,0,316.968134,312.613445,0.005836,358.870229,,,,,,,,,,,,,,,,,,,,,,,,Idle,Burn,Idle,0,0,Idle,0,0,77.926246,0,77.926246,None,Continue,0,DeorbitReturn,,,,,,1,494.840118,494.840118,0,0,,,,,,,,,,,,,,1,0,0,0.980425,0.980425,0.589226,12865.59375,9493.209961,10690.348633
73.219998,-,0,0,0,None,Holding,0,313157.314879,7723.204636,7235.787432,1.651678,0,0,290490.168278,7702.042319,0.009824,0,64.948293,15.041392,0,,1,0,0,0,115.051084,15.041392,0.392886,-0.133713,0.168257,-0.000189,12865.595804,9493.210758,22.510736,-1.250523,-103.430031,10690.349223,14.716622,11.576891,15.18749,0,316.921882,312.614182,0.005646,358.669234,,,,,,,,,,,,,,,,,,,,,,,,Idle,Burn,Idle,0,0,Idle,0,0,77.926369,0,77.926369,None,Continue,0,DeorbitReturn,,,,,,1,494.734467,494.734467,0,0,,,,,,,,,,,,,,1,0,0,0.980187,0.980187,0.589213,12865.599609,9493.212891,10690.349609
73.479998,-,0,0,0,None,Holding,0,313157.583527,7723.190412,7235.773177,1.65026,0,0,292283.330154,7701.764323,0.012707,0,64.957856,15.531131,0,,1,0,0,0,115.041966,15.531131,0.440212,-0.137748,0.148701,-0.000176,12865.601524,9493.214411,25.222317,-1.168093,-103.330109,10690.349326,14.716192,11.576493,15.187036,0,316.879236,312.609271,0.005538,358.547593,,,,,,,,,,,,,,,,,,,,,,,,Idle,Burn,Idle,0,0,Idle,0,0,77.926492,0,77.926492,None,Continue,0,DeorbitReturn,,,,,,1,494.678345,494.678345,0,0,,,,,,,,,,,,,,1,0,0,0.979978,0.979978,0.5892,12865.605469,9493.217773,10690.347656
73.739998,-,0,0,0,None,Holding,0,313157.869064,7723.177836,7235.760569,1.665092,0,0,294076.454616,7701.449133,0.011149,0,71.457868,16.078649,0,,1,0,0,0,108.542425,16.078649,0.4473,-0.142676,0.298472,-0.000159,12865.607766,9493.217467,25.628422,-1.057269,-104.936798,10690.34963,14.715771,11.576043,15.18659,0,316.851169,312.595494,0.005356,358.332111,,,,,,,,,,,,,,,,,,,,,,,,Idle,Burn,Idle,0,0,Idle,0,0,77.926615,0,77.926615,None,Continue,0,DeorbitReturn,,,,,,1,494.466919,494.466919,0,0,,,,,,,,,,,,,,1,0,0,0.979741,0.979741,0.589187,12865.611328,9493.220703,10690.350586
73.999998,-,0,0,0,None,Holding,0,313158.209798,7723.165746,7235.748448,1.696172,0,0,295869.549246,7701.023318,0.012313,0,82.634401,16.61823,0,,1,0,0,0,97.366263,16.61823,0.503382,-0.147083,0.287854,-0.000209,12865.614504,9493.221505,28.841663,-1.384922,-105.660339,10690.349361,14.715159,11.575437,15.185943,0,316.834508,312.572019,0.005266,358.218765,,,,,,,,,,,,,,,,,,,,,,,,Idle,Burn,Idle,0,0,Idle,0,0,77.92674,0,77.92674,None,Continue,0,DeorbitReturn,,,,,,1,494.315125,494.315125,0,0,,,,,,,,,,,,,,1,0,0,0.97942,0.97942,0.589174,12865.621094,9493.226563,10690.351563
74.259998,-,0,0,0,None,Holding,0,313158.6336,7723.165873,7235.748543,1.727621,0,0,297662.629035,7700.708605,0.015156,0,95.948627,16.981716,0,,1,0,0,0,84.052263,16.981716,0.510474,-0.150332,0.266454,-0.00019,12865.621337,9493.225308,29.248011,-1.259646,-107.25457,10690.349593,14.714743,11.574986,15.1855,0,316.854943,312.553803,0.005256,358.206419,,,,,,,,,,,,,,,,,,,,,,,,Idle,Burn,Idle,0,0,Idle,0,0,77.926867,0,77.926867,None,Continue,0,DeorbitReturn,,,,,,1,494.287048,494.287048,0,0,,,,,,,,,,,,,,1,0,0,0.979183,0.979183,0.58916,12865.62793,9493.230469,10690.351563
74.519998,-,0,0,0,None,Holding,0,313159.150623,7723.174234,7235.756872,1.7797,0,0,299455.71417,7700.036742,0.021985,0,108.704989,17.105353,0,,1,0,0,0,71.29598,17.105353,0.558715,-0.151012,0.24814,-0.000172,12865.631206,9493.230951,32.012016,-1.140585,-109.264885,10690.350631,14.713925,11.574141,15.184634,18223.572969,316.91253,312.526997,0.005436,358.429667,,,,,,,,,,,,,,,,,,,,,,,,Idle,Burn,Idle,0,0,Idle,0,0,77.926997,0,77.926997,None,Continue,0,DeorbitReturn,,,,,,1,494.047546,494.047546,0,0,,,,,,,,,,,,,,1,0,0,0.978677,0.978677,0.589145,12865.644531,9493.238281,10690.351563
74.779998,-,0,0,0,None,Holding,0,313159.74786,7723.180633,7235.763237,1.786556,0,0,301248.825146,7699.879386,0.015685,0,117.656753,17.120527,0,,1,0,0,0,62.343986,17.120527,0.566451,-0.151077,0.234959,-0.000152,12865.638328,9493.234281,32.455261,-1.010334,-109.978523,10690.350285,14.713716,11.573915,15.184412,18228.620052,316.936933,312.526616,0.005527,358.537292,,,,,,,,,,,,,,,,,,,,,,,,Idle,Burn,Idle,0,0,Idle,0,0,77.927129,0,77.927129,None,Continue,0,DeorbitReturn,,,,,,1,493.907196,493.907196,0,0,,,,,,,,,,,,,,1,0,0,0.978558,0.978558,0.589132,12865.643555,9493.236328,10690.349609
75.039998,-,0,0,0,None,Holding,0,313160.38829,7723.191353,7235.773924,1.799648,0,0,303041.976492,7699.444033,0.013004,0,119.621901,17.102505,0,,1,0,0,0,60.378387,17.102505,0.615336,-0.150459,0.222987,-0.000132,12865.648458,9493.239769,35.256138,-0.872509,-110.676315,10690.350629,14.712969,11.573181,15.183621,0,316.977964,312.524594,0.005756,358.794035,,,,,,,,,,,,,,,,,,,,,,,,Idle,Burn,Idle,0,0,Idle,0,0,77.927262,0,77.927262,None,Continue,0,DeorbitReturn,,,,,,1,493.751862,493.751862,0,0,,,,,,,,,,,,,,1,0,0,0.97823,0.97823,0.589119,12865.650391,9493.240234,10690.349609
75.299998,-,0,0,0,None,Holding,0,313161.019338,7723.204528,7235.787065,1.789639,0,0,304835.172033,7699.128844,0.007981,0,113.197528,17.108896,0,,1,0,0,0,66.802207,17.108896,0.623958,-0.150434,0.21043,-0.000108,12865.65491,9493.243211,35.750179,-0.716961,-112.221985,10690.350508,14.712556,11.572731,15.183184,0,317.01241,312.537657,0.005945,358.991479,,,,,,,,,,,,,,,,,,,,,,,,Idle,Burn,Idle,0,0,Idle,0,0,77.927396,0,77.927396,None,Continue,0,DeorbitReturn,,,,,,1,493.639557,493.639557,0,0,,,,,,,,,,,,,,1,0,0,0.977993,0.977993,0.589109,12865.660156,9493.246094,10690.351563
75.559998,-,0,0,0,None,Holding,0,313161.590389,7723.213162,7235.795665,1.751982,0,0,306628.402131,7698.536135,0.014371,0,101.02466,17.175752,0,,1,0,0,0,78.97467,17.175752,0.673662,-0.150582,0.197051,-0.000083,12865.662744,9493.246873,38.597992,-0.552724,-113.749847,10690.350079,14.711732,11.571885,15.18231,0,317.017101,312.56472,0.006165,359.205651,,,,,,,,,,,,,,,,,,,,,,,,Idle,Burn,Idle,0,0,Idle,0,0,77.927527,0,77.927527,None,Continue,0,DeorbitReturn,,,,,,1,493.42807,493.42807,0,0,,,,,,,,,,,,,,1,0,0,0.977546,0.977546,0.589101,12865.665039,9493.246094,10690.348633
75.819998,-,0,0,0,None,Holding,0,313162.066897,7723.210263,7235.792732,1.742834,0,0,308421.649831,7698.396899,0.010229,0,86.262817,17.347904,0,,1,0,0,0,93.736283,17.347904,0.70317,-0.151883,0.182852,-0.000061,12865.667958,9493.24972,40.288647,-0.402061,-113.551895,10690.349959,14.711637,11.571788,15.18221,16097.378075,317.004255,312.569345,0.006176,359.216451,,,,,,,,,,,,,,,,,,,,,,,,Idle,Burn,Idle,0,0,Idle,0,0,77.927658,0,77.927658,None,Continue,0,DeorbitReturn,,,,,,1,493.42807,493.42807,0,0,,,,,,,,,,,,,,1,0,0,0.977441,0.977441,0.589092,12865.673828,9493.25293,10690.349609
76.079998,-,0,0,0,None,Holding,0,313162.434809,7723.201269,7235.783705,1.704717,0,0,310214.886418,7697.94295,0.012721,0,72.746001,17.65343,0,,1,0,0,0,107.253058,17.65343,0.733319,-0.154388,0.167252,-0.000033,12865.676278,9493.253782,42.016071,-0.219391,-115.04879,10690.349575,14.710913,11.57104,15.181442,0,316.956068,312.588155,0.006114,359.157158,,,,,,,,,,,,,,,,,,,,,,,,Idle,Burn,Idle,0,0,Idle,0,0,77.927785,0,77.927785,None,Continue,0,DeorbitReturn,,,,,,1,493.216522,493.216522,0,0,,,,,,,,,,,,,,1,0,0,0.977099,0.977099,0.589084,12865.680664,9493.253906,10690.349609
76.339998,-,0,0,0,None,Holding,0,313162.722921,7723.18825,7235.770654,1.694988,0,0,312008.091605,7697.664954,0.005041,0,64.155984,18.104292,0,,1,0,0,0,115.843341,18.104292,0.783879,-0.158037,0.150926,-0.000003,12865.681004,9493.256385,44.912983,-0.016903,-114.817528,10690.349803,14.710623,11.570745,15.181133,16083.683848,316.912432,312.588462,0.006024,359.069066,,,,,,,,,,,,,,,,,,,,,,,,Idle,Burn,Idle,0,0,Idle,0,0,77.927911,0,77.927911,None,Continue,0,DeorbitReturn,,,,,,1,493.216522,493.216522,0,0,,,,,,,,,,,,,,1,0,0,0.97689,0.97689,0.589076,12865.686523,9493.258789,10690.350586
76.599998,-,0,0,0,None,Holding,0,313162.974779,7723.176805,7235.759177,1.690753,0,0,313801.246306,7697.428919,0.010725,0,64.195176,18.704484,0,,1,0,0,0,115.804669,18.704484,0.794362,-0.163413,0.133026,0.000027,12865.688384,9493.260949,45.513573,0.178041,-115.852867,10690.349517,14.710204,11.570308,15.18069,0,316.876787,312.586218,0.005877,358.918768,,,,,,,,,,,,,,,,,,,,,,,,Idle,Burn,Idle,0,0,Idle,0,0,77.928037,0,77.928037,None,Continue,0,DeorbitReturn,,,,,,1,493.033142,493.033142,0,0,,,,,,,,,,,,,,1,0,0,0.976712,0.976712,0.589068,12865.691406,9493.263672,10690.349609
76.859998,-,0,0,0,None,Holding,0,313163.254142,7723.163796,7235.746135,1.700385,0,0,315594.354535,7697.150923,0.005041,0,72.879448,19.430147,0,,1,0,0,0,107.120935,19.430147,0.845643,-0.169562,0.112611,0.00006,12865.693252,9493.263358,48.451756,0.397772,-115.586327,10690.349309,14.709805,11.569913,15.180266,0,316.844773,312.574926,0.005781,358.8155,,,,,,,,,,,,,,,,,,,,,,,,Idle,Burn,Idle,0,0,Idle,0,0,77.928163,0,77.928163,None,Continue,0,DeorbitReturn,,,,,,1,492.93396,492.93396,0,0,,,,,,,,,,,,,,1,0,0,0.976502,0.976502,0.589059,12865.697266,9493.265625,10690.348633
77.119998,-,0,0,0,None,Holding,0,313163.617951,7723.154956,7235.737264,1.726005,0,0,317387.42679,7696.835734,0.012545,0,86.982566,20.207704,0,,1,0,0,0,93.018214,20.207704,0.856981,-0.176547,0.256957,0.000093,12865.702065,9493.267875,49.101372,0.614216,-117.013985,10690.350278,14.709394,11.569462,15.179832,0,316.835046,312.555824,0.005662,358.683368,,,,,,,,,,,,,,,,,,,,,,,,Idle,Burn,Idle,0,0,Idle,0,0,77.928291,0,77.928291,None,Continue,0,DeorbitReturn,,,,,,1,492.821594,492.821594,0,0,,,,,,,,,,,,,,1,0,0,0.976265,0.976265,0.58905,12865.708008,9493.270508,10690.351563
77.379998,-,0,0,0,None,Holding,0,313164.096723,7723.151019,7235.733294,1.760837,0,0,319180.489907,7696.410395,0.008873,0,102.501619,20.343548,0,,1,0,0,0,77.499361,20.343548,0.91726,-0.17723,0.208819,0.00006,12865.709912,9493.272425,52.555115,0.396183,-117.55159,10690.349468,14.708833,11.568859,15.179231,0,316.845793,312.533256,0.005701,358.727465,,,,,,,,,,,,,,,,,,,,,,,,Idle,Burn,Idle,0,0,Idle,0,0,77.928421,0,77.928421,None,Continue,0,DeorbitReturn,,,,,,1,492.669739,492.669739,0,0,,,,,,,,,,,,,,1,0,0,0.975944,0.975944,0.58904,12865.717773,9493.277344,10690.351563
77.639998,-,0,0,0,None,Holding,0,313164.682757,7723.159752,7235.741994,1.782938,0,0,320973.575011,7695.998408,0.01054,0,114.8571,20.190312,0,,1,0,0,0,65.143755,20.190312,0.964696,-0.175394,0.195632,0.00005,12865.71794,9493.277509,55.273033,0.334179,-118.369614,10690.350968,14.708403,11.568373,15.178769,16097.430289,316.886391,312.52475,0.005894,358.938703,,,,,,,,,,,,,,,,,,,,,,,,Idle,Burn,Idle,0,0,Idle,0,0,77.928552,0,77.928552,None,Continue,0,DeorbitReturn,,,,,,1,492.669739,492.669739,0,0,,,,,,,,,,,,,,1,0,0,0.975634,0.975634,0.58903,12865.726563,9493.28418,10690.352539
77.899998,-,0,0,0,None,Holding,0,313165.33734,7723.159897,7235.742105,1.786714,0,0,322766.70464,7695.92879,0.010308,0,119.497428,20.004186,0,,1,0,0,0,60.502951,20.004186,0.986072,-0.173498,0.18486,0.000085,12865.72457,9493.280741,56.497765,0.56178,-118.038727,10690.350166,14.708193,11.568174,15.178548,0,316.890392,312.52311,0.005923,358.96837,,,,,,,,,,,,,,,,,,,,,,,,Idle,Burn,Idle,0,0,Idle,0,0,77.928685,0,77.928685,None,Continue,0,DeorbitReturn,,,,,,1,492.497925,492.497925,0,0,,,,,,,,,,,,,,1,0,0,0.975582,0.975582,0.589021,12865.727539,9493.28125,10690.349609
78.139998,-,0,0,0,None,Holding,0,313165.989288,7723.177775,7235.759949,1.776031,0,0,324550.599196,7695.335604,0.01303,0,113.392454,19.862322,0,,1,0,0,0,66.60733,19.862322,1.038767,-0.171714,0.172769,0.000123,12865.732332,9493.284353,59.516979,0.816505,-119.400711,10690.349598,14.707404,11.56733,15.177709,0,316.938111,312.539176,0.006262,359.305495,,,,,,,,,,,,,,,,,,,,,,,,Idle,Burn,Idle,0,0,Idle,0,0,77.928817,0,77.928817,None,Continue,0,DeorbitReturn,,,,,,1,492.286346,492.286346,0,0,,,,,,,,,,,,,,1,0,0,0.975135,0.975135,0.589015,12865.738281,9493.288086,10690.351563
78.419998,-,0,0,0,None,Holding,0,313166.571017,7723.179386,7235.761527,1.7621,0,0,326353.121638,7695.178248,0.008039,0,99.519665,19.826766,0,,1,0,0,0,80.479641,19.826766,1.05099,-0.171277,0.15953,0.000162,12865.737662,9493.286961,60.217285,1.072831,-119.882172,10690.349152,14.707323,11.567217,15.177621,18228.783846,316.93575,312.548967,0.0063,359.340689,,,,,,,,,,,,,,,,,,,,,,,,Idle,Burn,Idle,0,0,Idle,0,0,77.928949,0,77.928949,None,Continue,0,DeorbitReturn,,,,,,1,492.286346,492.286346,0,0,,,,,,,,,,,,,,1,0,0,0.975016,0.975016,0.589009,12865.742188,9493.289063,10690.348633
78.679998,-,0,0,0,None,Holding,0,313167.02743,7723.178175,7235.760282,1.724659,0,0,328146.370537,7694.673277,0.014266,0,82.816411,19.962152,0,,1,0,0,0,97.182645,19.962152,1.114748,-0.171921,0.144944,0.000203,12865.7495,9493.293118,63.870377,1.347327,-120.328033,10690.350172,14.706527,11.566387,15.176774,0,316.910942,312.571382,0.006405,359.43713,,,,,,,,,,,,,,,,,,,,,,,,Idle,Burn,Idle,0,0,Idle,0,0,77.929078,0,77.929078,None,Continue,0,DeorbitReturn,,,,,,1,492.049957,492.049957,0,0,,,,,,,,,,,,,,1,0,0,0.974636,0.974636,0.589004,12865.755859,9493.295898,10690.352539
78.939998,-,0,0,0,None,Holding,0,313167.361269,7723.166018,7235.748092,1.711081,0,0,329939.601913,7694.409586,0.00629,0,68.473229,20.307331,0,,1,0,0,0,111.52588,20.307331,1.153843,-0.174711,0.129564,0.000201,12865.754223,9493.295661,66.110313,1.333689,-120.59845,10690.349807,14.706342,11.566146,15.176572,21420.607686,316.867743,312.574257,0.006307,359.347197,,,,,,,,,,,,,,,,,,,,,,,,Idle,Burn,Idle,0,0,Idle,0,0,77.929206,0,77.929206,None,Continue,0,DeorbitReturn,,,,,,1,491.955841,491.955841,0,0,,,,,,,,,,,,,,1,0,0,0.974437,0.974437,0.588999,12865.760742,9493.299805,10690.350586
79.199998,-,0,0,0,None,Holding,0,313167.609424,7723.158189,7235.740231,1.704208,0,0,331732.782009,7694.247462,0.008828,0,62.235545,20.879655,0,,1,0,0,0,117.763972,20.879655,1.189895,-0.179598,0.114074,0.000222,12865.761908,9493.299813,68.175941,1.472112,-120.286423,10690.349597,14.705985,11.565784,15.176192,0,316.841473,312.575178,0.006256,359.299189,,,,,,,,,,,,,,,,,,,,,,,,Idle,Burn,Idle,0,0,Idle,0,0,77.929333,0,77.929333,None,Continue,0,DeorbitReturn,,,,,,1,491.89801,491.89801,0,0,,,,,,,,,,,,,,1,0,0,0.974315,0.974315,0.588994,12865.764648,9493.301758,10690.349609
79.459998,-,0,0,0,None,Holding,0,313167.851502,7723.144244,7235.726254,1.707158,0,0,333525.902122,7693.969466,0.005023,0,67.42988,21.64822,0,,1,0,0,0,112.570274,21.64822,1.243855,-0.186112,0.099067,0.000271,12865.76827,9493.303022,71.267616,1.797071,-119.810852,10690.349498,14.70562,11.565392,15.175801,0,316.802925,312.567194,0.006146,359.192216,,,,,,,,,,,,,,,,,,,,,,,,Idle,Burn,Idle,0,0,Idle,0,0,77.929459,0,77.929459,None,Continue,0,DeorbitReturn,,,,,,1,491.798828,491.798828,0,0,,,,,,,,,,,,,,1,0,0,0.974106,0.974106,0.588989,12865.773438,9493.305664,10690.349609
79.699998,-,0,0,0,None,Holding,0,313168.168768,7723.132725,7235.714702,1.72967,0,0,335309.678365,7693.654753,0.012201,0,81.359788,22.570154,0,,1,0,0,0,98.640902,22.570154,1.257887,-0.194387,0.08829,0.000313,12865.776556,9493.307077,72.071609,2.080594,-121.020042,10690.349439,14.705213,11.564941,15.175367,0,316.783674,312.548332,0.006008,359.051597,,,,,,,,,,,,,,,,,,,,,,,,Idle,Burn,Idle,0,0,Idle,0,0,77.929587,0,77.929587,None,Continue,0,DeorbitReturn,,,,,,1,491.686493,491.686493,0,0,,,,,,,,,,,,,,1,0,0,0.973868,0.973869,0.588983,12865.779297,9493.308594,10690.348633
79.979998,-,0,0,0,None,Holding,0,313168.615819,7723.126183,7235.708127,1.743597,0,0,337112.016421,7693.446375,0.003794,0,98.448313,22.960287,0,,1,0,0,0,81.552666,22.960287,1.302688,-0.197533,0.138675,0.00036,12865.784515,9493.310984,74.638512,2.390012,-120.481667,10690.35004,14.704942,11.564647,15.175076,0,316.774142,312.537013,0.00598,359.022555,,,,,,,,,,,,,,,,,,,,,,,,Idle,Burn,Idle,0,0,Idle,0,0,77.929717,0,77.929717,None,Continue,0,DeorbitReturn,,,,,,1,491.61203,491.61203,0,0,,,,,,,,,,,,,,1,0,0,0.973711,0.973711,0.588976,12865.786133,9493.311523,10690.348633
80.219998,-,0,0,0,None,Holding,0,313169.194567,7723.131146,7235.713057,1.764018,0,0,338895.790725,7693.089701,0.007708,0,112.770872,22.67372,0,,1,0,0,0,67.230015,22.67372,1.356171,-0.194426,0.135771,0.000344,12865.790224,9493.312892,77.702881,2.282844,-120.760574,10690.349862,14.704508,11.564142,15.174608,0,316.802603,312.527564,0.006141,359.188358,,,,,,,,,,,,,,,,,,,,,,,,Idle,Burn,Idle,0,0,Idle,0,0,77.929847,0,77.929847,None,Continue,0,DeorbitReturn,,,,,,1,491.484894,491.484894,0,0,,,,,,,,,,,,,,1,0,0,0.973443,0.973443,0.588969,12865.794922,9493.316406,10690.349609
80.499998,-,0,0,0,None,Holding,0,313169.859338,7723.130616,7235.712494,1.764537,0,0,340698.199485,7693.089701,0.007708,0,118.241646,22.356943,0,,1,0,0,0,61.758767,22.356943,1.370624,-0.191405,0.127206,0.000393,12865.797346,9493.317316,78.530945,2.611141,-120.181908,10690.351104,14.704506,11.564143,15.174605,0,316.802603,312.527564,0.006141,359.188358,,,,,,,,,,,,,,,,,,,,,,,,Idle,Burn,Idle,0,0,Idle,0,0,77.929978,0,77.929978,None,Continue,0,DeorbitReturn,,,,,,1,491.484894,491.484894,0,0,,,,,,,,,,,,,,1,0,0,0.973443,0.973443,0.588963,12865.798828,9493.317383,10690.351563
80.759998,-,0,0,0,None,Holding,0,313170.522478,7723.143157,7235.725002,1.753144,0,0,342491.379566,7692.575671,0.01047,0,111.537515,22.096131,0,,1,0,0,0,68.462249,22.096131,1.426427,-0.18851,0.115986,0.000452,12865.806138,9493.320674,81.728279,3.001248,-120.848724,10690.351189,14.703975,11.563526,15.174035,18228.893399,316.833834,312.541614,0.006413,359.449523,,,,,,,,,,,,,,,,,,,,,,,,Idle,Burn,Idle,0,0,Idle,0,0,77.930109,0,77.930109,None,Continue,0,DeorbitReturn,,,,,,1,491.38562,491.38562,0,0,,,,,,,,,,,,,,1,0,0,0.973056,0.973056,0.588958,12865.8125,9493.323242,10690.351563
80.999998,-,0,0,0,None,Holding,0,313171.093184,7723.145393,7235.727204,1.736383,0,0,344275.320795,7692.288615,0.0116,0,95.802235,21.993877,0,,1,0,0,0,84.197032,21.993877,1.472676,-0.18715,0.102725,0.000505,12865.81349,9493.323655,84.37812,3.355155,-120.619598,10690.350542,14.703489,11.563008,15.173515,0,316.831456,312.553554,0.006518,359.545741,,,,,,,,,,,,,,,,,,,,,,,,Idle,Burn,Idle,0,0,Idle,0,0,77.930239,0,77.930239,None,Continue,0,DeorbitReturn,,,,,,1,491.273224,491.273224,0,0,,,,,,,,,,,,,,1,0,0,0.972839,0.972839,0.588955,12865.820313,9493.326172,10690.350586
81.279998,-,0,0,0,None,Holding,0,313171.521058,7723.144871,7235.72665,1.736911,0,0,346077.857836,7692.288615,0.003879,0,77.915032,22.1354,0,,1,0,0,0,102.083991,22.1354,1.488656,-0.188294,0.088175,0.00056,12865.818535,9493.325485,85.293701,3.714515,-119.925285,10690.350064,14.703486,11.563009,15.173512,0,316.831456,312.553554,0.006518,359.545743,,,,,,,,,,,,,,,,,,,,,,,,Idle,Burn,Idle,0,0,Idle,0,0,77.930368,0,77.930368,None,Continue,0,DeorbitReturn,,,,,,1,491.198761,491.198761,0,0,,,,,,,,,,,,,,1,0,0,0.972839,0.972839,0.588952,12865.822266,9493.326172,10690.348633
81.539998,-,0,0,0,None,Holding,0,313171.811593,7723.125298,7235.707043,1.708262,0,0,347871.070617,7691.807009,0.010045,0,64.3939,22.564655,0,,1,0,0,0,115.605303,22.564655,1.55137,-0.191629,0.072997,0.000573,12865.82668,9493.328827,88.886932,3.806994,-120.328362,10690.349647,14.702901,11.562328,15.172881,0,316.757226,312.561768,0.006377,359.415539,,,,,,,,,,,,,,,,,,,,,,,,Idle,Burn,Idle,0,0,Idle,0,0,77.930496,0,77.930496,None,Continue,0,DeorbitReturn,,,,,,1,491.026917,491.026917,0,0,,,,,,,,,,,,,,1,0,0,0.972476,0.972476,0.588949,12865.832031,9493.331055,10690.348633
81.799998,-,0,0,0,None,Holding,0,313172.032226,7723.114551,7235.696264,1.707462,0,0,349664.219904,7691.598155,0.009125,0,62.053681,23.260342,0,,1,0,0,0,117.946092,23.260342,1.598482,-0.197542,0.058971,0.00063,12865.833387,9493.331711,91.586296,4.185385,-119.565918,10690.350076,14.702758,11.562133,15.172723,16097.521961,316.726158,312.557382,0.006295,359.337003,,,,,,,,,,,,,,,,,,,,,,,,Idle,Burn,Idle,0,0,Idle,0,0,77.930623,0,77.930623,None,Continue,0,DeorbitReturn,,,,,,1,491.026917,491.026917,0,0,,,,,,,,,,,,,,1,0,0,0.972319,0.972319,0.588946,12865.839844,9493.333008,10690.349609
82.059998,-,0,0,0,None,Holding,0,313172.285023,7723.110624,7235.692304,1.708044,0,0,351457.298798,7691.528536,0.005023,0,72.819374,24.157096,0,,1,0,0,0,107.181066,24.157096,1.625571,-0.20547,0.049244,0.000689,12865.840832,9493.334721,93.138351,4.576602,-118.755684,10690.349825,14.702559,11.561936,15.17251,0,316.716124,312.555589,0.006267,359.310152,,,,,,,,,,,,,,,,,,,,,,,,Idle,Burn,Idle,0,0,Idle,0,0,77.930749,0,77.930749,None,Continue,0,DeorbitReturn,,,,,,1,490.927612,490.927612,0,0,,,,,,,,,,,,,,1,0,0,0.972267,0.972267,0.588943,12865.84375,9493.335938,10690.348633
82.319998,-,0,0,0,None,Holding,0,313172.663071,7723.097239,7235.678888,1.75478,0,0,353250.334616,7690.936305,0.01254,0,90.564469,24.923502,0,,1,0,0,0,89.436411,24.923502,1.683927,-0.211916,0.065635,0.000751,12865.85039,9493.338261,96.481888,4.984294,-119.610229,10690.349842,14.701822,11.561096,15.171721,0,316.707078,312.520065,0.006181,359.224468,,,,,,,,,,,,,,,,,,,,,,,,Idle,Burn,Idle,0,0,Idle,0,0,77.930878,0,77.930878,None,Continue,0,DeorbitReturn,,,,,,1,490.85321,490.85321,0,0,,,,,,,,,,,,,,1,0,0,0.97182,0.97182,0.588938,12865.859375,9493.342773,10690.350586
82.579998,-,0,0,0,None,Holding,0,313173.20591,7723.096204,7235.677819,1.773903,0,0,355043.373585,7690.657832,0.013705,0,107.820041,24.752378,0,,1,0,0,0,72.180923,24.752378,1.742724,-0.209816,0.081601,0.000819,12865.86066,9493.342368,99.850739,5.434542,-118.698883,10690.349925,14.701603,11.560804,15.171477,16082.897365,316.717327,312.508058,0.00624,359.283308,,,,,,,,,,,,,,,,,,,,,,,,Idle,Burn,Idle,0,0,Idle,0,0,77.931008,0,77.931008,None,Continue,0,DeorbitReturn,,,,,,1,490.716003,490.716003,0,0,,,,,,,,,,,,,,1,0,0,0.971611,0.971611,0.588933,12865.865234,9493.34082,10690.345703
82.839998,-,0,0,0,None,Holding,0,313173.872602,7723.095671,7235.677252,1.774402,0,0,356836.4609,7690.657832,0.005162,0,117.108491,24.326836,0,,1,0,0,0,62.892071,24.326836,1.761172,-0.205766,0.076802,0.000883,12865.869871,9493.345634,100.907745,5.860656,-117.73304,10690.350339,14.70149,11.560705,15.171358,0,316.717327,312.508057,0.00624,359.283309,,,,,,,,,,,,,,,,,,,,,,,,Idle,Burn,Idle,0,0,Idle,0,0,77.93114,0,77.93114,None,Continue,0,DeorbitReturn,,,,,,1,490.61673,490.61673,0,0,,,,,,,,,,,,,,1,0,0,0.971611,0.971611,0.588928,12865.874023,9493.34668,10690.350586
83.099998,-,0,0,0,None,Holding,0,313174.563551,7723.100061,7235.681609,1.778507,0,0,358629.62091,7690.379836,0.005208,0,112.490015,23.928035,0,,1,0,0,0,67.509832,23.928035,1.820729,-0.201582,0.067158,0.000948,12865.87877,9493.3486,104.320114,6.294307,-116.713097,10690.350615,14.701169,11.560315,15.171006,0,316.733967,312.508475,0.006382,359.422124,,,,,,,,,,,,,,,,,,,,,,,,Idle,Burn,Idle,0,0,Idle,0,0,77.931272,0,77.931272,None,Continue,0,DeorbitReturn,,,,,,1,490.517456,490.517456,0,0,,,,,,,,,,,,,,1,0,0,0.971401,0.971401,0.588925,12865.884766,9493.350586,10690.351563
83.359998,-,0,0,0,None,Holding,0,313175.162349,7723.11054,7235.692055,1.745427,0,0,360422.846128,7689.787127,0.013007,0,96.32484,23.706302,0,,1,0,0,0,83.674442,23.706302,1.881188,-0.198999,0.053933,0.001016,12865.88975,9493.352566,107.784111,6.744316,-117.348289,10690.350695,14.700445,11.559476,15.17023,0,316.745173,312.535402,0.006652,359.669729,,,,,,,,,,,,,,,,,,,,,,,,Idle,Burn,Idle,0,0,Idle,0,0,77.931403,0,77.931403,None,Continue,0,DeorbitReturn,,,,,,1,490.330627,490.330627,0,0,,,,,,,,,,,,,,1,0,0,0.970955,0.970955,0.588923,12865.898438,9493.355469,10690.348633
83.619998,-,0,0,0,None,Holding,0,313175.597092,7723.110016,7235.691497,1.745935,0,0,362216.090431,7689.787127,0.005178,0,76.879989,23.794399,0,,1,0,0,0,103.119025,23.794399,1.901094,-0.19962,0.039258,0.001085,12865.897762,9493.354626,108.924652,7.204516,-116.208595,10690.351052,14.700442,11.559478,15.170224,0,316.745173,312.535402,0.006652,359.669731,,,,,,,,,,,,,,,,,,,,,,,,Idle,Burn,Idle,0,0,Idle,0,0,77.931533,0,77.931533,None,Continue,0,DeorbitReturn,,,,,,1,490.305817,490.305817,0,0,,,,,,,,,,,,,,1,0,0,0.970955,0.970955,0.588921,12865.904297,9493.356445,10690.351563
83.879998,-,0,0,0,None,Holding,0,313175.874112,7723.101356,7235.682804,1.728396,0,0,364009.297602,7689.509131,0.005078,0,62.567999,24.248417,0,,1,0,0,0,117.431197,24.248417,1.962086,-0.203199,0.024641,0.001155,12865.905666,9493.356315,112.419243,7.671948,-115.007027,10690.349893,14.70013,11.559089,15.169881,0,316.710045,312.542332,0.006621,359.642494,,,,,,,,,,,,,,,,,,,,,,,,Idle,Burn,Idle,0,0,Idle,0,0,77.931662,0,77.931662,None,Continue,0,DeorbitReturn,,,,,,1,490.206543,490.206543,0,0,,,,,,,,,,,,,,1,0,0,0.970745,0.970745,0.588919,12865.910156,9493.358398,10690.350586
84.119998,-,0,0,0,None,Holding,0,313176.082132,7723.090686,7235.672101,1.727657,0,0,365793.139407,7689.300753,0.003739,0,61.792414,25.011461,0,,1,0,0,0,118.207455,25.011461,2.013191,-0.209687,0.012307,0.001227,12865.912284,9493.357379,115.347336,8.146569,-113.749329,10690.349477,14.699901,11.558798,15.169627,0,316.679488,312.537724,0.006538,359.567221,,,,,,,,,,,,,,,,,,,,,,,,Idle,Burn,Idle,0,0,Idle,0,0,77.93179,0,77.93179,None,Continue,0,DeorbitReturn,,,,,,1,490.132019,490.132019,0,0,,,,,,,,,,,,,,1,0,0,0.970588,0.970588,0.588917,12865.919922,9493.360352,10690.349609
84.399998,-,0,0,0,None,Holding,0,313176.3455,7723.090167,7235.671549,1.728154,0,0,367595.488848,7689.300753,0.003739,0,75.267761,25.928767,0,,1,0,0,0,104.732803,25.928767,2.034008,-0.217861,0.00768,0.0013,12865.918155,9493.357594,116.540092,8.630634,-112.431084,10690.349143,14.699896,11.5588,15.169621,0,316.679488,312.537724,0.006538,359.567222,,,,,,,,,,,,,,,,,,,,,,,,Idle,Burn,Idle,0,0,Idle,0,0,77.931918,0,77.931918,None,Continue,0,DeorbitReturn,,,,,,1,490.132019,490.132019,0,0,,,,,,,,,,,,,,1,0,0,0.970588,0.970588,0.588915,12865.921875,9493.357422,10690.349609
84.659998,-,0,0,0,None,Holding,0,313176.765678,7723.080336,7235.661686,1.74475,0,0,369388.50762,7689.02228,0.005066,0,94.898842,26.428966,0,,1,0,0,0,85.102099,26.428966,2.095845,-0.221853,0.024634,0.001374,12865.927299,9493.359743,120.083076,9.121983,-111.042412,10690.349667,14.699594,11.558412,15.169288,0,316.6624,312.52257,0.00648,359.512604,,,,,,,,,,,,,,,,,,,,,,,,Idle,Burn,Idle,0,0,Idle,0,0,77.932048,0,77.932048,None,Continue,0,DeorbitReturn,,,,,,1,490.032715,490.032715,0,0,,,,,,,,,,,,,,1,0,0,0.970379,0.970379,0.588912,12865.929688,9493.357422,10690.347656
84.919998,-,0,0,0,None,Holding,0,313177.362409,7723.079875,7235.661192,1.763618,0,0,371181.547058,7688.744284,0.005167,0,111.506363,26.094979,0,,1,0,0,0,68.494539,26.094979,2.157923,-0.218237,0.031457,0.001454,12865.937788,9493.362821,123.639908,9.655876,-109.584526,10690.350674,14.6993,11.558022,15.168962,0,316.674227,312.510968,0.006542,359.571326,,,,,,,,,,,,,,,,,,,,,,,,Idle,Burn,Idle,0,0,Idle,0,0,77.932178,0,77.932178,None,Continue,0,DeorbitReturn,,,,,,1,489.933441,489.933441,0,0,,,,,,,,,,,,,,1,0,0,0.970169,0.970169,0.588908,12865.947266,9493.366211,10690.351563
85.179998,-,0,0,0,None,Holding,0,313178.0629,7723.080657,7235.66194,1.76493,0,0,372974.655818,7688.675143,0.005983,0,115.891903,25.560651,0,,1,0,0,0,64.108418,25.560651,2.189679,-0.213076,0.025902,0.00153,12865.945824,9493.363788,125.459351,10.163514,-108.058647,10690.351106,14.699332,11.558027,15.16899,16097.614229,316.678565,312.511173,0.006578,359.604264,,,,,,,,,,,,,,,,,,,,,,,,Idle,Burn,Idle,0,0,Idle,0,0,77.932309,0,77.932309,None,Continue,0,DeorbitReturn,,,,,,1,489.933441,489.933441,0,0,,,,,,,,,,,,,,1,0,0,0.970117,0.970117,0.588905,12865.947266,9493.362305,10690.348633
85.439998,-,0,0,0,None,Holding,0,313178.735593,7723.082783,7235.664033,1.766221,0,0,374767.846546,7688.535906,0.003927,0,104.665588,25.112628,0,,1,0,0,0,75.333971,25.112628,2.231799,-0.208604,0.015282,0.001608,12865.953577,9493.364165,127.872688,10.678258,-106.458092,10690.350763,14.699076,11.557736,15.168712,0,316.686805,312.512138,0.00665,359.669725,,,,,,,,,,,,,,,,,,,,,,,,Idle,Burn,Idle,0,0,Idle,0,0,77.93244,0,77.93244,None,Continue,0,DeorbitReturn,,,,,,1,489.858948,489.858948,0,0,,,,,,,,,,,,,,1,0,0,0.970012,0.970012,0.588903,12865.957031,9493.365234,10690.351563
85.699998,-,0,0,0,None,Holding,0,313179.259682,7723.083707,7235.664923,1.75069,0,0,376561.086332,7688.25791,0.005176,0,84.862843,24.960949,0,,1,0,0,0,95.136261,24.960949,2.294473,-0.206646,0.001354,0.001691,12865.962427,9493.364929,131.463608,11.231705,-104.782394,10690.350794,14.69879,11.557347,15.168393,0,316.680898,312.523071,0.00674,359.750496,,,,,,,,,,,,,,,,,,,,,,,,Idle,Burn,Idle,0,0,Idle,0,0,77.932571,0,77.932571,None,Continue,0,DeorbitReturn,,,,,,1,489.784485,489.784485,0,0,,,,,,,,,,,,,,1,0,0,0.969803,0.969803,0.588902,12865.97168,9493.368164,10690.352539
85.959998,-,0,0,0,None,Holding,0,313179.595609,7723.076736,7235.657919,1.738097,0,0,378354.314273,7688.049532,0.00561,0,66.076269,25.238824,0,,1,0,0,0,113.922789,25.238824,2.347094,-0.208698,-0.013469,0.00177,12865.967299,9493.364066,134.478592,11.757308,-103.034714,10690.349547,14.698688,11.557158,15.16827,16097.625613,316.653832,312.527808,0.006709,359.72292,,,,,,,,,,,,,,,,,,,,,,,,Idle,Burn,Idle,0,0,Idle,0,0,77.932701,0,77.932701,None,Continue,0,DeorbitReturn,,,,,,1,489.759674,489.759674,0,0,,,,,,,,,,,,,,1,0,0,0.969645,0.969646,0.5889,12865.975586,9493.366211,10690.349609
86.219998,-,0,0,0,None,Holding,0,313179.804664,7723.073833,7235.654983,1.734513,0,0,380147.472229,7687.979914,0.005071,0,58.85525,25.919108,0,,1,0,0,0,121.144342,25.919108,2.379392,-0.214602,-0.026093,0.001851,12865.976752,9493.365213,136.329102,12.291966,-101.201332,10690.349727,14.698503,11.556965,15.16807,0,316.644314,312.529077,0.006696,359.710723,,,,,,,,,,,,,,,,,,,,,,,,Idle,Burn,Idle,0,0,Idle,0,0,77.93283,0,77.93283,None,Continue,0,DeorbitReturn,,,,,,1,489.660339,489.660339,0,0,,,,,,,,,,,,,,1,0,0,0.969593,0.969593,0.5889,12865.979492,9493.363281,10690.348633
86.479998,-,0,0,0,None,Holding,0,313180.027046,7723.060006,7235.641123,1.736184,0,0,381940.540889,7687.701441,0.005026,0,68.980238,26.819817,0,,1,0,0,0,111.02015,26.819817,2.442301,-0.222236,-0.032439,0.001932,12865.986257,9493.365647,139.933548,12.830029,-99.2882,10690.349487,14.698229,11.556578,15.167762,0,316.606335,312.520962,0.006584,359.608219,,,,,,,,,,,,,,,,,,,,,,,,Idle,Burn,Idle,0,0,Idle,0,0,77.932959,0,77.932959,None,Continue,0,DeorbitReturn,,,,,,1,489.561035,489.561035,0,0,,,,,,,,,,,,,,1,0,0,0.969384,0.969384,0.588899,12865.993164,9493.367188,10690.350586
86.719998,-,0,0,0,None,Holding,0,313180.396757,7723.052068,7235.633153,1.754551,0,0,383724.259724,7687.423445,0.005909,0,88.957103,27.463023,0,,1,0,0,0,91.043784,27.463023,2.505202,-0.227522,-0.023549,0.002018,12865.99516,9493.365931,143.537521,13.403689,-97.292099,10690.349338,14.697959,11.556192,15.16746,0,316.596291,312.505322,0.006541,359.56795,,,,,,,,,,,,,,,,,,,,,,,,Idle,Burn,Idle,0,0,Idle,0,0,77.933088,0,77.933088,None,Continue,0,DeorbitReturn,,,,,,1,489.4617,489.4617,0,0,,,,,,,,,,,,,,1,0,0,0.969174,0.969174,0.588897,12866.003906,9493.366211,10690.347656
86.999998,-,0,0,0,None,Holding,0,313180.967346,7723.051774,7235.632825,1.759401,0,0,385526.568128,7687.354304,0.005963,0,107.929122,27.247909,0,,1,0,0,0,72.07182,27.247909,2.537512,-0.225267,-0.013879,0.002101,12866.004464,9493.36623,145.388702,13.952594,-95.209793,10690.349501,14.697998,11.556198,15.167494,16097.653568,316.599776,312.502642,0.00656,359.585738,,,,,,,,,,,,,,,,,,,,,,,,Idle,Burn,Idle,0,0,Idle,0,0,77.933219,0,77.933219,None,Continue,0,DeorbitReturn,,,,,,1,489.4617,489.4617,0,0,,,,,,,,,,,,,,1,0,0,0.969122,0.969122,0.588893,12866.009766,9493.365234,10690.347656
87.259998,-,0,0,0,None,Holding,0,313181.675881,7723.052652,7235.63367,1.772037,0,0,387319.654749,7687.145449,0.005175,0,115.118655,26.636196,0,,1,0,0,0,64.881751,26.636196,2.590068,-0.219206,-0.016783,0.002184,12866.016401,9493.367151,148.399994,14.505964,-93.031921,10690.350004,14.697691,11.55581,15.167153,0,316.611685,312.495617,0.006626,359.647697,,,,,,,,,,,,,,,,,,,,,,,,Idle,Burn,Idle,0,0,Idle,0,0,77.93335,0,77.93335,None,Continue,0,DeorbitReturn,,,,,,1,489.362396,489.362396,0,0,,,,,,,,,,,,,,1,0,0,0.968965,0.968965,0.58889,12866.023438,9493.366211,10690.351563
87.519998,-,0,0,0,None,Holding,0,313182.37023,7723.057693,7235.638678,1.770375,0,0,389112.834377,7686.867453,0.005213,0,104.694041,26.062319,0,,1,0,0,0,75.305587,26.062319,2.652673,-0.2134,-0.026402,0.002267,12866.027548,9493.368211,151.986969,15.06104,-90.768494,10690.351535,14.697433,11.555425,15.166861,0,316.62641,312.500199,0.006768,359.777393,,,,,,,,,,,,,,,,,,,,,,,,Idle,Burn,Idle,0,0,Idle,0,0,77.933482,0,77.933482,None,Continue,0,DeorbitReturn,,,,,,1,489.263031,489.263031,0,0,,,,,,,,,,,,,,1,0,0,0.968755,0.968755,0.588889,12866.03418,9493.368164,10690.351563
87.779998,-,0,0,0,None,Holding,0,313182.905781,7723.056761,7235.637712,1.756791,0,0,390906.072607,7686.659075,0.005655,0,83.89407,25.823552,0,,1,0,0,0,96.105022,25.823552,2.70488,-0.210746,-0.040429,0.002355,12866.034644,9493.36694,154.978241,15.645872,-88.420265,10690.351262,14.69735,11.555236,15.166758,16097.675622,316.616218,312.509,0.00681,359.814848,,,,,,,,,,,,,,,,,,,,,,,,Idle,Burn,Idle,0,0,Idle,0,0,77.933613,0,77.933613,None,Continue,0,DeorbitReturn,,,,,,1,489.263031,489.263031,0,0,,,,,,,,,,,,,,1,0,0,0.968598,0.968598,0.588888,12866.041992,9493.367188,10690.349609
88.039998,-,0,0,0,None,Holding,0,313183.228621,7723.05042,7235.631337,1.741164,0,0,392699.296941,7686.432101,0.007834,0,64.124551,26.110646,0,,1,0,0,0,115.874536,26.110646,2.736585,-0.213069,-0.055123,0.002438,12866.043966,9493.365992,156.7948,16.196064,-85.114708,10690.350429,14.696992,11.554932,15.166374,18229.154587,316.589054,312.51602,0.006752,359.762822,,,,,,,,,,,,,,,,,,,,,,,,Idle,Burn,Idle,0,0,Idle,0,0,77.933743,0,77.933743,None,Continue,0,DeorbitReturn,,,,,,1,489.163696,489.163696,0,0,,,,,,,,,,,,,,1,0,0,0.968427,0.968427,0.588887,12866.046875,9493.362305,10690.347656
88.299998,-,0,0,0,None,Holding,0,313183.416147,7723.033224,7235.614108,1.718549,0,0,394492.436455,7685.996272,0.012897,0,58.329008,26.844683,0,,1,0,0,0,121.670689,26.844683,2.79799,-0.21919,-0.066143,0.002519,12866.05631,9493.364186,160.313004,16.736469,-81.731636,10690.34946,14.696316,11.55421,15.165645,0,316.525966,312.521334,0.006595,359.617946,,,,,,,,,,,,,,,,,,,,,,,,Idle,Burn,Idle,0,0,Idle,0,0,77.933871,0,77.933871,None,Continue,0,DeorbitReturn,,,,,,1,488.951843,488.951843,0,0,,,,,,,,,,,,,,1,0,0,0.968099,0.968099,0.588887,12866.0625,9493.362305,10690.347656
88.559998,-,0,0,0,None,Holding,0,313183.638649,7723.020665,7235.601517,1.726642,0,0,396285.479768,7685.718276,0.005038,0,71.358264,27.72212,0,,1,0,0,0,108.642261,27.72212,2.858844,-0.22663,-0.069236,0.002602,12866.066113,9493.362646,163.799667,17.284983,-79.121124,10690.34896,14.696073,11.553824,15.165366,0,316.496159,312.509428,0.00649,359.515879,,,,,,,,,,,,,,,,,,,,,,,,Idle,Burn,Idle,0,0,Idle,0,0,77.933999,0,77.933999,None,Continue,0,DeorbitReturn,,,,,,1,488.87735,488.87735,0,0,,,,,,,,,,,,,,1,0,0,0.967889,0.96789,0.588887,12866.078125,9493.365234,10690.350586
88.819998,-,0,0,0,None,Holding,0,313184.043344,7723.019064,7235.599883,1.732046,0,0,398078.470555,7685.648657,0.00582,0,92.97107,28.133226,0,,1,0,0,0,87.029869,28.133226,2.88867,-0.230106,-0.059991,0.002684,12866.075668,9493.361882,165.508606,17.833075,-76.421738,10690.349754,14.696115,11.553832,15.165402,16097.704768,316.496261,312.505576,0.006488,359.514615,,,,,,,,,,,,,,,,,,,,,,,,Idle,Burn,Idle,0,0,Idle,0,0,77.934128,0,77.934128,None,Continue,0,DeorbitReturn,,,,,,1,488.852509,488.852509,0,0,,,,,,,,,,,,,,1,0,0,0.967837,0.967837,0.588885,12866.083008,9493.361328,10690.351563
89.079998,-,0,0,0,None,Holding,0,313184.666901,7723.022094,7235.60288,1.756869,0,0,399871.487686,7685.282923,0.008097,0,110.533805,27.722585,0,,1,0,0,0,69.467043,27.722585,2.938458,-0.225901,-0.054327,0.002765,12866.086957,9493.360715,168.361252,18.368679,-72.763321,10690.34933,14.69565,11.553332,15.164897,18229.200959,316.522351,312.491799,0.006577,359.600569,,,,,,,,,,,,,,,,,,,,,,,,Idle,Burn,Idle,0,0,Idle,0,0,77.934258,0,77.934258,None,Continue,0,DeorbitReturn,,,,,,1,488.753174,488.753174,0,0,,,,,,,,,,,,,,1,0,0,0.967561,0.967561,0.588883,12866.09082,9493.357422,10690.347656
89.339998,-,0,0,0,None,Holding,0,313185.401497,7723.032959,7235.613712,1.775041,0,0,401664.59703,7684.847094,0.013057,0,112.326922,27.000959,0,,1,0,0,0,67.67323,27.000959,2.997308,-0.218777,-0.058412,0.002843,12866.101296,9493.359782,171.733109,18.89073,-69.030167,10690.350161,14.694993,11.55261,15.164186,0,316.566619,312.487011,0.006788,359.79772,,,,,,,,,,,,,,,,,,,,,,,,Idle,Burn,Idle,0,0,Idle,0,0,77.934389,0,77.934389,None,Continue,0,DeorbitReturn,,,,,,1,488.54129,488.54129,0,0,,,,,,,,,,,,,,1,0,0,0.967233,0.967233,0.58888,12866.109375,9493.359375,10690.349609
89.599998,-,0,0,0,None,Holding,0,313186.059491,7723.036626,7235.617345,1.763669,0,0,403457.802177,7684.569098,0.005959,0,96.262006,26.416244,0,,1,0,0,0,83.737381,26.416244,3.055343,-0.212916,-0.069633,0.002922,12866.111475,9493.35764,175.058289,19.4165,-66.071716,10690.351015,14.694765,11.552228,15.163922,0,316.57099,312.497186,0.006905,359.901865,,,,,,,,,,,,,,,,,,,,,,,,Idle,Burn,Idle,0,0,Idle,0,0,77.934521,0,77.934521,None,Continue,0,DeorbitReturn,,,,,,1,488.441925,488.441925,0,0,,,,,,,,,,,,,,1,0,0,0.967024,0.967024,0.588879,12866.124023,9493.358398,10690.351563
89.859998,-,0,0,0,None,Holding,0,313186.503259,7723.036096,7235.616782,1.764137,0,0,405251.043584,7684.569098,0.0052,0,73.441652,26.345658,0,,1,0,0,0,106.55735,26.345658,3.071896,-0.212121,-0.085002,0.003001,12866.118168,9493.353779,176.006653,19.938473,-63.024937,10690.350117,14.694753,11.552232,15.163905,0,316.57099,312.497186,0.006905,359.901868,,,,,,,,,,,,,,,,,,,,,,,,Idle,Burn,Idle,0,0,Idle,0,0,77.934652,0,77.934652,None,Continue,0,DeorbitReturn,,,,,,1,488.441925,488.441925,0,0,,,,,,,,,,,,,,1,0,0,0.967024,0.967024,0.588879,12866.123047,9493.352539,10690.351563
90.119998,-,0,0,0,None,Holding,0,313186.735459,7723.016468,7235.59712,1.728333,0,0,407044.231338,7683.976389,0.012257,0,57.810585,26.889681,0,,1,0,0,0,122.188708,26.889681,3.128535,-0.216551,-0.098009,0.003074,12866.1303,9493.352764,179.251846,20.428339,-58.174217,10690.349996,14.693947,11.551399,15.163037,0,316.49247,312.509528,0.006716,359.730112,,,,,,,,,,,,,,,,,,,,,,,,Idle,Burn,Idle,0,0,Idle,0,0,77.934781,0,77.934781,None,Continue,0,DeorbitReturn,,,,,,1,488.230011,488.230011,0,0,,,,,,,,,,,,,,1,0,0,0.966577,0.966577,0.588879,12866.137695,9493.351563,10690.349609
90.379998,-,0,0,0,None,Holding,0,313186.908693,7723.003499,7235.584118,1.727385,0,0,408837.310509,7683.697917,0.012488,0,62.676826,27.753231,0,,1,0,0,0,117.32337,27.753231,3.183631,-0.223916,-0.104489,0.003149,12866.141231,9493.349585,182.408615,20.921627,-54.973835,10690.349712,14.693724,11.551015,15.162778,0,316.455823,312.503046,0.006598,359.618878,,,,,,,,,,,,,,,,,,,,,,,,Idle,Burn,Idle,0,0,Idle,0,0,77.93491,0,77.93491,None,Continue,0,DeorbitReturn,,,,,,1,488.130646,488.130646,0,0,,,,,,,,,,,,,,1,0,0,0.966367,0.966367,0.588878,12866.150391,9493.348633,10690.349609
90.639998,-,0,0,0,None,Holding,0,313187.220211,7722.999348,7235.579934,1.736572,0,0,410630.303401,7683.559157,0.006587,0,83.340085,28.394998,0,,1,0,0,0,96.660739,28.394998,3.217439,-0.229456,-0.100094,0.003221,12866.149562,9493.346139,184.345688,21.405645,-51.695766,10690.349423,14.693718,11.550925,15.162757,16097.762167,316.451169,312.495119,0.006572,359.592885,,,,,,,,,,,,,,,,,,,,,,,,Idle,Burn,Idle,0,0,Idle,0,0,77.935038,0,77.935038,None,Continue,0,DeorbitReturn,,,,,,1,488.130646,488.130646,0,0,,,,,,,,,,,,,,1,0,0,0.966263,0.966263,0.588877,12866.160156,9493.345703,10690.350586
90.899998,-,0,0,0,None,Holding,0,313187.781124,7722.997271,7235.577825,1.777135,0,0,412423.288379,7683.105208,0.012538,0,105.138261,28.211411,0,,1,0,0,0,74.862692,28.211411,3.250127,-0.227472,-0.091629,0.003288,12866.163166,9493.345653,186.218552,21.852468,-46.62215,10690.350124,14.69292,11.550186,15.161909,0,316.4733,312.467636,0.006573,359.593644,,,,,,,,,,,,,,,,,,,,,,,,Idle,Burn,Idle,0,0,Idle,0,0,77.93517,0,77.93517,None,Continue,0,DeorbitReturn,,,,,,1,487.918701,487.918701,0,0,,,,,,,,,,,,,,1,0,0,0.965921,0.965921,0.588875,12866.171875,9493.347656,10690.351563
91.159998,-,0,0,0,None,Holding,0,313188.517911,7723.000354,7235.580875,1.792971,0,0,414216.355395,7682.827212,0.005194,0,113.294147,27.456714,0,,1,0,0,0,66.706242,27.456714,3.301696,-0.220122,-0.092418,0.003356,12866.175355,9493.351008,189.173264,22.302427,-43.196728,10690.350677,14.692705,11.549803,15.161656,0,316.493822,312.459654,0.006666,359.683656,,,,,,,,,,,,,,,,,,,,,,,,Idle,Burn,Idle,0,0,Idle,0,0,77.935303,0,77.935303,None,Continue,0,DeorbitReturn,,,,,,1,487.819336,487.819336,0,0,,,,,,,,,,,,,,1,0,0,0.965711,0.965711,0.588873,12866.179688,9493.353516,10690.348633
91.419998,-,0,0,0,None,Holding,0,313189.229131,7723.006057,7235.586544,1.786682,0,0,416009.534753,7682.548739,0.00522,0,100.430222,26.694592,0,,1,0,0,0,79.569311,26.694592,3.352195,-0.212713,-0.101733,0.003421,12866.182919,9493.357064,192.066635,22.73823,-39.703342,10690.350265,14.692493,11.549418,15.161409,0,316.507082,312.468014,0.006798,359.808466,,,,,,,,,,,,,,,,,,,,,,,,Idle,Burn,Idle,0,0,Idle,0,0,77.935436,0,77.935436,None,Continue,0,DeorbitReturn,,,,,,1,487.744781,487.744781,0,0,,,,,,,,,,,,,,1,0,0,0.965502,0.965502,0.588872,12866.193359,9493.363281,10690.351563
91.679998,-,0,0,0,None,Holding,0,313189.724417,7723.011991,7235.592443,1.760416,0,0,417802.773528,7682.234026,0.012334,0,77.067217,26.441007,0,,1,0,0,0,102.931847,26.441007,3.360568,-0.210317,-0.116928,0.00348,12866.192203,9493.365876,192.546387,23.131708,-34.440735,10690.350013,14.691916,11.548973,15.160803,0,316.507896,312.489587,0.006903,359.903748,,,,,,,,,,,,,,,,,,,,,,,,Idle,Burn,Idle,0,0,Idle,0,0,77.935567,0,77.935567,None,Continue,0,DeorbitReturn,,,,,,1,487.607391,487.607391,0,0,,,,,,,,,,,,,,1,0,0,0.965264,0.965264,0.588871,12866.196289,9493.37207,10690.350586
91.939998,-,0,0,0,None,Holding,0,313189.974062,7723.008096,7235.588515,1.740932,0,0,419595.973369,7681.95603,0.005125,0,58.331028,26.9163,0,,1,0,0,0,121.668166,26.9163,3.408138,-0.214212,-0.131101,0.003541,12866.203121,9493.374654,195.271927,23.53742,-30.826488,10690.350098,14.691707,11.548589,15.160558,0,316.485172,312.500632,0.006904,359.904248,,,,,,,,,,,,,,,,,,,,,,,,Idle,Burn,Idle,0,0,Idle,0,0,77.935696,0,77.935696,None,Continue,0,DeorbitReturn,,,,,,1,487.507996,487.507996,0,0,,,,,,,,,,,,,,1,0,0,0.965055,0.965055,0.588871,12866.207031,9493.379883,10690.349609
92.199998,-,0,0,0,None,Holding,0,313190.133441,7722.98822,7235.568606,1.736828,0,0,421389.060335,7681.474425,0.010232,0,60.65707,27.769937,0,,1,0,0,0,119.343049,27.769937,3.460087,-0.221509,-0.137307,0.003639,12866.213228,9493.384277,198.248367,24.18574,-26.013863,10690.349592,14.691181,11.547915,15.15998,0,316.42688,312.491883,0.006644,359.660757,,,,,,,,,,,,,,,,,,,,,,,,Idle,Burn,Idle,0,0,Idle,0,0,77.935826,0,77.935826,None,Continue,0,DeorbitReturn,,,,,,1,487.335815,487.335815,0,0,,,,,,,,,,,,,,1,0,0,0.964692,0.964692,0.588871,12866.223633,9493.391602,10690.349609
92.459998,-,0,0,0,None,Holding,0,313190.427676,7722.984258,7235.564611,1.745818,0,0,423182.04667,7681.335188,0.007718,0,81.803088,28.389701,0,,1,0,0,0,98.197723,28.389701,3.484466,-0.226934,-0.133406,0.003693,12866.22112,9493.392623,199.645203,24.547163,-22.262087,10690.349626,14.691181,11.547825,15.159965,16097.13918,316.422759,312.484088,0.006613,359.630296,,,,,,,,,,,,,,,,,,,,,,,,Idle,Burn,Idle,0,0,Idle,0,0,77.935955,0,77.935955,None,Continue,0,DeorbitReturn,,,,,,1,487.335815,487.335815,0,0,,,,,,,,,,,,,,1,0,0,0.964587,0.964587,0.58887,12866.226563,9493.397461,10690.347656
92.719998,-,0,0,0,None,Holding,0,313190.991244,7722.984904,7235.565224,1.785009,0,0,424975.021422,7680.881239,0.012067,0,104.664934,28.175613,0,,1,0,0,0,75.336015,28.175613,3.5075,-0.224761,-0.125537,0.003739,12866.232779,9493.403392,200.964966,24.856066,-16.740252,10690.350065,14.690417,11.547085,15.15915,0,316.451953,312.458974,0.006651,359.668041,,,,,,,,,,,,,,,,,,,,,,,,Idle,Burn,Idle,0,0,Idle,0,0,77.936086,0,77.936086,None,Continue,0,DeorbitReturn,,,,,,1,487.12384,487.12384,0,0,,,,,,,,,,,,,,1,0,0,0.964245,0.964245,0.588867,12866.240234,9493.410156,10690.349609
92.979998,-,0,0,0,None,Holding,0,313191.745868,7722.988757,7235.569044,1.800659,0,0,426768.086746,7680.603243,0.010915,0,112.473783,27.346449,0,,1,0,0,0,67.52656,27.346449,3.54896,-0.216826,-0.125908,0.003784,12866.244771,9493.414911,203.340454,25.156534,-12.903837,10690.351028,14.690216,11.5467,15.158916,0,316.474571,312.451571,0.006744,359.757437,,,,,,,,,,,,,,,,,,,,,,,,Idle,Burn,Idle,0,0,Idle,0,0,77.93622,0,77.93622,None,Continue,0,DeorbitReturn,,,,,,1,487.024414,487.024414,0,0,,,,,,,,,,,,,,1,0,0,0.964036,0.964036,0.588865,12866.254883,9493.425781,10690.354492
93.239998,-,0,0,0,None,Holding,0,313192.455888,7723.002994,7235.583246,1.78514,0,0,428561.274429,7680.233218,0.007745,0,97.621914,26.512855,0,,1,0,0,0,82.377536,26.512855,3.600268,-0.208759,-0.135676,0.003912,12866.253011,9493.423965,206.280182,26.005539,-8.458657,10690.350889,14.689939,11.546187,15.158593,0,316.505829,312.471497,0.006896,359.899468,,,,,,,,,,,,,,,,,,,,,,,,Idle,Burn,Idle,0,0,Idle,0,0,77.936353,0,77.936353,None,Continue,0,DeorbitReturn,,,,,,1,486.991364,486.991364,0,0,,,,,,,,,,,,,,1,0,0,0.963757,0.963757,0.588864,12866.263672,9493.432617,10690.350586
93.499998,-,0,0,0,None,Holding,0,313192.919332,7723.002458,7235.582676,1.78559,0,0,430354.518279,7680.233218,0.007746,0,72.533859,26.331007,0,,1,0,0,0,107.465144,26.331007,3.597973,-0.207122,-0.1529,0.003951,12866.258268,9493.432449,206.148666,26.263174,-4.46659,10690.349819,14.689911,11.546188,15.158563,0,316.505829,312.471497,0.006896,359.899471,,,,,,,,,,,,,,,,,,,,,,,,Idle,Burn,Idle,0,0,Idle,0,0,77.936486,0,77.936486,None,Continue,0,DeorbitReturn,,,,,,1,486.892059,486.892059,0,0,,,,,,,,,,,,,,1,0,0,0.963757,0.963757,0.588863,12866.262695,9493.439453,10690.352539
93.759998,-,0,0,0,None,Holding,0,313193.127916,7722.984264,7235.564449,1.74916,0,0,432147.698997,7679.640032,0.012122,0,55.912596,26.959251,0,,1,0,0,0,124.086768,26.959251,3.635025,-0.212498,-0.165434,0.003982,12866.26861,9493.443222,208.271576,26.470192,1.270612,10690.349493,14.68919,11.545354,15.157782,0,316.431119,312.485018,0.006713,359.726915,,,,,,,,,,,,,,,,,,,,,,,,Idle,Burn,Idle,0,0,Idle,0,0,77.936617,0,77.936617,None,Continue,0,DeorbitReturn,,,,,,1,486.792633,486.792633,0,0,,,,,,,,,,,,,,1,0,0,0.96331,0.96331,0.588863,12866.275391,9493.451172,10690.349609
94.019998,-,0,0,0,None,Holding,0,313193.290949,7722.972482,7235.552634,1.750657,0,0,433940.748227,7679.362036,0.012295,0,64.804921,27.81478,0,,1,0,0,0,115.195474,27.81478,3.670007,-0.219971,-0.168417,0.00401,12866.277387,9493.453599,210.275879,26.663486,5.286973,10690.349776,14.688995,11.544968,15.157552,0,316.399892,312.477255,0.006589,359.604705,,,,,,,,,,,,,,,,,,,,,,,,Idle,Burn,Idle,0,0,Idle,0,0,77.936747,0,77.936747,None,Continue,0,DeorbitReturn,,,,,,1,486.605499,486.605499,0,0,,,,,,,,,,,,,,1,0,0,0.963101,0.963101,0.588862,12866.282227,9493.460938,10690.349609
94.279998,-,0,0,0,None,Holding,0,313193.663804,7722.961908,7235.542026,1.787233,0,0,435733.705857,7678.90761,0.013671,0,89.768395,28.16525,0,,1,0,0,0,90.232558,28.16525,3.683056,-0.223037,-0.161431,0.004031,12866.286202,9493.464625,211.02356,26.802843,11.017046,10690.350481,14.688477,11.544424,15.156996,16097.877741,316.39592,312.446441,0.006472,359.483803,,,,,,,,,,,,,,,,,,,,,,,,Idle,Burn,Idle,0,0,Idle,0,0,77.936878,0,77.936878,None,Continue,0,DeorbitReturn,,,,,,1,486.443176,486.443176,0,0,,,,,,,,,,,,,,1,0,0,0.962759,0.962759,0.588861,12866.292969,9493.47168,10690.351563
94.519998,-,0,0,0,None,Holding,0,313194.32697,7722.963305,7235.54339,1.801585,0,0,437517.399614,7678.690173,0.006099,0,110.169062,27.616315,0,,1,0,0,0,69.831729,27.616315,3.694253,-0.217931,-0.155809,0.00405,12866.295156,9493.47463,211.665131,26.92617,15.465141,10690.350491,14.688251,11.544132,15.156749,18229.499578,316.410811,312.43826,0.00651,359.524332,,,,,,,,,,,,,,,,,,,,,,,,Idle,Burn,Idle,0,0,Idle,0,0,77.937012,0,77.937012,None,Continue,0,DeorbitReturn,,,,,,1,486.368591,486.368591,0,0,,,,,,,,,,,,,,1,0,0,0.962595,0.962595,0.588858,12866.301758,9493.482422,10690.352539
94.799998,-,0,0,0,None,Holding,0,313195.112676,7722.980103,7235.560153,1.819765,0,0,439319.803773,7678.176619,0.013088,0,108.527508,26.623096,0,,1,0,0,0,71.47241,26.623096,3.724043,-0.208601,-0.158947,0.004077,12866.305878,9493.486901,213.371964,27.112509,20.759869,10690.350754,14.68755,11.543295,15.155991,0,316.471562,312.437583,0.006772,359.785599,,,,,,,,,,,,,,,,,,,,,,,,Idle,Burn,Idle,0,0,Idle,0,0,77.937147,0,77.937147,None,Continue,0,DeorbitReturn,,,,,,1,486.15683,486.15683,0,0,,,,,,,,,,,,,,1,0,0,0.962208,0.962208,0.588856,12866.3125,9493.495117,10690.351563
95.059998,-,0,0,0,None,Holding,0,313195.740384,7722.988156,7235.568172,1.792693,0,0,441113.030727,7677.806593,0.007919,0,85.883224,25.92688,0,,1,0,0,0,94.115942,25.92688,3.76346,-0.201898,-0.173944,0.004172,12866.311853,9493.497079,215.630386,27.742773,25.311087,10690.35161,14.687443,11.542913,15.155847,21431.949139,316.477326,312.461605,0.006833,359.843884,,,,,,,,,,,,,,,,,,,,,,,,Idle,Burn,Idle,0,0,Idle,0,0,77.937282,0,77.937282,None,Continue,0,DeorbitReturn,,,,,,1,486.024414,486.024414,0,0,,,,,,,,,,,,,,1,0,0,0.961929,0.961929,0.588855,12866.326172,9493.510742,10690.353516
95.319998,-,0,0,0,None,Holding,0,313196.062544,7722.987618,7235.5676,1.793134,0,0,442906.260082,7677.806593,0.007705,0,61.102039,26.217,0,,1,0,0,0,118.897009,26.217,3.749058,-0.204669,-0.191632,0.004177,12866.318642,9493.507521,214.805191,27.775423,29.385441,10690.35129,14.687255,11.542779,15.155654,0,316.477326,312.461605,0.006833,359.84388,,,,,,,,,,,,,,,,,,,,,,,,Idle,Burn,Idle,0,0,Idle,0,0,77.937415,0,77.937415,None,Continue,0,DeorbitReturn,,,,,,1,486.024414,486.024414,0,0,,,,,,,,,,,,,,1,0,0,0.961929,0.961929,0.588855,12866.320313,9493.511719,10690.351563
95.579998,-,0,0,0,None,Holding,0,313196.206898,7722.97013,7235.550077,1.778096,0,0,444699.369503,7677.324988,0.009953,0,57.197636,27.08089,0,,1,0,0,0,122.802321,27.08089,3.779592,-0.212254,-0.19838,0.004218,12866.326224,9493.517896,216.554672,28.048847,34.591785,10690.350063,14.686786,11.542103,15.155133,0,316.419034,312.461172,0.006597,359.611472,,,,,,,,,,,,,,,,,,,,,,,,Idle,Burn,Idle,0,0,Idle,0,0,77.937547,0,77.937547,None,Continue,0,DeorbitReturn,,,,,,1,485.852142,485.852142,0,0,,,,,,,,,,,,,,1,0,0,0.961566,0.961566,0.588855,12866.330078,9493.525391,10690.349609
95.839998,-,0,0,0,None,Holding,0,313196.46758,7722.965999,7235.545913,1.798779,0,0,446492.346606,7677.001216,0.00856,0,79.162182,27.696474,0,,1,0,0,0,100.838645,27.696474,3.808393,-0.217597,-0.194522,0.00427,12866.331464,9493.527029,218.204834,28.395956,38.911961,10690.349933,14.686707,11.541781,15.155027,21356.798053,316.422596,312.445157,0.006501,359.51148,,,,,,,,,,,,,,,,,,,,,,,,Idle,Burn,Idle,0,0,Idle,0,0,77.93768,0,77.93768,None,Continue,0,DeorbitReturn,,,,,,1,485.736359,485.736359,0,0,,,,,,,,,,,,,,1,0,0,0.961322,0.961322,0.588854,12866.34375,9493.538086,10690.351563
96.099998,-,0,0,0,None,Holding,0,313197.043334,7722.963892,7235.543771,1.814499,0,0,448285.299304,7676.843382,0.009918,0,104.885167,27.417474,0,,1,0,0,0,75.115807,27.417474,3.789145,-0.215225,-0.186674,0.004258,12866.338208,9493.538,217.10199,28.315802,43.834492,10690.349751,14.686275,11.541422,15.154578,0,316.428598,312.433742,0.006485,359.494724,,,,,,,,,,,,,,,,,,,,,,,,Idle,Burn,Idle,0,0,Idle,0,0,77.937815,0,77.937815,None,Continue,0,DeorbitReturn,,,,,,1,485.679993,485.679993,0,0,,,,,,,,,,,,,,1,0,0,0.961203,0.961203,0.588851,12866.335938,9493.541016,10690.348633
96.359998,-,0,0,0,None,Holding,0,313197.838965,7722.982001,7235.561847,1.839419,0,0,450078.364387,7676.250674,0.01236,0,111.918281,26.431943,0,,1,0,0,0,68.08192,26.431943,3.809332,-0.206055,-0.185809,0.004238,12866.34836,9493.549639,218.258636,28.185764,49.562992,10690.350715,14.685603,11.540583,15.153849,0,316.497588,312.42939,0.006758,359.773729,,,,,,,,,,,,,,,,,,,,,,,,Idle,Burn,Idle,0,0,Idle,0,0,77.937951,0,77.937951,None,Continue,0,DeorbitReturn,,,,,,1,485.467896,485.467896,0,0,,,,,,,,,,,,,,1,0,0,0.960757,0.960757,0.588849,12866.348633,9493.553711,10690.34668
96.619998,-,0,0,0,None,Holding,0,313198.546883,7722.990277,7235.570087,1.822384,0,0,451871.57303,7675.894,0.011484,0,92.590468,25.48103,0,,1,0,0,0,87.408819,25.48103,3.827963,-0.197221,-0.198157,0.004215,12866.355469,9493.560376,219.326141,28.032438,53.926594,10690.351485,14.685412,11.540193,15.153628,18229.635239,316.510654,312.446897,0.006893,359.90326,,,,,,,,,,,,,,,,,,,,,,,,Idle,Burn,Idle,0,0,Idle,0,0,77.938087,0,77.938087,None,Continue,0,DeorbitReturn,,,,,,1,485.443024,485.443024,0,0,,,,,,,,,,,,,,1,0,0,0.960488,0.960488,0.588848,12866.360352,9493.568359,10690.352539
96.879998,-,0,0,0,None,Holding,0,313198.933957,7722.991189,7235.570965,1.800121,0,0,453664.818886,7675.657488,0.012139,0,65.573292,25.548861,0,,1,0,0,0,114.425707,25.548861,3.804496,-0.198045,-0.218345,0.004184,12866.35874,9493.569098,217.981567,27.827959,59.063438,10690.350236,14.68489,11.539738,15.153086,0,316.499548,312.46304,0.006928,359.936511,,,,,,,,,,,,,,,,,,,,,,,,Idle,Burn,Idle,0,0,Idle,0,0,77.938221,0,77.938221,None,Continue,0,DeorbitReturn,,,,,,1,485.255768,485.255768,0,0,,,,,,,,,,,,,,1,0,0,0.96031,0.96031,0.588847,12866.359375,9493.574219,10690.349609
97.139998,-,0,0,0,None,Holding,0,313199.077887,7722.973529,7235.55327,1.777106,0,0,455457.956439,7675.143458,0.010232,0,56.044089,26.38822,0,,1,0,0,0,123.955689,26.38822,3.820693,-0.205535,-0.226579,0.004147,12866.366125,9493.578909,218.909607,27.585115,64.127159,10690.350008,14.68434,11.539008,15.152489,0,316.435386,312.46788,0.00672,359.735248,,,,,,,,,,,,,,,,,,,,,,,,Idle,Burn,Idle,0,0,Idle,0,0,77.938354,0,77.938354,None,Continue,0,DeorbitReturn,,,,,,1,485.071808,485.071808,0,0,,,,,,,,,,,,,,1,0,0,0.959922,0.959923,0.588847,12866.367188,9493.583984,10690.350586
97.399998,-,0,0,0,None,Holding,0,313199.298082,7722.959397,7235.539105,1.810365,0,0,457250.942895,7674.606062,0.014749,0,76.20567,27.047397,0,,1,0,0,0,103.795095,27.047397,3.838662,-0.211368,-0.223181,0.004126,12866.373356,9493.588477,219.939133,27.447874,69.239342,10690.350193,14.683912,11.538362,15.152017,18229.68483,316.419343,312.436828,0.006528,359.53735,,,,,,,,,,,,,,,,,,,,,,,,Idle,Burn,Idle,0,0,Idle,0,0,77.938486,0,77.938486,None,Continue,0,DeorbitReturn,,,,,,1,485.046906,485.046906,0,0,,,,,,,,,,,,,,1,0,0,0.959518,0.959518,0.588846,12866.379883,9493.594727,10690.34668
97.659998,-,0,0,0,None,Holding,0,313199.84546,7722.958853,7235.538527,1.810791,0,0,459043.88399,7674.606062,0.011168,0,103.550204,26.829216,0,,1,0,0,0,76.45078,26.829216,3.811711,-0.209624,-0.21526,0.004081,12866.378509,9493.597523,218.394974,27.145498,72.840576,10690.350483,14.683736,11.538242,15.15184,0,316.419343,312.436828,0.006528,359.537345,,,,,,,,,,,,,,,,,,,,,,,,Idle,Burn,Idle,0,0,Idle,0,0,77.938621,0,77.938621,None,Continue,0,DeorbitReturn,,,,,,1,484.879547,484.879547,0,0,,,,,,,,,,,,,,1,0,0,0.959518,0.959518,0.588844,12866.375977,9493.599609,10690.350586
97.919998,-,0,0,0,None,Holding,0,313200.646415,7722.972518,7235.552158,1.834772,0,0,460836.936769,7674.193598,0.008945,0,112.496992,25.825679,0,,1,0,0,0,67.503237,25.825679,3.820078,-0.200403,-0.213276,0.004071,12866.385426,9493.607742,218.874344,27.082592,77.516975,10690.351724,14.683324,11.537658,15.151391,0,316.475208,312.430205,0.006685,359.70049,,,,,,,,,,,,,,,,,,,,,,,,Idle,Burn,Idle,0,0,Idle,0,0,77.938757,0,77.938757,None,Continue,0,DeorbitReturn,,,,,,1,484.732117,484.732117,0,0,,,,,,,,,,,,,,1,0,0,0.959207,0.959207,0.588841,12866.388672,9493.614258,10690.353516
98.159998,-,0,0,0,None,Holding,0,313201.364625,7722.985597,7235.565202,1.811039,0,0,462620.852764,7673.735358,0.009444,0,92.851419,24.796968,0,,1,0,0,0,87.14787,24.796968,3.835136,-0.190892,-0.225812,0.004031,12866.391185,9493.616822,219.737091,26.819738,81.963692,10690.351876,14.682887,11.537008,15.15091,0,316.497232,312.455385,0.006863,359.876973,,,,,,,,,,,,,,,,,,,,,,,,Idle,Burn,Idle,0,0,Idle,0,0,77.938893,0,77.938893,None,Continue,0,DeorbitReturn,,,,,,1,484.657501,484.657501,0,0,,,,,,,,,,,,,,1,0,0,0.958862,0.958862,0.58884,12866.401367,9493.62793,10690.353516
98.439998,-,0,0,0,None,Holding,0,313201.744641,7722.980717,7235.560287,1.798619,0,0,464423.392284,7673.578478,0.009768,0,64.933392,24.910483,0,,1,0,0,0,115.065621,24.910483,3.805957,-0.192189,-0.247971,0.003986,12866.392359,9493.622648,218.065277,26.52104,86.165031,10690.350843,14.682735,11.536889,15.15076,18025.769711,316.476344,312.461251,0.006807,359.822897,,,,,,,,,,,,,,,,,,,,,,,,Idle,Burn,Idle,0,0,Idle,0,0,77.939027,0,77.939027,None,Continue,0,DeorbitReturn,,,,,,1,484.568024,484.568024,0,0,,,,,,,,,,,,,,1,0,0,0.958744,0.958744,0.58884,12866.393555,9493.626953,10690.348633
98.699998,-,0,0,0,None,Holding,0,313201.87385,7722.976013,7235.555549,1.783957,0,0,466216.520292,7673.323847,0.008986,0,56.970344,25.780432,0,,1,0,0,0,123.029514,25.780432,3.811927,-0.200053,-0.255053,0.003963,12866.397976,9493.631297,218.407333,26.366636,89.731102,10690.349942,14.682418,11.536416,15.150414,0,316.454432,312.468726,0.006715,359.730384,,,,,,,,,,,,,,,,,,,,,,,,Idle,Burn,Idle,0,0,Idle,0,0,77.93916,0,77.93916,None,Continue,0,DeorbitReturn,,,,,,1,484.420868,484.420868,0,0,,,,,,,,,,,,,,1,0,0,0.958552,0.958552,0.58884,12866.399414,9493.636719,10690.349609
98.959998,-,0,0,0,None,Holding,0,313202.11342,7722.954002,7235.533504,1.810729,0,0,468009.489338,7672.731139,0.012944,0,79.767364,26.349648,0,,1,0,0,0,100.233458,26.349648,3.822333,-0.205132,-0.250137,0.003884,12866.40502,9493.640492,219.003571,25.840714,94.609177,10690.34996,14.681777,11.535573,15.149721,0,316.411886,312.436901,0.006434,359.431486,,,,,,,,,,,,,,,,,,,,,,,,Idle,Burn,Idle,0,0,Idle,0,0,77.939293,0,77.939293,None,Continue,0,DeorbitReturn,,,,,,1,484.233521,484.233521,0,0,,,,,,,,,,,,,,1,0,0,0.958105,0.958105,0.588838,12866.412109,9493.646484,10690.349609
99.219998,-,0,0,0,None,Holding,0,313202.711674,7722.958407,7235.537875,1.845444,0,0,469802.429562,7672.346808,0.011756,0,107.173846,25.980809,0,,1,0,0,0,72.82709,25.980809,3.801931,-0.201954,-0.241762,0.003803,12866.410938,9493.649095,217.83461,25.307049,99.348679,10690.351113,14.681363,11.535118,15.149287,16098.000407,316.449186,312.416761,0.006503,359.50752,,,,,,,,,,,,,,,,,,,,,,,,Idle,Burn,Idle,0,0,Idle,0,0,77.939429,0,77.939429,None,Continue,0,DeorbitReturn,,,,,,1,484.095978,484.095978,0,0,,,,,,,,,,,,,,1,0,0,0.957815,0.957816,0.588836,12866.416016,9493.655273,10690.353516
99.479998,-,0,0,0,None,Holding,0,313203.542191,7722.977401,7235.556834,1.856448,0,0,471595.506018,7671.823241,0.014494,0,111.469488,24.866125,0,,1,0,0,0,68.530543,24.866125,3.801762,-0.191796,-0.240579,0.003717,12866.418842,9493.657168,217.824905,24.734198,103.956017,10690.349915,14.680655,11.53427,15.148531,0,316.51107,312.422603,0.006763,359.780914,,,,,,,,,,,,,,,,,,,,,,,,Idle,Burn,Idle,0,0,Idle,0,0,77.939567,0,77.939567,None,Continue,0,DeorbitReturn,,,,,,1,483.996429,483.996429,0,0,,,,,,,,,,,,,,1,0,0,0.957421,0.957421,0.588834,12866.423828,9493.663086,10690.349609
99.739998,-,0,0,0,None,Holding,0,313204.218257,7722.98532,7235.564718,1.827894,0,0,473388.737896,7671.387888,0.014647,0,87.332288,23.910308,0,,1,0,0,0,92.666859,23.910308,3.811798,-0.182998,-0.25819,0.003622,12866.426781,9493.665072,218.399948,24.104252,107.552948,10690.350629,14.680357,11.533763,15.148201,18229.842186,316.515264,312.447766,0.006876,359.893564,,,,,,,,,,,,,,,,,,,,,,,,Idle,Burn,Idle,0,0,Idle,0,0,77.939705,0,77.939705,None,Continue,0,DeorbitReturn,,,,,,1,483.809082,483.809082,0,0,,,,,,,,,,,,,,1,0,0,0.957093,0.957093,0.588834,12866.4375,9493.673828,10690.353516
99.999998,-,0,0,0,None,Holding,0,313204.515028,7722.984383,7235.563746,1.812814,0,0,475181.974042,7671.230055,0.012238,0,60.613543,24.339941,0,,1,0,0,0,119.38555,24.339941,3.78125,-0.187182,-0.279176,0.003527,12866.432366,9493.672416,216.649689,23.471262,110.994774,10690.350861,14.679958,11.533418,15.147793,0,316.503716,312.457952,0.006878,359.895429,,,,,,,,,,,,,,,,,,,,,,,,Idle,Burn,Idle,0,0,Idle,0,0,77.93984,0,77.93984,None,Continue,0,DeorbitReturn,,,,,,1,483.671478,483.671478,0,0,,,,,,,,,,,,,,1,0,0,0.956974,0.956975,0.588834,12866.428711,9493.672852,10690.348633
100.259998,-,0,0,0,None,Holding,0,313204.627398,7722.972205,7235.551534,1.798345,0,0,476975.055528,7670.80424,0.008916,0,61.816837,25.223451,0,,1,0,0,0,118.183361,25.223451,3.799759,-0.195053,-0.281787,0.003492,12866.441559,9493.681272,217.710144,23.240356,114.334663,10690.350222,14.679609,11.532814,15.147404,0,316.460844,312.460513,0.006659,359.673208,,,,,,,,,,,,,,,,,,,,,,,,Idle,Burn,Idle,0,0,Idle,0,0,77.939973,0,77.939973,None,Continue,0,DeorbitReturn,,,,,,1,483.519012,483.519012,0,0,,,,,,,,,,,,,,1,0,0,0.956653,0.956654,0.588833,12866.447266,9493.685547,10690.351563
100.519998,-,0,0,0,None,Holding,0,313204.964533,7722.958342,7235.537636,1.839832,0,0,478767.992015,7670.211054,0.012836,0,90.02128,25.527337,0,,1,0,0,0,89.979706,25.527337,3.810393,-0.197715,-0.274239,0.003386,12866.448145,9493.688246,218.319412,22.533859,118.407028,10690.349529,14.678984,11.531971,15.146728,0,316.451368,312.423863,0.006466,359.463272,,,,,,,,,,,,,,,,,,,,,,,,Idle,Burn,Idle,0,0,Idle,0,0,77.940109,0,77.940109,None,Continue,0,DeorbitReturn,,,,,,1,483.356506,483.356506,0,0,,,,,,,,,,,,,,1,0,0,0.956207,0.956207,0.588832,12866.456055,9493.694336,10690.348633
100.779998,-,0,0,0,None,Holding,0,313205.68945,7722.965555,7235.544815,1.867093,0,0,480560.959994,7669.897296,0.011661,0,113.327142,24.827147,0,,1,0,0,0,66.67358,24.827147,3.780739,-0.191604,-0.266768,0.003292,12866.455978,9493.695742,216.620377,21.909414,122.325714,10690.350377,14.678512,11.531512,15.146238,0,316.491437,312.410712,0.006565,359.572236,,,,,,,,,,,,,,,,,,,,,,,,Idle,Burn,Idle,0,0,Idle,0,0,77.940247,0,77.940247,None,Continue,0,DeorbitReturn,,,,,,1,483.194305,483.194305,0,0,,,,,,,,,,,,,,1,0,0,0.95597,0.95597,0.58883,12866.455078,9493.697266,10690.348633
101.039998,-,0,0,0,None,Holding,0,313206.521393,7722.988477,7235.567702,1.864881,0,0,482354.105568,7669.360854,0.012431,0,104.876203,23.57252,0,,1,0,0,0,75.123378,23.57252,3.79515,-0.180044,-0.270341,0.003209,12866.466392,9493.70397,217.446091,21.362364,125.814941,10690.350537,14.677981,11.530749,15.14566,0,316.555388,312.428106,0.006839,359.859176,,,,,,,,,,,,,,,,,,,,,,,,Idle,Burn,Idle,0,0,Idle,0,0,77.940385,0,77.940385,None,Continue,0,DeorbitReturn,,,,,,1,483.002289,483.002289,0,0,,,,,,,,,,,,,,1,0,0,0.955566,0.955566,0.588828,12866.475586,9493.711914,10690.353516
101.299998,-,0,0,0,None,Holding,0,313207.049143,7722.989126,7235.568315,1.819246,0,0,484147.368479,7668.837287,0.014879,0,75.08978,23.116176,0,,1,0,0,0,104.909213,23.116176,3.797389,-0.175863,-0.297406,0.003083,12866.473393,9493.710734,217.574341,20.52132,129.450424,10690.351329,14.677507,11.530101,15.145152,16098.072469,316.527735,312.459931,0.006852,359.871831,,,,,,,,,,,,,,,,,,,,,,,,Idle,Burn,Idle,0,0,Idle,0,0,77.940523,0,77.940523,None,Continue,0,DeorbitReturn,,,,,,1,482.839752,482.839752,0,0,,,,,,,,,,,,,,1,0,0,0.955172,0.955172,0.588828,12866.484375,9493.717773,10690.350586
101.559998,-,0,0,0,None,Holding,0,313207.207196,7722.974359,7235.553513,1.803375,0,0,485940.550382,7668.452956,0.01734,0,57.11985,23.956461,0,,1,0,0,0,122.879704,23.956461,3.780277,-0.183661,-0.308856,0.002957,12866.482548,9493.717487,216.593903,19.685896,132.914276,10690.350239,14.676893,11.529447,15.144506,0,316.476602,312.461795,0.006661,359.674925,,,,,,,,,,,,,,,,,,,,,,,,Idle,Burn,Idle,0,0,Idle,0,0,77.940657,0,77.940657,None,Continue,0,DeorbitReturn,,,,,,1,482.789978,482.789978,0,0,,,,,,,,,,,,,,1,0,0,0.954882,0.954882,0.588828,12866.485352,9493.720703,10690.347656
101.819998,-,0,0,0,None,Holding,0,313207.375113,7722.96422,7235.54334,1.825018,0,0,487733.543264,7668.041445,0.014523,0,75.490112,24.650249,0,,1,0,0,0,104.510599,24.650249,3.790103,-0.189881,-0.305068,0.002889,12866.490475,9493.723867,217.156921,19.232504,135.629288,10690.349824,14.676497,11.528861,15.144075,0,316.463965,312.441195,0.006469,359.464145,,,,,,,,,,,,,,,,,,,,,,,,Idle,Burn,Idle,0,0,Idle,0,0,77.940792,0,77.940792,None,Continue,0,DeorbitReturn,,,,,,1,482.529968,482.529968,0,0,,,,,,,,,,,,,,1,0,0,0.954572,0.954572,0.588827,12866.500977,9493.732422,10690.351563
102.079998,-,0,0,0,None,Holding,0,313207.924295,7722.970679,7235.549765,1.858898,0,0,489526.466258,7667.657115,0.01444,0,105.982083,24.41472,0,,1,0,0,0,74.018909,24.41472,3.774911,-0.187871,-0.29574,0.002755,12866.497475,9493.729584,216.286469,18.343969,138.804993,10690.350457,14.676105,11.528405,15.143664,16098.097563,316.506384,312.42306,0.006553,359.557362,,,,,,,,,,,,,,,,,,,,,,,,Idle,Burn,Idle,0,0,Idle,0,0,77.940928,0,77.940928,None,Continue,0,DeorbitReturn,,,,,,1,482.529968,482.529968,0,0,,,,,,,,,,,,,,1,0,0,0.954283,0.954283,0.588826,12866.505859,9493.735352,10690.351563
102.339998,-,0,0,0,None,Holding,0,313208.776007,7722.989958,7235.569009,1.872971,0,0,491319.526528,7667.134024,0.018012,0,113.590552,23.288421,0,,1,0,0,0,66.409528,23.288421,3.781532,-0.17755,-0.292208,0.00261,12866.509652,9493.736372,216.665802,17.377447,141.79538,10690.349864,14.675418,11.527557,15.142928,0,316.571294,312.426881,0.0068,359.820534,,,,,,,,,,,,,,,,,,,,,,,,Idle,Burn,Idle,0,0,Idle,0,0,77.941068,0,77.941068,None,Continue,0,DeorbitReturn,,,,,,1,482.26123,482.26123,0,0,,,,,,,,,,,,,,1,0,0,0.953888,0.953888,0.588824,12866.516602,9493.740234,10690.349609
102.599998,-,0,0,0,None,Holding,0,313209.47217,7723.000882,7235.579898,1.842342,0,0,493112.766628,7666.708209,0.014052,0,88.131223,22.217979,0,,1,0,0,0,91.867899,22.217979,3.808065,-0.167561,-0.311746,0.002534,12866.518532,9493.742005,218.186081,16.872326,143.743027,10690.349417,14.675073,11.526957,15.142543,0,316.582769,312.455187,0.006873,359.895654,,,,,,,,,,,,,,,,,,,,,,,,Idle,Burn,Idle,0,0,Idle,0,0,77.941206,0,77.941206,None,Continue,0,DeorbitReturn,,,,,,1,482.052307,482.052307,0,0,,,,,,,,,,,,,,1,0,0,0.953567,0.953568,0.588824,12866.532227,9493.751953,10690.352539
102.839998,-,0,0,0,None,Holding,0,313209.743013,7722.991454,7235.570434,1.828443,0,0,494896.71736,7666.471697,0.011714,0,60.585849,22.77677,0,,1,0,0,0,119.413316,22.77677,3.786497,-0.172839,-0.334284,0.002389,12866.527344,9493.747166,216.950272,15.907016,146.018188,10690.350026,14.674706,11.526609,15.142164,0,316.548041,312.459168,0.006755,359.774397,,,,,,,,,,,,,,,,,,,,,,,,Idle,Burn,Idle,0,0,Idle,0,0,77.941343,0,77.941343,None,Continue,0,DeorbitReturn,,,,,,1,482.052307,482.052307,0,0,,,,,,,,,,,,,,1,0,0,0.953389,0.95339,0.588824,12866.532227,9493.750977,10690.349609
103.119998,-,0,0,0,None,Holding,0,313209.847471,7722.969775,7235.54872,1.833968,0,0,496699.065185,7665.879466,0.017094,0,66.865732,23.659196,0,,1,0,0,0,113.134667,23.659196,3.807573,-0.180671,-0.333919,0.002249,12866.540992,9493.754026,218.157852,14.976858,148.529312,10690.349984,14.674093,11.525767,15.141501,0,316.491929,312.442087,0.006434,359.420988,,,,,,,,,,,,,,,,,,,,,,,,Idle,Burn,Idle,0,0,Idle,0,0,77.941479,0,77.941479,None,Continue,0,DeorbitReturn,,,,,,1,481.755615,481.755615,0,0,,,,,,,,,,,,,,1,0,0,0.952943,0.952944,0.588824,12866.552734,9493.759766,10690.350586
103.359998,-,0,0,0,None,Holding,0,313210.263092,7722.969706,7235.548617,1.875321,0,0,498482.688825,7665.425517,0.015877,0,98.617804,23.768223,0,,1,0,0,0,81.38323,23.768223,3.810067,-0.181635,-0.324642,0.002095,12866.550229,9493.758781,218.300751,13.951701,150.864243,10690.349812,14.673668,11.525215,15.141047,16098.154008,316.521179,312.414521,0.006413,359.396136,,,,,,,,,,,,,,,,,,,,,,,,Idle,Burn,Idle,0,0,Idle,0,0,77.941616,0,77.941616,None,Continue,0,DeorbitReturn,,,,,,1,481.727448,481.727448,0,0,,,,,,,,,,,,,,1,0,0,0.952601,0.952602,0.588823,12866.560547,9493.762695,10690.349609
103.639998,-,0,0,0,None,Holding,0,313211.084755,7722.984398,7235.563274,1.902347,0,0,500284.982731,7664.972521,0.018457,0,116.653636,22.82256,0,,1,0,0,0,63.346784,22.82256,3.814469,-0.172981,-0.317768,0.001946,12866.564077,9493.765031,218.552963,12.962317,152.99559,10690.348792,14.673023,11.524468,15.140362,0,316.582002,312.406562,0.006584,359.590714,,,,,,,,,,,,,,,,,,,,,,,,Idle,Burn,Idle,0,0,Idle,0,0,77.941757,0,77.941757,None,Continue,0,DeorbitReturn,,,,,,1,481.430756,481.430756,0,0,,,,,,,,,,,,,,1,0,0,0.95226,0.95226,0.588822,12866.574219,9493.770508,10690.351563
103.899998,-,0,0,0,None,Holding,0,313211.877341,7723.003997,7235.582836,1.881929,0,0,502078.191552,7664.478041,0.01342,0,96.615107,21.518204,0,,1,0,0,0,83.384145,21.518204,3.846665,-0.160813,-0.328972,0.001846,12866.57665,9493.770731,220.397659,12.293546,154.384888,10690.349429,14.672581,11.523781,15.139873,976.214275,316.624505,312.433917,0.006761,359.782235,,,,,,,,,,,,,,,,,,,,,,,,Idle,Burn,Idle,0,0,Idle,0,0,77.941897,0,77.941897,None,Continue,0,DeorbitReturn,,,,,,1,481.253601,481.253601,0,0,,,,,,,,,,,,,,1,0,0,0.951888,0.951888,0.588821,12866.583984,9493.772461,10690.345703
104.159998,-,0,0,0,None,Holding,0,313212.242182,7723.004979,7235.583782,1.874908,0,0,503871.460179,7664.053656,0.009115,0,65.23051,21.753656,0,,1,0,0,0,114.768518,21.753656,3.833723,-0.163066,-0.358804,0.00168,12866.590702,9493.776912,219.656158,11.191486,156.20752,10690.350798,14.671943,11.523173,15.139208,2696.47485,316.623839,312.439935,0.006758,359.779048,,,,,,,,,,,,,,,,,,,,,,,,Idle,Burn,Idle,0,0,Idle,0,0,77.942037,0,77.942037,None,Continue,0,DeorbitReturn,,,,,,1,481.120483,481.120483,0,0,,,,,,,,,,,,,,1,0,0,0.951568,0.951568,0.588822,12866.597656,9493.777344,10690.349609
104.419998,-,0,0,0,None,Holding,0,313212.340935,7723.019009,7235.597778,1.86677,0,0,505664.562219,7663.398959,0.005988,0,63.560118,22.718018,0,,1,0,0,0,116.440066,22.718018,3.870565,-0.171498,-0.361213,0.001577,12866.605021,9493.781873,221.767059,10.507419,156.966827,10690.349485,14.671267,11.522305,15.138474,12256.714344,316.659427,312.454903,0.006828,359.853445,,,,,,,,,,,,,,,,,,,,,,,,Idle,Burn,Idle,0,0,Idle,0,0,77.942176,0,77.942176,None,Continue,0,DeorbitReturn,,,,,,1,480.892273,480.892273,0,0,,,,,,,,,,,,,,1,0,0,0.951074,0.951075,0.588822,12866.610352,9493.78125,10690.34668
104.679998,-,0,0,0,None,Holding,0,313212.67861,7723.048122,7235.626854,1.774965,0,0,507457.49777,7662.376143,0.030729,0,94.656957,23.014922,0,,1,0,0,0,85.344008,23.014922,3.859813,-0.174279,-0.35232,0.001423,12866.621672,9493.787217,221.151001,9.483432,158.585007,10690.349255,14.669732,11.520931,15.136869,27760.976195,316.684223,312.532857,0.007043,0.06985,,,,,,,,,,,,,,,,,,,,,,,,Idle,Burn,Idle,0,0,Idle,0,0,77.942312,0,77.942312,None,Continue,0,DeorbitReturn,,,,,,1,480.500366,480.500366,0,0,,,,,,,,,,,,,,1,0,0,0.950304,0.950304,0.588821,12866.630859,9493.788086,10690.347656
104.939998,-,0,0,0,None,Holding,0,313213.434293,7723.032153,7235.610851,1.71585,0,0,509250.489732,7661.190726,0.034958,0,117.26322,22.178717,0,,1,0,0,0,62.737344,22.178717,3.89039,-0.166374,-0.344161,0.001341,12866.645942,9493.796245,222.902954,8.932733,159.839966,10690.350024,14.668113,11.519245,15.135149,27760.981798,316.601347,312.56223,0.006695,359.711006,,,,,,,,,,,,,,,,,,,,,,,,Idle,Burn,Idle,0,0,Idle,0,0,77.942442,0,77.942442,None,Continue,0,DeorbitReturn,,,,,,1,480.242462,480.242462,0,0,,,,,,,,,,,,,,1,0,0,0.949411,0.949411,0.588819,12866.661133,9493.800781,10690.348633
105.199998,-,0,0,0,None,Holding,0,313214.219325,7722.987908,7235.566573,1.74089,0,0,511043.684401,7660.14073,0.037163,0,100.186297,20.821204,0,,1,0,0,0,79.813048,20.821204,3.923132,-0.153711,-0.352094,0.00125,12866.666451,9493.801612,224.7789,8.332053,160.184769,10690.350048,14.666663,11.517761,15.133608,29334.241807,316.491192,312.520917,0.006016,358.88771,,,,,,,,,,,,,,,,,,,,,,,,Idle,Burn,Idle,0,0,Idle,0,0,77.94257,0,77.94257,None,Continue,0,DeorbitReturn,,,,,,1,479.79007,479.79007,0,0,,,,,,,,,,,,,,1,0,0,0.94862,0.94862,0.588819,12866.681641,9493.804688,10690.345703
105.459998,-,0,0,0,None,Holding,0,313214.599386,7722.996889,7235.575521,1.851729,0,0,512836.957283,7659.184672,0.033619,0,67.439021,20.906031,0,,1,0,0,0,112.560019,20.906031,3.917156,-0.154519,-0.384169,0.001072,12866.687388,9493.8077,224.436508,7.142654,161.029953,10690.3495,14.66498,11.516283,15.131848,12256.712675,316.591575,312.453529,0.005993,358.856326,,,,,,,,,,,,,,,,,,,,,,,,Idle,Burn,Idle,0,0,Idle,0,0,77.942705,0,77.942705,None,Continue,0,DeorbitReturn,,,,,,1,479.585388,479.585388,0,0,,,,,,,,,,,,,,1,0,0,0.9479,0.9479,0.58882,12866.697266,9493.807617,10690.345703
105.719998,-,0,0,0,None,Holding,0,313214.693817,7723.044338,7235.622935,1.883345,0,0,514630.074093,7658.102728,0.032046,0,63.501029,21.906548,0,,1,0,0,0,116.499116,21.906548,3.949663,-0.163306,-0.387505,0.000934,12866.710329,9493.813745,226.299011,6.224295,161.18692,10690.349739,14.663445,11.514743,15.13022,12256.712437,316.748729,312.462698,0.006529,359.528769,,,,,,,,,,,,,,,,,,,,,,,,Idle,Burn,Idle,0,0,Idle,0,0,77.942845,0,77.942845,None,Continue,0,DeorbitReturn,,,,,,1,479.084808,479.084808,0,0,,,,,,,,,,,,,,1,0,0,0.947084,0.947085,0.58882,12866.731445,9493.821289,10690.351563
105.979998,-,0,0,0,None,Holding,0,313215.019406,7723.075238,7235.6538,1.796655,0,0,516423.01446,7657.079913,0.031203,0,94.754654,22.257064,0,,1,0,0,0,85.246322,22.257064,3.94723,-0.166498,-0.378637,0.000749,12866.734613,9493.819945,226.159622,4.995981,162.005402,10690.350238,14.661904,11.513372,15.128608,27760.994077,316.783071,312.53732,0.006802,359.829721,,,,,,,,,,,,,,,,,,,,,,,,Idle,Burn,Idle,0,0,Idle,0,0,77.942982,0,77.942982,None,Continue,0,DeorbitReturn,,,,,,1,478.66391,478.66391,0,0,,,,,,,,,,,,,,1,0,0,0.946314,0.946314,0.588819,12866.750977,9493.823242,10690.352539
106.239998,-,0,0,0,None,Holding,0,313215.784385,7723.06305,7235.641576,1.748811,0,0,518216.007664,7655.764796,0.031236,0,118.397895,21.43006,0,,1,0,0,0,61.602658,21.43006,3.980843,-0.158652,-0.370002,0.000561,12866.7606,9493.826358,228.085495,3.741651,162.983475,10690.3504,14.660067,11.511497,15.126659,27760.994673,316.71852,312.561489,0.006519,359.515782,,,,,,,,,,,,,,,,,,,,,,,,Idle,Burn,Idle,0,0,Idle,0,0,77.943113,0,77.943113,None,Continue,0,DeorbitReturn,,,,,,1,478.37561,478.37561,0,0,,,,,,,,,,,,,,1,0,0,0.945323,0.945324,0.588818,12866.775391,9493.829102,10690.345703
106.499998,-,0,0,0,None,Holding,0,313216.581428,7723.023241,7235.601734,1.784569,0,0,520009.213531,7654.74198,0.032602,0,100.526502,20.053611,0,,1,0,0,0,79.472803,20.053611,3.984449,-0.146087,-0.378014,0.000371,12866.784287,9493.831345,228.292114,2.473243,163.370316,10690.350605,14.658319,11.509936,15.124827,12256.714106,316.627325,312.516616,0.005869,358.677777,,,,,,,,,,,,,,,,,,,,,,,,Idle,Burn,Idle,0,0,Idle,0,0,77.943244,0,77.943244,None,Continue,0,DeorbitReturn,,,,,,1,477.911346,477.911346,0,0,,,,,,,,,,,,,,1,0,0,0.944553,0.944553,0.588817,12866.804688,9493.837891,10690.352539
106.759998,-,0,0,0,None,Holding,0,313216.94891,7723.033529,7235.611989,1.867059,0,0,521802.49601,7653.610446,0.028081,0,67.447091,20.185365,0,,1,0,0,0,112.551971,20.185365,4.024635,-0.146903,-0.41022,0.0002,12866.812215,9493.837752,230.59462,1.332508,162.925339,10690.351082,14.656711,11.508328,15.12312,12256.715059,316.712099,312.469382,0.005934,358.76975,,,,,,,,,,,,,,,,,,,,,,,,Idle,Burn,Idle,0,0,Idle,0,0,77.94338,0,77.94338,None,Continue,0,DeorbitReturn,,,,,,1,477.376404,477.376404,0,0,,,,,,,,,,,,,,1,0,0,0.9437,0.9437,0.588817,12866.828125,9493.839844,10690.349609
107.019998,-,0,0,0,None,Holding,0,313217.034966,7723.088426,7235.666851,1.879227,0,0,523595.609514,7652.588107,0.035424,0,65.764143,21.213056,0,,1,0,0,0,114.236086,21.213056,4.032522,-0.156156,-0.412761,0.000005,12866.835402,9493.840823,231.046478,0.03054,162.872482,10690.350015,14.655168,11.50696,15.121503,27761.000991,316.879098,312.494516,0.006536,359.539315,,,,,,,,,,,,,,,,,,,,,,,,Idle,Burn,Idle,0,0,Idle,0,0,77.94352,0,77.94352,None,Continue,0,DeorbitReturn,,,,,,1,477.128326,477.128326,0,0,,,,,,,,,,,,,,1,0,0,0.94293,0.94293,0.588818,12866.852539,9493.842773,10690.349609
107.279998,-,0,0,0,None,Holding,0,313217.394936,7723.111223,7235.689613,1.823306,0,0,525388.54914,7651.304938,0.032279,0,98.461285,21.513418,0,,1,0,0,0,81.539712,21.513418,4.078629,-0.158447,-0.403389,-0.000151,12866.863334,9493.846076,233.688232,-1.00733,162.861633,10690.349768,14.6534,11.505137,15.119622,27761.00266,316.911308,312.54321,0.006719,359.746705,,,,,,,,,,,,,,,,,,,,,,,,Idle,Burn,Idle,0,0,Idle,0,0,77.943658,0,77.943658,None,Continue,0,DeorbitReturn,,,,,,1,476.659241,476.659241,0,0,,,,,,,,,,,,,,1,0,0,0.941963,0.941963,0.588817,12866.883789,9493.850586,10690.350586
107.539998,-,0,0,0,None,Holding,0,313218.193885,7723.081449,7235.659803,1.748828,0,0,527181.563014,7650.293089,0.033159,0,119.610582,20.599161,0,,1,0,0,0,60.389816,20.599161,4.098369,-0.149942,-0.395639,-0.000332,12866.887397,9493.849499,234.81926,-2.213732,162.013763,10690.349719,14.651772,11.503677,15.117909,25292.954564,316.778743,312.574471,0.006247,359.186784,,,,,,,,,,,,,,,,,,,,,,,,Idle,Burn,Idle,0,0,Idle,0,0,77.943789,0,77.943789,None,Continue,0,DeorbitReturn,,,,,,1,476.167023,476.167023,0,0,,,,,,,,,,,,,,1,0,0,0.941201,0.941201,0.588816,12866.900391,9493.849609,10690.345703
107.779998,-,0,0,0,None,Holding,0,313218.962439,7723.054537,7235.632858,1.808945,0,0,528965.508543,7649.168231,0.027018,0,97.238872,19.253866,0,,1,0,0,0,82.760327,19.253866,4.137353,-0.137347,-0.407988,-0.000534,12866.918222,9493.855093,237.052887,-3.561198,160.944382,10690.350918,14.650026,11.501997,15.116062,12256.715298,316.739641,312.52218,0.005833,358.618636,,,,,,,,,,,,,,,,,,,,,,,,Idle,Burn,Idle,0,0,Idle,0,0,77.94392,0,77.94392,None,Continue,0,DeorbitReturn,,,,,,1,475.858246,475.858246,0,0,,,,,,,,,,,,,,1,0,0,0.940354,0.940354,0.588816,12866.935547,9493.855469,10690.350586
108.039998,-,0,0,0,None,Holding,0,313219.270956,7723.069078,7235.647366,1.891911,0,0,530758.790923,7648.004748,0.037163,0,65.469582,19.638145,0,,1,0,0,0,114.529567,19.638145,4.164124,-0.140579,-0.437037,-0.000717,12866.942298,9493.856762,238.586731,-4.782375,160.49173,10690.350703,14.648382,11.500445,15.114326,29334.206104,316.836517,312.47761,0.005893,358.706302,,,,,,,,,,,,,,,,,,,,,,,,Idle,Burn,Idle,0,0,Idle,0,0,77.944058,0,77.944058,None,Continue,0,DeorbitReturn,,,,,,1,475.434082,475.434082,0,0,,,,,,,,,,,,,,1,0,0,0.939477,0.939477,0.588817,12866.959961,9493.858398,10690.350586
108.319998,-,0,0,0,None,Holding,0,313219.359626,7723.113298,7235.69155,1.885913,0,0,532561.166643,7646.861292,0.026846,0,70.668578,20.669189,0,,1,0,0,0,109.331861,20.669189,4.208662,-0.149523,-0.437607,-0.000894,12866.972673,9493.861647,241.13858,-5.969662,159.097824,10690.350446,14.646598,11.498714,15.112433,12256.71339,316.961911,312.507381,0.006398,359.377869,,,,,,,,,,,,,,,,,,,,,,,,Idle,Burn,Idle,0,0,Idle,0,0,77.9442,0,77.9442,None,Continue,0,DeorbitReturn,,,,,,1,474.934998,474.934998,0,0,,,,,,,,,,,,,,1,0,0,0.938616,0.938616,0.588817,12866.988281,9493.861328,10690.349609
108.579998,-,0,0,0,None,Holding,0,313219.803639,7723.130667,7235.708883,1.799792,0,0,534354.100587,7645.758368,0.031547,0,105.437085,20.795876,0,,1,0,0,0,74.563928,20.795876,4.249034,-0.150291,-0.427527,-0.001059,12866.998866,9493.863365,243.451736,-7.068107,157.576279,10690.350089,14.645075,11.497253,15.110819,29334.201932,316.96032,312.571061,0.006542,359.551077,,,,,,,,,,,,,,,,,,,,,,,,Idle,Burn,Idle,0,0,Idle,0,0,77.944336,0,77.944336,None,Continue,0,DeorbitReturn,,,,,,1,474.686829,474.686829,0,0,,,,,,,,,,,,,,1,0,0,0.937784,0.937785,0.588817,12867.018555,9493.865234,10690.349609
108.839998,-,0,0,0,None,Holding,0,313220.654459,7723.098028,7235.676209,1.758489,0,0,536147.160227,7644.65449,0.032821,0,119.162567,19.694623,0,,1,0,0,0,60.837535,19.694623,4.290556,-0.139894,-0.422033,-0.001224,12867.027893,9493.866276,245.83078,-8.175602,155.8871,10690.349264,14.643315,11.495581,15.108955,12256.712675,316.839875,312.580275,0.006033,358.901554,,,,,,,,,,,,,,,,,,,,,,,,Idle,Burn,Idle,0,0,Idle,0,0,77.944468,0,77.944468,None,Continue,0,DeorbitReturn,,,,,,1,474.180511,474.180511,0,0,,,,,,,,,,,,,,1,0,0,0.936953,0.936953,0.588816,12867.044922,9493.867188,10690.349609
109.099998,-,0,0,0,None,Holding,0,313221.350299,7723.067592,7235.64574,1.824942,0,0,537940.433883,7643.586375,0.031653,0,90.313418,18.54534,0,,1,0,0,0,89.68565,18.54534,4.330226,-0.129083,-0.44243,-0.001433,12867.053566,9493.866632,248.103668,-9.569736,153.711639,10690.349203,14.641768,11.494144,15.107316,25292.956352,316.794064,312.52251,0.005589,358.236033,,,,,,,,,,,,,,,,,,,,,,,,Idle,Burn,Idle,0,0,Idle,0,0,77.944601,0,77.944601,None,Continue,0,DeorbitReturn,,,,,,1,473.980286,473.980286,0,0,,,,,,,,,,,,,,1,0,0,0.936148,0.936148,0.588816,12867.078125,9493.869141,10690.351563
109.359998,-,0,0,0,None,Holding,0,313221.553531,7723.092404,7235.670518,1.886961,0,0,539733.691655,7642.347552,0.027471,0,63.015347,19.304912,0,,1,0,0,0,116.984057,19.304912,4.374669,-0.135559,-0.464427,-0.001594,12867.087325,9493.871233,250.65007,-10.646355,152.287186,10690.35052,14.639978,11.492401,15.105418,27761.017323,316.906976,312.497486,0.005777,358.530563,,,,,,,,,,,,,,,,,,,,,,,,Idle,Burn,Idle,0,0,Idle,0,0,77.944739,0,77.944739,None,Continue,0,DeorbitReturn,,,,,,1,473.442871,473.442871,0,0,,,,,,,,,,,,,,1,0,0,0.935215,0.935215,0.588816,12867.111328,9493.876953,10690.352539
109.619998,-,0,0,0,None,Holding,0,313221.676242,7723.140046,7235.718124,1.864568,0,0,541526.722865,7641.268946,0.030681,0,79.546893,20.26087,0,,1,0,0,0,100.453783,20.26087,4.408646,-0.143913,-0.461655,-0.001785,12867.113978,9493.870471,252.596786,-11.926625,149.998367,10690.349954,14.638254,11.490851,15.103599,25292.954862,317.033112,312.538356,0.006329,359.296864,,,,,,,,,,,,,,,,,,,,,,,,Idle,Burn,Idle,0,0,Idle,0,0,77.944879,0,77.944879,None,Continue,0,DeorbitReturn,,,,,,1,472.965271,472.965271,0,0,,,,,,,,,,,,,,1,0,0,0.934402,0.934402,0.588816,12867.135742,9493.871094,10690.350586
109.879998,-,0,0,0,None,Holding,0,313222.260235,7723.145395,7235.723437,1.796393,0,0,543319.664338,7640.025355,0.024583,0,114.283367,20.048188,0,,1,0,0,0,65.717561,20.048188,4.464592,-0.141457,-0.451173,-0.001914,12867.146858,9493.873663,255.802246,-12.787969,147.860931,10690.350348,14.636511,11.489105,15.101739,27761.013746,317.008243,312.58366,0.006282,359.236027,,,,,,,,,,,,,,,,,,,,,,,,Idle,Burn,Idle,0,0,Idle,0,0,77.945015,0,77.945015,None,Continue,0,DeorbitReturn,,,,,,1,472.670349,472.670349,0,0,,,,,,,,,,,,,,1,0,0,0.933465,0.933466,0.588815,12867.166992,9493.875,10690.350586
110.139998,-,0,0,0,None,Holding,0,313223.140912,7723.105008,7235.683015,1.776926,0,0,545112.793874,7638.946749,0.030453,0,114.779555,18.742237,0,,1,0,0,0,65.220116,18.742237,4.499694,-0.129269,-0.45049,-0.002106,12867.17367,9493.873268,257.813507,-14.070568,145.137619,10690.350551,14.634772,11.487557,15.099905,25292.961478,316.878243,312.57559,0.005691,358.394623,,,,,,,,,,,,,,,,,,,,,,,,Idle,Burn,Idle,0,0,Idle,0,0,77.945147,0,77.945147,None,Continue,0,DeorbitReturn,,,,,,1,472.168793,472.168793,0,0,,,,,,,,,,,,,,1,0,0,0.932653,0.932653,0.588815,12867.188477,9493.868164,10690.345703
110.399998,-,0,0,0,None,Holding,0,313223.693866,7723.096082,7235.674056,1.84936,0,0,546906.104861,7637.73606,0.02584,0,80.085179,18.100941,0,,1,0,0,0,99.913829,18.100941,4.554421,-0.122936,-0.478942,-0.002304,12867.206528,9493.874093,260.949127,-15.394142,142.28389,10690.350553,14.633028,11.485859,15.098049,27761.02066,316.89876,312.526035,0.005509,358.098416,,,,,,,,,,,,,,,,,,,,,,,,Idle,Burn,Idle,0,0,Idle,0,0,77.945281,0,77.945281,None,Continue,0,DeorbitReturn,,,,,,1,471.69931,471.69931,0,0,,,,,,,,,,,,,,1,0,0,0.931741,0.931741,0.588815,12867.222656,9493.871094,10690.34668
110.659998,-,0,0,0,None,Holding,0,313223.798152,7723.140284,7235.718224,1.897749,0,0,548699.306015,7636.713244,0.032786,0,64.200305,19.174696,0,,1,0,0,0,115.799529,19.174696,4.584298,-0.132393,-0.491238,-0.002515,12867.233626,9493.871732,262.660919,-16.81002,139.051178,10690.349603,14.631222,11.484308,15.096148,12256.715536,317.059637,312.520252,0.006041,358.91587,,,,,,,,,,,,,,,,,,,,,,,,Idle,Burn,Idle,0,0,Idle,0,0,77.945422,0,77.945422,None,Continue,0,DeorbitReturn,,,,,,1,471.450775,471.450775,0,0,,,,,,,,,,,,,,1,0,0,0.93097,0.93097,0.588815,12867.255859,9493.871094,10690.351563
110.919998,-,0,0,0,None,Holding,0,313224.036796,7723.167117,7235.745021,1.857327,0,0,550492.279113,7635.412432,0.026,0,92.609379,19.895733,0,,1,0,0,0,87.391529,19.895733,4.652546,-0.138299,-0.48458,-0.002663,12867.268102,9493.872488,266.571289,-17.799664,135.950867,10690.35037,14.629436,11.482471,15.094235,12256.716013,317.114925,312.559885,0.006284,359.243387,,,,,,,,,,,,,,,,,,,,,,,,Idle,Burn,Idle,0,0,Idle,0,0,77.945562,0,77.945562,None,Continue,0,DeorbitReturn,,,,,,1,470.926056,470.926056,0,0,,,,,,,,,,,,,,1,0,0,0.92999,0.929991,0.588815,12867.290039,9493.87207,10690.351563
111.179998,-,0,0,0,None,Holding,0,313224.786635,7723.144011,7235.721879,1.77384,0,0,552285.26367,7634.389617,0.031796,0,121.550427,19.216068,0,,1,0,0,0,58.450179,19.216068,4.683007,-0.131842,-0.475849,-0.002872,12867.295791,9493.868972,268.316559,-19.203314,132.233688,10690.35115,14.62783,11.481114,15.092544,27761.01613,316.996921,312.599717,0.005943,358.774902,,,,,,,,,,,,,,,,,,,,,,,,Idle,Burn,Idle,0,0,Idle,0,0,77.945696,0,77.945696,None,Continue,0,DeorbitReturn,,,,,,1,470.452911,470.452911,0,0,,,,,,,,,,,,,,1,0,0,0.92922,0.92922,0.588813,12867.31543,9493.868164,10690.353516
111.439998,-,0,0,0,None,Holding,0,313225.61969,7723.121894,7235.699728,1.800094,0,0,554078.487946,7633.106448,0.025285,0,104.141922,17.849297,0,,1,0,0,0,75.857354,17.849297,4.74977,-0.118821,-0.484715,-0.003039,12867.328907,9493.867007,272.141754,-20.319077,128.50589,10690.350277,14.625932,11.479207,15.090515,12256.714344,316.948735,312.57313,0.005566,358.187909,,,,,,,,,,,,,,,,,,,,,,,,Idle,Burn,Idle,0,0,Idle,0,0,77.945828,0,77.945828,None,Continue,0,DeorbitReturn,,,,,,1,470.158875,470.158875,0,0,,,,,,,,,,,,,,1,0,0,0.928253,0.928253,0.588813,12867.354492,9493.867188,10690.352539
111.699998,-,0,0,0,None,Holding,0,313225.970833,7723.130477,7235.708277,1.890206,0,0,555871.799445,7632.016875,0.030535,0,69.851888,18.032769,0,,1,0,0,0,110.147244,18.032769,4.78036,-0.120194,-0.51303,-0.003246,12867.353443,9493.860513,273.89447,-21.706091,124.646255,10690.34932,14.624227,11.477754,15.088718,27761.011362,317.03133,312.522197,0.005615,358.269203,,,,,,,,,,,,,,,,,,,,,,,,Idle,Burn,Idle,0,0,Idle,0,0,77.945965,0,77.945965,None,Continue,0,DeorbitReturn,,,,,,1,469.685547,469.685547,0,0,,,,,,,,,,,,,,1,0,0,0.927432,0.927432,0.588813,12867.366211,9493.852539,10690.345703
111.959997,-,0,0,0,None,Holding,0,313226.039768,7723.168381,7235.746145,1.890975,0,0,557664.907495,7630.801417,0.027575,0,72.635307,19.211481,0,,1,0,0,0,107.36509,19.211481,4.845748,-0.130274,-0.516885,-0.003386,12867.385189,9493.857654,277.6409,-22.649807,120.040154,10690.349356,14.622396,11.475945,15.086762,12188.447952,317.144464,312.542354,0.006062,358.947514,,,,,,,,,,,,,,,,,,,,,,,,Idle,Burn,Idle,0,0,Idle,0,0,77.946107,0,77.946107,None,Continue,0,DeorbitReturn,,,,,,1,469.396576,469.396576,0,0,,,,,,,,,,,,,,1,0,0,0.926516,0.926517,0.588813,12867.404297,9493.853516,10690.347656
112.219997,-,0,0,0,None,Holding,0,313226.484421,7723.18641,7235.764138,1.821269,0,0,559457.846788,7629.57833,0.026318,0,108.407312,19.442873,0,,1,0,0,0,71.593667,19.442873,4.874875,-0.132091,-0.506856,-0.003568,12867.414985,9493.853569,279.309753,-23.867584,116.45504,10690.349781,14.620502,11.474302,15.084766,27761.012554,317.156944,312.594263,0.006166,359.091337,,,,,,,,,,,,,,,,,,,,,,,,Idle,Burn,Idle,0,0,Idle,0,0,77.946244,0,77.946244,None,Continue,0,DeorbitReturn,,,,,,1,468.894501,468.894501,0,0,,,,,,,,,,,,,,1,0,0,0.925595,0.925595,0.588812,12867.433594,9493.850586,10690.348633
112.479997,-,0,0,0,None,Holding,0,313227.360849,7723.149527,7235.727221,1.775909,0,0,561250.925726,7628.47922,0.029397,0,120.889391,18.286637,0,,1,0,0,0,59.110595,18.286637,4.940844,-0.120996,-0.503914,-0.003701,12867.445138,9493.8486,283.089508,-24.763266,110.803963,10690.349896,14.618942,11.472755,15.083095,27761.003256,317.021055,312.604231,0.005685,358.379339,,,,,,,,,,,,,,,,,,,,,,,,Idle,Burn,Idle,0,0,Idle,0,0,77.946377,0,77.946377,None,Continue,0,DeorbitReturn,,,,,,1,468.369385,468.369385,0,0,,,,,,,,,,,,,,1,0,0,0.924767,0.924767,0.588811,12867.463867,9493.84375,10690.345703
112.739997,-,0,0,0,None,Holding,0,313228.02529,7723.133725,7235.711385,1.844646,0,0,563044.230717,7627.322413,0.027095,0,88.643857,17.347676,0,,1,0,0,0,91.355171,17.347676,4.968287,-0.112218,-0.525738,-0.003897,12867.474598,9493.84307,284.661865,-26.075209,106.417023,10690.35092,14.616907,11.471016,15.08095,12256.711483,317.017575,312.554844,0.00539,357.878674,,,,,,,,,,,,,,,,,,,,,,,,Idle,Burn,Idle,0,0,Idle,0,0,77.946511,0,77.946511,None,Continue,0,DeorbitReturn,,,,,,1,468.120575,468.120575,0,0,,,,,,,,,,,,,,1,0,0,0.923895,0.923896,0.588812,12867.496094,9493.839844,10690.355469
112.999997,-,0,0,0,None,Holding,0,313228.174801,7723.157606,7235.735232,1.90873,0,0,564837.480757,7626.088835,0.027941,0,65.295847,18.287156,0,,1,0,0,0,114.703756,18.287156,5.032939,-0.120135,-0.544113,-0.004024,12867.500643,9493.835267,288.36615,-26.926523,101.051315,10690.350203,14.615293,11.469384,15.079218,29334.123552,317.128881,312.528233,0.005633,358.29677,,,,,,,,,,,,,,,,,,,,,,,,Idle,Burn,Idle,0,0,Idle,0,0,77.946651,0,77.946651,None,Continue,0,DeorbitReturn,,,,,,1,467.602539,467.602539,0,0,,,,,,,,,,,,,,1,0,0,0.922966,0.922966,0.588812,12867.525391,9493.833008,10690.349609
113.259997,-,0,0,0,None,Holding,0,313228.344108,7723.193051,7235.77064,1.851381,0,0,566630.48459,7624.999739,0.026815,0,88.668307,19.271617,0,,1,0,0,0,91.332495,19.271617,5.056725,-0.128825,-0.540418,-0.004188,12867.530879,9493.829543,289.729004,-28.028322,95.887527,10690.349794,14.613304,11.467731,15.077128,12256.711721,317.200018,312.581862,0.006056,358.943228,,,,,,,,,,,,,,,,,,,,,,,,Idle,Burn,Idle,0,0,Idle,0,0,77.946792,0,77.946792,None,Continue,0,DeorbitReturn,,,,,,1,467.073517,467.073517,0,0,,,,,,,,,,,,,,1,0,0,0.922145,0.922146,0.588812,12867.546875,9493.822266,10690.347656
113.519997,-,0,0,0,None,Holding,0,313229.042498,7723.190822,7235.768375,1.791567,0,0,568423.453398,7623.69559,0.027397,0,121.554753,18.781414,0,,1,0,0,0,58.445982,18.781414,5.100124,-0.123973,-0.530907,-0.004327,12867.556018,9493.821567,292.215607,-28.968826,91.127693,10690.349933,14.611436,11.465991,15.075143,29334.107399,317.158991,312.617059,0.005879,358.683719,,,,,,,,,,,,,,,,,,,,,,,,Idle,Burn,Idle,0,0,Idle,0,0,77.946927,0,77.946927,None,Continue,0,DeorbitReturn,,,,,,1,466.800476,466.800476,0,0,,,,,,,,,,,,,,1,0,0,0.921163,0.921163,0.588811,12867.576172,9493.817383,10690.348633
113.779997,-,0,0,0,None,Holding,0,313229.913366,7723.153673,7235.731192,1.82167,0,0,570216.661921,7622.552134,0.0247,0,108.851621,17.436709,0,,1,0,0,0,71.147716,17.436709,5.145983,-0.111358,-0.538708,-0.004463,12867.58899,9493.815687,294.843109,-29.881231,84.95649,10690.350391,14.60957,11.46427,15.073159,12256.711483,317.067577,312.581639,0.005389,357.872596,,,,,,,,,,,,,,,,,,,,,,,,Idle,Burn,Idle,0,0,Idle,0,0,77.94706,0,77.94706,None,Continue,0,DeorbitReturn,,,,,,1,466.230194,466.230194,0,0,,,,,,,,,,,,,,1,0,0,0.920302,0.920302,0.588811,12867.608398,9493.811523,10690.352539
114.019997,-,0,0,0,None,Holding,0,313230.310688,7723.165041,7235.742526,1.886665,0,0,572000.698153,7621.262766,0.027209,0,73.218004,17.478447,0,,1,0,0,0,106.781095,17.478447,5.163795,-0.111559,-0.565033,-0.004612,12867.61082,9493.805844,295.863678,-30.881891,80.352844,10690.349017,14.607494,11.462532,15.07098,27760.9936,317.142287,312.548243,0.005382,357.859206,,,,,,,,,,,,,,,,,,,,,,,,Idle,Burn,Idle,0,0,Idle,0,0,77.947198,0,77.947198,None,Continue,0,DeorbitReturn,,,,,,1,465.957397,465.957397,0,0,,,,,,,,,,,,,,1,0,0,0.91933,0.91933,0.588811,12867.631836,9493.803711,10690.351563
114.299997,-,0,0,0,None,Holding,0,313230.371082,7723.201348,7235.778799,1.894029,0,0,573803.122009,7620.047785,0.024193,0,72.664382,18.737422,0,,1,0,0,0,107.335944,18.737422,5.215864,-0.122476,-0.571834,-0.00471,12867.640272,9493.799679,298.847015,-31.542723,74.002304,10690.349544,14.605622,11.460722,15.068981,12256.715775,317.255632,312.562665,0.00582,358.595927,,,,,,,,,,,,,,,,,,,,,,,,Idle,Burn,Idle,0,0,Idle,0,0,77.94734,0,77.94734,None,Continue,0,DeorbitReturn,,,,,,1,465.390106,465.390106,0,0,,,,,,,,,,,,,,1,0,0,0.918415,0.918415,0.588812,12867.65625,9493.792969,10690.349609
114.559997,-,0,0,0,None,Holding,0,313230.791803,7723.21737,7235.794784,1.82552,0,0,575596.067609,7618.823744,0.026165,0,108.422572,19.099224,0,,1,0,0,0,71.57842,19.099224,5.22997,-0.125608,-0.561961,-0.004868,12867.664098,9493.789956,299.655243,-32.606697,68.737808,10690.349986,14.603623,11.459075,15.066883,27760.993719,317.263943,312.611796,0.00592,358.748987,,,,,,,,,,,,,,,,,,,,,,,,Idle,Burn,Idle,0,0,Idle,0,0,77.947478,0,77.947478,None,Continue,0,DeorbitReturn,,,,,,1,464.891846,464.891846,0,0,,,,,,,,,,,,,,1,0,0,0.917493,0.917493,0.588812,12867.680664,9493.783203,10690.349609
114.819997,-,0,0,0,None,Holding,0,313231.672518,7723.195838,7235.773217,1.784814,0,0,577389.14756,7617.573,0.027871,0,122.486337,17.954747,0,,1,0,0,0,57.513641,17.954747,5.281541,-0.114761,-0.559787,-0.004933,12867.691187,9493.788263,302.610046,-33.045967,62.345455,10690.351145,14.601736,11.457214,15.064867,12256.713152,317.17661,312.626401,0.005537,358.131763,,,,,,,,,,,,,,,,,,,,,,,,Idle,Burn,Idle,0,0,Idle,0,0,77.947611,0,77.947611,None,Continue,0,DeorbitReturn,,,,,,1,464.640228,464.640228,0,0,,,,,,,,,,,,,,1,0,0,0.91655,0.916551,0.588811,12867.709961,9493.792969,10690.350586
115.079997,-,0,0,0,None,Holding,0,313232.34586,7723.172503,7235.749848,1.857552,0,0,579182.462276,7616.484858,0.023971,0,89.81003,17.095208,0,,1,0,0,0,90.188999,17.095208,5.287982,-0.106905,-0.58081,-0.005051,12867.714538,9493.80309,302.979095,-33.845474,56.120045,10690.351786,14.599889,11.45576,15.062934,27760.986447,317.151745,312.572311,0.005208,357.527427,,,,,,,,,,,,,,,,,,,,,,,,Idle,Burn,Idle,0,0,Idle,0,0,77.947746,0,77.947746,None,Continue,0,DeorbitReturn,,,,,,1,464.105835,464.105835,0,0,,,,,,,,,,,,,,1,0,0,0.91573,0.915731,0.588812,12867.729492,9493.816406,10690.352539
115.339997,-,0,0,0,None,Holding,0,313232.489101,7723.202065,7235.779375,1.906017,0,0,580975.720852,7615.188338,0.02721,0,66.592622,18.064094,0,,1,0,0,0,113.407022,18.064094,5.303555,-0.11552,-0.598737,-0.005142,12867.731552,9493.820602,303.871338,-34.460766,50.66357,10690.350374,14.597743,11.453925,15.060676,29334.020436,317.270217,312.558218,0.005449,357.977447,,,,,,,,,,,,,,,,,,,,,,,,Idle,Burn,Idle,0,0,Idle,0,0,77.947886,0,77.947886,None,Continue,0,DeorbitReturn,,,,,,1,463.538086,463.538086,0,0,,,,,,,,,,,,,,1,0,0,0.914754,0.914754,0.588813,12867.746094,9493.833008,10690.350586
115.599997,-,0,0,0,None,Holding,0,313232.665815,7723.230284,7235.807558,1.868455,0,0,582768.72765,7613.911845,0.020177,0,90.803331,19.12191,0,,1,0,0,0,89.197512,19.12191,5.332496,-0.124816,-0.595231,-0.005248,12867.757499,9493.841861,305.529541,-35.171913,44.40519,10690.349579,14.59564,11.45201,15.05845,12256.712675,317.333266,312.594907,0.005741,358.473711,,,,,,,,,,,,,,,,,,,,,,,,Idle,Burn,Idle,0,0,Idle,0,0,77.948027,0,77.948027,None,Continue,0,DeorbitReturn,,,,,,1,463.245758,463.245758,0,0,,,,,,,,,,,,,,1,0,0,0.913792,0.913793,0.588813,12867.772461,9493.856445,10690.347656
115.859997,-,0,0,0,None,Holding,0,313233.38568,7723.214564,7235.791802,1.801028,0,0,584561.708457,7612.755038,0.025832,0,123.237505,18.56906,0,,1,0,0,0,56.763165,18.56906,5.332555,-0.119795,-0.586126,-0.005367,12867.775766,9493.86226,305.532898,-35.974579,38.299446,10690.349495,14.593678,11.450455,15.056399,27760.974288,317.247714,312.627901,0.005476,358.023704,,,,,,,,,,,,,,,,,,,,,,,,Idle,Burn,Idle,0,0,Idle,0,0,77.948163,0,77.948163,None,Continue,0,DeorbitReturn,,,,,,1,462.722961,462.722961,0,0,,,,,,,,,,,,,,1,0,0,0.912921,0.912921,0.588813,12867.78418,9493.875,10690.345703
116.119997,-,0,0,0,None,Holding,0,313234.250184,7723.202687,7235.779891,1.811559,0,0,586354.935602,7611.338355,0.022772,0,108.239418,17.296385,0,,1,0,0,0,71.759876,17.296385,5.365874,-0.107959,-0.596111,-0.005435,12867.799943,9493.884896,307.441956,-36.437618,32.374393,10690.349967,14.591561,11.448445,15.054152,27760.971546,317.219485,312.616858,0.005152,357.410479,,,,,,,,,,,,,,,,,,,,,,,,Idle,Burn,Idle,0,0,Idle,0,0,77.948297,0,77.948297,None,Continue,0,DeorbitReturn,,,,,,1,462.403931,462.403931,0,0,,,,,,,,,,,,,,1,0,0,0.911853,0.911854,0.588813,12867.813477,9493.898438,10690.347656
116.379997,-,0,0,0,None,Holding,0,313234.617164,7723.210362,7235.787532,1.889974,0,0,588148.270378,7610.182978,0.024433,0,72.878987,17.492504,0,,1,0,0,0,107.120163,17.492504,5.359268,-0.109777,-0.620593,-0.005513,12867.818621,9493.905901,307.063446,-36.96814,26.145426,10690.350602,14.589361,11.446698,15.051853,12256.710291,317.290437,312.57443,0.0052,357.506794,,,,,,,,,,,,,,,,,,,,,,,,Idle,Burn,Idle,0,0,Idle,0,0,77.948435,0,77.948435,None,Continue,0,DeorbitReturn,,,,,,1,461.900085,461.900085,0,0,,,,,,,,,,,,,,1,0,0,0.910983,0.910983,0.588814,12867.829102,9493.919922,10690.350586
116.639997,-,0,0,0,None,Holding,0,313234.679753,7723.242383,7235.819518,1.894015,0,0,589941.396514,7608.858325,0.02136,0,75.26903,18.809899,0,,1,0,0,0,104.731379,18.809899,5.374295,-0.121542,-0.627052,-0.005583,12867.834384,9493.925437,307.924408,-37.441795,19.912264,10690.349539,14.587242,11.444816,15.04962,12256.712914,317.389904,312.587883,0.005535,358.130567,,,,,,,,,,,,,,,,,,,,,,,,Idle,Burn,Idle,0,0,Idle,0,0,77.948577,0,77.948577,None,Continue,0,DeorbitReturn,,,,,,1,461.273804,461.273804,0,0,,,,,,,,,,,,,,1,0,0,0.909985,0.909985,0.588815,12867.850586,9493.942383,10690.350586
116.899997,-,0,0,0,None,Holding,0,313235.139626,7723.249741,7235.826839,1.830576,0,0,591734.348452,7607.568957,0.021035,0,111.562478,19.101455,0,,1,0,0,0,68.438503,19.101455,5.362094,-0.124271,-0.616016,-0.005645,12867.853137,9493.945555,307.225372,-37.864738,14.402659,10690.349531,14.585022,11.443067,15.047304,27760.965109,317.376295,312.628929,0.005494,358.058364,,,,,,,,,,,,,,,,,,,,,,,,Idle,Burn,Idle,0,0,Idle,0,0,77.948715,0,77.948715,None,Continue,0,DeorbitReturn,,,,,,1,460.933197,460.933197,0,0,,,,,,,,,,,,,,1,0,0,0.909014,0.909014,0.588815,12867.859375,9493.956055,10690.347656
117.159997,-,0,0,0,None,Holding,0,313236.033903,7723.229371,7235.806433,1.803837,0,0,593527.453007,7606.26433,0.026939,0,122.357647,17.914931,0,,1,0,0,0,57.642192,17.914931,5.367732,-0.113471,-0.616139,-0.005679,12867.867534,9493.964276,307.54837,-38.099384,8.41789,10690.350197,14.582889,11.441216,15.045062,29333.902478,317.300581,312.635954,0.005082,357.263823,,,,,,,,,,,,,,,,,,,,,,,,Idle,Burn,Idle,0,0,Idle,0,0,77.94885,0,77.94885,None,Continue,0,DeorbitReturn,,,,,,1,460.453247,460.453247,0,0,,,,,,,,,,,,,,1,0,0,0.908031,0.908031,0.588814,12867.876953,9493.975586,10690.347656
117.399997,-,0,0,0,None,Holding,0,313236.676337,7723.218957,7235.795986,1.854955,0,0,595311.492437,7604.977824,0.020114,0,88.222607,17.253815,0,,1,0,0,0,91.776421,17.253815,5.367887,-0.107474,-0.637443,-0.005724,12867.888309,9493.985334,307.557281,-38.407585,2.37064,10690.350425,14.58062,11.439275,15.042681,12256.710291,317.3005,312.60186,0.004835,356.7229,,,,,,,,,,,,,,,,,,,,,,,,Idle,Burn,Idle,0,0,Idle,0,0,77.948986,0,77.948986,None,Continue,0,DeorbitReturn,,,,,,1,460.132721,460.132721,0,0,,,,,,,,,,,,,,1,0,0,0.907061,0.907062,0.588815,12867.901367,9494,10690.351563
117.679997,-,0,0,0,None,Holding,0,313236.801664,7723.2506,7235.827594,1.903162,0,0,597114.038139,7603.821494,0.023816,0,67.464176,18.310246,0,,1,0,0,0,112.535562,18.310246,5.345909,-0.117208,-0.654189,-0.005782,12867.900925,9494.003755,306.298035,-38.799564,-3.76838,10690.350456,14.578469,11.437616,15.040442,12256.716013,317.425212,312.588748,0.005203,357.512239,,,,,,,,,,,,,,,,,,,,,,,,Idle,Burn,Idle,0,0,Idle,0,0,77.949127,0,77.949127,None,Continue,0,DeorbitReturn,,,,,,1,459.536926,459.536926,0,0,,,,,,,,,,,,,,1,0,0,0.90619,0.906191,0.588815,12867.907227,9494.015625,10690.349609
117.939997,-,0,0,0,None,Holding,0,313237.004576,7723.277317,7235.854274,1.856521,0,0,598907.045339,7602.57075,0.024211,0,93.60265,19.375165,0,,1,0,0,0,86.398218,19.375165,5.362333,-0.126671,-0.649668,-0.005744,12867.918394,9494.023027,307.239044,-38.552055,-10.443947,10690.350551,14.576601,11.435839,15.038464,12256.714106,317.47999,312.628504,0.005448,357.979755,,,,,,,,,,,,,,,,,,,,,,,,Idle,Burn,Idle,0,0,Idle,0,0,77.949268,0,77.949268,None,Continue,0,DeorbitReturn,,,,,,1,459.003693,459.003693,0,0,,,,,,,,,,,,,,1,0,0,0.905248,0.905248,0.588815,12867.929688,9494.037109,10690.352539
118.199997,-,0,0,0,None,Holding,0,313237.750335,7723.263826,7235.840748,1.810168,0,0,600700.047469,7601.279475,0.024559,0,124.469205,18.717704,0,,1,0,0,0,55.531365,18.717704,5.335939,-0.120947,-0.640885,-0.005783,12867.932767,9494.040972,305.726776,-38.823486,-15.651807,10690.351329,14.574324,11.434082,15.036098,27760.951877,317.413885,312.649778,0.005134,357.372974,,,,,,,,,,,,,,,,,,,,,,,,Idle,Burn,Idle,0,0,Idle,0,0,77.949404,0,77.949404,None,Continue,0,DeorbitReturn,,,,,,1,458.681488,458.681488,0,0,,,,,,,,,,,,,,1,0,0,0.904275,0.904276,0.588815,12867.944336,9494.054688,10690.356445
118.459997,-,0,0,0,None,Holding,0,313238.602541,7723.251311,7235.828198,1.825101,0,0,602493.296682,7599.862792,0.0231,0,107.148517,17.555628,0,,1,0,0,0,72.850717,17.555628,5.343439,-0.110359,-0.65286,-0.005771,12867.947561,9494.058328,306.156525,-38.749409,-21.279764,10690.351269,14.572112,11.432061,15.033766,27760.95438,317.385798,312.636393,0.004796,356.624607,,,,,,,,,,,,,,,,,,,,,,,,Idle,Burn,Idle,0,0,Idle,0,0,77.949539,0,77.949539,None,Continue,0,DeorbitReturn,,,,,,1,458.093079,458.093079,0,0,,,,,,,,,,,,,,1,0,0,0.903208,0.903208,0.588815,12867.963867,9494.071289,10690.351563
118.719997,-,0,0,0,None,Holding,0,313238.948878,7723.265808,7235.842661,1.888383,0,0,604286.639915,7598.573424,0.01924,0,72.493846,17.86756,0,,1,0,0,0,107.505332,17.86756,5.311446,-0.113449,-0.675564,-0.00577,12867.960863,9494.074288,304.323456,-38.746422,-26.300438,10690.350427,14.569701,11.430208,15.031262,27760.948181,317.46756,312.606797,0.004855,356.763983,,,,,,,,,,,,,,,,,,,,,,,,Idle,Burn,Idle,0,0,Idle,0,0,77.949677,0,77.949677,None,Continue,0,DeorbitReturn,,,,,,1,457.540588,457.540588,0,0,,,,,,,,,,,,,,1,0,0,0.902237,0.902237,0.588815,12867.96582,9494.082031,10690.349609
118.979997,-,0,0,0,None,Holding,0,313239.015308,7723.305178,7235.881996,1.892741,0,0,606079.771829,7597.277857,0.022484,0,76.3122,19.217663,0,,1,0,0,0,103.688251,19.217663,5.287,-0.125848,-0.681966,-0.005739,12867.969747,9494.087357,302.922791,-38.545147,-31.405436,10690.350148,14.567388,11.428357,15.028853,29333.784997,317.590504,312.62223,0.005236,357.580851,,,,,,,,,,,,,,,,,,,,,,,,Idle,Burn,Idle,0,0,Idle,0,0,77.949818,0,77.949818,None,Continue,0,DeorbitReturn,,,,,,1,457.291443,457.291443,0,0,,,,,,,,,,,,,,1,0,0,0.90126,0.901261,0.588816,12867.977539,9494.097656,10690.350586
119.239997,-,0,0,0,None,Holding,0,313239.486388,7723.321552,7235.898333,1.843188,0,0,607872.741202,7595.916964,0.017626,0,112.239944,19.490573,0,,1,0,0,0,67.761028,19.490573,5.279449,-0.128362,-0.66966,-0.005701,12867.987252,9494.103448,302.490112,-38.293663,-36.581299,10690.350293,14.565142,11.426402,15.026501,27760.943532,317.61376,312.657643,0.00529,357.687177,,,,,,,,,,,,,,,,,,,,,,,,Idle,Burn,Idle,0,0,Idle,0,0,77.949956,0,77.949956,None,Continue,0,DeorbitReturn,,,,,,1,456.623871,456.623871,0,0,,,,,,,,,,,,,,1,0,0,0.900235,0.900236,0.588816,12868.001953,9494.117188,10690.351563
119.499997,-,0,0,0,None,Holding,0,313240.379917,7723.301081,7235.877826,1.817375,0,0,609665.864892,7594.628073,0.019359,0,122.343627,18.322609,0,,1,0,0,0,57.656216,18.322609,5.24153,-0.118135,-0.670894,-0.005675,12867.997941,9494.116538,300.317535,-38.12751,-41.127144,10690.3508,14.562705,11.424545,15.023974,27760.945678,317.538087,312.664283,0.004891,356.843722,,,,,,,,,,,,,,,,,,,,,,,,Idle,Burn,Idle,0,0,Idle,0,0,77.950092,0,77.950092,None,Continue,0,DeorbitReturn,,,,,,1,456.373962,456.373962,0,0,,,,,,,,,,,,,,1,0,0,0.899264,0.899265,0.588816,12868.004883,9494.125,10690.350586
119.739997,-,0,0,0,None,Holding,0,313241.021176,7723.30352,7235.880232,1.844037,0,0,611449.919078,7593.112208,0.012609,0,88.863804,17.750755,0,,1,0,0,0,91.135234,17.750755,5.235038,-0.11301,-0.691095,-0.005665,12868.013568,9494.130342,299.945618,-38.06926,-45.539989,10690.350065,14.560232,11.422379,15.02138,27760.944128,317.561804,312.650925,0.004731,356.464728,,,,,,,,,,,,,,,,,,,,,,,,Idle,Burn,Idle,0,0,Idle,0,0,77.950228,0,77.950228,None,Continue,0,DeorbitReturn,,,,,,1,455.69635,455.69635,0,0,,,,,,,,,,,,,,1,0,0,0.898122,0.898122,0.588816,12868.025391,9494.140625,10690.351563
120.019997,-,0,0,0,None,Holding,0,313241.153125,7723.330286,7235.906963,1.892179,0,0,613252.487578,7591.824748,0.019516,0,67.667774,18.773,0,,1,0,0,0,112.331967,18.773,5.192882,-0.1226,-0.707758,-0.005603,12868.023467,9494.141524,297.530243,-37.653835,-49.787251,10690.349905,14.557772,11.420521,15.018834,27760.944843,317.671858,312.63557,0.004963,357.007146,,,,,,,,,,,,,,,,,,,,,,,,Idle,Burn,Idle,0,0,Idle,0,0,77.950368,0,77.950368,None,Continue,0,DeorbitReturn,,,,,,1,455.100739,455.100739,0,0,,,,,,,,,,,,,,1,0,0,0.897152,0.897153,0.588817,12868.02832,9494.147461,10690.347656
120.279997,-,0,0,0,None,Holding,0,313241.344183,7723.369712,7235.946353,1.874226,0,0,615045.525365,7590.508677,0.020175,0,91.968152,19.909618,0,,1,0,0,0,88.032729,19.909618,5.190366,-0.132865,-0.703618,-0.005472,12868.037408,9494.153383,297.386078,-36.781216,-54.772118,10690.34939,14.555713,11.418641,15.016669,27760.944724,317.783904,312.662084,0.005292,357.695728,,,,,,,,,,,,,,,,,,,,,,,,Idle,Burn,Idle,0,0,Idle,0,0,77.950508,0,77.950508,None,Continue,0,DeorbitReturn,,,,,,1,454.844116,454.844116,0,0,,,,,,,,,,,,,,1,0,0,0.896161,0.896161,0.588818,12868.050781,9494.162109,10690.349609
120.539997,-,0,0,0,None,Holding,0,313242.062467,7723.368111,7235.944716,1.815494,0,0,616838.544159,7589.218356,0.018396,0,123.355688,19.324297,0,,1,0,0,0,56.644974,19.324297,5.147497,-0.127946,-0.69361,-0.00544,12868.049223,9494.163624,294.929871,-36.573864,-58.550247,10690.349313,14.553249,11.41678,15.014119,27760.943294,317.748375,312.69397,0.005134,357.375509,,,,,,,,,,,,,,,,,,,,,,,,Idle,Burn,Idle,0,0,Idle,0,0,77.950644,0,77.950644,None,Continue,0,DeorbitReturn,,,,,,1,454.244568,454.244568,0,0,,,,,,,,,,,,,,1,0,0,0.895188,0.895189,0.588817,12868.049805,9494.164063,10690.344727
120.799997,-,0,0,0,None,Holding,0,313242.924507,7723.348344,7235.924914,1.815753,0,0,618631.796554,7587.900378,0.019598,0,109.620814,18.210255,0,,1,0,0,0,70.378501,18.210255,5.143838,-0.117908,-0.704772,-0.005316,12868.063607,9494.174868,294.720215,-35.742855,-63.125504,10690.350574,14.551186,11.414894,15.011951,27760.94532,317.688852,312.686889,0.004702,356.386099,,,,,,,,,,,,,,,,,,,,,,,,Idle,Burn,Idle,0,0,Idle,0,0,77.950778,0,77.950778,None,Continue,0,DeorbitReturn,,,,,,1,453.994446,453.994446,0,0,,,,,,,,,,,,,,1,0,0,0.894196,0.894196,0.588818,12868.081055,9494.185547,10690.353516
121.059997,-,0,0,0,None,Holding,0,313243.319821,7723.353796,7235.930332,1.878104,0,0,620425.163007,7586.61101,0.017558,0,74.649146,18.396202,0,,1,0,0,0,105.349992,18.396202,5.098704,-0.119973,-0.726536,-0.005248,12868.074881,9494.183953,292.134216,-35.292675,-66.481842,10690.349892,14.548705,11.413032,15.009385,27386.521816,317.741167,312.655401,0.004648,356.249481,,,,,,,,,,,,,,,,,,,,,,,,Idle,Burn,Idle,0,0,Idle,0,0,77.950917,0,77.950917,None,Continue,0,DeorbitReturn,,,,,,1,453.38739,453.38739,0,0,,,,,,,,,,,,,,1,0,0,0.893224,0.893225,0.588818,12868.081055,9494.188477,10690.349609
121.319997,-,0,0,0,None,Holding,0,313243.38628,7723.390951,7235.967452,1.887281,0,0,622218.34431,7585.236289,0.017987,0,73.12337,19.715841,0,,1,0,0,0,106.876964,19.715841,5.083314,-0.131997,-0.735555,-0.005089,12868.085242,9494.190476,291.252472,-34.230247,-69.981232,10690.349799,14.546415,11.411072,15.006992,29333.671927,317.861713,312.665556,0.004943,356.961006,,,,,,,,,,,,,,,,,,,,,,,,Idle,Burn,Idle,0,0,Idle,0,0,77.951057,0,77.951057,None,Continue,0,DeorbitReturn,,,,,,1,452.762573,452.762573,0,0,,,,,,,,,,,,,,1,0,0,0.892189,0.892189,0.588819,12868.097656,9494.197266,10690.349609
121.579997,-,0,0,0,None,Holding,0,313243.784553,7723.405612,7235.982077,1.82593,0,0,624011.342959,7583.940722,0.018878,0,106.967649,20.235933,0,,1,0,0,0,73.033324,20.235933,5.047591,-0.136988,-0.722883,-0.004988,12868.10215,9494.198574,289.205658,-33.558361,-73.02977,10690.349806,14.544014,11.409195,15.004501,27760.949373,317.875447,312.704555,0.004993,357.075171,,,,,,,,,,,,,,,,,,,,,,,,Idle,Burn,Idle,0,0,Idle,0,0,77.951195,0,77.951195,None,Continue,0,DeorbitReturn,,,,,,1,452.459625,452.459625,0,0,,,,,,,,,,,,,,1,0,0,0.891212,0.891213,0.58882,12868.113281,9494.205078,10690.351563
121.839997,-,0,0,0,None,Holding,0,313244.642344,7723.386237,7235.962667,1.800635,0,0,625804.452736,7582.636096,0.022807,0,123.773802,19.185239,0,,1,0,0,0,56.226258,19.185239,5.02306,-0.127713,-0.721515,-0.004885,12868.111802,9494.203879,287.800171,-32.867168,-76.141777,10690.349477,14.541746,11.407331,15.002141,29333.648145,317.803246,312.71151,0.004575,356.057703,,,,,,,,,,,,,,,,,,,,,,,,Idle,Burn,Idle,0,0,Idle,0,0,77.951329,0,77.951329,None,Continue,0,DeorbitReturn,,,,,,1,451.929718,451.929718,0,0,,,,,,,,,,,,,,1,0,0,0.89023,0.89023,0.588819,12868.123047,9494.211914,10690.351563
122.099997,-,0,0,0,None,Holding,0,313245.361989,7723.382776,7235.959172,1.856962,0,0,627597.794251,7581.331946,0.021701,0,94.878263,18.454225,0,,1,0,0,0,85.120798,18.454225,4.99852,-0.121323,-0.738995,-0.004775,12868.130985,9494.212864,286.394104,-32.135075,-78.990891,10690.350762,14.539448,11.405446,14.999748,27760.955453,317.824025,312.680626,0.004371,355.485887,,,,,,,,,,,,,,,,,,,,,,,,Idle,Burn,Idle,0,0,Idle,0,0,77.951464,0,77.951464,None,Continue,0,DeorbitReturn,,,,,,1,451.346436,451.346436,0,0,,,,,,,,,,,,,,1,0,0,0.889247,0.889248,0.58882,12868.140625,9494.219727,10690.352539
122.339997,-,0,0,0,None,Holding,0,313245.568757,7723.415736,7235.992097,1.88707,0,0,629381.833772,7579.975821,0.022209,0,67.686835,19.216971,0,,1,0,0,0,112.312655,19.216971,4.953967,-0.128577,-0.75754,-0.004684,12868.141183,9494.216706,283.84137,-31.526428,-80.769913,10690.35045,14.536723,11.403393,14.996927,12256.715536,317.943398,312.677407,0.00463,356.203766,,,,,,,,,,,,,,,,,,,,,,,,Idle,Burn,Idle,0,0,Idle,0,0,77.951603,0,77.951603,None,Continue,0,DeorbitReturn,,,,,,1,450.999603,450.999603,0,0,,,,,,,,,,,,,,1,0,0,0.888226,0.888226,0.588821,12868.144531,9494.217773,10690.348633
122.619997,-,0,0,0,None,Holding,0,313245.692983,7723.448596,7236.024921,1.88466,0,0,631184.229709,7578.45328,0.01888,0,83.27187,20.514326,0,,1,0,0,0,96.728855,20.514326,4.959278,-0.140203,-0.758309,-0.004482,12868.16056,9494.223508,284.145721,-30.170572,-82.745369,10690.349987,14.534441,11.401311,14.994531,27760.957003,318.045315,312.691319,0.004712,356.413674,,,,,,,,,,,,,,,,,,,,,,,,Idle,Burn,Idle,0,0,Idle,0,0,77.951744,0,77.951744,None,Continue,0,DeorbitReturn,,,,,,1,450.433899,450.433899,0,0,,,,,,,,,,,,,,1,0,0,0.887078,0.887079,0.588821,12868.174805,9494.227539,10690.351563
122.879997,-,0,0,0,None,Holding,0,313246.287913,7723.45819,7236.034479,1.824449,0,0,632977.24699,7577.162482,0.019527,0,117.288105,20.344278,0,,1,0,0,0,62.712753,20.344278,4.916239,-0.139034,-0.74443,-0.004403,12868.173999,9494.228006,281.679749,-29.648544,-84.387039,10690.350627,14.531949,11.399447,14.991952,27760.961056,318.045185,312.726606,0.004693,356.364759,,,,,,,,,,,,,,,,,,,,,,,,Idle,Burn,Idle,0,0,Idle,0,0,77.95188,0,77.95188,None,Continue,0,DeorbitReturn,,,,,,1,449.835876,449.835876,0,0,,,,,,,,,,,,,,1,0,0,0.886106,0.886106,0.588821,12868.183594,9494.230469,10690.353516
123.139997,-,0,0,0,None,Holding,0,313247.178888,7723.447968,7236.024223,1.822446,0,0,634770.456872,7575.745322,0.015584,0,116.942617,19.205681,0,,1,0,0,0,63.05694,19.205681,4.910255,-0.128806,-0.750568,-0.004279,12868.193619,9494.234009,281.336914,-28.815908,-86.326996,10690.351399,14.529629,11.39742,14.989523,27760.967374,318.013539,312.724725,0.004362,355.455358,,,,,,,,,,,,,,,,,,,,,,,,Idle,Burn,Idle,0,0,Idle,0,0,77.952016,0,77.952016,None,Continue,0,DeorbitReturn,,,,,,1,449.539642,449.539642,0,0,,,,,,,,,,,,,,1,0,0,0.885038,0.885039,0.588821,12868.206055,9494.237305,10690.351563
123.399997,-,0,0,0,None,Holding,0,313247.733158,7723.452909,7236.02913,1.888443,0,0,636563.843922,7574.454524,0.020242,0,82.875486,18.948144,0,,1,0,0,0,97.123555,18.948144,4.868564,-0.12684,-0.770645,-0.004196,12868.205125,9494.235929,278.948151,-28.261196,-87.599548,10690.35037,14.527138,11.395557,14.986946,27760.965586,318.064716,312.692599,0.004285,355.223972,,,,,,,,,,,,,,,,,,,,,,,,Idle,Burn,Idle,0,0,Idle,0,0,77.952153,0,77.952153,None,Continue,0,DeorbitReturn,,,,,,1,448.960602,448.960602,0,0,,,,,,,,,,,,,,1,0,0,0.884066,0.884066,0.588821,12868.212891,9494.238281,10690.351563
123.659997,-,0,0,0,None,Holding,0,313247.844506,7723.486425,7236.06261,1.897003,0,0,638357.12539,7573.004939,0.01878,0,67.171303,20.038693,0,,1,0,0,0,112.828618,20.038693,4.867194,-0.136653,-0.785005,-0.004003,12868.222767,9494.239201,278.86969,-26.968565,-88.894768,10690.349539,14.524668,11.393385,14.984358,12192.786217,318.174913,312.700512,0.004459,355.73816,,,,,,,,,,,,,,,,,,,,,,,,Idle,Burn,Idle,0,0,Idle,0,0,77.952294,0,77.952294,None,Continue,0,DeorbitReturn,,,,,,1,448.285339,448.285339,0,0,,,,,,,,,,,,,,1,0,0,0.882974,0.882974,0.588822,12868.233398,9494.240234,10690.349609
123.919997,-,0,0,0,None,Holding,0,313248.08239,7723.513336,7236.089485,1.870464,0,0,640150.189533,7571.58301,0.018522,0,93.268172,21.084916,0,,1,0,0,0,86.732737,21.084916,4.826895,-0.146413,-0.777913,-0.003873,12868.238037,9494.241036,276.56073,-26.094584,-88.950279,10690.349804,14.522017,11.39143,14.981618,27760.97393,318.246825,312.723812,0.004596,356.115066,,,,,,,,,,,,,,,,,,,,,,,,Idle,Burn,Idle,0,0,Idle,0,0,77.952434,0,77.952434,None,Continue,0,DeorbitReturn,,,,,,1,447.986725,447.986725,0,0,,,,,,,,,,,,,,1,0,0,0.881903,0.881903,0.588822,12868.24707,9494.240234,10690.350586
124.179997,-,0,0,0,None,Holding,0,313248.822695,7723.516333,7236.092446,1.844809,0,0,641943.256341,7570.067145,0.013012,0,122.167022,20.425955,0,,1,0,0,0,57.833565,20.425955,4.821254,-0.140504,-0.768144,-0.003784,12868.256505,9494.243362,276.237488,-25.499477,-89.565834,10690.348747,14.519469,11.389259,14.978953,27760.973454,318.244638,312.738313,0.004429,355.65041,,,,,,,,,,,,,,,,,,,,,,,,Idle,Burn,Idle,0,0,Idle,0,0,77.952572,0,77.952572,None,Continue,0,DeorbitReturn,,,,,,1,447.307068,447.307068,0,0,,,,,,,,,,,,,,1,0,0,0.880761,0.880761,0.588822,12868.266602,9494.242188,10690.34375
124.439997,-,0,0,0,None,Holding,0,313249.681377,7723.497765,7236.073843,1.881245,0,0,643736.545936,7568.778254,0.019604,0,108.678634,19.392455,0,,1,0,0,0,71.320623,19.392455,4.782859,-0.131522,-0.778971,-0.003673,12868.272693,9494.244936,274.037628,-24.755781,-90.021591,10690.349388,14.516979,11.3874,14.976377,27760.980368,318.206273,312.714269,0.004039,354.415106,,,,,,,,,,,,,,,,,,,,,,,,Idle,Burn,Idle,0,0,Idle,0,0,77.95271,0,77.95271,None,Continue,0,DeorbitReturn,,,,,,1,446.959686,446.959686,0,0,,,,,,,,,,,,,,1,0,0,0.87979,0.87979,0.588822,12868.283203,9494.24707,10690.349609
124.699997,-,0,0,0,None,Holding,0,313250.104473,7723.521841,7236.097884,1.910056,0,0,645529.945725,7567.262389,0.018786,0,74.837836,19.51254,0,,1,0,0,0,105.161277,19.51254,4.786468,-0.132546,-0.799234,-0.003476,12868.293643,9494.247392,274.244385,-23.431801,-90.110245,10690.34957,14.514384,11.385134,14.973659,12256.711006,318.297757,312.708185,0.004011,354.316572,,,,,,,,,,,,,,,,,,,,,,,,Idle,Burn,Idle,0,0,Idle,0,0,77.952851,0,77.952851,None,Continue,0,DeorbitReturn,,,,,,1,446.352173,446.352173,0,0,,,,,,,,,,,,,,1,0,0,0.878647,0.878648,0.588822,12868.306641,9494.25,10690.349609
124.959997,-,0,0,0,None,Holding,0,313250.198012,7723.555211,7236.131217,1.928474,0,0,647323.187722,7565.906264,0.018873,0,69.484725,20.743168,0,,1,0,0,0,110.515557,20.743168,4.751307,-0.143914,-0.809567,-0.003362,12868.309003,9494.248092,272.229828,-22.67197,-89.75843,10690.349462,14.511878,11.383275,14.971066,27760.989547,318.413116,312.71047,0.004264,355.157387,,,,,,,,,,,,,,,,,,,,,,,,Idle,Burn,Idle,0,0,Idle,0,0,77.952994,0,77.952994,None,Continue,0,DeorbitReturn,,,,,,1,445.753815,445.753815,0,0,,,,,,,,,,,,,,1,0,0,0.877626,0.877626,0.588823,12868.319336,9494.246094,10690.347656
125.219997,-,0,0,0,None,Holding,0,313250.553638,7723.574809,7236.150779,1.892635,0,0,649116.240896,7564.431407,0.014632,0,100.459756,21.476469,0,,1,0,0,0,79.541217,21.476469,4.762353,-0.15039,-0.797905,-0.003223,12868.331993,9494.250834,272.862732,-21.733521,-90.083885,10690.349742,14.509543,11.381168,14.968612,27760.993481,318.458197,312.735298,0.004294,355.251033,,,,,,,,,,,,,,,,,,,,,,,,Idle,Burn,Idle,0,0,Idle,0,0,77.953136,0,77.953136,None,Continue,0,DeorbitReturn,,,,,,1,445.404633,445.404633,0,0,,,,,,,,,,,,,,1,0,0,0.876515,0.876515,0.588823,12868.349609,9494.254883,10690.350586
125.479997,-,0,0,0,None,Holding,0,313251.376045,7723.575381,7236.151315,1.882005,0,0,650909.360427,7562.93986,0.013916,0,123.012289,20.578446,0,,1,0,0,0,56.988001,20.578446,4.730345,-0.142568,-0.792307,-0.003131,12868.352661,9494.251864,271.028809,-21.123116,-88.650024,10690.350296,14.506574,11.378926,14.965532,12256.713629,318.456126,312.741312,0.004021,354.348984,,,,,,,,,,,,,,,,,,,,,,,,Idle,Burn,Idle,0,0,Idle,0,0,77.953276,0,77.953276,None,Continue,0,DeorbitReturn,,,,,,1,444.783295,444.783295,0,0,,,,,,,,,,,,,,1,0,0,0.875391,0.875391,0.588823,12868.367188,9494.253906,10690.352539
125.739997,-,0,0,0,None,Holding,0,313252.183789,7723.567644,7236.143542,1.894738,0,0,652702.702844,7561.555125,0.019059,0,101.72755,19.673461,0,,1,0,0,0,78.271562,19.673461,4.739615,-0.134324,-0.80606,-0.002952,12868.375047,9494.254429,271.559937,-19.916807,-88.758476,10690.350906,14.504465,11.377042,14.963318,27761.006713,318.439423,312.733165,0.003676,353.005627,,,,,,,,,,,,,,,,,,,,,,,,Idle,Burn,Idle,0,0,Idle,0,0,77.953417,0,77.953417,None,Continue,0,DeorbitReturn,,,,,,1,444.174164,444.174164,0,0,,,,,,,,,,,,,,1,0,0,0.874348,0.874348,0.588823,12868.392578,9494.256836,10690.351563
125.999997,-,0,0,0,None,Holding,0,313252.5217,7723.592525,7236.168388,1.943461,0,0,654496.106079,7560.198523,0.017497,0,69.974511,20.042447,0,,1,0,0,0,110.024736,20.042447,4.709551,-0.137888,-0.825516,-0.002839,12868.391946,9494.25311,269.837402,-19.154385,-87.699059,10690.35003,14.501868,11.375089,14.960627,27761.006474,318.543485,312.717323,0.00381,353.557431,,,,,,,,,,,,,,,,,,,,,,,,Idle,Burn,Idle,0,0,Idle,0,0,77.953559,0,77.953559,None,Continue,0,DeorbitReturn,,,,,,1,443.826447,443.826447,0,0,,,,,,,,,,,,,,1,0,0,0.873326,0.873326,0.588823,12868.404297,9494.253906,10690.350586
126.259997,-,0,0,0,None,Holding,0,313252.625166,7723.621993,7236.197818,1.942642,0,0,656289.323041,7558.61447,0.016008,0,72.319665,21.310286,0,,1,0,0,0,107.680835,21.310286,4.72145,-0.149156,-0.832558,-0.002641,12868.414846,9494.253424,270.519165,-17.823444,-86.334068,10690.349774,14.499266,11.372822,14.957897,27398.899198,318.637403,312.727549,0.003838,353.670502,,,,,,,,,,,,,,,,,,,,,,,,Idle,Burn,Idle,0,0,Idle,0,0,77.953704,0,77.953704,None,Continue,0,DeorbitReturn,,,,,,1,443.19278,443.19278,0,0,,,,,,,,,,,,,,1,0,0,0.872132,0.872133,0.588824,12868.43457,9494.253906,10690.349609
126.519997,-,0,0,0,None,Holding,0,313253.058396,7723.642609,7236.218397,1.884058,0,0,658082.385037,7557.323672,0.019352,0,104.779745,21.777245,0,,1,0,0,0,75.221231,21.777245,4.694021,-0.153575,-0.818922,-0.002549,12868.434207,9494.252983,268.947601,-17.202845,-85.253311,10690.349847,14.496805,11.370967,14.955346,27761.018038,318.675689,312.762691,0.003928,354.013399,,,,,,,,,,,,,,,,,,,,,,,,Idle,Burn,Idle,0,0,Idle,0,0,77.953845,0,77.953845,None,Continue,0,DeorbitReturn,,,,,,1,442.898773,442.898773,0,0,,,,,,,,,,,,,,1,0,0,0.87116,0.871161,0.588824,12868.445313,9494.251953,10690.349609
126.779997,-,0,0,0,None,Holding,0,313253.912767,7723.635215,7236.210967,1.874159,0,0,659875.55113,7555.939414,0.016272,0,121.825089,20.777738,0,,1,0,0,0,58.174948,20.777738,4.708276,-0.144438,-0.816706,-0.002371,12868.458252,9494.25318,269.764343,-16.008558,-84.620743,10690.349463,14.494492,11.368894,14.952915,12256.709337,318.648846,312.765863,0.003573,352.550749,,,,,,,,,,,,,,,,,,,,,,,,Idle,Burn,Idle,0,0,Idle,0,0,77.953985,0,77.953985,None,Continue,0,DeorbitReturn,,,,,,1,442.191895,442.191895,0,0,,,,,,,,,,,,,,1,0,0,0.870117,0.870118,0.588823,12868.470703,9494.251953,10690.347656
127.039997,-,0,0,0,None,Holding,0,313254.670923,7723.640771,7236.216488,1.897793,0,0,661668.931022,7554.449297,0.018828,0,96.875833,19.979948,0,,1,0,0,0,83.123227,19.979948,4.683749,-0.137461,-0.831318,-0.002261,12868.478007,9494.252776,268.359039,-15.265323,-82.086342,10690.350359,14.491762,11.366847,14.950085,27761.02376,318.679205,312.756722,0.003369,351.562315,,,,,,,,,,,,,,,,,,,,,,,,Idle,Burn,Idle,0,0,Idle,0,0,77.954125,0,77.954125,None,Continue,0,DeorbitReturn,,,,,,1,441.592712,441.592712,0,0,,,,,,,,,,,,,,1,0,0,0.868994,0.868995,0.588824,12868.491211,9494.251953,10690.351563
127.299997,-,0,0,0,None,Holding,0,313254.959819,7723.668427,7236.244108,1.94971,0,0,663462.338058,7553.139903,0.01938,0,67.316711,20.479344,0,,1,0,0,0,112.682659,20.479344,4.690549,-0.141867,-0.850087,-0.002085,12868.49945,9494.251513,268.748688,-14.084399,-81.230049,10690.349803,14.489601,11.364975,14.94782,27761.029243,318.793373,312.740399,0.003531,352.357544,,,,,,,,,,,,,,,,,,,,,,,,Idle,Burn,Idle,0,0,Idle,0,0,77.954268,0,77.954268,None,Continue,0,DeorbitReturn,,,,,,1,441.261536,441.261536,0,0,,,,,,,,,,,,,,1,0,0,0.868008,0.868008,0.588824,12868.514648,9494.25293,10690.351563
127.559997,-,0,0,0,None,Holding,0,313255.078162,7723.697721,7236.273366,1.93975,0,0,665255.550928,7551.582552,0.017545,0,73.883698,21.730561,0,,1,0,0,0,106.116899,21.730561,4.668725,-0.153274,-0.854794,-0.001979,12868.518399,9494.24816,267.49823,-13.367069,-77.992546,10690.34908,14.486651,11.362737,14.944757,27761.034608,318.883104,312.754217,0.003592,352.635804,,,,,,,,,,,,,,,,,,,,,,,,Idle,Burn,Idle,0,0,Idle,0,0,77.954412,0,77.954412,None,Continue,0,DeorbitReturn,,,,,,1,440.637726,440.637726,0,0,,,,,,,,,,,,,,1,0,0,0.866835,0.866835,0.588825,12868.530273,9494.242188,10690.347656
127.819997,-,0,0,0,None,Holding,0,313255.557548,7723.714252,7236.28986,1.883123,0,0,667048.630073,7550.264575,0.018953,0,106.603606,22.038495,0,,1,0,0,0,73.397343,22.038495,4.688478,-0.15584,-0.841159,-0.001806,12868.544853,9494.249219,268.629974,-12.200747,-77.051582,10690.349589,14.484596,11.360857,14.942594,27761.037827,318.91079,312.785814,0.003573,352.551583,,,,,,,,,,,,,,,,,,,,,,,,Idle,Burn,Idle,0,0,Idle,0,0,77.954555,0,77.954555,None,Continue,0,DeorbitReturn,,,,,,1,440.02771,440.02771,0,0,,,,,,,,,,,,,,1,0,0,0.865842,0.865842,0.588825,12868.55957,9494.248047,10690.348633
128.079997,-,0,0,0,None,Holding,0,313256.421595,7723.72475,7236.300322,1.876936,0,0,668841.829036,7548.696257,0.016601,0,120.565482,21.010096,0,,1,0,0,0,59.434465,21.010096,4.68821,-0.146577,-0.839771,-0.001639,12868.56638,9494.246686,268.614624,-11.076491,-73.982773,10690.350256,14.481856,11.358619,14.93973,28768.845797,318.942958,312.791986,0.003339,351.403297,,,,,,,,,,,,,,,,,,,,,,,,Idle,Burn,Idle,0,0,Idle,0,0,77.954694,0,77.954694,None,Continue,0,DeorbitReturn,,,,,,1,439.679413,439.679413,0,0,,,,,,,,,,,,,,1,0,0,0.86466,0.864661,0.588824,12868.589844,9494.248047,10690.354492
128.339997,-,0,0,0,None,Holding,0,313257.158294,7723.714751,7236.290287,1.916301,0,0,670635.236003,7547.392108,0.019189,0,94.327319,20.241814,0,,1,0,0,0,85.671721,20.241814,4.690083,-0.139639,-0.855101,-0.001512,12868.592228,9494.246341,268.721954,-10.220609,-72.190147,10690.350359,14.479612,11.356745,14.937386,27761.053085,318.930566,312.7717,0.003006,349.438495,,,,,,,,,,,,,,,,,,,,,,,,Idle,Burn,Idle,0,0,Idle,0,0,77.954835,0,77.954835,None,Continue,0,DeorbitReturn,,,,,,1,439.070038,439.070038,0,0,,,,,,,,,,,,,,1,0,0,0.863678,0.863678,0.588824,12868.606445,9494.243164,10690.347656
128.599997,-,0,0,0,None,Holding,0,313257.431277,7723.74131,7236.316809,1.936252,0,0,672428.652939,7545.819975,0.012762,0,66.002439,20.782912,0,,1,0,0,0,113.997001,20.782912,4.693202,-0.144442,-0.872834,-0.001391,12868.613376,9494.243629,268.900665,-9.406357,-68.836761,10690.350386,14.476896,11.354506,14.934545,29333.691537,319.026113,312.770204,0.003003,349.420245,,,,,,,,,,,,,,,,,,,,,,,,Idle,Burn,Idle,0,0,Idle,0,0,77.954979,0,77.954979,None,Continue,0,DeorbitReturn,,,,,,1,438.7211,438.7211,0,0,,,,,,,,,,,,,,1,0,0,0.862493,0.862494,0.588824,12868.629883,9494.241211,10690.349609
128.859997,-,0,0,0,None,Holding,0,313257.554346,7723.782105,7236.357568,1.932273,0,0,674221.877951,7544.516779,0.018736,0,74.001329,22.005512,0,,1,0,0,0,105.999325,22.005512,4.696303,-0.155366,-0.877033,-0.001249,12868.638618,9494.243237,269.078369,-8.441728,-66.79644,10690.349457,14.474662,11.35263,14.932207,27418.557167,319.156352,312.783372,0.003319,351.298593,,,,,,,,,,,,,,,,,,,,,,,,Idle,Burn,Idle,0,0,Idle,0,0,77.955123,0,77.955123,None,Continue,0,DeorbitReturn,,,,,,1,438.110626,438.110626,0,0,,,,,,,,,,,,,,1,0,0,0.861512,0.861512,0.588825,12868.652344,9494.240234,10690.347656
129.119997,-,0,0,0,None,Holding,0,313258.049363,7723.806473,7236.381899,1.912302,0,0,676014.978479,7542.931296,0.013056,0,106.562167,22.259187,0,,1,0,0,0,73.438781,22.259187,4.721331,-0.157391,-0.863538,-0.00109,12868.663422,9494.241102,270.51236,-7.369029,-63.65744,10690.34991,14.472148,11.350381,14.929563,29333.703995,319.227087,312.799094,0.003263,350.994155,,,,,,,,,,,,,,,,,,,,,,,,Idle,Burn,Idle,0,0,Idle,0,0,77.955265,0,77.955265,None,Continue,0,DeorbitReturn,,,,,,1,437.45166,437.45166,0,0,,,,,,,,,,,,,,1,0,0,0.860317,0.860318,0.588825,12868.689453,9494.243164,10690.350586
129.379997,-,0,0,0,None,Holding,0,313258.919333,7723.789985,7236.365375,1.888999,0,0,677808.200655,7541.642405,0.01842,0,119.63641,21.21489,0,,1,0,0,0,60.363485,21.21489,4.705268,-0.148138,-0.862379,-0.000996,12868.690045,9494.240877,269.59201,-6.733431,-60.85006,10690.350967,14.469734,11.348518,14.927052,27423.185468,319.165042,312.805968,0.002849,348.341383,,,,,,,,,,,,,,,,,,,,,,,,Idle,Burn,Idle,0,0,Idle,0,0,77.955406,0,77.955406,None,Continue,0,DeorbitReturn,,,,,,1,437.127075,437.127075,0,0,,,,,,,,,,,,,,1,0,0,0.859346,0.859346,0.588824,12868.706055,9494.240234,10690.352539
129.639997,-,0,0,0,None,Holding,0,313259.649324,7723.804262,7236.379616,1.902985,0,0,679601.627097,7540.056445,0.014944,0,93.580691,20.43004,0,,1,0,0,0,86.418362,20.43004,4.731723,-0.140834,-0.877199,-0.000842,12868.714269,9494.237866,271.107788,-5.6976,-57.43961,10690.350384,14.467224,11.34626,14.924409,27761.077404,319.21864,312.803824,0.00267,346.917928,,,,,,,,,,,,,,,,,,,,,,,,Idle,Burn,Idle,0,0,Idle,0,0,77.955547,0,77.955547,None,Continue,0,DeorbitReturn,,,,,,1,436.446106,436.446106,0,0,,,,,,,,,,,,,,1,0,0,0.858151,0.858152,0.588824,12868.734375,9494.237305,10690.348633
129.899997,-,0,0,0,None,Holding,0,313259.922944,7723.833731,7236.409049,1.957167,0,0,681395.065733,7538.767077,0.01844,0,65.197857,20.954455,0,,1,0,0,0,114.801598,20.954455,4.716924,-0.145647,-0.895076,-0.000755,12868.73813,9494.235634,270.259827,-5.105415,-54.390255,10690.349935,14.464839,11.34441,14.921929,27761.085153,319.339092,312.787522,0.002848,348.332341,,,,,,,,,,,,,,,,,,,,,,,,Idle,Burn,Idle,0,0,Idle,0,0,77.955691,0,77.955691,None,Continue,0,DeorbitReturn,,,,,,1,435.84317,435.84317,0,0,,,,,,,,,,,,,,1,0,0,0.85718,0.857181,0.588825,12868.751953,9494.233398,10690.349609
130.159997,-,0,0,0,None,Holding,0,313260.053169,7723.864907,7236.440188,1.957805,0,0,683188.31188,7537.181593,0.016941,0,73.064979,22.151088,0,,1,0,0,0,106.935704,22.151088,4.744478,-0.156106,-0.898739,-0.000608,12868.763583,9494.233849,271.838562,-4.113243,-50.741814,10690.349673,14.462345,11.342151,14.9193,27761.092424,319.441221,312.79549,0.00288,348.570107,,,,,,,,,,,,,,,,,,,,,,,,Idle,Burn,Idle,0,0,Idle,0,0,77.955836,0,77.955836,None,Continue,0,DeorbitReturn,,,,,,1,435.488861,435.488861,0,0,,,,,,,,,,,,,,1,0,0,0.855985,0.855986,0.588826,12868.785156,9494.234375,10690.349609
130.419997,-,0,0,0,None,Holding,0,313260.550047,7723.880786,7236.45603,1.926579,0,0,684981.432057,7535.68957,0.012564,0,105.598758,22.403716,0,,1,0,0,0,74.402162,22.403716,4.731922,-0.158453,-0.885737,-0.000551,12868.78958,9494.230727,271.119141,-3.72933,-46.368656,10690.34964,14.459514,11.339917,14.916351,12256.710291,319.480281,312.813494,0.002771,347.742699,,,,,,,,,,,,,,,,,,,,,,,,Idle,Burn,Idle,0,0,Idle,0,0,77.955981,0,77.955981,None,Continue,0,DeorbitReturn,,,,,,1,434.785034,434.785034,0,0,,,,,,,,,,,,,,1,0,0,0.854862,0.854862,0.588826,12868.808594,9494.230469,10690.353516
130.679997,-,0,0,0,None,Holding,0,313261.416302,7723.881439,7236.456647,1.89173,0,0,686774.670443,7534.304835,0.019764,0,119.126271,21.362666,0,,1,0,0,0,60.873632,21.362666,4.759869,-0.148847,-0.884098,-0.00041,12868.816368,9494.230672,272.720398,-2.776344,-43.646812,10690.350998,14.457506,11.33804,14.91423,27761.104822,319.468819,312.829192,0.002506,345.41315,,,,,,,,,,,,,,,,,,,,,,,,Idle,Burn,Idle,0,0,Idle,0,0,77.956122,0,77.956122,None,Continue,0,DeorbitReturn,,,,,,1,434.528198,434.528198,0,0,,,,,,,,,,,,,,1,0,0,0.853818,0.853819,0.588825,12868.835938,9494.230469,10690.350586
130.939997,-,0,0,0,None,Holding,0,313262.154054,7723.895722,7236.470894,1.912343,0,0,688568.115665,7532.747485,0.011959,0,93.748125,20.522348,0,,1,0,0,0,86.250933,20.522348,4.747486,-0.141396,-0.898178,-0.00034,12868.841283,9494.227374,272.010895,-2.305068,-38.730206,10690.351061,14.454678,11.335808,14.911283,27761.114359,319.525331,312.824166,0.002357,343.848229,,,,,,,,,,,,,,,,,,,,,,,,Idle,Burn,Idle,0,0,Idle,0,0,77.956263,0,77.956263,None,Continue,0,DeorbitReturn,,,,,,1,433.824615,433.824615,0,0,,,,,,,,,,,,,,1,0,0,0.852645,0.852646,0.588825,12868.855469,9494.224609,10690.348633
131.199997,-,0,0,0,None,Holding,0,313262.434488,7723.921432,7236.496568,1.931354,0,0,690361.577442,7531.163909,0.012995,0,65.102483,21.000827,0,,1,0,0,0,114.896968,21.000827,4.775409,-0.14541,-0.916014,-0.000191,12868.868505,9494.223566,273.610809,-1.296259,-34.693108,10690.350079,14.452219,11.333552,14.90869,27761.118174,319.618208,312.822406,0.002299,343.17971,,,,,,,,,,,,,,,,,,,,,,,,Idle,Burn,Idle,0,0,Idle,0,0,77.956406,0,77.956406,None,Continue,0,DeorbitReturn,,,,,,1,433.159821,433.159821,0,0,,,,,,,,,,,,,,1,0,0,0.851452,0.851452,0.588826,12868.887695,9494.219727,10690.348633
131.459997,-,0,0,0,None,Holding,0,313262.554881,7723.952505,7236.527604,1.926166,0,0,692154.84995,7529.605128,0.012387,0,71.964454,22.161621,0,,1,0,0,0,108.036217,22.161621,4.763846,-0.155886,-0.919397,-0.000154,12868.893477,9494.220265,272.948273,-1.040431,-29.616827,10690.349618,14.449421,11.331319,14.905772,27761.125684,319.718314,312.832016,0.002349,343.74923,,,,,,,,,,,,,,,,,,,,,,,,Idle,Burn,Idle,0,0,Idle,0,0,77.95655,0,77.95655,None,Continue,0,DeorbitReturn,,,,,,1,432.81012,432.81012,0,0,,,,,,,,,,,,,,1,0,0,0.850278,0.850278,0.588826,12868.90918,9494.216797,10690.349609
131.719997,-,0,0,0,None,Holding,0,313263.032396,7723.977384,7236.552446,1.912021,0,0,693947.993654,7528.019644,0.012321,0,104.163659,22.42759,0,,1,0,0,0,75.837253,22.42759,4.792687,-0.157983,-0.907523,-0.000035,12868.923884,9494.218714,274.600769,-0.237103,-25.476023,10690.35024,14.446989,11.329061,14.903205,27761.129379,319.794811,312.843755,0.002301,343.199473,,,,,,,,,,,,,,,,,,,,,,,,Idle,Burn,Idle,0,0,Idle,0,0,77.956692,0,77.956692,None,Continue,0,DeorbitReturn,,,,,,1,432.100616,432.100616,0,0,,,,,,,,,,,,,,1,0,0,0.849083,0.849083,0.588825,12868.944336,9494.216797,10690.350586
131.979997,-,0,0,0,None,Holding,0,313263.896021,7723.988398,7236.563423,1.904949,0,0,695741.251603,7526.460864,0.01257,0,118.822511,21.400596,0,,1,0,0,0,61.177381,21.400596,4.781092,-0.148858,-0.904442,-0.000009,12868.949122,9494.215584,273.936401,-0.05848,-20.321039,10690.350741,14.444216,11.326828,14.900312,27761.14583,319.829227,312.849499,0.002103,340.592315,,,,,,,,,,,,,,,,,,,,,,,,Idle,Burn,Idle,0,0,Idle,0,0,77.956834,0,77.956834,None,Continue,0,DeorbitReturn,,,,,,1,431.357147,431.357147,0,0,,,,,,,,,,,,,,1,0,0,0.847909,0.847909,0.588824,12868.961914,9494.211914,10690.349609
132.239997,-,0,0,0,None,Holding,0,313264.646062,7724.004824,7236.579814,1.914663,0,0,697534.719355,7524.876811,0.012558,0,94.219943,20.483789,0,,1,0,0,0,85.779131,20.483789,4.809019,-0.140372,-0.918211,0.000118,12868.979432,9494.213294,275.536499,0.797795,-16.0676,10690.350487,14.441802,11.324572,14.897763,27761.146188,319.8882,312.849452,0.001939,337.962666,,,,,,,,,,,,,,,,,,,,,,,,Idle,Burn,Idle,0,0,Idle,0,0,77.956975,0,77.956975,None,Continue,0,DeorbitReturn,,,,,,1,431.041626,431.041626,0,0,,,,,,,,,,,,,,1,0,0,0.846715,0.846716,0.588824,12868.999023,9494.209961,10690.349609
132.499997,-,0,0,0,None,Holding,0,313264.938186,7724.031057,7236.60601,1.934698,0,0,699328.210452,7523.31946,0.012523,0,65.096549,20.917978,0,,1,0,0,0,114.902901,20.917978,4.796755,-0.144343,-0.936192,0.000154,12869.003894,9494.210546,274.833832,1.043078,-10.845083,10690.350598,14.439051,11.32234,14.894893,27761.156082,319.983397,312.847192,0.00193,337.806919,,,,,,,,,,,,,,,,,,,,,,,,Idle,Burn,Idle,0,0,Idle,0,0,77.957119,0,77.957119,None,Continue,0,DeorbitReturn,,,,,,1,430.341614,430.341614,0,0,,,,,,,,,,,,,,1,0,0,0.845542,0.845543,0.588824,12869.021484,9494.209961,10690.351563
132.759997,-,0,0,0,None,Holding,0,313265.056282,7724.060082,7236.634999,1.9379,0,0,701121.514578,7521.7335,0.012161,0,70.868401,22.055795,0,,1,0,0,0,109.132278,22.055795,4.82519,-0.15425,-0.939788,0.000249,12869.033844,9494.208847,276.463043,1.689865,-6.538074,10690.350171,14.436664,11.320084,14.89237,27761.162281,320.080949,312.852276,0.001939,337.964043,,,,,,,,,,,,,,,,,,,,,,,,Idle,Burn,Idle,0,0,Idle,0,0,77.957263,0,77.957263,None,Continue,0,DeorbitReturn,,,,,,1,429.631927,429.631927,0,0,,,,,,,,,,,,,,1,0,0,0.844347,0.844348,0.588824,12869.054688,9494.208008,10690.351563
133.019997,-,0,0,0,None,Holding,0,313265.525772,7724.085316,7236.660195,1.918335,0,0,702914.683524,7520.161368,0.012971,0,103.109926,22.331456,0,,1,0,0,0,76.890997,22.331456,4.833312,-0.156617,-0.928493,0.000295,12869.058579,9494.210174,276.928375,1.997884,-1.770735,10690.349488,14.434128,11.317849,14.889707,29333.816648,320.157184,312.86552,0.001906,337.367203,,,,,,,,,,,,,,,,,,,,,,,,Idle,Burn,Idle,0,0,Idle,0,0,77.957406,0,77.957406,None,Continue,0,DeorbitReturn,,,,,,1,429.281799,429.281799,0,0,,,,,,,,,,,,,,1,0,0,0.843163,0.843163,0.588823,12869.080078,9494.217773,10690.349609
133.279997,-,0,0,0,None,Holding,0,313266.391023,7724.099375,7236.674218,1.910407,0,0,704707.964462,7518.59019,0.011718,0,118.414148,21.300452,0,,1,0,0,0,61.585723,21.300452,4.840561,-0.147298,-0.924887,0.000356,12869.089728,9494.225718,277.343719,2.416992,3.042079,10690.35035,14.431574,11.315594,14.887025,27471.312165,320.2016,312.871832,0.001748,334.151512,,,,,,,,,,,,,,,,,,,,,,,,Idle,Burn,Idle,0,0,Idle,0,0,77.957548,0,77.957548,None,Continue,0,DeorbitReturn,,,,,,1,428.571411,428.571411,0,0,,,,,,,,,,,,,,1,0,0,0.841979,0.84198,0.588822,12869.112305,9494.242188,10690.353516
133.539997,-,0,0,0,None,Holding,0,313267.147937,7724.110835,7236.685643,1.921899,0,0,706501.456443,7517.011382,0.013051,0,94.214392,20.331332,0,,1,0,0,0,85.78467,20.331332,4.858368,-0.138442,-0.938345,0.000411,12869.114077,9494.242127,278.364014,2.786065,7.570484,10690.350086,14.429145,11.313353,14.884464,29333.821058,320.245127,312.87003,0.001572,329.574405,,,,,,,,,,,,,,,,,,,,,,,,Idle,Burn,Idle,0,0,Idle,0,0,77.957691,0,77.957691,None,Continue,0,DeorbitReturn,,,,,,1,428.221588,428.221588,0,0,,,,,,,,,,,,,,1,0,0,0.84079,0.84079,0.588822,12869.137695,9494.255859,10690.348633
133.799997,-,0,0,0,None,Holding,0,313267.439737,7724.136118,7236.710889,1.941249,0,0,708294.975207,7515.448786,0.011601,0,64.635685,20.758987,0,,1,0,0,0,115.363802,20.758987,4.854514,-0.142277,-0.956887,0.00046,12869.144318,9494.261704,278.143188,3.122619,12.639976,10690.350382,14.426526,11.311108,14.881722,27761.188984,320.337079,312.867737,0.001551,328.934151,,,,,,,,,,,,,,,,,,,,,,,,Idle,Burn,Idle,0,0,Idle,0,0,77.957834,0,77.957834,None,Continue,0,DeorbitReturn,,,,,,1,427.511353,427.511353,0,0,,,,,,,,,,,,,,1,0,0,0.839612,0.839613,0.588822,12869.161133,9494.273438,10690.348633
134.059997,-,0,0,0,None,Holding,0,313267.557608,7724.167969,7236.742704,1.947133,0,0,710088.302967,7513.869502,0.013191,0,70.837693,21.87791,0,,1,0,0,0,109.163023,21.87791,4.871863,-0.152106,-0.95979,0.000502,12869.169768,9494.279578,279.137177,3.405461,17.167402,10690.350147,14.424118,11.308866,14.879184,29333.8359,320.445407,312.871852,0.001596,330.288994,,,,,,,,,,,,,,,,,,,,,,,,Idle,Burn,Idle,0,0,Idle,0,0,77.957979,0,77.957979,None,Continue,0,DeorbitReturn,,,,,,1,426.759613,426.759613,0,0,,,,,,,,,,,,,,1,0,0,0.838423,0.838423,0.588822,12869.189453,9494.291016,10690.349609
134.319997,-,0,0,0,None,Holding,0,313268.038883,7724.191044,7236.765741,1.928938,0,0,711881.496016,7512.306429,0.011621,0,103.457494,22.101862,0,,1,0,0,0,76.543404,22.101862,4.867506,-0.154119,-0.948726,0.000538,12869.199538,9494.298409,278.887543,3.65524,22.218157,10690.350104,14.421523,11.30662,14.876466,27761.209011,320.515806,312.883467,0.001546,328.772188,,,,,,,,,,,,,,,,,,,,,,,,Idle,Burn,Idle,0,0,Idle,0,0,77.958123,0,77.958123,None,Continue,0,DeorbitReturn,,,,,,1,426.407043,426.407043,0,0,,,,,,,,,,,,,,1,0,0,0.837245,0.837246,0.588821,12869.219727,9494.311523,10690.352539
134.579997,-,0,0,0,None,Holding,0,313268.914753,7724.205334,7236.779995,1.912872,0,0,713674.806805,7510.7219,0.013068,0,117.868481,21.03845,0,,1,0,0,0,62.131328,21.03845,4.893891,-0.14435,-0.945251,0.000611,12869.226223,9494.317236,280.399323,4.146914,26.492556,10690.350147,14.419206,11.304363,14.87401,27761.209965,320.558285,312.892528,0.001412,324.024024,,,,,,,,,,,,,,,,,,,,,,,,Idle,Burn,Idle,0,0,Idle,0,0,77.958265,0,77.958265,None,Continue,0,DeorbitReturn,,,,,,1,425.652954,425.652954,0,0,,,,,,,,,,,,,,1,0,0,0.836051,0.836052,0.588819,12869.24707,9494.330078,10690.347656
134.839997,-,0,0,0,None,Holding,0,313269.65945,7724.218327,7236.792951,1.928795,0,0,715468.332514,7509.163119,0.011499,0,92.237097,20.057251,0,,1,0,0,0,87.761939,20.057251,4.879941,-0.135677,-0.959446,0.000569,12869.254534,9494.335581,279.600037,3.864565,31.765823,10690.350507,14.416567,11.30213,14.871253,27761.219978,320.608527,312.889328,0.00128,317.818566,,,,,,,,,,,,,,,,,,,,,,,,Idle,Burn,Idle,0,0,Idle,0,0,77.958408,0,77.958408,None,Continue,0,DeorbitReturn,,,,,,1,425.302277,425.302277,0,0,,,,,,,,,,,,,,1,0,0,0.834877,0.834878,0.588819,12869.271484,9494.347656,10690.349609
135.099997,-,0,0,0,None,Holding,0,313269.928417,7724.238943,7236.813531,1.953332,0,0,717261.870827,7507.577635,0.013043,0,63.554152,20.566316,0,,1,0,0,0,116.445423,20.566316,4.906535,-0.139967,-0.978023,0.000606,12869.281143,9494.353286,281.123749,4.115535,35.921101,10690.35006,14.41427,11.299872,14.86882,27761.222601,320.687146,312.884206,0.001231,314.844573,,,,,,,,,,,,,,,,,,,,,,,,Idle,Burn,Idle,0,0,Idle,0,0,77.958552,0,77.958552,None,Continue,0,DeorbitReturn,,,,,,1,424.642151,424.642151,0,0,,,,,,,,,,,,,,1,0,0,0.833682,0.833683,0.588819,12869.30957,9494.370117,10690.351563
135.359997,-,0,0,0,None,Holding,0,313270.053378,7724.270501,7236.845052,1.951783,0,0,719055.207573,7506.019808,0.011465,0,72.775228,21.662138,0,,1,0,0,0,107.225553,21.662138,4.891832,-0.149866,-0.979104,0.000573,12869.310594,9494.371389,280.281342,3.889873,41.041683,10690.349955,14.411654,11.297641,14.866086,27761.230469,320.792128,312.89067,0.001263,316.815239,,,,,,,,,,,,,,,,,,,,,,,,Idle,Burn,Idle,0,0,Idle,0,0,77.958698,0,77.958698,None,Continue,0,DeorbitReturn,,,,,,1,423.933472,423.933472,0,0,,,,,,,,,,,,,,1,0,0,0.832509,0.83251,0.588819,12869.329102,9494.382813,10690.350586
135.619997,-,0,0,0,None,Holding,0,313270.578951,7724.297143,7236.871657,1.934667,0,0,720848.422115,7504.434325,0.013058,0,106.150138,21.737756,0,,1,0,0,0,73.850681,21.737756,4.91822,-0.150282,-0.968114,0.000596,12869.337685,9494.388796,281.793243,4.050686,45.067314,10690.34942,14.409374,11.295382,14.86367,27761.237144,320.875329,312.901858,0.001261,316.684563,,,,,,,,,,,,,,,,,,,,,,,,Idle,Burn,Idle,0,0,Idle,0,0,77.958842,0,77.958842,None,Continue,0,DeorbitReturn,,,,,,1,423.582581,423.582581,0,0,,,,,,,,,,,,,,1,0,0,0.831314,0.831315,0.588818,12869.364258,9494.404297,10690.351563
135.879997,-,0,0,0,None,Holding,0,313271.477922,7724.309152,7236.883629,1.926628,0,0,722641.779743,7502.887465,0.01084,0,116.592666,20.588631,0,,1,0,0,0,63.406968,20.588631,4.903477,-0.140121,-0.965534,0.000549,12869.368506,9494.408154,280.948517,3.732306,50.081692,10690.351471,14.406792,11.293161,14.86097,27025.850296,320.913604,312.907227,0.001152,308.984103,,,,,,,,,,,,,,,,,,,,,,,,Idle,Burn,Idle,0,0,Idle,0,0,77.958985,0,77.958985,None,Continue,0,DeorbitReturn,,,,,,1,422.871857,422.871857,0,0,,,,,,,,,,,,,,1,0,0,0.830149,0.83015,0.588817,12869.386719,9494.420898,10690.351563
136.139997,-,0,0,0,None,Holding,0,313272.176074,7724.322335,7236.896775,1.92217,0,0,724435.34774,7501.391627,0.008875,0,87.882465,19.690731,0,,1,0,0,0,92.116581,19.690731,4.934596,-0.131802,-0.982448,0.00058,12869.396696,9494.425693,282.731506,3.943759,54.248295,10690.350519,14.404726,11.291024,14.858772,25432.47807,320.957105,312.911437,0.001108,304.750927,,,,,,,,,,,,,,,,,,,,,,,,Idle,Burn,Idle,0,0,Idle,0,0,77.959128,0,77.959128,None,Continue,0,DeorbitReturn,,,,,,1,422.195892,422.195892,0,0,,,,,,,,,,,,,,1,0,0,0.829022,0.829023,0.588817,12869.421875,9494.44043,10690.349609
136.399997,-,0,0,0,None,Holding,0,313272.378826,7724.319993,7236.894397,1.909092,0,0,726228.890582,7500.04027,0.008609,0,62.010685,20.393841,0,,1,0,0,0,117.989123,20.393841,4.920334,-0.138188,-0.999172,0.000516,12869.42345,9494.444042,281.914398,3.511037,59.862755,10690.350739,14.402506,11.28907,14.856448,22646.872878,320.946125,312.916291,0.001052,297.519321,,,,,,,,,,,,,,,,,,,,,,,,Idle,Burn,Idle,0,0,Idle,0,0,77.959271,0,77.959271,None,Continue,0,DeorbitReturn,,,,,,1,421.884033,421.884033,0,0,,,,,,,,,,,,,,1,0,0,0.828004,0.828005,0.588817,12869.439453,9494.456055,10690.350586
136.659997,-,0,0,0,None,Holding,0,313272.522508,7724.304177,7236.878545,1.937094,0,0,728022.203643,7498.810507,0.019201,0,78.160458,21.405371,0,,1,0,0,0,101.840459,21.405371,4.959636,-0.146855,-0.99724,0.000532,12869.448558,9494.461215,284.166229,3.62041,64.143814,10690.349889,14.400984,11.287308,14.854813,19460.184306,320.905292,312.904285,0.001,275.00882,,,,,,,,,,,,,,,,,,,,,,,,Idle,Burn,Idle,0,0,Idle,0,0,77.959413,0,77.959413,None,Continue,0,DeorbitReturn,,,,,,1,421.312866,421.312866,0,0,,,,,,,,,,,,,,1,0,0,0.827078,0.827078,0.588816,12869.469727,9494.474609,10690.347656
136.919997,-,0,0,0,None,Holding,0,313273.156607,7724.317787,7236.892119,2.030498,0,0,729815.425433,7497.782446,0.029835,0,111.49522,21.18511,0,,1,0,0,0,68.505472,21.18511,4.94659,-0.144988,-0.985954,0.000453,12869.472865,9494.478305,283.418732,3.083827,69.547203,10690.349999,14.399347,11.285826,14.853099,18234.537125,320.986212,312.872623,0.000998,280.743614,,,,,,,,,,,,,,,,,,,,,,,,Idle,Burn,Idle,0,0,Idle,0,0,77.959561,0,77.959561,None,Continue,0,DeorbitReturn,,,,,,1,421.076294,421.076294,0,0,,,,,,,,,,,,,,1,0,0,0.826303,0.826304,0.588815,12869.484375,9494.487305,10690.348633
137.179997,-,0,0,0,None,Holding,0,313274.106171,7724.373061,7236.947354,2.039498,0,0,731608.842099,7496.703364,0.034135,0,112.617646,19.900308,0,,1,0,0,0,67.381711,19.900308,4.986854,-0.133145,-0.986564,0.000432,12869.496479,9494.494746,285.725677,2.941015,73.582649,10690.349643,14.39812,11.284298,14.85177,18234.58612,321.173463,312.879144,0.001163,309.954396,,,,,,,,,,,,,,,,,,,,,,,,Idle,Burn,Idle,0,0,Idle,0,0,77.959713,0,77.959713,None,Continue,0,DeorbitReturn,,,,,,1,420.59964,420.59964,0,0,,,,,,,,,,,,,,1,0,0,0.82549,0.825491,0.588814,12869.511719,9494.503906,10690.345703
137.439997,-,0,0,0,None,Holding,0,313274.70622,7724.394282,7236.968536,1.949033,0,0,733402.452895,7495.682456,0.03342,0,79.27906,19.31577,0,,1,0,0,0,100.720015,19.31577,4.974598,-0.128022,-1,0.000361,12869.520035,9494.511149,285.023468,2.452483,78.652962,10690.350269,14.396526,11.282831,14.8501,17903.83935,321.212607,312.915657,0.001249,316.036396,,,,,,,,,,,,,,,,,,,,,,,,Idle,Burn,Idle,0,0,Idle,0,0,77.959861,0,77.959861,None,Continue,0,DeorbitReturn,,,,,,1,420.105255,420.105255,0,0,,,,,,,,,,,,,,1,0,0,0.824721,0.824722,0.588814,12869.53418,9494.524414,10690.350586
137.699997,-,0,0,0,None,Holding,0,313274.819045,7724.367117,7236.941333,1.901566,0,0,735195.958001,7494.603373,0.033579,0,62.280844,20.307707,0,,1,0,0,0,117.719367,20.307707,5.015854,-0.136496,-1,0.000325,12869.542527,9494.526384,287.387268,2.20788,82.37619,10690.350248,14.395319,11.281306,14.84879,18234.669209,321.107264,312.928804,0.001013,288.886206,,,,,,,,,,,,,,,,,,,,,,,,Idle,Burn,Idle,0,0,Idle,0,0,77.960004,0,77.960004,None,Continue,0,DeorbitReturn,,,,,,1,419.90332,419.90332,0,0,,,,,,,,,,,,,,1,0,0,0.823908,0.823909,0.588814,12869.566406,9494.541016,10690.350586
137.959997,-,0,0,0,None,Holding,0,313275.066597,7724.342503,7236.916684,1.973287,0,0,736989.221585,7493.581034,0.032673,0,89.204711,21.069443,0,,1,0,0,0,90.796259,21.069443,5.004537,-0.143381,-1,0.000216,12869.56746,9494.541737,286.738861,1.470362,87.158852,10690.349925,14.393742,11.27984,14.847137,18234.707117,321.05267,312.900068,0.001032,264.349291,,,,,,,,,,,,,,,,,,,,,,,,Idle,Burn,Idle,0,0,Idle,0,0,77.960147,0,77.960147,None,Continue,0,DeorbitReturn,,,,,,1,419.421936,419.421936,0,0,,,,,,,,,,,,,,1,0,0,0.823138,0.823138,0.588814,12869.583008,9494.551758,10690.350586
138.219997,-,0,0,0,None,Holding,0,313275.873251,7724.376981,7236.951125,2.053478,0,0,738782.487147,7492.517211,0.034085,0,117.882703,20.365163,0,,1,0,0,0,62.117536,20.365163,5.034042,-0.136819,-1,0.000166,12869.589521,9494.555956,288.429382,1.128945,90.807457,10690.350324,14.392458,11.27833,14.845759,18234.75337,321.197517,312.87687,0.000999,281.757846,,,,,,,,,,,,,,,,,,,,,,,,Idle,Burn,Idle,0,0,Idle,0,0,77.960297,0,77.960297,None,Continue,0,DeorbitReturn,,,,,,1,419.162231,419.162231,0,0,,,,,,,,,,,,,,1,0,0,0.822336,0.822337,0.588813,12869.610352,9494.568359,10690.349609
138.479997,-,0,0,0,None,Holding,0,313276.778034,7724.425603,7236.999708,2.015291,0,0,740576.00587,7491.494872,0.033019,0,102.094968,19.02693,0,,1,0,0,0,77.904103,19.02693,5.024602,-0.124947,-1,0.000043,12869.613482,9494.570599,287.888519,0.293122,95.182472,10690.349987,14.390899,11.276863,14.844123,18234.78508,321.345956,312.899145,0.001156,309.453253,,,,,,,,,,,,,,,,,,,,,,,,Idle,Burn,Idle,0,0,Idle,0,0,77.960449,0,77.960449,None,Continue,0,DeorbitReturn,,,,,,1,418.68576,418.68576,0,0,,,,,,,,,,,,,,1,0,0,0.821566,0.821567,0.588812,12869.62793,9494.580078,10690.349609
138.739997,-,0,0,0,None,Holding,0,313277.152668,7724.428459,7237.002525,1.924387,0,0,742369.626445,7490.431048,0.033614,0,67.998489,19.163207,0,,1,0,0,0,112.000901,19.163207,5.056135,-0.12587,-1,-0.000021,12869.635081,9494.583275,289.69519,-0.14213,98.436684,10690.349968,14.389653,11.275373,14.842781,21437.444448,321.325038,312.932011,0.001079,301.47195,,,,,,,,,,,,,,,,,,,,,,,,Idle,Burn,Idle,0,0,Idle,0,0,77.960595,0,77.960595,None,Continue,0,DeorbitReturn,,,,,,1,418.214844,418.214844,0,0,,,,,,,,,,,,,,1,0,0,0.820765,0.820765,0.588812,12869.661133,9494.59668,10690.353516
138.999997,-,0,0,0,None,Holding,0,313277.220432,7724.391301,7236.96533,1.931469,0,0,744163.035186,7489.39345,0.032596,0,70.183471,20.311492,0,,1,0,0,0,109.817266,20.311492,5.061676,-0.136052,-1,-0.000157,12869.663603,9494.597997,290.012665,-1.07195,102.131386,10690.34981,14.388176,11.273871,14.84122,18234.871149,321.205496,312.924707,0.001026,265.883368,,,,,,,,,,,,,,,,,,,,,,,,Idle,Burn,Idle,0,0,Idle,0,0,77.960738,0,77.960738,None,Continue,0,DeorbitReturn,,,,,,1,417.973724,417.973724,0,0,,,,,,,,,,,,,,1,0,0,0.819983,0.819984,0.588812,12869.679688,9494.607422,10690.349609
139.259997,-,0,0,0,None,Holding,0,313277.718314,7724.392865,7236.966859,2.02706,0,0,745956.25918,7488.342024,0.033479,0,105.890097,20.468939,0,,1,0,0,0,74.110746,20.468939,5.082406,-0.137259,-1,-0.000279,12869.686928,9494.610058,291.200409,-1.900169,105.229889,10690.350988,14.386847,11.272394,14.839802,21437.532604,321.246288,312.891404,0.001058,259.837057,,,,,,,,,,,,,,,,,,,,,,,,Idle,Burn,Idle,0,0,Idle,0,0,77.960885,0,77.960885,None,Continue,0,DeorbitReturn,,,,,,1,417.511749,417.511749,0,0,,,,,,,,,,,,,,1,0,0,0.819191,0.819192,0.588811,12869.709961,9494.621094,10690.353516
139.499997,-,0,0,0,None,Holding,0,313278.682452,7724.444164,7237.01812,2.054788,0,0,747740.351001,7487.290598,0.032655,0,116.477197,19.230108,0,,1,0,0,0,63.522289,19.230108,5.103708,-0.126006,-1,-0.000407,12869.715628,9494.622747,292.420929,-2.768676,108.13427,10690.349251,14.385471,11.27088,14.838335,18234.954476,321.427605,312.890097,0.001017,290.163818,,,,,,,,,,,,,,,,,,,,,,,,Idle,Burn,Idle,0,0,Idle,0,0,77.961037,0,77.961037,None,Continue,0,DeorbitReturn,,,,,,1,417.260468,417.260468,0,0,,,,,,,,,,,,,,1,0,0,0.818399,0.818399,0.58881,12869.736328,9494.631836,10690.351563
139.779997,-,0,0,0,None,Holding,0,313279.362676,7724.47208,7237.045996,1.971865,0,0,749543.267671,7486.26826,0.033028,0,83.643721,18.368029,0,,1,0,0,0,96.355327,18.368029,5.10055,-0.118331,-1,-0.000562,12869.7387,9494.633525,292.23996,-3.824815,111.349907,10690.349976,14.383941,11.269413,14.836725,18234.99155,321.492457,312.924138,0.001083,301.992742,,,,,,,,,,,,,,,,,,,,,,,,Idle,Burn,Idle,0,0,Idle,0,0,77.961187,0,77.961187,None,Continue,0,DeorbitReturn,,,,,,1,416.77002,416.77002,0,0,,,,,,,,,,,,,,1,0,0,0.817629,0.817629,0.588811,12869.75293,9494.640625,10690.349609
140.039997,-,0,0,0,None,Holding,0,313279.477951,7724.449294,7237.023172,1.922066,0,0,751336.814528,7485.189177,0.032516,0,62.764271,19.367302,0,,1,0,0,0,117.235911,19.367302,5.151069,-0.126783,-1,-0.000657,12869.769539,9494.64604,295.134491,-4.474835,113.154503,10690.349738,14.382784,11.26789,14.835464,18235.048413,321.401073,312.938527,0.001007,271.9682,,,,,,,,,,,,,,,,,,,,,,,,Idle,Burn,Idle,0,0,Idle,0,0,77.961331,0,77.961331,None,Continue,0,DeorbitReturn,,,,,,1,416.287537,416.287537,0,0,,,,,,,,,,,,,,1,0,0,0.816816,0.816816,0.588811,12869.791016,9494.654297,10690.352539
140.299997,-,0,0,0,None,Holding,0,313279.717158,7724.425606,7236.999448,1.994689,0,0,753130.089879,7484.165408,0.032834,0,90.862196,20.159127,0,,1,0,0,0,89.138795,20.159127,5.150832,-0.133832,-1,-0.000846,12869.793588,9494.65522,295.120911,-5.763867,115.847786,10690.349402,14.38125,11.266423,14.833852,18235.083103,321.349107,312.910392,0.001145,249.986149,,,,,,,,,,,,,,,,,,,,,,,,Idle,Burn,Idle,0,0,Idle,0,0,77.961476,0,77.961476,None,Continue,0,DeorbitReturn,,,,,,1,416.056427,416.056427,0,0,,,,,,,,,,,,,,1,0,0,0.816044,0.816045,0.588811,12869.804688,9494.65918,10690.345703
140.559997,-,0,0,0,None,Holding,0,313280.568498,7724.465013,7237.038818,2.066318,0,0,754923.377534,7483.086325,0.032596,0,119.490909,19.363288,0,,1,0,0,0,60.50917,19.363288,5.204626,-0.126245,-1,-0.000952,12869.827729,9494.667647,298.203125,-6.488976,117.084526,10690.351574,14.380098,11.264902,14.832594,18235.1408,321.506793,312.891471,0.001023,266.576458,,,,,,,,,,,,,,,,,,,,,,,,Idle,Burn,Idle,0,0,Idle,0,0,77.961628,0,77.961628,None,Continue,0,DeorbitReturn,,,,,,1,415.573822,415.573822,0,0,,,,,,,,,,,,,,1,0,0,0.815231,0.815232,0.58881,12869.852539,9494.676758,10690.357422
140.819997,-,0,0,0,None,Holding,0,313281.45242,7724.511394,7237.085159,2.015519,0,0,756716.947067,7482.063986,0.03303,0,97.962782,18.012632,0,,1,0,0,0,82.036222,18.012632,5.207355,-0.114165,-1,-0.001128,12869.854763,9494.676992,298.359467,-7.689938,119.216721,10690.352305,14.378569,11.263438,14.830984,18235.175371,321.644264,312.916958,0.001028,293.254962,,,,,,,,,,,,,,,,,,,,,,,,Idle,Burn,Idle,0,0,Idle,0,0,77.96178,0,77.96178,None,Continue,0,DeorbitReturn,,,,,,1,415.111969,415.111969,0,0,,,,,,,,,,,,,,1,0,0,0.814461,0.814462,0.588809,12869.870117,9494.681641,10690.351563
141.079997,-,0,0,0,None,Holding,0,313281.720376,7724.51055,7237.084277,1.934463,0,0,758510.578283,7480.989195,0.032584,0,64.958733,18.510779,0,,1,0,0,0,115.040944,18.510779,5.264015,-0.118092,-1,-0.001161,12869.882871,9494.685988,301.605865,-7.910662,119.916405,10690.350543,14.37742,11.261922,14.829727,17871.14656,321.61536,312.944987,0.001001,275.475099,,,,,,,,,,,,,,,,,,,,,,,,Idle,Burn,Idle,0,0,Idle,0,0,77.961926,0,77.961926,None,Continue,0,DeorbitReturn,,,,,,1,414.803711,414.803711,0,0,,,,,,,,,,,,,,1,0,0,0.813651,0.813652,0.588809,12869.907227,9494.692383,10690.349609
141.339997,-,0,0,0,None,Holding,0,313281.818513,7724.476812,7237.050503,1.97058,0,0,760303.939994,7479.967333,0.031974,0,79.455216,19.629232,0,,1,0,0,0,100.545724,19.629232,5.268634,-0.128007,-1,-0.001345,12869.910222,9494.694528,301.870483,-9.165315,121.631493,10690.349817,14.37589,11.260463,14.828116,18235.260248,321.516779,312.928604,0.001201,245.539966,,,,,,,,,,,,,,,,,,,,,,,,Idle,Burn,Idle,0,0,Idle,0,0,77.962071,0,77.962071,None,Continue,0,DeorbitReturn,,,,,,1,414.544678,414.544678,0,0,,,,,,,,,,,,,,1,0,0,0.812881,0.812882,0.588809,12869.927734,9494.699219,10690.349609
141.599997,-,0,0,0,None,Holding,0,313282.511632,7724.501441,7237.075094,2.061247,0,0,762097.187657,7478.875376,0.032844,0,115.887744,19.310037,0,,1,0,0,0,64.112779,19.310037,5.341197,-0.124506,-1,-0.001409,12869.939036,9494.702599,306.028015,-9.605332,121.550224,10690.349978,14.374861,11.258951,14.826971,21495.82231,321.63174,312.901148,0.001158,248.880662,,,,,,,,,,,,,,,,,,,,,,,,Idle,Burn,Idle,0,0,Idle,0,0,77.962221,0,77.962221,None,Continue,0,DeorbitReturn,,,,,,1,414.077637,414.077637,0,0,,,,,,,,,,,,,,1,0,0,0.812059,0.81206,0.588808,12869.97168,9494.712891,10690.353516
141.859997,-,0,0,0,None,Holding,0,313283.489365,7724.553614,7237.127229,2.042472,0,0,763890.696988,7477.851607,0.031657,0,107.513031,17.860347,0,,1,0,0,0,72.486067,17.860347,5.347797,-0.111513,-1,-0.001624,12869.973108,9494.711017,306.406189,-11.069973,122.762421,10690.34986,14.373286,11.257466,14.825315,18235.358477,321.799979,312.915974,0.000998,277.781275,,,,,,,,,,,,,,,,,,,,,,,,Idle,Burn,Idle,0,0,Idle,0,0,77.962374,0,77.962374,None,Continue,0,DeorbitReturn,,,,,,1,413.594574,413.594574,0,0,,,,,,,,,,,,,,1,0,0,0.811288,0.811288,0.588807,12869.993164,9494.714844,10690.350586
142.119997,-,0,0,0,None,Holding,0,313283.906326,7724.557452,7237.131027,1.951439,0,0,765684.365555,7476.827838,0.03236,0,70.433752,17.846179,0,,1,0,0,0,109.565639,17.846179,5.356906,-0.111294,-1,-0.001842,12869.999355,9494.715777,306.928131,-12.561453,123.606056,10690.350649,14.371736,11.256003,14.823683,18235.386372,321.783508,312.947826,0.001011,270.224161,,,,,,,,,,,,,,,,,,,,,,,,Idle,Burn,Idle,0,0,Idle,0,0,77.962522,0,77.962522,None,Continue,0,DeorbitReturn,,,,,,1,413.36322,413.36322,0,0,,,,,,,,,,,,,,1,0,0,0.810516,0.810517,0.588807,12870.013672,9494.716797,10690.349609
142.379997,-,0,0,0,None,Holding,0,313283.951933,7724.528877,7237.102415,1.957774,0,0,767477.801302,7475.750186,0.032065,0,73.32005,19.08468,0,,1,0,0,0,106.680755,19.08468,5.419518,-0.121762,-1,-0.001952,12870.035141,9494.722822,310.515472,-13.309381,122.958488,10690.350377,14.370573,11.254489,14.822409,18235.439301,321.691826,312.942442,0.001287,240.229382,,,,,,,,,,,,,,,,,,,,,,,,Idle,Burn,Idle,0,0,Idle,0,0,77.962667,0,77.962667,None,Continue,0,DeorbitReturn,,,,,,1,412.880127,412.880127,0,0,,,,,,,,,,,,,,1,0,0,0.809705,0.809705,0.588807,12870.057617,9494.726563,10690.351563
142.639997,-,0,0,0,None,Holding,0,313284.521107,7724.537007,7237.110509,2.052432,0,0,769271.045106,7474.728324,0.031971,0,111.676789,19.111659,0,,1,0,0,0,68.323924,19.111659,5.430858,-0.121888,-1,-0.002151,12870.062301,9494.726684,311.165253,-14.674376,123.21032,10690.350098,14.369009,11.25303,14.820762,18235.470653,321.752758,312.911795,0.001305,239.28812,,,,,,,,,,,,,,,,,,,,,,,,Idle,Burn,Idle,0,0,Idle,0,0,77.962816,0,77.962816,None,Continue,0,DeorbitReturn,,,,,,1,412.447418,412.447418,0,0,,,,,,,,,,,,,,1,0,0,0.808935,0.808935,0.588806,12870.083008,9494.730469,10690.351563
142.899997,-,0,0,0,None,Holding,0,313285.526974,7724.594316,7237.167779,2.058823,0,0,771064.512729,7473.649241,0.032037,0,112.995978,17.697992,0,,1,0,0,0,67.003232,17.697992,5.495913,-0.108704,-1,-0.002289,12870.098061,9494.732333,314.892609,-15.618044,121.973244,10690.351811,14.367834,11.251513,14.819473,18235.527992,321.947043,312.918395,0.001045,262.092321,,,,,,,,,,,,,,,,,,,,,,,,Idle,Burn,Idle,0,0,Idle,0,0,77.96297,0,77.96297,None,Continue,0,DeorbitReturn,,,,,,1,412.195648,412.195648,0,0,,,,,,,,,,,,,,1,0,0,0.808122,0.808122,0.588805,12870.125,9494.736328,10690.353516
143.159997,-,0,0,0,None,Holding,0,313286.043237,7724.60839,7237.181813,1.967503,0,0,772858.199993,7472.625472,0.031883,0,74.713879,17.356339,0,,1,0,0,0,105.285388,17.356339,5.509346,-0.105529,-1,-0.002517,12870.126131,9494.73353,315.662292,-17.174355,121.598404,10690.351232,14.366247,11.250052,14.817802,18235.560536,321.964924,312.951411,0.001048,261.57591,,,,,,,,,,,,,,,,,,,,,,,,Idle,Burn,Idle,0,0,Idle,0,0,77.963119,0,77.963119,None,Continue,0,DeorbitReturn,,,,,,1,411.732666,411.732666,0,0,,,,,,,,,,,,,,1,0,0,0.80735,0.807351,0.588805,12870.145508,9494.735352,10690.353516
143.419997,-,0,0,0,None,Holding,0,313286.078891,7724.580223,7237.153609,1.956566,0,0,774651.682496,7471.546389,0.032438,0,70.965292,18.628259,0,,1,0,0,0,109.035422,18.628259,5.577375,-0.116243,-1,-0.002659,12870.154613,9494.733506,319.560089,-18.142429,119.65799,10690.350442,14.36509,11.248558,14.816533,21438.260734,321.868787,312.951904,0.001402,234.830899,,,,,,,,,,,,,,,,,,,,,,,,Idle,Burn,Idle,0,0,Idle,0,0,77.963264,0,77.963264,None,Continue,0,DeorbitReturn,,,,,,1,411.249268,411.249268,0,0,,,,,,,,,,,,,,1,0,0,0.806537,0.806538,0.588805,12870.186523,9494.738281,10690.351563
143.679997,-,0,0,0,None,Holding,0,313286.578893,7724.583281,7237.15663,2.050515,0,0,776444.936199,7470.522143,0.031179,0,109.312084,18.851216,0,,1,0,0,0,70.688709,18.851216,5.59235,-0.118082,-1,-0.002889,12870.188933,9494.734705,320.41803,-19.713264,118.623062,10690.350368,14.363456,11.247079,14.814812,18235.641003,321.912023,312.921359,0.001481,231.799689,,,,,,,,,,,,,,,,,,,,,,,,Idle,Burn,Idle,0,0,Idle,0,0,77.963413,0,77.963413,None,Continue,0,DeorbitReturn,,,,,,1,411.017731,411.017731,0,0,,,,,,,,,,,,,,1,0,0,0.805766,0.805767,0.588804,12870.206055,9494.734375,10690.349609
143.939997,-,0,0,0,None,Holding,0,313287.59096,7724.637047,7237.210358,2.065398,0,0,778238.387385,7469.498374,0.031935,0,115.731862,17.487941,0,,1,0,0,0,64.267405,17.487941,5.608986,-0.10578,-1,-0.003119,12870.215407,9494.731962,321.371246,-21.289101,117.211494,10690.349922,14.361836,11.245619,14.813106,18235.667586,322.097633,312.924357,0.001133,251.149194,,,,,,,,,,,,,,,,,,,,,,,,Idle,Burn,Idle,0,0,Idle,0,0,77.963567,0,77.963567,None,Continue,0,DeorbitReturn,,,,,,1,410.554565,410.554565,0,0,,,,,,,,,,,,,,1,0,0,0.804995,0.804995,0.588804,12870.234375,9494.730469,10690.349609
144.199997,-,0,0,0,None,Holding,0,313288.152958,7724.662979,7237.23625,1.980301,0,0,780032.088915,7468.421198,0.031519,0,77.043406,17.004171,0,,1,0,0,0,102.955818,17.004171,5.677903,-0.10085,-1,-0.003236,12870.250954,9494.73207,325.319885,-22.089649,114.312729,10690.34938,14.360627,11.24411,14.81178,18235.716343,322.157611,312.956414,0.001116,252.715346,,,,,,,,,,,,,,,,,,,,,,,,Idle,Burn,Idle,0,0,Idle,0,0,77.963717,0,77.963717,None,Continue,0,DeorbitReturn,,,,,,1,410.303284,410.303284,0,0,,,,,,,,,,,,,,1,0,0,0.804183,0.804184,0.588804,12870.274414,9494.734375,10690.351563
144.459997,-,0,0,0,None,Holding,0,313288.185974,7724.631866,7237.205099,1.965975,0,0,781825.598829,7467.399336,0.031635,0,70.63981,18.305835,0,,1,0,0,0,109.360876,18.305835,5.694483,-0.112279,-1,-0.00344,12870.278322,9494.729128,326.269836,-23.484489,112.308594,10690.349025,14.358977,11.242653,14.810044,18235.746622,322.050478,312.957691,0.001517,230.605842,,,,,,,,,,,,,,,,,,,,,,,,Idle,Burn,Idle,0,0,Idle,0,0,77.963863,0,77.963863,None,Continue,0,DeorbitReturn,,,,,,1,409.840668,409.840668,0,0,,,,,,,,,,,,,,1,0,0,0.803413,0.803414,0.588804,12870.297852,9494.726563,10690.349609
144.719997,-,0,0,0,None,Holding,0,313288.670857,7724.637648,7237.210845,2.05723,0,0,783618.862093,7466.320254,0.032022,0,109.436309,18.59475,0,,1,0,0,0,70.564499,18.59475,5.764245,-0.114221,-1,-0.00358,12870.309987,9494.726037,330.266876,-24.441931,108.786949,10690.349874,14.357756,11.241142,14.808704,18235.800862,322.101445,312.928873,0.001658,226.483594,,,,,,,,,,,,,,,,,,,,,,,,Idle,Burn,Idle,0,0,Idle,0,0,77.964012,0,77.964012,None,Continue,0,DeorbitReturn,,,,,,1,409.356934,409.356934,0,0,,,,,,,,,,,,,,1,0,0,0.8026,0.802601,0.588803,12870.337891,9494.725586,10690.349609
144.979997,-,0,0,0,None,Holding,0,313289.691014,7724.69286,7237.266017,2.07506,0,0,785412.325053,7465.297915,0.031368,0,116.137845,17.223774,0,,1,0,0,0,63.861398,17.223774,5.780221,-0.101861,-1,-0.00378,12870.341838,9494.722056,331.182281,-25.810379,106.157722,10690.350501,14.356071,11.239685,14.806931,17805.825472,322.293037,312.930913,0.001261,241.746639,,,,,,,,,,,,,,,,,,,,,,,,Idle,Burn,Idle,0,0,Idle,0,0,77.964167,0,77.964167,None,Continue,0,DeorbitReturn,,,,,,1,409.125214,409.125214,0,0,,,,,,,,,,,,,,1,0,0,0.80183,0.801831,0.588802,12870.359375,9494.71875,10690.349609
145.239997,-,0,0,0,None,Holding,0,313290.249111,7724.713032,7237.286149,1.985481,0,0,787206.038525,7464.274146,0.031455,0,77.409343,16.777668,0,,1,0,0,0,102.589902,16.777668,5.79648,-0.097734,-1,-0.004003,12870.365835,9494.715647,332.113831,-27.337591,103.234337,10690.350899,14.354377,11.23823,14.805151,18235.851645,322.332866,312.963154,0.001242,242.881925,,,,,,,,,,,,,,,,,,,,,,,,Idle,Burn,Idle,0,0,Idle,0,0,77.964318,0,77.964318,None,Continue,0,DeorbitReturn,,,,,,1,408.662415,408.662415,0,0,,,,,,,,,,,,,,1,0,0,0.801059,0.80106,0.588802,12870.383789,9494.710938,10690.352539
145.499997,-,0,0,0,None,Holding,0,313290.277334,7724.689671,7237.262751,1.971947,0,0,788999.556417,7463.196971,0.031335,0,71.947182,18.106033,0,,1,0,0,0,108.053555,18.106033,5.864069,-0.108945,-1,-0.004108,12870.400522,9494.711493,335.98642,-28.064034,98.83931,10690.350498,14.353117,11.236722,14.803773,18235.902429,322.251876,312.965176,0.001705,225.324612,,,,,,,,,,,,,,,,,,,,,,,,Idle,Burn,Idle,0,0,Idle,0,0,77.964464,0,77.964464,None,Continue,0,DeorbitReturn,,,,,,1,408.179169,408.179169,0,0,,,,,,,,,,,,,,1,0,0,0.800247,0.800248,0.588802,12870.423828,9494.708984,10690.351563
145.759997,-,0,0,0,None,Holding,0,313290.789374,7724.695112,7237.268156,2.065459,0,0,790792.831174,7462.173201,0.031056,0,111.254409,18.360916,0,,1,0,0,0,68.746355,18.360916,5.87808,-0.111075,-1,-0.004324,12870.426302,9494.70311,336.789215,-29.54207,95.370331,10690.350371,14.351378,11.235265,14.801948,18235.923648,322.30195,312.936076,0.001797,223.251475,,,,,,,,,,,,,,,,,,,,,,,,Idle,Burn,Idle,0,0,Idle,0,0,77.964614,0,77.964614,None,Continue,0,DeorbitReturn,,,,,,1,407.947357,407.947357,0,0,,,,,,,,,,,,,,1,0,0,0.799476,0.799477,0.588802,12870.443359,9494.697266,10690.351563
146.019997,-,0,0,0,None,Holding,0,313291.815771,7724.755673,7237.328678,2.079826,0,0,792586.321532,7461.094119,0.031877,0,115.498247,16.959008,0,,1,0,0,0,64.500939,16.959008,5.944046,-0.098005,-1,-0.004432,12870.456614,9494.696112,340.568756,-30.282967,90.405365,10690.352002,14.350098,11.233753,14.800549,18235.972643,322.510451,312.939776,0.001404,234.7379,,,,,,,,,,,,,,,,,,,,,,,,Idle,Burn,Idle,0,0,Idle,0,0,77.964769,0,77.964769,None,Continue,0,DeorbitReturn,,,,,,1,407.463409,407.463409,0,0,,,,,,,,,,,,,,1,0,0,0.798663,0.798664,0.588801,12870.487305,9494.695313,10690.355469
146.279997,-,0,0,0,None,Holding,0,313292.332438,7724.77439,7237.347353,1.990932,0,0,794380.055047,7460.072733,0.030706,0,75.733193,16.662639,0,,1,0,0,0,104.266136,16.662639,5.954728,-0.095261,-1,-0.004612,12870.48313,9494.686572,341.180786,-31.515476,86.442421,10690.350871,14.348318,11.232298,14.798682,18235.998154,322.546291,312.970963,0.001415,234.298727,,,,,,,,,,,,,,,,,,,,,,,,Idle,Burn,Idle,0,0,Idle,0,0,77.96492,0,77.96492,None,Continue,0,DeorbitReturn,,,,,,1,407.232269,407.232269,0,0,,,,,,,,,,,,,,1,0,0,0.797893,0.797894,0.588801,12870.493164,9494.674805,10690.34668
146.539997,-,0,0,0,None,Holding,0,313292.36203,7724.74408,7237.317006,1.989797,0,0,796173.562305,7459.048487,0.031398,0,74.56625,18.03641,0,,1,0,0,0,105.434568,18.03641,5.964633,-0.10738,-1,-0.004813,12870.50337,9494.674907,341.748291,-32.89365,82.213745,10690.349439,14.346525,11.23084,14.796802,18236.019135,322.445885,312.968309,0.001938,220.537638,,,,,,,,,,,,,,,,,,,,,,,,Idle,Burn,Idle,0,0,Idle,0,0,77.965067,0,77.965067,None,Continue,0,DeorbitReturn,,,,,,1,406.768433,406.768433,0,0,,,,,,,,,,,,,,1,0,0,0.797122,0.797123,0.588801,12870.519531,9494.668945,10690.349609
146.799997,-,0,0,0,None,Holding,0,313292.934998,7724.758668,7237.331558,2.080562,0,0,797966.849631,7457.969405,0.031354,0,114.498287,18.148738,0,,1,0,0,0,65.502401,18.148738,6.025095,-0.107832,-1,-0.00492,12870.534002,9494.66551,345.212555,-33.628033,76.556778,10690.350271,14.345197,11.229328,14.795357,18236.064196,322.525307,312.941606,0.002015,219.229821,,,,,,,,,,,,,,,,,,,,,,,,Idle,Burn,Idle,0,0,Idle,0,0,77.965218,0,77.965218,None,Continue,0,DeorbitReturn,,,,,,1,406.28418,406.28418,0,0,,,,,,,,,,,,,,1,0,0,0.796309,0.79631,0.5888,12870.556641,9494.65918,10690.351563
147.059997,-,0,0,0,None,Holding,0,313293.96206,7724.815827,7237.388677,2.079375,0,0,799760.384289,7456.945635,0.031297,0,113.135876,16.717707,0,,1,0,0,0,66.863214,16.717707,6.030464,-0.095043,-1,-0.005108,12870.556241,9494.653412,345.520111,-34.917522,71.878334,10690.350573,14.343356,11.227868,14.79343,18236.082196,322.717638,312.949692,0.001566,229.070718,,,,,,,,,,,,,,,,,,,,,,,,Idle,Burn,Idle,0,0,Idle,0,0,77.965374,0,77.965374,None,Continue,0,DeorbitReturn,,,,,,1,406.023224,406.023224,0,0,,,,,,,,,,,,,,1,0,0,0.795538,0.795538,0.588799,12870.566406,9494.642578,10690.350586
147.319997,-,0,0,0,None,Holding,0,313294.411205,7724.832262,7237.405071,1.98938,0,0,801554.128084,7455.894209,0.031956,0,73.859263,16.660212,0,,1,0,0,0,106.140186,16.660212,6.060773,-0.094252,-1,-0.005245,12870.574832,9494.647009,347.256744,-35.862988,66.362595,10690.349881,14.341777,11.226402,14.791752,21438.750505,322.746161,312.980283,0.001645,226.826299,,,,,,,,,,,,,,,,,,,,,,,,Idle,Burn,Idle,0,0,Idle,0,0,77.965525,0,77.965525,None,Continue,0,DeorbitReturn,,,,,,1,405.588196,405.588196,0,0,,,,,,,,,,,,,,1,0,0,0.794745,0.794746,0.588799,12870.589844,9494.650391,10690.347656
147.579997,-,0,0,0,None,Holding,0,313294.448475,7724.806509,7237.379281,2.00038,0,0,803347.619981,7454.842784,0.030701,0,78.129494,18.054995,0,,1,0,0,0,101.871436,18.054995,6.087255,-0.106407,-1,-0.005374,12870.602645,9494.663056,348.774017,-36.747955,60.705193,10690.349431,14.340121,11.224895,14.789996,18236.144304,322.664649,312.97454,0.002199,216.572544,,,,,,,,,,,,,,,,,,,,,,,,Idle,Burn,Idle,0,0,Idle,0,0,77.965672,0,77.965672,None,Continue,0,DeorbitReturn,,,,,,1,405.103699,405.103699,0,0,,,,,,,,,,,,,,1,0,0,0.793953,0.793954,0.588799,12870.617188,9494.674805,10690.349609
147.839997,-,0,0,0,None,Holding,0,313295.099561,7724.825177,7237.397913,2.09318,0,0,805140.926119,7453.818537,0.031408,0,117.94845,17.979738,0,,1,0,0,0,62.05209,17.979738,6.085288,-0.105741,-1,-0.005539,12870.621208,9494.684636,348.661285,-37.882164,55.457603,10690.350288,14.338217,11.223433,14.78801,18236.165047,322.757963,312.948112,0.002165,217.023441,,,,,,,,,,,,,,,,,,,,,,,,Idle,Burn,Idle,0,0,Idle,0,0,77.965824,0,77.965824,None,Continue,0,DeorbitReturn,,,,,,1,404.871613,404.871613,0,0,,,,,,,,,,,,,,1,0,0,0.793182,0.793183,0.588798,12870.630859,9494.700195,10690.349609
148.099997,-,0,0,0,None,Holding,0,313296.113278,7724.886434,7237.459129,2.08307,0,0,806934.510789,7452.739455,0.03181,0,110.091169,16.546233,0,,1,0,0,0,69.907834,16.546233,6.133204,-0.092562,-1,-0.005608,12870.644228,9494.709159,351.406677,-38.355537,48.869957,10690.350858,14.336814,11.221916,14.786493,18236.206055,322.961504,312.959219,0.001735,224.601274,,,,,,,,,,,,,,,,,,,,,,,,Idle,Burn,Idle,0,0,Idle,0,0,77.96598,0,77.96598,None,Continue,0,DeorbitReturn,,,,,,1,404.387024,404.387024,0,0,,,,,,,,,,,,,,1,0,0,0.792369,0.79237,0.588798,12870.664063,9494.727539,10690.353516
148.359997,-,0,0,0,None,Holding,0,313296.484964,7724.893522,7237.466177,1.995913,0,0,808728.266119,7451.715685,0.030755,0,71.411534,16.762747,0,,1,0,0,0,108.588094,16.762747,6.12472,-0.094549,-1,-0.005754,12870.662451,9494.732989,350.920624,-39.36467,43.381428,10690.350203,14.334861,11.22045,14.78446,18236.21428,322.960161,312.987264,0.001909,221.058012,,,,,,,,,,,,,,,,,,,,,,,,Idle,Burn,Idle,0,0,Idle,0,0,77.966132,0,77.966132,None,Continue,0,DeorbitReturn,,,,,,1,404.154907,404.154907,0,0,,,,,,,,,,,,,,1,0,0,0.791597,0.791598,0.588798,12870.675781,9494.750977,10690.351563
148.619997,-,0,0,0,None,Holding,0,313296.550824,7724.866206,7237.438823,2.022443,0,0,810521.734891,7450.691916,0.031402,0,82.428374,18.156418,0,,1,0,0,0,97.572614,18.156418,6.113859,-0.107017,-1,-0.005893,12870.673733,9494.755175,350.29834,-40.315758,37.768383,10690.349577,14.332896,11.218986,14.782414,18236.231804,322.877984,312.976775,0.002477,213.382476,,,,,,,,,,,,,,,,,,,,,,,,Idle,Burn,Idle,0,0,Idle,0,0,77.96628,0,77.96628,None,Continue,0,DeorbitReturn,,,,,,1,403.690552,403.690552,0,0,,,,,,,,,,,,,,1,0,0,0.790826,0.790827,0.588798,12870.676758,9494.768555,10690.34668
148.859997,-,0,0,0,None,Holding,0,313297.283387,7724.894699,7237.467279,2.10941,0,0,812305.775555,7449.612834,0.031309,0,121.020958,17.846417,0,,1,0,0,0,58.979393,17.846417,6.152069,-0.103912,-1,-0.005933,12870.69503,9494.779995,352.487579,-40.593498,30.906582,10690.349916,14.33144,11.217465,14.78085,18236.2746,323.00212,312.953626,0.002403,214.147562,,,,,,,,,,,,,,,,,,,,,,,,Idle,Burn,Idle,0,0,Idle,0,0,77.966434,0,77.966434,None,Continue,0,DeorbitReturn,,,,,,1,403.234772,403.234772,0,0,,,,,,,,,,,,,,1,0,0,0.790013,0.790014,0.588797,12870.705078,9494.794922,10690.348633
149.139997,-,0,0,0,None,Holding,0,313298.269474,7724.951065,7237.523604,2.083849,0,0,814108.703209,7448.593356,0.031489,0,106.262263,16.473709,0,,1,0,0,0,73.736724,16.473709,6.134039,-0.091862,-1,-0.005996,12870.70846,9494.801577,351.454559,-41.033104,25.247103,10690.350961,14.329433,11.216002,14.778768,18236.28521,323.184815,312.968632,0.001965,220.060201,,,,,,,,,,,,,,,,,,,,,,,,Idle,Burn,Idle,0,0,Idle,0,0,77.966591,0,77.966591,None,Continue,0,DeorbitReturn,,,,,,1,402.975037,402.975037,0,0,,,,,,,,,,,,,,1,0,0,0.789245,0.789246,0.588797,12870.716797,9494.817383,10690.353516
149.399997,-,0,0,0,None,Holding,0,313298.57165,7724.955455,7237.527954,1.999563,0,0,815902.458518,7447.541453,0.032109,0,70.019884,16.938942,0,,1,0,0,0,109.979895,16.938942,6.139875,-0.095932,-1,-0.00606,12870.715454,9494.821199,351.78894,-41.477692,18.986929,10690.349571,14.327703,11.214525,14.776948,21438.916922,323.175824,312.994969,0.00222,216.298163,,,,,,,,,,,,,,,,,,,,,,,,Idle,Burn,Idle,0,0,Idle,0,0,77.966742,0,77.966742,None,Continue,0,DeorbitReturn,,,,,,1,402.539551,402.539551,0,0,,,,,,,,,,,,,,1,0,0,0.788453,0.788454,0.588797,12870.725586,9494.837891,10690.348633
149.639997,-,0,0,0,None,Holding,0,313298.67226,7724.933065,7237.505527,2.035435,0,0,817686.622075,7446.492411,0.031031,0,86.388186,18.29557,0,,1,0,0,0,93.61285,18.29557,6.14134,-0.107957,-1,-0.006085,12870.734792,9494.84491,351.872864,-41.655888,12.779527,10690.349283,14.325901,11.21301,14.775057,18236.332893,323.112754,312.982467,0.002781,210.690623,,,,,,,,,,,,,,,,,,,,,,,,Idle,Burn,Idle,0,0,Idle,0,0,77.966891,0,77.966891,None,Continue,0,DeorbitReturn,,,,,,1,402.055267,402.055267,0,0,,,,,,,,,,,,,,1,0,0,0.787662,0.787663,0.588798,12870.742188,9494.859375,10690.349609
149.919997,-,0,0,0,None,Holding,0,313299.470743,7724.964783,7237.537207,2.119349,0,0,819489.276924,7445.470549,0.030984,0,122.882165,17.792624,0,,1,0,0,0,57.118014,17.792624,6.113737,-0.103719,-1,-0.006145,12870.742176,9494.863313,350.291351,-42.068729,7.253564,10690.349774,14.323836,11.21154,14.772921,18236.339927,323.246447,312.960963,0.0026,212.210008,,,,,,,,,,,,,,,,,,,,,,,,Idle,Burn,Idle,0,0,Idle,0,0,77.967046,0,77.967046,None,Continue,0,DeorbitReturn,,,,,,1,401.852722,401.852722,0,0,,,,,,,,,,,,,,1,0,0,0.786892,0.786893,0.588797,12870.745117,9494.875977,10690.347656
150.179997,-,0,0,0,None,Holding,0,313300.422251,7725.02483,7237.597213,2.085577,0,0,821282.956011,7444.392897,0.031879,0,103.08929,16.509671,0,,1,0,0,0,76.909655,16.509671,6.135702,-0.092121,-1,-0.006113,12870.755642,9494.88453,351.549805,-41.858494,0.609244,10690.35023,14.322305,11.210014,14.771288,18236.3801,323.439458,312.978435,0.002203,216.506345,,,,,,,,,,,,,,,,,,,,,,,,Idle,Burn,Idle,0,0,Idle,0,0,77.967203,0,77.967203,None,Continue,0,DeorbitReturn,,,,,,1,401.339111,401.339111,0,0,,,,,,,,,,,,,,1,0,0,0.78608,0.786081,0.588797,12870.766602,9494.898438,10690.348633
150.439997,-,0,0,0,None,Holding,0,313300.671944,7725.021445,7237.593789,2.007754,0,0,823076.715519,7443.369128,0.030792,0,68.916995,17.160391,0,,1,0,0,0,111.082951,17.160391,6.101572,-0.098188,-1,-0.006178,12870.765459,9494.904216,349.594299,-42.309578,-4.720875,10690.350411,14.320196,11.208538,14.769111,18236.390233,323.406734,313.001542,0.002537,212.799248,,,,,,,,,,,,,,,,,,,,,,,,Idle,Burn,Idle,0,0,Idle,0,0,77.967354,0,77.967354,None,Continue,0,DeorbitReturn,,,,,,1,400.874329,400.874329,0,0,,,,,,,,,,,,,,1,0,0,0.785309,0.78531,0.588797,12870.770508,9494.917969,10690.350586
150.699997,-,0,0,0,None,Holding,0,313300.812682,7724.997848,7237.570154,2.055996,0,0,824870.16337,7442.346789,0.032057,0,89.465811,18.476253,0,,1,0,0,0,90.535221,18.476253,6.06523,-0.110177,-1,-0.006208,12870.766602,9494.919564,347.512085,-42.518116,-10.003052,10690.349411,14.318077,11.20706,14.766924,17764.666557,323.343013,312.985518,0.003089,208.554038,,,,,,,,,,,,,,,,,,,,,,,,Idle,Burn,Idle,0,0,Idle,0,0,77.967505,0,77.967505,None,Continue,0,DeorbitReturn,,,,,,1,400.641876,400.641876,0,0,,,,,,,,,,,,,,1,0,0,0.784539,0.78454,0.588798,12870.766602,9494.929688,10690.348633
150.959997,-,0,0,0,None,Holding,0,313301.656447,7725.035267,7237.607535,2.136403,0,0,826663.556613,7441.270091,0.031621,0,123.910771,17.823417,0,,1,0,0,0,56.089259,17.823417,6.078598,-0.104251,-1,-0.006138,12870.780773,9494.938842,348.278046,-42.046661,-16.292406,10690.349796,14.316501,11.205529,14.765252,17762.222648,323.494579,312.96594,0.002896,209.838712,,,,,,,,,,,,,,,,,,,,,,,,Idle,Burn,Idle,0,0,Idle,0,0,77.967661,0,77.967661,None,Continue,0,DeorbitReturn,,,,,,1,400.157288,400.157288,0,0,,,,,,,,,,,,,,1,0,0,0.783728,0.783729,0.588797,12870.78418,9494.949219,10690.347656
151.219997,-,0,0,0,None,Holding,0,313302.580574,7725.088987,7237.661214,2.088857,0,0,828457.268694,7440.245844,0.031643,0,100.811537,16.639579,0,,1,0,0,0,79.187413,16.639579,6.03667,-0.094101,-1,-0.006174,12870.786043,9494.954418,345.875732,-42.294926,-21.195801,10690.350465,14.314352,11.204052,14.76304,18236.436844,323.662621,312.986455,0.002491,213.233499,,,,,,,,,,,,,,,,,,,,,,,,Idle,Burn,Idle,0,0,Idle,0,0,77.967819,0,77.967819,None,Continue,0,DeorbitReturn,,,,,,1,399.925507,399.925507,0,0,,,,,,,,,,,,,,1,0,0,0.782956,0.782957,0.588798,12870.790039,9494.96582,10690.352539
151.479997,-,0,0,0,None,Holding,0,313302.805359,7725.088531,7237.660718,2.010617,0,0,830251.031148,7439.166762,0.032893,0,68.728943,17.387602,0,,1,0,0,0,111.271098,17.387602,6.045811,-0.100648,-1,-0.006113,12870.789132,9494.968723,346.399445,-41.883873,-27.177061,10690.349794,14.312784,11.202538,14.761377,21439.037979,323.640073,313.009546,0.002853,210.152278,,,,,,,,,,,,,,,,,,,,,,,,Idle,Burn,Idle,0,0,Idle,0,0,77.96797,0,77.96797,None,Continue,0,DeorbitReturn,,,,,,1,399.46048,399.46048,0,0,,,,,,,,,,,,,,1,0,0,0.782143,0.782144,0.588798,12870.799805,9494.982422,10690.349609
151.739997,-,0,0,0,None,Holding,0,313302.967392,7725.066696,7237.638845,2.062391,0,0,832044.486666,7438.1449,0.030915,0,90.86568,18.674404,0,,1,0,0,0,89.135382,18.674404,5.999055,-0.112464,-1,-0.006102,12870.800427,9494.98531,343.72052,-41.816971,-31.731977,10690.349906,14.310576,11.201035,14.759108,18236.478329,323.58294,312.993048,0.003389,206.866267,,,,,,,,,,,,,,,,,,,,,,,,Idle,Burn,Idle,0,0,Idle,0,0,77.968121,0,77.968121,None,Continue,0,DeorbitReturn,,,,,,1,398.975647,398.975647,0,0,,,,,,,,,,,,,,1,0,0,0.781374,0.781375,0.588799,12870.804688,9494.996094,10690.350586
151.999997,-,0,0,0,None,Holding,0,313303.82551,7725.10517,7237.677281,2.141059,0,0,833837.903644,7437.121131,0.031994,0,124.108135,17.976571,0,,1,0,0,0,55.891844,17.976571,5.950944,-0.106683,-1,-0.006111,12870.801005,9494.996525,340.963989,-41.880699,-36.108662,10690.3504,14.308389,11.199552,14.756858,18236.485958,323.73725,312.974401,0.003123,208.348408,,,,,,,,,,,,,,,,,,,,,,,,Idle,Burn,Idle,0,0,Idle,0,0,77.968278,0,77.968278,None,Continue,0,DeorbitReturn,,,,,,1,398.743011,398.743011,0,0,,,,,,,,,,,,,,1,0,0,0.780602,0.780603,0.588798,12870.802734,9495.004883,10690.353516
152.259997,-,0,0,0,None,Holding,0,313304.741393,7725.161332,7237.733401,2.097979,0,0,835631.635356,7436.042048,0.031955,0,100.493737,16.843012,0,,1,0,0,0,79.505205,16.843012,5.953763,-0.096591,-1,-0.006022,12870.811942,9495.011601,341.125458,-41.278034,-41.468693,10690.350764,14.306753,11.198013,14.755133,18236.520171,323.915326,312.993367,0.002734,211.058601,,,,,,,,,,,,,,,,,,,,,,,,Idle,Burn,Idle,0,0,Idle,0,0,77.968436,0,77.968436,None,Continue,0,DeorbitReturn,,,,,,1,398.257324,398.257324,0,0,,,,,,,,,,,,,,1,0,0,0.779789,0.77979,0.588799,12870.814453,9495.019531,10690.349609
152.519997,-,0,0,0,None,Holding,0,313304.968881,7725.155103,7237.727133,2.023443,0,0,837425.413561,7435.018279,0.032053,0,68.633323,17.596681,0,,1,0,0,0,111.366741,17.596681,5.902079,-0.103718,-1,-0.006013,12870.813286,9495.021572,338.164215,-41.223244,-45.426189,10690.350327,14.304539,11.196527,14.752859,18236.523986,323.874739,313.014483,0.003119,208.374431,,,,,,,,,,,,,,,,,,,,,,,,Idle,Burn,Idle,0,0,Idle,0,0,77.968589,0,77.968589,None,Continue,0,DeorbitReturn,,,,,,1,398.024658,398.024658,0,0,,,,,,,,,,,,,,1,0,0,0.779018,0.779019,0.588799,12870.814453,9495.029297,10690.350586
152.779997,-,0,0,0,None,Holding,0,313305.134825,7725.133959,7237.70595,2.072644,0,0,839218.888655,7433.952548,0.032903,0,90.147399,18.901246,0,,1,0,0,0,89.853648,18.901246,5.88928,-0.115388,-1,-0.005932,12870.813503,9495.030392,337.430908,-40.673172,-50.101559,10690.349847,14.302773,11.195021,14.751013,21439.095557,323.818912,312.999085,0.003693,205.459242,,,,,,,,,,,,,,,,,,,,,,,,Idle,Burn,Idle,0,0,Idle,0,0,77.96874,0,77.96874,None,Continue,0,DeorbitReturn,,,,,,1,397.530182,397.530182,0,0,,,,,,,,,,,,,,1,0,0,0.778215,0.778216,0.5888,12870.825195,9495.041016,10690.351563
153.039997,-,0,0,0,None,Holding,0,313305.979835,7725.171128,7237.74308,2.152733,0,0,841012.318898,7432.91495,0.031272,0,123.742679,18.238935,0,,1,0,0,0,56.257305,18.238935,5.848185,-0.109863,-1,-0.005886,12870.824209,9495.042621,335.076294,-40.359718,-53.901318,10690.350462,14.300661,11.1935,14.748834,18236.564159,323.969013,312.980133,0.003453,206.552903,,,,,,,,,,,,,,,,,,,,,,,,Idle,Burn,Idle,0,0,Idle,0,0,77.968898,0,77.968898,None,Continue,0,DeorbitReturn,,,,,,1,397.044281,397.044281,0,0,,,,,,,,,,,,,,1,0,0,0.777434,0.777434,0.5888,12870.830078,9495.050781,10690.354492
153.279997,-,0,0,0,None,Holding,0,313306.910836,7725.225425,7237.797336,2.111225,0,0,842796.762497,7431.894995,0.032454,0,102.322985,17.11066,0,,1,0,0,0,77.675953,17.11066,5.793565,-0.100328,-1,-0.005804,12870.823392,9495.047805,331.946808,-39.806007,-57.176468,10690.350404,14.298434,11.192017,14.746551,18236.568689,324.141634,312.998109,0.003013,209.030606,,,,,,,,,,,,,,,,,,,,,,,,Idle,Burn,Idle,0,0,Idle,0,0,77.969057,0,77.969057,None,Continue,0,DeorbitReturn,,,,,,1,396.812195,396.812195,0,0,,,,,,,,,,,,,,1,0,0,0.776665,0.776666,0.5888,12870.822266,9495.050781,10690.350586
153.559997,-,0,0,0,None,Holding,0,313307.175562,7725.228476,7237.800347,2.031777,0,0,844599.857476,7430.819727,0.03215,0,69.109521,17.755841,0,,1,0,0,0,110.89045,17.755841,5.791467,-0.106053,-1,-0.005628,12870.832007,9495.05603,331.82663,-38.599873,-61.317955,10690.350173,14.296763,11.190477,14.744795,18236.595869,324.131338,313.021139,0.003313,207.266301,,,,,,,,,,,,,,,,,,,,,,,,Idle,Burn,Idle,0,0,Idle,0,0,77.96921,0,77.96921,None,Continue,0,DeorbitReturn,,,,,,1,396.356659,396.356659,0,0,,,,,,,,,,,,,,1,0,0,0.775855,0.775856,0.588801,12870.836914,9495.061523,10690.349609
153.819997,-,0,0,0,None,Holding,0,313307.317147,7725.201931,7237.773764,2.073514,0,0,846393.370806,7429.799296,0.032146,0,86.799801,19.117223,0,,1,0,0,0,93.201259,19.117223,5.736089,-0.118593,-1,-0.005533,12870.834178,9495.059721,328.653717,-37.955589,-63.954121,10690.349303,14.294522,11.188993,14.742497,17810.378075,324.054847,313.007668,0.003904,204.619214,,,,,,,,,,,,,,,,,,,,,,,,Idle,Burn,Idle,0,0,Idle,0,0,77.969362,0,77.969362,None,Continue,0,DeorbitReturn,,,,,,1,395.863922,395.863922,0,0,,,,,,,,,,,,,,1,0,0,0.775086,0.775087,0.588802,12870.833984,9495.061523,10690.349609
154.079997,-,0,0,0,None,Holding,0,313308.109851,7725.233183,7237.804977,2.163443,0,0,848186.804055,7428.720213,0.032697,0,122.121319,18.629523,0,,1,0,0,0,57.878861,18.629523,5.734051,-0.114275,-1,-0.005396,12870.839746,9495.064683,328.536926,-37.023556,-67.480499,10690.34994,14.292843,11.187449,14.740734,18236.638784,324.18755,312.9856,0.00376,205.182214,,,,,,,,,,,,,,,,,,,,,,,,Idle,Burn,Idle,0,0,Idle,0,0,77.96952,0,77.96952,None,Continue,0,DeorbitReturn,,,,,,1,395.660187,395.660187,0,0,,,,,,,,,,,,,,1,0,0,0.774273,0.774274,0.588802,12870.854492,9495.072266,10690.351563
154.339997,-,0,0,0,None,Holding,0,313309.079909,7725.29026,7237.862012,2.131549,0,0,849980.525172,7427.696444,0.031418,0,106.35114,17.440909,0,,1,0,0,0,73.647766,17.440909,5.678632,-0.104217,-1,-0.005341,12870.847984,9495.070746,325.361633,-36.649963,-69.525047,10690.350765,14.290586,11.185962,14.73842,18236.640453,324.372594,313.000819,0.003282,207.431021,,,,,,,,,,,,,,,,,,,,,,,,Idle,Burn,Idle,0,0,Idle,0,0,77.969681,0,77.969681,None,Continue,0,DeorbitReturn,,,,,,1,395.17392,395.17392,0,0,,,,,,,,,,,,,,1,0,0,0.773502,0.773503,0.588802,12870.848633,9495.071289,10690.349609
154.579997,-,0,0,0,None,Holding,0,313309.423953,7725.293851,7237.865563,2.045616,0,0,851765.066236,7426.672198,0.032605,0,70.926466,17.862709,0,,1,0,0,0,109.073316,17.862709,5.623737,-0.108423,-1,-0.005283,12870.848372,9495.072687,322.2164,-36.257843,-71.368408,10690.350353,14.288336,11.184472,14.736114,18236.64701,324.362623,313.025419,0.003537,206.15537,,,,,,,,,,,,,,,,,,,,,,,,Idle,Burn,Idle,0,0,Idle,0,0,77.969835,0,77.969835,None,Continue,0,DeorbitReturn,,,,,,1,394.94101,394.94101,0,0,,,,,,,,,,,,,,1,0,0,0.77273,0.772731,0.588803,12870.850586,9495.074219,10690.351563
154.859997,-,0,0,0,None,Holding,0,313309.526195,7725.270064,7237.841738,2.0653,0,0,853567.927619,7425.595023,0.032041,0,81.284806,19.271934,0,,1,0,0,0,98.716248,19.271934,5.622248,-0.120906,-1,-0.005107,12870.859311,9495.076994,322.131073,-35.054821,-74.109154,10690.349569,14.286643,11.18293,14.734336,18236.678243,324.289133,313.018511,0.004149,203.758706,,,,,,,,,,,,,,,,,,,,,,,,Idle,Burn,Idle,0,0,Idle,0,0,77.969987,0,77.969987,None,Continue,0,DeorbitReturn,,,,,,1,394.426178,394.426178,0,0,,,,,,,,,,,,,,1,0,0,0.771919,0.77192,0.588804,12870.864258,9495.079102,10690.349609
155.119997,-,0,0,0,None,Holding,0,313310.219191,7725.290005,7237.86164,2.160381,0,0,855361.36161,7424.573161,0.032977,0,118.24761,19.110469,0,,1,0,0,0,61.75282,19.110469,5.568293,-0.119935,-1,-0.005016,12870.863916,9495.078561,319.039703,-34.43549,-75.415924,10690.350236,14.284393,11.181444,14.73203,18236.68623,324.384677,312.994354,0.004089,203.959507,,,,,,,,,,,,,,,,,,,,,,,,Idle,Burn,Idle,0,0,Idle,0,0,77.970144,0,77.970144,None,Continue,0,DeorbitReturn,,,,,,1,393.960846,393.960846,0,0,,,,,,,,,,,,,,1,0,0,0.771149,0.77115,0.588804,12870.865234,9495.079102,10690.351563
155.379997,-,0,0,0,None,Holding,0,313311.228032,7725.349879,7237.921473,2.157931,0,0,857155.044158,7423.509337,0.033041,0,112.677941,17.86981,0,,1,0,0,0,67.321021,17.86981,5.555209,-0.109049,-1,-0.004857,12870.871584,9495.079965,318.290009,-33.34462,-77.339539,10690.351042,14.28256,11.179915,14.730121,18236.712456,324.587732,313.001291,0.003572,205.990265,,,,,,,,,,,,,,,,,,,,,,,,Idle,Burn,Idle,0,0,Idle,0,0,77.970306,0,77.970306,None,Continue,0,DeorbitReturn,,,,,,1,393.723328,393.723328,0,0,,,,,,,,,,,,,,1,0,0,0.770347,0.770348,0.588804,12870.87793,9495.080078,10690.349609
155.639997,-,0,0,0,None,Holding,0,313311.703939,7725.365342,7237.936894,2.066849,0,0,858948.904523,7422.485568,0.031858,0,75.436216,17.923158,0,,1,0,0,0,104.563268,17.923158,5.503087,-0.109966,-1,-0.004785,12870.87578,9495.079159,315.30368,-32.853706,-78.094238,10690.350511,14.280313,11.178428,14.727816,18236.715913,324.616726,313.028142,0.003665,205.582041,,,,,,,,,,,,,,,,,,,,,,,,Idle,Burn,Idle,0,0,Idle,0,0,77.970462,0,77.970462,None,Continue,0,DeorbitReturn,,,,,,1,393.276093,393.276093,0,0,,,,,,,,,,,,,,1,0,0,0.769576,0.769577,0.588805,12870.874023,9495.077148,10690.349609
155.899997,-,0,0,0,None,Holding,0,313311.785689,7725.33684,7237.908353,2.061626,0,0,860742.55458,7421.433665,0.03345,0,74.081046,19.295862,0,,1,0,0,0,105.919896,19.295862,5.478697,-0.122319,-1,-0.004668,12870.877155,9495.077235,313.906219,-32.05687,-79.263405,10690.349934,14.27837,11.176931,14.725801,21439.265966,324.520445,313.027673,0.004328,203.19808,,,,,,,,,,,,,,,,,,,,,,,,Idle,Burn,Idle,0,0,Idle,0,0,77.970615,0,77.970615,None,Continue,0,DeorbitReturn,,,,,,1,392.804749,392.804749,0,0,,,,,,,,,,,,,,1,0,0,0.768784,0.768785,0.588805,12870.881836,9495.078125,10690.349609
156.159997,-,0,0,0,None,Holding,0,313312.321623,7725.342971,7237.914446,2.154079,0,0,862535.999455,7420.382239,0.032097,0,110.544645,19.643846,0,,1,0,0,0,69.456105,19.643846,5.454971,-0.125591,-1,-0.004547,12870.892539,9495.080734,312.546844,-31.232079,-80.149597,10690.350312,14.276378,11.175396,14.723736,18236.754894,324.568142,313.003445,0.004476,202.763976,,,,,,,,,,,,,,,,,,,,,,,,Idle,Burn,Idle,0,0,Idle,0,0,77.970772,0,77.970772,None,Continue,0,DeorbitReturn,,,,,,1,392.556305,392.556305,0,0,,,,,,,,,,,,,,1,0,0,0.767992,0.767993,0.588806,12870.899414,9495.082031,10690.352539
156.419997,-,0,0,0,None,Holding,0,313313.335255,7725.398814,7237.970248,2.18098,0,0,864329.618469,7419.360377,0.03324,0,119.649395,18.438747,0,,1,0,0,0,60.349747,18.438747,5.406022,-0.11534,-1,-0.004446,12870.896905,9495.078186,309.742249,-30.542227,-80.244507,10690.350426,14.274146,11.173912,14.721446,18236.760616,324.765913,313.001694,0.003952,204.444663,,,,,,,,,,,,,,,,,,,,,,,,Idle,Burn,Idle,0,0,Idle,0,0,77.970934,0,77.970934,None,Continue,0,DeorbitReturn,,,,,,1,392.090607,392.090607,0,0,,,,,,,,,,,,,,1,0,0,0.767222,0.767222,0.588806,12870.900391,9495.078125,10690.352539
156.679996,-,0,0,0,None,Holding,0,313313.99798,7725.434496,7238.005888,2.101025,0,0,866123.482843,7418.280818,0.032426,0,84.294623,18.003525,0,,1,0,0,0,95.704564,18.003525,5.411345,-0.111428,-1,-0.004279,12870.911684,9495.07937,310.047241,-29.396276,-81.258446,10690.3509,14.272451,11.172369,14.719666,18236.791253,324.866477,313.027168,0.003802,205.012033,,,,,,,,,,,,,,,,,,,,,,,,Idle,Burn,Idle,0,0,Idle,0,0,77.971093,0,77.971093,None,Continue,0,DeorbitReturn,,,,,,1,391.603699,391.603699,0,0,,,,,,,,,,,,,,1,0,0,0.766408,0.766409,0.588806,12870.919922,9495.080078,10690.351563
156.939996,-,0,0,0,None,Holding,0,313314.114795,7725.409872,7237.981224,2.06115,0,0,867917.233441,7417.257048,0.033105,0,67.934218,19.160212,0,,1,0,0,0,112.066418,19.160212,5.364751,-0.122056,-1,-0.004199,12870.916913,9495.076524,307.377594,-28.851509,-80.874588,10690.349556,14.270224,11.170883,14.717378,18236.799836,324.774119,313.036245,0.004398,202.994107,,,,,,,,,,,,,,,,,,,,,,,,Idle,Burn,Idle,0,0,Idle,0,0,77.971247,0,77.971247,None,Continue,0,DeorbitReturn,,,,,,1,391.370483,391.370483,0,0,,,,,,,,,,,,,,1,0,0,0.765637,0.765638,0.588807,12870.919922,9495.074219,10690.349609
157.199996,-,0,0,0,None,Holding,0,313314.457213,7725.398159,7237.969473,2.134611,0,0,869710.723088,7416.18178,0.033528,0,98.422942,20.088514,0,,1,0,0,0,81.578057,20.088514,5.372516,-0.130185,-1,-0.003985,12870.928901,9495.075021,307.822479,-27.387171,-81.464874,10690.350025,14.268542,11.169346,14.715611,18236.835599,324.755777,313.016129,0.004829,201.852112,,,,,,,,,,,,,,,,,,,,,,,,Idle,Burn,Idle,0,0,Idle,0,0,77.971402,0,77.971402,None,Continue,0,DeorbitReturn,,,,,,1,390.884918,390.884918,0,0,,,,,,,,,,,,,,1,0,0,0.764827,0.764828,0.588808,12870.942383,9495.076172,10690.351563
157.459996,-,0,0,0,None,Holding,0,313315.392594,7725.443651,7238.014925,2.198796,0,0,871504.26909,7415.158011,0.031691,0,123.023111,19.140911,0,,1,0,0,0,56.976502,19.140911,5.328756,-0.12217,-1,-0.003904,12870.940711,9495.073107,305.315216,-26.829576,-80.58213,10690.350439,14.266325,11.167861,14.713332,18236.843824,324.928848,313.003168,0.00442,202.927148,,,,,,,,,,,,,,,,,,,,,,,,Idle,Burn,Idle,0,0,Idle,0,0,77.971564,0,77.971564,None,Continue,0,DeorbitReturn,,,,,,1,390.447479,390.447479,0,0,,,,,,,,,,,,,,1,0,0,0.764056,0.764057,0.588808,12870.944336,9495.070313,10690.350586
157.719996,-,0,0,0,None,Holding,0,313316.253463,7725.496597,7238.067828,2.143225,0,0,873298.09195,7414.078929,0.03428,0,97.303523,18.231584,0,,1,0,0,0,82.695415,18.231584,5.339643,-0.114018,-1,-0.003735,12870.952825,9495.071622,305.939026,-25.675894,-80.733223,10690.351461,14.264649,11.166321,14.71157,18236.87911,325.094527,313.023468,0.004012,204.22351,,,,,,,,,,,,,,,,,,,,,,,,Idle,Burn,Idle,0,0,Idle,0,0,77.971726,0,77.971726,None,Continue,0,DeorbitReturn,,,,,,1,390.214172,390.214172,0,0,,,,,,,,,,,,,,1,0,0,0.763243,0.763244,0.588808,12870.970703,9495.074219,10690.351563
157.959996,-,0,0,0,None,Holding,0,313316.5102,7725.4872,7238.058391,2.06715,0,0,875082.647513,7413.054682,0.032171,0,67.338367,18.912065,0,,1,0,0,0,112.661693,18.912065,5.298521,-0.120381,-1,-0.003654,12870.965558,9495.069408,303.582886,-25.11722,-79.44799,10690.350195,14.262444,11.164837,14.709303,18236.883521,325.044344,313.04323,0.00441,202.959496,,,,,,,,,,,,,,,,,,,,,,,,Idle,Burn,Idle,0,0,Idle,0,0,77.971882,0,77.971882,None,Continue,0,DeorbitReturn,,,,,,1,389.726959,389.726959,0,0,,,,,,,,,,,,,,1,0,0,0.762471,0.762472,0.588809,12870.972656,9495.068359,10690.351563
158.239996,-,0,0,0,None,Holding,0,313316.677999,7725.457949,7238.029101,2.106475,0,0,876885.52386,7412.020423,0.033618,0,83.40811,20.21391,0,,1,0,0,0,96.592991,20.21391,5.272491,-0.132104,-1,-0.003505,12870.971603,9495.06239,302.091522,-24.09911,-78.299194,10690.34926,14.26041,11.163363,14.707201,21439.448535,324.957104,313.031138,0.005013,201.43668,,,,,,,,,,,,,,,,,,,,,,,,Idle,Burn,Idle,0,0,Idle,0,0,77.972036,0,77.972036,None,Continue,0,DeorbitReturn,,,,,,1,389.28537,389.28537,0,0,,,,,,,,,,,,,,1,0,0,0.761692,0.761693,0.58881,12870.979492,9495.05957,10690.349609
158.499996,-,0,0,0,None,Holding,0,313317.417389,7725.48145,7238.052563,2.196916,0,0,878679.016976,7410.954691,0.032409,0,117.946138,19.9131,0,,1,0,0,0,62.054178,19.9131,5.274302,-0.129412,-1,-0.003358,12870.9916,9495.062606,302.195221,-23.094887,-77.476204,10690.349915,14.258593,11.161818,14.705299,18236.928105,325.062632,313.009402,0.004907,201.673886,,,,,,,,,,,,,,,,,,,,,,,,Idle,Burn,Idle,0,0,Idle,0,0,77.972196,0,77.972196,None,Continue,0,DeorbitReturn,,,,,,1,389.036591,389.036591,0,0,,,,,,,,,,,,,,1,0,0,0.760889,0.76089,0.588809,12870.99707,9495.058594,10690.347656
158.759996,-,0,0,0,None,Holding,0,313318.41343,7725.538547,7238.109618,2.186826,0,0,880472.747337,7409.932353,0.033857,0,111.803189,18.725264,0,,1,0,0,0,68.195734,18.725264,5.237695,-0.119216,-1,-0.003257,12871.000739,9495.057363,300.097809,-22.399426,-75.621033,10690.350659,14.256418,11.160338,14.703062,18236.936092,325.254754,313.017694,0.004353,203.119366,,,,,,,,,,,,,,,,,,,,,,,,Idle,Burn,Idle,0,0,Idle,0,0,77.97236,0,77.97236,None,Continue,0,DeorbitReturn,,,,,,1,388.570221,388.570221,0,0,,,,,,,,,,,,,,1,0,0,0.760119,0.76012,0.588809,12871.005859,9495.052734,10690.349609
159.019996,-,0,0,0,None,Holding,0,313318.923428,7725.559095,7238.130124,2.097828,0,0,882266.646497,7408.854701,0.033294,0,75.979759,18.679453,0,,1,0,0,0,104.019675,18.679453,5.2557,-0.118638,-1,-0.003068,12871.01869,9495.055348,301.129425,-21.10087,-74.741173,10690.350142,14.25477,11.158799,14.701324,17873.065948,325.30268,313.043298,0.004378,203.046181,,,,,,,,,,,,,,,,,,,,,,,,Idle,Burn,Idle,0,0,Idle,0,0,77.972519,0,77.972519,None,Continue,0,DeorbitReturn,,,,,,1,388.316223,388.316223,0,0,,,,,,,,,,,,,,1,0,0,0.759307,0.759308,0.58881,12871.029297,9495.053711,10690.349609
159.279996,-,0,0,0,None,Holding,0,313319.028003,7725.527543,7238.098532,2.084273,0,0,884060.368231,7407.830931,0.033355,0,69.915842,19.936673,0,,1,0,0,0,110.085056,19.936673,5.221948,-0.130028,-1,-0.002992,12871.028882,9495.049672,299.195587,-20.581341,-72.47303,10690.349516,14.252612,11.15732,14.6991,18236.980438,325.193777,313.044883,0.005031,201.401557,,,,,,,,,,,,,,,,,,,,,,,,Idle,Burn,Idle,0,0,Idle,0,0,77.972674,0,77.972674,None,Continue,0,DeorbitReturn,,,,,,1,387.849762,387.849762,0,0,,,,,,,,,,,,,,1,0,0,0.758536,0.758537,0.588811,12871.033203,9495.044922,10690.349609
159.539996,-,0,0,0,None,Holding,0,313319.484836,7725.524461,7238.095412,2.170849,0,0,885853.872239,7406.753756,0.03354,0,103.292329,20.5436,0,,1,0,0,0,76.708549,20.5436,5.242465,-0.135194,-1,-0.002808,12871.047762,9495.047133,300.371094,-19.322142,-71.232903,10690.350021,14.25098,11.155787,14.697377,18237.018228,325.207677,313.022505,0.00532,200.805823,,,,,,,,,,,,,,,,,,,,,,,,Idle,Burn,Idle,0,0,Idle,0,0,77.972832,0,77.972832,None,Continue,0,DeorbitReturn,,,,,,1,387.362915,387.362915,0,0,,,,,,,,,,,,,,1,0,0,0.757724,0.757725,0.588811,12871.064453,9495.046875,10690.350586
159.799996,-,0,0,0,None,Holding,0,313320.460487,7725.574174,7238.145083,2.219616,0,0,887647.484912,7405.729987,0.032852,0,121.301787,19.480469,0,,1,0,0,0,58.697574,19.480469,5.211285,-0.126057,-1,-0.002736,12871.062751,9495.043164,298.584625,-18.826897,-68.622169,10690.351002,14.248837,11.154307,14.695168,18237.027407,325.390717,313.014266,0.004827,201.863835,,,,,,,,,,,,,,,,,,,,,,,,Idle,Burn,Idle,0,0,Idle,0,0,77.972996,0,77.972996,None,Continue,0,DeorbitReturn,,,,,,1,387.129333,387.129333,0,0,,,,,,,,,,,,,,1,0,0,0.756953,0.756954,0.588811,12871.069336,9495.039063,10690.349609
160.059996,-,0,0,0,None,Holding,0,313321.263662,7725.620649,7238.191516,2.153441,0,0,889441.3551,7404.650904,0.03415,0,92.66616,18.683415,0,,1,0,0,0,87.332806,18.683415,5.234599,-0.118796,-1,-0.002578,12871.080026,9495.040329,299.920441,-17.74493,-67.079781,10690.350826,14.24722,11.15277,14.693459,18237.068653,325.532397,313.036141,0.004486,202.734705,,,,,,,,,,,,,,,,,,,,,,,,Idle,Burn,Idle,0,0,Idle,0,0,77.973159,0,77.973159,None,Continue,0,DeorbitReturn,,,,,,1,386.641541,386.641541,0,0,,,,,,,,,,,,,,1,0,0,0.75614,0.756141,0.588811,12871.092773,9495.037109,10690.350586
160.319996,-,0,0,0,None,Holding,0,313321.493373,7725.605269,7238.176094,2.083407,0,0,891235.212741,7403.628565,0.032657,0,65.670863,19.440797,0,,1,0,0,0,114.329342,19.440797,5.205791,-0.125722,-1,-0.002487,12871.093804,9495.034657,298.269897,-17.120192,-64.166359,10690.350211,14.245103,11.151295,14.691275,18237.071991,325.463965,313.053399,0.00493,201.627542,,,,,,,,,,,,,,,,,,,,,,,,Idle,Burn,Idle,0,0,Idle,0,0,77.973315,0,77.973315,None,Continue,0,DeorbitReturn,,,,,,1,386.20401,386.20401,0,0,,,,,,,,,,,,,,1,0,0,0.75537,0.755371,0.588812,12871.101563,9495.03125,10690.350586
160.559996,-,0,0,0,None,Holding,0,313321.693421,7725.577622,7238.148409,2.129015,0,0,893019.523287,7402.549483,0.034518,0,83.807541,20.660454,0,,1,0,0,0,96.193588,20.660454,5.23148,-0.136251,-1,-0.002335,12871.109392,9495.030418,299.74173,-16.077436,-62.34866,10690.349721,14.243507,11.149761,14.689585,18237.112641,325.383415,313.040199,0.005534,200.413511,,,,,,,,,,,,,,,,,,,,,,,,Idle,Burn,Idle,0,0,Idle,0,0,77.973471,0,77.973471,None,Continue,0,DeorbitReturn,,,,,,1,385.970306,385.970306,0,0,,,,,,,,,,,,,,1,0,0,0.754557,0.754558,0.588813,12871.129883,9495.03125,10690.351563
160.839996,-,0,0,0,None,Holding,0,313322.451546,7725.600142,7238.170889,2.220856,0,0,894822.342515,7401.527144,0.032521,0,117.142906,20.317254,0,,1,0,0,0,62.857353,20.317254,5.204897,-0.133436,-1,-0.00225,12871.127718,9495.02556,298.218628,-15.488742,-59.13829,10690.349594,14.241407,11.148285,14.687418,18237.121344,325.485547,313.018486,0.005368,200.717975,,,,,,,,,,,,,,,,,,,,,,,,Idle,Burn,Idle,0,0,Idle,0,0,77.973633,0,77.973633,None,Continue,0,DeorbitReturn,,,,,,1,385.482941,385.482941,0,0,,,,,,,,,,,,,,1,0,0,0.753787,0.753787,0.588812,12871.135742,9495.018555,10690.348633
161.099996,-,0,0,0,None,Holding,0,313323.445483,7725.659604,7238.230308,2.214435,0,0,896616.100223,7400.448062,0.034884,0,111.162742,19.12245,0,,1,0,0,0,68.836145,19.12245,5.232733,-0.122627,-1,-0.002104,12871.143262,9495.02113,299.813507,-14.487173,-57.055752,10690.350396,14.239853,11.14677,14.685768,21439.75687,325.686967,313.025727,0.004807,201.907558,,,,,,,,,,,,,,,,,,,,,,,,Idle,Burn,Idle,0,0,Idle,0,0,77.973799,0,77.973799,None,Continue,0,DeorbitReturn,,,,,,1,384.994843,384.994843,0,0,,,,,,,,,,,,,,1,0,0,0.752973,0.752974,0.588812,12871.163086,9495.021484,10690.351563
161.359996,-,0,0,0,None,Holding,0,313323.974638,7725.675207,7238.245869,2.121685,0,0,898410.023935,7399.425723,0.032958,0,76.0039,19.000746,0,,1,0,0,0,103.995493,19.000746,5.208009,-0.121752,-1,-0.002024,12871.16438,9495.01813,298.396942,-13.941275,-53.594505,10690.350781,14.237754,11.145277,14.683599,18237.177968,325.717748,313.051349,0.004832,201.849027,,,,,,,,,,,,,,,,,,,,,,,,Idle,Burn,Idle,0,0,Idle,0,0,77.97396,0,77.97396,None,Continue,0,DeorbitReturn,,,,,,1,384.761627,384.761627,0,0,,,,,,,,,,,,,,1,0,0,0.752203,0.752204,0.588813,12871.176758,9495.015625,10690.351563
161.619996,-,0,0,0,None,Holding,0,313324.09463,7725.643177,7238.213799,2.101365,0,0,900203.784356,7398.387648,0.034143,0,67.806192,20.188309,0,,1,0,0,0,112.194685,20.188309,5.19773,-0.132308,-1,-0.001951,12871.175553,9495.011511,297.808014,-13.440042,-50.376633,10690.35023,14.235842,11.143807,14.681613,21439.794302,325.605498,313.054636,0.005483,200.509457,,,,,,,,,,,,,,,,,,,,,,,,Idle,Burn,Idle,0,0,Idle,0,0,77.974116,0,77.974116,None,Continue,0,DeorbitReturn,,,,,,1,384.293976,384.293976,0,0,,,,,,,,,,,,,,1,0,0,0.751421,0.751422,0.588814,12871.188477,9495.009766,10690.351563
161.879996,-,0,0,0,None,Holding,0,313324.519577,7725.634262,7238.204845,2.187068,0,0,901997.323703,7397.322394,0.033212,0,99.572861,20.873061,0,,1,0,0,0,80.428076,20.873061,5.214674,-0.138185,-1,-0.001837,12871.198863,9495.00923,298.778778,-12.652441,-47.611412,10690.349599,14.234142,11.142268,14.679822,18237.228155,325.598849,313.032579,0.005785,199.993385,,,,,,,,,,,,,,,,,,,,,,,,Idle,Burn,Idle,0,0,Idle,0,0,77.974275,0,77.974275,None,Continue,0,DeorbitReturn,,,,,,1,384.039612,384.039612,0,0,,,,,,,,,,,,,,1,0,0,0.750619,0.75062,0.588814,12871.212891,9495.007813,10690.349609
162.139996,-,0,0,0,None,Holding,0,313325.472785,7725.679659,7238.250201,2.245104,0,0,903790.942366,7396.298625,0.034028,0,120.880046,19.902915,0,,1,0,0,0,59.119444,19.902915,5.192498,-0.129801,-1,-0.001793,12871.214098,9495.004643,297.508209,-12.353456,-43.909065,10690.35116,14.232105,11.140793,14.677714,18237.244248,325.769636,313.02165,0.005315,200.819946,,,,,,,,,,,,,,,,,,,,,,,,Idle,Burn,Idle,0,0,Idle,0,0,77.97444,0,77.97444,None,Continue,0,DeorbitReturn,,,,,,1,383.571808,383.571808,0,0,,,,,,,,,,,,,,1,0,0,0.749847,0.749848,0.588813,12871.222656,9495.000977,10690.351563
162.399996,-,0,0,0,None,Holding,0,313326.330533,7725.727848,7238.298346,2.189082,0,0,905584.818198,7395.220973,0.033751,0,95.944957,18.943106,0,,1,0,0,0,84.05394,18.943106,5.224225,-0.121039,-1,-0.001641,12871.236669,9495.001249,299.32605,-11.309114,-41.287449,10690.350152,14.230577,11.139264,14.676088,18237.281084,325.920203,313.040635,0.004922,201.635093,,,,,,,,,,,,,,,,,,,,,,,,Idle,Burn,Idle,0,0,Idle,0,0,77.974606,0,77.974606,None,Continue,0,DeorbitReturn,,,,,,1,383.084015,383.084015,0,0,,,,,,,,,,,,,,1,0,0,0.749036,0.749037,0.588813,12871.251953,9495,10690.349609
162.659996,-,0,0,0,None,Holding,0,313326.623541,7725.716534,7238.28699,2.110138,0,0,907378.719476,7394.196726,0.033658,0,66.017972,19.502217,0,,1,0,0,0,113.982059,19.502217,5.203378,-0.126137,-1,-0.001605,12871.250383,9494.994932,298.131592,-11.064141,-37.39674,10690.349765,14.228561,11.13779,14.674003,18237.296343,325.863609,313.060194,0.0053,200.850249,,,,,,,,,,,,,,,,,,,,,,,,Idle,Burn,Idle,0,0,Idle,0,0,77.974765,0,77.974765,None,Continue,0,DeorbitReturn,,,,,,1,382.850037,382.850037,0,0,,,,,,,,,,,,,,1,0,0,0.748264,0.748265,0.588814,12871.257813,9494.989258,10690.349609
162.919996,-,0,0,0,None,Holding,0,313326.789825,7725.686792,7238.257209,2.140322,0,0,909172.380483,7393.117644,0.03387,0,78.150268,20.730374,0,,1,0,0,0,101.850883,20.730374,5.236409,-0.136665,-1,-0.001486,12871.271975,9494.991877,300.024139,-10.242621,-34.636848,10690.349513,14.22705,11.136257,14.672393,18237.338066,325.771755,313.051036,0.005925,199.778371,,,,,,,,,,,,,,,,,,,,,,,,Idle,Burn,Idle,0,0,Idle,0,0,77.974922,0,77.974922,None,Continue,0,DeorbitReturn,,,,,,1,382.361511,382.361511,0,0,,,,,,,,,,,,,,1,0,0,0.747451,0.747452,0.588814,12871.286133,9494.988281,10690.349609
163.179996,-,0,0,0,None,Holding,0,313327.470039,7725.699296,7238.269674,2.237566,0,0,910965.922685,7392.095305,0.033669,0,112.540633,20.657504,0,,1,0,0,0,67.459846,20.657504,5.216627,-0.136178,-1,-0.001436,12871.289176,9494.987134,298.890717,-9.896136,-30.612091,10690.349814,14.22506,11.134787,14.670333,18237.355471,325.840868,313.027603,0.005868,199.866917,,,,,,,,,,,,,,,,,,,,,,,,Idle,Burn,Idle,0,0,Idle,0,0,77.975085,0,77.975085,None,Continue,0,DeorbitReturn,,,,,,1,381.894012,381.894012,0,0,,,,,,,,,,,,,,1,0,0,0.746681,0.746682,0.588813,12871.295898,9494.978516,10690.345703
163.439996,-,0,0,0,None,Holding,0,313328.484161,7725.755919,7238.326253,2.250209,0,0,912759.661585,7391.016223,0.034205,0,114.680189,19.433741,0,,1,0,0,0,65.318773,19.433741,5.250701,-0.125071,-1,-0.001325,12871.311916,9494.984132,300.843048,-9.13675,-27.721897,10690.350686,14.223572,11.133256,14.668746,18237.400532,326.03785,313.029474,0.005318,200.812881,,,,,,,,,,,,,,,,,,,,,,,,Idle,Burn,Idle,0,0,Idle,0,0,77.975253,0,77.975253,None,Continue,0,DeorbitReturn,,,,,,1,381.639404,381.639404,0,0,,,,,,,,,,,,,,1,0,0,0.745868,0.745869,0.588813,12871.325195,9494.981445,10690.349609
163.699996,-,0,0,0,None,Holding,0,313329.119603,7725.779635,7238.349926,2.15964,0,0,914553.602553,7389.991976,0.033428,0,80.802139,18.994515,0,,1,0,0,0,99.197066,18.994515,5.231765,-0.121348,-1,-0.001307,12871.328757,9494.979426,299.758057,-9.014395,-23.585165,10690.350403,14.221605,11.131783,14.666707,18237.413168,326.097051,313.054876,0.005216,201.009848,,,,,,,,,,,,,,,,,,,,,,,,Idle,Burn,Idle,0,0,Idle,0,0,77.975416,0,77.975416,None,Continue,0,DeorbitReturn,,,,,,1,381.171173,381.171173,0,0,,,,,,,,,,,,,,1,0,0,0.745096,0.745097,0.588813,12871.337891,9494.973633,10690.349609
163.959996,-,0,0,0,None,Holding,0,313329.270588,7725.754833,7238.325083,2.11541,0,0,916347.431909,7388.912894,0.03453,0,64.66082,20.034638,0,,1,0,0,0,115.339882,20.034638,5.266732,-0.130197,-1,-0.001207,12871.347696,9494.9764,301.761536,-8.32565,-20.655958,10690.350034,14.22014,11.130254,14.665141,18237.458229,326.003482,313.064585,0.005813,199.95715,,,,,,,,,,,,,,,,,,,,,,,,Idle,Burn,Idle,0,0,Idle,0,0,77.975574,0,77.975574,None,Continue,0,DeorbitReturn,,,,,,1,380.937073,380.937073,0,0,,,,,,,,,,,,,,1,0,0,0.744283,0.744284,0.588813,12871.361328,9494.97168,10690.347656
164.219996,-,0,0,0,None,Holding,0,313329.60493,7725.733918,7238.304129,2.194281,0,0,918141.019058,7387.889124,0.032785,0,92.198665,20.92467,0,,1,0,0,0,87.802396,20.92467,5.248451,-0.138186,-1,-0.001199,12871.367444,9494.972382,300.714111,-8.270455,-16.463282,10690.349469,14.218195,11.12878,14.663123,18237.471581,325.953827,313.043899,0.00622,199.356765,,,,,,,,,,,,,,,,,,,,,,,,Idle,Burn,Idle,0,0,Idle,0,0,77.975734,0,77.975734,None,Continue,0,DeorbitReturn,,,,,,1,380.448181,380.448181,0,0,,,,,,,,,,,,,,1,0,0,0.743512,0.743513,0.588812,12871.376953,9494.967773,10690.349609
164.479996,-,0,0,0,None,Holding,0,313330.500167,7725.771776,7238.341946,2.273314,0,0,919934.622829,7386.809565,0.034724,0,119.652054,20.17474,0,,1,0,0,0,60.347701,20.17474,5.284063,-0.131248,-1,-0.001109,12871.387676,9494.969605,302.754517,-7.651574,-13.505657,10690.350364,14.21675,11.127253,14.661579,18237.520456,326.104339,313.027107,0.005883,199.845912,,,,,,,,,,,,,,,,,,,,,,,,Idle,Burn,Idle,0,0,Idle,0,0,77.975901,0,77.975901,None,Continue,0,DeorbitReturn,,,,,,1,379.959229,379.959229,0,0,,,,,,,,,,,,,,1,0,0,0.742699,0.7427,0.588811,12871.40918,9494.969727,10690.351563
164.739996,-,0,0,0,None,Holding,0,313331.438135,7725.821882,7238.392008,2.228538,0,0,921728.481622,7385.785796,0.033036,0,101.975604,19.013045,0,,1,0,0,0,78.023241,19.013045,5.266334,-0.121148,-1,-0.001111,12871.40978,9494.967836,301.738708,-7.665804,-9.289526,10690.351099,14.214828,11.125778,14.659585,18237.539649,326.264573,313.043124,0.005387,200.678417,,,,,,,,,,,,,,,,,,,,,,,,Idle,Burn,Idle,0,0,Idle,0,0,77.976069,0,77.976069,None,Continue,0,DeorbitReturn,,,,,,1,379.695679,379.695679,0,0,,,,,,,,,,,,,,1,0,0,0.741927,0.741928,0.58881,12871.422852,9494.966797,10690.350586
164.999996,-,0,0,0,None,Holding,0,313331.83125,7725.823712,7238.393795,2.138434,0,0,923522.427602,7384.7358,0.034516,0,68.77207,19.257999,0,,1,0,0,0,111.227678,19.257999,5.275906,-0.123208,-1,-0.001052,12871.424204,9494.962363,302.28717,-7.260151,-5.73398,10690.350018,14.213188,11.124301,14.657859,21440.225601,326.250118,313.066199,0.00561,200.286832,,,,,,,,,,,,,,,,,,,,,,,,Idle,Burn,Idle,0,0,Idle,0,0,77.976231,0,77.976231,None,Continue,0,DeorbitReturn,,,,,,1,379.227753,379.227753,0,0,,,,,,,,,,,,,,1,0,0,0.741136,0.741137,0.58881,12871.436523,9494.958984,10690.347656
165.259996,-,0,0,0,None,Holding,0,313331.96543,7725.790184,7238.360228,2.150635,0,0,925316.16004,7383.684374,0.033153,0,72.172467,20.479077,0,,1,0,0,0,107.828637,20.479077,5.285363,-0.133869,-1,-0.001021,12871.449032,9494.960736,302.82901,-7.043092,-2.101861,10690.349756,14.211506,11.122781,14.656089,18237.597823,326.140764,313.061413,0.006258,199.311119,,,,,,,,,,,,,,,,,,,,,,,,Idle,Burn,Idle,0,0,Idle,0,0,77.976389,0,77.976389,None,Continue,0,DeorbitReturn,,,,,,1,378.9729,378.9729,0,0,,,,,,,,,,,,,,1,0,0,0.740344,0.740345,0.588809,12871.462891,9494.959961,10690.350586
165.519996,-,0,0,0,None,Holding,0,313332.546621,7725.791759,7238.361763,2.248311,0,0,927109.72066,7382.648207,0.034066,0,106.786515,20.707553,0,,1,0,0,0,73.214185,20.707553,5.282049,-0.135894,-1,-0.000994,12871.465191,9494.956553,302.639099,-6.858521,1.771714,10690.350075,14.209767,11.121317,14.654271,21440.291107,326.172395,313.037543,0.006351,199.187589,,,,,,,,,,,,,,,,,,,,,,,,Idle,Burn,Idle,0,0,Idle,0,0,77.976553,0,77.976553,None,Continue,0,DeorbitReturn,,,,,,1,378.475525,378.475525,0,0,,,,,,,,,,,,,,1,0,0,0.739564,0.739565,0.588808,12871.477539,9494.953125,10690.351563
165.779996,-,0,0,0,None,Holding,0,313333.563594,7725.844248,7238.414208,2.278298,0,0,928903.435318,7381.582476,0.033399,0,117.463501,19.526002,0,,1,0,0,0,62.5356,19.526002,5.305272,-0.125267,-1,-0.000951,12871.492274,9494.956087,303.969696,-6.563468,5.086972,10690.35091,14.208226,11.119782,14.652635,18237.665057,326.359922,313.034553,0.00582,199.943199,,,,,,,,,,,,,,,,,,,,,,,,Idle,Burn,Idle,0,0,Idle,0,0,77.976722,0,77.976722,None,Continue,0,DeorbitReturn,,,,,,1,378.191284,378.191284,0,0,,,,,,,,,,,,,,1,0,0,0.738761,0.738762,0.588807,12871.509766,9494.957031,10690.353516
166.039996,-,0,0,0,None,Holding,0,313334.299735,7725.876738,7238.446654,2.195745,0,0,930697.384025,7380.560137,0.034136,0,86.111109,18.783179,0,,1,0,0,0,93.887936,18.783179,5.288941,-0.118852,-1,-0.000956,12871.50727,9494.952049,303.034027,-6.602979,9.226277,10690.350195,14.206367,11.118313,14.650702,18237.685442,326.451254,313.058317,0.005581,200.330286,,,,,,,,,,,,,,,,,,,,,,,,Idle,Burn,Idle,0,0,Idle,0,0,77.976888,0,77.976888,None,Continue,0,DeorbitReturn,,,,,,1,377.723114,377.723114,0,0,,,,,,,,,,,,,,1,0,0,0.737991,0.737992,0.588806,12871.518555,9494.950195,10690.351563
166.299996,-,0,0,0,None,Holding,0,313334.492578,7725.857999,7238.427874,2.139575,0,0,932491.274351,7379.481055,0.033136,0,63.482643,19.67239,0,,1,0,0,0,116.517888,19.67239,5.326039,-0.126344,-1,-0.000903,12871.53205,9494.951639,305.159546,-6.232705,12.176238,10690.349762,14.204984,11.116784,14.649219,18237.732768,326.37551,313.071271,0.006101,199.528451,,,,,,,,,,,,,,,,,,,,,,,,Idle,Burn,Idle,0,0,Idle,0,0,77.977048,0,77.977048,None,Continue,0,DeorbitReturn,,,,,,1,377.233673,377.233673,0,0,,,,,,,,,,,,,,1,0,0,0.737178,0.737179,0.588806,12871.545898,9494.951172,10690.349609
166.559996,-,0,0,0,None,Holding,0,313334.763822,7725.830558,7238.400393,2.206631,0,0,934284.907851,7378.457285,0.033806,0,86.824887,20.675827,0,,1,0,0,0,93.176249,20.675827,5.310068,-0.135304,-1,-0.000943,12871.549797,9494.957552,304.244507,-6.50918,16.251051,10690.349598,14.203142,11.115313,14.647303,18237.753391,326.30036,313.05344,0.006591,198.891583,,,,,,,,,,,,,,,,,,,,,,,,Idle,Burn,Idle,0,0,Idle,0,0,77.97721,0,77.97721,None,Continue,0,DeorbitReturn,,,,,,1,376.999207,376.999207,0,0,,,,,,,,,,,,,,1,0,0,0.736406,0.736407,0.588806,12871.561523,9494.963867,10690.349609
166.819996,-,0,0,0,None,Holding,0,313335.612047,7725.861438,7238.431232,2.291214,0,0,936078.51039,7377.377726,0.033791,0,117.877336,20.107524,0,,1,0,0,0,62.122618,20.107524,5.347693,-0.129956,-1,-0.0009,12871.57503,9494.970918,306.400269,-6.216809,19.067768,10690.350505,14.201777,11.113786,14.645837,18237.800717,326.428354,313.034973,0.00634,199.20449,,,,,,,,,,,,,,,,,,,,,,,,Idle,Burn,Idle,0,0,Idle,0,0,77.977377,0,77.977377,None,Continue,0,DeorbitReturn,,,,,,1,376.509583,376.509583,0,0,,,,,,,,,,,,,,1,0,0,0.735593,0.735594,0.588804,12871.592773,9494.980469,10690.351563
167.059996,-,0,0,0,None,Holding,0,313336.594423,7725.91337,7238.48312,2.259019,0,0,937863.071632,7376.353957,0.033635,0,105.366092,18.839454,0,,1,0,0,0,74.632723,18.839454,5.332125,-0.118912,-1,-0.000951,12871.594322,9494.983303,305.50827,-6.568253,23.015224,10690.350648,14.199955,11.112314,14.64394,18237.826824,326.598266,313.047687,0.005801,199.968778,,,,,,,,,,,,,,,,,,,,,,,,Idle,Burn,Idle,0,0,Idle,0,0,77.977547,0,77.977547,None,Continue,0,DeorbitReturn,,,,,,1,376.069824,376.069824,0,0,,,,,,,,,,,,,,1,0,0,0.734822,0.734823,0.588804,12871.604492,9494.990234,10690.350586
167.339996,-,0,0,0,None,Holding,0,313337.045044,7725.923934,7238.493641,2.16955,0,0,939666.342329,7375.276305,0.033891,0,70.546546,18.89544,0,,1,0,0,0,109.453092,18.89544,5.370289,-0.119058,-1,-0.000896,12871.617002,9494.997759,307.694885,-6.187202,25.692257,10690.350669,14.198609,11.110788,14.642493,18237.86974,326.613951,313.070971,0.005944,199.752669,,,,,,,,,,,,,,,,,,,,,,,,Idle,Burn,Idle,0,0,Idle,0,0,77.977711,0,77.977711,None,Continue,0,DeorbitReturn,,,,,,1,375.791077,375.791077,0,0,,,,,,,,,,,,,,1,0,0,0.73401,0.734011,0.588804,12871.636719,9495.007813,10690.350586
167.599996,-,0,0,0,None,Holding,0,313337.17274,7725.887081,7238.456747,2.172624,0,0,941460.117594,7374.253966,0.03306,0,70.13052,20.107715,0,,1,0,0,0,109.870573,20.107715,5.355096,-0.129846,-1,-0.000933,12871.637058,9495.01063,306.824432,-6.445606,29.520693,10690.349427,14.196805,11.10932,14.640615,18237.892747,326.490984,313.068277,0.006604,198.881305,,,,,,,,,,,,,,,,,,,,,,,,Idle,Burn,Idle,0,0,Idle,0,0,77.977872,0,77.977872,None,Continue,0,DeorbitReturn,,,,,,1,375.317352,375.317352,0,0,,,,,,,,,,,,,,1,0,0,0.73324,0.733241,0.588804,12871.648438,9495.018555,10690.347656
167.859996,-,0,0,0,None,Holding,0,313337.726466,7725.887331,7238.456957,2.269367,0,0,943253.698199,7373.174883,0.033953,0,105.05707,20.412772,0,,1,0,0,0,74.943672,20.412772,5.393934,-0.132177,-1,-0.000912,12871.659394,9495.024573,309.049683,-6.304263,32.040619,10690.350734,14.195475,11.107793,14.639183,18237.946987,326.517514,313.04493,0.006767,198.692422,,,,,,,,,,,,,,,,,,,,,,,,Idle,Burn,Idle,0,0,Idle,0,0,77.978037,0,77.978037,None,Continue,0,DeorbitReturn,,,,,,1,374.856812,374.856812,0,0,,,,,,,,,,,,,,1,0,0,0.732427,0.732428,0.588803,12871.685547,9495.038086,10690.353516
168.099996,-,0,0,0,None,Holding,0,313338.752277,7725.937665,7238.507247,2.301636,0,0,945038.131777,7372.150637,0.032812,0,117.804979,19.233479,0,,1,0,0,0,62.194114,19.233479,5.379233,-0.121912,-1,-0.000984,12871.682843,9495.037692,308.207367,-6.799603,35.714085,10690.351005,14.193682,11.106322,14.637316,18237.97214,326.698343,313.041197,0.006206,199.381538,,,,,,,,,,,,,,,,,,,,,,,,Idle,Burn,Idle,0,0,Idle,0,0,77.978208,0,77.978208,None,Continue,0,DeorbitReturn,,,,,,1,374.622131,374.622131,0,0,,,,,,,,,,,,,,1,0,0,0.731655,0.731656,0.588802,12871.693359,9495.044922,10690.348633
168.379996,-,0,0,0,None,Holding,0,313339.505287,7725.97363,7238.543168,2.221597,0,0,946841.394741,7371.100642,0.034018,0,86.318049,18.410884,0,,1,0,0,0,93.680987,18.410884,5.392075,-0.114548,-1,-0.000994,12871.700263,9495.049442,308.943146,-6.86864,38.6343,10690.351052,14.192161,11.104846,14.635707,21440.713167,326.802494,313.064238,0.00596,199.724773,,,,,,,,,,,,,,,,,,,,,,,,Idle,Burn,Idle,0,0,Idle,0,0,77.978376,0,77.978376,None,Continue,0,DeorbitReturn,,,,,,1,374.153351,374.153351,0,0,,,,,,,,,,,,,,1,0,0,0.730864,0.730865,0.588801,12871.719727,9495.0625,10690.352539
168.639996,-,0,0,0,None,Holding,0,313339.694712,7725.951225,7238.520721,2.168069,0,0,948635.308161,7370.049216,0.032897,0,63.456403,19.329777,0,,1,0,0,0,116.544164,19.329777,5.404685,-0.122508,-1,-0.001032,12871.726618,9495.062987,309.665619,-7.131697,41.512489,10690.35067,14.190591,11.103326,14.634048,18238.042355,326.715066,313.076174,0.006498,199.010088,,,,,,,,,,,,,,,,,,,,,,,,Idle,Burn,Idle,0,0,Idle,0,0,77.978538,0,77.978538,None,Continue,0,DeorbitReturn,,,,,,1,373.89798,373.89798,0,0,,,,,,,,,,,,,,1,0,0,0.730072,0.730073,0.588801,12871.738281,9495.068359,10690.349609
168.899996,-,0,0,0,None,Holding,0,313339.983542,7725.925171,7238.494627,2.238639,0,0,950428.954048,7369.025446,0.033528,0,88.470043,20.285952,0,,1,0,0,0,91.531091,20.285952,5.391454,-0.13102,-1,-0.001119,12871.743551,9495.072829,308.907562,-7.738687,44.813335,10690.349422,14.188826,11.101857,14.632207,18238.066196,326.645277,313.057824,0.006964,198.4826,,,,,,,,,,,,,,,,,,,,,,,,Idle,Burn,Idle,0,0,Idle,0,0,77.978701,0,77.978701,None,Continue,0,DeorbitReturn,,,,,,1,373.428436,373.428436,0,0,,,,,,,,,,,,,,1,0,0,0.7293,0.729302,0.588801,12871.753906,9495.078125,10690.347656
169.159996,-,0,0,0,None,Holding,0,313340.87309,7725.95992,7238.529334,2.317564,0,0,952222.584076,7367.945887,0.03322,0,118.873171,19.621221,0,,1,0,0,0,61.126619,19.621221,5.431807,-0.124806,-1,-0.001124,12871.771955,9495.085902,311.219635,-7.770485,46.805882,10690.35021,14.187521,11.10033,14.6308,18238.114715,326.784819,313.041274,0.006668,198.808439,,,,,,,,,,,,,,,,,,,,,,,,Idle,Burn,Idle,0,0,Idle,0,0,77.978871,0,77.978871,None,Continue,0,DeorbitReturn,,,,,,1,372.938202,372.938202,0,0,,,,,,,,,,,,,,1,0,0,0.728487,0.728488,0.5888,12871.791992,9495.09668,10690.352539
169.419996,-,0,0,0,None,Holding,0,313341.84301,7726.010055,7238.579424,2.274944,0,0,954016.481308,7366.922118,0.033617,0,102.283448,18.332403,0,,1,0,0,0,77.715338,18.332403,5.419335,-0.113565,-1,-0.001221,12871.790863,9495.096114,310.505035,-8.443715,49.843685,10690.34967,14.185765,11.09886,14.628968,18238.143444,326.94631,313.056204,0.006164,199.434307,,,,,,,,,,,,,,,,,,,,,,,,Idle,Burn,Idle,0,0,Idle,0,0,77.979043,0,77.979043,None,Continue,0,DeorbitReturn,,,,,,1,372.703369,372.703369,0,0,,,,,,,,,,,,,,1,0,0,0.727716,0.727717,0.588799,12871.800781,9495.100586,10690.345703
169.679996,-,0,0,0,None,Holding,0,313342.230477,7726.013514,7238.582839,2.18905,0,0,955810.477814,7365.843035,0.033534,0,67.872738,18.592391,0,,1,0,0,0,112.127114,18.592391,5.460798,-0.115477,-1,-0.001235,12871.816033,9495.107471,312.880707,-8.542641,51.528503,10690.349863,14.184471,11.097333,14.627572,18238.189697,326.939069,313.077768,0.006416,199.109496,,,,,,,,,,,,,,,,,,,,,,,,Idle,Burn,Idle,0,0,Idle,0,0,77.979208,0,77.979208,None,Continue,0,DeorbitReturn,,,,,,1,372.212982,372.212982,0,0,,,,,,,,,,,,,,1,0,0,0.726903,0.726904,0.588799,12871.832031,9495.113281,10690.348633
169.939996,-,0,0,0,None,Holding,0,313342.374214,7725.977438,7238.546722,2.212676,0,0,957604.235389,7364.818789,0.032824,0,74.604892,19.814055,0,,1,0,0,0,105.396292,19.814055,5.449157,-0.126306,-1,-0.001341,12871.838214,9495.117252,312.213684,-9.277449,54.278069,10690.34965,14.182724,11.095864,14.62575,18238.215685,326.823619,313.070279,0.007056,198.391663,,,,,,,,,,,,,,,,,,,,,,,,Idle,Burn,Idle,0,0,Idle,0,0,77.979371,0,77.979371,None,Continue,0,DeorbitReturn,,,,,,1,371.743195,371.743195,0,0,,,,,,,,,,,,,,1,0,0,0.726131,0.726133,0.588798,12871.850586,9495.124023,10690.349609
170.199996,-,0,0,0,None,Holding,0,313343.04262,7725.988956,7238.5582,2.310323,0,0,959397.832138,7363.739707,0.033797,0,111.056213,19.822071,0,,1,0,0,0,68.944258,19.822071,5.491826,-0.12599,-1,-0.001364,12871.861917,9495.127109,314.658447,-9.438947,55.632065,10690.349933,14.181438,11.094338,14.62436,18238.265514,326.888536,313.047706,0.007073,198.374592,,,,,,,,,,,,,,,,,,,,,,,,Idle,Burn,Idle,0,0,Idle,0,0,77.979539,0,77.979539,None,Continue,0,DeorbitReturn,,,,,,1,371.503082,371.503082,0,0,,,,,,,,,,,,,,1,0,0,0.725318,0.725319,0.588797,12871.882813,9495.133789,10690.348633
170.459996,-,0,0,0,None,Holding,0,313344.096225,7726.042787,7238.611986,2.316493,0,0,961191.633834,7362.71546,0.032479,0,114.015927,18.499884,0,,1,0,0,0,65.982947,18.499884,5.481061,-0.114446,-1,-0.001479,12871.887676,9495.137422,314.041656,-10.23075,58.070179,10690.350764,14.179694,11.092868,14.62254,18238.293171,327.074772,313.050743,0.00649,199.015975,,,,,,,,,,,,,,,,,,,,,,,,Idle,Burn,Idle,0,0,Idle,0,0,77.979712,0,77.979712,None,Continue,0,DeorbitReturn,,,,,,1,371.017639,371.017639,0,0,,,,,,,,,,,,,,1,0,0,0.724547,0.724548,0.588796,12871.900391,9495.141602,10690.347656
170.719996,-,0,0,0,None,Holding,0,313344.716589,7726.067463,7238.636618,2.226353,0,0,962985.651358,7361.664511,0.03361,0,78.273457,18.031754,0,,1,0,0,0,101.725854,18.031754,5.498169,-0.110168,-1,-0.001537,12871.906583,9495.144992,315.021881,-10.635876,59.675396,10690.350503,14.178212,11.091392,14.620969,21283.439815,327.138595,313.07494,0.006446,199.069423,,,,,,,,,,,,,,,,,,,,,,,,Idle,Burn,Idle,0,0,Idle,0,0,77.979881,0,77.979881,None,Continue,0,DeorbitReturn,,,,,,1,370.782654,370.782654,0,0,,,,,,,,,,,,,,1,0,0,0.723755,0.723756,0.588796,12871.930664,9495.154297,10690.353516
170.979996,-,0,0,0,None,Holding,0,313344.844347,7726.037832,7238.606944,2.203382,0,0,964779.52323,7360.613085,0.032424,0,66.447727,19.204035,0,,1,0,0,0,113.55325,19.204035,5.515053,-0.120311,-1,-0.001615,12871.9351,9495.15521,315.989288,-11.175473,61.197845,10690.350067,14.176679,11.089875,14.619345,18238.368869,327.033956,313.079018,0.00708,198.370767,,,,,,,,,,,,,,,,,,,,,,,,Idle,Burn,Idle,0,0,Idle,0,0,77.980044,0,77.980044,None,Continue,0,DeorbitReturn,,,,,,1,370.321564,370.321564,0,0,,,,,,,,,,,,,,1,0,0,0.722963,0.722964,0.588795,12871.951172,9495.160156,10690.349609
171.239996,-,0,0,0,None,Holding,0,313345.298097,7726.026737,7238.595809,2.294835,0,0,966573.142877,7359.588839,0.033166,0,100.178202,19.792129,0,,1,0,0,0,79.822714,19.792129,5.506332,-0.125541,-1,-0.00174,12871.954871,9495.162252,315.489624,-12.047223,63.097061,10690.350441,14.174946,11.088407,14.617536,18238.397598,327.020047,313.056758,0.007335,198.124226,,,,,,,,,,,,,,,,,,,,,,,,Idle,Burn,Idle,0,0,Idle,0,0,77.980211,0,77.980211,None,Continue,0,DeorbitReturn,,,,,,1,369.85141,369.85141,0,0,,,,,,,,,,,,,,1,0,0,0.722191,0.722193,0.588795,12871.96875,9495.166992,10690.351563
171.499996,-,0,0,0,None,Holding,0,313346.323444,7726.076276,7238.645305,2.345454,0,0,968366.862642,7358.511664,0.033195,0,119.843901,18.699973,0,,1,0,0,0,60.155284,18.699973,5.551303,-0.115537,-1,-0.001757,12871.983524,9495.172047,318.066254,-12.161753,63.631149,10690.350803,14.17367,11.086885,14.616155,18238.450289,327.202751,313.048443,0.006874,198.581466,,,,,,,,,,,,,,,,,,,,,,,,Idle,Burn,Idle,0,0,Idle,0,0,77.980385,0,77.980385,None,Continue,0,DeorbitReturn,,,,,,1,369.595642,369.595642,0,0,,,,,,,,,,,,,,1,0,0,0.72138,0.721381,0.588794,12871.998047,9495.175781,10690.347656
171.759996,-,0,0,0,None,Holding,0,313347.142076,7726.113856,7238.682839,2.26898,0,0,970160.861147,7357.487418,0.032826,0,89.261789,17.6966,0,,1,0,0,0,90.737193,17.6966,5.543315,-0.106777,-1,-0.001888,12872.005511,9495.179226,317.608551,-13.074251,65.21611,10690.351384,14.171936,11.085416,14.614344,18238.473892,327.313708,313.070344,0.006584,198.9014,,,,,,,,,,,,,,,,,,,,,,,,Idle,Burn,Idle,0,0,Idle,0,0,77.980556,0,77.980556,None,Continue,0,DeorbitReturn,,,,,,1,369.126007,369.126007,0,0,,,,,,,,,,,,,,1,0,0,0.720608,0.720609,0.588794,12872.020508,9495.18457,10690.353516
172.019996,-,0,0,0,None,Holding,0,313347.343536,7726.098867,7238.667807,2.208658,0,0,971954.820133,7356.410243,0.033455,0,64.298837,18.602765,0,,1,0,0,0,115.701743,18.602765,5.589588,-0.114322,-1,-0.001911,12872.027924,9495.184844,320.259796,-13.230779,65.397888,10690.349895,14.170664,11.083895,14.612966,18238.520145,327.250123,313.084219,0.007099,198.353339,,,,,,,,,,,,,,,,,,,,,,,,Idle,Burn,Idle,0,0,Idle,0,0,77.980722,0,77.980722,None,Continue,0,DeorbitReturn,,,,,,1,368.635681,368.635681,0,0,,,,,,,,,,,,,,1,0,0,0.719796,0.719798,0.588794,12872.050781,9495.192383,10690.349609
172.279996,-,0,0,0,None,Holding,0,313347.635119,7726.074375,7238.643275,2.279614,0,0,973748.495766,7355.385996,0.032046,0,90.01981,19.575848,0,,1,0,0,0,89.981323,19.575848,5.582251,-0.12292,-1,-0.002047,12872.05415,9495.191974,319.839417,-14.177422,66.655533,10690.350302,14.168927,11.082426,14.611152,18238.550544,327.18536,313.066298,0.007561,197.925881,,,,,,,,,,,,,,,,,,,,,,,,Idle,Burn,Idle,0,0,Idle,0,0,77.980888,0,77.980888,None,Continue,0,DeorbitReturn,,,,,,1,368.400452,368.400452,0,0,,,,,,,,,,,,,,1,0,0,0.719025,0.719026,0.588793,12872.071289,9495.196289,10690.351563
172.539996,-,0,0,0,None,Holding,0,313348.568045,7726.111265,7238.680122,2.356588,0,0,975542.161832,7354.336001,0.03333,0,120.463457,18.838414,0,,1,0,0,0,59.536167,18.838414,5.602787,-0.116249,-1,-0.002118,12872.074931,9495.197144,321.016022,-14.669819,67.085091,10690.350731,14.167447,11.080954,14.609581,21441.320896,327.331451,313.050689,0.007219,198.235529,,,,,,,,,,,,,,,,,,,,,,,,Idle,Burn,Idle,0,0,Idle,0,0,77.981061,0,77.981061,None,Continue,0,DeorbitReturn,,,,,,1,367.930634,367.930634,0,0,,,,,,,,,,,,,,1,0,0,0.718234,0.718235,0.588792,12872.09375,9495.201172,10690.349609
172.799996,-,0,0,0,None,Holding,0,313349.524246,7726.161564,7238.730375,2.3059,0,0,977336.121204,7353.284575,0.032398,0,98.863972,17.54439,0,,1,0,0,0,81.134851,17.54439,5.622859,-0.104696,-1,-0.002214,12872.104163,9495.204146,322.166077,-15.341428,67.393585,10690.350673,14.165913,11.079439,14.607954,18238.628268,327.491987,313.067196,0.006787,198.671029,,,,,,,,,,,,,,,,,,,,,,,,Idle,Burn,Idle,0,0,Idle,0,0,77.981235,0,77.981235,None,Continue,0,DeorbitReturn,,,,,,1,367.468811,367.468811,0,0,,,,,,,,,,,,,,1,0,0,0.717442,0.717443,0.588792,12872.123047,9495.208984,10690.353516
173.059996,-,0,0,0,None,Holding,0,313349.836217,7726.152607,7238.721374,2.226874,0,0,979130.139572,7352.262236,0.033166,0,66.136749,18.085303,0,,1,0,0,0,113.863448,18.085303,5.617167,-0.109483,-1,-0.002332,12872.124071,9495.207754,321.839996,-16.160925,68.068344,10690.349888,14.164172,11.077973,14.606136,18238.652468,327.444557,313.085884,0.007158,198.294832,,,,,,,,,,,,,,,,,,,,,,,,Idle,Burn,Idle,0,0,Idle,0,0,77.981403,0,77.981403,None,Continue,0,DeorbitReturn,,,,,,1,367.23349,367.23349,0,0,,,,,,,,,,,,,,1,0,0,0.716672,0.716673,0.588793,12872.134766,9495.207031,10690.348633
173.319996,-,0,0,0,None,Holding,0,313350.02795,7726.126162,7238.694888,2.267946,0,0,980923.879677,7351.185061,0.032867,0,82.218589,19.266113,0,,1,0,0,0,97.782627,19.266113,5.665193,-0.119419,-1,-0.002364,12872.151986,9495.213556,324.591644,-16.381176,67.368958,10690.350123,14.162895,11.076454,14.604752,18238.702059,327.365879,313.075096,0.00777,197.755361,,,,,,,,,,,,,,,,,,,,,,,,Idle,Burn,Idle,0,0,Idle,0,0,77.981569,0,77.981569,None,Continue,0,DeorbitReturn,,,,,,1,366.742798,366.742798,0,0,,,,,,,,,,,,,,1,0,0,0.71586,0.715861,0.588792,12872.173828,9495.21875,10690.351563
173.579996,-,0,0,0,None,Holding,0,313350.852729,7726.150538,7238.719221,2.357991,0,0,982717.522734,7350.160815,0.032099,0,117.85485,18.882354,0,,1,0,0,0,62.14515,18.882354,5.659664,-0.116083,-1,-0.002509,12872.176248,9495.217661,324.274841,-17.387976,67.742599,10690.350899,14.161141,11.074986,14.602921,18238.725781,327.472373,313.055637,0.007552,197.936678,,,,,,,,,,,,,,,,,,,,,,,,Idle,Burn,Idle,0,0,Idle,0,0,77.981742,0,77.981742,None,Continue,0,DeorbitReturn,,,,,,1,366.272705,366.272705,0,0,,,,,,,,,,,,,,1,0,0,0.715088,0.71509,0.588792,12872.192383,9495.22168,10690.353516
173.839996,-,0,0,0,None,Holding,0,313351.885993,7726.2094,7238.778037,2.333911,0,0,984511.438313,7349.081255,0.033513,0,106.375509,17.495546,0,,1,0,0,0,73.62324,17.495546,5.708413,-0.103471,-1,-0.002568,12872.199568,9495.220983,327.067963,-17.798441,66.673691,10690.351148,14.15986,11.073465,14.601532,18238.774061,327.668601,313.066199,0.007031,198.415588,,,,,,,,,,,,,,,,,,,,,,,,Idle,Burn,Idle,0,0,Idle,0,0,77.981917,0,77.981917,None,Continue,0,DeorbitReturn,,,,,,1,366.037262,366.037262,0,0,,,,,,,,,,,,,,1,0,0,0.714275,0.714276,0.588791,12872.222656,9495.223633,10690.349609
174.099996,-,0,0,0,None,Holding,0,313352.309353,7726.211505,7238.780098,2.246064,0,0,986305.494777,7348.057486,0.031931,0,69.653646,17.66734,0,,1,0,0,0,110.346222,17.66734,5.703091,-0.105012,-1,-0.002714,12872.225777,9495.223667,326.763031,-18.815313,66.664391,10690.350173,14.158089,11.071998,14.599684,18238.797426,327.656845,313.087643,0.007265,198.192975,,,,,,,,,,,,,,,,,,,,,,,,Idle,Burn,Idle,0,0,Idle,0,0,77.982086,0,77.982086,None,Continue,0,DeorbitReturn,,,,,,1,365.545685,365.545685,0,0,,,,,,,,,,,,,,1,0,0,0.713504,0.713505,0.588792,12872.235352,9495.219727,10690.345703
174.359996,-,0,0,0,None,Holding,0,313352.451448,7726.178066,7238.746617,2.270625,0,0,988099.295356,7347.033717,0.032688,0,76.869511,18.94929,0,,1,0,0,0,103.131741,18.94929,5.698654,-0.116288,-1,-0.002862,12872.245319,9495.224118,326.50885,-19.840551,66.409386,10690.349687,14.156324,11.070531,14.597839,18238.82246,327.550372,313.080374,0.007908,197.649521,,,,,,,,,,,,,,,,,,,,,,,,Idle,Burn,Idle,0,0,Idle,0,0,77.982253,0,77.982253,None,Continue,0,DeorbitReturn,,,,,,1,365.310211,365.310211,0,0,,,,,,,,,,,,,,1,0,0,0.712732,0.712734,0.588792,12872.258789,9495.224609,10690.349609
174.619996,-,0,0,0,None,Holding,0,313353.178088,7726.195959,7238.764469,2.364247,0,0,989892.934187,7345.954157,0.032489,0,114.655137,18.864085,0,,1,0,0,0,65.345164,18.864085,5.747445,-0.115101,-1,-0.002921,12872.2747,9495.226897,329.304321,-20.25639,64.767632,10690.349999,14.155025,11.069009,14.596433,18238.876581,327.635484,313.059799,0.007874,197.675592,,,,,,,,,,,,,,,,,,,,,,,,Idle,Burn,Idle,0,0,Idle,0,0,77.982426,0,77.982426,None,Continue,0,DeorbitReturn,,,,,,1,364.818512,364.818512,0,0,,,,,,,,,,,,,,1,0,0,0.711919,0.71192,0.588791,12872.292969,9495.226563,10690.348633
174.879996,-,0,0,0,None,Holding,0,313354.251393,7726.251744,7238.820208,2.355269,0,0,991686.817039,7344.929911,0.032779,0,111.456068,17.474472,0,,1,0,0,0,68.542658,17.474472,5.74271,-0.102936,-1,-0.003068,12872.297548,9495.227806,329.03302,-21.278019,64.140701,10690.351308,14.153243,11.067542,14.594571,18238.899469,327.824977,313.066439,0.007311,198.147799,,,,,,,,,,,,,,,,,,,,,,,,Idle,Burn,Idle,0,0,Idle,0,0,77.982602,0,77.982602,None,Continue,0,DeorbitReturn,,,,,,1,364.347382,364.347382,0,0,,,,,,,,,,,,,,1,0,0,0.711148,0.711149,0.588791,12872.311523,9495.228516,10690.351563
175.139996,-,0,0,0,None,Holding,0,313354.770329,7726.270552,7238.838971,2.264639,0,0,993480.892387,7343.850829,0.03335,0,73.710938,17.34834,0,,1,0,0,0,106.288701,17.34834,5.791876,-0.101388,-1,-0.003127,12872.319876,9495.227232,331.850067,-21.691832,62.081844,10690.350189,14.151939,11.066021,14.59316,18238.945246,327.869569,313.089546,0.007411,198.058756,,,,,,,,,,,,,,,,,,,,,,,,Idle,Burn,Idle,0,0,Idle,0,0,77.982774,0,77.982774,None,Continue,0,DeorbitReturn,,,,,,1,364.111816,364.111816,0,0,,,,,,,,,,,,,,1,0,0,0.710335,0.710336,0.588791,12872.345703,9495.228516,10690.349609
175.399996,-,0,0,0,None,Holding,0,313354.890929,7726.237622,7238.805998,2.271579,0,0,995274.747818,7342.827059,0.031679,0,73.371763,18.661864,0,,1,0,0,0,106.62947,18.661864,5.786491,-0.112945,-1,-0.003272,12872.345418,9495.227282,331.541504,-22.700174,61.096008,10690.349364,14.150136,11.064554,14.591278,18238.971949,327.760662,313.086481,0.008074,197.526905,,,,,,,,,,,,,,,,,,,,,,,,Idle,Burn,Idle,0,0,Idle,0,0,77.982941,0,77.982941,None,Continue,0,DeorbitReturn,,,,,,1,363.619904,363.619904,0,0,,,,,,,,,,,,,,1,0,0,0.709563,0.709564,0.588791,12872.356445,9495.224609,10690.347656
175.659996,-,0,0,0,None,Holding,0,313355.538597,7726.244583,7238.812917,2.370043,0,0,997068.393915,7341.80472,0.032965,0,111.650311,18.823976,0,,1,0,0,0,68.350187,18.823976,5.781545,-0.114395,-1,-0.003391,12872.364753,9495.226117,331.258148,-23.528376,59.876396,10690.349991,14.148335,11.06309,14.589397,18238.997102,327.809467,313.064263,0.008117,197.495263,,,,,,,,,,,,,,,,,,,,,,,,Idle,Burn,Idle,0,0,Idle,0,0,77.983114,0,77.983114,None,Continue,0,DeorbitReturn,,,,,,1,363.149261,363.149261,0,0,,,,,,,,,,,,,,1,0,0,0.708793,0.708794,0.588791,12872.37793,9495.226563,10690.351563
175.919996,-,0,0,0,None,Holding,0,313356.630291,7726.303506,7238.871795,2.381407,0,0,998862.254629,7340.727068,0.032389,0,114.993989,17.457444,0,,1,0,0,0,65.004764,17.457444,5.829074,-0.101983,-1,-0.00342,12872.3954,9495.228574,333.981323,-23.730471,57.349171,10690.352506,14.147009,11.061573,14.587965,18239.043236,328.0146,313.066183,0.007593,197.900854,,,,,,,,,,,,,,,,,,,,,,,,Idle,Burn,Idle,0,0,Idle,0,0,77.983291,0,77.983291,None,Continue,0,DeorbitReturn,,,,,,1,362.892883,362.892883,0,0,,,,,,,,,,,,,,1,0,0,0.707981,0.707983,0.58879,12872.416016,9495.232422,10690.354492
176.179996,-,0,0,0,None,Holding,0,313357.224883,7726.322584,7238.890827,2.290454,0,0,1000656.345123,7339.703299,0.032271,0,76.863477,17.124276,0,,1,0,0,0,103.136014,17.124276,5.82265,-0.099104,-1,-0.00356,12872.414005,9495.225782,333.613312,-24.705868,55.899426,10690.350479,14.14518,11.060105,14.586057,18239.063382,328.060098,313.089352,0.007618,197.880709,,,,,,,,,,,,,,,,,,,,,,,,Idle,Burn,Idle,0,0,Idle,0,0,77.983465,0,77.983465,None,Continue,0,DeorbitReturn,,,,,,1,362.481079,362.481079,0,0,,,,,,,,,,,,,,1,0,0,0.70721,0.707211,0.58879,12872.423828,9495.220703,10690.345703
176.439996,-,0,0,0,None,Holding,0,313357.344457,7726.296783,7238.864983,2.278186,0,0,1002450.241371,7338.626124,0.033249,0,71.406612,18.429784,0,,1,0,0,0,108.594564,18.429784,5.869804,-0.110128,-1,-0.003585,12872.433592,9495.223214,336.315002,-24.884142,53.060951,10690.350045,14.143875,11.058608,14.584645,21441.857278,327.971062,313.09118,0.008291,197.375209,,,,,,,,,,,,,,,,,,,,,,,,Idle,Burn,Idle,0,0,Idle,0,0,77.983634,0,77.983634,None,Continue,0,DeorbitReturn,,,,,,1,362.029419,362.029419,0,0,,,,,,,,,,,,,,1,0,0,0.706398,0.706399,0.588791,12872.459961,9495.224609,10690.351563
176.699996,-,0,0,0,None,Holding,0,313357.933672,7726.299296,7238.867454,2.374907,0,0,1004243.90267,7337.601878,0.031649,0,109.066552,18.76612,0,,1,0,0,0,70.934083,18.76612,5.861675,-0.113134,-1,-0.00372,12872.460973,9495.222403,335.849243,-25.823425,51.354759,10690.350522,14.141998,11.057119,14.582688,18239.133835,328.004069,313.069325,0.008404,197.298172,,,,,,,,,,,,,,,,,,,,,,,,Idle,Burn,Idle,0,0,Idle,0,0,77.983807,0,77.983807,None,Continue,0,DeorbitReturn,,,,,,1,361.783264,361.783264,0,0,,,,,,,,,,,,,,1,0,0,0.705627,0.705628,0.58879,12872.473633,9495.21875,10690.349609
176.959996,-,0,0,0,None,Holding,0,313359.028029,7726.354832,7238.922944,2.3927,0,0,1006037.749118,7336.577632,0.032635,0,117.456263,17.456692,0,,1,0,0,0,62.54253,17.456692,5.853606,-0.101711,-1,-0.003853,12872.478243,9495.226103,335.386932,-26.750095,49.456299,10690.350755,14.140145,11.055652,14.580759,18239.149332,328.199258,313.069444,0.007845,197.697947,,,,,,,,,,,,,,,,,,,,,,,,Idle,Burn,Idle,0,0,Idle,0,0,77.983985,0,77.983985,None,Continue,0,DeorbitReturn,,,,,,1,361.311615,361.311615,0,0,,,,,,,,,,,,,,1,0,0,0.704855,0.704857,0.588789,12872.490234,9495.233398,10690.352539
177.219996,-,0,0,0,None,Holding,0,313359.678971,7726.385171,7238.953236,2.307835,0,0,1007831.851381,7335.498549,0.032403,0,79.680092,16.967851,0,,1,0,0,0,100.319296,16.967851,5.897904,-0.097028,-1,-0.003895,12872.504264,9495.239744,337.925049,-27.044571,46.224678,10690.35096,14.138783,11.054131,14.579288,18239.196181,328.284737,313.091746,0.007803,197.73076,,,,,,,,,,,,,,,,,,,,,,,,Idle,Burn,Idle,0,0,Idle,0,0,77.984159,0,77.984159,None,Continue,0,DeorbitReturn,,,,,,1,360.819183,360.819183,0,0,,,,,,,,,,,,,,1,0,0,0.704042,0.704043,0.58879,12872.517578,9495.249023,10690.349609
177.479996,-,0,0,0,None,Holding,0,313359.802596,7726.355552,7238.923575,2.290415,0,0,1009625.78493,7334.476687,0.032738,0,70.119585,18.261142,0,,1,0,0,0,109.881575,18.261142,5.887709,-0.108439,-1,-0.003995,12872.522495,9495.252678,337.340881,-27.743778,44.072243,10690.349918,14.136903,11.052664,14.577332,18239.217043,328.181514,313.094521,0.008462,197.262678,,,,,,,,,,,,,,,,,,,,,,,,Idle,Burn,Idle,0,0,Idle,0,0,77.984329,0,77.984329,None,Continue,0,DeorbitReturn,,,,,,1,360.583313,360.583313,0,0,,,,,,,,,,,,,,1,0,0,0.703272,0.703273,0.58879,12872.53418,9495.261719,10690.349609
177.739996,-,0,0,0,None,Holding,0,313360.350085,7726.35744,7238.925421,2.384008,0,0,1011419.461739,7333.41191,0.032665,0,107.242515,18.734198,0,,1,0,0,0,72.758208,18.734198,5.917227,-0.112314,-1,-0.004035,12872.540444,9495.267014,339.032166,-28.021946,40.895672,10690.350532,14.13543,11.051179,14.57576,21442.000151,328.211471,313.073556,0.008681,197.123347,,,,,,,,,,,,,,,,,,,,,,,,Idle,Burn,Idle,0,0,Idle,0,0,77.984503,0,77.984503,None,Continue,0,DeorbitReturn,,,,,,1,360.112183,360.112183,0,0,,,,,,,,,,,,,,1,0,0,0.70247,0.702471,0.58879,12872.5625,9495.28125,10690.353516
177.999996,-,0,0,0,None,Holding,0,313361.446251,7726.412827,7238.980762,2.410389,0,0,1013213.304564,7332.373835,0.03167,0,118.935861,17.457409,0,,1,0,0,0,61.062969,17.457409,5.917929,-0.101106,-1,-0.004131,12872.566162,9495.283616,339.072327,-28.692772,38.299938,10690.351142,14.133628,11.049675,14.573873,18239.278316,328.408223,313.071615,0.008147,197.474505,,,,,,,,,,,,,,,,,,,,,,,,Idle,Burn,Idle,0,0,Idle,0,0,77.984682,0,77.984682,None,Continue,0,DeorbitReturn,,,,,,1,359.619873,359.619873,0,0,,,,,,,,,,,,,,1,0,0,0.701688,0.701689,0.588789,12872.579102,9495.292969,10690.349609
178.259996,-,0,0,0,None,Holding,0,313362.139948,7726.441603,7239.009491,2.322861,0,0,1015007.415408,7331.350066,0.032597,0,81.951831,16.879994,0,,1,0,0,0,98.047484,16.879994,5.904826,-0.096149,-1,-0.004245,12872.579634,9495.296684,338.321625,-29.494297,35.865952,10690.350141,14.131716,11.048205,14.571884,18239.299417,328.487928,313.094288,0.008057,197.538466,,,,,,,,,,,,,,,,,,,,,,,,Idle,Burn,Idle,0,0,Idle,0,0,77.984858,0,77.984858,None,Continue,0,DeorbitReturn,,,,,,1,359.383911,359.383911,0,0,,,,,,,,,,,,,,1,0,0,0.700917,0.700918,0.588789,12872.589844,9495.307617,10690.353516
178.519996,-,0,0,0,None,Holding,0,313362.271123,7726.41986,7238.987705,2.296071,0,0,1016801.379705,7330.270506,0.032751,0,69.465436,18.139741,0,,1,0,0,0,110.535681,18.139741,5.944198,-0.106829,-1,-0.004268,12872.601398,9495.313472,340.577454,-29.658537,32.122993,10690.350052,14.130317,11.046681,14.570379,18239.343166,328.409469,313.099649,0.008701,197.11317,,,,,,,,,,,,,,,,,,,,,,,,Idle,Burn,Idle,0,0,Idle,0,0,77.985029,0,77.985029,None,Continue,0,DeorbitReturn,,,,,,1,358.891113,358.891113,0,0,,,,,,,,,,,,,,1,0,0,0.700104,0.700105,0.58879,12872.617188,9495.323242,10690.348633
178.779996,-,0,0,0,None,Holding,0,313362.78427,7726.415993,7238.983796,2.389292,0,0,1018595.07648,7329.246737,0.031664,0,105.51025,18.723732,0,,1,0,0,0,74.490556,18.723732,5.928303,-0.112068,-1,-0.004374,12872.621109,9495.328616,339.666748,-30.396183,29.534781,10690.349868,14.128378,11.045211,14.568366,18239.362717,328.419471,313.078662,0.008924,196.981054,,,,,,,,,,,,,,,,,,,,,,,,Idle,Burn,Idle,0,0,Idle,0,0,77.985203,0,77.985203,None,Continue,0,DeorbitReturn,,,,,,1,358.65506,358.65506,0,0,,,,,,,,,,,,,,1,0,0,0.699332,0.699333,0.588789,12872.632813,9495.339844,10690.351563
179.039996,-,0,0,0,None,Holding,0,313363.874832,7726.471811,7239.039568,2.425302,0,0,1020388.915852,7328.194834,0.033122,0,120.423377,17.502425,0,,1,0,0,0,59.575494,17.502425,5.938674,-0.101269,-1,-0.004432,12872.635405,9495.343026,340.260986,-30.804768,26.227636,10690.350748,14.126722,11.043734,14.566621,21442.127168,328.619971,313.074489,0.008401,197.301408,,,,,,,,,,,,,,,,,,,,,,,,Idle,Burn,Idle,0,0,Idle,0,0,77.985383,0,77.985383,None,Continue,0,DeorbitReturn,,,,,,1,358.153381,358.153381,0,0,,,,,,,,,,,,,,1,0,0,0.69854,0.698541,0.588789,12872.649414,9495.354492,10690.349609
179.299996,-,0,0,0,None,Holding,0,313364.608009,7726.506411,7239.074121,2.342913,0,0,1022183.038422,7327.143408,0.031888,0,83.946814,16.83779,0,,1,0,0,0,96.052426,16.83779,5.946746,-0.095366,-1,-0.004484,12872.658829,9495.359987,340.72348,-31.169821,22.915939,10690.350735,14.125,11.042216,14.564809,18239.41803,328.720899,313.096185,0.008275,197.384625,,,,,,,,,,,,,,,,,,,,,,,,Idle,Burn,Idle,0,0,Idle,0,0,77.98556,0,77.98556,None,Continue,0,DeorbitReturn,,,,,,1,357.66037,357.66037,0,0,,,,,,,,,,,,,,1,0,0,0.697748,0.697749,0.588789,12872.668945,9495.370117,10690.349609
179.559996,-,0,0,0,None,Holding,0,313364.751817,7726.480292,7239.047959,2.313471,0,0,1023977.032211,7326.119162,0.0325,0,68.855369,18.071087,0,,1,0,0,0,111.145713,18.071087,5.927218,-0.106321,-1,-0.004576,12872.670898,9495.373919,339.604614,-31.810612,20.13162,10690.350214,14.12303,11.040743,14.562766,18239.435434,328.626942,313.101866,0.008914,196.989181,,,,,,,,,,,,,,,,,,,,,,,,Idle,Burn,Idle,0,0,Idle,0,0,77.985732,0,77.985732,None,Continue,0,DeorbitReturn,,,,,,1,357.424194,357.424194,0,0,,,,,,,,,,,,,,1,0,0,0.696976,0.696977,0.588789,12872.679688,9495.383789,10690.351563
179.799996,-,0,0,0,None,Holding,0,313365.235624,7726.475858,7239.043482,2.401737,0,0,1025761.456188,7325.04008,0.033133,0,103.946359,18.754733,0,,1,0,0,0,76.054526,18.754733,5.960246,-0.112006,-1,-0.004575,12872.687794,9495.388911,341.496918,-31.810446,16.079842,10690.349801,14.121588,11.039217,14.561219,18239.481091,328.63373,313.082138,0.009229,196.81456,,,,,,,,,,,,,,,,,,,,,,,,Idle,Burn,Idle,0,0,Idle,0,0,77.985907,0,77.985907,None,Continue,0,DeorbitReturn,,,,,,1,356.93103,356.93103,0,0,,,,,,,,,,,,,,1,0,0,0.696163,0.696164,0.588789,12872.704102,9495.400391,10690.349609
180.079996,-,0,0,0,None,Holding,0,313366.322234,7726.527939,7239.095517,2.442246,0,0,1027564.58779,7324.017741,0.031395,0,121.299509,17.574946,0,,1,0,0,0,58.699373,17.574946,5.937554,-0.101862,-1,-0.004629,12872.707978,9495.404582,340.196808,-32.190838,13.289503,10690.351429,14.119596,11.037747,14.559156,18239.498973,328.822547,313.076694,0.008725,197.098596,,,,,,,,,,,,,,,,,,,,,,,,Idle,Burn,Idle,0,0,Idle,0,0,77.986088,0,77.986088,None,Continue,0,DeorbitReturn,,,,,,1,356.488831,356.488831,0,0,,,,,,,,,,,,,,1,0,0,0.695393,0.695394,0.588788,12872.720703,9495.416016,10690.353516
180.339996,-,0,0,0,None,Holding,0,313367.093864,7726.564128,7239.131658,2.361454,0,0,1029358.715357,7322.995879,0.032565,0,86.25945,16.845865,0,,1,0,0,0,93.739731,16.845865,5.914135,-0.095671,-1,-0.004679,12872.716955,9495.416389,338.855011,-32.541851,10.490207,10690.351028,14.117598,11.036276,14.557087,18239.513397,328.929408,313.097999,0.008542,197.209532,,,,,,,,,,,,,,,,,,,,,,,,Idle,Burn,Idle,0,0,Idle,0,0,77.986267,0,77.986267,None,Continue,0,DeorbitReturn,,,,,,1,356.253326,356.253326,0,0,,,,,,,,,,,,,,1,0,0,0.694623,0.694624,0.588789,12872.724609,9495.425781,10690.352539
180.599996,-,0,0,0,None,Holding,0,313367.253105,7726.548707,7239.116193,2.324909,0,0,1031152.741567,7321.91775,0.031998,0,68.217164,18.023317,0,,1,0,0,0,111.783862,18.023317,5.942362,-0.105718,-1,-0.004642,12872.736965,9495.431127,340.47229,-32.287239,6.547884,10690.349593,14.116125,11.034751,14.555512,18239.55071,328.870429,313.10586,0.009144,196.862166,,,,,,,,,,,,,,,,,,,,,,,,Idle,Burn,Idle,0,0,Idle,0,0,77.98644,0,77.98644,None,Continue,0,DeorbitReturn,,,,,,1,355.730957,355.730957,0,0,,,,,,,,,,,,,,1,0,0,0.693811,0.693812,0.588789,12872.750977,9495.441406,10690.349609
180.859996,-,0,0,0,None,Holding,0,313367.702452,7726.53905,7239.106494,2.412699,0,0,1032946.481249,7320.893981,0.032561,0,101.679445,18.823482,0,,1,0,0,0,78.321503,18.823482,5.91593,-0.112935,-1,-0.004706,12872.749359,9495.443764,338.957825,-32.740917,3.832469,10690.350017,14.1141,11.033275,14.553418,18239.56275,328.85909,313.086134,0.009462,196.697367,,,,,,,,,,,,,,,,,,,,,,,,Idle,Burn,Idle,0,0,Idle,0,0,77.986616,0,77.986616,None,Continue,0,DeorbitReturn,,,,,,1,355.494629,355.494629,0,0,,,,,,,,,,,,,,1,0,0,0.693039,0.693041,0.588789,12872.757813,9495.453125,10690.351563
181.119996,-,0,0,0,None,Holding,0,313368.777016,7726.59216,7239.159557,2.465324,0,0,1034740.317888,7319.814421,0.033371,0,122.422129,17.712845,0,,1,0,0,0,57.576833,17.712845,5.942182,-0.102977,-1,-0.004679,12872.765657,9495.457978,340.461945,-32.552536,-0.094379,10690.351327,14.112614,11.031745,14.551831,18239.607215,329.05421,313.077985,0.009005,196.937032,,,,,,,,,,,,,,,,,,,,,,,,Idle,Burn,Idle,0,0,Idle,0,0,77.986798,0,77.986798,None,Continue,0,DeorbitReturn,,,,,,1,355.006348,355.006348,0,0,,,,,,,,,,,,,,1,0,0,0.692226,0.692227,0.588788,12872.782227,9495.467773,10690.349609
181.379996,-,0,0,0,None,Holding,0,313369.59637,7726.632066,7239.199416,2.386942,0,0,1036534.453069,7318.790652,0.03166,0,88.777703,16.889775,0,,1,0,0,0,91.221373,16.889775,5.912885,-0.096018,-1,-0.004732,12872.780439,9495.471009,338.783356,-32.928551,-2.735594,10690.35074,14.110566,11.030269,14.549715,18239.617825,329.174437,313.098865,0.008776,197.066192,,,,,,,,,,,,,,,,,,,,,,,,Idle,Burn,Idle,0,0,Idle,0,0,77.986978,0,77.986978,None,Continue,0,DeorbitReturn,,,,,,1,354.52832,354.52832,0,0,,,,,,,,,,,,,,1,0,0,0.691455,0.691456,0.588788,12872.789063,9495.480469,10690.351563
181.639996,-,0,0,0,None,Holding,0,313369.781808,7726.610784,7239.178089,2.341828,0,0,1038328.511733,7317.766406,0.032695,0,67.675061,17.993592,0,,1,0,0,0,112.325907,17.993592,5.882979,-0.10592,-1,-0.004781,12872.787972,9495.481581,337.069855,-33.276772,-5.376038,10690.349979,14.108516,11.028792,14.547597,18239.626527,329.093595,313.108254,0.009372,196.744635,,,,,,,,,,,,,,,,,,,,,,,,Idle,Burn,Idle,0,0,Idle,0,0,77.987153,0,77.987153,None,Continue,0,DeorbitReturn,,,,,,1,354.291901,354.291901,0,0,,,,,,,,,,,,,,1,0,0,0.690683,0.690684,0.588788,12872.791992,9495.489258,10690.348633
181.899996,-,0,0,0,None,Holding,0,313370.187325,7726.600329,7239.167591,2.419379,0,0,1040122.27839,7316.686846,0.032666,0,98.82096,18.918572,0,,1,0,0,0,81.180083,18.918572,5.905423,-0.113801,-1,-0.004738,12872.804313,9495.494708,338.355804,-32.976166,-9.165303,10690.349263,14.107005,11.027262,14.545988,18239.669085,329.07707,313.090953,0.009781,196.547001,,,,,,,,,,,,,,,,,,,,,,,,Idle,Burn,Idle,0,0,Idle,0,0,77.98733,0,77.98733,None,Continue,0,DeorbitReturn,,,,,,1,353.798187,353.798187,0,0,,,,,,,,,,,,,,1,0,0,0.68987,0.689871,0.588788,12872.814453,9495.503906,10690.348633
182.139996,-,0,0,0,None,Holding,0,313371.239514,7726.647548,7239.214764,2.478038,0,0,1041906.817329,7315.664984,0.032585,0,123.085748,17.907247,0,,1,0,0,0,56.913325,17.907247,5.872947,-0.105226,-1,-0.00475,12872.816397,9495.505697,336.495056,-33.065895,-11.656796,10690.349917,14.104938,11.025785,14.543853,18239.684224,329.253442,313.081114,0.009331,196.764015,,,,,,,,,,,,,,,,,,,,,,,,Idle,Burn,Idle,0,0,Idle,0,0,77.987513,0,77.987513,None,Continue,0,DeorbitReturn,,,,,,1,353.562408,353.562408,0,0,,,,,,,,,,,,,,1,0,0,0.6891,0.689101,0.588787,12872.820313,9495.510742,10690.348633
182.419996,-,0,0,0,None,Holding,0,313372.115406,7726.697696,7239.264864,2.411316,0,0,1043710.240984,7314.587332,0.033711,0,92.492584,16.978361,0,,1,0,0,0,87.506374,16.978361,5.893727,-0.096912,-1,-0.00467,12872.82728,9495.515904,337.685699,-32.516747,-15.263668,10690.35082,14.103445,11.024277,14.542265,21442.428172,329.411405,313.099849,0.009013,196.93053,,,,,,,,,,,,,,,,,,,,,,,,Idle,Burn,Idle,0,0,Idle,0,0,77.987695,0,77.987695,None,Continue,0,DeorbitReturn,,,,,,1,353.055298,353.055298,0,0,,,,,,,,,,,,,,1,0,0,0.688288,0.68829,0.588787,12872.849609,9495.529297,10690.353516
182.679996,-,0,0,0,None,Holding,0,313372.337859,7726.680505,7239.247628,2.355558,0,0,1045504.34063,7313.563563,0.031807,0,67.12045,17.956162,0,,1,0,0,0,112.880373,17.956162,5.859035,-0.105748,-1,-0.004698,12872.842574,9495.527398,335.697998,-32.711109,-17.50601,10690.349881,14.101331,11.022776,14.540083,18239.734173,329.342264,313.111764,0.009563,196.651505,,,,,,,,,,,,,,,,,,,,,,,,Idle,Burn,Idle,0,0,Idle,0,0,77.987871,0,77.987871,None,Continue,0,DeorbitReturn,,,,,,1,352.566559,352.566559,0,0,,,,,,,,,,,,,,1,0,0,0.687517,0.687518,0.588788,12872.848633,9495.533203,10690.349609
182.939996,-,0,0,0,None,Holding,0,313372.689835,7726.66207,7239.22915,2.43015,0,0,1047298.142091,7312.539317,0.032804,0,94.681168,19.036465,0,,1,0,0,0,85.319979,19.036465,5.824038,-0.11548,-1,-0.004722,12872.850058,9495.535935,333.69278,-32.882198,-19.705114,10690.350009,14.099243,11.021297,14.537929,18239.74669,329.29767,313.09483,0.010016,196.444965,,,,,,,,,,,,,,,,,,,,,,,,Idle,Burn,Idle,0,0,Idle,0,0,77.988048,0,77.988048,None,Continue,0,DeorbitReturn,,,,,,1,352.329956,352.329956,0,0,,,,,,,,,,,,,,1,0,0,0.686745,0.686747,0.588788,12872.854492,9495.541016,10690.349609
183.199996,-,0,0,0,None,Holding,0,313373.703183,7726.703988,7239.271021,2.503028,0,0,1049091.960473,7311.477877,0.033284,0,123.438818,18.173,0,,1,0,0,0,56.560457,18.173,5.828682,-0.10788,-1,-0.004624,12872.864486,9495.546198,333.958893,-32.204792,-22.706079,10690.351124,14.09757,11.019782,14.536169,18239.780903,329.45916,313.081486,0.009672,196.599021,,,,,,,,,,,,,,,,,,,,,,,,Idle,Burn,Idle,0,0,Idle,0,0,77.988232,0,77.988232,None,Continue,0,DeorbitReturn,,,,,,1,351.842529,351.842529,0,0,,,,,,,,,,,,,,1,0,0,0.685945,0.685947,0.588787,12872.875,9495.552734,10690.351563
183.459996,-,0,0,0,None,Holding,0,313374.649973,7726.753862,7239.320846,2.441909,0,0,1050886.082299,7310.453631,0.032376,0,97.217763,17.112272,0,,1,0,0,0,82.781048,17.112272,5.792363,-0.098912,-1,-0.004638,12872.872242,9495.552937,331.87796,-32.310963,-24.628199,10690.350888,14.095469,11.018301,14.534002,18239.788651,329.617508,313.098922,0.009294,196.781274,,,,,,,,,,,,,,,,,,,,,,,,Idle,Burn,Idle,0,0,Idle,0,0,77.988417,0,77.988417,None,Continue,0,DeorbitReturn,,,,,,1,351.605865,351.605865,0,0,,,,,,,,,,,,,,1,0,0,0.685174,0.685175,0.588788,12872.875977,9495.555664,10690.349609
183.719996,-,0,0,0,None,Holding,0,313374.937316,7726.74711,7239.314048,2.369934,0,0,1052680.222439,7309.3879,0.033818,0,67.473614,17.889135,0,,1,0,0,0,112.526981,17.889135,5.796248,-0.105654,-1,-0.004584,12872.878764,9495.559664,332.100586,-31.939905,-27.399677,10690.349957,14.093809,11.0168,14.532257,21442.517936,329.580543,313.114939,0.009757,196.561164,,,,,,,,,,,,,,,,,,,,,,,,Idle,Burn,Idle,0,0,Idle,0,0,77.988595,0,77.988595,None,Continue,0,DeorbitReturn,,,,,,1,351.132446,351.132446,0,0,,,,,,,,,,,,,,1,0,0,0.684371,0.684372,0.588788,12872.895508,9495.570313,10690.351563
183.979996,-,0,0,0,None,Holding,0,313375.220214,7726.724252,7239.291147,2.429165,0,0,1054474.072457,7308.350302,0.032047,0,88.952299,19.124906,0,,1,0,0,0,91.048977,19.124906,5.77199,-0.116646,-1,-0.004568,12872.895341,9495.569388,330.710693,-31.83222,-29.395105,10690.349495,14.091811,11.015286,14.530186,18239.83717,329.517272,313.101322,0.010299,196.329489,,,,,,,,,,,,,,,,,,,,,,,,Idle,Burn,Idle,0,0,Idle,0,0,77.988772,0,77.988772,None,Continue,0,DeorbitReturn,,,,,,1,350.667755,350.667755,0,0,,,,,,,,,,,,,,1,0,0,0.683589,0.683591,0.588789,12872.901367,9495.573242,10690.349609
184.239996,-,0,0,0,None,Holding,0,313376.160937,7726.759167,7239.326016,2.511949,0,0,1056267.876127,7307.326056,0.033115,0,122.221153,18.520007,0,,1,0,0,0,57.778449,18.520007,5.734273,-0.111674,-1,-0.004572,12872.904373,9495.576856,328.549652,-31.859612,-31.013632,10690.351376,14.089705,11.013804,14.528013,18239.849925,329.656971,313.085459,0.010001,196.453232,,,,,,,,,,,,,,,,,,,,,,,,Idle,Burn,Idle,0,0,Idle,0,0,77.988957,0,77.988957,None,Continue,0,DeorbitReturn,,,,,,1,350.430969,350.430969,0,0,,,,,,,,,,,,,,1,0,0,0.682818,0.682819,0.588788,12872.912109,9495.583008,10690.355469
184.499996,-,0,0,0,None,Holding,0,313377.185359,7726.817971,7239.384772,2.475226,0,0,1058061.971976,7306.248881,0.032772,0,103.601161,17.323323,0,,1,0,0,0,76.397527,17.323323,5.749547,-0.101077,-1,-0.004462,12872.920817,9495.586079,329.424805,-31.101513,-33.680645,10690.351897,14.088138,11.012272,14.526355,18239.887714,329.851397,313.097865,0.009567,196.646072,,,,,,,,,,,,,,,,,,,,,,,,Idle,Burn,Idle,0,0,Idle,0,0,77.989143,0,77.989143,None,Continue,0,DeorbitReturn,,,,,,1,349.937256,349.937256,0,0,,,,,,,,,,,,,,1,0,0,0.682006,0.682007,0.588788,12872.930664,9495.591797,10690.353516
184.759996,-,0,0,0,None,Holding,0,313377.568518,7726.816674,7239.383427,2.393797,0,0,1059856.156665,7305.224635,0.033161,0,69.25968,17.806029,0,,1,0,0,0,110.740594,17.806029,5.711009,-0.105614,-1,-0.004458,12872.929065,9495.590869,327.216705,-31.073475,-35.001457,10690.35064,14.086017,11.01079,14.524169,18239.894748,329.831066,313.116217,0.009916,196.490458,,,,,,,,,,,,,,,,,,,,,,,,Idle,Burn,Idle,0,0,Idle,0,0,77.989323,0,77.989323,None,Continue,0,DeorbitReturn,,,,,,1,349.463593,349.463593,0,0,,,,,,,,,,,,,,1,0,0,0.681235,0.681236,0.588789,12872.928711,9495.589844,10690.347656
185.019996,-,0,0,0,None,Holding,0,313377.788832,7726.78972,7239.35643,2.428033,0,0,1061650.069584,7304.145075,0.034129,0,82.099392,19.155359,0,,1,0,0,0,97.901992,19.155359,5.726479,-0.117248,-1,-0.004363,12872.937563,9495.596053,328.103088,-30.420959,-37.450443,10690.349991,14.084474,11.009274,14.522533,21442.630947,329.748236,313.107947,0.010576,196.224713,,,,,,,,,,,,,,,,,,,,,,,,Idle,Burn,Idle,0,0,Idle,0,0,77.989502,0,77.989502,None,Continue,0,DeorbitReturn,,,,,,1,349.226685,349.226685,0,0,,,,,,,,,,,,,,1,0,0,0.680421,0.680423,0.588789,12872.954102,9495.603516,10690.349609
185.279996,-,0,0,0,None,Holding,0,313378.622968,7726.811965,7239.378629,2.523316,0,0,1063443.863688,7303.122737,0.032486,0,118.606858,18.90749,0,,1,0,0,0,61.393163,18.90749,5.68739,-0.115407,-1,-0.004327,12872.953452,9495.603309,325.863434,-30.168427,-38.501244,10690.350059,14.082327,11.007773,14.520322,18239.945412,329.847308,313.088714,0.010434,196.27863,,,,,,,,,,,,,,,,,,,,,,,,Idle,Burn,Idle,0,0,Idle,0,0,77.989686,0,77.989686,None,Continue,0,DeorbitReturn,,,,,,1,348.703125,348.703125,0,0,,,,,,,,,,,,,,1,0,0,0.679651,0.679653,0.588789,12872.96582,9495.610352,10690.353516
185.539996,-,0,0,0,None,Holding,0,313379.710267,7726.870584,7239.437199,2.505006,0,0,1065237.915177,7302.098967,0.033082,0,110.890236,17.636299,0,,1,0,0,0,69.108356,17.636299,5.648756,-0.104632,-1,-0.004313,12872.960342,9495.60663,323.649872,-30.080997,-39.421371,10690.350689,14.080204,11.006292,14.518136,18239.95626,330.045296,313.096945,0.009891,196.498732,,,,,,,,,,,,,,,,,,,,,,,,Idle,Burn,Idle,0,0,Idle,0,0,77.989874,0,77.989874,None,Continue,0,DeorbitReturn,,,,,,1,348.25882,348.25882,0,0,,,,,,,,,,,,,,1,0,0,0.67888,0.678881,0.588789,12872.962891,9495.607422,10690.351563
185.799996,-,0,0,0,None,Holding,0,313380.229284,7726.888286,7239.454853,2.41813,0,0,1067032.133129,7301.021315,0.033243,0,73.762593,17.718067,0,,1,0,0,0,106.237242,17.718067,5.663781,-0.105202,-1,-0.004184,12872.977861,9495.613675,324.510742,-29.182171,-41.39143,10690.350437,14.078627,11.004758,14.516466,18239.993572,330.088773,313.11751,0.01003,196.440572,,,,,,,,,,,,,,,,,,,,,,,,Idle,Burn,Idle,0,0,Idle,0,0,77.990056,0,77.990056,None,Continue,0,DeorbitReturn,,,,,,1,347.972107,347.972107,0,0,,,,,,,,,,,,,,1,0,0,0.678068,0.678069,0.58879,12872.986328,9495.616211,10690.349609
186.059996,-,0,0,0,None,Holding,0,313380.407133,7726.856984,7239.423506,2.428604,0,0,1068826.127379,7299.997546,0.032892,0,74.752785,19.082545,0,,1,0,0,0,105.248623,19.082545,5.625184,-0.11743,-1,-0.004165,12872.985748,9495.615886,322.299316,-29.054167,-41.984066,10690.3497,14.076501,11.003276,14.514277,18240.00299,329.985873,313.114209,0.010707,196.178896,,,,,,,,,,,,,,,,,,,,,,,,Idle,Burn,Idle,0,0,Idle,0,0,77.990235,0,77.990235,None,Continue,0,DeorbitReturn,,,,,,1,347.498047,347.498047,0,0,,,,,,,,,,,,,,1,0,0,0.677296,0.677298,0.588791,12872.991211,9495.619141,10690.351563
186.319996,-,0,0,0,None,Holding,0,313381.094324,7726.864285,7239.430763,2.526312,0,0,1070619.926337,7298.919894,0.034038,0,111.792336,19.313692,0,,1,0,0,0,68.208161,19.313692,5.640914,-0.119296,-1,-0.004032,12872.999042,9495.619838,323.200592,-28.1313,-43.662861,10690.349781,14.074927,11.001742,14.512611,18240.041852,330.034219,313.093807,0.010819,196.138805,,,,,,,,,,,,,,,,,,,,,,,,Idle,Burn,Idle,0,0,Idle,0,0,77.99042,0,77.99042,None,Continue,0,DeorbitReturn,,,,,,1,347.261688,347.261688,0,0,,,,,,,,,,,,,,1,0,0,0.676485,0.676486,0.588791,12873.015625,9495.624023,10690.349609
186.579996,-,0,0,0,None,Holding,0,313382.211845,7726.922002,7239.488431,2.540592,0,0,1072413.919291,7297.895648,0.032287,0,117.773089,18.054385,0,,1,0,0,0,62.225539,18.054385,5.60266,-0.108626,-1,-0.004009,12873.012804,9495.623929,321.008759,-27.969915,-43.928463,10690.34999,14.072798,11.000259,14.510418,18240.054369,330.236456,313.094682,0.010254,196.34832,,,,,,,,,,,,,,,,,,,,,,,,Idle,Burn,Idle,0,0,Idle,0,0,77.990609,0,77.990609,None,Continue,0,DeorbitReturn,,,,,,1,346.796356,346.796356,0,0,,,,,,,,,,,,,,1,0,0,0.675713,0.675714,0.58879,12873.021484,9495.62793,10690.352539
186.839996,-,0,0,0,None,Holding,0,313382.90328,7726.951029,7239.517408,2.450878,0,0,1074208.14566,7296.857573,0.033866,0,81.609461,17.673137,0,,1,0,0,0,98.389909,17.673137,5.578603,-0.105495,-1,-0.003963,12873.019804,9495.625242,319.630402,-27.655371,-44.417248,10690.350085,14.070835,10.998785,14.508385,21442.770243,330.318019,313.116538,0.010194,196.371841,,,,,,,,,,,,,,,,,,,,,,,,Idle,Burn,Idle,0,0,Idle,0,0,77.990794,0,77.990794,None,Continue,0,DeorbitReturn,,,,,,1,346.287231,346.287231,0,0,,,,,,,,,,,,,,1,0,0,0.674931,0.674932,0.588791,12873.026367,9495.625977,10690.349609
187.099996,-,0,0,0,None,Holding,0,313383.088035,7726.927631,7239.493965,2.424734,0,0,1076002.233333,7295.791842,0.032789,0,68.658145,18.892892,0,,1,0,0,0,111.343106,18.892892,5.581368,-0.116096,-1,-0.00387,12873.037927,9495.630201,319.788849,-27.013969,-45.328426,10690.349599,14.069093,10.997241,14.506556,18240.100265,330.234306,313.121514,0.010833,196.136241,,,,,,,,,,,,,,,,,,,,,,,,Idle,Burn,Idle,0,0,Idle,0,0,77.990975,0,77.990975,None,Continue,0,DeorbitReturn,,,,,,1,346.034485,346.034485,0,0,,,,,,,,,,,,,,1,0,0,0.674128,0.67413,0.588791,12873.044922,9495.630859,10690.348633
187.359996,-,0,0,0,None,Holding,0,313383.59851,7726.918645,7239.484934,2.516343,0,0,1077796.065525,7294.768073,0.033494,0,101.693842,19.647335,0,,1,0,0,0,78.3071,19.647335,5.54435,-0.12298,-1,-0.003843,12873.048115,9495.632294,317.667877,-26.829248,-45.230263,10690.35042,14.066975,10.99576,14.504374,18240.115881,330.225338,313.101843,0.011118,196.040073,,,,,,,,,,,,,,,,,,,,,,,,Idle,Burn,Idle,0,0,Idle,0,0,77.991158,0,77.991158,None,Continue,0,DeorbitReturn,,,,,,1,345.589722,345.589722,0,0,,,,,,,,,,,,,,1,0,0,0.673357,0.673358,0.588792,12873.053711,9495.632813,10690.351563
187.619996,-,0,0,0,None,Holding,0,313384.679199,7726.969148,7239.535389,2.570365,0,0,1079589.991409,7293.688513,0.033631,0,122.359902,18.582539,0,,1,0,0,0,57.638989,18.582539,5.561599,-0.113531,-1,-0.003728,12873.065293,9495.636022,318.656158,-26.023592,-46.205898,10690.350407,14.065393,10.994223,14.502701,18240.154266,330.411782,313.093474,0.010666,196.193914,,,,,,,,,,,,,,,,,,,,,,,,Idle,Burn,Idle,0,0,Idle,0,0,77.991348,0,77.991348,None,Continue,0,DeorbitReturn,,,,,,1,345.094482,345.094482,0,0,,,,,,,,,,,,,,1,0,0,0.672544,0.672545,0.588791,12873.079102,9495.639648,10690.351563
187.879996,-,0,0,0,None,Holding,0,313385.558965,7727.012596,7239.578787,2.496388,0,0,1081384.196368,7292.664744,0.033363,0,92.272043,17.741064,0,,1,0,0,0,87.726891,17.741064,5.525327,-0.106494,-1,-0.003698,12873.076849,9495.638013,316.577942,-25.822256,-45.832523,10690.350541,14.063275,10.992742,14.500518,18240.168452,330.54603,313.112783,0.010372,196.300683,,,,,,,,,,,,,,,,,,,,,,,,Idle,Burn,Idle,0,0,Idle,0,0,77.991537,0,77.991537,None,Continue,0,DeorbitReturn,,,,,,1,344.857208,344.857208,0,0,,,,,,,,,,,,,,1,0,0,0.671772,0.671773,0.588791,12873.083008,9495.639648,10690.350586
188.139996,-,0,0,0,None,Holding,0,313385.832411,7727.000711,7239.566855,2.431114,0,0,1083178.37386,7291.585185,0.03464,0,66.384122,18.617399,0,,1,0,0,0,113.616675,18.617399,5.543812,-0.11396,-1,-0.003582,12873.086382,9495.638241,317.637024,-25.014141,-46.593098,10690.34983,14.061726,10.991225,14.498876,21442.905128,330.49341,313.126679,0.010895,196.115673,,,,,,,,,,,,,,,,,,,,,,,,Idle,Burn,Idle,0,0,Idle,0,0,77.991719,0,77.991719,None,Continue,0,DeorbitReturn,,,,,,1,344.372223,344.372223,0,0,,,,,,,,,,,,,,1,0,0,0.670959,0.67096,0.588792,12873.108398,9495.645508,10690.350586
188.399996,-,0,0,0,None,Holding,0,313386.168125,7726.976539,7239.542639,2.49807,0,0,1084972.276192,7290.560938,0.032557,0,89.326246,19.786721,0,,1,0,0,0,90.675045,19.786721,5.508414,-0.124443,-1,-0.003551,12873.104531,9495.641587,315.608856,-24.801031,-45.951794,10690.34958,14.05959,10.989725,14.496675,18240.212321,330.426928,313.111768,0.011408,195.951184,,,,,,,,,,,,,,,,,,,,,,,,Idle,Burn,Idle,0,0,Idle,0,0,77.991902,0,77.991902,None,Continue,0,DeorbitReturn,,,,,,1,344.124451,344.124451,0,0,,,,,,,,,,,,,,1,0,0,0.670187,0.670189,0.588792,12873.113281,9495.642578,10690.349609
188.659996,-,0,0,0,None,Holding,0,313387.122855,7727.011004,7239.577057,2.582388,0,0,1086766.145898,7289.523341,0.034062,0,121.255806,19.1775,0,,1,0,0,0,58.743737,19.1775,5.487446,-0.119299,-1,-0.003499,12873.114232,9495.641572,314.407532,-24.444656,-45.548397,10690.350166,14.057639,10.988252,14.494654,21442.945242,330.565141,313.095919,0.0111,196.047411,,,,,,,,,,,,,,,,,,,,,,,,Idle,Burn,Idle,0,0,Idle,0,0,77.992091,0,77.992091,None,Continue,0,DeorbitReturn,,,,,,1,343.64975,343.64975,0,0,,,,,,,,,,,,,,1,0,0,0.669406,0.669407,0.588792,12873.119141,9495.639648,10690.347656
188.919996,-,0,0,0,None,Holding,0,313388.165697,7727.067421,7239.633424,2.546536,0,0,1088560.28897,7288.45761,0.033191,0,104.86796,18.003384,0,,1,0,0,0,75.130637,18.003384,5.493626,-0.109,-1,-0.003403,12873.134688,9495.645069,314.761566,-23.770912,-45.579273,10690.350662,14.055912,10.986708,14.492838,18240.267754,330.752057,313.107653,0.010627,196.20567,,,,,,,,,,,,,,,,,,,,,,,,Idle,Burn,Idle,0,0,Idle,0,0,77.992282,0,77.992282,None,Continue,0,DeorbitReturn,,,,,,1,343.154144,343.154144,0,0,,,,,,,,,,,,,,1,0,0,0.668603,0.668604,0.588792,12873.142578,9495.643555,10690.350586
189.179996,-,0,0,0,None,Holding,0,313388.615172,7727.069298,7239.635252,2.460259,0,0,1090354.535493,7287.43384,0.033829,0,70.278064,18.32482,0,,1,0,0,0,109.722054,18.32482,5.46015,-0.112076,-1,-0.003372,12873.145021,9495.644677,312.843536,-23.563492,-44.617668,10690.350856,14.053813,10.985228,14.490673,18240.279436,330.742026,313.126805,0.010916,196.107998,,,,,,,,,,,,,,,,,,,,,,,,Idle,Burn,Idle,0,0,Idle,0,0,77.992468,0,77.992468,None,Continue,0,DeorbitReturn,,,,,,1,342.946381,342.946381,0,0,,,,,,,,,,,,,,1,0,0,0.667831,0.667833,0.588792,12873.148438,9495.642578,10690.349609
189.439996,-,0,0,0,None,Holding,0,313388.83279,7727.040838,7239.606747,2.479467,0,0,1092148.543437,7286.354281,0.033913,0,76.707333,19.653248,0,,1,0,0,0,103.294121,19.653248,5.48125,-0.123451,-1,-0.003255,12873.161378,9495.645972,314.05249,-22.745729,-44.757313,10690.349573,14.052251,10.983694,14.489017,18240.316629,330.650614,313.121927,0.011583,195.901852,,,,,,,,,,,,,,,,,,,,,,,,Idle,Burn,Idle,0,0,Idle,0,0,77.992651,0,77.992651,None,Continue,0,DeorbitReturn,,,,,,1,342.450592,342.450592,0,0,,,,,,,,,,,,,,1,0,0,0.667018,0.667019,0.588793,12873.173828,9495.647461,10690.347656
189.699996,-,0,0,0,None,Holding,0,313389.581167,7727.052403,7239.618266,2.579082,0,0,1093942.392255,7285.330035,0.03315,0,112.866203,19.73094,0,,1,0,0,0,67.134123,19.73094,5.448861,-0.124391,-1,-0.003225,12873.175232,9495.646054,312.196747,-22.539761,-43.556545,10690.349442,14.050159,10.982215,14.48686,18240.327001,330.713628,313.101724,0.011557,195.909204,,,,,,,,,,,,,,,,,,,,,,,,Idle,Burn,Idle,0,0,Idle,0,0,77.992839,0,77.992839,None,Continue,0,DeorbitReturn,,,,,,1,341.975616,341.975616,0,0,,,,,,,,,,,,,,1,0,0,0.666247,0.666248,0.588792,12873.182617,9495.645508,10690.347656
189.959996,-,0,0,0,None,Holding,0,313390.700009,7727.11224,7239.678053,2.593495,0,0,1095736.441768,7284.250475,0.034638,0,116.453808,18.488567,0,,1,0,0,0,63.544743,18.488567,5.471262,-0.113363,-1,-0.003109,12873.191212,9495.6472,313.480225,-21.731667,-43.492813,10690.34985,14.048604,10.980678,14.485209,18240.368605,330.92327,313.102637,0.010996,196.079946,,,,,,,,,,,,,,,,,,,,,,,,Idle,Burn,Idle,0,0,Idle,0,0,77.993032,0,77.993032,None,Continue,0,DeorbitReturn,,,,,,1,341.738068,341.738068,0,0,,,,,,,,,,,,,,1,0,0,0.665433,0.665435,0.588792,12873.209961,9495.650391,10690.350586
190.219996,-,0,0,0,None,Holding,0,313391.393095,7727.138226,7239.703988,2.502951,0,0,1097530.710358,7283.228137,0.032915,0,80.808644,18.120349,0,,1,0,0,0,99.190725,18.120349,5.440035,-0.110412,-1,-0.003056,12873.208211,9495.647755,311.69104,-21.36199,-42.061161,10690.350303,14.046523,10.979202,14.483064,18240.381241,330.994708,313.124122,0.010943,196.09711,,,,,,,,,,,,,,,,,,,,,,,,Idle,Burn,Idle,0,0,Idle,0,0,77.993221,0,77.993221,None,Continue,0,DeorbitReturn,,,,,,1,341.242737,341.242737,0,0,,,,,,,,,,,,,,1,0,0,0.664663,0.664664,0.588793,12873.213867,9495.645508,10690.349609
190.479996,-,0,0,0,None,Holding,0,313391.604406,7727.109942,7239.675658,2.475056,0,0,1099324.842945,7282.190539,0.033818,0,67.462459,19.28654,0,,1,0,0,0,112.538812,19.28654,5.423359,-0.120695,-1,-0.003007,12873.217968,9495.64598,310.735565,-21.025253,-40.85815,10690.349851,14.044606,10.977729,14.481073,21443.123639,330.893991,313.129174,0.011602,195.898232,,,,,,,,,,,,,,,,,,,,,,,,Idle,Burn,Idle,0,0,Idle,0,0,77.993405,0,77.993405,None,Continue,0,DeorbitReturn,,,,,,1,340.762299,340.762299,0,0,,,,,,,,,,,,,,1,0,0,0.663881,0.663883,0.588794,12873.228516,9495.645508,10690.349609
190.739996,-,0,0,0,None,Holding,0,313392.104636,7727.098329,7239.664,2.560783,0,0,1101118.727317,7281.126238,0.033557,0,98.800418,20.086877,0,,1,0,0,0,81.200589,20.086877,5.433943,-0.127555,-1,-0.00289,12873.240261,9495.648146,311.34198,-20.210953,-40.120022,10690.350045,14.04291,10.976191,14.479288,18240.433216,330.874448,313.110998,0.011942,195.804734,,,,,,,,,,,,,,,,,,,,,,,,Idle,Burn,Idle,0,0,Idle,0,0,77.993592,0,77.993592,None,Continue,0,DeorbitReturn,,,,,,1,340.509003,340.509003,0,0,,,,,,,,,,,,,,1,0,0,0.66308,0.663081,0.588794,12873.253906,9495.649414,10690.351563
190.999996,-,0,0,0,None,Holding,0,313393.169456,7727.144562,7239.710184,2.61966,0,0,1102912.679819,7280.102469,0.033808,0,121.944733,19.122653,0,,1,0,0,0,58.05427,19.122653,5.404937,-0.119396,-1,-0.002865,12873.253045,9495.646768,309.680084,-20.038897,-38.369663,10690.350705,14.040849,10.974711,14.47716,18240.450382,331.047305,313.101454,0.011461,195.937787,,,,,,,,,,,,,,,,,,,,,,,,Idle,Burn,Idle,0,0,Idle,0,0,77.993785,0,77.993785,None,Continue,0,DeorbitReturn,,,,,,1,340.034302,340.034302,0,0,,,,,,,,,,,,,,1,0,0,0.662308,0.662309,0.588793,12873.260742,9495.646484,10690.351563
191.259996,-,0,0,0,None,Holding,0,313394.110661,7727.193569,7239.75914,2.559714,0,0,1104706.905111,7279.038645,0.03381,0,95.890793,18.151723,0,,1,0,0,0,84.107996,18.151723,5.417124,-0.110826,-1,-0.002752,12873.270939,9495.646215,310.378357,-19.247849,-37.417416,10690.350639,14.039187,10.973194,14.47541,18240.482807,331.203945,313.117758,0.011095,196.046357,,,,,,,,,,,,,,,,,,,,,,,,Idle,Burn,Idle,0,0,Idle,0,0,77.993978,0,77.993978,None,Continue,0,DeorbitReturn,,,,,,1,339.781555,339.781555,0,0,,,,,,,,,,,,,,1,0,0,0.661507,0.661508,0.588793,12873.285156,9495.647461,10690.352539
191.519996,-,0,0,0,None,Holding,0,313394.45645,7727.181444,7239.746966,2.487645,0,0,1106501.147354,7278.014399,0.03407,0,66.388992,18.812926,0,,1,0,0,0,113.611594,18.812926,5.389492,-0.116803,-1,-0.00273,12873.282454,9495.643753,308.795166,-19.09864,-35.478611,10690.349734,14.03714,10.971717,14.473293,18240.496635,331.14928,313.132924,0.011551,195.912932,,,,,,,,,,,,,,,,,,,,,,,,Idle,Burn,Idle,0,0,Idle,0,0,77.994165,0,77.994165,None,Continue,0,DeorbitReturn,,,,,,1,339.306091,339.306091,0,0,,,,,,,,,,,,,,1,0,0,0.660735,0.660736,0.588794,12873.291016,9495.642578,10690.349609
191.779996,-,0,0,0,None,Holding,0,313394.748663,7727.153746,7239.719224,2.53311,0,0,1108295.129549,7276.93484,0.034492,0,82.455816,20.049255,0,,1,0,0,0,97.545628,20.049255,5.416613,-0.127311,-1,-0.002623,12873.299976,9495.643978,310.34906,-18.352995,-34.700592,10690.349103,14.035618,10.970184,14.471676,18240.536451,331.065958,313.122642,0.012169,195.749187,,,,,,,,,,,,,,,,,,,,,,,,Idle,Burn,Idle,0,0,Idle,0,0,77.994351,0,77.994351,None,Continue,0,DeorbitReturn,,,,,,1,338.809662,338.809662,0,0,,,,,,,,,,,,,,1,0,0,0.659922,0.659923,0.588794,12873.319336,9495.647461,10690.349609
192.039996,-,0,0,0,None,Holding,0,313395.618007,7727.175238,7239.740667,2.628879,0,0,1110089.019669,7275.912501,0.03315,0,116.893081,19.766619,0,,1,0,0,0,63.106855,19.766619,5.39003,-0.125065,-1,-0.002581,12873.318283,9495.643901,308.825958,-18.058561,-32.607346,10690.349902,14.033587,10.96871,14.469576,18240.558386,331.162054,313.1039,0.011984,195.796066,,,,,,,,,,,,,,,,,,,,,,,,Idle,Burn,Idle,0,0,Idle,0,0,77.994543,0,77.994543,None,Continue,0,DeorbitReturn,,,,,,1,338.601593,338.601593,0,0,,,,,,,,,,,,,,1,0,0,0.659152,0.659153,0.588794,12873.326172,9495.640625,10690.348633
192.299996,-,0,0,0,None,Holding,0,313396.721672,7727.235909,7239.801288,2.620033,0,0,1111883.144559,7274.832942,0.03477,0,111.458225,18.520614,0,,1,0,0,0,68.540257,18.520614,5.418351,-0.113967,-1,-0.002478,12873.33535,9495.643283,310.448669,-17.339315,-31.658169,10690.350626,14.032079,10.967176,14.467972,18240.599394,331.369587,313.109877,0.011419,195.948237,,,,,,,,,,,,,,,,,,,,,,,,Idle,Burn,Idle,0,0,Idle,0,0,77.994739,0,77.994739,None,Continue,0,DeorbitReturn,,,,,,1,338.156281,338.156281,0,0,,,,,,,,,,,,,,1,0,0,0.658338,0.65834,0.588794,12873.357422,9495.646484,10690.351563
192.559996,-,0,0,0,None,Holding,0,313397.325619,7727.250789,7239.816117,2.527299,0,0,1113677.441793,7273.809172,0.033068,0,75.605471,18.400105,0,,1,0,0,0,104.394192,18.400105,5.392846,-0.113124,-1,-0.002463,12873.354446,9495.643479,308.987335,-17.237083,-29.376572,10690.350584,14.030054,10.965699,14.465878,18240.612149,331.402883,313.130953,0.011513,195.922152,,,,,,,,,,,,,,,,,,,,,,,,Idle,Burn,Idle,0,0,Idle,0,0,77.99493,0,77.99493,None,Continue,0,DeorbitReturn,,,,,,1,337.689362,337.689362,0,0,,,,,,,,,,,,,,1,0,0,0.657567,0.657568,0.588794,12873.362305,9495.642578,10690.349609
192.819996,-,0,0,0,None,Holding,0,313397.540657,7727.217491,7239.782773,2.519575,0,0,1115471.561743,7272.784926,0.034126,0,69.146314,19.62936,0,,1,0,0,0,110.855128,19.62936,5.368176,-0.124012,-1,-0.002451,12873.366087,9495.640809,307.573792,-17.161034,-27.097033,10690.349768,14.028046,10.964224,14.463799,18240.625381,331.289237,313.131543,0.012193,195.745523,,,,,,,,,,,,,,,,,,,,,,,,Idle,Burn,Idle,0,0,Idle,0,0,77.995117,0,77.995117,None,Continue,0,DeorbitReturn,,,,,,1,337.213531,337.213531,0,0,,,,,,,,,,,,,,1,0,0,0.656795,0.656797,0.588795,12873.375,9495.639648,10690.349609
193.079996,-,0,0,0,None,Holding,0,313398.130348,7727.212504,7239.777739,2.611128,0,0,1117265.460638,7271.707274,0.03386,0,102.663352,20.199516,0,,1,0,0,0,77.337472,20.199516,5.397874,-0.128698,-1,-0.00233,12873.390222,9495.642703,309.275421,-16.31365,-25.943726,10690.350058,14.026552,10.962694,14.46221,18240.6708,331.293558,313.11257,0.012437,195.686992,,,,,,,,,,,,,,,,,,,,,,,,Idle,Burn,Idle,0,0,Idle,0,0,77.995307,0,77.995307,None,Continue,0,DeorbitReturn,,,,,,1,336.954681,336.954681,0,0,,,,,,,,,,,,,,1,0,0,0.655983,0.655985,0.588795,12873.407227,9495.644531,10690.351563
193.339996,-,0,0,0,None,Holding,0,313399.231703,7727.262106,7239.827292,2.658313,0,0,1119059.468205,7270.684935,0.03425,0,120.776325,19.128289,0,,1,0,0,0,59.222446,19.128289,5.374161,-0.119573,-1,-0.002299,12873.405501,9495.641374,307.916748,-16.099785,-23.519741,10690.350847,14.024558,10.961222,14.460145,18240.690231,331.475404,313.105799,0.0119,195.817817,,,,,,,,,,,,,,,,,,,,,,,,Idle,Burn,Idle,0,0,Idle,0,0,77.995504,0,77.995504,None,Continue,0,DeorbitReturn,,,,,,1,336.509125,336.509125,0,0,,,,,,,,,,,,,,1,0,0,0.655213,0.655214,0.588794,12873.413086,9495.639648,10690.351563
193.599996,-,0,0,0,None,Holding,0,313400.125793,7727.307467,7239.872601,2.588543,0,0,1120853.737999,7269.605376,0.03385,0,91.64861,18.2535,0,,1,0,0,0,88.350287,18.2535,5.40495,-0.111688,-1,-0.002207,12873.428484,9495.641781,309.680817,-15.453993,-22.206181,10690.350643,14.023075,10.959689,14.458565,18240.731955,331.617694,313.123835,0.011603,195.894983,,,,,,,,,,,,,,,,,,,,,,,,Idle,Burn,Idle,0,0,Idle,0,0,77.995699,0,77.995699,None,Continue,0,DeorbitReturn,,,,,,1,336.012787,336.012787,0,0,,,,,,,,,,,,,,1,0,0,0.6544,0.654401,0.588794,12873.441406,9495.640625,10690.348633
193.859996,-,0,0,0,None,Holding,0,313400.442334,7727.289197,7239.854282,2.525137,0,0,1122647.987765,7268.58113,0.034179,0,65.078945,19.039712,0,,1,0,0,0,114.921873,19.039712,5.382112,-0.118704,-1,-0.002204,12873.444018,9495.640717,308.372284,-15.440823,-19.645971,10690.350418,14.021091,10.958214,14.456511,18240.746617,331.543938,313.136775,0.01212,195.763908,,,,,,,,,,,,,,,,,,,,,,,,Idle,Burn,Idle,0,0,Idle,0,0,77.995888,0,77.995888,None,Continue,0,DeorbitReturn,,,,,,1,335.774719,335.774719,0,0,,,,,,,,,,,,,,1,0,0,0.653628,0.65363,0.588795,12873.452148,9495.638672,10690.348633
194.119996,-,0,0,0,None,Holding,0,313400.782112,7727.262699,7239.827738,2.581924,0,0,1124441.974423,7267.502047,0.03473,0,84.993881,20.190456,0,,1,0,0,0,95.007516,20.190456,5.414022,-0.128414,-1,-0.002118,12873.461338,9495.639523,310.200623,-14.839935,-18.305407,10690.349466,14.019623,10.956683,14.454944,18240.789294,331.467051,313.124262,0.012698,195.630889,,,,,,,,,,,,,,,,,,,,,,,,Idle,Burn,Idle,0,0,Idle,0,0,77.996078,0,77.996078,None,Continue,0,DeorbitReturn,,,,,,1,335.277649,335.277649,0,0,,,,,,,,,,,,,,1,0,0,0.652815,0.652817,0.588795,12873.479492,9495.640625,10690.349609
194.379996,-,0,0,0,None,Holding,0,313401.707449,7727.288592,7239.853582,2.673048,0,0,1126235.89976,7266.479231,0.033255,0,118.059287,19.755609,0,,1,0,0,0,61.940433,19.755609,5.391936,-0.12481,-1,-0.002097,12873.483019,9495.640123,308.935211,-14.69558,-15.674767,10690.35046,14.017655,10.955211,14.452906,18240.80801,331.57717,313.106845,0.012442,195.687739,,,,,,,,,,,,,,,,,,,,,,,,Idle,Burn,Idle,0,0,Idle,0,0,77.996274,0,77.996274,None,Continue,0,DeorbitReturn,,,,,,1,335.009796,335.009796,0,0,,,,,,,,,,,,,,1,0,0,0.652045,0.652046,0.588794,12873.494141,9495.638672,10690.351563
194.639996,-,0,0,0,None,Holding,0,313402.80274,7727.348749,7239.913688,2.652985,0,0,1128030.071608,7265.400149,0.034849,0,108.641385,18.506109,0,,1,0,0,0,71.357091,18.506109,5.424759,-0.113655,-1,-0.002017,12873.500289,9495.6394,310.815826,-14.134901,-14.259471,10690.350834,14.016225,10.953701,14.451376,21443.623781,331.780643,313.115152,0.011887,195.819137,,,,,,,,,,,,,,,,,,,,,,,,Idle,Burn,Idle,0,0,Idle,0,0,77.996472,0,77.996472,None,Continue,0,DeorbitReturn,,,,,,1,334.563873,334.563873,0,0,,,,,,,,,,,,,,1,0,0,0.651232,0.651233,0.588793,12873.520508,9495.640625,10690.349609
194.899996,-,0,0,0,None,Holding,0,313403.370338,7727.357916,7239.922804,2.560975,0,0,1129824.392564,7264.375903,0.033257,0,73.019091,18.4984,0,,1,0,0,0,106.980725,18.4984,5.40337,-0.113758,-1,-0.002026,12873.522887,9495.640328,309.590302,-14.197433,-11.54434,10690.350934,14.014241,10.952206,14.449321,18240.869522,331.794748,313.135609,0.012046,195.780566,,,,,,,,,,,,,,,,,,,,,,,,Idle,Burn,Idle,0,0,Idle,0,0,77.996665,0,77.996665,None,Continue,0,DeorbitReturn,,,,,,1,334.066589,334.066589,0,0,,,,,,,,,,,,,,1,0,0,0.65046,0.650461,0.588793,12873.53418,9495.638672,10690.351563
195.159996,-,0,0,0,None,Holding,0,313403.597078,7727.323227,7239.888068,2.561987,0,0,1131618.517293,7263.353564,0.034051,0,70.192039,19.740964,0,,1,0,0,0,109.80948,19.740964,5.38278,-0.124714,-1,-0.002015,12873.535882,9495.637869,308.410553,-14.121753,-8.859235,10690.350282,14.012301,10.950735,14.44731,18240.888715,331.678155,313.134344,0.01272,195.628579,,,,,,,,,,,,,,,,,,,,,,,,Idle,Burn,Idle,0,0,Idle,0,0,77.996855,0,77.996855,None,Continue,0,DeorbitReturn,,,,,,1,333.828979,333.828979,0,0,,,,,,,,,,,,,,1,0,0,0.64969,0.649691,0.588793,12873.545898,9495.635742,10690.350586
195.419996,-,0,0,0,None,Holding,0,313404.241676,7727.322665,7239.887458,2.656938,0,0,1133412.436222,7262.274005,0.033811,0,104.698242,20.168746,0,,1,0,0,0,75.302475,20.168746,5.416487,-0.128123,-1,-0.001943,12873.560506,9495.639018,310.341858,-13.618797,-7.344163,10690.350147,14.010861,10.949204,14.44577,18240.931273,331.698281,313.114985,0.012894,195.591984,,,,,,,,,,,,,,,,,,,,,,,,Idle,Burn,Idle,0,0,Idle,0,0,77.997049,0,77.997049,None,Continue,0,DeorbitReturn,,,,,,1,333.331543,333.331543,0,0,,,,,,,,,,,,,,1,0,0,0.648877,0.648878,0.588792,12873.578125,9495.640625,10690.351563
195.679996,-,0,0,0,None,Holding,0,313405.366604,7727.373501,7239.938243,2.694766,0,0,1135206.48685,7261.251666,0.034314,0,119.609953,19.034927,0,,1,0,0,0,60.388712,19.034927,5.396512,-0.118433,-1,-0.001938,12873.578528,9495.638616,309.197357,-13.584252,-4.616288,10690.351216,14.008933,10.947733,14.44377,18240.956903,331.882351,313.110333,0.012337,195.71142,,,,,,,,,,,,,,,,,,,,,,,,Idle,Burn,Idle,0,0,Idle,0,0,77.997248,0,77.997248,None,Continue,0,DeorbitReturn,,,,,,1,332.885376,332.885376,0,0,,,,,,,,,,,,,,1,0,0,0.648106,0.648108,0.588791,12873.588867,9495.638672,10690.352539
195.939996,-,0,0,0,None,Holding,0,313406.230229,7727.415425,7239.980114,2.619024,0,0,1137000.792594,7260.172106,0.034244,0,88.665783,18.218414,0,,1,0,0,0,91.333192,18.218414,5.430959,-0.111032,-1,-0.001872,12873.600532,9495.63929,311.171021,-13.126461,-3.08179,10690.35018,14.007504,10.946202,14.442242,18240.997195,332.011822,313.129293,0.012089,195.767993,,,,,,,,,,,,,,,,,,,,,,,,Idle,Burn,Idle,0,0,Idle,0,0,77.997446,0,77.997446,None,Continue,0,DeorbitReturn,,,,,,1,332.596313,332.596313,0,0,,,,,,,,,,,,,,1,0,0,0.647293,0.647294,0.588791,12873.615234,9495.637695,10690.347656
196.199996,-,0,0,0,None,Holding,0,313406.529143,7727.392937,7239.957577,2.563213,0,0,1138795.05239,7259.14786,0.033853,0,64.45826,19.095752,0,,1,0,0,0,115.542741,19.095752,5.411535,-0.118802,-1,-0.001897,12873.617935,9495.638997,310.058105,-13.304264,-0.339123,10690.349872,14.005585,10.944731,14.44025,18241.015673,331.925294,313.140381,0.012647,195.644987,,,,,,,,,,,,,,,,,,,,,,,,Idle,Burn,Idle,0,0,Idle,0,0,77.997638,0,77.997638,None,Continue,0,DeorbitReturn,,,,,,1,332.149384,332.149384,0,0,,,,,,,,,,,,,,1,0,0,0.646522,0.646523,0.588791,12873.626953,9495.636719,10690.349609
196.459996,-,0,0,0,None,Holding,0,313406.912131,7727.36835,7239.932943,2.629111,0,0,1140589.04645,7258.068301,0.034827,0,87.464016,20.159489,0,,1,0,0,0,92.537326,20.159489,5.446875,-0.127717,-1,-0.001839,12873.636898,9495.639659,312.082947,-12.898915,1.120926,10690.349658,14.004174,10.943201,14.438739,18241.061807,331.85681,313.126143,0.013183,195.537189,,,,,,,,,,,,,,,,,,,,,,,,Idle,Burn,Idle,0,0,Idle,0,0,77.99783,0,77.99783,None,Continue,0,DeorbitReturn,,,,,,1,331.651642,331.651642,0,0,,,,,,,,,,,,,,1,0,0,0.645708,0.64571,0.588791,12873.660156,9495.641602,10690.349609
196.719996,-,0,0,0,None,Holding,0,313407.889225,7727.398452,7239.962997,2.713879,0,0,1142383.006523,7257.045962,0.03308,0,119.065656,19.589156,0,,1,0,0,0,60.933866,19.589156,5.427972,-0.122913,-1,-0.001846,12873.659821,9495.640688,310.999878,-12.950588,3.851923,10690.349902,14.002269,10.94173,14.436762,18241.085649,331.979942,313.110393,0.012867,195.599214,,,,,,,,,,,,,,,,,,,,,,,,Idle,Burn,Idle,0,0,Idle,0,0,77.99803,0,77.99803,None,Continue,0,DeorbitReturn,,,,,,1,331.413849,331.413849,0,0,,,,,,,,,,,,,,1,0,0,0.644938,0.644939,0.588789,12873.671875,9495.639648,10690.349609
196.979996,-,0,0,0,None,Holding,0,313408.971698,7727.454977,7240.019468,2.679729,0,0,1144177.224957,7255.994059,0.034772,0,105.569894,18.338677,0,,1,0,0,0,74.428585,18.338677,5.436912,-0.111969,-1,-0.001838,12873.676119,9495.640938,311.512085,-12.897994,5.897182,10690.350716,14.000645,10.940249,14.435053,21443.912983,332.16811,313.121433,0.012337,195.709493,,,,,,,,,,,,,,,,,,,,,,,,Idle,Burn,Idle,0,0,Idle,0,0,77.998231,0,77.998231,None,Continue,0,DeorbitReturn,,,,,,1,330.93692,330.93692,0,0,,,,,,,,,,,,,,1,0,0,0.644146,0.644147,0.588789,12873.697266,9495.645508,10690.353516
197.239996,-,0,0,0,None,Holding,0,313409.493997,7727.46214,7240.02658,2.590574,0,0,1145971.56692,7254.945971,0.033986,0,70.380416,18.477572,0,,1,0,0,0,109.619606,18.477572,5.445611,-0.113085,-1,-0.001784,12873.701829,9495.643752,312.010529,-12.519125,7.965689,10690.350409,13.998977,10.938731,14.433295,17849.824905,332.176159,313.141015,0.012549,195.664719,,,,,,,,,,,,,,,,,,,,,,,,Idle,Burn,Idle,0,0,Idle,0,0,77.998426,0,77.998426,None,Continue,0,DeorbitReturn,,,,,,1,330.67749,330.67749,0,0,,,,,,,,,,,,,,1,0,0,0.643356,0.643357,0.588789,12873.713867,9495.641602,10690.349609
197.499996,-,0,0,0,None,Holding,0,313409.736638,7727.42608,7239.990473,2.606371,0,0,1147765.68914,7253.921725,0.033492,0,72.41396,19.731561,0,,1,0,0,0,107.587617,19.731561,5.427877,-0.124104,-1,-0.001826,12873.71732,9495.642572,310.994446,-12.814786,10.640161,10690.349673,13.997094,10.93726,14.43134,18241.16981,332.05791,313.136676,0.01322,195.532621,,,,,,,,,,,,,,,,,,,,,,,,Idle,Burn,Idle,0,0,Idle,0,0,77.998618,0,77.998618,None,Continue,0,DeorbitReturn,,,,,,1,330.201691,330.201691,0,0,,,,,,,,,,,,,,1,0,0,0.642584,0.642586,0.588789,12873.726563,9495.641602,10690.349609
197.759996,-,0,0,0,None,Holding,0,313410.457423,7727.430479,7239.994823,2.70532,0,0,1149559.627216,7252.844073,0.034409,0,108.06599,19.960933,0,,1,0,0,0,71.934519,19.960933,5.464538,-0.125763,-1,-0.00176,12873.742215,9495.644693,313.094971,-12.349614,12.042411,10690.350428,13.995708,10.935733,14.429853,17847.283006,332.095835,313.116806,0.013318,195.51465,,,,,,,,,,,,,,,,,,,,,,,,Idle,Burn,Idle,0,0,Idle,0,0,77.998816,0,77.998816,None,Continue,0,DeorbitReturn,,,,,,1,329.733429,329.733429,0,0,,,,,,,,,,,,,,1,0,0,0.641772,0.641774,0.588789,12873.758789,9495.646484,10690.351563
198.019996,-,0,0,0,None,Holding,0,313411.607462,7727.484342,7240.048634,2.72684,0,0,1151353.732394,7251.819827,0.033687,0,117.554398,18.737802,0,,1,0,0,0,62.444084,18.737802,5.447224,-0.115286,-1,-0.001808,12873.761826,9495.645657,312.102936,-12.689826,14.669759,10690.351004,13.993835,10.934261,14.427908,18241.241932,332.286804,313.115826,0.01273,195.626133,,,,,,,,,,,,,,,,,,,,,,,,Idle,Burn,Idle,0,0,Idle,0,0,77.999019,0,77.999019,None,Continue,0,DeorbitReturn,,,,,,1,329.495453,329.495453,0,0,,,,,,,,,,,,,,1,0,0,0.641001,0.641002,0.588788,12873.772461,9495.646484,10690.351563
198.279996,-,0,0,0,None,Holding,0,313412.407717,7727.520476,7240.084715,2.642463,0,0,1153148.07781,7250.740267,0.034582,0,83.981208,18.070623,0,,1,0,0,0,96.017948,18.070623,5.484575,-0.109164,-1,-0.001772,12873.784521,9495.648692,314.243011,-12.44382,15.993807,10690.351105,13.992459,10.932734,14.426431,18241.289377,332.39488,313.136101,0.012572,195.657704,,,,,,,,,,,,,,,,,,,,,,,,Idle,Burn,Idle,0,0,Idle,0,0,77.999218,0,77.999218,None,Continue,0,DeorbitReturn,,,,,,1,329.002472,329.002472,0,0,,,,,,,,,,,,,,1,0,0,0.640188,0.640189,0.588788,12873.804688,9495.651367,10690.351563
198.539996,-,0,0,0,None,Holding,0,313412.674103,7727.492352,7240.056542,2.601963,0,0,1154942.332249,7249.716021,0.032915,0,64.695176,19.101715,0,,1,0,0,0,115.306066,19.101715,5.467681,-0.118238,-1,-0.001827,12873.804379,9495.649792,313.275055,-12.829739,18.509893,10690.350192,13.990593,10.931261,14.424491,18241.302848,332.292272,313.143713,0.01319,195.539578,,,,,,,,,,,,,,,,,,,,,,,,Idle,Burn,Idle,0,0,Idle,0,0,77.999412,0,77.999412,None,Continue,0,DeorbitReturn,,,,,,1,328.490051,328.490051,0,0,,,,,,,,,,,,,,1,0,0,0.639416,0.639417,0.588788,12873.814453,9495.649414,10690.348633
198.799996,-,0,0,0,None,Holding,0,313413.138297,7727.472221,7240.036363,2.683842,0,0,1156736.321361,7248.664595,0.034479,0,92.873257,19.997367,0,,1,0,0,0,87.12795,19.997367,5.478729,-0.125895,-1,-0.001843,12873.820738,9495.651555,313.908081,-12.940488,20.284153,10690.349936,13.989007,10.929782,14.422819,21444.161355,332.242359,313.126431,0.01361,195.465873,,,,,,,,,,,,,,,,,,,,,,,,Idle,Burn,Idle,0,0,Idle,0,0,77.999608,0,77.999608,None,Continue,0,DeorbitReturn,,,,,,1,328.251343,328.251343,0,0,,,,,,,,,,,,,,1,0,0,0.638624,0.638625,0.588788,12873.84082,9495.655273,10690.351563
199.059996,-,0,0,0,None,Holding,0,313414.198032,7727.512284,7240.076375,2.754466,0,0,1158530.33171,7247.612692,0.033353,0,120.589874,19.188451,0,,1,0,0,0,59.409245,19.188451,5.489443,-0.118774,-1,-0.00186,12873.849012,9495.656281,314.521912,-13.065386,22.049212,10690.350985,13.987372,10.928262,14.421095,18241.381764,332.396562,313.114277,0.013203,195.53645,,,,,,,,,,,,,,,,,,,,,,,,Idle,Burn,Idle,0,0,Idle,0,0,77.999811,0,77.999811,None,Continue,0,DeorbitReturn,,,,,,1,327.752869,327.752869,0,0,,,,,,,,,,,,,,1,0,0,0.637831,0.637833,0.588787,12873.863281,9495.658203,10690.351563
199.319996,-,0,0,0,None,Holding,0,313415.229895,7727.562062,7240.126099,2.699822,0,0,1160324.617141,7246.590354,0.034325,0,99.350977,17.999386,0,,1,0,0,0,80.647624,17.999386,5.473754,-0.108586,-1,-0.001901,12873.865798,9495.65769,313.623016,-13.353819,24.303322,10690.350647,13.985528,10.926792,14.419177,18241.403461,332.557473,313.129176,0.012753,195.619551,,,,,,,,,,,,,,,,,,,,,,,,Idle,Burn,Idle,0,0,Idle,0,0,78.000014,0,78.000014,None,Continue,0,DeorbitReturn,,,,,,1,327.305786,327.305786,0,0,,,,,,,,,,,,,,1,0,0,0.637061,0.637062,0.588786,12873.878906,9495.660156,10690.351563
199.579996,-,0,0,0,None,Holding,0,313415.657742,7727.560532,7240.124518,2.621583,0,0,1162118.965962,7245.510794,0.033435,0,66.62761,18.461909,0,,1,0,0,0,113.372864,18.461909,5.512335,-0.11225,-1,-0.001881,12873.890455,9495.661315,315.833527,-13.217772,25.307848,10690.349959,13.98417,10.925265,14.417716,18241.447091,332.538196,313.145904,0.013118,195.552325,,,,,,,,,,,,,,,,,,,,,,,,Idle,Burn,Idle,0,0,Idle,0,0,78.000211,0,78.000211,None,Continue,0,DeorbitReturn,,,,,,1,327.04599,327.04599,0,0,,,,,,,,,,,,,,1,0,0,0.636248,0.636249,0.588787,12873.905273,9495.663086,10690.350586
199.839996,-,0,0,0,None,Holding,0,313415.948648,7727.526013,7240.089951,2.661465,0,0,1163913.057765,7244.488455,0.034079,0,78.51766,19.688114,0,,1,0,0,0,101.483922,19.688114,5.496988,-0.122995,-1,-0.001928,12873.90925,9495.665216,314.954224,-13.544586,27.447117,10690.349337,13.982332,10.923796,14.415806,18241.472483,332.430169,313.136734,0.013744,195.446216,,,,,,,,,,,,,,,,,,,,,,,,Idle,Burn,Idle,0,0,Idle,0,0,78.000407,0,78.000407,None,Continue,0,DeorbitReturn,,,,,,1,326.568939,326.568939,0,0,,,,,,,,,,,,,,1,0,0,0.635477,0.635479,0.588786,12873.919922,9495.667969,10690.348633
200.099996,-,0,0,0,None,Holding,0,313416.81252,7727.544331,7240.10822,2.759325,0,0,1165707.022638,7243.408896,0.033952,0,114.479035,19.530376,0,,1,0,0,0,65.520986,19.530376,5.536309,-0.121276,-1,-0.001914,12873.933632,9495.674099,317.207123,-13.452125,28.287249,10690.350961,13.980984,10.922269,14.414353,18241.521955,332.515549,313.117837,0.013651,195.461091,,,,,,,,,,,,,,,,,,,,,,,,Idle,Burn,Idle,0,0,Idle,0,0,78.000609,0,78.000609,None,Continue,0,DeorbitReturn,,,,,,1,326.330078,326.330078,0,0,,,,,,,,,,,,,,1,0,0,0.634664,0.634666,0.588785,12873.957031,9495.683594,10690.352539
200.359996,-,0,0,0,None,Holding,0,313417.968488,7727.600234,7240.164069,2.752094,0,0,1167501.217267,7242.386557,0.033027,0,112.062126,18.201336,0,,1,0,0,0,67.936248,18.201336,5.521264,-0.109874,-1,-0.001966,12873.955945,9495.683261,316.345093,-13.815117,30.301338,10690.350712,13.979149,10.920799,14.412445,18241.545796,332.707452,313.123067,0.013068,195.559443,,,,,,,,,,,,,,,,,,,,,,,,Idle,Burn,Idle,0,0,Idle,0,0,78.000814,0,78.000814,None,Continue,0,DeorbitReturn,,,,,,1,325.83194,325.83194,0,0,,,,,,,,,,,,,,1,0,0,0.633894,0.633895,0.588785,12873.96582,9495.6875,10690.349609
200.619996,-,0,0,0,None,Holding,0,313418.624575,7727.619069,7240.182851,2.659032,0,0,1169295.601525,7241.334654,0.034453,0,75.818606,17.948426,0,,1,0,0,0,104.181027,17.948426,5.534204,-0.107558,-1,-0.002002,12873.972521,9495.690862,317.086548,-14.070322,31.573875,10690.350284,13.977586,10.91932,14.410795,21444.413602,332.754766,313.144019,0.013131,195.548636,,,,,,,,,,,,,,,,,,,,,,,,Idle,Burn,Idle,0,0,Idle,0,0,78.001015,0,78.001015,None,Continue,0,DeorbitReturn,,,,,,1,325.348755,325.348755,0,0,,,,,,,,,,,,,,1,0,0,0.633101,0.633103,0.588785,12873.987305,9495.696289,10690.347656
200.879996,-,0,0,0,None,Holding,0,313418.861428,7727.587877,7240.151609,2.64954,0,0,1171089.811548,7240.284659,0.03346,0,68.515863,19.175743,0,,1,0,0,0,111.485701,19.175743,5.546705,-0.118069,-1,-0.002015,12873.999803,9495.700326,317.802765,-14.162953,32.799454,10690.35016,13.975976,10.917804,14.409096,18241.616368,332.648012,313.145142,0.013805,195.438408,,,,,,,,,,,,,,,,,,,,,,,,Idle,Burn,Idle,0,0,Idle,0,0,78.001212,0,78.001212,None,Continue,0,DeorbitReturn,,,,,,1,325.094025,325.094025,0,0,,,,,,,,,,,,,,1,0,0,0.63231,0.632312,0.588785,12874.012695,9495.704102,10690.349609
201.139996,-,0,0,0,None,Holding,0,313419.500397,7727.581804,7240.145488,2.747898,0,0,1172883.78801,7239.260413,0.033575,0,103.417148,19.666561,0,,1,0,0,0,76.583615,19.666561,5.532773,-0.122426,-1,-0.002099,12874.017612,9495.70718,317.004578,-14.757855,34.532711,10690.349823,13.974152,10.916332,14.407197,18241.637945,332.649725,313.125143,0.013974,195.412545,,,,,,,,,,,,,,,,,,,,,,,,Idle,Burn,Idle,0,0,Idle,0,0,78.001412,0,78.001412,None,Continue,0,DeorbitReturn,,,,,,1,324.616638,324.616638,0,0,,,,,,,,,,,,,,1,0,0,0.631539,0.63154,0.588784,12874.027344,9495.710938,10690.350586
201.399995,-,0,0,0,None,Holding,0,313420.65996,7727.634874,7240.198506,2.788248,0,0,1174677.891692,7238.180853,0.033706,0,119.645205,18.510798,0,,1,0,0,0,60.353347,18.510798,5.573121,-0.112054,-1,-0.002098,12874.045264,9495.716817,319.316284,-14.753844,34.95174,10690.350563,13.972812,10.914807,14.405754,18241.687298,332.842041,313.120138,0.013461,195.491977,,,,,,,,,,,,,,,,,,,,,,,,Idle,Burn,Idle,0,0,Idle,0,0,78.001619,0,78.001619,None,Continue,0,DeorbitReturn,,,,,,1,324.1474,324.1474,0,0,,,,,,,,,,,,,,1,0,0,0.630726,0.630727,0.588783,12874.064453,9495.723633,10690.351563
201.659995,-,0,0,0,None,Holding,0,313421.538989,7727.670781,7240.234358,2.705962,0,0,1176472.263524,7237.157084,0.033911,0,87.528962,17.646687,0,,1,0,0,0,92.470045,17.646687,5.559498,-0.104674,-1,-0.002187,12874.06513,9495.723782,318.535767,-15.380445,36.477154,10690.350824,13.970987,10.913336,14.403855,18241.711855,332.949949,313.13987,0.01324,195.528051,,,,,,,,,,,,,,,,,,,,,,,,Idle,Burn,Idle,0,0,Idle,0,0,78.001823,0,78.001823,None,Continue,0,DeorbitReturn,,,,,,1,323.908295,323.908295,0,0,,,,,,,,,,,,,,1,0,0,0.629954,0.629955,0.588783,12874.078125,9495.728516,10690.352539
201.919995,-,0,0,0,None,Holding,0,313421.833084,7727.654445,7240.217971,2.654125,0,0,1178266.573853,7236.078478,0.034254,0,64.77916,18.610677,0,,1,0,0,0,115.222036,18.610677,5.600622,-0.112655,-1,-0.002173,12874.085503,9495.730555,320.892029,-15.287414,36.630772,10690.349828,13.969657,10.911812,14.402421,18241.757393,332.8855,313.150335,0.013824,195.436437,,,,,,,,,,,,,,,,,,,,,,,,Idle,Burn,Idle,0,0,Idle,0,0,78.002021,0,78.002021,None,Continue,0,DeorbitReturn,,,,,,1,323.384766,323.384766,0,0,,,,,,,,,,,,,,1,0,0,0.629141,0.629143,0.588783,12874.111328,9495.740234,10690.348633
202.179995,-,0,0,0,None,Holding,0,313422.278229,7727.631498,7240.194976,2.733002,0,0,1180060.607524,7235.054232,0.032672,0,91.536687,19.57118,0,,1,0,0,0,88.464589,19.57118,5.587196,-0.121072,-1,-0.002266,12874.109406,9495.737432,320.122742,-15.940046,37.968658,10690.349043,13.967827,10.91034,14.400516,18241.781235,332.825152,313.133748,0.014254,195.374266,,,,,,,,,,,,,,,,,,,,,,,,Idle,Burn,Idle,0,0,Idle,0,0,78.002221,0,78.002221,None,Continue,0,DeorbitReturn,,,,,,1,323.14035,323.14035,0,0,,,,,,,,,,,,,,1,0,0,0.62837,0.628371,0.588783,12874.120117,9495.740234,10690.345703
202.439995,-,0,0,0,None,Holding,0,313423.347423,7727.670339,7240.233766,2.807441,0,0,1181854.644741,7234.016158,0.034051,0,120.933596,18.804944,0,,1,0,0,0,59.065505,18.804944,5.588229,-0.114416,-1,-0.002339,12874.127543,9495.742823,320.181946,-16.459986,38.823021,10690.349965,13.966152,10.908875,14.39876,21444.659054,332.975916,313.120857,0.013846,195.432497,,,,,,,,,,,,,,,,,,,,,,,,Idle,Burn,Idle,0,0,Idle,0,0,78.002428,0,78.002428,None,Continue,0,DeorbitReturn,,,,,,1,322.661957,322.661957,0,0,,,,,,,,,,,,,,1,0,0,0.627588,0.627589,0.588782,12874.146484,9495.75,10690.353516
202.699995,-,0,0,0,None,Holding,0,313424.400949,7727.723261,7240.286632,2.756531,0,0,1183648.970299,7232.952334,0.033509,0,99.158985,17.567703,0,,1,0,0,0,80.839603,17.567703,5.615829,-0.103455,-1,-0.002345,12874.157608,9495.752052,321.763336,-16.502344,38.995869,10690.350787,13.964673,10.907347,14.397183,18241.854906,333.148594,313.134992,0.013422,195.496426,,,,,,,,,,,,,,,,,,,,,,,,Idle,Burn,Idle,0,0,Idle,0,0,78.002635,0,78.002635,None,Continue,0,DeorbitReturn,,,,,,1,322.163177,322.163177,0,0,,,,,,,,,,,,,,1,0,0,0.626786,0.626788,0.588782,12874.170898,9495.755859,10690.348633
202.959995,-,0,0,0,None,Holding,0,313424.823333,7727.714156,7240.277475,2.679598,0,0,1185443.354006,7231.928088,0.033377,0,66.561224,18.091964,0,,1,0,0,0,113.439369,18.091964,5.603271,-0.108087,-1,-0.002443,12874.174846,9495.756722,321.043823,-17.194567,39.973549,10690.350536,13.962849,10.905876,14.395284,18241.879106,333.103797,313.150975,0.013831,195.435386,,,,,,,,,,,,,,,,,,,,,,,,Idle,Burn,Idle,0,0,Idle,0,0,78.002836,0,78.002836,None,Continue,0,DeorbitReturn,,,,,,1,321.923889,321.923889,0,0,,,,,,,,,,,,,,1,0,0,0.626015,0.626016,0.588782,12874.18457,9495.758789,10690.349609
203.219995,-,0,0,0,None,Holding,0,313425.139254,7727.68635,7240.24962,2.721403,0,0,1187237.466723,7230.850436,0.034039,0,81.189118,19.304833,0,,1,0,0,0,98.812464,19.304833,5.645304,-0.118209,-1,-0.002431,12874.197989,9495.762661,323.452118,-17.10923,39.599102,10690.349835,13.96152,10.904354,14.393851,18241.928339,333.019115,313.141837,0.014456,195.349249,,,,,,,,,,,,,,,,,,,,,,,,Idle,Burn,Idle,0,0,Idle,0,0,78.003036,0,78.003036,None,Continue,0,DeorbitReturn,,,,,,1,321.424927,321.424927,0,0,,,,,,,,,,,,,,1,0,0,0.625203,0.625204,0.588782,12874.21875,9495.768555,10690.348633
203.479995,-,0,0,0,None,Holding,0,313426.070031,7727.708459,7240.271678,2.815335,0,0,1189031.472312,7229.82619,0.03261,0,116.967849,19.007925,0,,1,0,0,0,63.03192,19.007925,5.632685,-0.115734,-1,-0.002531,12874.222091,9495.768568,322.729065,-17.816189,40.386497,10690.350501,13.959692,10.902883,14.391947,18241.951942,333.116547,313.12413,0.014245,195.377184,,,,,,,,,,,,,,,,,,,,,,,,Idle,Burn,Idle,0,0,Idle,0,0,78.003243,0,78.003243,None,Continue,0,DeorbitReturn,,,,,,1,320.946228,320.946228,0,0,,,,,,,,,,,,,,1,0,0,0.624431,0.624433,0.588781,12874.235352,9495.771484,10690.351563
203.739995,-,0,0,0,None,Holding,0,313427.225517,7727.768245,7240.331409,2.796151,0,0,1190825.733661,7228.760459,0.034399,0,109.089931,17.655979,0,,1,0,0,0,70.908416,17.655979,5.661549,-0.103775,-1,-0.002567,12874.241107,9495.773237,324.382843,-18.07715,40.076595,10690.351149,13.958261,10.901394,14.390421,21444.847345,333.319389,313.131987,0.013692,195.453751,,,,,,,,,,,,,,,,,,,,,,,,Idle,Burn,Idle,0,0,Idle,0,0,78.003452,0,78.003452,None,Continue,0,DeorbitReturn,,,,,,1,320.676941,320.676941,0,0,,,,,,,,,,,,,,1,0,0,0.623628,0.62363,0.588781,12874.261719,9495.777344,10690.349609
203.999995,-,0,0,0,None,Holding,0,313427.806738,7727.778426,7240.341536,2.706163,0,0,1192620.159217,7227.724291,0.03317,0,72.064469,17.661061,0,,1,0,0,0,107.935538,17.661061,5.66244,-0.103798,-1,-0.002622,12874.26858,9495.779585,324.433899,-18.465858,40.314678,10690.350677,13.956529,10.899891,14.388606,18242.027402,333.337994,313.151626,0.013876,195.427877,,,,,,,,,,,,,,,,,,,,,,,,Idle,Burn,Idle,0,0,Idle,0,0,78.003656,0,78.003656,None,Continue,0,DeorbitReturn,,,,,,1,320.207733,320.207733,0,0,,,,,,,,,,,,,,1,0,0,0.622848,0.622849,0.588781,12874.283203,9495.78418,10690.351563
204.259995,-,0,0,0,None,Holding,0,313428.060978,7727.74377,7240.306832,2.721406,0,0,1194414.358325,7226.700045,0.033227,0,73.342721,18.952791,0,,1,0,0,0,106.658947,18.952791,5.650355,-0.115062,-1,-0.002725,12874.286165,9495.78251,323.741486,-19.194883,40.733032,10690.350264,13.954696,10.89842,14.386697,18242.046952,333.224404,313.147602,0.01455,195.339296,,,,,,,,,,,,,,,,,,,,,,,,Idle,Burn,Idle,0,0,Idle,0,0,78.003857,0,78.003857,None,Continue,0,DeorbitReturn,,,,,,1,319.968262,319.968262,0,0,,,,,,,,,,,,,,1,0,0,0.622076,0.622078,0.588781,12874.293945,9495.782227,10690.349609
204.519995,-,0,0,0,None,Holding,0,313428.838676,7727.752173,7240.315184,2.818965,0,0,1196208.361877,7225.622393,0.033577,0,110.583806,19.118786,0,,1,0,0,0,69.41654,19.118786,5.692488,-0.116122,-1,-0.002717,12874.311385,9495.787637,326.155518,-19.135796,39.824192,10690.350135,13.953362,10.896898,14.385257,18242.096663,333.2755,313.128598,0.014615,195.33118,,,,,,,,,,,,,,,,,,,,,,,,Idle,Burn,Idle,0,0,Idle,0,0,78.004063,0,78.004063,None,Continue,0,DeorbitReturn,,,,,,1,319.468994,319.468994,0,0,,,,,,,,,,,,,,1,0,0,0.621264,0.621266,0.588781,12874.332031,9495.791992,10690.351563
204.779995,-,0,0,0,None,Holding,0,313430.035636,7727.808186,7240.371143,2.828372,0,0,1198002.563879,7224.598147,0.0331,0,115.948682,17.808483,0,,1,0,0,0,64.049628,17.808483,5.680038,-0.104883,-1,-0.00282,12874.332848,9495.791681,325.44223,-19.867525,40.05378,10690.350454,13.951519,10.895428,14.38334,18242.117047,333.471448,313.130268,0.014028,195.405694,,,,,,,,,,,,,,,,,,,,,,,,Idle,Burn,Idle,0,0,Idle,0,0,78.004274,0,78.004274,None,Continue,0,DeorbitReturn,,,,,,1,318.989929,318.989929,0,0,,,,,,,,,,,,,,1,0,0,0.620493,0.620494,0.58878,12874.350586,9495.795898,10690.353516
205.019995,-,0,0,0,None,Holding,0,313430.775776,7727.836593,7240.399494,2.737659,0,0,1199787.707024,7223.532893,0.034288,0,79.476417,17.346285,0,,1,0,0,0,100.523079,17.346285,5.70895,-0.100625,-1,-0.002859,12874.351602,9495.795421,327.098724,-20.146864,39.189606,10690.350939,13.950079,10.893936,14.381804,21445.017278,333.552327,313.151012,0.014003,195.409151,,,,,,,,,,,,,,,,,,,,,,,,Idle,Burn,Idle,0,0,Idle,0,0,78.00448,0,78.00448,None,Continue,0,DeorbitReturn,,,,,,1,318.780304,318.780304,0,0,,,,,,,,,,,,,,1,0,0,0.61969,0.619691,0.58878,12874.374023,9495.802734,10690.353516
205.299995,-,0,0,0,None,Holding,0,313431.02355,7727.809187,7240.372038,2.721645,0,0,1201591.281179,7222.497202,0.032529,0,68.291553,18.571652,0,,1,0,0,0,111.710052,18.571652,5.709442,-0.111202,-1,-0.002897,12874.37845,9495.80298,327.126953,-20.417305,38.927029,10690.350308,13.948331,10.892437,14.379972,18242.190242,333.457267,313.15366,0.014667,195.326397,,,,,,,,,,,,,,,,,,,,,,,,Idle,Burn,Idle,0,0,Idle,0,0,78.004682,0,78.004682,None,Continue,0,DeorbitReturn,,,,,,1,318.281189,318.281189,0,0,,,,,,,,,,,,,,1,0,0,0.61891,0.618911,0.58878,12874.393555,9495.808594,10690.349609
205.559995,-,0,0,0,None,Holding,0,313431.657666,7727.802151,7240.364952,2.818588,0,0,1203385.307839,7221.473433,0.03347,0,103.25298,19.145951,0,,1,0,0,0,76.747819,19.145951,5.696984,-0.11626,-1,-0.003001,12874.396087,9495.810729,326.413147,-21.151396,38.835339,10690.350472,13.946481,10.890966,14.378047,18242.210984,333.455154,313.134213,0.01487,195.302834,,,,,,,,,,,,,,,,,,,,,,,,Idle,Burn,Idle,0,0,Idle,0,0,78.004888,0,78.004888,None,Continue,0,DeorbitReturn,,,,,,1,317.801941,317.801941,0,0,,,,,,,,,,,,,,1,0,0,0.618138,0.61814,0.58878,12874.408203,9495.816406,10690.350586
205.819995,-,0,0,0,None,Holding,0,313432.845965,7727.856064,7240.418811,2.85983,0,0,1205179.458704,7220.393874,0.033509,0,120.278134,17.983038,0,,1,0,0,0,59.720336,17.983038,5.738532,-0.105837,-1,-0.003017,12874.421591,9495.821499,328.793671,-21.267298,37.408943,10690.350152,13.94513,10.889442,14.37659,18242.259383,333.650582,313.129125,0.014363,195.362186,,,,,,,,,,,,,,,,,,,,,,,,Idle,Burn,Idle,0,0,Idle,0,0,78.0051,0,78.0051,None,Continue,0,DeorbitReturn,,,,,,1,317.541229,317.541229,0,0,,,,,,,,,,,,,,1,0,0,0.617325,0.617327,0.588779,12874.438477,9495.828125,10690.347656
206.079995,-,0,0,0,None,Holding,0,313433.728959,7727.891901,7240.454592,2.776624,0,0,1206973.888918,7219.369628,0.033285,0,86.807551,17.152457,0,,1,0,0,0,93.191551,17.152457,5.725425,-0.098758,-1,-0.00312,12874.442464,9495.83181,328.042694,-21.993393,37.101318,10690.351148,13.943267,10.887971,14.374653,18242.28096,333.758426,313.148771,0.014173,195.385504,,,,,,,,,,,,,,,,,,,,,,,,Idle,Burn,Idle,0,0,Idle,0,0,78.00531,0,78.00531,None,Continue,0,DeorbitReturn,,,,,,1,317.061859,317.061859,0,0,,,,,,,,,,,,,,1,0,0,0.616553,0.616555,0.588779,12874.455078,9495.838867,10690.352539
206.339995,-,0,0,0,None,Holding,0,313434.016614,7727.869773,7240.432413,2.732956,0,0,1208768.238033,7218.317725,0.033942,0,66.173396,18.211068,0,,1,0,0,0,113.827988,18.211068,5.739962,-0.107769,-1,-0.003179,12874.457896,9495.840876,328.87558,-22.414557,36.01627,10690.350295,13.941683,10.886494,14.372979,21445.172369,333.675921,313.157235,0.014794,195.312824,,,,,,,,,,,,,,,,,,,,,,,,Idle,Burn,Idle,0,0,Idle,0,0,78.005513,0,78.005513,None,Continue,0,DeorbitReturn,,,,,,1,316.607086,316.607086,0,0,,,,,,,,,,,,,,1,0,0,0.615761,0.615763,0.588779,12874.476563,9495.851563,10690.350586
206.599995,-,0,0,0,None,Holding,0,313434.528117,7727.855019,7240.417609,2.816348,0,0,1210562.304414,7217.265822,0.032669,0,96.164378,19.09361,0,,1,0,0,0,83.836783,19.09361,5.753309,-0.115266,-1,-0.003236,12874.485986,9495.853101,329.64035,-22.820683,34.881115,10690.350299,13.940041,10.884975,14.371245,18242.347717,333.644438,313.140331,0.015168,195.272173,,,,,,,,,,,,,,,,,,,,,,,,Idle,Burn,Idle,0,0,Idle,0,0,78.005719,0,78.005719,None,Continue,0,DeorbitReturn,,,,,,1,316.351563,316.351563,0,0,,,,,,,,,,,,,,1,0,0,0.614969,0.61497,0.588779,12874.5,9495.860352,10690.349609
206.859995,-,0,0,0,None,Holding,0,313435.670821,7727.899818,7240.462354,2.877396,0,0,1212356.416675,7216.241576,0.033512,0,121.984708,18.159169,0,,1,0,0,0,58.014041,18.159169,5.739699,-0.107295,-1,-0.003337,12874.503485,9495.863413,328.860535,-23.532309,34.215679,10690.351277,13.938167,10.883505,14.369297,18242.361665,333.812755,313.130692,0.014692,195.323496,,,,,,,,,,,,,,,,,,,,,,,,Idle,Burn,Idle,0,0,Idle,0,0,78.005932,0,78.005932,None,Continue,0,DeorbitReturn,,,,,,1,315.871948,315.871948,0,0,,,,,,,,,,,,,,1,0,0,0.614197,0.614199,0.588778,12874.518555,9495.873047,10690.353516
207.119995,-,0,0,0,None,Holding,0,313436.672077,7727.950014,7240.512494,2.813493,0,0,1214150.82785,7215.162016,0.033494,0,94.092295,17.066841,0,,1,0,0,0,85.906502,17.066841,5.779879,-0.097502,-1,-0.003348,12874.52833,9495.875578,331.162659,-23.617962,32.231415,10690.350959,13.936794,10.88198,14.367821,18242.416978,333.973784,313.147097,0.014366,195.360311,,,,,,,,,,,,,,,,,,,,,,,,Idle,Burn,Idle,0,0,Idle,0,0,78.006144,0,78.006144,None,Continue,0,DeorbitReturn,,,,,,1,315.371216,315.371216,0,0,,,,,,,,,,,,,,1,0,0,0.613384,0.613385,0.588778,12874.544922,9495.884766,10690.352539
207.379995,-,0,0,0,None,Holding,0,313437.024081,7727.934089,7240.496516,2.750634,0,0,1215945.235769,7214.140154,0.033456,0,65.954736,17.897057,0,,1,0,0,0,114.046347,17.897057,5.765132,-0.104786,-1,-0.00342,12874.547732,9495.886671,330.317749,-24.127028,31.382551,10690.35054,13.934907,10.880511,14.365858,18242.438555,333.908711,313.159711,0.014891,195.302611,,,,,,,,,,,,,,,,,,,,,,,,Idle,Burn,Idle,0,0,Idle,0,0,78.00635,0,78.00635,None,Continue,0,DeorbitReturn,,,,,,1,315.101379,315.101379,0,0,,,,,,,,,,,,,,1,0,0,0.612614,0.612615,0.588779,12874.560547,9495.894531,10690.351563
207.639995,-,0,0,0,None,Holding,0,313437.441888,7727.910509,7240.472886,2.818011,0,0,1217739.349417,7213.090159,0.033591,0,89.723942,19.001755,0,,1,0,0,0,90.277481,19.001755,5.777722,-0.114206,-1,-0.003447,12874.561995,9495.89434,331.039093,-24.321999,29.845119,10690.349822,13.933302,10.879037,14.364164,21445.33056,333.843623,313.145742,0.015414,195.249476,,,,,,,,,,,,,,,,,,,,,,,,Idle,Burn,Idle,0,0,Idle,0,0,78.006556,0,78.006556,None,Continue,0,DeorbitReturn,,,,,,1,314.652954,314.652954,0,0,,,,,,,,,,,,,,1,0,0,0.611822,0.611824,0.588779,12874.580078,9495.90332,10690.349609
207.899995,-,0,0,0,None,Holding,0,313438.519755,7727.948059,7240.510383,2.895385,0,0,1219533.43797,7212.038256,0.032714,0,121.454426,18.316731,0,,1,0,0,0,58.54467,18.316731,5.788906,-0.10818,-1,-0.003497,12874.58917,9495.907152,331.679871,-24.674339,28.307665,10690.350038,13.931631,10.877518,14.362405,18242.502689,333.990447,313.132418,0.015066,195.283852,,,,,,,,,,,,,,,,,,,,,,,,Idle,Burn,Idle,0,0,Idle,0,0,78.006769,0,78.006769,None,Continue,0,DeorbitReturn,,,,,,1,314.182007,314.182007,0,0,,,,,,,,,,,,,,1,0,0,0.61103,0.611032,0.588778,12874.601563,9495.913086,10690.349609
208.159995,-,0,0,0,None,Holding,0,313439.61143,7728.000222,7240.562488,2.842658,0,0,1221327.821992,7211.01401,0.033535,0,100.680668,17.077646,0,,1,0,0,0,79.31788,17.077646,5.772923,-0.097605,-1,-0.003589,12874.604494,9495.917275,330.764099,-25.32711,27.26462,10690.350039,13.929726,10.876047,14.360425,18242.52522,334.160546,313.146621,0.014625,195.329517,,,,,,,,,,,,,,,,,,,,,,,,Idle,Burn,Idle,0,0,Idle,0,0,78.006983,0,78.006983,None,Continue,0,DeorbitReturn,,,,,,1,313.912048,313.912048,0,0,,,,,,,,,,,,,,1,0,0,0.610258,0.61026,0.588778,12874.611328,9495.921875,10690.347656
208.399995,-,0,0,0,None,Holding,0,313440.045685,7728.000297,7240.56251,2.76636,0,0,1223112.982128,7209.934451,0.033718,0,67.668272,17.624845,0,,1,0,0,0,112.332451,17.624845,5.810844,-0.101992,-1,-0.003592,12874.627798,9495.93083,332.936829,-25.350689,24.909241,10690.350586,13.928336,10.874521,14.358931,18242.569685,334.147681,313.162665,0.015025,195.288553,,,,,,,,,,,,,,,,,,,,,,,,Idle,Burn,Idle,0,0,Idle,0,0,78.00719,0,78.00719,None,Continue,0,DeorbitReturn,,,,,,1,313.440948,313.440948,0,0,,,,,,,,,,,,,,1,0,0,0.609445,0.609447,0.588778,12874.648438,9495.94043,10690.351563
208.679995,-,0,0,0,None,Holding,0,313440.39106,7727.971334,7240.533497,2.81729,0,0,1224916.443798,7208.912112,0.032308,0,83.813911,18.875826,0,,1,0,0,0,96.18769,18.875826,5.793349,-0.112927,-1,-0.003653,12874.646378,9495.940892,331.934479,-25.787161,23.768984,10690.349827,13.926414,10.873053,14.356936,18242.590904,334.060718,313.151861,0.01561,195.233057,,,,,,,,,,,,,,,,,,,,,,,,Idle,Burn,Idle,0,0,Idle,0,0,78.007397,0,78.007397,None,Continue,0,DeorbitReturn,,,,,,1,313.171631,313.171631,0,0,,,,,,,,,,,,,,1,0,0,0.608675,0.608677,0.588779,12874.654297,9495.945313,10690.347656
208.919995,-,0,0,0,None,Holding,0,313441.386988,7727.999537,7240.561647,2.909643,0,0,1226701.227494,7207.860209,0.03395,0,119.49423,18.483311,0,,1,0,0,0,60.505297,18.483311,5.803142,-0.109441,-1,-0.003695,12874.660958,9495.950884,332.495514,-26.088879,21.914919,10690.349846,13.924778,10.871572,14.35521,21445.47832,334.178503,313.135096,0.015378,195.254175,,,,,,,,,,,,,,,,,,,,,,,,Idle,Burn,Idle,0,0,Idle,0,0,78.007611,0,78.007611,None,Continue,0,DeorbitReturn,,,,,,1,312.691467,312.691467,0,0,,,,,,,,,,,,,,1,0,0,0.607882,0.607884,0.588778,12874.680664,9495.961914,10690.351563
209.199995,-,0,0,0,None,Holding,0,313442.54893,7728.058193,7240.620246,2.877738,0,0,1228504.874963,7206.80926,0.032581,0,106.565669,17.15245,0,,1,0,0,0,73.43269,17.15245,5.811225,-0.097873,-1,-0.003715,12874.687496,9495.964583,332.958679,-26.229895,20.091236,10690.350818,13.923079,10.870054,14.353423,18242.6548,334.375176,313.145333,0.014896,195.299927,,,,,,,,,,,,,,,,,,,,,,,,Idle,Burn,Idle,0,0,Idle,0,0,78.007826,0,78.007826,None,Continue,0,DeorbitReturn,,,,,,1,312.190613,312.190613,0,0,,,,,,,,,,,,,,1,0,0,0.607091,0.607093,0.588778,12874.699219,9495.972656,10690.349609
209.459995,-,0,0,0,None,Holding,0,313443.078466,7728.06124,7240.623238,2.792391,0,0,1230299.360268,7205.785014,0.033461,0,70.480412,17.409966,0,,1,0,0,0,109.519956,17.409966,5.792153,-0.100245,-1,-0.003795,12874.701953,9495.974424,331.865906,-26.799873,18.794905,10690.350505,13.921138,10.868582,14.351409,18242.670894,334.370701,313.163347,0.015193,195.271813,,,,,,,,,,,,,,,,,,,,,,,,Idle,Burn,Idle,0,0,Idle,0,0,78.008037,0,78.008037,None,Continue,0,DeorbitReturn,,,,,,1,311.950439,311.950439,0,0,,,,,,,,,,,,,,1,0,0,0.606319,0.606321,0.588778,12874.708008,9495.978516,10690.349609
209.719995,-,0,0,0,None,Holding,0,313443.376759,7728.034127,7240.596074,2.818382,0,0,1232093.58768,7204.707362,0.033867,0,78.713023,18.732098,0,,1,0,0,0,101.288702,18.732098,5.827018,-0.111341,-1,-0.00376,12874.72178,9495.985689,333.863525,-26.556297,16.224518,10690.350033,13.919726,10.867058,14.349895,18242.717505,334.285056,313.157666,0.015862,195.212987,,,,,,,,,,,,,,,,,,,,,,,,Idle,Burn,Idle,0,0,Idle,0,0,78.008244,0,78.008244,None,Continue,0,DeorbitReturn,,,,,,1,311.449677,311.449677,0,0,,,,,,,,,,,,,,1,0,0,0.605507,0.605509,0.588778,12874.740234,9495.995117,10690.349609
209.979995,-,0,0,0,None,Holding,0,313444.282537,7728.051835,7240.61373,2.916321,0,0,1233887.663004,7203.683116,0.032295,0,116.051561,18.634488,0,,1,0,0,0,63.948347,18.634488,5.806251,-0.110663,-1,-0.003834,12874.740396,9495.996698,332.673645,-27.083357,14.905843,10690.349794,13.917768,10.865584,14.347864,18242.734075,334.367883,313.139389,0.015738,195.223308,,,,,,,,,,,,,,,,,,,,,,,,Idle,Burn,Idle,0,0,Idle,0,0,78.008458,0,78.008458,None,Continue,0,DeorbitReturn,,,,,,1,311.209473,311.209473,0,0,,,,,,,,,,,,,,1,0,0,0.604736,0.604737,0.588777,12874.750977,9496.003906,10690.350586
210.239995,-,0,0,0,None,Holding,0,313445.486888,7728.111288,7240.673126,2.904357,0,0,1235681.983966,7202.645518,0.033843,0,112.093444,17.298705,0,,1,0,0,0,67.904806,17.298705,5.799119,-0.099188,-1,-0.003885,12874.754687,9496.007401,332.265045,-27.445593,13.196312,10690.35134,13.915964,10.864118,14.345982,21445.625782,334.571427,313.145546,0.015175,195.272024,,,,,,,,,,,,,,,,,,,,,,,,Idle,Burn,Idle,0,0,Idle,0,0,78.008675,0,78.008675,None,Continue,0,DeorbitReturn,,,,,,1,310.698944,310.698944,0,0,,,,,,,,,,,,,,1,0,0,0.603954,0.603955,0.588777,12874.766602,9496.015625,10690.351563
210.499995,-,0,0,0,None,Holding,0,313446.120601,7728.128831,7240.690613,2.817545,0,0,1237476.494507,7201.57931,0.032871,0,74.394187,17.241677,0,,1,0,0,0,105.605818,17.241677,5.81772,-0.098524,-1,-0.003888,12874.778693,9496.020437,333.330811,-27.470419,10.894235,10690.35062,13.914372,10.862583,14.344296,18242.794991,334.61641,313.164522,0.015332,195.258285,,,,,,,,,,,,,,,,,,,,,,,,Idle,Burn,Idle,0,0,Idle,0,0,78.008887,0,78.008887,None,Continue,0,DeorbitReturn,,,,,,1,310.197266,310.197266,0,0,,,,,,,,,,,,,,1,0,0,0.603151,0.603153,0.588777,12874.794922,9496.030273,10690.351563
210.759995,-,0,0,0,None,Holding,0,313446.394409,7728.096771,7240.658502,2.830013,0,0,1239270.783438,7200.555541,0.033396,0,74.169539,18.58095,0,,1,0,0,0,105.832225,18.58095,5.795194,-0.110253,-1,-0.003954,12874.791303,9496.029936,332.040161,-27.9419,9.464918,10690.349582,13.912395,10.861108,14.342247,18242.810965,334.511096,313.16133,0.016016,195.202259,,,,,,,,,,,,,,,,,,,,,,,,Idle,Burn,Idle,0,0,Idle,0,0,78.009096,0,78.009096,None,Continue,0,DeorbitReturn,,,,,,1,309.95694,309.95694,0,0,,,,,,,,,,,,,,1,0,0,0.602379,0.602381,0.588777,12874.798828,9496.036133,10690.347656
210.999995,-,0,0,0,None,Holding,0,313447.20221,7728.105196,7240.666875,2.92967,0,0,1241055.575629,7199.477889,0.034073,0,111.736903,18.792264,0,,1,0,0,0,68.263408,18.792264,5.826728,-0.111792,-1,-0.003905,12874.808654,9496.040083,333.846954,-27.598173,6.788266,10690.349693,13.91096,10.859584,14.340711,18242.856622,334.56236,313.14236,0.016096,195.195986,,,,,,,,,,,,,,,,,,,,,,,,Idle,Burn,Idle,0,0,Idle,0,0,78.00931,0,78.00931,None,Continue,0,DeorbitReturn,,,,,,1,309.425781,309.425781,0,0,,,,,,,,,,,,,,1,0,0,0.601567,0.601569,0.588777,12874.830078,9496.048828,10690.351563
211.279995,-,0,0,0,None,Holding,0,313448.43285,7728.162189,7240.723811,2.939046,0,0,1242859.155119,7198.45555,0.032275,0,116.468049,17.486024,0,,1,0,0,0,63.530154,17.486024,5.802495,-0.100723,-1,-0.003938,12874.828094,9496.050793,332.458466,-27.838129,5.433006,10690.350301,13.908973,10.85811,14.338652,18242.872357,334.761877,313.144029,0.015527,195.240583,,,,,,,,,,,,,,,,,,,,,,,,Idle,Burn,Idle,0,0,Idle,0,0,78.009529,0,78.009529,None,Continue,0,DeorbitReturn,,,,,,1,309.186096,309.186096,0,0,,,,,,,,,,,,,,1,0,0,0.600797,0.600799,0.588777,12874.836914,9496.056641,10690.348633
211.539995,-,0,0,0,None,Holding,0,313449.179309,7728.185963,7240.747527,2.848084,0,0,1244653.674795,7197.431304,0.033599,0,79.422567,17.13199,0,,1,0,0,0,100.577032,17.13199,5.778194,-0.097867,-1,-0.003995,12874.839078,9496.059674,331.066132,-28.247723,4.043466,10690.350452,13.906981,10.856635,14.336591,18242.89,334.827382,313.16418,0.015548,195.238975,,,,,,,,,,,,,,,,,,,,,,,,Idle,Burn,Idle,0,0,Idle,0,0,78.009744,0,78.009744,None,Continue,0,DeorbitReturn,,,,,,1,308.705231,308.705231,0,0,,,,,,,,,,,,,,1,0,0,0.600026,0.600027,0.588777,12874.84375,9496.064453,10690.347656
211.799995,-,0,0,0,None,Holding,0,313449.450226,7728.162374,7240.723887,2.835619,0,0,1246448.027195,7196.351744,0.03312,0,70.413904,18.41044,0,,1,0,0,0,109.587863,18.41044,5.807327,-0.108624,-1,-0.003962,12874.861084,9496.071717,332.735321,-28.014153,1.454911,10690.350054,13.905521,10.855106,14.33503,18242.931843,334.746199,313.166318,0.016217,195.188461,,,,,,,,,,,,,,,,,,,,,,,,Idle,Burn,Idle,0,0,Idle,0,0,78.009954,0,78.009954,None,Continue,0,DeorbitReturn,,,,,,1,308.203186,308.203186,0,0,,,,,,,,,,,,,,1,0,0,0.599212,0.599214,0.588777,12874.875977,9496.081055,10690.351563
212.059995,-,0,0,0,None,Holding,0,313450.151267,7728.159369,7240.720829,2.933226,0,0,1248242.132383,7195.329405,0.033395,0,106.162351,18.939194,0,,1,0,0,0,73.838355,18.939194,5.781439,-0.113388,-1,-0.003987,12874.874977,9496.080206,331.252075,-28.195097,0.122113,10690.350005,13.903519,10.853633,14.332957,18242.94734,334.757699,313.147379,0.016388,195.176263,,,,,,,,,,,,,,,,,,,,,,,,Idle,Burn,Idle,0,0,Idle,0,0,78.010169,0,78.010169,None,Continue,0,DeorbitReturn,,,,,,1,307.963409,307.963409,0,0,,,,,,,,,,,,,,1,0,0,0.598442,0.598444,0.588777,12874.880859,9496.083984,10690.348633
212.319995,-,0,0,0,None,Holding,0,313451.378781,7728.216599,7240.778003,2.969661,0,0,1250036.383151,7194.249846,0.034279,0,120.26437,17.736723,0,,1,0,0,0,59.73389,17.736723,5.809732,-0.102771,-1,-0.003948,12874.891838,9496.090139,332.873138,-27.92374,-2.428128,10690.34965,13.902055,10.852102,14.331394,18242.993116,334.963583,313.143531,0.015856,195.214094,,,,,,,,,,,,,,,,,,,,,,,,Idle,Burn,Idle,0,0,Idle,0,0,78.010389,0,78.010389,None,Continue,0,DeorbitReturn,,,,,,1,307.461212,307.461212,0,0,,,,,,,,,,,,,,1,0,0,0.597629,0.59763,0.588777,12874.914063,9496.101563,10690.352539
212.579995,-,0,0,0,None,Holding,0,313452.244783,7728.251529,7240.812875,2.883364,0,0,1251830.905514,7193.227507,0.032866,0,85.200087,17.081455,0,,1,0,0,0,94.799153,17.081455,5.782357,-0.097346,-1,-0.003967,12874.909717,9496.100391,331.304626,-28.058908,-3.691768,10690.350279,13.900039,10.850628,14.329309,18243.009686,335.06829,313.163305,0.015716,195.224439,,,,,,,,,,,,,,,,,,,,,,,,Idle,Burn,Idle,0,0,Idle,0,0,78.010607,0,78.010607,None,Continue,0,DeorbitReturn,,,,,,1,307.220642,307.220642,0,0,,,,,,,,,,,,,,1,0,0,0.596859,0.59686,0.588777,12874.917969,9496.105469,10690.347656
212.839995,-,0,0,0,None,Holding,0,313452.544051,7728.226005,7240.787297,2.851065,0,0,1253625.320254,7192.203261,0.03329,0,67.751749,18.228062,0,,1,0,0,0,112.24986,18.228062,5.754995,-0.107445,-1,-0.004009,12874.919324,9496.107635,329.736938,-28.361658,-4.922296,10690.349936,13.898022,10.849153,14.327223,18243.023396,334.976575,313.169267,0.016366,195.179124,,,,,,,,,,,,,,,,,,,,,,,,Idle,Burn,Idle,0,0,Idle,0,0,78.010819,0,78.010819,None,Continue,0,DeorbitReturn,,,,,,1,306.740143,306.740143,0,0,,,,,,,,,,,,,,1,0,0,0.596087,0.596089,0.588777,12874.925781,9496.113281,10690.349609
213.099995,-,0,0,0,None,Holding,0,313453.134088,7728.216753,7240.777994,2.937058,0,0,1255419.459564,7191.123702,0.033363,0,99.647709,19.056991,0,,1,0,0,0,80.353357,19.056991,5.78137,-0.114346,-1,-0.00396,12874.94048,9496.118073,331.248108,-28.0236,-7.333152,10690.349752,13.89654,10.847621,14.325642,18243.063211,334.964216,313.152481,0.016713,195.156664,,,,,,,,,,,,,,,,,,,,,,,,Idle,Burn,Idle,0,0,Idle,0,0,78.011033,0,78.011033,None,Continue,0,DeorbitReturn,,,,,,1,306.237732,306.237732,0,0,,,,,,,,,,,,,,1,0,0,0.595274,0.595275,0.588777,12874.958008,9496.126953,10690.351563
213.359995,-,0,0,0,None,Holding,0,313454.329979,7728.264622,7240.825807,2.993851,0,0,1257213.67514,7190.10327,0.034204,0,122.332962,18.032984,0,,1,0,0,0,57.665518,18.032984,5.752722,-0.105757,-1,-0.003946,12874.954419,9496.126188,329.60672,-27.921562,-8.480126,10690.350563,13.894513,10.846146,14.323547,17811.968327,335.142157,313.144054,0.016212,195.188743,,,,,,,,,,,,,,,,,,,,,,,,Idle,Burn,Idle,0,0,Idle,0,0,78.011255,0,78.011255,None,Continue,0,DeorbitReturn,,,,,,1,305.997772,305.997772,0,0,,,,,,,,,,,,,,1,0,0,0.594505,0.594506,0.588777,12874.962891,9496.131836,10690.353516
213.619995,-,0,0,0,None,Holding,0,313455.31707,7728.314421,7240.875547,2.922846,0,0,1259008.181828,7189.023711,0.03392,0,92.325176,17.107608,0,,1,0,0,0,87.673684,17.107608,5.778544,-0.097555,-1,-0.003892,12874.968959,9496.134686,331.086182,-27.547165,-10.754841,10690.351225,13.893033,10.844619,14.321969,18243.126392,335.300927,313.161496,0.015914,195.208553,,,,,,,,,,,,,,,,,,,,,,,,Idle,Burn,Idle,0,0,Idle,0,0,78.011475,0,78.011475,None,Continue,0,DeorbitReturn,,,,,,1,305.50647,305.50647,0,0,,,,,,,,,,,,,,1,0,0,0.593691,0.593693,0.588777,12874.987305,9496.143555,10690.349609
213.879995,-,0,0,0,None,Holding,0,313455.675101,7728.296493,7240.857564,2.8683,0,0,1260802.66069,7187.999465,0.032554,0,66.554405,18.029084,0,,1,0,0,0,113.446925,18.029084,5.748821,-0.10573,-1,-0.003922,12874.986526,9496.142708,329.383209,-27.760979,-11.703717,10690.35022,13.89099,10.843141,14.31986,18243.139744,335.230923,313.172181,0.016484,195.172039,,,,,,,,,,,,,,,,,,,,,,,,Idle,Burn,Idle,0,0,Idle,0,0,78.011689,0,78.011689,None,Continue,0,DeorbitReturn,,,,,,1,305.014404,305.014404,0,0,,,,,,,,,,,,,,1,0,0,0.59292,0.592921,0.588777,12874.992188,9496.145508,10690.349609
214.139995,-,0,0,0,None,Holding,0,313456.15812,7728.274685,7240.835705,2.944724,0,0,1262596.849136,7186.975218,0.033646,0,92.111056,19.127456,0,,1,0,0,0,87.890342,19.127456,5.719222,-0.115424,-1,-0.00395,12874.996051,9496.148774,327.687256,-27.966526,-12.652295,10690.350062,13.888952,10.841662,14.317753,18243.151546,335.173495,313.156824,0.016947,195.144571,,,,,,,,,,,,,,,,,,,,,,,,Idle,Burn,Idle,0,0,Idle,0,0,78.011905,0,78.011905,None,Continue,0,DeorbitReturn,,,,,,1,304.77359,304.77359,0,0,,,,,,,,,,,,,,1,0,0,0.592148,0.59215,0.588777,12875.00293,9496.154297,10690.351563
214.399995,-,0,0,0,None,Holding,0,313457.288075,7728.314513,7240.875477,3.02195,0,0,1264391.032476,7185.897566,0.033894,0,122.369962,18.370246,0,,1,0,0,0,57.628933,18.370246,5.743618,-0.108684,-1,-0.003863,12875.016146,9496.157668,329.085083,-27.353308,-14.764466,10690.349452,13.887456,10.840132,14.316159,18243.191123,335.328008,313.143893,0.016605,195.164266,,,,,,,,,,,,,,,,,,,,,,,,Idle,Burn,Idle,0,0,Idle,0,0,78.012127,0,78.012127,None,Continue,0,DeorbitReturn,,,,,,1,304.271545,304.271545,0,0,,,,,,,,,,,,,,1,0,0,0.591336,0.591338,0.588777,12875.02832,9496.161133,10690.347656
214.659995,-,0,0,0,None,Holding,0,313458.391118,7728.366875,7240.927779,2.965789,0,0,1266185.509634,7184.87332,0.033517,0,100.053068,17.228487,0,,1,0,0,0,79.945462,17.228487,5.713145,-0.099104,-1,-0.003886,12875.030714,9496.165433,327.339081,-27.519005,-15.540537,10690.350849,13.885409,10.838655,14.314045,18243.209958,335.498538,313.158534,0.016185,195.189243,,,,,,,,,,,,,,,,,,,,,,,,Idle,Burn,Idle,0,0,Idle,0,0,78.01235,0,78.01235,None,Continue,0,DeorbitReturn,,,,,,1,304.03067,304.03067,0,0,,,,,,,,,,,,,,1,0,0,0.590565,0.590566,0.588777,12875.035156,9496.167969,10690.349609
214.919995,-,0,0,0,None,Holding,0,313458.849029,7728.365949,7240.926797,2.887912,0,0,1267980.041028,7183.793284,0.034773,0,67.957911,17.821517,0,,1,0,0,0,112.042958,17.821517,5.737456,-0.103987,-1,-0.003821,12875.041873,9496.171158,328.731995,-27.059839,-17.533947,10690.350076,13.883935,10.837142,14.312474,21446.100473,335.482301,313.174597,0.016609,195.164553,,,,,,,,,,,,,,,,,,,,,,,,Idle,Burn,Idle,0,0,Idle,0,0,78.012567,0,78.012567,None,Continue,0,DeorbitReturn,,,,,,1,303.54892,303.54892,0,0,,,,,,,,,,,,,,1,0,0,0.589751,0.589753,0.588777,12875.0625,9496.179688,10690.349609
215.179995,-,0,0,0,None,Holding,0,313459.234744,7728.336996,7240.897792,2.941602,0,0,1269774.296862,7182.769515,0.032692,0,83.992048,19.102553,0,,1,0,0,0,96.009625,19.102553,5.706217,-0.115262,-1,-0.003838,12875.060495,9496.179132,326.942169,-27.190145,-18.170948,10690.349439,13.881856,10.835643,14.310328,18243.263841,335.395756,313.163515,0.0172,195.132663,,,,,,,,,,,,,,,,,,,,,,,,Idle,Burn,Idle,0,0,Idle,0,0,78.012783,0,78.012783,None,Continue,0,DeorbitReturn,,,,,,1,303.045898,303.045898,0,0,,,,,,,,,,,,,,1,0,0,0.58898,0.588981,0.588777,12875.066406,9496.181641,10690.347656
215.439995,-,0,0,0,None,Holding,0,313460.254915,7728.362978,7240.923719,3.035378,0,0,1271568.45886,7181.746699,0.034227,0,119.337757,18.739189,0,,1,0,0,0,60.661749,18.739189,5.675293,-0.112385,-1,-0.003831,12875.071008,9496.184296,325.17038,-27.137844,-18.80633,10690.350162,13.879806,10.834164,14.308208,17822.794437,335.506045,313.14668,0.016962,195.144934,,,,,,,,,,,,,,,,,,,,,,,,Idle,Burn,Idle,0,0,Idle,0,0,78.013006,0,78.013006,None,Continue,0,DeorbitReturn,,,,,,1,302.804932,302.804932,0,0,,,,,,,,,,,,,,1,0,0,0.588209,0.588211,0.588777,12875.076172,9496.186523,10690.350586
215.699995,-,0,0,0,None,Holding,0,313461.452797,7728.422819,7240.983501,3.011795,0,0,1273362.888851,7180.66714,0.03338,0,108.365424,17.460337,0,,1,0,0,0,71.632823,17.460337,5.698568,-0.101172,-1,-0.003757,12875.092173,9496.192606,326.503906,-26.624115,-20.518948,10690.350511,13.878298,10.832634,14.306606,18243.322253,335.708819,313.155123,0.016462,195.171469,,,,,,,,,,,,,,,,,,,,,,,,Idle,Burn,Idle,0,0,Idle,0,0,78.013231,0,78.013231,None,Continue,0,DeorbitReturn,,,,,,1,302.30249,302.30249,0,0,,,,,,,,,,,,,,1,0,0,0.587396,0.587398,0.588777,12875.105469,9496.198242,10690.353516
215.959995,-,0,0,0,None,Holding,0,313462.049821,7728.430978,7240.991602,2.922927,0,0,1275157.461928,7179.646708,0.034205,0,72.036919,17.631421,0,,1,0,0,0,107.963363,17.631421,5.667243,-0.102898,-1,-0.00372,12875.104028,9496.196788,324.709106,-26.359585,-20.932034,10690.350426,13.876245,10.831158,14.304485,17823.690772,335.721559,313.17384,0.016697,195.159142,,,,,,,,,,,,,,,,,,,,,,,,Idle,Burn,Idle,0,0,Idle,0,0,78.013451,0,78.013451,None,Continue,0,DeorbitReturn,,,,,,1,301.821808,301.821808,0,0,,,,,,,,,,,,,,1,0,0,0.586627,0.586629,0.588777,12875.110352,9496.197266,10690.351563
216.219995,-,0,0,0,None,Holding,0,313462.373679,7728.401584,7240.962155,2.940812,0,0,1276951.798729,7178.567149,0.034607,0,75.969645,18.971369,0,,1,0,0,0,104.032215,18.971369,5.690979,-0.114206,-1,-0.003644,12875.116457,9496.201439,326.069122,-25.828398,-22.472843,10690.349881,13.874763,10.829648,14.302909,21446.231246,335.626449,313.169804,0.017399,195.124738,,,,,,,,,,,,,,,,,,,,,,,,Idle,Burn,Idle,0,0,Idle,0,0,78.013668,0,78.013668,None,Continue,0,DeorbitReturn,,,,,,1,301.580719,301.580719,0,0,,,,,,,,,,,,,,1,0,0,0.585814,0.585816,0.588777,12875.137695,9496.209961,10690.349609
216.479995,-,0,0,0,None,Holding,0,313463.247412,7728.412472,7240.972988,3.042179,0,0,1278745.958461,7177.542903,0.032862,0,112.901759,19.085785,0,,1,0,0,0,67.098406,19.085785,5.659384,-0.115444,-1,-0.003653,12875.13557,9496.207694,324.25885,-25.89164,-22.64871,10690.349859,13.872677,10.828148,14.300755,18243.392706,335.686353,313.150879,0.017363,195.126309,,,,,,,,,,,,,,,,,,,,,,,,Idle,Burn,Idle,0,0,Idle,0,0,78.013891,0,78.013891,None,Continue,0,DeorbitReturn,,,,,,1,301.077362,301.077362,0,0,,,,,,,,,,,,,,1,0,0,0.585042,0.585044,0.588777,12875.141602,9496.208008,10690.348633
216.739995,-,0,0,0,None,Holding,0,313464.494287,7728.470075,7241.030532,3.048096,0,0,1280540.325731,7176.520564,0.034042,0,116.128363,17.811723,0,,1,0,0,0,63.869732,17.811723,5.628318,-0.104741,-1,-0.003636,12875.146604,9496.211102,322.478882,-25.776758,-22.784803,10690.350949,13.870628,10.826673,14.298639,18243.407726,335.887442,313.153255,0.016783,195.153429,,,,,,,,,,,,,,,,,,,,,,,,Idle,Burn,Idle,0,0,Idle,0,0,78.014118,0,78.014118,None,Continue,0,DeorbitReturn,,,,,,1,300.836914,300.836914,0,0,,,,,,,,,,,,,,1,0,0,0.584272,0.584274,0.588777,12875.155273,9496.214844,10690.353516
216.999995,-,0,0,0,None,Holding,0,313465.265372,7728.498775,7241.059172,2.961675,0,0,1282334.916317,7175.441004,0.033695,0,79.433012,17.488141,0,,1,0,0,0,100.566582,17.488141,5.651692,-0.101747,-1,-0.003555,12875.166766,9496.218101,323.818085,-25.206068,-24.027605,10690.350364,13.86911,10.825139,14.297025,18243.446708,335.971116,313.1725,0.016796,195.152899,,,,,,,,,,,,,,,,,,,,,,,,Idle,Burn,Idle,0,0,Idle,0,0,78.014341,0,78.014341,None,Continue,0,DeorbitReturn,,,,,,1,300.333405,300.333405,0,0,,,,,,,,,,,,,,1,0,0,0.583459,0.58346,0.588777,12875.182617,9496.224609,10690.353516
217.259995,-,0,0,0,None,Holding,0,313465.577185,7728.468331,7241.028674,2.949242,0,0,1284129.34634,7174.416758,0.033947,0,69.344344,18.736486,0,,1,0,0,0,110.657477,18.736486,5.620543,-0.112728,-1,-0.00356,12875.178487,9496.220912,322.033386,-25.247688,-23.977407,10690.349618,13.867052,10.823659,14.294899,18243.458867,335.866485,313.174353,0.017483,195.122399,,,,,,,,,,,,,,,,,,,,,,,,Idle,Burn,Idle,0,0,Idle,0,0,78.01456,0,78.01456,None,Continue,0,DeorbitReturn,,,,,,1,299.850983,299.850983,0,0,,,,,,,,,,,,,,1,0,0,0.582687,0.582689,0.588778,12875.182617,9496.220703,10690.347656
217.519995,-,0,0,0,None,Holding,0,313466.278141,7728.462153,7241.022443,3.044862,0,0,1285923.530244,7173.339106,0.034801,0,103.568934,19.366491,0,,1,0,0,0,76.431912,19.366491,5.644514,-0.117924,-1,-0.003453,12875.191861,9496.224298,323.406799,-24.493822,-25.103636,10690.349383,13.865547,10.822128,14.293299,18243.501186,335.866568,313.155919,0.01775,195.111363,,,,,,,,,,,,,,,,,,,,,,,,Idle,Burn,Idle,0,0,Idle,0,0,78.014783,0,78.014783,None,Continue,0,DeorbitReturn,,,,,,1,299.640564,299.640564,0,0,,,,,,,,,,,,,,1,0,0,0.581875,0.581877,0.588778,12875.210938,9496.229492,10690.348633
217.779995,-,0,0,0,None,Holding,0,313467.515743,7728.514474,7241.074705,3.086183,0,0,1287717.831089,7172.31486,0.032988,0,121.270798,18.246184,0,,1,0,0,0,58.727449,18.246184,5.613488,-0.108547,-1,-0.003456,12875.211223,9496.229704,321.62915,-24.516916,-24.846827,10690.35033,13.863487,10.82065,14.291171,18243.517637,336.05671,313.150901,0.017201,195.133711,,,,,,,,,,,,,,,,,,,,,,,,Idle,Burn,Idle,0,0,Idle,0,0,78.015012,0,78.015012,None,Continue,0,DeorbitReturn,,,,,,1,299.136841,299.136841,0,0,,,,,,,,,,,,,,1,0,0,0.581103,0.581105,0.588777,12875.21875,9496.231445,10690.350586
218.039995,-,0,0,0,None,Holding,0,313468.475161,7728.554502,7241.114672,3.00538,0,0,1289512.404249,7171.290614,0.034207,0,89.643968,17.460705,0,,1,0,0,0,90.355009,17.460705,5.583023,-0.102044,-1,-0.00346,12875.22148,9496.232437,319.883636,-24.545122,-24.571043,10690.350579,13.861435,10.81917,14.289052,18243.530869,336.180301,313.169668,0.016979,195.143011,,,,,,,,,,,,,,,,,,,,,,,,Idle,Burn,Idle,0,0,Idle,0,0,78.015238,0,78.015238,None,Continue,0,DeorbitReturn,,,,,,1,298.624023,298.624023,0,0,,,,,,,,,,,,,,1,0,0,0.580332,0.580333,0.588777,12875.227539,9496.234375,10690.352539
218.299995,-,0,0,0,None,Holding,0,313468.845815,7728.539876,7241.099991,2.955467,0,0,1291306.926066,7170.210578,0.033736,0,66.19512,18.421743,0,,1,0,0,0,113.806359,18.421743,5.607171,-0.110081,-1,-0.003375,12875.242631,9496.238515,321.267212,-23.944798,-25.427517,10690.350156,13.859921,10.817637,14.287441,18243.576765,336.122684,313.179528,0.017552,195.120247,,,,,,,,,,,,,,,,,,,,,,,,Idle,Burn,Idle,0,0,Idle,0,0,78.015459,0,78.015459,None,Continue,0,DeorbitReturn,,,,,,1,298.361481,298.361481,0,0,,,,,,,,,,,,,,1,0,0,0.579518,0.57952,0.588778,12875.253906,9496.240234,10690.348633
218.559995,-,0,0,0,None,Holding,0,313469.371546,7728.5172,7241.077261,3.033844,0,0,1293101.16941,7169.188239,0.034234,0,92.116009,19.485416,0,,1,0,0,0,87.8854,19.485416,5.576911,-0.11946,-1,-0.003352,12875.255542,9496.240654,319.533478,-23.78495,-24.985674,10690.34974,13.857874,10.816161,14.285328,18243.590593,336.062556,313.163932,0.018005,195.103645,,,,,,,,,,,,,,,,,,,,,,,,Idle,Burn,Idle,0,0,Idle,0,0,78.015681,0,78.015681,None,Continue,0,DeorbitReturn,,,,,,1,297.879364,297.879364,0,0,,,,,,,,,,,,,,1,0,0,0.578748,0.57875,0.588778,12875.261719,9496.240234,10690.348633
218.819995,-,0,0,0,None,Holding,0,313470.518386,7728.556935,7241.116938,3.112793,0,0,1294895.411422,7168.108679,0.03429,0,121.826673,18.741372,0,,1,0,0,0,58.172164,18.741372,5.60177,-0.112844,-1,-0.003266,12875.274021,9496.24546,320.957764,-23.182253,-25.688789,10690.350624,13.856364,10.814628,14.283722,18243.630886,336.217079,313.150785,0.017644,195.116372,,,,,,,,,,,,,,,,,,,,,,,,Idle,Burn,Idle,0,0,Idle,0,0,78.01591,0,78.01591,None,Continue,0,DeorbitReturn,,,,,,1,297.405487,297.405487,0,0,,,,,,,,,,,,,,1,0,0,0.577935,0.577936,0.588777,12875.291016,9496.25,10690.351563
219.079995,-,0,0,0,None,Holding,0,313471.650319,7728.609797,7241.16974,3.058973,0,0,1296689.936259,7167.084433,0.033014,0,101.154453,17.602947,0,,1,0,0,0,78.843974,17.602947,5.571809,-0.103309,-1,-0.003267,12875.291088,9496.248899,319.24115,-23.189329,-25.054581,10690.350763,13.854316,10.813149,14.281606,18243.642807,336.390036,313.164864,0.017203,195.132303,,,,,,,,,,,,,,,,,,,,,,,,Idle,Burn,Idle,0,0,Idle,0,0,78.01614,0,78.01614,None,Continue,0,DeorbitReturn,,,,,,1,297.164032,297.164032,0,0,,,,,,,,,,,,,,1,0,0,0.577163,0.577165,0.588777,12875.300781,9496.25,10690.350586
219.339995,-,0,0,0,None,Holding,0,313472.162795,7728.607062,7241.166946,2.978413,0,0,1298484.528806,7166.048266,0.034714,0,68.394708,18.087219,0,,1,0,0,0,111.606049,18.087219,5.556297,-0.107586,-1,-0.003222,12875.300195,9496.24954,318.352356,-22.876095,-24.712616,10690.350452,13.852434,10.811681,14.279651,21446.528316,336.367253,313.181277,0.017592,195.118674,,,,,,,,,,,,,,,,,,,,,,,,Idle,Burn,Idle,0,0,Idle,0,0,78.016363,0,78.016363,None,Continue,0,DeorbitReturn,,,,,,1,296.681702,296.681702,0,0,,,,,,,,,,,,,,1,0,0,0.576382,0.576384,0.588778,12875.30957,9496.251953,10690.351563
219.599995,-,0,0,0,None,Holding,0,313472.550213,7728.578405,7241.138236,3.018477,0,0,1300278.864161,7164.983965,0.03343,0,80.279863,19.379806,0,,1,0,0,0,99.721959,19.379806,5.567956,-0.118569,-1,-0.003132,12875.322144,9496.253876,319.020386,-22.241587,-24.836958,10690.34941,13.850771,10.810143,14.277898,18243.703842,336.278993,313.173013,0.018223,195.098306,,,,,,,,,,,,,,,,,,,,,,,,Idle,Burn,Idle,0,0,Idle,0,0,78.016585,0,78.016585,None,Continue,0,DeorbitReturn,,,,,,1,296.208313,296.208313,0,0,,,,,,,,,,,,,,1,0,0,0.575581,0.575582,0.588778,12875.333008,9496.253906,10690.348633
219.859995,-,0,0,0,None,Holding,0,313473.529617,7728.597592,7241.157366,3.116595,0,0,1302073.075352,7163.959719,0.033981,0,116.060049,19.218378,0,,1,0,0,0,63.939709,19.218378,5.539171,-0.117413,-1,-0.003134,12875.336147,9496.25575,317.371124,-22.252115,-23.95739,10690.350058,13.848733,10.808665,14.275791,18243.719578,336.366715,313.155213,0.018056,195.103338,,,,,,,,,,,,,,,,,,,,,,,,Idle,Burn,Idle,0,0,Idle,0,0,78.016814,0,78.016814,None,Continue,0,DeorbitReturn,,,,,,1,295.966736,295.966736,0,0,,,,,,,,,,,,,,1,0,0,0.574809,0.574811,0.588777,12875.347656,9496.258789,10690.352539
220.119995,-,0,0,0,None,Holding,0,313474.773191,7728.657155,7241.216869,3.111405,0,0,1303867.521446,7162.882067,0.034232,0,112.420457,17.940237,0,,1,0,0,0,67.577638,17.940237,5.565429,-0.106205,-1,-0.003023,12875.35673,9496.259351,318.87558,-21.468464,-24.214006,10690.350272,13.847234,10.807135,14.274196,18243.760109,336.57241,313.159896,0.017512,195.120047,,,,,,,,,,,,,,,,,,,,,,,,Idle,Burn,Idle,0,0,Idle,0,0,78.017046,0,78.017046,None,Continue,0,DeorbitReturn,,,,,,1,295.493195,295.493195,0,0,,,,,,,,,,,,,,1,0,0,0.573997,0.573999,0.588777,12875.371094,9496.262695,10690.351563
220.379995,-,0,0,0,None,Holding,0,313475.49159,7728.673306,7241.232959,3.019237,0,0,1305662.151906,7161.857821,0.033999,0,76.012713,17.808372,0,,1,0,0,0,103.987161,17.808372,5.537162,-0.1053,-1,-0.003024,12875.370826,9496.260842,317.256042,-21.479321,-23.15414,10690.349888,13.845198,10.805657,14.272092,18243.77346,336.612111,313.179551,0.017633,195.116445,,,,,,,,,,,,,,,,,,,,,,,,Idle,Burn,Idle,0,0,Idle,0,0,78.017274,0,78.017274,None,Continue,0,DeorbitReturn,,,,,,1,295.009918,295.009918,0,0,,,,,,,,,,,,,,1,0,0,0.573225,0.573227,0.588778,12875.378906,9496.261719,10690.349609
220.639995,-,0,0,0,None,Holding,0,313475.826114,7728.64319,7241.202788,3.01445,0,0,1307456.596921,7160.791613,0.035033,0,70.466594,19.071652,0,,1,0,0,0,109.535341,19.071652,5.550716,-0.116011,-1,-0.002962,12875.383616,9496.262204,318.032593,-21.040133,-23.018883,10690.349591,13.843595,10.804158,14.2704,21446.688592,336.510119,313.179956,0.018341,195.096491,,,,,,,,,,,,,,,,,,,,,,,,Idle,Burn,Idle,0,0,Idle,0,0,78.017497,0,78.017497,None,Continue,0,DeorbitReturn,,,,,,1,294.768219,294.768219,0,0,,,,,,,,,,,,,,1,0,0,0.572422,0.572424,0.588778,12875.401367,9496.265625,10690.347656
220.899995,-,0,0,0,None,Holding,0,313476.589521,7728.640869,7241.200412,3.11421,0,0,1309250.819866,7159.754016,0.033351,0,105.183109,19.569071,0,,1,0,0,0,74.817581,19.569071,5.536639,-0.120383,-1,-0.002942,12875.40679,9496.266926,317.226074,-20.902376,-22.144209,10690.350325,13.841678,10.802647,14.268406,18243.836045,336.524192,313.161012,0.018488,195.092612,,,,,,,,,,,,,,,,,,,,,,,,Idle,Burn,Idle,0,0,Idle,0,0,78.017725,0,78.017725,None,Continue,0,DeorbitReturn,,,,,,1,294.26358,294.26358,0,0,,,,,,,,,,,,,,1,0,0,0.57164,0.571642,0.588778,12875.421875,9496.270508,10690.353516
221.159995,-,0,0,0,None,Holding,0,313477.845111,7728.694106,7241.253589,3.148888,0,0,1311045.175888,7158.729769,0.034446,0,120.314815,18.428182,0,,1,0,0,0,59.683332,18.428182,5.50957,-0.110811,-1,-0.002946,12875.42059,9496.268842,315.67511,-20.933846,-20.961962,10690.351967,13.839656,10.801169,14.266315,18243.857384,336.716199,313.157409,0.017916,195.107216,,,,,,,,,,,,,,,,,,,,,,,,Idle,Burn,Idle,0,0,Idle,0,0,78.017959,0,78.017959,None,Continue,0,DeorbitReturn,,,,,,1,294.021851,294.021851,0,0,,,,,,,,,,,,,,1,0,0,0.570869,0.57087,0.588777,12875.429688,9496.270508,10690.353516
221.419995,-,0,0,0,None,Holding,0,313478.798799,7728.735821,7241.295242,3.071493,0,0,1312839.794601,7157.649733,0.034096,0,88.156926,17.680085,0,,1,0,0,0,91.842094,17.680085,5.537392,-0.104144,-1,-0.002863,12875.441456,9496.271949,317.269196,-20.346638,-20.934929,10690.350378,13.838164,10.799637,14.264728,18243.892074,336.846464,313.175453,0.01772,195.112339,,,,,,,,,,,,,,,,,,,,,,,,Idle,Burn,Idle,0,0,Idle,0,0,78.01819,0,78.01819,None,Continue,0,DeorbitReturn,,,,,,1,293.517059,293.517059,0,0,,,,,,,,,,,,,,1,0,0,0.570055,0.570057,0.588777,12875.453125,9496.274414,10690.351563
221.679995,-,0,0,0,None,Holding,0,313479.186471,7728.712883,7241.272247,3.024702,0,0,1314634.35078,7156.625487,0.034353,0,65.730022,18.644576,0,,1,0,0,0,114.271544,18.644576,5.51081,-0.112628,-1,-0.002868,12875.455463,9496.273215,315.746155,-20.386898,-19.640463,10690.349789,13.836148,10.798159,14.262642,18243.909359,336.761003,313.184318,0.01833,195.097617,,,,,,,,,,,,,,,,,,,,,,,,Idle,Burn,Idle,0,0,Idle,0,0,78.018415,0,78.018415,None,Continue,0,DeorbitReturn,,,,,,1,293.033417,293.033417,0,0,,,,,,,,,,,,,,1,0,0,0.569284,0.569285,0.588781,12875.462891,9496.272461,10690.349609
221.939995,-,0,0,0,None,Holding,0,313479.735266,7728.692203,7241.251512,3.101106,0,0,1316428.635441,7155.545928,0.03497,0,91.485603,19.679995,0,,1,0,0,0,88.515828,19.679995,5.539591,-0.121247,-1,-0.002788,12875.473058,9496.275577,317.395203,-19.820248,-19.567274,10690.349523,13.834668,10.796628,14.261065,18243.953466,336.707301,313.169297,0.018811,195.087027,,,,,,,,,,,,,,,,,,,,,,,,Idle,Burn,Idle,0,0,Idle,0,0,78.018643,0,78.018643,None,Continue,0,DeorbitReturn,,,,,,1,292.821808,292.821808,0,0,,,,,,,,,,,,,,1,0,0,0.56847,0.568472,0.588791,12875.492188,9496.280273,10690.348633
222.199995,-,0,0,0,None,Holding,0,313480.892002,7728.729817,7241.289068,3.177845,0,0,1318222.917332,7154.521681,0.033242,0,121.09699,18.96236,0,,1,0,0,0,58.901858,18.96236,5.513484,-0.1153,-1,-0.002795,12875.493689,9496.279149,315.899353,-19.871506,-18.171967,10690.350589,13.83266,10.795151,14.258987,18243.973494,336.854107,313.15658,0.018402,195.095523,,,,,,,,,,,,,,,,,,,,,,,,Idle,Burn,Idle,0,0,Idle,0,0,78.018877,0,78.018877,None,Continue,0,DeorbitReturn,,,,,,1,292.316803,292.316803,0,0,,,,,,,,,,,,,,1,0,0,0.567699,0.5677,0.588799,12875.504883,9496.28125,10690.351563
222.459995,-,0,0,0,None,Holding,0,313482.047915,7728.785444,7241.344632,3.130378,0,0,1320017.47306,7153.471209,0.035062,0,102.166886,17.803462,0,,1,0,0,0,77.83147,17.803462,5.515602,-0.105334,-1,-0.002736,12875.507571,9496.280396,316.020721,-19.456516,-17.396397,10690.351371,13.83095,10.79367,14.257194,21446.894825,337.037972,313.169459,0.01793,195.10543,,,,,,,,,,,,,,,,,,,,,,,,Idle,Burn,Idle,0,0,Idle,0,0,78.019112,0,78.019112,None,Continue,0,DeorbitReturn,,,,,,1,291.792755,291.792755,0,0,,,,,,,,,,,,,,1,0,0,0.566907,0.566909,0.588807,12875.524414,9496.285156,10690.353516
222.719995,-,0,0,0,None,Holding,0,313482.600284,7728.785131,7241.34426,3.050767,0,0,1321812.112338,7152.419306,0.033659,0,68.562825,18.199392,0,,1,0,0,0,111.437843,18.199392,5.51752,-0.108697,-1,-0.002701,12875.530604,9496.283676,316.130646,-19.21191,-16.497444,10690.350772,13.829185,10.792146,14.255346,18244.033813,337.023808,313.185752,0.018294,195.098176,,,,,,,,,,,,,,,,,,,,,,,,Idle,Burn,Idle,0,0,Idle,0,0,78.019341,0,78.019341,None,Continue,0,DeorbitReturn,,,,,,1,291.540192,291.540192,0,0,,,,,,,,,,,,,,1,0,0,0.566115,0.566117,0.588816,12875.544922,9496.288086,10690.352539
222.979995,-,0,0,0,None,Holding,0,313482.996478,7728.751324,7241.310397,3.089837,0,0,1323606.501858,7151.39506,0.034387,0,77.879435,19.483684,0,,1,0,0,0,102.122476,19.483684,5.492677,-0.1199,-1,-0.002712,12875.544132,9496.284036,314.707214,-19.294136,-14.995535,10690.350199,13.827191,10.790668,14.253282,18244.047999,336.917676,313.177512,0.018938,195.086473,,,,,,,,,,,,,,,,,,,,,,,,Idle,Burn,Idle,0,0,Idle,0,0,78.019568,0,78.019568,None,Continue,0,DeorbitReturn,,,,,,1,291.056183,291.056183,0,0,,,,,,,,,,,,,,1,0,0,0.565343,0.565345,0.588825,12875.550781,9496.283203,10690.349609
223.239995,-,0,0,0,None,Holding,0,313483.955528,7728.765498,7241.324514,3.189883,0,0,1325400.749396,7150.331236,0.034658,0,113.831867,19.441532,0,,1,0,0,0,66.168067,19.441532,5.509445,-0.119381,-1,-0.002636,12875.562569,9496.285953,315.667938,-18.750257,-14.394465,10690.349751,13.825601,10.789153,14.2516,18244.087696,336.988584,313.159177,0.018873,195.087499,,,,,,,,,,,,,,,,,,,,,,,,Idle,Burn,Idle,0,0,Idle,0,0,78.019802,0,78.019802,None,Continue,0,DeorbitReturn,,,,,,1,290.809509,290.809509,0,0,,,,,,,,,,,,,,1,0,0,0.564542,0.564543,0.588833,12875.583008,9496.291992,10690.352539
223.499995,-,0,0,0,None,Holding,0,313485.225214,7728.822934,7241.381888,3.189044,0,0,1327195.211259,7149.308421,0.034073,0,114.532587,18.169349,0,,1,0,0,0,65.465401,18.169349,5.485372,-0.108671,-1,-0.002625,12875.57806,9496.286903,314.288666,-18.678337,-12.804604,10690.350569,13.823621,10.787681,14.24955,18244.107008,337.187949,313.162895,0.01828,195.097179,,,,,,,,,,,,,,,,,,,,,,,,Idle,Burn,Idle,0,0,Idle,0,0,78.02004,0,78.02004,None,Continue,0,DeorbitReturn,,,,,,1,290.31543,290.31543,0,0,,,,,,,,,,,,,,1,0,0,0.563771,0.563773,0.588842,12875.586914,9496.288086,10690.351563
223.759995,-,0,0,0,None,Holding,0,313486.02168,7728.850962,7241.409854,3.096652,0,0,1328989.877366,7148.228861,0.035098,0,78.855831,17.846328,0,,1,0,0,0,101.1438,17.846328,5.516881,-0.105622,-1,-0.002555,12875.593319,9496.287774,316.094025,-18.179064,-12.448424,10690.350044,13.822187,10.786169,14.248019,21447.048903,337.268475,313.183118,0.018294,195.097025,,,,,,,,,,,,,,,,,,,,,,,,Idle,Burn,Idle,0,0,Idle,0,0,78.020273,0,78.020273,None,Continue,0,DeorbitReturn,,,,,,1,289.815277,289.815277,0,0,,,,,,,,,,,,,,1,0,0,0.562958,0.56296,0.588852,12875.617188,9496.291992,10690.349609
224.019995,-,0,0,0,None,Holding,0,313486.378455,7728.818891,7241.377726,3.082529,0,0,1330784.393994,7147.204615,0.033454,0,67.757477,19.037427,0,,1,0,0,0,112.244459,19.037427,5.493239,-0.116012,-1,-0.002571,12875.615531,9496.290788,314.73941,-18.298525,-10.770865,10690.349546,13.820189,10.784674,14.245949,18244.166136,337.158005,313.185265,0.01898,195.087155,,,,,,,,,,,,,,,,,,,,,,,,Idle,Burn,Idle,0,0,Idle,0,0,78.020502,0,78.020502,None,Continue,0,DeorbitReturn,,,,,,1,289.56781,289.56781,0,0,,,,,,,,,,,,,,1,0,0,0.562186,0.562188,0.588862,12875.629883,9496.293945,10690.351563
224.279995,-,0,0,0,None,Holding,0,313487.08937,7728.808063,7241.366842,3.180285,0,0,1332578.666849,7146.180369,0.034502,0,100.408058,19.722172,0,,1,0,0,0,79.592926,19.722172,5.470332,-0.122056,-1,-0.00259,12875.629693,9496.29189,313.426941,-18.43906,-9.13736,10690.34939,13.81822,10.783198,14.243909,18244.184852,337.142439,313.166444,0.019215,195.084073,,,,,,,,,,,,,,,,,,,,,,,,Idle,Burn,Idle,0,0,Idle,0,0,78.020735,0,78.020735,None,Continue,0,DeorbitReturn,,,,,,1,289.083496,289.083496,0,0,,,,,,,,,,,,,,1,0,0,0.561414,0.561416,0.588871,12875.634766,9496.291016,10690.347656
224.539995,-,0,0,0,None,Holding,0,313488.340526,7728.859172,7241.41789,3.231894,0,0,1334373.02895,7145.10224,0.033989,0,121.313754,18.688945,0,,1,0,0,0,58.684524,18.688945,5.502145,-0.112922,-1,-0.002504,12875.656138,9496.296962,315.249695,-17.825956,-8.6749,10690.350964,13.816773,10.78167,14.242363,18244.236708,337.330606,313.15938,0.018742,195.089729,,,,,,,,,,,,,,,,,,,,,,,,Idle,Burn,Idle,0,0,Idle,0,0,78.020974,0,78.020974,None,Continue,0,DeorbitReturn,,,,,,1,288.578369,288.578369,0,0,,,,,,,,,,,,,,1,0,0,0.560602,0.560604,0.588879,12875.669922,9496.297852,10690.349609
224.799995,-,0,0,0,None,Holding,0,313489.390698,7728.903029,7241.461684,3.157179,0,0,1336167.663495,7144.077994,0.034646,0,93.144641,17.737541,0,,1,0,0,0,86.854054,17.737541,5.479673,-0.104953,-1,-0.002526,12875.671281,9496.297704,313.962158,-17.985983,-6.973364,10690.351202,13.814812,10.780195,14.240332,18244.252682,337.468816,313.177034,0.018439,195.093309,,,,,,,,,,,,,,,,,,,,,,,,Idle,Burn,Idle,0,0,Idle,0,0,78.021211,0,78.021211,None,Continue,0,DeorbitReturn,,,,,,1,288.336121,288.336121,0,0,,,,,,,,,,,,,,1,0,0,0.559831,0.559832,0.588887,12875.676758,9496.294922,10690.348633
225.059995,-,0,0,0,None,Holding,0,313489.848163,7728.89309,7241.451685,3.090925,0,0,1337962.290411,7142.999865,0.035152,0,65.535596,18.496124,0,,1,0,0,0,114.465706,18.496124,5.512633,-0.111154,-1,-0.002439,12875.689589,9496.299578,315.850616,-17.369389,-6.516752,10690.349773,13.813377,10.778667,14.238797,18244.294643,337.424295,313.190237,0.01895,195.087952,,,,,,,,,,,,,,,,,,,,,,,,Idle,Burn,Idle,0,0,Idle,0,0,78.021443,0,78.021443,None,Continue,0,DeorbitReturn,,,,,,1,287.800659,287.800659,0,0,,,,,,,,,,,,,,1,0,0,0.559018,0.55902,0.588896,12875.709961,9496.302734,10690.347656
225.319995,-,0,0,0,None,Holding,0,313490.340666,7728.863699,7241.422239,3.157245,0,0,1339756.649122,7141.975619,0.033307,0,85.195748,19.656544,0,,1,0,0,0,94.805968,19.656544,5.490552,-0.12126,-1,-0.002464,12875.710967,9496.302473,314.58548,-17.549801,-4.753115,10690.349396,13.811424,10.777193,14.236773,18244.315386,337.338649,313.17692,0.019484,195.083019,,,,,,,,,,,,,,,,,,,,,,,,Idle,Burn,Idle,0,0,Idle,0,0,78.021674,0,78.021674,None,Continue,0,DeorbitReturn,,,,,,1,287.55835,287.55835,0,0,,,,,,,,,,,,,,1,0,0,0.558247,0.558249,0.588904,12875.719727,9496.302734,10690.347656
225.579995,-,0,0,0,None,Holding,0,313491.438396,7728.8924,7241.45088,3.249292,0,0,1341550.943324,7140.923716,0.035095,0,118.697316,19.211375,0,,1,0,0,0,61.301938,19.211375,5.496684,-0.117382,-1,-0.002449,12875.726493,9496.304359,314.936768,-17.442957,-3.671798,10690.350386,13.80976,10.775709,14.235025,21447.269619,337.457905,313.160833,0.019201,195.085271,,,,,,,,,,,,,,,,,,,,,,,,Idle,Burn,Idle,0,0,Idle,0,0,78.021913,0,78.021913,None,Continue,0,DeorbitReturn,,,,,,1,287.043335,287.043335,0,0,,,,,,,,,,,,,,1,0,0,0.557454,0.557456,0.588911,12875.742188,9496.306641,10690.351563
225.839995,-,0,0,0,None,Holding,0,313492.674643,7728.949806,7241.508222,3.219714,0,0,1343345.495352,7139.871813,0.033876,0,107.734214,17.93664,0,,1,0,0,0,72.263867,17.93664,5.502499,-0.106409,-1,-0.002434,12875.751945,9496.308034,315.269989,-17.338734,-2.531836,10690.350238,13.808047,10.774187,14.233226,18244.381309,337.651524,313.170255,0.018681,195.08922,,,,,,,,,,,,,,,,,,,,,,,,Idle,Burn,Idle,0,0,Idle,0,0,78.022154,0,78.022154,None,Continue,0,DeorbitReturn,,,,,,1,286.779663,286.779663,0,0,,,,,,,,,,,,,,1,0,0,0.556662,0.556664,0.588917,12875.766602,9496.30957,10690.350586
226.099995,-,0,0,0,None,Holding,0,313493.343827,7728.956685,7241.515039,3.129965,0,0,1345140.186505,7138.847567,0.034613,0,72.163209,18.00906,0,,1,0,0,0,107.837017,18.00906,5.48148,-0.107193,-1,-0.002465,12875.766888,9496.310156,314.065643,-17.564817,-0.829828,10690.350489,13.806108,10.772713,14.231216,18244.403243,337.660126,313.188883,0.018918,195.087686,,,,,,,,,,,,,,,,,,,,,,,,Idle,Burn,Idle,0,0,Idle,0,0,78.02239,0,78.02239,None,Continue,0,DeorbitReturn,,,,,,1,286.29483,286.29483,0,0,,,,,,,,,,,,,,1,0,0,0.55589,0.555892,0.588925,12875.774414,9496.310547,10690.349609
226.359995,-,0,0,0,None,Holding,0,313493.721283,7728.926704,7241.485002,3.141252,0,0,1346934.665583,7137.768008,0.034612,0,72.344153,19.280038,0,,1,0,0,0,107.657887,19.280038,5.515627,-0.117764,-1,-0.002411,12875.788963,9496.313795,316.022156,-17.184074,-0.379193,10690.349575,13.804687,10.771184,14.229693,18244.444728,337.561763,313.186236,0.019608,195.083845,,,,,,,,,,,,,,,,,,,,,,,,Idle,Burn,Idle,0,0,Idle,0,0,78.022622,0,78.022622,None,Continue,0,DeorbitReturn,,,,,,1,285.788635,285.788635,0,0,,,,,,,,,,,,,,1,0,0,0.555077,0.555078,0.588932,12875.804688,9496.314453,10690.347656
226.619995,-,0,0,0,None,Holding,0,313494.586717,7728.929076,7241.487316,3.244704,0,0,1348728.949979,7136.743762,0.033886,0,108.020055,19.572324,0,,1,0,0,0,71.980363,19.572324,5.494905,-0.120425,-1,-0.002446,12875.808287,9496.317066,314.834839,-17.433247,1.308895,10690.350161,13.802753,10.76971,14.227689,18244.465113,337.59271,313.166872,0.019641,195.083627,,,,,,,,,,,,,,,,,,,,,,,,Idle,Burn,Idle,0,0,Idle,0,0,78.022859,0,78.022859,None,Continue,0,DeorbitReturn,,,,,,1,285.546112,285.546112,0,0,,,,,,,,,,,,,,1,0,0,0.554305,0.554307,0.588938,12875.816406,9496.317383,10690.348633
226.879995,-,0,0,0,None,Holding,0,313495.880711,7728.987214,7241.545391,3.272086,0,0,1350523.397628,7135.664202,0.035382,0,118.505703,18.360692,0,,1,0,0,0,61.49225,18.360692,5.529677,-0.109751,-1,-0.002396,12875.82742,9496.320022,316.827179,-17.082027,1.698853,10690.350018,13.801341,10.768181,14.226176,18244.511008,337.800206,313.164994,0.019066,195.085744,,,,,,,,,,,,,,,,,,,,,,,,Idle,Burn,Idle,0,0,Idle,0,0,78.023102,0,78.023102,None,Continue,0,DeorbitReturn,,,,,,1,285.050415,285.050415,0,0,,,,,,,,,,,,,,1,0,0,0.553492,0.553493,0.588944,12875.848633,9496.323242,10690.348633
227.139995,-,0,0,0,None,Holding,0,313496.807861,7729.019114,7241.577228,3.183669,0,0,1352318.092337,7134.639479,0.033553,0,84.650776,17.704932,0,,1,0,0,0,95.348416,17.704932,5.50924,-0.104302,-1,-0.002434,12875.850203,9496.324187,315.656219,-17.35428,3.361092,10690.350574,13.79941,10.766705,14.224174,18244.530797,337.89486,313.184664,0.018951,195.08615,,,,,,,,,,,,,,,,,,,,,,,,Idle,Burn,Idle,0,0,Idle,0,0,78.023342,0,78.023342,None,Continue,0,DeorbitReturn,,,,,,1,284.554626,284.554626,0,0,,,,,,,,,,,,,,1,0,0,0.55272,0.552722,0.58895,12875.860352,9496.324219,10690.350586
227.399995,-,0,0,0,None,Holding,0,313497.207532,7728.991777,7241.549831,3.147539,0,0,1354112.693218,7133.615233,0.034539,0,65.583445,18.746551,0,,1,0,0,0,114.418355,18.746551,5.489484,-0.113364,-1,-0.002475,12875.863902,9496.325828,314.524261,-17.648254,4.940456,10690.350075,13.79749,10.765231,14.222182,18244.54999,337.796453,313.191279,0.019597,195.084908,,,,,,,,,,,,,,,,,,,,,,,,Idle,Burn,Idle,0,0,Idle,0,0,78.023576,0,78.023576,None,Continue,0,DeorbitReturn,,,,,,1,284.312012,284.312012,0,0,,,,,,,,,,,,,,1,0,0,0.551948,0.55195,0.588956,12875.873047,9496.328125,10690.349609
227.659995,-,0,0,0,None,Holding,0,313497.832736,7728.974782,7241.532779,3.229528,0,0,1355907.029131,7132.537581,0.034388,0,93.836768,19.658579,0,,1,0,0,0,86.164551,19.658579,5.524609,-0.12085,-1,-0.002406,12875.889645,9496.331068,316.536774,-17.154615,5.282046,10690.349816,13.796084,10.763705,14.220675,18244.598627,337.756529,313.175415,0.020005,195.084437,,,,,,,,,,,,,,,,,,,,,,,,Idle,Burn,Idle,0,0,Idle,0,0,78.023813,0,78.023813,None,Continue,0,DeorbitReturn,,,,,,1,283.806091,283.806091,0,0,,,,,,,,,,,,,,1,0,0,0.551136,0.551138,0.588962,12875.905273,9496.333984,10690.349609
227.919995,-,0,0,0,None,Holding,0,313499.05118,7729.015765,7241.573701,3.298583,0,0,1357701.389569,7131.512858,0.034239,0,121.253186,18.840346,0,,1,0,0,0,58.745383,18.840346,5.505057,-0.114005,-1,-0.002449,12875.90783,9496.333402,315.416534,-17.469015,6.86099,10690.350097,13.794169,10.762232,14.218688,18244.61925,337.913443,313.164465,0.01954,195.08445,,,,,,,,,,,,,,,,,,,,,,,,Idle,Burn,Idle,0,0,Idle,0,0,78.024056,0,78.024056,None,Continue,0,DeorbitReturn,,,,,,1,283.351074,283.351074,0,0,,,,,,,,,,,,,,1,0,0,0.550364,0.550366,0.588966,12875.918945,9496.335938,10690.351563
228.179995,-,0,0,0,None,Holding,0,313500.204171,7729.070676,7241.628547,3.244255,0,0,1359496.028379,7130.433299,0.034911,0,99.16007,17.689102,0,,1,0,0,0,80.838332,17.689102,5.540755,-0.103847,-1,-0.002408,12875.931462,9496.339041,317.461884,-17.177269,7.15576,10690.350867,13.792768,10.760704,14.217186,18244.67063,338.093716,313.178603,0.019126,195.084178,,,,,,,,,,,,,,,,,,,,,,,,Idle,Burn,Idle,0,0,Idle,0,0,78.0243,0,78.0243,None,Continue,0,DeorbitReturn,,,,,,1,283.092377,283.092377,0,0,,,,,,,,,,,,,,1,0,0,0.549551,0.549553,0.588971,12875.952148,9496.34375,10690.351563
228.439995,-,0,0,0,None,Holding,0,313500.747349,7729.062135,7241.619945,3.168588,0,0,1361290.722347,7129.409052,0.033621,0,66.997465,18.201297,0,,1,0,0,0,113.003504,18.201297,5.521389,-0.108375,-1,-0.002455,12875.949989,9496.342052,316.352295,-17.513512,8.679702,10690.349758,13.790854,10.75923,14.2152,18244.684458,338.052232,313.193717,0.019562,195.084957,,,,,,,,,,,,,,,,,,,,,,,,Idle,Burn,Idle,0,0,Idle,0,0,78.024537,0,78.024537,None,Continue,0,DeorbitReturn,,,,,,1,282.601532,282.601532,0,0,,,,,,,,,,,,,,1,0,0,0.548779,0.548781,0.588976,12875.960938,9496.34375,10690.349609
228.699995,-,0,0,0,None,Holding,0,313501.199021,7729.028829,7241.586582,3.216047,0,0,1363085.155339,7128.372408,0.035076,0,80.004742,19.437173,0,,1,0,0,0,99.997174,19.437173,5.516529,-0.118965,-1,-0.002459,12875.96452,9496.344643,316.073822,-17.541365,9.787539,10690.34966,13.789102,10.757764,14.213368,21447.655678,337.949484,313.183943,0.020194,195.086457,,,,,,,,,,,,,,,,,,,,,,,,Idle,Burn,Idle,0,0,Idle,0,0,78.024774,0,78.024774,None,Continue,0,DeorbitReturn,,,,,,1,282.358765,282.358765,0,0,,,,,,,,,,,,,,1,0,0,0.547999,0.548,0.588982,12875.974609,9496.345703,10690.349609
228.959995,-,0,0,0,None,Holding,0,313502.237802,7729.049012,7241.606704,3.312539,0,0,1364879.470968,7127.320506,0.033737,0,115.595477,19.245574,0,,1,0,0,0,64.404172,19.245574,5.525168,-0.117239,-1,-0.002465,12875.990093,9496.350786,316.568848,-17.593166,10.625564,10690.350579,13.78743,10.756244,14.211609,18244.75503,338.040355,313.166685,0.020023,195.085835,,,,,,,,,,,,,,,,,,,,,,,,Idle,Burn,Idle,0,0,Idle,0,0,78.025017,0,78.025017,None,Continue,0,DeorbitReturn,,,,,,1,281.888153,281.888153,0,0,,,,,,,,,,,,,,1,0,0,0.547206,0.547208,0.588986,12876.000977,9496.351563,10690.349609
229.219995,-,0,0,0,None,Holding,0,313503.52597,7729.106666,7241.664294,3.298178,0,0,1366674.019409,7126.296259,0.034661,0,112.169516,17.943426,0,,1,0,0,0,67.828411,17.943426,5.506921,-0.106254,-1,-0.002518,12876.005254,9496.353562,315.523346,-17.973337,11.992365,10690.351007,13.785532,10.754771,14.209639,18244.77005,338.237948,313.173093,0.019443,195.083392,,,,,,,,,,,,,,,,,,,,,,,,Idle,Burn,Idle,0,0,Idle,0,0,78.025264,0,78.025264,None,Continue,0,DeorbitReturn,,,,,,1,281.402435,281.402435,0,0,,,,,,,,,,,,,,1,0,0,0.546434,0.546436,0.58899,12876.012695,9496.353516,10690.349609
229.479995,-,0,0,0,None,Holding,0,313504.295712,7729.128362,7241.685926,3.209628,0,0,1368468.753568,7125.233866,0.03451,0,75.90971,17.741005,0,,1,0,0,0,104.090171,17.741005,5.530136,-0.104314,-1,-0.002459,12876.026399,9496.357488,316.853455,-17.549332,12.416538,10690.350413,13.784022,10.753261,14.208035,18244.809985,338.297732,313.19217,0.01953,195.083924,,,,,,,,,,,,,,,,,,,,,,,,Idle,Burn,Idle,0,0,Idle,0,0,78.025505,0,78.025505,None,Continue,0,DeorbitReturn,,,,,,1,281.150208,281.150208,0,0,,,,,,,,,,,,,,1,0,0,0.545634,0.545636,0.588995,12876.040039,9496.359375,10690.349609
229.719995,-,0,0,0,None,Holding,0,313504.680676,7729.094078,7241.651583,3.20897,0,0,1370254.016869,7124.20962,0.034185,0,69.290581,18.975716,0,,1,0,0,0,110.711507,18.975716,5.512249,-0.114999,-1,-0.002514,12876.043132,9496.360494,315.828583,-17.949884,13.755433,10690.349815,13.782129,10.751787,14.206069,18244.834304,338.182321,313.191663,0.020224,195.088005,,,,,,,,,,,,,,,,,,,,,,,,Idle,Burn,Idle,0,0,Idle,0,0,78.025743,0,78.025743,None,Continue,0,DeorbitReturn,,,,,,1,280.628662,280.628662,0,0,,,,,,,,,,,,,,1,0,0,0.544862,0.544864,0.588999,12876.053711,9496.362305,10690.349609
229.999995,-,0,0,0,None,Holding,0,313505.485356,7729.089897,7241.647344,3.308908,0,0,1372057.635067,7123.131968,0.035209,0,103.819102,19.481523,0,,1,0,0,0,76.18162,19.481523,5.549996,-0.118985,-1,-0.002461,12876.061578,9496.364389,317.991333,-17.571724,13.779615,10690.3499,13.780777,10.750283,14.204615,21447.836995,338.190059,313.172788,0.020428,195.089265,,,,,,,,,,,,,,,,,,,,,,,,Idle,Burn,Idle,0,0,Idle,0,0,78.025985,0,78.025985,None,Continue,0,DeorbitReturn,,,,,,1,280.12207,280.12207,0,0,,,,,,,,,,,,,,1,0,0,0.54405,0.544052,0.589003,12876.083008,9496.368164,10690.347656
230.259995,-,0,0,0,None,Holding,0,313506.790373,7729.142046,7241.699429,3.345805,0,0,1373852.086668,7122.107245,0.033643,0,120.231466,18.34946,0,,1,0,0,0,59.766547,18.34946,5.53212,-0.109454,-1,-0.002519,12876.088185,9496.371657,316.967102,-17.988588,15.070148,10690.351371,13.77886,10.74879,14.202624,18244.905353,338.378969,313.168758,0.019853,195.084961,,,,,,,,,,,,,,,,,,,,,,,,Idle,Burn,Idle,0,0,Idle,0,0,78.026233,0,78.026233,None,Continue,0,DeorbitReturn,,,,,,1,279.848694,279.848694,0,0,,,,,,,,,,,,,,1,0,0,0.543278,0.54328,0.589006,12876.100586,9496.375,10690.351563
230.519995,-,0,0,0,None,Holding,0,313507.805614,7729.181127,7241.738445,3.263445,0,0,1375646.802636,7121.084906,0.034914,0,89.007619,17.500962,0,,1,0,0,0,90.991316,17.500962,5.514924,-0.102341,-1,-0.002555,12876.104246,9496.375191,315.981873,-18.248878,16.246777,10690.351565,13.776978,10.747319,14.20067,18244.927406,338.499539,313.187584,0.019631,195.083111,,,,,,,,,,,,,,,,,,,,,,,,Idle,Burn,Idle,0,0,Idle,0,0,78.026479,0,78.026479,None,Continue,0,DeorbitReturn,,,,,,1,279.363251,279.363251,0,0,,,,,,,,,,,,,,1,0,0,0.542508,0.54251,0.58901,12876.115234,9496.37793,10690.351563
230.779995,-,0,0,0,None,Holding,0,313508.247526,7729.165206,7241.722463,3.213819,0,0,1377441.470145,7120.00487,0.033968,0,65.174289,18.421167,0,,1,0,0,0,114.82739,18.421167,5.552624,-0.109865,-1,-0.00253,12876.128084,9496.38024,318.141937,-18.068321,16.186436,10690.349703,13.775599,10.745791,14.199187,18244.97354,338.437808,313.1973,0.020217,195.088607,,,,,,,,,,,,,,,,,,,,,,,,Idle,Burn,Idle,0,0,Idle,0,0,78.026718,0,78.026718,None,Continue,0,DeorbitReturn,,,,,,1,279.098846,279.098846,0,0,,,,,,,,,,,,,,1,0,0,0.541695,0.541696,0.589013,12876.142578,9496.382813,10690.347656
231.039995,-,0,0,0,None,Holding,0,313508.835645,7729.140509,7241.697707,3.293922,0,0,1379235.862455,7118.980624,0.034433,0,90.123167,19.449012,0,,1,0,0,0,89.878371,19.449012,5.535401,-0.11877,-1,-0.002592,12876.147181,9496.385209,317.155151,-18.517883,17.30381,10690.349289,13.773713,10.744318,14.197228,18244.991779,338.371028,313.18156,0.020661,195.092864,,,,,,,,,,,,,,,,,,,,,,,,Idle,Burn,Idle,0,0,Idle,0,0,78.02696,0,78.02696,None,Continue,0,DeorbitReturn,,,,,,1,278.61264,278.61264,0,0,,,,,,,,,,,,,,1,0,0,0.540923,0.540925,0.589017,12876.160156,9496.388672,10690.350586
231.299995,-,0,0,0,None,Holding,0,313510.03816,7729.178474,7241.735611,3.375637,0,0,1381030.240343,7117.901064,0.035104,0,120.798917,18.770789,0,,1,0,0,0,59.199838,18.770789,5.573606,-0.112643,-1,-0.00257,12876.17025,9496.392306,319.344147,-18.359703,17.088301,10690.350356,13.772339,10.742792,14.195752,18245.044947,338.520135,313.16801,0.020298,195.08901,,,,,,,,,,,,,,,,,,,,,,,,Idle,Burn,Idle,0,0,Idle,0,0,78.027208,0,78.027208,None,Continue,0,DeorbitReturn,,,,,,1,278.135376,278.135376,0,0,,,,,,,,,,,,,,1,0,0,0.54011,0.540111,0.589019,12876.191406,9496.398438,10690.349609
231.559995,-,0,0,0,None,Holding,0,313511.251242,7729.231772,7241.788842,3.324574,0,0,1382824.896762,7116.876818,0.033488,0,102.341747,17.533697,0,,1,0,0,0,77.656495,17.533697,5.556321,-0.102217,-1,-0.002634,12876.193882,9496.399393,318.35376,-18.823381,18.096594,10690.351349,13.770451,10.741318,14.19379,18245.064139,338.695604,313.181448,0.019836,195.083589,,,,,,,,,,,,,,,,,,,,,,,,Idle,Burn,Idle,0,0,Idle,0,0,78.027458,0,78.027458,None,Continue,0,DeorbitReturn,,,,,,1,277.892212,277.892212,0,0,,,,,,,,,,,,,,1,0,0,0.539338,0.53934,0.589022,12876.208984,9496.404297,10690.353516
231.819995,-,0,0,0,None,Holding,0,313511.852314,7729.229229,7241.786236,3.243145,0,0,1384619.638712,7115.854003,0.03461,0,68.589595,17.902824,0,,1,0,0,0,111.411187,17.902824,5.539656,-0.105495,-1,-0.002676,12876.207757,9496.402641,317.398926,-19.125711,18.999266,10690.350246,13.768571,10.739848,14.191838,18245.085001,338.673667,313.197957,0.020206,195.088353,,,,,,,,,,,,,,,,,,,,,,,,Idle,Burn,Idle,0,0,Idle,0,0,78.027701,0,78.027701,None,Continue,0,DeorbitReturn,,,,,,1,277.406464,277.406464,0,0,,,,,,,,,,,,,,1,0,0,0.538567,0.538569,0.589025,12876.21582,9496.404297,10690.34668
232.079995,-,0,0,0,None,Holding,0,313512.295952,7729.200301,7241.757249,3.278602,0,0,1386414.131047,7114.776351,0.034395,0,77.851335,19.164811,0,,1,0,0,0,102.150693,19.164811,5.577744,-0.115927,-1,-0.002631,12876.234238,9496.410081,319.581177,-18.807386,18.646887,10690.349881,13.767198,10.738323,14.190362,18245.131731,338.583644,313.190742,0.020855,195.096722,,,,,,,,,,,,,,,,,,,,,,,,Idle,Burn,Idle,0,0,Idle,0,0,78.027943,0,78.027943,None,Continue,0,DeorbitReturn,,,,,,1,276.899261,276.899261,0,0,,,,,,,,,,,,,,1,0,0,0.537755,0.537757,0.589029,12876.251953,9496.414063,10690.351563
232.339995,-,0,0,0,None,Holding,0,313513.319118,7729.215386,7241.772273,3.379179,0,0,1388208.479539,7113.751628,0.034175,0,114.170452,19.096611,0,,1,0,0,0,65.829362,19.096611,5.560886,-0.115473,-1,-0.002699,12876.253583,9496.415605,318.615295,-19.293549,19.509373,10690.350876,13.765313,10.736852,14.188405,18245.158076,338.657789,313.172554,0.02071,195.0947,,,,,,,,,,,,,,,,,,,,,,,,Idle,Burn,Idle,0,0,Idle,0,0,78.028191,0,78.028191,None,Continue,0,DeorbitReturn,,,,,,1,276.655975,276.655975,0,0,,,,,,,,,,,,,,1,0,0,0.536984,0.536985,0.589031,12876.262695,9496.416992,10690.349609
232.599995,-,0,0,0,None,Holding,0,313514.638392,7729.276632,7241.833453,3.377401,0,0,1390003.051327,7112.672068,0.034969,0,113.654005,17.783587,0,,1,0,0,0,66.343844,17.783587,5.599331,-0.103933,-1,-0.002681,12876.276072,9496.422648,320.818054,-19.167582,19.042788,10690.350564,13.763943,10.735325,14.186931,18245.206475,338.870308,313.176631,0.020141,195.086322,,,,,,,,,,,,,,,,,,,,,,,,Idle,Burn,Idle,0,0,Idle,0,0,78.028443,0,78.028443,None,Continue,0,DeorbitReturn,,,,,,1,276.147949,276.147949,0,0,,,,,,,,,,,,,,1,0,0,0.53617,0.536172,0.589033,12876.300781,9496.431641,10690.353516
232.859995,-,0,0,0,None,Holding,0,313515.44867,7729.29502,7241.851776,3.284955,0,0,1391797.825689,7111.647822,0.033353,0,77.069713,17.504485,0,,1,0,0,0,102.93011,17.504485,5.582286,-0.101684,-1,-0.00275,12876.29747,9496.42942,319.841461,-19.662279,19.787237,10690.349995,13.762054,10.733851,14.184969,18245.227337,338.91806,313.19632,0.020236,195.087899,,,,,,,,,,,,,,,,,,,,,,,,Idle,Burn,Idle,0,0,Idle,0,0,78.02869,0,78.02869,None,Continue,0,DeorbitReturn,,,,,,1,275.69165,275.69165,0,0,,,,,,,,,,,,,,1,0,0,0.535399,0.5354,0.589036,12876.310547,9496.435547,10690.350586
233.119995,-,0,0,0,None,Holding,0,313515.848196,7729.262347,7241.819042,3.280278,0,0,1393592.425711,7110.625483,0.034275,0,69.234562,18.737163,0,,1,0,0,0,110.767573,18.737163,5.565802,-0.112322,-1,-0.002795,12876.313097,9496.434674,318.896973,-19.991503,20.43704,10690.349826,13.760175,10.732382,14.183017,18245.25094,338.80745,313.196678,0.020924,195.099038,,,,,,,,,,,,,,,,,,,,,,,,Idle,Burn,Idle,0,0,Idle,0,0,78.028933,0,78.028933,None,Continue,0,DeorbitReturn,,,,,,1,275.448914,275.448914,0,0,,,,,,,,,,,,,,1,0,0,0.534628,0.53463,0.589039,12876.323242,9496.438477,10690.349609
233.379995,-,0,0,0,None,Holding,0,313516.665768,7729.262523,7241.819159,3.37675,0,0,1395386.791552,7109.546877,0.033662,0,103.807951,19.262108,0,,1,0,0,0,76.192776,19.262108,5.603736,-0.116463,-1,-0.00276,12876.340045,9496.442175,321.070435,-19.74048,19.859404,10690.349961,13.758796,10.730857,14.181536,18245.296597,338.829453,313.178763,0.021105,195.101922,,,,,,,,,,,,,,,,,,,,,,,,Idle,Burn,Idle,0,0,Idle,0,0,78.02918,0,78.02918,None,Continue,0,DeorbitReturn,,,,,,1,274.910675,274.910675,0,0,,,,,,,,,,,,,,1,0,0,0.533816,0.533817,0.589041,12876.353516,9496.445313,10690.349609
233.639995,-,0,0,0,None,Holding,0,313517.993449,7729.314302,7241.870872,3.414201,0,0,1397181.282093,7108.524062,0.034512,0,120.330008,18.12667,0,,1,0,0,0,59.667912,18.12667,5.586935,-0.10691,-1,-0.002806,12876.35874,9496.448547,320.107788,-20.071888,20.456951,10690.350955,13.756912,10.729385,14.179579,18245.317817,339.017267,313.174636,0.020535,195.091937,,,,,,,,,,,,,,,,,,,,,,,,Idle,Burn,Idle,0,0,Idle,0,0,78.029433,0,78.029433,None,Continue,0,DeorbitReturn,,,,,,1,274.667877,274.667877,0,0,,,,,,,,,,,,,,1,0,0,0.533045,0.533047,0.589042,12876.370117,9496.451172,10690.350586
233.899995,-,0,0,0,None,Holding,0,313519.016034,7729.357082,7241.913586,3.334946,0,0,1398976.042118,7107.460238,0.034855,0,88.35939,17.286882,0,,1,0,0,0,91.639585,17.286882,5.61165,-0.099529,-1,-0.002787,12876.378452,9496.454405,321.523865,-19.943155,20.070473,10690.350486,13.755415,10.727876,14.177985,18245.359302,339.151298,313.192959,0.020327,195.088046,,,,,,,,,,,,,,,,,,,,,,,,Idle,Burn,Idle,0,0,Idle,0,0,78.029684,0,78.029684,None,Continue,0,DeorbitReturn,,,,,,1,274.165558,274.165558,0,0,,,,,,,,,,,,,,1,0,0,0.532243,0.532245,0.589045,12876.393555,9496.457031,10690.349609
234.159995,-,0,0,0,None,Holding,0,313519.46397,7729.333649,7241.890091,3.28882,0,0,1400770.742616,7106.437422,0.033897,0,65.565129,18.256126,0,,1,0,0,0,114.436675,18.256126,5.594837,-0.10792,-1,-0.002834,12876.397788,9496.460857,320.560547,-20.280519,20.576523,10690.350191,13.753527,10.726402,14.176023,17835.076213,339.064498,313.20168,0.02095,195.10019,,,,,,,,,,,,,,,,,,,,,,,,Idle,Burn,Idle,0,0,Idle,0,0,78.029929,0,78.029929,None,Continue,0,DeorbitReturn,,,,,,1,273.679138,273.679138,0,0,,,,,,,,,,,,,,1,0,0,0.531473,0.531475,0.589047,12876.410156,9496.464844,10690.350586
234.419995,-,0,0,0,None,Holding,0,313520.094173,7729.311822,7241.868205,3.372458,0,0,1402565.164401,7105.399348,0.034409,0,92.164752,19.241073,0,,1,0,0,0,87.836732,19.241073,5.59236,-0.116321,-1,-0.002885,12876.412479,9496.465686,320.418671,-20.648764,20.705074,10690.349423,13.751796,10.724939,14.174213,21448.387504,339.008294,313.185425,0.021376,195.108361,,,,,,,,,,,,,,,,,,,,,,,,Idle,Burn,Idle,0,0,Idle,0,0,78.030177,0,78.030177,None,Continue,0,DeorbitReturn,,,,,,1,273.435547,273.435547,0,0,,,,,,,,,,,,,,1,0,0,0.530691,0.530693,0.589049,12876.426758,9496.47168,10690.350586
234.679995,-,0,0,0,None,Holding,0,313521.343241,7729.352141,7241.90846,3.446574,0,0,1404359.591503,7104.335047,0.034165,0,121.363372,18.478255,0,,1,0,0,0,58.635163,18.478255,5.616667,-0.109601,-1,-0.002867,12876.440108,9496.47493,321.81134,-20.521713,20.186785,10690.349753,13.75027,10.723409,14.172591,18245.453,339.16402,313.173536,0.020974,195.10024,,,,,,,,,,,,,,,,,,,,,,,,Idle,Burn,Idle,0,0,Idle,0,0,78.030431,0,78.030431,None,Continue,0,DeorbitReturn,,,,,,1,272.897156,272.897156,0,0,,,,,,,,,,,,,,1,0,0,0.529889,0.529891,0.589051,12876.453125,9496.476563,10690.348633
234.939995,-,0,0,0,None,Holding,0,313522.545781,7729.404298,7241.960549,3.389401,0,0,1406154.302693,7103.312708,0.034515,0,100.054225,17.285855,0,,1,0,0,0,79.944107,17.285855,5.599899,-0.099569,-1,-0.002915,12876.458048,9496.481307,320.850586,-20.865314,20.552391,10690.350306,13.748385,10.721939,14.170632,18245.468616,339.334512,313.188074,0.020543,195.090909,,,,,,,,,,,,,,,,,,,,,,,,Idle,Burn,Idle,0,0,Idle,0,0,78.030685,0,78.030685,None,Continue,0,DeorbitReturn,,,,,,1,272.68396,272.68396,0,0,,,,,,,,,,,,,,1,0,0,0.529119,0.529121,0.589052,12876.46875,9496.485352,10690.350586
235.199995,-,0,0,0,None,Holding,0,313523.121096,7729.403769,7241.959956,3.313764,0,0,1407949.076433,7102.233149,0.034343,0,67.494413,17.793055,0,,1,0,0,0,112.506669,17.793055,5.638227,-0.103553,-1,-0.0029,12876.480316,9496.488605,323.046631,-20.765659,19.641945,10690.349744,13.747008,10.720412,14.169153,18245.5194,339.320726,313.203508,0.020967,195.100532,,,,,,,,,,,,,,,,,,,,,,,,Idle,Burn,Idle,0,0,Idle,0,0,78.030934,0,78.030934,None,Continue,0,DeorbitReturn,,,,,,1,272.145416,272.145416,0,0,,,,,,,,,,,,,,1,0,0,0.528305,0.528307,0.589055,12876.5,9496.496094,10690.350586
235.459995,-,0,0,0,None,Holding,0,313523.612571,7729.371493,7241.92762,3.366646,0,0,1409743.583581,7101.208426,0.033419,0,81.182024,19.037069,0,,1,0,0,0,98.819954,19.037069,5.620971,-0.114282,-1,-0.002972,12876.502141,9496.497213,322.057922,-21.284069,19.935572,10690.3498,13.745111,10.718939,14.167183,18245.542169,339.222597,313.192826,0.021568,195.113912,,,,,,,,,,,,,,,,,,,,,,,,Idle,Burn,Idle,0,0,Idle,0,0,78.031181,0,78.031181,None,Continue,0,DeorbitReturn,,,,,,1,271.688446,271.688446,0,0,,,,,,,,,,,,,,1,0,0,0.527534,0.527536,0.589056,12876.515625,9496.50293,10690.350586
235.719995,-,0,0,0,None,Holding,0,313524.718445,7729.394229,7241.950293,3.464609,0,0,1411537.976965,7100.156523,0.03489,0,117.104684,18.789268,0,,1,0,0,0,62.89476,18.789268,5.631815,-0.112066,-1,-0.003002,12876.518232,9496.504109,322.67926,-21.499825,19.486507,10690.35011,13.743501,10.71746,14.165483,21448.56596,339.322583,313.17551,0.021362,195.109168,,,,,,,,,,,,,,,,,,,,,,,,Idle,Burn,Idle,0,0,Idle,0,0,78.031435,0,78.031435,None,Continue,0,DeorbitReturn,,,,,,1,271.444672,271.444672,0,0,,,,,,,,,,,,,,1,0,0,0.526741,0.526743,0.589057,12876.53125,9496.508789,10690.347656
235.979995,-,0,0,0,None,Holding,0,313526.039908,7729.453238,7242.009234,3.44408,0,0,1413332.622076,7099.104621,0.033706,0,110.388385,17.458474,0,,1,0,0,0,69.609519,17.458474,5.641726,-0.100634,-1,-0.00303,12876.545182,9496.513476,323.247131,-21.704485,19.034012,10690.350165,13.741835,10.71594,14.16373,18245.611668,339.52382,313.183193,0.020823,195.096082,,,,,,,,,,,,,,,,,,,,,,,,Idle,Burn,Idle,0,0,Idle,0,0,78.031693,0,78.031693,None,Continue,0,DeorbitReturn,,,,,,1,270.966156,270.966156,0,0,,,,,,,,,,,,,,1,0,0,0.525949,0.525951,0.589058,12876.5625,9496.521484,10690.352539
236.219995,-,0,0,0,None,Holding,0,313526.789398,7729.464341,7242.020271,3.35375,0,0,1415118.143619,7098.079897,0.034419,0,73.783341,17.420562,0,,1,0,0,0,106.216878,17.420562,5.624389,-0.100445,-1,-0.003102,12876.561322,9496.520767,322.253723,-22.224678,19.099855,10690.349905,13.739933,10.714468,14.161755,18245.629668,339.547099,313.202086,0.021032,195.101463,,,,,,,,,,,,,,,,,,,,,,,,Idle,Burn,Idle,0,0,Idle,0,0,78.031945,0,78.031945,None,Continue,0,DeorbitReturn,,,,,,1,270.478485,270.478485,0,0,,,,,,,,,,,,,,1,0,0,0.525177,0.525179,0.58906,12876.570313,9496.526367,10690.349609
236.499995,-,0,0,0,None,Holding,0,313527.213333,7729.438331,7241.994199,3.362293,0,0,1416922.037738,7097.003199,0.034396,0,72.639564,18.707106,0,,1,0,0,0,107.362652,18.707106,5.662015,-0.111068,-1,-0.003044,12876.58285,9496.529047,324.409607,-21.808044,17.87991,10690.349449,13.738555,10.712944,14.160273,18245.678544,339.461962,313.200221,0.021725,195.11897,,,,,,,,,,,,,,,,,,,,,,,,Idle,Burn,Idle,0,0,Idle,0,0,78.032194,0,78.032194,None,Continue,0,DeorbitReturn,,,,,,1,270.22998,270.22998,0,0,,,,,,,,,,,,,,1,0,0,0.524366,0.524368,0.589061,12876.605469,9496.537109,10690.349609
236.759995,-,0,0,0,None,Holding,0,313528.146534,7729.441882,7241.997689,3.466153,0,0,1418716.435317,7095.978953,0.033074,0,109.027646,18.994021,0,,1,0,0,0,70.972675,18.994021,5.643974,-0.113649,-1,-0.003114,12876.605046,9496.537318,323.375916,-22.316315,17.921288,10690.350119,13.736645,10.711472,14.158291,18245.700836,339.497068,313.181037,0.021744,195.11939,,,,,,,,,,,,,,,,,,,,,,,,Idle,Burn,Idle,0,0,Idle,0,0,78.032448,0,78.032448,None,Continue,0,DeorbitReturn,,,,,,1,269.726563,269.726563,0,0,,,,,,,,,,,,,,1,0,0,0.523594,0.523596,0.589062,12876.619141,9496.543945,10690.351563
237.019995,-,0,0,0,None,Holding,0,313529.507569,7729.501384,7242.057124,3.485608,0,0,1420511.007824,7094.928004,0.03484,0,118.15945,17.747669,0,,1,0,0,0,61.838322,17.747669,5.653793,-0.102943,-1,-0.003123,12876.622312,9496.545288,323.938507,-22.38435,17.226679,10690.351278,13.735023,10.709992,14.156581,21178.826928,339.707925,313.180845,0.021167,195.103994,,,,,,,,,,,,,,,,,,,,,,,,Idle,Burn,Idle,0,0,Idle,0,0,78.032707,0,78.032707,None,Continue,0,DeorbitReturn,,,,,,1,269.228394,269.228394,0,0,,,,,,,,,,,,,,1,0,0,0.522802,0.522804,0.589062,12876.641602,9496.553711,10690.353516
237.279995,-,0,0,0,None,Holding,0,313530.446472,7729.532859,7242.088531,3.398385,0,0,1422305.829852,7093.876101,0.033478,0,82.594648,17.172104,0,,1,0,0,0,97.404772,17.172104,5.662759,-0.097955,-1,-0.003149,12876.648789,9496.555428,324.452209,-22.571257,16.574188,10690.351175,13.733343,10.708472,14.154813,18245.767593,339.801748,313.200129,0.021126,195.102882,,,,,,,,,,,,,,,,,,,,,,,,Idle,Burn,Idle,0,0,Idle,0,0,78.032963,0,78.032963,None,Continue,0,DeorbitReturn,,,,,,1,268.973694,268.973694,0,0,,,,,,,,,,,,,,1,0,0,0.52201,0.522012,0.589064,12876.664063,9496.5625,10690.350586
237.539995,-,0,0,0,None,Holding,0,313530.876361,7729.504155,7242.059764,3.374477,0,0,1424100.526633,7092.853285,0.034436,0,67.325475,18.327875,0,,1,0,0,0,112.676662,18.327875,5.644384,-0.107933,-1,-0.003193,12876.664277,9496.562211,323.399384,-22.891148,16.458944,10690.350531,13.731434,10.707003,14.152831,18245.79072,339.701151,313.204374,0.021801,195.122007,,,,,,,,,,,,,,,,,,,,,,,,Idle,Burn,Idle,0,0,Idle,0,0,78.033213,0,78.033213,None,Continue,0,DeorbitReturn,,,,,,1,268.455872,268.455872,0,0,,,,,,,,,,,,,,1,0,0,0.521239,0.521241,0.589065,12876.667969,9496.5625,10690.348633
237.799995,-,0,0,0,None,Holding,0,313531.637053,7729.49379,7242.049338,3.468072,0,0,1425894.958358,7091.773726,0.034296,0,99.485207,19.083174,0,,1,0,0,0,80.515859,19.083174,5.681139,-0.114036,-1,-0.003175,12876.685281,9496.570412,325.505249,-22.764576,15.063025,10690.34987,13.730039,10.705475,14.151333,18245.836973,339.686351,313.186684,0.022114,195.130628,,,,,,,,,,,,,,,,,,,,,,,,Idle,Burn,Idle,0,0,Idle,0,0,78.033467,0,78.033467,None,Continue,0,DeorbitReturn,,,,,,1,268.206482,268.206482,0,0,,,,,,,,,,,,,,1,0,0,0.520426,0.520428,0.589066,12876.702148,9496.574219,10690.347656
238.059995,-,0,0,0,None,Holding,0,313532.97276,7729.542475,7242.097957,3.519276,0,0,1427689.469662,7090.74948,0.033236,0,121.736642,18.065596,0,,1,0,0,0,58.26136,18.065596,5.66198,-0.105525,-1,-0.003242,12876.706313,9496.578961,324.407562,-23.249096,14.899476,10690.350291,13.728117,10.704001,14.14934,18245.856881,339.866349,313.179739,0.021576,195.115066,,,,,,,,,,,,,,,,,,,,,,,,Idle,Burn,Idle,0,0,Idle,0,0,78.033728,0,78.033728,None,Continue,0,DeorbitReturn,,,,,,1,267.702209,267.702209,0,0,,,,,,,,,,,,,,1,0,0,0.519654,0.519656,0.589066,12876.72168,9496.585938,10690.355469
238.319995,-,0,0,0,None,Holding,0,313534.08633,7729.588203,7242.143615,3.443561,0,0,1429484.265086,7089.711405,0.034734,0,92.777021,17.087674,0,,1,0,0,0,87.221719,17.087674,5.657027,-0.097235,-1,-0.003288,12876.720618,9496.586697,324.123779,-23.580603,14.323394,10690.350239,13.726348,10.702536,14.147491,21448.874712,340.011323,313.197511,0.021298,195.10656,,,,,,,,,,,,,,,,,,,,,,,,Idle,Burn,Idle,0,0,Idle,0,0,78.033987,0,78.033987,None,Continue,0,DeorbitReturn,,,,,,1,267.208618,267.208618,0,0,,,,,,,,,,,,,,1,0,0,0.518872,0.518874,0.589067,12876.733398,9496.59375,10690.349609
238.579995,-,0,0,0,None,Holding,0,313534.585773,7729.575109,7242.130457,3.389786,0,0,1431279.044067,7088.645197,0.033681,0,66.021489,17.940157,0,,1,0,0,0,113.98022,17.940157,5.678663,-0.104291,-1,-0.003288,12876.747767,9496.597927,325.363403,-23.585045,13.131742,10690.350614,13.724789,10.701,14.145836,18245.925784,339.958672,313.208157,0.021862,195.124193,,,,,,,,,,,,,,,,,,,,,,,,Idle,Burn,Idle,0,0,Idle,0,0,78.03424,0,78.03424,None,Continue,0,DeorbitReturn,,,,,,1,266.948364,266.948364,0,0,,,,,,,,,,,,,,1,0,0,0.518069,0.518071,0.589069,12876.761719,9496.604492,10690.351563
238.839995,-,0,0,0,None,Holding,0,313535.197079,7729.549952,7242.105239,3.466944,0,0,1433073.537167,7087.620951,0.034266,0,89.576616,19.04225,0,,1,0,0,0,90.425059,19.04225,5.658983,-0.113816,-1,-0.003353,12876.763463,9496.605115,324.23584,-24.054316,12.802196,10690.349864,13.722858,10.699528,14.143833,18245.943069,339.889756,313.193112,0.022335,195.138567,,,,,,,,,,,,,,,,,,,,,,,,Idle,Burn,Idle,0,0,Idle,0,0,78.034494,0,78.034494,None,Continue,0,DeorbitReturn,,,,,,1,266.459961,266.459961,0,0,,,,,,,,,,,,,,1,0,0,0.517297,0.517299,0.58907,12876.775391,9496.612305,10690.350586
239.099995,-,0,0,0,None,Holding,0,313536.446156,7729.587522,7242.142744,3.54959,0,0,1434868.002897,7086.541392,0.034823,0,121.334666,18.392922,0,,1,0,0,0,58.663991,18.392922,5.694419,-0.107981,-1,-0.00333,12876.785784,9496.615282,326.266174,-23.895548,11.169587,10690.351264,13.721455,10.698,14.142327,18245.993495,340.037772,313.179495,0.021985,195.127652,,,,,,,,,,,,,,,,,,,,,,,,Idle,Burn,Idle,0,0,Idle,0,0,78.034756,0,78.034756,None,Continue,0,DeorbitReturn,,,,,,1,266.215729,266.215729,0,0,,,,,,,,,,,,,,1,0,0,0.516484,0.516486,0.589071,12876.806641,9496.623047,10690.352539
239.359995,-,0,0,0,None,Holding,0,313537.704697,7729.641829,7242.196981,3.497974,0,0,1436662.755161,7085.516669,0.033274,0,102.48843,17.159682,0,,1,0,0,0,77.509755,17.159682,5.673821,-0.097656,-1,-0.003393,12876.805817,9496.624424,325.086029,-24.344549,10.783833,10690.350973,13.719511,10.696526,14.140312,18246.011257,340.216892,313.19303,0.021534,195.112769,,,,,,,,,,,,,,,,,,,,,,,,Idle,Burn,Idle,0,0,Idle,0,0,78.035018,0,78.035018,None,Continue,0,DeorbitReturn,,,,,,1,265.70578,265.70578,0,0,,,,,,,,,,,,,,1,0,0,0.515712,0.515714,0.589072,12876.81543,9496.628906,10690.347656
239.619995,-,0,0,0,None,Holding,0,313538.329347,7729.63984,7242.194925,3.418002,0,0,1438457.590594,7084.495761,0.034748,0,68.791387,17.590197,0,,1,0,0,0,111.209622,17.590197,5.653486,-0.101474,-1,-0.003404,12876.81807,9496.630309,323.920898,-24.43194,10.32914,10690.350391,13.71758,10.695057,14.138308,18246.028781,340.197362,313.209239,0.021927,195.126148,,,,,,,,,,,,,,,,,,,,,,,,Idle,Burn,Idle,0,0,Idle,0,0,78.035274,0,78.035274,None,Continue,0,DeorbitReturn,,,,,,1,265.188019,265.188019,0,0,,,,,,,,,,,,,,1,0,0,0.514943,0.514945,0.589074,12876.832031,9496.635742,10690.351563
239.879995,-,0,0,0,None,Holding,0,313538.83058,7729.613249,7242.168273,3.461454,0,0,1440252.164326,7083.416201,0.033616,0,80.342203,18.871111,0,,1,0,0,0,99.659899,18.871111,5.687665,-0.112061,-1,-0.003377,12876.843616,9496.640994,325.879181,-24.239536,8.70382,10690.350051,13.716161,10.693528,14.136788,18246.076584,340.116972,313.200682,0.022552,195.146858,,,,,,,,,,,,,,,,,,,,,,,,Idle,Burn,Idle,0,0,Idle,0,0,78.035529,0,78.035529,None,Continue,0,DeorbitReturn,,,,,,1,264.922211,264.922211,0,0,,,,,,,,,,,,,,1,0,0,0.514129,0.514131,0.589075,12876.855469,9496.646484,10690.347656
240.139995,-,0,0,0,None,Holding,0,313539.94734,7729.632647,7242.187606,3.560611,0,0,1442046.609951,7082.393862,0.034663,0,116.664656,18.691003,0,,1,0,0,0,63.334841,18.691003,5.666373,-0.110695,-1,-0.00341,12876.859971,9496.648021,324.659271,-24.482027,8.285525,10690.35022,13.714217,10.692058,14.134771,18246.097326,340.205719,313.183105,0.022356,195.140273,,,,,,,,,,,,,,,,,,,,,,,,Idle,Burn,Idle,0,0,Idle,0,0,78.035791,0,78.035791,None,Continue,0,DeorbitReturn,,,,,,1,264.434143,264.434143,0,0,,,,,,,,,,,,,,1,0,0,0.513359,0.513361,0.589076,12876.874023,9496.65625,10690.354492
240.399995,-,0,0,0,None,Holding,0,313541.300223,7729.695037,7242.249926,3.549302,0,0,1443841.301417,7081.315733,0.034887,0,111.574272,17.372945,0,,1,0,0,0,68.423528,17.372945,5.700311,-0.099194,-1,-0.003356,12876.879822,9496.656187,326.60376,-24.094446,6.632644,10690.351006,13.712802,10.690531,14.133257,18246.138811,340.420533,313.189112,0.0218,195.120709,,,,,,,,,,,,,,,,,,,,,,,,Idle,Burn,Idle,0,0,Idle,0,0,78.036056,0,78.036056,None,Continue,0,DeorbitReturn,,,,,,1,264.19043,264.19043,0,0,,,,,,,,,,,,,,1,0,0,0.512547,0.512549,0.589076,12876.90625,9496.666016,10690.353516
240.659995,-,0,0,0,None,Holding,0,313542.084986,7729.708246,7242.263067,3.458915,0,0,1445636.173059,7080.291487,0.033269,0,74.507614,17.307569,0,,1,0,0,0,105.492606,17.307569,5.678083,-0.098813,-1,-0.003411,12876.900067,9496.664952,325.3302,-24.491482,6.283431,10690.350444,13.710843,10.689056,14.131227,18246.161222,340.451179,313.208084,0.021998,195.128013,,,,,,,,,,,,,,,,,,,,,,,,Idle,Burn,Idle,0,0,Idle,0,0,78.036316,0,78.036316,None,Continue,0,DeorbitReturn,,,,,,1,263.680084,263.680084,0,0,,,,,,,,,,,,,,1,0,0,0.511775,0.511777,0.589078,12876.912109,9496.668945,10690.349609
240.899995,-,0,0,0,None,Holding,0,313542.535037,7729.674662,7242.22942,3.473139,0,0,1447421.542593,7079.266764,0.034332,0,72.715499,18.613577,0,,1,0,0,0,107.286796,18.613577,5.656132,-0.110081,-1,-0.003465,12876.912111,9496.671098,324.07251,-24.888098,5.86551,10690.349304,13.708886,10.687582,14.129198,18246.178985,340.341165,313.204841,0.022694,195.152993,,,,,,,,,,,,,,,,,,,,,,,,Idle,Burn,Idle,0,0,Idle,0,0,78.036572,0,78.036572,None,Continue,0,DeorbitReturn,,,,,,1,263.191132,263.191132,0,0,,,,,,,,,,,,,,1,0,0,0.511003,0.511005,0.589079,12876.919922,9496.675781,10690.348633
241.179995,-,0,0,0,None,Holding,0,313543.494383,7729.680001,7242.234695,3.572482,0,0,1449225.285383,7078.189112,0.033978,0,109.236921,18.923441,0,,1,0,0,0,70.763397,18.923441,5.688911,-0.112423,-1,-0.003406,12876.937567,9496.681512,325.950623,-24.466639,4.234878,10690.350137,13.70746,10.686055,14.127671,18246.228337,340.38159,313.186673,0.022773,195.155754,,,,,,,,,,,,,,,,,,,,,,,,Idle,Burn,Idle,0,0,Idle,0,0,78.036834,0,78.036834,None,Continue,0,DeorbitReturn,,,,,,1,262.925842,262.925842,0,0,,,,,,,,,,,,,,1,0,0,0.510191,0.510193,0.58908,12876.951172,9496.685547,10690.347656
241.439995,-,0,0,0,None,Holding,0,313544.885006,7729.737042,7242.291667,3.588384,0,0,1451019.91265,7077.164866,0.034466,0,118.356731,17.677797,0,,1,0,0,0,61.640933,17.677797,5.666072,-0.102021,-1,-0.003458,12876.955045,9496.689903,324.642029,-24.838636,3.853369,10690.351691,13.705495,10.684581,14.125635,18246.248245,340.583417,313.187092,0.022178,195.133684,,,,,,,,,,,,,,,,,,,,,,,,Idle,Burn,Idle,0,0,Idle,0,0,78.037101,0,78.037101,None,Continue,0,DeorbitReturn,,,,,,1,262.436707,262.436707,0,0,,,,,,,,,,,,,,1,0,0,0.50942,0.509422,0.58908,12876.961914,9496.694336,10690.351563
241.699995,-,0,0,0,None,Holding,0,313545.846592,7729.774068,7242.328623,3.50105,0,0,1452814.787518,7076.086737,0.035319,0,82.989493,17.128,0,,1,0,0,0,97.009966,17.128,5.69862,-0.097065,-1,-0.003396,12876.970656,9496.696628,326.506866,-24.402952,2.194879,10690.350849,13.70407,10.683054,14.124109,18246.290684,340.696447,313.206608,0.022106,195.130933,,,,,,,,,,,,,,,,,,,,,,,,Idle,Burn,Idle,0,0,Idle,0,0,78.037364,0,78.037364,None,Continue,0,DeorbitReturn,,,,,,1,261.957306,261.957306,0,0,,,,,,,,,,,,,,1,0,0,0.508608,0.508609,0.589081,12876.991211,9496.705078,10690.351563
241.959995,-,0,0,0,None,Holding,0,313546.301245,7729.745434,7242.299925,3.479797,0,0,1454609.540301,7075.062014,0.033265,0,67.616827,18.293584,0,,1,0,0,0,112.385387,18.293584,5.674955,-0.107149,-1,-0.003444,12876.992129,9496.705248,325.151001,-24.750038,1.86082,10690.349862,13.702093,10.681579,14.122061,18246.305466,340.596671,313.210371,0.02279,195.157413,,,,,,,,,,,,,,,,,,,,,,,,Idle,Burn,Idle,0,0,Idle,0,0,78.037623,0,78.037623,None,Continue,0,DeorbitReturn,,,,,,1,261.682098,261.682098,0,0,,,,,,,,,,,,,,1,0,0,0.507836,0.507838,0.589082,12877.003906,9496.710938,10690.349609
242.219995,-,0,0,0,None,Holding,0,313547.095939,7729.732159,7242.286587,3.577627,0,0,1456404.026242,7074.039675,0.03476,0,99.912121,19.067149,0,,1,0,0,0,80.088953,19.067149,5.65155,-0.1139,-1,-0.003467,12877.005176,9496.711424,323.809998,-24.916698,1.459314,10690.349715,13.700122,10.680102,14.120021,17828.580379,340.572732,313.191799,0.023061,195.167605,,,,,,,,,,,,,,,,,,,,,,,,Idle,Burn,Idle,0,0,Idle,0,0,78.037885,0,78.037885,None,Continue,0,DeorbitReturn,,,,,,1,261.192749,261.192749,0,0,,,,,,,,,,,,,,1,0,0,0.507065,0.507067,0.589083,12877.013672,9496.71582,10690.349609
242.479995,-,0,0,0,None,Holding,0,313548.462955,7729.782797,7242.337156,3.630893,0,0,1458198.593314,7072.960116,0.034067,0,122.076717,18.036565,0,,1,0,0,0,57.921187,18.036565,5.682952,-0.104872,-1,-0.003426,12877.029899,9496.720873,325.609192,-24.624336,-0.113107,10690.350516,13.698685,10.678576,14.118484,18246.36972,340.759949,313.184574,0.022572,195.148518,,,,,,,,,,,,,,,,,,,,,,,,Idle,Burn,Idle,0,0,Idle,0,0,78.038154,0,78.038154,None,Continue,0,DeorbitReturn,,,,,,1,260.927246,260.927246,0,0,,,,,,,,,,,,,,1,0,0,0.506252,0.506254,0.589083,12877.046875,9496.727539,10690.352539
242.739995,-,0,0,0,None,Holding,0,313549.599518,7729.827257,7242.381545,3.555717,0,0,1459993.446821,7071.9373,0.034441,0,92.54664,17.087466,0,,1,0,0,0,87.452078,17.087466,5.658762,-0.097006,-1,-0.003445,12877.045669,9496.727766,324.223145,-24.764204,-0.413904,10690.350873,13.696709,10.677103,14.116435,18246.388912,340.900806,313.202197,0.022303,195.137514,,,,,,,,,,,,,,,,,,,,,,,,Idle,Burn,Idle,0,0,Idle,0,0,78.038421,0,78.038421,None,Continue,0,DeorbitReturn,,,,,,1,260.438477,260.438477,0,0,,,,,,,,,,,,,,1,0,0,0.505481,0.505483,0.589084,12877.052734,9496.730469,10690.348633
242.979995,-,0,0,0,None,Holding,0,313550.126584,7729.813468,7242.36769,3.498469,0,0,1461778.985285,7070.871569,0.035213,0,66.274794,17.952197,0,,1,0,0,0,113.727,17.952197,5.676389,-0.104185,-1,-0.003424,12877.058458,9496.733797,325.233154,-24.61635,-1.678225,10690.350141,13.69516,10.675608,14.114795,21449.427724,340.845186,313.213502,0.022888,195.161695,,,,,,,,,,,,,,,,,,,,,,,,Idle,Burn,Idle,0,0,Idle,0,0,78.038682,0,78.038682,None,Continue,0,DeorbitReturn,,,,,,1,259.938171,259.938171,0,0,,,,,,,,,,,,,,1,0,0,0.504678,0.50468,0.589085,12877.077148,9496.742188,10690.350586
243.259995,-,0,0,0,None,Holding,0,313550.769442,7729.792298,7242.346457,3.575249,0,0,1463582.825763,7069.834448,0.033244,0,89.773186,19.067688,0,,1,0,0,0,90.228525,19.067688,5.665125,-0.113732,-1,-0.003423,12877.081863,9496.742384,324.587738,-24.6171,-2.213613,10690.34953,13.693282,10.674099,14.112839,18246.453285,340.789946,313.198756,0.023357,195.18047,,,,,,,,,,,,,,,,,,,,,,,,Idle,Burn,Idle,0,0,Idle,0,0,78.038945,0,78.038945,None,Continue,0,DeorbitReturn,,,,,,1,259.683167,259.683167,0,0,,,,,,,,,,,,,,1,0,0,0.503897,0.503899,0.589086,12877.091797,9496.746094,10690.347656
243.519995,-,0,0,0,None,Holding,0,313552.047561,7729.827775,7242.381866,3.656586,0,0,1465377.347456,7068.811633,0.034788,0,121.43343,18.421523,0,,1,0,0,0,58.565176,18.421523,5.640541,-0.108441,-1,-0.003439,12877.096009,9496.748433,323.179199,-24.734152,-2.474704,10690.350315,13.691301,10.672626,14.110789,18246.468544,340.930589,313.185362,0.022961,195.164265,,,,,,,,,,,,,,,,,,,,,,,,Idle,Burn,Idle,0,0,Idle,0,0,78.039214,0,78.039214,None,Continue,0,DeorbitReturn,,,,,,1,259.194153,259.194153,0,0,,,,,,,,,,,,,,1,0,0,0.503127,0.503129,0.589086,12877.103516,9496.75,10690.349609
243.779995,-,0,0,0,None,Holding,0,313553.333362,7729.886085,7242.440104,3.611629,0,0,1467172.153951,7067.732073,0.034219,0,102.84566,17.204621,0,,1,0,0,0,77.152473,17.204621,5.670988,-0.097847,-1,-0.003392,12877.118405,9496.756915,324.923645,-24.39489,-3.919519,10690.350542,13.689855,10.671097,14.109241,18246.519685,341.124909,313.197774,0.022521,195.145383,,,,,,,,,,,,,,,,,,,,,,,,Idle,Burn,Idle,0,0,Idle,0,0,78.039485,0,78.039485,None,Continue,0,DeorbitReturn,,,,,,1,258.682861,258.682861,0,0,,,,,,,,,,,,,,1,0,0,0.502313,0.502315,0.589086,12877.136719,9496.764648,10690.351563
244.039995,-,0,0,0,None,Holding,0,313553.989092,7729.88316,7242.43711,3.533262,0,0,1468967.047237,7066.707827,0.034182,0,68.823223,17.630023,0,,1,0,0,0,111.177829,17.630023,5.645753,-0.101655,-1,-0.003429,12877.134105,9496.763269,323.477814,-24.669682,-4.095349,10690.350501,13.68786,10.669619,14.107179,18246.530533,341.102562,313.213662,0.022933,195.163487,,,,,,,,,,,,,,,,,,,,,,,,Idle,Burn,Idle,0,0,Idle,0,0,78.03975,0,78.03975,None,Continue,0,DeorbitReturn,,,,,,1,258.407318,258.407318,0,0,,,,,,,,,,,,,,1,0,0,0.501542,0.501544,0.589087,12877.140625,9496.764648,10690.348633
244.299995,-,0,0,0,None,Holding,0,313554.521684,7729.851932,7242.405818,3.578593,0,0,1470761.677833,7065.655924,0.035002,0,79.969098,18.928459,0,,1,0,0,0,100.033094,18.928459,5.64859,-0.112631,-1,-0.003424,12877.146831,9496.768875,323.640381,-24.633873,-4.937012,10690.350086,13.686171,10.668137,14.105404,21449.570537,341.006679,313.204568,0.023581,195.191055,,,,,,,,,,,,,,,,,,,,,,,,Idle,Burn,Idle,0,0,Idle,0,0,78.040013,0,78.040013,None,Continue,0,DeorbitReturn,,,,,,1,257.948029,257.948029,0,0,,,,,,,,,,,,,,1,0,0,0.500749,0.500751,0.589088,12877.162109,9496.775391,10690.350586
244.559995,-,0,0,0,None,Holding,0,313555.66025,7729.87231,7242.426131,3.675967,0,0,1472556.177527,7064.603545,0.033716,0,116.357501,18.775952,0,,1,0,0,0,63.642002,18.775952,5.650541,-0.111307,-1,-0.003416,12877.171598,9496.778127,323.752167,-24.578382,-5.701656,10690.350199,13.684421,10.666613,14.103568,18246.596098,341.098554,313.18741,0.023412,195.183814,,,,,,,,,,,,,,,,,,,,,,,,Idle,Burn,Idle,0,0,Idle,0,0,78.040283,0,78.040283,None,Continue,0,DeorbitReturn,,,,,,1,257.681488,257.681488,0,0,,,,,,,,,,,,,,1,0,0,0.499956,0.499958,0.589088,12877.18457,9496.783203,10690.351563
244.819995,-,0,0,0,None,Holding,0,313557.04472,7729.931012,7242.48476,3.661118,0,0,1474350.91751,7063.580729,0.034624,0,112.414911,17.475844,0,,1,0,0,0,67.582787,17.475844,5.625076,-0.100483,-1,-0.003426,12877.184914,9496.783391,322.293121,-24.653252,-5.844598,10690.350271,13.682431,10.665138,14.101509,18246.614456,341.300132,313.193973,0.022843,195.158472,,,,,,,,,,,,,,,,,,,,,,,,Idle,Burn,Idle,0,0,Idle,0,0,78.040557,0,78.040557,None,Continue,0,DeorbitReturn,,,,,,1,257.192139,257.192139,0,0,,,,,,,,,,,,,,1,0,0,0.499186,0.499188,0.589088,12877.196289,9496.789063,10690.353516
245.079995,-,0,0,0,None,Holding,0,313557.87571,7729.952728,7242.506405,3.572494,0,0,1476145.843492,7062.50117,0.034758,0,75.541366,17.363989,0,,1,0,0,0,104.458772,17.363989,5.654835,-0.099271,-1,-0.003372,12877.205894,9496.791041,323.998199,-24.274948,-7.193365,10690.350112,13.680973,10.663607,14.099953,18246.661782,341.360457,313.212999,0.022994,195.165522,,,,,,,,,,,,,,,,,,,,,,,,Idle,Burn,Idle,0,0,Idle,0,0,78.040825,0,78.040825,None,Continue,0,DeorbitReturn,,,,,,1,256.711121,256.711121,0,0,,,,,,,,,,,,,,1,0,0,0.498373,0.498375,0.589089,12877.22168,9496.797852,10690.349609
245.339995,-,0,0,0,None,Holding,0,313558.353101,7729.919271,7242.472883,3.582254,0,0,1477940.572204,7061.476924,0.033848,0,71.663279,18.66261,0,,1,0,0,0,108.339114,18.66261,5.628833,-0.110485,-1,-0.003405,12877.222439,9496.796951,322.508392,-24.510086,-7.254255,10690.349193,13.678976,10.662131,14.097885,18246.673703,341.250086,313.21065,0.023695,195.197195,,,,,,,,,,,,,,,,,,,,,,,,Idle,Burn,Idle,0,0,Idle,0,0,78.04109,0,78.04109,None,Continue,0,DeorbitReturn,,,,,,1,256.466003,256.466003,0,0,,,,,,,,,,,,,,1,0,0,0.497601,0.497603,0.58909,12877.232422,9496.801758,10690.349609
245.599995,-,0,0,0,None,Holding,0,313559.315417,7729.920288,7242.473835,3.687401,0,0,1479735.080845,7060.424544,0.035106,0,107.673772,19.069017,0,,1,0,0,0,72.326691,19.069017,5.630969,-0.113898,-1,-0.003394,12877.236052,9496.802941,322.630737,-24.435694,-7.973246,10690.34985,13.677276,10.660648,14.096102,21449.719846,341.276863,313.191212,0.023785,195.201141,,,,,,,,,,,,,,,,,,,,,,,,Idle,Burn,Idle,0,0,Idle,0,0,78.04136,0,78.04136,None,Continue,0,DeorbitReturn,,,,,,1,255.975723,255.975723,0,0,,,,,,,,,,,,,,1,0,0,0.496808,0.49681,0.58909,12877.25293,9496.80957,10690.351563
245.859995,-,0,0,0,None,Holding,0,313560.73444,7729.976282,7242.529758,3.713347,0,0,1481529.748304,7059.374072,0.033856,0,119.563781,17.852603,0,,1,0,0,0,60.433836,17.852603,5.632329,-0.103563,-1,-0.003355,12877.259876,9496.810783,322.708649,-24.161198,-8.5862,10690.350669,13.675523,10.659126,14.094264,18246.74058,341.477198,313.189638,0.023224,195.175295,,,,,,,,,,,,,,,,,,,,,,,,Idle,Burn,Idle,0,0,Idle,0,0,78.041636,0,78.041636,None,Continue,0,DeorbitReturn,,,,,,1,255.464523,255.464523,0,0,,,,,,,,,,,,,,1,0,0,0.496017,0.496019,0.58909,12877.271484,9496.814453,10690.351563
246.119994,-,0,0,0,None,Holding,0,313561.76455,7730.011362,7242.564765,3.625059,0,0,1483324.672245,7058.35364,0.03525,0,85.195331,17.218572,0,,1,0,0,0,94.80392,17.218572,5.60632,-0.098396,-1,-0.003335,12877.27206,9496.814005,321.218506,-24.020878,-8.566806,10690.350556,13.67353,10.657656,14.092201,18246.756077,341.58342,313.209343,0.023109,195.169799,,,,,,,,,,,,,,,,,,,,,,,,Idle,Burn,Idle,0,0,Idle,0,0,78.041909,0,78.041909,None,Continue,0,DeorbitReturn,,,,,,1,255.219315,255.219315,0,0,,,,,,,,,,,,,,1,0,0,0.495248,0.49525,0.589091,12877.279297,9496.81543,10690.351563
246.379994,-,0,0,0,None,Holding,0,313562.263457,7729.990908,7242.544244,3.588907,0,0,1485119.498303,7057.275511,0.034573,0,66.676315,18.310275,0,,1,0,0,0,113.32591,18.310275,5.635802,-0.107385,-1,-0.003252,12877.292231,9496.820735,322.907684,-23.426218,-9.694851,10690.349648,13.672073,10.656126,14.090646,18246.801496,341.508989,313.216337,0.023768,195.20128,,,,,,,,,,,,,,,,,,,,,,,,Idle,Burn,Idle,0,0,Idle,0,0,78.042176,0,78.042176,None,Continue,0,DeorbitReturn,,,,,,1,254.678696,254.678696,0,0,,,,,,,,,,,,,,1,0,0,0.494436,0.494438,0.589092,12877.308594,9496.825195,10690.347656
246.639994,-,0,0,0,None,Holding,0,313563.039928,7729.973854,7242.527126,3.682373,0,0,1486914.053208,7056.250788,0.033289,0,96.514543,19.21016,0,,1,0,0,0,83.486769,19.21016,5.609508,-0.115215,-1,-0.003279,12877.310232,9496.826072,321.401123,-23.624746,-9.470166,10690.350013,13.670071,10.65465,14.088575,18246.819139,341.471247,313.198517,0.024093,195.21635,,,,,,,,,,,,,,,,,,,,,,,,Idle,Burn,Idle,0,0,Idle,0,0,78.042446,0,78.042446,None,Continue,0,DeorbitReturn,,,,,,1,254.433411,254.433411,0,0,,,,,,,,,,,,,,1,0,0,0.493664,0.493666,0.589092,12877.319336,9496.830078,10690.351563
246.899994,-,0,0,0,None,Holding,0,313564.407389,7730.020726,7242.573926,3.748375,0,0,1488708.653277,7055.185057,0.035481,0,122.388339,18.302421,0,,1,0,0,0,57.60969,18.302421,5.625301,-0.107379,-1,-0.003242,12877.323741,9496.830305,322.30603,-23.360025,-10.211319,10690.349631,13.6685,10.653152,14.086913,21449.873865,341.648137,313.188654,0.023608,195.193283,,,,,,,,,,,,,,,,,,,,,,,,Idle,Burn,Idle,0,0,Idle,0,0,78.042723,0,78.042723,None,Continue,0,DeorbitReturn,,,,,,1,253.942749,253.942749,0,0,,,,,,,,,,,,,,1,0,0,0.492861,0.492863,0.589091,12877.337891,9496.833984,10690.347656
247.159994,-,0,0,0,None,Holding,0,313565.629138,7730.070458,7242.623585,3.681143,0,0,1490503.541689,7054.146983,0.033837,0,96.54917,17.243937,0,,1,0,0,0,83.449266,17.243937,5.612646,-0.098507,-1,-0.003246,12877.348307,9496.83823,321.580933,-23.390902,-10.233351,10690.350679,13.666608,10.651642,14.084944,18246.883869,341.808757,313.20502,0.023274,195.176594,,,,,,,,,,,,,,,,,,,,,,,,Idle,Burn,Idle,0,0,Idle,0,0,78.042999,0,78.042999,None,Continue,0,DeorbitReturn,,,,,,1,253.430466,253.430466,0,0,,,,,,,,,,,,,,1,0,0,0.492079,0.492081,0.589091,12877.358398,9496.841797,10690.351563
247.419994,-,0,0,0,None,Holding,0,313566.230766,7730.057845,7242.610903,3.616189,0,0,1492298.449899,7053.12226,0.034695,0,66.680888,17.93707,0,,1,0,0,0,113.320678,17.93707,5.586582,-0.104582,-1,-0.003272,12877.360288,9496.842158,320.087555,-23.583353,-9.965457,10690.35012,13.664606,10.650165,14.082873,18246.900558,341.755769,313.217903,0.023801,195.20318,,,,,,,,,,,,,,,,,,,,,,,,Idle,Burn,Idle,0,0,Idle,0,0,78.04327,0,78.04327,None,Continue,0,DeorbitReturn,,,,,,1,253.185074,253.185074,0,0,,,,,,,,,,,,,,1,0,0,0.491307,0.491309,0.589092,12877.368164,9496.845703,10690.350586
