met_s,mission_phase,mode_index,mode_holding,mode_flying,gate_id,gate_phase,crew_action,alt_m,speed_mps,srf_speed_mps,vspeed_mps,q_pa,mach,downrange_m,mass_kg,accel_g,thrust_n,att_err_deg,rate_cmd_rads,throttle,torque_cmd,rcs_on,trans_x,trans_y,trans_z,att_point_deg,att_rate_cmd,att_rate_meas,act_pitch,act_yaw,act_roll,ctrl_tq_pitch,ctrl_tq_yaw,rate_pitch_dps,rate_roll_dps,rate_yaw_dps,ctrl_tq_roll,moi_pitch,moi_roll,moi_yaw,rcs_thrust_n,ap_km,pe_km,inc_deg,raan_deg,ullage_stab,clamp_frac,clamp_held,upfg_tgo_s,upfg_vgo_mps,pitch_deg,azimuth_deg,ascent_phase,boost_phase,boost_aoa_deg,engine_mode,ignite_alt_m,descent_speed_mps,rv_phase,lvlh_rx,lvlh_ry,lvlh_rz,rv_range_m,rv_burn_dv,dock_phase,dock_range_m,close_speed_mps,dock_hold,dep_phase,deorbit_phase,entry_phase,bank_deg,com_descent_mode,chute_phase,drogue,main,dv_planned_mps,dv_delivered_mps,dv_residual_mps,fdir_fault,fdir_recovery,fdir_abort,abort_mode,cal_thrust_n,cal_beta,cal_invI,cal_ld,steer_sign,ker_avail,ker_remain_dv,ker_final_dv,ker_cur_twr,ker_cur_thrust_n,steer_loss_mps,grav_loss_mps,drag_loss_mps,cal_kaero,cal_kaero_p,qalpha_cap_deg,aero_ang_accel,aoa_signed_deg,rcsbal_torque_naive,rcsbal_torque_resid,rcsbal_force_frac,cc_dsigma_deg,cc_slope_m_per_rad,warp_rate,eng_ignited,eng_flameout,mmh_frac,nto_frac,skin_temp_frac,rcs_geo_pitch,rcs_geo_yaw,rcs_geo_roll,app_pitch,app_yaw,app_roll,app_tx,app_ty,app_tz,rcs_pulse_att,rcs_pulse_trans,acc_int_s,acc_att_s,acc_trans_s,acc_both_s,acc_none_s,acc_att_imp,acc_trans_imp,acc_both_imp,acc_req_att,acc_app_att,acc_req_trans,acc_app_trans
0,-,0,0,0,,,,58643.852878,2164.16978,1900.923676,1005.252821,0,0,,85121.575654,0,0,2.122211,-0.021788,0,,1,0,0,0,177.8778,-0.021788,-0.010334,1,-1,0.008862,398.981421,335.697027,-0.592109,0.111706,0.351349,266.384937,15230.897461,151.738617,15230.90332,92969.0063,114.807245,-6174.771721,46.4522,354.772818,1,,0,,,,,,EntryBurn,0,0,3510.489099,-1005.252822,,,,,,,,,,,,,,,,,,,,,,,,0,None,,,,,,,,,,,,,,,,,,,,,,,,1,0,0,,,0.530488,,,,,,,,,,,,,,,,,,,,,,,
0.24,-,0,0,0,,,,58904.76192,2162.142742,1898.725293,1002.42327,663.204904,5.988852,,85114.096224,0.775983,0,2.171787,-0.022028,0,,1,0,0,0,177.828218,-0.022028,-0.009915,1,-1,0.024867,398.339513,335.530509,-0.568085,0.313635,0.271766,266.585515,15226.681641,151.760925,15226.740234,301255.722046,114.751472,-6174.925283,46.449617,354.769689,1,,0,,,,,,EntryBurn,0,0,3507.294843,-1002.42327,,,,,,,,,,,,,,,,,,,,,,,,0,None,,,,,,,,,,,,,,,,,,,,,,,,1,0,0,,,0.531494,,,,,,,,,,,,,,,,,,,,,,,
0.52,-,0,0,0,,,,59164.977778,2160.997025,1897.414682,1000.035091,641.628908,5.994101,,85106.440008,0.136246,0,2.376927,-0.023038,0,,1,0,0,0,177.62306,-0.023038,-0.02252,0.158379,1,0.062937,397.081303,334.155444,-1.290298,0.792847,0.061647,266.24287,15222.675781,151.746048,15222.719727,308349.318504,114.748198,-6174.91833,46.449371,354.769299,1,,0,,,,,,EntryBurn,0,0,3504.495891,-1000.035091,,,,,,,,,,,,,,,,,,,,,,,,0,None,,,,,,,,,,,,,,,,,,,,,,,,1,0,0,,,0.533447,,,,,,,,,,,,,,,,,,,,,,,
0.76,-,0,0,0,,,,59424.563936,2159.854596,1896.107282,997.655701,620.865029,5.999971,,85098.37538,0.016296,0,2.438935,-0.023289,0,,1,0,0,0,177.561056,-0.023289,-0.018622,1,-1,0.061081,395.546733,333.842389,-1.066938,0.772022,0.781517,267.08999,15219.280273,151.72496,15219.257813,303591.156006,114.745887,-6174.912085,46.448978,354.768894,1,,0,,,,,,EntryBurn,0,0,3501.676594,-997.655701,,,,,,,,,,,,,,,,,,,,,,,,0,None,,,,,,,,,,,,,,,,,,,,,,,,1,0,0,,,0.534857,,,,,,,,,,,,,,,,,,,,,,,
1.04,-,0,0,0,,,,59683.513607,2158.715723,1894.802476,995.294491,600.759398,6.005889,,85090.338647,0.017496,0,2.795308,-0.025004,0,,1,0,0,0,177.204702,-0.025004,-0.018386,1,-1,0.045891,397.116789,331.984733,-1.053439,0.580303,0.153535,267.175103,15216.192383,151.69957,15216.222656,302707.519531,114.745557,-6174.907508,46.448155,354.767785,1,,0,,,,,,EntryBurn,0,0,3498.871402,-995.29449,,,,,,,,,,,,,,,,,,,,,,,,0,None,,,,,,,,,,,,,,,,,,,,,,,,1,0,0,,,0.536173,,,,,,,,,,,,,,,,,,,,,,,
1.3,-,0,0,0,,,,59941.838973,2157.579288,1893.498977,992.919796,581.280756,6.011841,,85082.976997,0.019135,0,3.097572,-0.02608,0,,1,0,0,0,176.902447,-0.02608,-0.034682,-1,-1,0.098412,392.108546,332.973472,-1.987158,1.259358,1.422945,270.290667,15209.742188,151.65329,15209.751953,280542.640686,114.743734,-6174.901387,46.447331,354.766759,1,,0,,,,,,EntryBurn,0,0,3496.08849,-992.919796,,,,,,,,,,,,,,,,,,,,,,,,0,None,,,,,,,,,,,,,,,,,,,,,,,,1,0,0,,,0.537359,,,,,,,,,,,,,,,,,,,,,,,
1.54,-,0,0,0,,,,60199.526608,2156.439764,1892.193319,990.552353,562.403319,6.017809,,85075.13231,0.018475,0,3.457857,-0.027385,0,,1,0,0,0,176.542152,-0.027385,-0.02492,0.76425,-1,0.146789,391.250537,332.834778,-1.427821,1.899074,0.994131,273.245586,15204.588867,151.643814,15204.604492,304357.409477,114.742662,-6174.89731,46.446495,354.765802,1,,0,,,,,,EntryBurn,0,0,3493.279962,-990.552354,,,,,,,,,,,,,,,,,,,,,,,,0,None,,,,,,,,,,,,,,,,,,,,,,,,1,0,0,,,0.536965,,,,,,,,,,,,,,,,,,,,,,,
1.82,-,0,0,0,,,,60456.670345,2155.337289,1890.944135,988.288166,544.135288,6.023907,,85067.091286,0.023227,0,3.740074,-0.028035,0,,1,0,0,0,176.259937,-0.028035,-0.014694,1,-1,0.159078,384.475256,332.276437,-0.841892,2.076477,0.444342,275.765437,15200.070313,151.685425,15200.134766,303919.258118,114.752982,-6174.8962,46.447669,354.767181,1,,0,,,,,,EntryBurn,0,0,3490.553028,-988.288166,,,,,,,,,,,,,,,,,,,,,,,,0,None,,,,,,,,,,,,,,,,,,,,,,,,1,0,0,,,0.538138,,,,,,,,,,,,,,,,,,,,,,,
2.08,-,0,0,0,,,,60713.181459,2153.766207,1889.194378,985.639799,526.395712,6.029756,,85059.022844,0.118103,0,3.926438,-0.028341,0,,1,0,0,0,176.073572,-0.028341,-0.025722,0.841346,-1,0.191921,377.522373,331.988071,-1.473769,2.525378,0.769541,277.870317,15199.006836,151.62085,15199.047852,302592.597008,114.719584,-6174.964988,46.445041,354.763907,1,,0,,,,,,EntryBurn,0,0,3487.45576,-985.639799,,,,,,,,,,,,,,,,,,,,,,,,0,None,,,,,,,,,,,,,,,,,,,,,,,,1,0,0,,,0.53891,,,,,,,,,,,,,,,,,,,,,,,
2.32,-,0,0,0,,,,60968.937978,2149.998032,1885.269404,982.126663,508.226694,6.029665,,85050.979674,0.781873,0,4.035827,-0.028669,0,,1,0,0,0,175.964179,-0.028669,-0.009135,1,-1,0.123777,372.775356,332.038999,-0.523377,1.638872,0.337752,279.527608,15193.552734,151.579193,15193.582031,303613.572121,114.583722,-6175.461234,46.439584,354.757191,0.25,,0,,,,,,EntryBurn,0,0,3483.530342,-982.126663,,,,,,,,,,,,,,,,,,,,,,,,0,None,,,,,,,,,,,,,,,,,,,,,,,,1,0,0,,,0.540024,,,,,,,,,,,,,,,,,,,,,,,
2.6,-,0,0,0,,,,61223.522369,2146.107026,1881.138037,978.131607,490.202652,6.026544,,85043.113053,1.116331,0,4.673332,-0.030054,0,,1,0,0,0,175.32667,-0.030054,-0.070831,-1,1,0.288239,359.32928,331.774297,-4.05831,3.843469,2.814989,281.592477,15191.37207,151.624634,15191.451172,301696.667671,114.395879,-6175.934404,46.42625,354.740483,0.25,,0,,,,,,EntryBurn,0,0,3479.142933,-978.131608,,,,,,,,,,,,,,,,,,,,,,,,0,None,,,,,,,,,,,,,,,,,,,,,,,,1,0,0,,,0.54112,,,,,,,,,,,,,,,,,,,,,,,
2.86,-,0,0,0,,,,61476.536817,2142.299139,1877.063554,973.968965,472.826717,6.023373,,85034.807742,1.109331,0,6.953164,-0.032903,0,,1,0,0,0,173.046837,-0.032903,-0.205028,-1,1,0.724248,292.650172,327.711354,-11.747226,9.741171,6.201124,283.861026,15187.313477,151.531097,15187.318359,327465.567589,114.191195,-6176.37014,46.411759,354.7224,0.25,,0,,,,,,EntryBurn,0,0,3474.55367,-973.968964,,,,,,,,,,,,,,,,,,,,,,,,0,None,,,,,,,,,,,,,,,,,,,,,,,,1,0,0,,,0.543868,,,,,,,,,,,,,,,,,,,,,,,
3.1,-,0,0,0,,,,61727.782577,2139.766841,1874.304342,970.592327,456.257162,6.021337,,85026.021302,0.771744,0,11.519436,-0.028159,0,,1,0,0,0,168.480575,-0.028159,-0.300025,-1,1,1,213.748217,319.021141,-17.190142,15.920141,8.527877,292.011611,15181.55957,151.532455,15181.605469,332759.90963,114.076475,-6176.589829,46.403426,354.712079,0.25,,0,,,,,,EntryBurn,0,0,3470.678309,-970.592327,,,,,,,,,,,,,,,,,,,,,,,,0,None,,,,,,,,,,,,,,,,,,,,,,,,1,0,0,,,0.542722,,,,,,,,,,,,,,,,,,,,,,,
3.36,-,0,0,0,,,,61978.247636,2138.637553,1873.02153,968.258054,441.307749,6.026418,,85017.198384,0.049226,0,16.389226,-0.02618,0,,1,0,0,0,163.610779,-0.02618,-0.299232,-1,1,1,155.328014,310.573885,-17.144714,16.223837,8.126552,315.512273,15175.724609,151.529129,15175.789063,332755.651474,114.07894,-6176.590978,46.404159,354.712996,0.25,,0,,,,,,EntryBurn,0,0,3467.798847,-968.258053,,,,,,,,,,,,,,,,,,,,,,,,0,None,,,,,,,,,,,,,,,,,,,,,,,,1,0,0,,,0.539977,,,,,,,,,,,,,,,,,,,,,,,
3.64,-,0,0,0,,,,62228.120424,2137.511266,1871.740063,965.910578,426.934587,6.032155,,85008.374631,0.012903,0,21.066589,-0.02618,0,,1,0,0,0,158.933421,-0.02618,-0.29124,-1,1,1,103.980148,300.684867,-16.68684,16.675018,6.613764,329.844192,15170.68457,151.521362,15170.709961,332923.092842,114.079978,-6176.590514,46.404802,354.713715,0.25,,0,,,,,,EntryBurn,0,0,3464.901881,-965.910578,,,,,,,,,,,,,,,,,,,,,,,,0,None,,,,,,,,,,,,,,,,,,,,,,,,1,0,0,,,0.538118,,,,,,,,,,,,,,,,,,,,,,,
3.9,-,0,0,0,,,,62477.428812,2136.384289,1870.456039,963.547061,413.020032,6.037861,,84999.549448,0.010137,0,25.753407,-0.02618,0,,1,0,0,0,154.246614,-0.02618,-0.298642,-1,1,1,70.807675,290.68291,-17.110945,16.903587,6.497879,337.212069,15166.708008,151.43631,15166.69043,333031.396866,114.07928,-6176.589014,46.405326,354.71437,0.260923,,0,,,,,,EntryBurn,0,0,3461.984778,-963.547061,,,,,,,,,,,,,,,,,,,,,,,,0,None,,,,,,,,,,,,,,,,,,,,,,,,1,0,0,,,0.536831,,,,,,,,,,,,,,,,,,,,,,,
4.14,-,0,0,0,,,,62726.166566,2135.254819,1869.167535,961.166935,399.549961,6.043526,,84990.725815,0.011113,0,30.265863,-0.02618,0,,1,0,0,0,149.734153,-0.02618,-0.293786,-1,1,1,170.819532,281.114566,-16.832687,17.591381,4.892235,261.986386,15163.12207,151.447281,15163.138672,332938.542366,114.076785,-6176.586856,46.405706,354.714928,0.463409,,0,,,,,,EntryBurn,0,0,3459.046968,-961.166935,,,,,,,,,,,,,,,,,,,,,,,,0,None,,,,,,,,,,,,,,,,,,,,,,,,1,0,0,,,0.536499,,,,,,,,,,,,,,,,,,,,,,,
4.42,-,0,0,0,,,,62974.326271,2134.120191,1867.871886,958.769824,386.510241,6.049142,,84981.901705,0.015394,0,34.704218,-0.039226,0,,1,0,0,0,145.295797,-0.039226,-0.294426,-1,1,1,297.296389,273.554466,-16.869394,17.716555,4.388145,146.451613,15158.162109,151.408829,15158.197266,332802.534103,114.072445,-6176.58464,46.405922,354.715115,0.672476,,0,,,,,,EntryBurn,0,0,3456.087538,-958.769825,,,,,,,,,,,,,,,,,,,,,,,,0,None,,,,,,,,,,,,,,,,,,,,,,,,1,0,0,,,0.537444,,,,,,,,,,,,,,,,,,,,,,,
4.68,-,0,0,0,,,,63221.940049,2132.977781,1866.56671,956.35587,373.886021,6.0547,,84973.07688,0.021155,0,39.083171,-0.044726,0,,1,0,0,0,140.916841,-0.044726,-0.286377,-1,1,1,338.850937,267.940692,-16.408203,18.083376,3.49582,99.302001,15152.458984,151.405472,15152.496094,332985.019684,114.066286,-6176.583007,46.40599,354.715199,0.879773,,0,,,,,,EntryBurn,0,0,3453.106437,-956.35587,,,,,,,,,,,,,,,,,,,,,,,,0,None,,,,,,,,,,,,,,,,,,,,,,,,1,0,0,,,0.538491,,,,,,,,,,,,,,,,,,,,,,,
4.94,-,0,0,0,,,,63468.983462,2131.825618,1865.250219,953.925793,361.664542,6.060191,,84964.252532,0.027304,0,43.257694,-0.046938,0,,1,0,0,0,136.742302,-0.046938,-0.279662,-1,1,1,355.503817,263.944031,-16.023428,18.237488,2.835739,112.734733,15147.880859,151.331085,15147.885742,332892.961502,114.058375,-6176.582508,46.405912,354.715102,1,,0,,,,,,EntryBurn,0,0,3450.10427,-953.925793,,,,,,,,,,,,,,,,,,,,,,,,0,None,,,,,,,,,,,,,,,,,,,,,,,,1,0,0,,,0.539422,,,,,,,,,,,,,,,,,,,,,,,
5.18,-,0,0,0,,,,63715.463103,2130.662334,1863.921323,951.480762,349.831784,6.06561,,84955.420196,0.033484,0,47.459443,-0.047849,0,,1,0,0,0,132.540558,-0.047849,-0.279466,-1,1,1,362.308432,261.45021,-16.012209,18.541979,2.154871,150.268524,15143.842773,151.404495,15143.821289,332805.64785,114.048844,-6176.583596,46.405705,354.714927,1,,0,,,,,,EntryBurn,0,0,3447.081892,-951.480762,,,,,,,,,,,,,,,,,,,,,,,,0,None,,,,,,,,,,,,,,,,,,,,,,,,1,0,0,,,0.54006,,,,,,,,,,,,,,,,,,,,,,,
5.44,-,0,0,0,,,,63961.38292,2129.487267,1862.579714,949.022467,338.375071,6.070953,,84946.595609,0.039384,0,51.459791,-0.047932,0,,1,0,0,0,128.540218,-0.047932,-0.276911,-1,1,1,362.814876,260.390248,-15.865806,18.825834,0.868011,193.912888,15138.705078,151.304901,15138.772461,332716.765404,114.037878,-6176.586613,46.405399,354.714545,1,,0,,,,,,EntryBurn,0,0,3444.041589,-949.022466,,,,,,,,,,,,,,,,,,,,,,,,0,None,,,,,,,,,,,,,,,,,,,,,,,,1,0,0,,,0.541566,,,,,,,,,,,,,,,,,,,,,,,
5.72,-,0,0,0,,,,64206.748483,2128.299687,1861.224935,946.552311,327.280805,6.076218,,84937.769473,0.044977,0,55.401791,-0.047276,0,,1,0,0,0,124.59822,-0.047276,-0.265942,-1,1,1,357.733835,260.691156,-15.237377,19.62294,0.170511,237.232096,15133.90918,151.345795,15133.913086,332771.725655,114.025626,-6176.591882,46.405012,354.713977,1,,0,,,,,,EntryBurn,0,0,3440.983836,-946.552312,,,,,,,,,,,,,,,,,,,,,,,,0,None,,,,,,,,,,,,,,,,,,,,,,,,1,0,0,,,0.543198,,,,,,,,,,,,,,,,,,,,,,,
5.98,-,0,0,0,,,,64451.550571,2127.100434,1859.858198,944.072573,316.537024,6.081406,,84928.943098,0.050006,0,59.315251,-0.045138,0,,1,0,0,0,120.684739,-0.045138,-0.27032,-1,1,1,341.456141,257.439917,-15.488187,19.733133,-0.733827,277.164955,15129.442383,151.333054,15129.453125,333120.293617,114.012344,-6176.59945,46.404579,354.713436,1,,0,,,,,,EntryBurn,0,0,3437.910828,-944.072573,,,,,,,,,,,,,,,,,,,,,,,,0,None,,,,,,,,,,,,,,,,,,,,,,,,1,0,0,,,0.544948,,,,,,,,,,,,,,,,,,,,,,,
6.22,-,0,0,0,,,,64695.785339,2125.889415,1858.479662,941.584743,306.137664,6.086583,,84920.118153,0.054607,0,63.126539,-0.040858,0,,1,0,0,0,116.873446,-0.040858,-0.262973,-1,-0.691396,1,309.016017,254.398701,-15.067266,20.256653,-2.010725,311.304513,15126.292969,151.307465,15126.293945,332743.353844,113.998185,-6176.609496,46.404122,354.712946,1,,0,,,,,,EntryBurn,0,0,3434.824023,-941.584744,,,,,,,,,,,,,,,,,,,,,,,,0,None,,,,,,,,,,,,,,,,,,,,,,,,1,0,0,,,0.546792,,,,,,,,,,,,,,,,,,,,,,,
6.5,-,0,0,0,,,,64939.481129,2124.68435,1857.106618,939.13164,296.0869,6.091929,,84911.569893,0.050954,0,66.818402,-0.033636,0,,1,0,0,0,113.181594,-0.033636,-0.251223,-1,-1,1,254.295549,257.098574,-14.394026,20.338684,-2.186571,387.92302,15120.543945,151.227524,15120.584961,332674.93248,113.987661,-6176.622311,46.40311,354.711597,1,,0,,,,,,EntryBurn,0,0,3431.782306,-939.13164,,,,,,,,,,,,,,,,,,,,,,,,0,None,,,,,,,,,,,,,,,,,,,,,,,,1,0,0,,,0.54872,,,,,,,,,,,,,,,,,,,,,,,
6.76,-,0,0,0,,,,65182.66086,2123.485465,1855.740209,936.702014,286.372918,6.097475,,84903.196394,0.045609,0,70.396279,-0.026765,0,,1,0,0,0,109.603721,-0.026765,-0.257325,-1,-1,0.95053,202.28749,261.925547,-14.743623,19.014925,-2.6657,421.323977,15116.085938,151.219299,15116.116211,315588.707924,113.979593,-6176.636651,46.401859,354.710031,1,,0,,,,,,EntryBurn,0,0,3428.768271,-936.702015,,,,,,,,,,,,,,,,,,,,,,,,0,None,,,,,,,,,,,,,,,,,,,,,,,,1,0,0,,,0.550706,,,,,,,,,,,,,,,,,,,,,,,
7,-,0,0,0,,,,65425.341668,2122.284175,1854.372459,934.271724,276.981718,6.103182,,84894.853532,0.04564,0,73.867381,-0.02618,0,,1,0,0,0,106.132618,-0.02618,-0.246709,-1,-1,0.965364,177.425593,267.574955,-14.135357,19.171608,-2.797522,418.234291,15111.378906,151.20694,15111.357422,314719.099998,113.971442,-6176.652021,46.400738,354.708711,1,,0,,,,,,EntryBurn,0,0,3425.749531,-934.271724,,,,,,,,,,,,,,,,,,,,,,,,0,None,,,,,,,,,,,,,,,,,,,,,,,,1,0,0,,,0.55272,,,,,,,,,,,,,,,,,,,,,,,
7.28,-,0,0,0,,,,65667.518161,2121.081995,1853.004967,931.841395,267.902037,6.109033,,84886.495769,0.045583,0,77.203988,-0.026631,0,,1,0,0,0,102.796021,-0.026631,-0.237125,-1,-1,0.972807,201.158203,273.607511,-13.586288,18.60622,-3.088655,402.669191,15107.09082,151.159973,15107.108398,315750.184059,113.963281,-6176.668131,46.399764,354.707409,1,,0,,,,,,EntryBurn,0,0,3422.724086,-931.841395,,,,,,,,,,,,,,,,,,,,,,,,0,None,,,,,,,,,,,,,,,,,,,,,,,,1,0,0,,,0.554742,,,,,,,,,,,,,,,,,,,,,,,
7.52,-,0,0,0,,,,65909.181529,2119.880511,1851.639236,929.411575,259.124102,6.115016,,84878.145993,0.045254,0,80.421849,-0.031383,0,,1,0,0,0,99.57816,-0.031383,-0.234647,-1,-1,0.959119,236.968666,279.936329,-13.444278,17.360655,-3.667407,381.111227,15101.885742,151.17421,15101.93457,315870.79525,113.955174,-6176.684666,46.39893,354.706447,1,,0,,,,,,EntryBurn,0,0,3419.694341,-929.411575,,,,,,,,,,,,,,,,,,,,,,,,0,None,,,,,,,,,,,,,,,,,,,,,,,,1,0,0,,,0.556752,,,,,,,,,,,,,,,,,,,,,,,
7.8,-,0,0,0,,,,66150.337935,2118.68072,1850.276271,926.982381,250.637823,6.121121,,84869.792879,0.044706,0,83.388547,-0.036169,0,,1,0,0,0,96.611455,-0.036169,-0.231767,-1,-1,1,273.03162,242.590148,-13.279243,17.026615,-3.689326,355.716724,15097.623047,151.138412,15097.647461,315820.918083,113.947138,-6176.701404,46.398242,354.705502,1,,0,,,,,,EntryBurn,0,0,3416.659257,-926.982381,,,,,,,,,,,,,,,,,,,,,,,,0,None,,,,,,,,,,,,,,,,,,,,,,,,1,0,0,,,0.558733,,,,,,,,,,,,,,,,,,,,,,,
8.04,-,0,0,0,,,,66390.972374,2117.484115,1848.917415,924.55389,242.433986,6.127338,,84861.421406,0.043854,0,86.183097,-0.04058,0,,1,0,0,0,93.81691,-0.04058,-0.221507,-1,-1,1,306.279467,128.276468,-12.691422,16.52006,-4.16762,327.478043,15095.068359,151.133118,15095.083008,315879.392624,113.939181,-6176.718006,46.397686,354.704889,1,,0,,,,,,EntryBurn,0,0,3413.61791,-924.553891,,,,,,,,,,,,,,,,,,,,,,,,0,None,,,,,,,,,,,,,,,,,,,,,,,,1,0,0,,,0.560667,,,,,,,,,,,,,,,,,,,,,,,
8.32,-,0,0,0,,,,66631.068477,2116.291404,1847.563272,922.125999,234.50313,6.133654,,84853.046,0.042914,0,88.911621,-0.044511,0,,1,0,0,0,91.088386,-0.044511,-0.21729,-1,-1,1,335.865654,87.662293,-12.449811,15.731592,-4.232708,297.052232,15091.469727,151.121628,15091.470703,316029.920578,113.931299,-6176.734295,46.397252,354.704261,1,,0,,,,,,EntryBurn,0,0,3410.570965,-922.125999,,,,,,,,,,,,,,,,,,,,,,,,0,None,,,,,,,,,,,,,,,,,,,,,,,,1,0,0,,,0.562545,,,,,,,,,,,,,,,,,,,,,,,
8.58,-,0,0,0,,,,66870.627035,2115.103108,1846.214318,919.698524,226.836066,6.140057,,84844.671786,0.041902,0,91.418967,-0.047939,0,,1,0,0,0,88.58103,-0.047939,-0.207332,-1,-1,1,361.558714,67.057845,-11.879275,15.335257,-4.101363,265.14308,15084.15332,151.108566,15084.152344,316096.782684,113.923465,-6176.750133,46.396939,354.703868,1,,0,,,,,,EntryBurn,0,0,3407.519176,-919.698524,,,,,,,,,,,,,,,,,,,,,,,,0,None,,,,,,,,,,,,,,,,,,,,,,,,1,0,0,,,0.564272,,,,,,,,,,,,,,,,,,,,,,,
8.84,-,0,0,0,,,,67109.634629,2113.919099,1844.870305,917.270926,219.423745,6.146534,,84836.299956,0.04107,0,93.831679,-0.050846,0,,1,0,0,0,86.168322,-0.050846,-0.196518,-1,-1,1,383.395479,52.958718,-11.259642,14.821797,-4.134955,232.276692,15080.538086,151.115768,15080.572266,315497.140884,113.915631,-6176.765497,46.396732,354.703609,1,,0,,,,,,EntryBurn,0,0,3404.461394,-917.270925,,,,,,,,,,,,,,,,,,,,,,,,0,None,,,,,,,,,,,,,,,,,,,,,,,,1,0,0,,,0.565888,,,,,,,,,,,,,,,,,,,,,,,
9.1,-,0,0,0,,,,67348.079285,2112.739919,1843.53156,914.842912,212.256863,6.153068,,84827.925026,0.040337,0,95.974069,-0.053274,0,,1,0,0,0,84.025933,-0.053274,-0.202216,-1,-1,1,401.564258,45.640781,-11.586123,14.659881,-4.325772,198.784098,15075.40625,151.11377,15075.438477,315421.652794,113.907768,-6176.780232,46.396605,354.70345,1,,0,,,,,,EntryBurn,0,0,3401.396899,-914.842912,,,,,,,,,,,,,,,,,,,,,,,,0,None,,,,,,,,,,,,,,,,,,,,,,,,1,0,0,,,0.567394,,,,,,,,,,,,,,,,,,,,,,,
9.34,-,0,0,0,,,,67585.966971,2111.565904,1842.198424,912.41446,205.327252,6.159645,,84819.551766,0.039577,0,98.042914,-0.055226,0,,1,0,0,0,81.957083,-0.055226,-0.184827,-1,-1,1,416.16281,43.343912,-10.589804,13.889086,-4.654431,165.20009,15071.396484,151.048782,15071.433594,315843.963623,113.899874,-6176.79426,46.396561,354.703478,1,,0,,,,,,EntryBurn,0,0,3398.325968,-912.41446,,,,,,,,,,,,,,,,,,,,,,,,0,None,,,,,,,,,,,,,,,,,,,,,,,,1,0,0,,,0.568763,,,,,,,,,,,,,,,,,,,,,,,
9.62,-,0,0,0,,,,67823.269512,2110.397086,1840.870649,909.985161,198.626096,6.166253,,84811.175168,0.038937,0,99.879669,-0.056527,0,,1,0,0,0,80.120328,-0.056527,-0.174419,-1,-1,1,427.42961,43.217358,-9.99346,12.943748,-4.748895,131.968151,15068.621094,151.029709,15068.667969,315448.265076,113.891913,-6176.807533,46.396558,354.703391,1,,0,,,,,,EntryBurn,0,0,3395.248456,-909.985161,,,,,,,,,,,,,,,,,,,,,,,,0,None,,,,,,,,,,,,,,,,,,,,,,,,1,0,0,,,0.570047,,,,,,,,,,,,,,,,,,,,,,,
9.88,-,0,0,0,,,,68059.988528,2109.233558,1839.54834,907.555071,192.145424,6.172876,,84802.798808,0.038307,0,101.58429,-0.048081,0,,1,0,0,0,78.415716,-0.048081,-0.172584,-1,-1,1,435.574393,46.814519,-9.88833,12.916862,-4.686487,99.397533,15062.651367,150.98317,15062.65625,315839.78653,113.883885,-6176.82004,46.3966,354.703443,1,,0,,,,,,EntryBurn,0,0,3392.163884,-907.555071,,,,,,,,,,,,,,,,,,,,,,,,0,None,,,,,,,,,,,,,,,,,,,,,,,,1,0,0,,,0.571244,,,,,,,,,,,,,,,,,,,,,,,
10.12,-,0,0,0,,,,68296.104992,2108.074963,1838.231014,905.123811,185.876558,6.179496,,84794.42364,0.037846,0,103.151595,-0.037679,0,,1,0,0,0,76.84841,-0.037679,-0.167923,-1,-1,1,440.868266,53.248088,-9.621276,12.073231,-4.558401,67.747603,15057.298828,150.960968,15057.299805,315971.608162,113.875751,-6176.831827,46.396666,354.70361,1,,0,,,,,,EntryBurn,0,0,3389.071854,-905.123811,,,,,,,,,,,,,,,,,,,,,,,,0,None,,,,,,,,,,,,,,,,,,,,,,,,1,0,0,,,0.57235,,,,,,,,,,,,,,,,,,,,,,,
10.4,-,0,0,0,,,,68531.630321,2106.921149,1836.918493,902.691377,179.811811,6.186101,,84786.046088,0.037568,0,104.561964,-0.023116,0,,1,0,0,0,75.438037,-0.023116,-0.155652,-1,-1,1,443.630194,60.380705,-8.918204,11.553266,-4.996737,37.342092,15052.339844,150.946945,15052.37793,316138.820648,113.867522,-6176.842932,46.396751,354.703633,1,,0,,,,,,EntryBurn,0,0,3385.97242,-902.691378,,,,,,,,,,,,,,,,,,,,,,,,0,None,,,,,,,,,,,,,,,,,,,,,,,,1,0,0,,,0.573361,,,,,,,,,,,,,,,,,,,,,,,
10.66,-,0,0,0,,,,68766.541334,2105.771966,1835.610568,900.257823,173.943296,6.192673,,84777.671397,0.037327,0,105.784781,0.017444,0,,1,0,0,0,74.215221,0.017444,-0.143905,-1,-1,1,444.147466,67.765054,-8.245154,10.609369,-4.714588,14.266862,15048.017578,150.889404,15048.017578,315654.878616,113.859194,-6176.853398,46.396843,354.703748,1,,0,,,,,,EntryBurn,0,0,3382.86604,-900.257822,,,,,,,,,,,,,,,,,,,,,,,,0,None,,,,,,,,,,,,,,,,,,,,,,,,1,0,0,,,0.574282,,,,,,,,,,,,,,,,,,,,,,,
10.9,-,0,0,0,,,,69000.830209,2104.627277,1834.306999,897.823093,168.263311,6.199197,,84769.294918,0.037188,0,106.917486,0.033712,0,,1,0,0,0,73.082513,0.033712,-0.142246,-1,-1,1,442.70883,75.204451,-8.150124,10.418913,-4.557278,7.841853,15045.250977,150.970108,15045.263672,316006.464958,113.850761,-6176.863253,46.396924,354.703934,1,,0,,,,,,EntryBurn,0,0,3379.751863,-897.823093,,,,,,,,,,,,,,,,,,,,,,,,0,None,,,,,,,,,,,,,,,,,,,,,,,,1,0,0,,,0.575184,,,,,,,,,,,,,,,,,,,,,,,
11.16,-,0,0,0,,,,69234.481157,2103.486804,1833.007549,895.38732,162.764368,6.205658,,84760.917723,0.037064,0,107.973869,0.04366,0,,1,0,0,0,72.026141,0.04366,-0.140501,-1,-1,1,439.608398,82.551509,-8.050137,9.578044,-4.482446,5.491768,15040.897461,150.888626,15040.880859,316016.88385,113.842234,-6176.872579,46.396997,354.704025,1,,0,,,,,,EntryBurn,0,0,3376.630027,-895.387319,,,,,,,,,,,,,,,,,,,,,,,,0,None,,,,,,,,,,,,,,,,,,,,,,,,1,0,0,,,0.576084,,,,,,,,,,,,,,,,,,,,,,,
11.44,-,0,0,0,,,,69467.512193,2102.350467,1831.712031,892.950616,157.438964,6.21204,,84752.542198,0.037049,0,108.793762,0.051161,0,,1,0,0,0,71.206235,0.051161,-0.122459,-1,-1,1,435.122402,89.784795,-7.016384,9.435918,-4.583901,4.014152,15036.677734,150.85849,15036.676758,315925.240517,113.833635,-6176.881406,46.397041,354.703997,1,,0,,,,,,EntryBurn,0,0,3373.501365,-892.950616,,,,,,,,,,,,,,,,,,,,,,,,0,None,,,,,,,,,,,,,,,,,,,,,,,,1,0,0,,,0.576971,,,,,,,,,,,,,,,,,,,,,,,
11.7,-,0,0,0,,,,69699.89831,2101.21814,1830.42042,890.513172,152.279936,6.218327,,84744.166195,0.036992,0,109.697574,0.057091,0,,1,0,0,0,70.302429,0.057091,-0.118272,-1,-1,1,429.522604,96.860825,-6.776502,8.662198,-4.231622,2.618826,15032.791992,150.946014,15032.839844,315817.294121,113.824976,-6176.889786,46.397069,354.704033,1,,0,,,,,,EntryBurn,0,0,3370.365445,-890.513172,,,,,,,,,,,,,,,,,,,,,,,,0,None,,,,,,,,,,,,,,,,,,,,,,,,1,0,0,,,0.577834,,,,,,,,,,,,,,,,,,,,,,,
11.96,-,0,0,0,,,,69931.640904,2100.089412,1829.132243,888.074936,147.280285,6.224504,,84735.785782,0.037001,0,110.236727,0.056301,0,,1,0,0,0,69.763278,0.056301,-0.116126,-1,-1,1,423.072541,103.652511,-6.653512,7.988664,-4.525782,1.225708,15028.970703,150.819916,15028.97168,316079.320908,113.816246,-6176.89781,46.397069,354.704032,1,,0,,,,,,EntryBurn,0,0,3367.221764,-888.074935,,,,,,,,,,,,,,,,,,,,,,,,0,None,,,,,,,,,,,,,,,,,,,,,,,,1,0,0,,,0.578712,,,,,,,,,,,,,,,,,,,,,,,
12.22,-,0,0,0,,,,70162.7326,2098.964296,1827.847515,885.636169,142.433224,6.230554,,84727.409899,0.03704,0,110.739861,0.055379,0,,1,0,0,0,69.260137,0.055379,-0.107986,-1,-1,1,416.005604,110.222896,-6.187124,7.667563,-3.781404,0.321804,15023.969727,150.891266,15023.945313,315758.752823,113.807481,-6176.905502,46.397036,354.70399,1,,0,,,,,,EntryBurn,0,0,3364.071237,-885.636169,,,,,,,,,,,,,,,,,,,,,,,,0,None,,,,,,,,,,,,,,,,,,,,,,,,1,0,0,,,0.57962,,,,,,,,,,,,,,,,,,,,,,,
12.48,-,0,0,0,,,,70393.166966,2097.842935,1826.56639,883.19718,137.73582,6.236464,,84719.033778,0.03697,0,111.290651,0.054399,0,,1,0,0,0,68.709355,0.054399,-0.095015,-1,-1,1,408.496932,116.578043,-5.443974,7.401879,-3.831205,0.081814,15018.560547,150.838852,15018.605469,315770.688057,113.798707,-6176.912862,46.396969,354.703906,1,,0,,,,,,EntryBurn,0,0,3360.914311,-883.19718,,,,,,,,,,,,,,,,,,,,,,,,0,None,,,,,,,,,,,,,,,,,,,,,,,,1,0,0,,,0.580554,,,,,,,,,,,,,,,,,,,,,,,
12.72,-,0,0,0,,,,70622.944017,2096.723715,1825.287728,880.760016,133.184306,6.242217,,84711.058557,0.036636,0,111.697396,0.050755,0,,1,0,0,0,68.302604,0.050755,-0.090767,-1,-1,1,381.011998,116.233995,-5.200592,6.846533,-3.35372,0.020811,15013.705078,150.772705,15013.722656,115415.911675,113.790117,-6176.920464,46.396905,354.70391,1,,0,,,,,,EntryBurn,0,0,3357.774546,-880.760016,,,,,,,,,,,,,,,,,,,,,,,,0,None,,,,,,,,,,,,,,,,,,,,,,,,1,0,0,,,0.581496,,,,,,,,,,,,,,,,,,,,,,,
12.98,-,0,0,0,,,,70852.078161,2095.58009,1823.990907,878.34728,128.772311,6.247753,,84709.294975,0.037051,0,112.144155,0.032271,0,,1,0,0,0,67.85585,0.032271,-0.081228,-1,-1,1,242.204945,78.379228,-4.65401,7.698496,-4.064539,0.005305,15010.782227,150.757858,15010.788086,66427.536011,113.783831,-6176.936644,46.397302,354.704408,1,,0,,,,,,EntryBurn,0,0,3354.995626,-878.34728,,,,,,,,,,,,,,,,,,,,,,,,0,None,,,,,,,,,,,,,,,,,,,,,,,,1,0,0,,,0.58244,,,,,,,,,,,,,,,,,,,,,,,
13.26,-,0,0,0,,,,71080.575579,2094.441657,1822.699296,875.935948,124.497276,6.253078,,84707.533538,0.038473,0,112.538304,0.027075,0,,1,0,0,0,67.461696,0.027075,-0.079391,-1,-1,1,203.246693,71.887167,-4.548796,9.362975,-4.041331,0.001365,15013.498047,150.811417,15013.55957,66480.035782,113.777688,-6176.952301,46.397682,354.704802,1,,0,,,,,,EntryBurn,0,0,3352.210958,-875.935948,,,,,,,,,,,,,,,,,,,,,,,,0,None,,,,,,,,,,,,,,,,,,,,,,,,1,0,0,,,0.583383,,,,,,,,,,,,,,,,,,,,,,,
13.52,-,0,0,0,,,,71308.44847,2093.307933,1821.412536,873.525977,120.356538,6.258209,,84705.774128,0.037543,0,112.877859,0.02618,0,,1,0,0,0,67.122151,0.02618,-0.077639,-1,-1,1,189.024178,74.177759,-4.448364,9.699753,-3.700087,0.000364,15012.666992,150.819565,15012.62207,66110.82077,113.771689,-6176.967542,46.398063,354.705281,1,,0,,,,,,EntryBurn,0,0,3349.421048,-873.525977,,,,,,,,,,,,,,,,,,,,,,,,0,None,,,,,,,,,,,,,,,,,,,,,,,,1,0,0,,,0.584364,,,,,,,,,,,,,,,,,,,,,,,
13.78,-,0,0,0,,,,71535.670234,2092.178874,1820.130551,871.117409,116.346346,6.263129,,84704.012215,0.036629,0,113.37489,0.02618,0,,1,0,0,0,66.625106,0.02618,-0.075204,-1,-1,1,180.367452,79.457147,-4.308885,11.331495,-4.459955,0.000109,15009.482422,150.792618,15009.507813,66209.144592,113.76583,-6176.982383,46.398438,354.705752,1,,0,,,,,,EntryBurn,0,0,3346.624814,-871.117408,,,,,,,,,,,,,,,,,,,,,,,,0,None,,,,,,,,,,,,,,,,,,,,,,,,1,0,0,,,0.585361,,,,,,,,,,,,,,,,,,,,,,,
14.02,-,0,0,0,,,,71762.274208,2091.054497,1818.853333,868.710338,112.462732,6.267824,,84702.251017,0.035695,0,113.660953,0.02618,0,,1,0,0,0,66.33905,0.02618,-0.068076,-1,-1,1,172.425894,86.235003,-3.900461,12.456991,-4.691295,0.000046,15009.472656,150.774124,15009.458008,66661.911011,113.760128,-6176.996828,46.398802,354.706294,1,,0,,,,,,EntryBurn,0,0,3343.82315,-868.710338,,,,,,,,,,,,,,,,,,,,,,,,0,None,,,,,,,,,,,,,,,,,,,,,,,,1,0,0,,,0.586348,,,,,,,,,,,,,,,,,,,,,,,
14.3,-,0,0,0,,,,71988.253464,2089.934464,1817.580586,866.304774,108.702345,6.27228,,84700.488627,0.034855,0,114.022331,0.02618,0,,1,0,0,0,65.977674,0.02618,-0.050621,-1,-1,1,163.809132,94.113098,-2.90035,13.895233,-4.938189,0.000029,15009.166992,150.837372,15009.243164,66685.829163,113.754578,-6177.010957,46.399159,354.706659,1,,0,,,,,,EntryBurn,0,0,3341.015761,-866.304774,,,,,,,,,,,,,,,,,,,,,,,,0,None,,,,,,,,,,,,,,,,,,,,,,,,1,0,0,,,0.587319,,,,,,,,,,,,,,,,,,,,,,,
14.56,-,0,0,0,,,,72213.602127,2088.818578,1816.31218,863.900795,105.06131,6.276484,,84698.727667,0.03406,0,114.450736,0.02618,0,,1,0,0,0,65.549266,0.02618,-0.057198,-1,-1,1,154.17744,102.924032,-3.277205,14.63374,-4.925133,0.325596,15009.981445,150.751953,15010.007813,65955.262184,113.749185,-6177.024823,46.399516,354.707109,1,,0,,,,,,EntryBurn,0,0,3338.202378,-863.900795,,,,,,,,,,,,,,,,,,,,,,,,0,None,,,,,,,,,,,,,,,,,,,,,,,,1,0,0,,,0.588272,,,,,,,,,,,,,,,,,,,,,,,
14.8,-,0,0,0,,,,72438.328437,2087.706882,1815.048129,861.498498,101.536158,6.280417,,84696.968377,0.03333,0,114.661332,0.02618,0,,1,0,0,0,65.338672,0.02618,-0.054745,-1,-1,1,143.351756,112.556209,-3.136675,15.222486,-4.822062,1.730591,15007.064453,150.758179,15007.080078,66531.891823,113.74396,-6177.038426,46.399869,354.707636,1,,0,,,,,,EntryBurn,0,0,3335.384107,-861.498498,,,,,,,,,,,,,,,,,,,,,,,,0,None,,,,,,,,,,,,,,,,,,,,,,,,1,0,0,,,0.589202,,,,,,,,,,,,,,,,,,,,,,,
15.06,-,0,0,0,,,,72662.429562,2086.599689,1813.788835,859.098287,98.123385,6.284069,,84695.212185,0.032544,0,114.956776,0.02618,0,,1,0,0,0,65.043239,0.02618,-0.047688,-1,-1,1,131.316183,122.838741,-2.732332,16.653582,-5.210153,3.681413,15004.516602,150.76825,15004.558594,66509.170532,113.73894,-6177.051732,46.400227,354.708087,1,,0,,,,,,EntryBurn,0,0,3332.560535,-859.098287,,,,,,,,,,,,,,,,,,,,,,,,0,None,,,,,,,,,,,,,,,,,,,,,,,,1,0,0,,,0.590098,,,,,,,,,,,,,,,,,,,,,,,
15.34,-,0,0,0,,,,72885.9171,2085.496398,1812.533679,856.699888,94.81935,6.287426,,84693.454087,0.031839,0,115.215963,0.02618,0,,1,0,0,0,64.784041,0.02618,-0.037685,-1,-1,1,118.048737,133.645798,-2.159169,17.764015,-5.169272,5.9944,15004.625977,150.697449,15004.612305,65721.173286,113.734098,-6177.064854,46.400588,354.708457,1,,0,,,,,,EntryBurn,0,0,3329.73121,-856.699888,,,,,,,,,,,,,,,,,,,,,,,,0,None,,,,,,,,,,,,,,,,,,,,,,,,1,0,0,,,0.590916,,,,,,,,,,,,,,,,,,,,,,,
15.6,-,0,0,0,,,,73108.775442,2084.39727,1811.282906,854.303577,91.621402,6.290493,,84691.69718,0.031072,0,115.410364,0.02618,0,,1,0,0,0,64.589655,0.02618,-0.035078,-1,-1,1,103.434269,144.79991,-2.00985,19.249039,-5.634866,8.522138,15001.745117,150.796692,15001.797852,65785.970688,113.729454,-6177.077757,46.400946,354.708908,1,,0,,,,,,EntryBurn,0,0,3326.897196,-854.303576,,,,,,,,,,,,,,,,,,,,,,,,0,None,,,,,,,,,,,,,,,,,,,,,,,,1,0,0,,,0.591632,,,,,,,,,,,,,,,,,,,,,,,
15.84,-,0,0,0,,,,73331.02861,2083.30256,1810.036828,851.909636,88.531378,6.293458,,84689.939797,0.030256,0,115.547695,0.02618,0,,1,0,0,0,64.452313,0.02618,-0.024706,-1,-1,1,87.641471,156.009433,-1.415549,20.702972,-5.986556,11.140513,15003.984375,150.783554,15004.032227,66593.093872,113.725045,-6177.090409,46.401309,354.709448,1,,0,,,,,,EntryBurn,0,0,3324.057833,-851.909636,,,,,,,,,,,,,,,,,,,,,,,,0,None,,,,,,,,,,,,,,,,,,,,,,,,1,0,0,,,0.59228,,,,,,,,,,,,,,,,,,,,,,,
16.12,-,0,0,0,,,,73552.663573,2082.211852,1808.79503,849.518001,85.54732,6.296369,,84688.185155,0.029469,0,115.702675,0.02618,0,,1,0,0,0,64.297336,0.02618,-0.00545,-1,-1,1,70.625707,167.087473,-0.312273,21.875277,-6.037156,13.903848,15001.219727,150.731247,15001.244141,66393.299103,113.720854,-6177.1029,46.401675,354.709825,1,,0,,,,,,EntryBurn,0,0,3321.21378,-849.518,,,,,,,,,,,,,,,,,,,,,,,,0,None,,,,,,,,,,,,,,,,,,,,,,,,1,0,0,,,0.592857,,,,,,,,,,,,,,,,,,,,,,,
16.38,-,0,0,0,,,,73773.691926,2081.125249,1807.557629,847.128764,82.665109,6.299223,,84686.430156,0.02876,0,115.57577,0.02618,0,,1,0,0,0,64.424242,0.02618,-0.007262,-1,-1,1,52.529598,177.740725,-0.416101,22.855223,-6.203649,18.191923,14999.69043,150.741577,14999.716797,66520.614624,113.716894,-6177.115213,46.402044,354.71029,1,,0,,,,,,EntryBurn,0,0,3318.364905,-847.128764,,,,,,,,,,,,,,,,,,,,,,,,0,None,,,,,,,,,,,,,,,,,,,,,,,,1,0,0,,,0.593364,,,,,,,,,,,,,,,,,,,,,,,
16.64,-,0,0,0,,,,73994.107476,2080.043453,1806.325408,844.742463,79.881199,6.302024,,84684.676707,0.027847,0,115.684812,0.02618,0,,1,0,0,0,64.31519,0.02618,0.00112,-1,-1,1,33.512366,187.571034,0.064168,23.536963,-5.938396,31.660803,14998.716797,150.792603,14998.78418,65704.555511,113.713213,-6177.127237,46.402429,354.710774,1,,0,,,,,,EntryBurn,0,0,3315.511366,-844.742463,,,,,,,,,,,,,,,,,,,,,,,,0,None,,,,,,,,,,,,,,,,,,,,,,,,1,0,0,,,0.593804,,,,,,,,,,,,,,,,,,,,,,,
16.9,-,0,0,0,,,,74213.918016,2078.965706,1805.097487,842.358605,77.191827,6.304767,,84682.923496,0.027022,0,115.532963,0.022455,0,,1,0,0,0,64.46704,0.022455,0.003846,-1,-1,1,13.847246,196.204694,0.220361,24.302248,-6.360649,48.726168,14998.94043,150.715805,14998.995117,65203.86219,113.70976,-6177.1391,46.40281,354.711254,1,,0,,,,,,EntryBurn,0,0,3312.65341,-842.358605,,,,,,,,,,,,,,,,,,,,,,,,0,None,,,,,,,,,,,,,,,,,,,,,,,,1,0,0,,,0.594249,,,,,,,,,,,,,,,,,,,,,,,
17.14,-,0,0,0,,,,74433.125302,2077.895377,1803.877117,839.978953,74.593486,6.307461,,84681.142151,0.025377,0,115.255956,0.018364,0,,1,0,0,0,64.74404,0.018364,0.006579,-1,-1,1,9.727859,202.993901,0.376975,26.303408,-6.00068,64.258796,14998.625,150.695297,14998.620117,66590.032578,113.706708,-6177.150191,46.40317,354.71179,1,,0,,,,,,EntryBurn,0,0,3309.79079,-839.978953,,,,,,,,,,,,,,,,,,,,,,,,0,None,,,,,,,,,,,,,,,,,,,,,,,,1,0,0,,,0.594713,,,,,,,,,,,,,,,,,,,,,,,
17.42,-,0,0,0,,,,74651.720391,2076.832459,1802.664235,837.603029,72.082711,6.310109,,84679.335535,0.023792,0,115.004381,0.02618,0,,1,0,0,0,64.995621,0.02618,0.018658,-1,-1,1,29.130492,207.128176,1.069044,26.29314,-6.199425,68.445852,14996.161133,150.685654,14996.203125,66611.28521,113.704014,-6177.160467,46.403505,354.712129,1,,0,,,,,,EntryBurn,0,0,3306.922994,-837.603029,,,,,,,,,,,,,,,,,,,,,,,,0,None,,,,,,,,,,,,,,,,,,,,,,,,1,0,0,,,0.595185,,,,,,,,,,,,,,,,,,,,,,,
17.66,-,0,0,0,,,,74869.724457,2075.779956,1801.461419,835.231024,69.655205,6.312688,,84677.47277,0.021351,0,114.592019,0.02618,0,,1,0,0,0,65.40798,0.02618,0.027091,1,-1,1,28.292158,209.803268,1.55218,27.168156,-5.973681,81.962007,14995.069336,150.670578,14995.138672,66592.311859,113.701698,-6177.169255,46.403767,354.712542,1,,0,,,,,,EntryBurn,0,0,3304.049481,-835.231025,,,,,,,,,,,,,,,,,,,,,,,,0,None,,,,,,,,,,,,,,,,,,,,,,,,1,0,0,,,0.595655,,,,,,,,,,,,,,,,,,,,,,,
17.94,-,0,0,0,,,,75087.125885,2074.74697,1800.27643,832.862648,67.304675,6.315061,,84675.538123,0.014789,0,114.125112,0.02618,0,,1,0,0,0,65.87489,0.02618,0.040117,1,-1,1,87.66833,208.351647,2.298546,26.524984,-5.800366,35.800879,14994.736328,150.782608,14994.836914,80169.477463,113.699758,-6177.17444,46.403808,354.712511,1,,0,,,,,,EntryBurn,0,0,3301.168046,-832.862649,,,,,,,,,,,,,,,,,,,,,,,,0,None,,,,,,,,,,,,,,,,,,,,,,,,1,0,0,,,0.596143,,,,,,,,,,,,,,,,,,,,,,,
18.2,-,0,0,0,,,,75303.92067,2073.723544,1799.100051,830.494347,65.02845,6.317194,,84673.458874,0.011252,0,113.400441,0.02618,0,,1,0,0,0,66.599576,0.02618,0.042346,1,-1,1,102.023058,205.63736,2.426221,25.043381,-6.045709,13.078788,14993.458984,150.686096,14993.514648,80116.682053,113.697833,-6177.177983,46.403721,354.712401,1,,0,,,,,,EntryBurn,0,0,3298.271139,-830.494347,,,,,,,,,,,,,,,,,,,,,,,,0,None,,,,,,,,,,,,,,,,,,,,,,,,1,0,0,,,0.596616,,,,,,,,,,,,,,,,,,,,,,,
18.44,-,0,0,0,,,,75520.111663,2072.704722,1797.927779,828.124423,62.824666,6.319078,,84671.35781,0.010234,0,112.608148,0.02618,0,,1,0,0,0,67.391856,0.02618,0.037211,1,-1,1,96.120256,201.742899,2.132028,23.507875,-6.080558,8.89368,14991.595703,150.66272,14991.583008,78967.814445,113.695756,-6177.180866,46.403565,354.712288,1,,0,,,,,,EntryBurn,0,0,3295.363665,-828.124423,,,,,,,,,,,,,,,,,,,,,,,,0,None,,,,,,,,,,,,,,,,,,,,,,,,1,0,0,,,0.597065,,,,,,,,,,,,,,,,,,,,,,,
18.72,-,0,0,0,,,,75735.682639,2071.688123,1796.757512,825.752928,60.69148,6.320706,,84669.254363,0.010926,0,111.629043,0.02618,0,,1,0,0,0,68.370943,0.02618,0.037059,1,-1,1,81.353802,196.35801,2.123324,22.154591,-5.705368,22.586369,14992.807617,150.646164,14992.81543,78982.691765,113.693532,-6177.183642,46.403365,354.711952,1,,0,,,,,,EntryBurn,0,0,3292.445991,-825.752928,,,,,,,,,,,,,,,,,,,,,,,,0,None,,,,,,,,,,,,,,,,,,,,,,,,1,0,0,,,0.597486,,,,,,,,,,,,,,,,,,,,,,,
18.98,-,0,0,0,,,,75950.631551,2070.670831,1795.586853,823.380426,58.627379,6.322078,,84667.178333,0.011759,0,110.489881,0.02618,0,,1,0,0,0,69.510125,0.02618,0.039711,1,-1,1,61.705951,188.851407,2.275294,21.443022,-6.283374,40.420635,14990.785156,150.696503,14990.811523,79797.625542,113.691195,-6177.187033,46.403177,354.711716,1,,0,,,,,,EntryBurn,0,0,3289.521194,-823.380426,,,,,,,,,,,,,,,,,,,,,,,,0,None,,,,,,,,,,,,,,,,,,,,,,,,1,0,0,,,0.597861,,,,,,,,,,,,,,,,,,,,,,,
19.22,-,0,0,0,,,,76164.960282,2069.657396,1794.419478,821.006073,56.630713,6.323203,,84665.078223,0.012462,0,109.302673,0.023086,0,,1,0,0,0,70.697328,0.023086,0.034007,1,-1,1,54.714021,179.827968,1.948434,20.095657,-5.717676,58.458502,14989.182617,150.720535,14989.260742,78979.611397,113.688691,-6177.189921,46.402904,354.711456,1,,0,,,,,,EntryBurn,0,0,3286.58485,-821.006073,,,,,,,,,,,,,,,,,,,,,,,,0,None,,,,,,,,,,,,,,,,,,,,,,,,1,0,0,,,0.598193,,,,,,,,,,,,,,,,,,,,,,,
19.5,-,0,0,0,,,,76378.656594,2068.644779,1793.252866,818.630246,54.700064,6.324098,,84662.976444,0.013327,0,108.189354,0.018372,0,,1,0,0,0,71.810664,0.018372,0.039565,1,-1,1,48.727047,169.965836,2.26692,17.840683,-4.970483,75.578486,14987.600586,150.633865,14987.59375,79014.911652,113.68604,-6177.193038,46.402603,354.710991,1,,0,,,,,,EntryBurn,0,0,3283.638407,-818.630245,,,,,,,,,,,,,,,,,,,,,,,,0,None,,,,,,,,,,,,,,,,,,,,,,,,1,0,0,,,0.598493,,,,,,,,,,,,,,,,,,,,,,,
19.76,-,0,0,0,,,,76591.719521,2067.633086,1792.087104,816.253217,52.833651,6.324761,,84660.876095,0.014249,0,106.981449,0.013611,0,,1,0,0,0,73.018538,0.013611,0.043286,1,-1,1,42.904188,159.785991,2.480093,16.958996,-6.166664,91.343703,14986.193359,150.703461,14986.230469,78946.447372,113.683273,-6177.196386,46.402266,354.710567,1,,0,,,,,,EntryBurn,0,0,3280.683162,-816.253217,,,,,,,,,,,,,,,,,,,,,,,,0,None,,,,,,,,,,,,,,,,,,,,,,,,1,0,0,,,0.598761,,,,,,,,,,,,,,,,,,,,,,,
20,-,0,0,0,,,,76804.142402,2066.623029,1790.92296,813.875654,51.029945,6.325206,,84658.777535,0.01484,0,105.484826,0.008362,0,,1,0,0,0,74.515185,0.008362,0.042675,1,-1,1,37.115449,149.577911,2.445102,15.965431,-5.601163,105.688802,14985.161133,150.668686,14985.244141,78990.035057,113.680448,-6177.199863,46.4019,354.710189,1,,0,,,,,,EntryBurn,0,0,3277.718846,-813.875653,,,,,,,,,,,,,,,,,,,,,,,,0,None,,,,,,,,,,,,,,,,,,,,,,,,1,0,0,,,0.598998,,,,,,,,,,,,,,,,,,,,,,,
20.26,-,0,0,0,,,,77015.914873,2065.614174,1789.760087,811.497473,49.287323,6.32544,,84656.678379,0.015403,0,104.070505,-0.003338,0,,1,0,0,0,75.929503,-0.003338,0.040794,1,-1,1,31.380442,139.628821,2.337311,14.04735,-5.391809,118.577587,14984.647461,150.706146,14984.735352,78940.587044,113.677554,-6177.203564,46.401517,354.709705,1,,0,,,,,,EntryBurn,0,0,3274.745697,-811.497473,,,,,,,,,,,,,,,,,,,,,,,,0,None,,,,,,,,,,,,,,,,,,,,,,,,1,0,0,,,0.599208,,,,,,,,,,,,,,,,,,,,,,,
20.54,-,0,0,0,,,,77227.06035,2064.606757,1788.598718,809.118997,47.604023,6.325473,,84654.579461,0.015847,0,102.679659,-0.007921,0,,1,0,0,0,77.320354,-0.007921,0.040517,1,-1,1,25.860573,130.094315,2.32146,12.508865,-5.932194,130.093182,14983.362305,150.675278,14983.341797,79016.370773,113.674635,-6177.207462,46.401112,354.709111,1,,0,,,,,,EntryBurn,0,0,3271.764179,-809.118996,,,,,,,,,,,,,,,,,,,,,,,,0,None,,,,,,,,,,,,,,,,,,,,,,,,1,0,0,,,0.599406,,,,,,,,,,,,,,,,,,,,,,,
20.78,-,0,0,0,,,,77437.543171,2063.601029,1787.439131,806.740454,45.978517,6.325314,,84652.481973,0.016248,0,101.301903,-0.009378,0,,1,0,0,0,78.698088,-0.009378,0.044629,1,-1,1,20.616842,121.189795,2.55707,11.12209,-5.164228,140.247277,14982.164063,150.660172,14982.126953,78994.960785,113.671694,-6177.211522,46.40069,354.708661,1,,0,,,,,,EntryBurn,0,0,3268.773964,-806.740454,,,,,,,,,,,,,,,,,,,,,,,,0,None,,,,,,,,,,,,,,,,,,,,,,,,1,0,0,,,0.599607,,,,,,,,,,,,,,,,,,,,,,,
21.04,-,0,0,0,,,,77647.394215,2062.596949,1786.281311,804.361937,44.40902,6.324971,,84650.385797,0.016568,0,99.815487,-0.009667,0,,1,0,0,0,80.184534,-0.009667,0.040029,1,-1,1,15.731719,113.013539,2.293493,10.478194,-5.502489,149.154828,14980.518555,150.687393,14980.571289,79027.843475,113.668757,-6177.215763,46.400253,354.70811,1,,0,,,,,,EntryBurn,0,0,3265.775983,-804.361937,,,,,,,,,,,,,,,,,,,,,,,,0,None,,,,,,,,,,,,,,,,,,,,,,,,1,0,0,,,0.599804,,,,,,,,,,,,,,,,,,,,,,,
21.32,-,0,0,0,,,,77856.602031,2061.59503,1785.125691,801.983716,42.893862,6.324456,,84648.289859,0.016843,0,98.312992,-0.009127,0,,1,0,0,0,81.687006,-0.009127,0.039361,1,-1,1,11.280908,105.806016,2.255226,8.778534,-5.469747,156.7758,14979.642578,150.586823,14979.705078,79028.244019,113.665839,-6177.220091,46.399787,354.707438,1,,0,,,,,,EntryBurn,0,0,3262.769813,-801.983717,,,,,,,,,,,,,,,,,,,,,,,,0,None,,,,,,,,,,,,,,,,,,,,,,,,1,0,0,,,0.599997,,,,,,,,,,,,,,,,,,,,,,,
21.58,-,0,0,0,,,,78065.156761,2060.594757,1783.972012,799.605937,41.43143,6.323774,,84646.218956,0.016974,0,96.876266,-0.007845,0,,1,0,0,0,83.123723,-0.007845,0.036055,1,-1,0.866919,7.146897,99.177139,2.06582,6.716084,-6.165233,162.513991,14977.474609,150.616638,14977.493164,79083.585739,113.662952,-6177.224638,46.399329,354.70686,1,,0,,,,,,EntryBurn,0,0,3259.756778,-799.605937,,,,,,,,,,,,,,,,,,,,,,,,0,None,,,,,,,,,,,,,,,,,,,,,,,,1,0,0,,,0.600185,,,,,,,,,,,,,,,,,,,,,,,
21.82,-,0,0,0,,,,78273.072707,2059.596759,1782.820869,797.229476,40.019904,6.322934,,84644.281089,0.01687,0,95.444415,-0.005656,0,,1,0,0,0,84.5556,-0.005656,0.036359,1,-1,0.762499,3.315666,91.115008,2.083205,5.910016,-6.137592,162.590611,14975.419922,150.614166,14975.392578,78815.684319,113.660183,-6177.229338,46.398866,354.706359,1,,0,,,,,,EntryBurn,0,0,3256.74458,-797.229475,,,,,,,,,,,,,,,,,,,,,,,,0,None,,,,,,,,,,,,,,,,,,,,,,,,1,0,0,,,0.600366,,,,,,,,,,,,,,,,,,,,,,,
22.08,-,0,0,0,,,,78480.343199,2058.601284,1781.672542,794.853787,38.657658,6.321947,,84642.354071,0.016663,0,93.934225,-0.003354,0,,1,0,0,0,86.065773,-0.003354,0.035217,1,-1,0.690703,1.069149,83.530811,2.01781,5.275055,-5.41581,160.176094,14977.797852,150.585037,14977.790039,60911.903381,113.657477,-6177.234086,46.398412,354.705785,1,,0,,,,,,EntryBurn,0,0,3253.724959,-794.853788,,,,,,,,,,,,,,,,,,,,,,,,0,None,,,,,,,,,,,,,,,,,,,,,,,,1,0,0,,,0.600539,,,,,,,,,,,,,,,,,,,,,,,
22.36,-,0,0,0,,,,78686.979691,2057.608712,1780.527511,792.479751,37.343022,6.320825,,84640.530288,0.016241,0,92.479943,-0.001866,0,,1,0,0,0,87.520059,-0.001866,0.030084,1,-1,0.472987,0.311427,83.576896,1.723704,3.839239,-5.776822,170.301763,14977.080078,150.640793,14977.111328,70657.510757,113.654912,-6177.238873,46.397973,354.705147,1,,0,,,,,,EntryBurn,0,0,3250.704258,-792.479751,,,,,,,,,,,,,,,,,,,,,,,,0,None,,,,,,,,,,,,,,,,,,,,,,,,1,0,0,,,0.600702,,,,,,,,,,,,,,,,,,,,,,,
22.619999,-,0,0,0,,,,78892.969296,2056.618633,1779.38522,790.10668,36.074255,6.319572,,84638.772428,0.016065,0,91.052767,-0.003722,0,,1,0,0,0,88.947236,-0.003722,0.033298,1,-1,0.367699,1.188465,72.161259,1.907826,2.682499,-4.750689,153.052266,14976.87207,150.630157,14976.930664,59462.924004,113.652425,-6177.243732,46.397533,354.70459,1,,0,,,,,,EntryBurn,0,0,3247.679968,-790.10668,,,,,,,,,,,,,,,,,,,,,,,,0,None,,,,,,,,,,,,,,,,,,,,,,,,1,0,0,,,0.600857,,,,,,,,,,,,,,,,,,,,,,,
22.879999,-,0,0,0,,,,79098.30945,2055.631187,1778.245829,787.734667,34.849648,6.318196,,84637.07906,0.015906,0,89.531493,-0.00576,0,,1,0,0,0,90.468503,-0.00576,0.033829,1,-1,0.24856,2.774303,67.41281,1.938281,1.745064,-5.40938,147.246966,14974.142578,150.586716,14974.173828,60758.666992,113.650027,-6177.248639,46.397093,354.704035,1,,0,,,,,,EntryBurn,0,0,3244.651364,-787.734667,,,,,,,,,,,,,,,,,,,,,,,,0,None,,,,,,,,,,,,,,,,,,,,,,,,1,0,0,,,0.600998,,,,,,,,,,,,,,,,,,,,,,,
23.119999,-,0,0,0,,,,79303.013537,2054.647066,1777.110101,785.364021,33.667553,6.316707,,84635.443985,0.015408,0,88.13823,-0.011194,0,,1,0,0,0,91.861767,-0.011194,0.026418,1,-1,0.013896,10.35841,54.230185,1.513614,0.079651,-5.632506,120.187656,14973.907227,150.552414,14973.876953,60875.082016,113.647745,-6177.253464,46.396667,354.703579,1,,0,,,,,,EntryBurn,0,0,3241.618966,-785.364022,,,,,,,,,,,,,,,,,,,,,,,,0,None,,,,,,,,,,,,,,,,,,,,,,,,1,0,0,,,0.601139,,,,,,,,,,,,,,,,,,,,,,,
23.399999,-,0,0,0,,,,79507.078366,2053.666187,1775.97784,782.994243,32.526358,6.315115,,84633.804739,0.014994,0,86.723408,-0.013075,0,,1,0,0,0,93.276581,-0.013075,0.015656,1,-1,-0.02845,14.164835,51.804289,0.89702,-0.157634,-5.429556,116.1174,14972.260742,150.468231,14972.351563,61517.691612,113.64553,-6177.258181,46.39624,354.702956,1,,0,,,,,,EntryBurn,0,0,3238.578811,-782.994244,,,,,,,,,,,,,,,,,,,,,,,,0,None,,,,,,,,,,,,,,,,,,,,,,,,1,0,0,,,0.601291,,,,,,,,,,,,,,,,,,,,,,,
23.659999,-,0,0,0,,,,79710.506322,2052.688823,1774.849244,780.625481,31.424284,6.313428,,84632.196367,0.014808,0,85.275101,-0.014925,0,,1,0,0,0,94.724888,-0.014925,0.020411,1,-1,-0.374119,18.755207,49.950249,1.169439,-1.968641,-4.937997,110.349081,14973.124023,150.567459,14973.130859,59187.955856,113.643401,-6177.262743,46.395802,354.702401,1,,0,,,,,,EntryBurn,0,0,3235.532368,-780.62548,,,,,,,,,,,,,,,,,,,,,,,,0,None,,,,,,,,,,,,,,,,,,,,,,,,1,0,0,,,0.601433,,,,,,,,,,,,,,,,,,,,,,,
23.919999,-,0,0,0,,,,79913.304018,2051.715006,1773.724306,778.257072,30.359695,6.311648,,84630.505025,0.014562,0,83.87507,-0.015913,0,,1,0,0,0,96.124923,-0.015913,0.011037,1,-1,-0.419223,21.91765,36.664448,0.632372,-2.339826,-5.460955,116.992196,14969.525391,150.500427,14969.538086,66670.5513,113.641305,-6177.267085,46.395353,354.701834,1,,0,,,,,,EntryBurn,0,0,3232.473324,-778.257072,,,,,,,,,,,,,,,,,,,,,,,,0,None,,,,,,,,,,,,,,,,,,,,,,,,1,0,0,,,0.601565,,,,,,,,,,,,,,,,,,,,,,,
24.179999,-,0,0,0,,,,80115.460213,2050.745144,1772.603549,775.889942,29.331074,6.309793,,84628.840148,0.014085,0,82.453277,-0.020469,0,,1,0,0,0,97.546718,-0.020469,0.019217,1,-1,-0.645968,37.936711,16.170262,1.101078,-2.960155,-5.783263,96.094509,14968.920898,150.561737,14968.942383,66562.361717,113.639309,-6177.271195,46.394904,354.701266,1,,0,,,,,,EntryBurn,0,0,3229.408418,-775.889942,,,,,,,,,,,,,,,,,,,,,,,,0,None,,,,,,,,,,,,,,,,,,,,,,,,1,0,0,,,0.601687,,,,,,,,,,,,,,,,,,,,,,,
24.419999,-,0,0,0,,,,80316.980721,2049.778199,1771.485899,773.522979,28.33742,6.307861,,84627.15143,0.013962,0,81.010806,-0.021139,0,,1,0,0,0,98.989189,-0.021139,0.004942,1,-1,-0.938181,43.026808,14.900246,0.283146,-4.479158,-5.46727,100.145665,14968.631836,150.605972,14968.619141,66506.45256,113.637323,-6177.275213,46.394454,354.70078,1,,0,,,,,,EntryBurn,0,0,3226.333128,-773.522978,,,,,,,,,,,,,,,,,,,,,,,,0,None,,,,,,,,,,,,,,,,,,,,,,,,1,0,0,,,0.6018,,,,,,,,,,,,,,,,,,,,,,,
24.699999,-,0,0,0,,,,80517.886241,2048.816047,1770.373213,771.157136,27.377895,6.305865,,84625.426352,0.013482,0,79.612796,-0.021389,0,,1,0,0,0,100.387213,-0.021389,0.003309,1,-1,-1,47.885482,7.812679,0.189595,-5.724714,-6.083229,110.525191,14966.414063,150.562866,14966.401367,66647.91584,113.635438,-6177.278796,46.394002,354.700125,1,,0,,,,,,EntryBurn,0,0,3223.248658,-771.157136,,,,,,,,,,,,,,,,,,,,,,,,0,None,,,,,,,,,,,,,,,,,,,,,,,,1,0,0,,,0.601903,,,,,,,,,,,,,,,,,,,,,,,
24.939999,-,0,0,0,,,,80718.159258,2047.857498,1769.264324,768.791741,26.451556,6.303813,,84623.671472,0.013032,0,78.159523,-0.019367,0,,1,0,0,0,101.84049,-0.019367,0.008469,1,-1,-0.962869,43.911952,2.62685,0.48525,-6.562731,-5.668778,142.938485,14966.71582,150.574524,14966.769531,66700.768471,113.633589,-6177.282156,46.393551,354.699637,1,,0,,,,,,EntryBurn,0,0,3220.154044,-768.791741,,,,,,,,,,,,,,,,,,,,,,,,0,None,,,,,,,,,,,,,,,,,,,,,,,,1,0,0,,,0.601996,,,,,,,,,,,,,,,,,,,,,,,
25.219999,-,0,0,0,,,,80917.796004,2046.903672,1768.160328,766.427527,25.557536,6.301709,,84621.916115,0.012621,0,76.796142,-0.019189,0,,1,0,0,0,103.203875,-0.019189,0.003539,1,-1,-1,49.813002,0.998589,0.202794,-7.38253,-6.180924,152.373968,14964.488281,150.550842,14964.5,64064.669609,113.631835,-6177.285104,46.393095,354.698976,1,,0,,,,,,EntryBurn,0,0,3217.051402,-766.427527,,,,,,,,,,,,,,,,,,,,,,,,0,None,,,,,,,,,,,,,,,,,,,,,,,,1,0,0,,,0.602079,,,,,,,,,,,,,,,,,,,,,,,
25.479999,-,0,0,0,,,,81116.803826,2045.949846,1767.058693,764.071369,24.694844,6.299563,,84621.34999,0.010431,0,75.400415,-0.011121,0,,1,0,0,0,104.599588,-0.011121,-0.006471,1,-1,-1,20.236413,0.253828,-0.370756,-8.890757,-5.800267,70.326643,14964.602539,150.550583,14964.599609,0,113.630757,-6177.289292,46.392868,354.698689,1,,0,,,,,,EntryBurn,0,0,3214.013466,-764.071369,,,,,,,,,,,,,,,,,,,,,,,,0,None,,,,,,,,,,,,,,,,,,,,,,,,1,0,0,,,0.602152,,,,,,,,,,,,,,,,,,,,,,,
25.739999,-,0,0,0,,,,81315.205419,2044.997874,1765.959995,761.719362,23.862489,6.297371,,84621.34999,0.009645,0,73.914008,-0.004987,0,,1,0,0,0,106.086004,-0.004987,0.002286,1,-1,-1,5.143826,0.06452,0.130997,-8.660594,-6.216419,17.876091,14964.545898,150.592911,14964.538086,0,113.630021,-6177.293964,46.392727,354.69851,1,,0,,,,,,EntryBurn,0,0,3211.001564,-761.719362,,,,,,,,,,,,,,,,,,,,,,,,0,None,,,,,,,,,,,,,,,,,,,,,,,,1,0,0,,,0.602215,,,,,,,,,,,,,,,,,,,,,,,
25.979999,-,0,0,0,,,,81512.985929,2044.049562,1764.865261,759.36819,23.059654,6.295148,,84621.34999,0.009184,0,72.532415,-0.00217,0,,1,0,0,0,107.467595,-0.00217,-0.005632,-1,-1,-1,1.307494,0.016401,-0.322678,-8.161518,-5.598571,4.543865,14963.373047,150.529465,14963.43457,0,113.629343,-6177.29843,46.392599,354.698432,1,,0,,,,,,EntryBurn,0,0,3207.981239,-759.368189,,,,,,,,,,,,,,,,,,,,,,,,0,None,,,,,,,,,,,,,,,,,,,,,,,,1,0,0,,,0.602269,,,,,,,,,,,,,,,,,,,,,,,
26.259999,-,0,0,0,,,,81710.159561,2043.104297,1763.773719,757.017317,22.285388,6.2929,,84621.34999,0.008915,0,71.107431,-0.000883,0,,1,0,0,0,108.892574,-0.000883,-0.000504,1,-1,-1,0.332349,0.004169,-0.028893,-8.694621,-6.227839,1.154992,14965.432617,150.560883,14965.357422,0,113.628691,-6177.302783,46.392462,354.698174,1,,0,,,,,,EntryBurn,0,0,3204.951838,-757.017318,,,,,,,,,,,,,,,,,,,,,,,,0,None,,,,,,,,,,,,,,,,,,,,,,,,1,0,0,,,0.602314,,,,,,,,,,,,,,,,,,,,,,,
26.499999,-,0,0,0,,,,81906.718508,2042.16311,1762.68652,754.667563,21.538765,6.290632,,84621.34999,0.008416,0,69.651659,0,0,,1,0,0,0,110.348346,0,-0.003132,0,-1,-1,0.084481,0.00106,-0.179477,-8.7393,-6.15601,0.293586,14965.635742,150.514618,14965.666992,0,113.628128,-6177.30686,46.392331,354.698092,1,,0,,,,,,EntryBurn,0,0,3201.915007,-754.667564,,,,,,,,,,,,,,,,,,,,,,,,0,None,,,,,,,,,,,,,,,,,,,,,,,,1,0,0,,,0.602351,,,,,,,,,,,,,,,,,,,,,,,
26.779999,-,0,0,0,,,,82102.648475,2041.224774,1761.602426,752.318092,20.818991,6.288353,,84621.34999,0.008116,0,68.385758,0.000041,0,,1,0,0,0,111.614259,0.000041,-0.01298,-1,-1,-1,0.021476,0.00027,-0.743679,-8.453252,-5.357367,0.074628,14964.144531,150.53598,14964.255859,0,113.627572,-6177.310869,46.392205,354.69785,1,,0,,,,,,EntryBurn,0,0,3198.868915,-752.318091,,,,,,,,,,,,,,,,,,,,,,,,0,None,,,,,,,,,,,,,,,,,,,,,,,,1,0,0,,,0.602379,,,,,,,,,,,,,,,,,,,,,,,
27.039999,-,0,0,0,,,,82297.968919,2040.290434,1760.522486,749.969405,20.125079,6.286067,,84621.34999,0.007748,0,66.885681,0.000084,0,,1,0,0,0,113.114328,0.000084,-0.017464,-1,-1,-1,0.005461,0.000069,-1.000615,-8.727573,-5.182862,0.018972,14965.326172,150.502991,14965.263672,0,113.627079,-6177.314593,46.392072,354.697681,1,,0,,,,,,EntryBurn,0,0,3195.81414,-749.969405,,,,,,,,,,,,,,,,,,,,,,,,0,None,,,,,,,,,,,,,,,,,,,,,,,,1,0,0,,,0.602403,,,,,,,,,,,,,,,,,,,,,,,
27.299999,-,0,0,0,,,,82492.676089,2039.359524,1759.446268,747.621292,19.456228,6.283782,,84621.34999,0.007239,0,65.411062,0.000058,0,,1,0,0,0,114.588946,0.000058,-0.007716,-1,-1,-1,0.00139,0.000018,-0.442088,-8.664337,-5.811385,0.004824,14968.366211,150.578217,14968.380859,0,113.626625,-6177.318143,46.391951,354.697527,1,,0,,,,,,EntryBurn,0,0,3192.750585,-747.621292,,,,,,,,,,,,,,,,,,,,,,,,0,None,,,,,,,,,,,,,,,,,,,,,,,,1,0,0,,,0.602425,,,,,,,,,,,,,,,,,,,,,,,
27.559999,-,0,0,0,,,,82686.761288,2038.431611,1758.373229,745.273424,18.811532,6.281502,,84621.34999,0.007061,0,64.056504,0.000036,0,,1,0,0,0,115.943493,0.000036,-0.023725,-1,-1,-1,0.000355,0.000005,-1.359371,-9.039102,-5.313169,0.001228,14967.742188,150.531555,14967.755859,0,113.626178,-6177.321592,46.391824,354.697367,1,,0,,,,,,EntryBurn,0,0,3189.678151,-745.273424,,,,,,,,,,,,,,,,,,,,,,,,0,None,,,,,,,,,,,,,,,,,,,,,,,,1,0,0,,,0.602446,,,,,,,,,,,,,,,,,,,,,,,
27.819999,-,0,0,0,,,,82880.240608,2037.507929,1757.304707,742.926488,18.190151,6.279236,,84621.34999,0.006512,0,62.631217,0.000021,0,,1,0,0,0,117.368772,0.000021,-0.011395,-1,-1,-1,0.000091,0.000001,-0.65286,-8.626839,-5.849358,0.000313,14966.509766,150.589752,14966.546875,0,113.625806,-6177.324715,46.391709,354.697221,1,,0,,,,,,EntryBurn,0,0,3186.597071,-742.926489,,,,,,,,,,,,,,,,,,,,,,,,0,None,,,,,,,,,,,,,,,,,,,,,,,,1,0,0,,,0.602464,,,,,,,,,,,,,,,,,,,,,,,
28.059999,-,0,0,0,,,,83073.092682,2036.587142,1756.239372,740.579826,17.59125,6.276986,,84621.34999,0.006155,0,61.266556,0.000012,0,,1,0,0,0,118.733437,0.000012,-0.02289,-1,-1,-1,0.000024,0.000001,-1.311523,-9.06425,-5.377381,0.000081,14965.757813,150.498184,14965.758789,0,113.625444,-6177.327764,46.391605,354.697172,1,,0,,,,,,EntryBurn,0,0,3183.506456,-740.579826,,,,,,,,,,,,,,,,,,,,,,,,0,None,,,,,,,,,,,,,,,,,,,,,,,,1,0,0,,,0.602481,,,,,,,,,,,,,,,,,,,,,,,
28.319999,-,0,0,0,,,,83265.345501,2035.669639,1755.177549,738.233602,17.013925,6.274759,,84621.34999,0.005929,0,59.81043,0.000007,0,,1,0,0,0,120.189572,0.000007,-0.003876,-1,-1,-1,0.000007,0.000001,-0.222053,-8.275727,-5.41385,0.000022,14967.676758,150.598709,14967.767578,0,113.625117,-6177.330662,46.391501,354.697041,1,,0,,,,,,EntryBurn,0,0,3180.406807,-738.233602,,,,,,,,,,,,,,,,,,,,,,,,0,None,,,,,,,,,,,,,,,,,,,,,,,,1,0,0,,,0.602495,,,,,,,,,,,,,,,,,,,,,,,
28.599999,-,0,0,0,,,,83456.979113,2034.756227,1754.120004,735.888174,16.457432,6.272561,,84621.34999,0.005398,0,58.453412,0.000004,0,,1,0,0,0,121.54658,0.000004,-0.019229,-1,-1,-1,0.000002,0.000001,-1.101748,-7.864422,-5.014069,0.000007,14966.177734,150.475037,14966.237305,0,113.624847,-6177.333259,46.391393,354.69682,1,,0,,,,,,EntryBurn,0,0,3177.298638,-735.888174,,,,,,,,,,,,,,,,,,,,,,,,0,None,,,,,,,,,,,,,,,,,,,,,,,,1,0,0,,,0.602506,,,,,,,,,,,,,,,,,,,,,,,
28.859999,-,0,0,0,,,,83648.001564,2033.845683,1753.065528,733.542885,15.920932,6.270397,,84621.34999,0.005176,0,57.037149,0.000003,0,,1,0,0,0,122.962866,0.000003,-0.016271,-1,-1,-1,0.000001,0.000001,-0.932244,-8.446168,-5.751609,0.000003,14967.308594,150.536896,14967.335938,0,113.624579,-6177.335776,46.391283,354.69668,1,,0,,,,,,EntryBurn,0,0,3174.180593,-733.542884,,,,,,,,,,,,,,,,,,,,,,,,0,None,,,,,,,,,,,,,,,,,,,,,,,,1,0,0,,,0.602515,,,,,,,,,,,,,,,,,,,,,,,
29.119999,-,0,0,0,,,,83838.409662,2032.938473,1752.014794,731.19817,15.403622,6.268273,,84621.34999,0.004834,0,55.682677,0.000003,0,,1,0,0,0,124.317339,0.000003,-0.019985,-1,-1,-1,0.000001,0.000001,-1.145072,-8.97616,-5.583654,0.000002,14965.326172,150.554199,14965.355469,0,113.624353,-6177.338145,46.391199,354.696574,1,,0,,,,,,EntryBurn,0,0,3171.053178,-731.19817,,,,,,,,,,,,,,,,,,,,,,,,0,None,,,,,,,,,,,,,,,,,,,,,,,,1,0,0,,,0.602522,,,,,,,,,,,,,,,,,,,,,,,
29.379999,-,0,0,0,,,,84028.207007,2032.034429,1750.967403,728.85369,14.904687,6.266191,,84621.34999,0.004534,0,54.112813,0.000003,0,,1,0,0,0,125.887196,0.000003,-0.015084,-1,-1,-1,0.000001,0.000001,-0.864243,-8.146054,-5.569092,0.000002,14964.463867,150.642258,14964.606445,0,113.624136,-6177.340378,46.391109,354.69646,1,,0,,,,,,EntryBurn,0,0,3167.916367,-728.853689,,,,,,,,,,,,,,,,,,,,,,,,0,None,,,,,,,,,,,,,,,,,,,,,,,,1,0,0,,,0.602526,,,,,,,,,,,,,,,,,,,,,,,
29.639999,-,0,0,0,,,,84217.387899,2031.133587,1749.923376,726.50947,14.423422,6.26416,,84621.34999,0.004342,0,52.838477,0.000003,0,,1,0,0,0,127.161518,0.000003,-0.027237,-1,-1,-1,0.000001,0.000001,-1.560545,-8.105838,-5.129765,0.000002,14966.272461,150.546478,14966.274414,0,113.62393,-6177.342468,46.39101,354.696334,1,,0,,,,,,EntryBurn,0,0,3164.769997,-726.50947,,,,,,,,,,,,,,,,,,,,,,,,0,None,,,,,,,,,,,,,,,,,,,,,,,,1,0,0,,,0.602527,,,,,,,,,,,,,,,,,,,,,,,
29.899999,-,0,0,0,,,,84405.946929,2030.236646,1748.883634,724.166145,13.959,6.262184,,84621.34999,0.003897,0,51.476714,0.000003,0,,1,0,0,0,128.523287,0.000003,-0.027138,-1,-1,-1,0.000001,0.000001,-1.554889,-7.937854,-5.352407,0.000002,14964.660156,150.556015,14964.634766,0,113.623783,-6177.344311,46.390934,354.696237,1,,0,,,,,,EntryBurn,0,0,3161.614512,-724.166145,,,,,,,,,,,,,,,,,,,,,,,,0,None,,,,,,,,,,,,,,,,,,,,,,,,1,0,0,,,0.602526,,,,,,,,,,,,,,,,,,,,,,,
30.159999,-,0,0,0,,,,84593.897391,2029.342297,1747.846704,721.822756,13.510681,6.260266,,84621.34999,0.00367,0,50.200332,0.000003,0,,1,0,0,0,129.799673,0.000003,-0.02594,-1,-1,-1,0.000001,0.000001,-1.486272,-8.23802,-5.665582,0.000002,14963.792969,150.552582,14963.811523,0,113.623629,-6177.346123,46.390857,354.696139,1,,0,,,,,,EntryBurn,0,0,3158.448591,-721.822757,,,,,,,,,,,,,,,,,,,,,,,,0,None,,,,,,,,,,,,,,,,,,,,,,,,1,0,0,,,0.602521,,,,,,,,,,,,,,,,,,,,,,,
30.419999,-,0,0,0,,,,84781.236424,2028.450828,1746.812961,719.479571,13.077741,6.258411,,84621.34999,0.003515,0,48.909846,0.000003,0,,1,0,0,0,131.090145,0.000003,-0.023263,-1,-1,-1,0.000001,0.000001,-1.332848,-8.273516,-5.637497,0.000002,14965.085938,150.528702,14965.078125,0,113.623475,-6177.347864,46.390791,354.696055,1,,0,,,,,,EntryBurn,0,0,3155.273106,-719.47957,,,,,,,,,,,,,,,,,,,,,,,,0,None,,,,,,,,,,,,,,,,,,,,,,,,1,0,0,,,0.602514,,,,,,,,,,,,,,,,,,,,,,,
30.679999,-,0,0,0,,,,84967.965309,2027.562656,1745.782786,717.136823,12.659396,6.256624,,84621.34999,0.003259,0,47.530563,0.000003,0,,1,0,0,0,132.469443,0.000003,-0.031187,-1,-1,-1,0.000001,0.000001,-1.786859,-7.745175,-5.698942,0.000002,14966.201172,150.563263,14966.217773,0,113.623355,-6177.349456,46.39073,354.695979,1,,0,,,,,,EntryBurn,0,0,3152.087945,-717.136823,,,,,,,,,,,,,,,,,,,,,,,,0,None,,,,,,,,,,,,,,,,,,,,,,,,1,0,0,,,0.602504,,,,,,,,,,,,,,,,,,,,,,,
30.939999,-,0,0,0,,,,85154.081713,2026.678407,1744.756744,714.794791,12.255094,6.254912,,84621.34999,0.002779,0,46.230041,0.000003,0,,1,0,0,0,133.769946,0.000003,-0.040751,-1,-1,-1,0.000001,0.000001,-2.334846,-8.540471,-5.272713,0.000002,14965.59375,150.517365,14965.603516,0,113.623282,-6177.350785,46.390666,354.695897,1,,0,,,,,,EntryBurn,0,0,3148.893203,-714.79479,,,,,,,,,,,,,,,,,,,,,,,,0,None,,,,,,,,,,,,,,,,,,,,,,,,1,0,0,,,0.602491,,,,,,,,,,,,,,,,,,,,,,,
31.199999,-,0,0,0,,,,85339.575236,2025.796705,1743.733472,712.452713,11.864554,6.253278,,84621.34999,0.002679,0,44.966559,0.000003,0,,1,0,0,0,135.033438,0.000003,-0.027782,-1,-1,-1,0.000001,0.000001,-1.591804,-8.308879,-4.751467,0.000002,14964.202148,150.602905,14964.306641,0,113.623193,-6177.352097,46.3906,354.695813,1,,0,,,,,,EntryBurn,0,0,3145.687805,-712.452713,,,,,,,,,,,,,,,,,,,,,,,,0,None,,,,,,,,,,,,,,,,,,,,,,,,1,0,0,,,0.602476,,,,,,,,,,,,,,,,,,,,,,,
31.459999,-,0,0,0,,,,85524.467151,2024.917903,1742.713351,710.110738,11.487346,6.251724,,84621.34999,0.002579,0,43.650988,0.000004,0,,1,0,0,0,136.349014,0.000004,-0.036718,-1,-1,-1,0.000001,0.000001,-2.103784,-9.037143,-5.155592,0.000002,14963.229492,150.555481,14963.261719,0,113.623105,-6177.353328,46.390537,354.695733,1,,0,,,,,,EntryBurn,0,0,3142.472555,-710.110738,,,,,,,,,,,,,,,,,,,,,,,,0,None,,,,,,,,,,,,,,,,,,,,,,,,1,0,0,,,0.602457,,,,,,,,,,,,,,,,,,,,,,,
31.719999,-,0,0,0,,,,85708.733699,2024.041835,1741.696243,707.768969,11.123136,6.250255,,84621.34999,0.002452,0,42.517838,0.000004,0,,1,0,0,0,137.482169,0.000004,-0.039923,-1,-1,-1,0.000001,0.000001,-2.287406,-8.34799,-4.482358,0.000002,14963.348633,150.548157,14963.356445,0,113.623017,-6177.354522,46.390479,354.69566,1,,0,,,,,,EntryBurn,0,0,3139.246983,-707.76897,,,,,,,,,,,,,,,,,,,,,,,,0,None,,,,,,,,,,,,,,,,,,,,,,,,1,0,0,,,0.602437,,,,,,,,,,,,,,,,,,,,,,,
31.979999,-,0,0,0,,,,85892.394453,2023.169238,1740.682986,705.427701,10.7714,6.248848,,84621.34999,0.002085,0,41.222453,0.000004,0,,1,0,0,0,138.777548,0.000004,-0.033797,-1,-1,-1,0.000001,0.000001,-1.936448,-8.278348,-5.18568,0.000002,14965.780273,150.550781,14965.847656,0,113.622964,-6177.355539,46.390442,354.695613,1,,0,,,,,,EntryBurn,0,0,3136.011289,-705.427701,,,,,,,,,,,,,,,,,,,,,,,,0,None,,,,,,,,,,,,,,,,,,,,,,,,1,0,0,,,0.602412,,,,,,,,,,,,,,,,,,,,,,,
32.239999,-,0,0,0,,,,86075.450122,2022.299108,1739.672464,703.086646,10.431348,6.247385,,84621.34999,0.001976,0,40.000367,0.000004,0,,1,0,0,0,139.999634,0.000004,-0.048194,-1,-1,-1,0.000001,0.000001,-2.761308,-8.885146,-5.573505,0.000002,14964.613281,150.603333,14964.678711,0,113.622926,-6177.35658,46.390406,354.695567,1,,0,,,,,,EntryBurn,0,0,3132.765025,-703.086645,,,,,,,,,,,,,,,,,,,,,,,,0,None,,,,,,,,,,,,,,,,,,,,,,,,1,0,0,,,0.602383,,,,,,,,,,,,,,,,,,,,,,,
32.499999,-,0,0,0,,,,86257.888944,2021.431682,1738.664918,700.745682,10.102619,6.24585,,84621.34999,0.001955,0,38.823054,0.000003,0,,1,0,0,0,141.176942,0.000003,-0.049163,-1,-1,-1,0.000001,0.000001,-2.816815,-8.410004,-4.693822,0.000002,14964.270508,150.571671,14964.3125,0,113.62288,-6177.357585,46.390374,354.695526,1,,0,,,,,,EntryBurn,0,0,3129.508726,-700.745682,,,,,,,,,,,,,,,,,,,,,,,,0,None,,,,,,,,,,,,,,,,,,,,,,,,1,0,0,,,0.602351,,,,,,,,,,,,,,,,,,,,,,,
32.759999,-,0,0,0,,,,86439.713812,2020.566781,1737.660153,698.404643,9.784865,6.244246,,84621.34999,0.001911,0,37.718532,0.000003,0,,1,0,0,0,142.281467,0.000003,-0.042088,-1,-1,-1,0.000001,0.000001,-2.411485,-8.539783,-4.897554,0.000001,14966.164063,150.545944,14966.220703,0,113.622813,-6177.358582,46.390344,354.695488,1,,0,,,,,,EntryBurn,0,0,3126.24137,-698.404644,,,,,,,,,,,,,,,,,,,,,,,,0,None,,,,,,,,,,,,,,,,,,,,,,,,1,0,0,,,0.602318,,,,,,,,,,,,,,,,,,,,,,,
33.019999,-,0,0,0,,,,86620.928604,2019.704899,1736.658619,696.063798,9.477745,6.242572,,84621.34999,0.001792,0,36.561461,0.000003,0,,1,0,0,0,143.438542,0.000003,-0.039919,-1,-1,-1,0.000001,0.000001,-2.287176,-8.341875,-5.062702,0.000001,14968.733398,150.579651,14968.75293,0,113.62276,-6177.35948,46.390308,354.695443,1,,0,,,,,,EntryBurn,0,0,3122.963212,-696.063798,,,,,,,,,,,,,,,,,,,,,,,,0,None,,,,,,,,,,,,,,,,,,,,,,,,1,0,0,,,0.602283,,,,,,,,,,,,,,,,,,,,,,,
33.279999,-,0,0,0,,,,86801.52984,2018.846551,1735.660804,693.72342,9.180952,6.24083,,84621.34999,0.001559,0,35.659062,0.000003,0,,1,0,0,0,144.340937,0.000003,-0.047744,-1,-1,-1,0.000001,0.000001,-2.735501,-8.317252,-5.268891,0.000001,14968.368164,150.67926,14968.517578,0,113.622732,-6177.360188,46.390264,354.695386,1,,0,,,,,,EntryBurn,0,0,3119.674613,-693.72342,,,,,,,,,,,,,,,,,,,,,,,,0,None,,,,,,,,,,,,,,,,,,,,,,,,1,0,0,,,0.602245,,,,,,,,,,,,,,,,,,,,,,,
33.539999,-,0,0,0,,,,86981.516211,2017.99115,1734.666262,691.383262,8.894171,6.239021,,84621.34999,0.001343,0,34.436291,0.000003,0,,1,0,0,0,145.563713,0.000003,-0.050835,-1,-1,-1,0.000001,0.000001,-2.912644,-8.610357,-4.484832,0.000001,14965.097656,150.544815,14965.069336,0,113.62271,-6177.360817,46.39023,354.695343,1,,0,,,,,,EntryBurn,0,0,3116.37587,-691.383263,,,,,,,,,,,,,,,,,,,,,,,,0,None,,,,,,,,,,,,,,,,,,,,,,,,1,0,0,,,0.602205,,,,,,,,,,,,,,,,,,,,,,,
33.799999,-,0,0,0,,,,87160.897373,2017.138907,1733.675186,689.043498,8.617061,6.237145,,84621.34999,0.001065,0,33.589279,0.000004,0,,1,0,0,0,146.410724,0.000004,-0.055881,-1,-1,-1,0.000001,0,-3.201746,-7.969141,-4.194526,0.000001,14964.326172,150.646774,14964.456055,0,113.622711,-6177.361334,46.390204,354.69531,1,,0,,,,,,EntryBurn,0,0,3113.066403,-689.043499,,,,,,,,,,,,,,,,,,,,,,,,0,None,,,,,,,,,,,,,,,,,,,,,,,,1,0,0,,,0.602164,,,,,,,,,,,,,,,,,,,,,,,
34.059999,-,0,0,0,,,,87339.668684,2016.289163,1732.68689,686.703803,8.349319,6.235201,,84621.34999,0.001017,0,32.68441,0.000004,0,,1,0,0,0,147.31559,0.000004,-0.049443,-1,-1,-1,0.000001,0,-2.83288,-9.090336,-5.03355,0.000001,14964.69043,150.57933,14964.65918,0,113.622709,-6177.361862,46.390181,354.69528,1,,0,,,,,,EntryBurn,0,0,3109.745695,-686.703803,,,,,,,,,,,,,,,,,,,,,,,,0,None,,,,,,,,,,,,,,,,,,,,,,,,1,0,0,,,0.602123,,,,,,,,,,,,,,,,,,,,,,,
34.319999,-,0,0,0,,,,87517.820574,2015.442272,1731.701767,684.364433,8.090635,6.233188,,84621.34999,0.00096,0,31.805223,0.000004,0,,1,0,0,0,148.194771,0.000004,-0.041937,-1,-1,-1,0.000001,0,-2.402841,-8.455921,-4.657691,0.000001,14966.375,150.586838,14966.404297,0,113.622721,-6177.362344,46.390166,354.695261,1,,0,,,,,,EntryBurn,0,0,3106.41415,-684.364433,,,,,,,,,,,,,,,,,,,,,,,,0,None,,,,,,,,,,,,,,,,,,,,,,,,1,0,0,,,0.602084,,,,,,,,,,,,,,,,,,,,,,,
34.579999,-,0,0,0,,,,87695.361084,2014.597635,1730.719136,682.024847,7.84069,6.231108,,84621.34999,0.000944,0,30.936609,0.000004,0,,1,0,0,0,149.063396,0.000004,-0.052156,-1,-1,-1,0.000001,0,-2.988293,-8.438511,-4.492575,0.000001,14966.287109,150.613602,14966.389648,0,113.622707,-6177.362871,46.390148,354.695238,1,,0,,,,,,EntryBurn,0,0,3103.0715,-682.024847,,,,,,,,,,,,,,,,,,,,,,,,0,None,,,,,,,,,,,,,,,,,,,,,,,,1,0,0,,,0.602045,,,,,,,,,,,,,,,,,,,,,,,
34.839999,-,0,0,0,,,,87872.30068,2013.755674,1729.739459,679.685285,7.599196,6.228959,,84621.34999,0.000941,0,30.281611,0.000004,0,,1,0,0,0,149.718384,0.000004,-0.058067,-1,-1,-1,0.000001,0,-3.32702,-8.634157,-4.73567,0.000001,14966.583008,150.660889,14966.633789,0,113.62269,-6177.363368,46.390133,354.695219,1,,0,,,,,,EntryBurn,0,0,3099.717324,-679.685285,,,,,,,,,,,,,,,,,,,,,,,,0,None,,,,,,,,,,,,,,,,,,,,,,,,1,0,0,,,0.602008,,,,,,,,,,,,,,,,,,,,,,,
35.099999,-,0,0,0,,,,88048.619296,2012.916647,1728.762961,677.345871,7.365872,6.226744,,84621.342361,0.000851,0,29.4088,0.000004,0,,1,0,0,0,150.591204,0.000004,-0.050035,-1,-1,-1,0.000001,0,-2.866809,-8.355251,-4.84325,0.000001,14967.537109,150.58577,14967.552734,0,113.622671,-6177.363789,46.390116,354.695198,1,,0,,,,,,EntryBurn,0,0,3096.351326,-677.345872,,,,,,,,,,,,,,,,,,,,,,,,0,None,,,,,,,,,,,,,,,,,,,,,,,,1,0,0,,,0.601972,,,,,,,,,,,,,,,,,,,,,,,
35.359999,-,0,0,0,,,,88224.335375,2012.080071,1727.789193,675.006605,7.140401,6.224461,,84621.342361,0.00084,0,28.881593,0.000004,0,,1,0,0,0,151.118405,0.000004,-0.044207,-1,-1,-1,0.000001,0,-2.532856,-8.22558,-4.881824,0.000001,14964.557617,150.606857,14964.646484,0,113.622655,-6177.364241,46.390099,354.695176,1,,0,,,,,,EntryBurn,0,0,3092.974418,-675.006605,,,,,,,,,,,,,,,,,,,,,,,,0,None,,,,,,,,,,,,,,,,,,,,,,,,1,0,0,,,0.601937,,,,,,,,,,,,,,,,,,,,,,,
35.619999,-,0,0,0,,,,88399.432957,2011.246076,1726.818288,672.667355,6.922511,6.222113,,84621.342361,0.000818,0,28.299133,0.000004,0,,1,0,0,0,151.700867,0.000004,-0.04776,-1,-1,-1,0.000001,0,-2.73645,-8.699028,-4.749671,0.000001,14963.957031,150.586166,14963.967773,0,113.62263,-6177.364686,46.390084,354.695158,1,,0,,,,,,EntryBurn,0,0,3089.586359,-672.667355,,,,,,,,,,,,,,,,,,,,,,,,0,None,,,,,,,,,,,,,,,,,,,,,,,,1,0,0,,,0.601901,,,,,,,,,,,,,,,,,,,,,,,
35.879999,-,0,0,0,,,,88573.918075,2010.414939,1725.850527,670.328199,6.711919,6.219699,,84621.342361,0.000716,0,27.93177,0.000003,0,,1,0,0,0,152.068231,0.000003,-0.054556,-1,-1,-1,0.000001,0,-3.125847,-8.638306,-4.223341,0.000001,14965.049805,150.563339,14965.09375,0,113.622599,-6177.36507,46.390073,354.695144,1,,0,,,,,,EntryBurn,0,0,3086.186576,-670.328199,,,,,,,,,,,,,,,,,,,,,,,,0,None,,,,,,,,,,,,,,,,,,,,,,,,1,0,0,,,0.601864,,,,,,,,,,,,,,,,,,,,,,,
36.139999,-,0,0,0,,,,88747.797291,2009.586324,1724.885566,667.989246,6.508346,6.217219,,84621.342361,0.000736,0,27.511114,0.000003,0,,1,0,0,0,152.488886,0.000003,-0.064983,-1,-1,-1,0.000001,0,-3.723234,-7.887264,-4.143982,0.000001,14965.709961,150.603546,14965.6875,0,113.622579,-6177.365474,46.390062,354.695128,1,,0,,,,,,EntryBurn,0,0,3082.775144,-667.989246,,,,,,,,,,,,,,,,,,,,,,,,0,None,,,,,,,,,,,,,,,,,,,,,,,,1,0,0,,,0.601828,,,,,,,,,,,,,,,,,,,,,,,
36.399999,-,0,0,0,,,,88921.072303,2008.760377,1723.923558,665.65034,6.311559,6.214699,,84621.342361,0.000715,0,27.365385,0.000003,0,,1,0,0,0,152.634614,0.000003,-0.057326,-1,-1,-1,0.000001,0,-3.284522,-8.577077,-4.508626,0.000001,14966.067383,150.554886,14966.079102,0,113.622559,-6177.365857,46.390052,354.695116,1,,0,,,,,,EntryBurn,0,0,3079.352014,-665.650341,,,,,,,,,,,,,,,,,,,,,,,,0,None,,,,,,,,,,,,,,,,,,,,,,,,1,0,0,,,0.601791,,,,,,,,,,,,,,,,,,,,,,,
36.659999,-,0,0,0,,,,89093.721007,2007.937252,1722.964688,663.311653,6.121395,6.212184,,84621.342361,0.000633,0,27.08397,0.000003,0,,1,0,0,0,152.916035,0.000003,-0.055504,-1,-1,-1,0.000001,0,-3.180117,-8.375813,-3.740959,0.000001,14965.499023,150.607391,14965.513672,0,113.62254,-6177.366197,46.390049,354.695112,1,,0,,,,,,EntryBurn,0,0,3075.917652,-663.311654,,,,,,,,,,,,,,,,,,,,,,,,0,None,,,,,,,,,,,,,,,,,,,,,,,,1,0,0,,,0.601754,,,,,,,,,,,,,,,,,,,,,,,
36.919999,-,0,0,0,,,,89265.771077,2007.116534,1722.008494,660.973018,5.937553,6.209673,,84621.342361,0.000645,0,27.214346,0.000003,0,,1,0,0,0,152.785657,0.000003,-0.06251,-1,-1,-1,0.000001,0,-3.581534,-8.709789,-3.94283,0.000001,14967.494141,150.551682,14967.499023,0,113.622518,-6177.366575,46.390043,354.695104,1,,0,,,,,,EntryBurn,0,0,3072.471193,-660.973018,,,,,,,,,,,,,,,,,,,,,,,,0,None,,,,,,,,,,,,,,,,,,,,,,,,1,0,0,,,0.601721,,,,,,,,,,,,,,,,,,,,,,,
37.179999,-,0,0,0,,,,89437.202702,2006.298391,1721.055189,658.634483,5.759762,6.20716,,84621.342361,0.000694,0,27.116777,0.000003,0,,1,0,0,0,152.883227,0.000003,-0.070104,-1,-1,-1,0.000001,0,-4.016677,-9.263414,-4.047038,0.000001,14964.595703,150.578186,14964.59375,0,113.622492,-6177.366957,46.390042,354.695103,1,,0,,,,,,EntryBurn,0,0,3069.012626,-658.634484,,,,,,,,,,,,,,,,,,,,,,,,0,None,,,,,,,,,,,,,,,,,,,,,,,,1,0,0,,,0.601686,,,,,,,,,,,,,,,,,,,,,,,
37.439999,-,0,0,0,,,,89608.030851,2005.482872,1720.104757,656.295866,5.587753,6.204643,,84621.342361,0.00066,0,27.384361,0.000002,0,,1,0,0,0,152.615636,0.000002,-0.063234,-1,-1,-1,0.000001,0,-3.623021,-8.626494,-3.780354,0.000001,14965.039063,150.561401,14965.011719,0,113.622451,-6177.367321,46.390038,354.695098,1,,0,,,,,,EntryBurn,0,0,3065.541917,-656.295866,,,,,,,,,,,,,,,,,,,,,,,,0,None,,,,,,,,,,,,,,,,,,,,,,,,1,0,0,,,0.60165,,,,,,,,,,,,,,,,,,,,,,,
37.699999,-,0,0,0,,,,89778.244134,2004.670138,1719.15746,653.957745,5.421259,6.202118,,84621.342361,0.000627,0,27.535154,0.000002,0,,1,0,0,0,152.464842,0.000002,-0.066897,-1,-1,-1,0,0,-3.832891,-8.510542,-3.825261,0.000001,14964.057617,150.590607,14964.039063,0,113.622439,-6177.367672,46.390041,354.695102,1,,0,,,,,,EntryBurn,0,0,3062.059998,-653.957745,,,,,,,,,,,,,,,,,,,,,,,,0,None,,,,,,,,,,,,,,,,,,,,,,,,1,0,0,,,0.601612,,,,,,,,,,,,,,,,,,,,,,,
37.959999,-,0,0,0,,,,89947.846915,2003.859956,1718.21299,651.619531,5.260013,6.199582,,84621.342361,0.000622,0,27.83052,0.000002,0,,1,0,0,0,152.169485,0.000002,-0.063884,-1,-1,-1,0,0,-3.660306,-8.512795,-4.20517,0.000001,14965.618164,150.557098,14965.625,0,113.62241,-6177.368021,46.390044,354.695106,1,,0,,,,,,EntryBurn,0,0,3058.565445,-651.619531,,,,,,,,,,,,,,,,,,,,,,,,0,None,,,,,,,,,,,,,,,,,,,,,,,,1,0,0,,,0.601573,,,,,,,,,,,,,,,,,,,,,,,
38.219999,-,0,0,0,,,,90116.847267,2003.052308,1717.271312,649.281291,5.103798,6.197033,,84621.342361,0.000621,0,28.294297,0.000002,0,,1,0,0,0,151.705704,0.000002,-0.068046,-1,-1,-1,0,0,-3.89877,-8.843223,-4.429425,0.000001,14966.217773,150.552536,14966.286133,0,113.622373,-6177.368377,46.390043,354.695105,1,,0,,,,,,EntryBurn,0,0,3055.058269,-649.281292,,,,,,,,,,,,,,,,,,,,,,,,0,None,,,,,,,,,,,,,,,,,,,,,,,,1,0,0,,,0.601533,,,,,,,,,,,,,,,,,,,,,,,
38.479999,-,0,0,0,,,,90285.232087,2002.247294,1716.332605,646.943329,4.95251,6.194464,,84621.342361,0.00065,0,28.777642,0.000002,0,,1,0,0,0,151.222358,0.000002,-0.069894,-1,-1,-1,0,0.000001,-4.004603,-9.056683,-3.681784,0.000001,14965.712891,150.604782,14965.71875,0,113.622348,-6177.36874,46.390048,354.695112,1,,0,,,,,,EntryBurn,0,0,3051.539206,-646.943329,,,,,,,,,,,,,,,,,,,,,,,,0,None,,,,,,,,,,,,,,,,,,,,,,,,1,0,0,,,0.601492,,,,,,,,,,,,,,,,,,,,,,,
38.739999,-,0,0,0,,,,90453.010029,2001.445073,1715.397,644.605476,4.806028,6.191876,,84621.342361,0.000594,0,29.337631,0.000001,0,,1,0,0,0,150.662378,0.000001,-0.072057,-1,-1,-1,0,0.000001,-4.128584,-9.174644,-3.42086,0.000001,14967.074219,150.607483,14967.15918,0,113.622323,-6177.369064,46.390057,354.695123,1,,0,,,,,,EntryBurn,0,0,3048.007977,-644.605476,,,,,,,,,,,,,,,,,,,,,,,,0,None,,,,,,,,,,,,,,,,,,,,,,,,1,0,0,,,0.601451,,,,,,,,,,,,,,,,,,,,,,,
38.999999,-,0,0,0,,,,90620.181719,2000.645282,1714.464094,642.267716,4.664221,6.189264,,84621.342361,0.000617,0,30.065466,0.000001,0,,1,0,0,0,149.93453,0.000001,-0.068686,-1,-1,-1,0,0.000001,-3.935438,-8.76602,-3.809204,0.000001,14965.410156,150.576401,14965.374023,0,113.622296,-6177.369428,46.390062,354.695128,1,,0,,,,,,EntryBurn,0,0,3044.464047,-642.267717,,,,,,,,,,,,,,,,,,,,,,,,0,None,,,,,,,,,,,,,,,,,,,,,,,,1,0,0,,,0.60141,,,,,,,,,,,,,,,,,,,,,,,
39.259999,-,0,0,0,,,,90786.738168,1999.848093,1713.534079,639.930035,4.526947,6.186624,,84621.342361,0.000654,0,30.847146,0.000001,0,,1,0,0,0,149.152857,0.000001,-0.069391,-1,-1,-1,0,0.000001,-3.975837,-8.506415,-3.342399,0.000001,14964.044922,150.566193,14964.0625,0,113.622259,-6177.369795,46.390066,354.695134,1,,0,,,,,,EntryBurn,0,0,3040.907308,-639.930034,,,,,,,,,,,,,,,,,,,,,,,,0,None,,,,,,,,,,,,,,,,,,,,,,,,1,0,0,,,0.601366,,,,,,,,,,,,,,,,,,,,,,,
39.519999,-,0,0,0,,,,90952.689757,1999.053652,1712.607135,637.592478,4.394067,6.183955,,84621.342361,0.000637,0,31.651753,0.000001,0,,1,0,0,0,148.348246,0.000001,-0.075836,-1,-1,-1,0,0.000001,-4.345097,-8.864778,-3.108709,0.000001,14965.050781,150.549301,14965.116211,0,113.622232,-6177.370134,46.390074,354.695145,1,,0,,,,,,EntryBurn,0,0,3037.33817,-637.592477,,,,,,,,,,,,,,,,,,,,,,,,0,None,,,,,,,,,,,,,,,,,,,,,,,,1,0,0,,,0.601324,,,,,,,,,,,,,,,,,,,,,,,
39.759999,-,0,0,0,,,,91118.024934,1998.261627,1711.682898,635.25499,4.265436,6.181238,,84621.342361,0.000656,0,32.496103,0,0,,1,0,0,0,147.50389,0,-0.066255,-1,-1,-1,0,0,-3.796145,-8.354386,-3.310333,0.000001,14966.412109,150.571091,14966.415039,0,113.622195,-6177.370518,46.390081,354.695237,1,,0,,,,,,EntryBurn,0,0,3033.756403,-635.254991,,,,,,,,,,,,,,,,,,,,,,,,0,None,,,,,,,,,,,,,,,,,,,,,,,,1,0,0,,,0.60128,,,,,,,,,,,,,,,,,,,,,,,
40.039999,-,0,0,0,,,,91282.754032,1997.472506,1710.76187,632.917655,4.140823,6.178394,,84621.342361,0.00064,0,33.557138,0,0,,1,0,0,0,146.442859,0,-0.074154,-1,-1,-1,0,0,-4.248733,-8.953557,-3.206929,0.000001,14965.907227,150.569016,14965.938477,0,113.622163,-6177.370843,46.39009,354.695165,1,,0,,,,,,EntryBurn,0,0,3030.161666,-632.917655,,,,,,,,,,,,,,,,,,,,,,,,0,None,,,,,,,,,,,,,,,,,,,,,,,,1,0,0,,,0.601238,,,,,,,,,,,,,,,,,,,,,,,
40.299999,-,0,0,0,,,,91446.87538,1996.685828,1709.843572,630.580441,4.020102,6.175412,,84621.342361,0.000628,0,34.437358,-0.000001,0,,1,0,0,0,145.562643,-0.000001,-0.069266,-1,-1,-1,0,0,-3.968676,-8.013184,-3.175265,0.000001,14965.972656,150.530121,14966.00293,0,113.622132,-6177.371211,46.390096,354.695173,1,,0,,,,,,EntryBurn,0,0,3026.553829,-630.580441,,,,,,,,,,,,,,,,,,,,,,,,0,None,,,,,,,,,,,,,,,,,,,,,,,,1,0,0,,,0.601229,,,,,,,,,,,,,,,,,,,,,,,
40.559999,-,0,0,0,,,,91610.382136,1995.901822,1708.928278,628.243303,3.903163,6.172291,,84621.342361,0.000656,0,35.504825,-0.000001,0,,1,0,0,0,144.495178,-0.000001,-0.080364,-1,-1,-1,0,0,-4.604496,-8.848949,-3.404904,0.000001,14961.960938,150.522644,14962.027344,0,113.622091,-6177.371569,46.390107,354.695187,1,,0,,,,,,EntryBurn,0,0,3022.933229,-628.243302,,,,,,,,,,,,,,,,,,,,,,,,0,None,,,,,,,,,,,,,,,,,,,,,,,,1,0,0,,,0.601212,,,,,,,,,,,,,,,,,,,,,,,
40.819999,-,0,0,0,,,,91773.282716,1995.120418,1708.0159,625.906303,3.789899,6.169031,,84621.342361,0.000668,0,36.621678,-0.000001,0,,1,0,0,0,143.378321,-0.000001,-0.0786,-1,-1,-1,0,0,-4.503429,-8.560803,-2.577871,0,14965.146484,150.614319,14965.144531,0,113.622058,-6177.371936,46.390119,354.695202,1,,0,,,,,,EntryBurn,0,0,3019.299673,-625.906303,,,,,,,,,,,,,,,,,,,,,,,,0,None,,,,,,,,,,,,,,,,,,,,,,,,1,0,0,,,0.601193,,,,,,,,,,,,,,,,,,,,,,,
41.079999,-,0,0,0,,,,91935.573553,1994.341581,1707.106355,623.569384,3.680196,6.165632,,84621.342361,0.000683,0,37.594249,-0.000001,0,,1,0,0,0,142.405746,-0.000001,-0.083277,-1,-1,-1,0,0,-4.771425,-8.059562,-3.030156,0,14964.701172,150.669083,14964.771484,0,113.622019,-6177.372317,46.390125,354.69521,1,,0,,,,,,EntryBurn,0,0,3015.652677,-623.569384,,,,,,,,,,,,,,,,,,,,,,,,0,None,,,,,,,,,,,,,,,,,,,,,,,,1,0,0,,,0.601172,,,,,,,,,,,,,,,,,,,,,,,
41.339999,-,0,0,0,,,,92097.259459,1993.565577,1706.199999,621.232673,3.573956,6.162094,,84621.342361,0.000663,0,38.804207,-0.000001,0,,1,0,0,0,141.195802,-0.000001,-0.08305,-1,-1,-1,0,0,-4.758396,-8.80506,-2.982119,0,14965.643555,150.548065,14965.696289,0,113.621992,-6177.372663,46.390139,354.695228,1,,0,,,,,,EntryBurn,0,0,3011.992339,-621.232672,,,,,,,,,,,,,,,,,,,,,,,,0,None,,,,,,,,,,,,,,,,,,,,,,,,1,0,0,,,0.601131,,,,,,,,,,,,,,,,,,,,,,,
41.599999,-,0,0,0,,,,92258.339576,1992.792097,1705.296487,618.896098,3.471076,6.158418,,84621.342361,0.000693,0,40.1914,-0.000002,0,,1,0,0,0,139.808614,-0.000002,-0.076426,-1,-1,-1,0,0,-4.378885,-8.011657,-3.273462,0.000001,14966.176758,150.61142,14966.170898,0,113.621964,-6177.373037,46.390154,354.695247,1,,0,,,,,,EntryBurn,0,0,3008.319024,-618.896099,,,,,,,,,,,,,,,,,,,,,,,,0,None,,,,,,,,,,,,,,,,,,,,,,,,1,0,0,,,0.60108,,,,,,,,,,,,,,,,,,,,,,,
41.859999,-,0,0,0,,,,92418.816231,1992.021287,1704.395957,616.559509,3.371451,6.154603,,84621.342361,0.000696,0,41.192684,-0.000002,0,,1,0,0,0,138.80732,-0.000002,-0.079937,-1,-1,-1,0,0,-4.580047,-8.342973,-2.695778,0.000001,14965.87207,150.627777,14965.905273,0,113.62193,-6177.373398,46.39017,354.695268,1,,0,,,,,,EntryBurn,0,0,3004.632072,-616.559508,,,,,,,,,,,,,,,,,,,,,,,,0,None,,,,,,,,,,,,,,,,,,,,,,,,1,0,0,,,0.60103,,,,,,,,,,,,,,,,,,,,,,,
42.119999,-,0,0,0,,,,92578.678106,1991.252327,1703.497466,614.222586,3.274974,6.150648,,84621.342361,0.000827,0,42.478187,-0.000002,0,,1,0,0,0,137.521817,-0.000002,-0.079719,-1,-1,-1,0,0,-4.567535,-8.54288,-2.702223,0.000001,14968.700195,150.609619,14968.756836,0,113.621864,-6177.373905,46.390169,354.695265,1,,0,,,,,,EntryBurn,0,0,3000.930652,-614.222585,,,,,,,,,,,,,,,,,,,,,,,,0,None,,,,,,,,,,,,,,,,,,,,,,,,1,0,0,,,0.60098,,,,,,,,,,,,,,,,,,,,,,,
42.379999,-,0,0,0,,,,92737.933538,1990.486026,1702.601915,611.885669,3.181551,6.146553,,84621.342361,0.000935,0,43.665802,-0.000002,0,,1,0,0,0,136.334201,-0.000002,-0.076413,-1,-1,-1,0,0,-4.378158,-8.286087,-2.602006,0.000001,14963.545898,150.636902,14963.616211,0,113.621787,-6177.374404,46.390163,354.695259,1,,0,,,,,,EntryBurn,0,0,2997.21519,-611.885669,,,,,,,,,,,,,,,,,,,,,,,,0,None,,,,,,,,,,,,,,,,,,,,,,,,1,0,0,,,0.600932,,,,,,,,,,,,,,,,,,,,,,,
42.639999,-,0,0,0,,,,92896.576831,1989.722406,1701.709392,609.548901,3.091082,6.14232,,84621.334732,0.000937,0,45.266199,-0.000002,0,,1,0,0,0,134.733797,-0.000002,-0.076031,-1,-1,-1,0,0,-4.356231,-8.14248,-2.670371,0.000001,14966.373047,150.589722,14966.503906,0,113.621717,-6177.3749,46.390162,354.695257,1,,0,,,,,,EntryBurn,0,0,2993.486047,-609.548901,,,,,,,,,,,,,,,,,,,,,,,,0,None,,,,,,,,,,,,,,,,,,,,,,,,1,0,0,,,0.600884,,,,,,,,,,,,,,,,,,,,,,,
42.899999,-,0,0,0,,,,93054.620501,1988.961498,1700.819914,607.21242,3.003478,6.13795,,84621.334732,0.00093,0,46.458984,-0.000002,0,,1,0,0,0,133.541014,-0.000002,-0.0745,-1,-1,-1,0,0,-4.268508,-8.417868,-2.35347,0.000001,14965.788086,150.54451,14965.81543,0,113.621657,-6177.375397,46.390163,354.695258,1,,0,,,,,,EntryBurn,0,0,2989.743661,-607.21242,,,,,,,,,,,,,,,,,,,,,,,,0,None,,,,,,,,,,,,,,,,,,,,,,,,1,0,0,,,0.600836,,,,,,,,,,,,,,,,,,,,,,,
43.159999,-,0,0,0,,,,93212.053917,1988.203112,1699.933271,604.875841,2.918635,6.133442,,84621.334732,0.000947,0,47.768777,-0.000002,0,,1,0,0,0,132.231231,-0.000002,-0.080765,-1,-1,-1,0,0,-4.627495,-8.305367,-2.509333,0,14965.073242,150.57135,14965.081055,0,113.621585,-6177.37591,46.390164,354.69526,1,,0,,,,,,EntryBurn,0,0,2985.986765,-604.875841,,,,,,,,,,,,,,,,,,,,,,,,0,None,,,,,,,,,,,,,,,,,,,,,,,,1,0,0,,,0.600788,,,,,,,,,,,,,,,,,,,,,,,
43.419999,-,0,0,0,,,,93368.882845,1987.447358,1699.049595,602.539479,2.836465,6.128798,,84621.334732,0.000982,0,49.183871,-0.000002,0,,1,0,0,0,130.816119,-0.000002,-0.087512,-1,-1,-1,0,0,-5.014047,-8.926187,-2.462175,0,14966.572266,150.542038,14966.567383,0,113.621524,-6177.376437,46.390167,354.695263,1,,0,,,,,,EntryBurn,0,0,2982.215748,-602.539478,,,,,,,,,,,,,,,,,,,,,,,,0,None,,,,,,,,,,,,,,,,,,,,,,,,1,0,0,,,0.60074,,,,,,,,,,,,,,,,,,,,,,,
43.679999,-,0,0,0,,,,93525.103463,1986.694398,1698.169032,600.203192,2.756874,6.124019,,84621.334732,0.000948,0,50.547595,-0.000002,0,,1,0,0,0,129.452394,-0.000002,-0.08305,-1,-1,-1,0,0,-4.758408,-8.253933,-2.450058,0,14966.94043,150.572266,14966.956055,0,113.621454,-6177.376934,46.39017,354.695268,1,,0,,,,,,EntryBurn,0,0,2978.43101,-600.203192,,,,,,,,,,,,,,,,,,,,,,,,0,None,,,,,,,,,,,,,,,,,,,,,,,,1,0,0,,,0.600692,,,,,,,,,,,,,,,,,,,,,,,
43.939999,-,0,0,0,,,,93680.715149,1985.9438,1697.291127,597.866912,2.679769,6.119104,,84621.334732,0.000996,0,51.883613,-0.000002,0,,1,0,0,0,128.116387,-0.000002,-0.085161,-1,-1,-1,0,0,-4.879363,-8.116722,-2.403329,0,14968.819336,150.520401,14968.870117,0,113.621381,-6177.377492,46.390169,354.695266,1,,0,,,,,,EntryBurn,0,0,2974.631698,-597.866912,,,,,,,,,,,,,,,,,,,,,,,,0,None,,,,,,,,,,,,,,,,,,,,,,,,1,0,0,,,0.600644,,,,,,,,,,,,,,,,,,,,,,,
44.199999,-,0,0,0,,,,93835.718078,1985.195944,1696.416306,595.530785,2.605064,6.114054,,84621.334732,0.001043,0,53.295006,-0.000002,0,,1,0,0,0,126.704987,-0.000002,-0.071168,-1,-1,-1,0,0,-4.077654,-8.315157,-2.397908,0,14963.211914,150.569519,14963.268555,0,113.621307,-6177.378037,46.390171,354.695268,1,,0,,,,,,EntryBurn,0,0,2970.817853,-595.530785,,,,,,,,,,,,,,,,,,,,,,,,0,None,,,,,,,,,,,,,,,,,,,,,,,,1,0,0,,,0.600595,,,,,,,,,,,,,,,,,,,,,,,
44.459999,-,0,0,0,,,,93990.118265,1984.450743,1695.544467,593.194698,2.532675,6.10887,,84621.334732,0.001007,0,54.56925,-0.000002,0,,1,0,0,0,125.430743,-0.000002,-0.07826,-1,-1,-1,0,0,-4.483958,-8.770966,-2.395625,0,14968.092773,150.758987,14967.923828,0,113.621233,-6177.378582,46.390173,354.695272,1,,0,,,,,,EntryBurn,0,0,2966.989182,-593.194698,,,,,,,,,,,,,,,,,,,,,,,,0,None,,,,,,,,,,,,,,,,,,,,,,,,1,0,0,,,0.600544,,,,,,,,,,,,,,,,,,,,,,,
44.719999,-,0,0,0,,,,94143.906634,1983.708162,1694.675564,590.858756,2.462509,6.103555,,84621.334732,0.001048,0,56.145922,-0.000003,0,,1,0,0,0,123.854077,-0.000003,-0.072568,-1,-1,-1,0,0,-4.157869,-8.776288,-2.102039,0,14961.380859,150.504883,14961.394531,0,113.621154,-6177.379142,46.390174,354.695273,1,,0,,,,,,EntryBurn,0,0,2963.146566,-590.858755,,,,,,,,,,,,,,,,,,,,,,,,0,None,,,,,,,,,,,,,,,,,,,,,,,,1,0,0,,,0.600493,,,,,,,,,,,,,,,,,,,,,,,
44.979999,-,0,0,0,,,,94297.099274,1982.968306,1693.809721,588.522858,2.394481,6.098106,,84621.334732,0.001035,0,57.377499,-0.000002,0,,1,0,0,0,122.622501,-0.000002,-0.065831,-1,-1,-1,0,0,-3.771866,-7.630239,-1.581395,0,14962.90332,150.645126,14962.908203,0,113.621079,-6177.379687,46.390176,354.695276,1,,0,,,,,,EntryBurn,0,0,2959.28891,-588.522859,,,,,,,,,,,,,,,,,,,,,,,,0,None,,,,,,,,,,,,,,,,,,,,,,,,1,0,0,,,0.600441,,,,,,,,,,,,,,,,,,,,,,,
45.239999,-,0,0,0,,,,94449.669385,1982.231342,1692.947138,586.187311,2.32852,6.092528,,84621.334732,0.000984,0,59.126201,-0.000002,0,,1,0,0,0,120.8738,-0.000002,-0.074676,-1,-1,-1,0,0,-4.278635,-7.965567,-2.199826,0,14961.235352,150.750031,14961.263672,0,113.621007,-6177.380202,46.390183,354.695285,1,,0,,,,,,EntryBurn,0,0,2955.416612,-586.187311,,,,,,,,,,,,,,,,,,,,,,,,0,None,,,,,,,,,,,,,,,,,,,,,,,,1,0,0,,,0.600389,,,,,,,,,,,,,,,,,,,,,,,
45.499999,-,0,0,0,,,,94601.639762,1981.497064,1692.087586,583.851849,2.264527,6.086821,,84621.334732,0.000956,0,60.398104,-0.000002,0,,1,0,0,0,119.601883,-0.000002,-0.092769,-1,-1,-1,0,0,-5.315251,-8.131273,-2.129292,0,14960.198242,150.599014,14960.223633,0,113.620946,-6177.380715,46.390192,354.695297,1,,0,,,,,,EntryBurn,0,0,2951.529218,-583.85185,,,,,,,,,,,,,,,,,,,,,,,,0,None,,,,,,,,,,,,,,,,,,,,,,,,1,0,0,,,0.600337,,,,,,,,,,,,,,,,,,,,,,,
45.759999,-,0,0,0,,,,94753.008715,1980.765335,1691.230908,581.516369,2.202435,6.080985,,84621.334732,0.001,0,61.742978,-0.000002,0,,1,0,0,0,118.257027,-0.000002,-0.100465,-1,-1,-1,0,0,-5.756237,-7.972082,-2.059649,0,14970.328125,150.541611,14970.374023,0,113.620878,-6177.38125,46.390201,354.695308,1,,0,,,,,,EntryBurn,0,0,2947.627067,-581.516369,,,,,,,,,,,,,,,,,,,,,,,,0,None,,,,,,,,,,,,,,,,,,,,,,,,1,0,0,,,0.600285,,,,,,,,,,,,,,,,,,,,,,,
46.019999,-,0,0,0,,,,94903.771361,1980.03653,1690.377507,579.18126,2.142161,6.075021,,84621.334732,0.000964,0,63.510939,-0.000003,0,,1,0,0,0,116.489062,-0.000003,-0.092258,-1,-1,-1,0,0,-5.285973,-8.766086,-1.598369,0,14964.813477,150.87886,14964.563477,0,113.620827,-6177.38175,46.390211,354.695321,1,,0,,,,,,EntryBurn,0,0,2943.709965,-579.18126,,,,,,,,,,,,,,,,,,,,,,,,0,None,,,,,,,,,,,,,,,,,,,,,,,,1,0,0,,,0.600233,,,,,,,,,,,,,,,,,,,,,,,
46.279999,-,0,0,0,,,,95053.930563,1979.310304,1689.527008,576.84605,2.083629,6.068931,,84621.334732,0.000947,0,64.699474,-0.000003,0,,1,0,0,0,115.300522,-0.000003,-0.084434,-1,-1,-1,0,0,-4.837684,-8.431712,-1.786684,0,14966.908203,150.591263,14966.90918,0,113.620766,-6177.382261,46.390221,354.695333,1,,0,,,,,,EntryBurn,0,0,2939.777018,-576.84605,,,,,,,,,,,,,,,,,,,,,,,,0,None,,,,,,,,,,,,,,,,,,,,,,,,1,0,0,,,0.600181,,,,,,,,,,,,,,,,,,,,,,,
46.539999,-,0,0,0,,,,95203.479903,1978.586837,1688.679615,574.511093,2.026804,6.062716,,84621.334732,0.00094,0,66.199404,-0.000002,0,,1,0,0,0,113.800606,-0.000002,-0.093254,-1,-1,-1,0,0,-5.343065,-8.013865,-1.909631,0,14964.916992,150.479782,14965.014648,0,113.620711,-6177.382768,46.390231,354.695346,1,,0,,,,,,EntryBurn,0,0,2935.828915,-574.511093,,,,,,,,,,,,,,,,,,,,,,,,0,None,,,,,,,,,,,,,,,,,,,,,,,,1,0,0,,,0.600129,,,,,,,,,,,,,,,,,,,,,,,
46.799999,-,0,0,0,,,,95352.428602,1977.866032,1687.83523,572.176223,1.971657,6.056377,,84621.334732,0.000938,0,67.6681,-0.000002,0,,1,0,0,0,112.331892,-0.000002,-0.090106,-1,-1,-1,0,0,-5.162678,-7.810205,-1.090534,0,14960.943359,150.642365,14961.03125,0,113.620659,-6177.38328,46.390242,354.695361,1,,0,,,,,,EntryBurn,0,0,2931.865649,-572.176222,,,,,,,,,,,,,,,,,,,,,,,,0,None,,,,,,,,,,,,,,,,,,,,,,,,1,0,0,,,0.600077,,,,,,,,,,,,,,,,,,,,,,,
47.059999,-,0,0,0,,,,95500.770975,1977.147993,1686.993951,569.841401,1.918144,6.049916,,84621.334732,0.000947,0,69.159795,-0.000002,0,,1,0,0,0,110.840219,-0.000002,-0.086131,-1,-1,-1,0,0,-4.934923,-8.51953,-1.619545,0,14963.975586,150.56633,14964.007813,0,113.620603,-6177.383774,46.390255,354.695376,1,,0,,,,,,EntryBurn,0,0,2927.886426,-569.8414,,,,,,,,,,,,,,,,,,,,,,,,0,None,,,,,,,,,,,,,,,,,,,,,,,,1,0,0,,,0.600025,,,,,,,,,,,,,,,,,,,,,,,
47.319999,-,0,0,0,,,,95648.502487,1976.4318,1686.15472,567.506148,1.866223,6.043332,,84621.334732,0.001132,0,70.488537,-0.000002,0,,1,0,0,0,109.511463,-0.000002,-0.089748,-1,-1,-1,0,0,-5.1422,-9.033081,-1.104385,0,14962.411133,150.57019,14962.389648,0,113.620503,-6177.384423,46.390247,354.695366,1,,0,,,,,,EntryBurn,0,0,2923.890324,-567.506148,,,,,,,,,,,,,,,,,,,,,,,,0,None,,,,,,,,,,,,,,,,,,,,,,,,1,0,0,,,0.599972,,,,,,,,,,,,,,,,,,,,,,,
47.579999,-,0,0,0,,,,95795.630596,1975.718767,1685.318927,565.171109,1.815846,6.036628,,84621.334732,0.001166,0,71.862799,-0.000002,0,,1,0,0,0,108.13719,-0.000002,-0.085084,-1,-1,-1,0,0,-4.874976,-9.097628,-1.052318,0,14968.025391,150.811066,14968.02832,0,113.620421,-6177.384977,46.39023,354.695345,1,,0,,,,,,EntryBurn,0,0,2919.878636,-565.171108,,,,,,,,,,,,,,,,,,,,,,,,0,None,,,,,,,,,,,,,,,,,,,,,,,,1,0,0,,,0.599919,,,,,,,,,,,,,,,,,,,,,,,
47.839999,-,0,0,0,,,,95942.157232,1975.008472,1684.48623,562.83621,1.766975,6.029806,,84621.334732,0.001064,0,73.586798,-0.000002,0,,1,0,0,0,106.413209,-0.000002,-0.095215,-1,-1,-1,0,0,-5.455428,-8.277813,-1.668197,0,14962.577148,150.787827,14962.845703,0,113.620342,-6177.385527,46.390216,354.695327,1,,0,,,,,,EntryBurn,0,0,2915.851254,-562.83621,,,,,,,,,,,,,,,,,,,,,,,,0,None,,,,,,,,,,,,,,,,,,,,,,,,1,0,0,,,0.599865,,,,,,,,,,,,,,,,,,,,,,,
48.099999,-,0,0,0,,,,96088.075536,1974.300881,1683.656589,560.501458,1.719572,6.022868,,84621.334732,0.001093,0,75.069686,-0.000002,0,,1,0,0,0,104.930312,-0.000002,-0.098216,-1,-1,-1,0,0,-5.627376,-8.842186,-0.399073,0,14965.011719,150.622223,14965.174805,0,113.620266,-6177.386081,46.390202,354.695309,1,,0,,,,,,EntryBurn,0,0,2911.807582,-560.501459,,,,,,,,,,,,,,,,,,,,,,,,0,None,,,,,,,,,,,,,,,,,,,,,,,,1,0,0,,,0.599811,,,,,,,,,,,,,,,,,,,,,,,
48.359999,-,0,0,0,,,,96233.395907,1973.59612,1682.830129,558.166691,1.673596,6.015815,,84621.334732,0.001036,0,76.349115,-0.000002,0,,1,0,0,0,103.650853,-0.000002,-0.093809,-1,-1,-1,0,0,-5.374869,-8.155227,-0.44345,0,14967.494141,150.739899,14967.588867,0,113.620173,-6177.386602,46.39019,354.695293,1,,0,,,,,,EntryBurn,0,0,2907.74722,-558.166692,,,,,,,,,,,,,,,,,,,,,,,,0,None,,,,,,,,,,,,,,,,,,,,,,,,1,0,0,,,0.599757,,,,,,,,,,,,,,,,,,,,,,,
48.619999,-,0,0,0,,,,96378.110131,1972.893971,1682.006636,555.832096,1.629011,6.008663,,84621.334732,0.001045,0,78.082396,-0.000002,0,,1,0,0,0,101.917604,-0.000002,-0.097274,-1,-1,-1,0,0,-5.573396,-8.608392,-0.567581,0,14964.575195,150.659134,14964.491211,0,113.620094,-6177.387148,46.390178,354.695278,1,,0,,,,,,EntryBurn,0,0,2903.67085,-555.832096,,,,,,,,,,,,,,,,,,,,,,,,0,None,,,,,,,,,,,,,,,,,,,,,,,,1,0,0,,,0.599702,,,,,,,,,,,,,,,,,,,,,,,
48.879999,-,0,0,0,,,,96522.199613,1972.194434,1681.186102,553.497488,1.5858,6.001445,,84621.334732,0.001104,0,79.438329,-0.000002,0,,1,0,0,0,100.561632,-0.000002,-0.10414,-1,-1,-1,0,0,-5.966763,-8.049105,-0.841074,0,14968.400391,150.554565,14968.448242,0,113.619998,-6177.387711,46.390165,354.695262,1,,0,,,,,,EntryBurn,0,0,2899.577868,-553.497488,,,,,,,,,,,,,,,,,,,,,,,,0,None,,,,,,,,,,,,,,,,,,,,,,,,1,0,0,,,0.599646,,,,,,,,,,,,,,,,,,,,,,,
49.139999,-,0,0,0,,,,96665.705306,1971.4976,1680.368621,551.162889,1.543917,5.994168,,84621.334732,0.001124,0,80.825482,-0.000002,0,,1,0,0,0,99.174509,-0.000002,-0.100999,-1,-1,-1,0,0,-5.786824,-8.02373,-0.854025,0,14961.951172,150.542969,14962.05957,0,113.619909,-6177.388271,46.390154,354.695247,1,,0,,,,,,EntryBurn,0,0,2895.467832,-551.162889,,,,,,,,,,,,,,,,,,,,,,,,0,None,,,,,,,,,,,,,,,,,,,,,,,,1,0,0,,,0.59959,,,,,,,,,,,,,,,,,,,,,,,
49.399999,-,0,0,0,,,,96808.603541,1970.803574,1679.554308,548.828563,1.503329,5.986834,,84621.334732,0.001094,0,82.316348,-0.000002,0,,1,0,0,0,97.68364,-0.000002,-0.10716,-1,-1,-1,0,0,-6.1398,-8.716014,-0.685735,0,14970.524414,150.618271,14970.525391,0,113.619822,-6177.388823,46.390142,354.695232,1,,0,,,,,,EntryBurn,0,0,2891.341075,-548.828563,,,,,,,,,,,,,,,,,,,,,,,,0,None,,,,,,,,,,,,,,,,,,,,,,,,1,0,0,,,0.599534,,,,,,,,,,,,,,,,,,,,,,,
49.659999,-,0,0,0,,,,96950.893345,1970.112299,1678.743115,546.494252,1.463995,5.979446,,84621.334732,0.001052,0,83.72769,-0.000002,0,,1,0,0,0,96.272253,-0.000002,-0.103393,-1,-1,-1,0,0,-5.923955,-8.410684,-0.564929,0,14964.853516,150.535934,14964.913086,0,113.619731,-6177.389364,46.390133,354.695221,1,,0,,,,,,EntryBurn,0,0,2887.197684,-546.494252,,,,,,,,,,,,,,,,,,,,,,,,0,None,,,,,,,,,,,,,,,,,,,,,,,,1,0,0,,,0.599478,,,,,,,,,,,,,,,,,,,,,,,
49.919999,-,0,0,0,,,,97092.575622,1969.423869,1677.935127,544.160007,1.425876,5.972005,,84621.334732,0.001037,0,85.33602,-0.000002,0,,1,0,0,0,94.663998,-0.000002,-0.103174,-1,-1,-1,0,0,-5.911425,-8.716498,-0.73795,0,14968.732422,150.727386,14968.646484,0,113.619645,-6177.389876,46.390125,354.695211,1,,0,,,,,,EntryBurn,0,0,2883.0371,-544.160007,,,,,,,,,,,,,,,,,,,,,,,,0,None,,,,,,,,,,,,,,,,,,,,,,,,1,0,0,,,0.599421,,,,,,,,,,,,,,,,,,,,,,,
50.179999,-,0,0,0,,,,97233.651446,1968.738103,1677.130163,541.82603,1.388939,5.964515,,84621.334732,0.001031,0,86.628764,-0.000002,0,,1,0,0,0,93.371217,-0.000002,-0.102666,-1,-1,-1,0,0,-5.882322,-8.966908,-0.609918,0,14966.94043,150.524384,14966.979492,0,113.61955,-6177.390413,46.390116,354.695199,1,,0,,,,,,EntryBurn,0,0,2878.859385,-541.82603,,,,,,,,,,,,,,,,,,,,,,,,0,None,,,,,,,,,,,,,,,,,,,,,,,,1,0,0,,,0.599365,,,,,,,,,,,,,,,,,,,,,,,
50.439999,-,0,0,0,,,,97374.13224,1968.055151,1676.32839,539.492115,1.353138,5.956978,,84621.334732,0.001007,0,87.989616,-0.000001,0,,1,0,0,0,92.010392,-0.000001,-0.079137,-1,-1,-1,0,0,-4.534209,-8.440131,-0.716328,0,14962.227539,150.67337,14962.222656,0,113.619473,-6177.390928,46.390111,354.695192,1,,0,,,,,,EntryBurn,0,0,2874.664043,-539.492116,,,,,,,,,,,,,,,,,,,,,,,,0,None,,,,,,,,,,,,,,,,,,,,,,,,1,0,0,,,0.599308,,,,,,,,,,,,,,,,,,,,,,,
50.699999,-,0,0,0,,,,97513.997286,1967.374922,1675.529685,537.158157,1.318447,5.949395,,84621.334732,0.001034,0,89.572651,-0.000001,0,,1,0,0,0,90.427353,-0.000001,-0.099751,-1,-1,-1,0,0,-5.715304,-8.339156,-0.042306,0,14967.871094,150.449402,14967.960938,0,113.619376,-6177.391437,46.390104,354.695183,1,,0,,,,,,EntryBurn,0,0,2870.451558,-537.158157,,,,,,,,,,,,,,,,,,,,,,,,0,None,,,,,,,,,,,,,,,,,,,,,,,,1,0,0,,,0.599251,,,,,,,,,,,,,,,,,,,,,,,
50.959999,-,0,0,0,,,,97653.274922,1966.697451,1674.734119,534.824506,1.284819,5.941758,,84621.334732,0.000988,0,90.921746,-0.000001,0,,1,0,0,0,89.078253,-0.000001,-0.100876,-1,1,-1,0,0,-5.779789,-8.386249,0.094907,0,14965.084961,150.681671,14965.181641,0,113.619298,-6177.391954,46.390098,354.695175,1,,0,,,,,,EntryBurn,0,0,2866.221579,-534.824506,,,,,,,,,,,,,,,,,,,,,,,,0,None,,,,,,,,,,,,,,,,,,,,,,,,1,0,0,,,0.599193,,,,,,,,,,,,,,,,,,,,,,,
51.219999,-,0,0,0,,,,97791.945062,1966.0231,1673.941959,532.490983,1.252216,5.934056,,84621.334732,0.00091,0,92.400993,-0.000002,0,,1,0,0,0,87.599011,-0.000002,-0.102072,-1,-1,-1,0,0,-5.848298,-8.704367,-0.049873,0,14968.264648,150.597061,14968.3125,0,113.619224,-6177.392388,46.390082,354.695154,1,,0,,,,,,EntryBurn,0,0,2861.973642,-532.490984,,,,,,,,,,,,,,,,,,,,,,,,0,None,,,,,,,,,,,,,,,,,,,,,,,,1,0,0,,,0.599135,,,,,,,,,,,,,,,,,,,,,,,
51.459999,-,0,0,0,,,,97930.005843,1965.351642,1673.153072,530.157492,1.220605,5.926291,,84621.334732,0.000841,0,93.770778,-0.000002,0,,1,0,0,0,86.229222,-0.000002,-0.094242,-1,-1,-1,0,0,-5.399693,-8.704827,-0.664492,0,14962.249023,150.682098,14962.462891,0,113.619142,-6177.392785,46.390069,354.695221,1,,0,,,,,,EntryBurn,0,0,2857.707676,-530.157492,,,,,,,,,,,,,,,,,,,,,,,,0,None,,,,,,,,,,,,,,,,,,,,,,,,1,0,0,,,0.599076,,,,,,,,,,,,,,,,,,,,,,,
51.739999,-,0,0,0,,,,98067.471238,1964.682848,1672.367213,527.824223,1.189954,5.918465,,84621.334732,0.000819,0,95.313911,-0.000002,0,,1,0,0,0,84.686101,-0.000002,-0.110081,-1,1,-1,0,0,-6.307205,-8.6263,0.579435,0,14967.108398,150.589752,14967.076172,0,113.619078,-6177.393206,46.390054,354.695119,1,,0,,,,,,EntryBurn,0,0,2853.424235,-527.824223,,,,,,,,,,,,,,,,,,,,,,,,0,None,,,,,,,,,,,,,,,,,,,,,,,,1,0,0,,,0.599017,,,,,,,,,,,,,,,,,,,,,,,
51.999999,-,0,0,0,,,,98204.32754,1964.016891,1671.584551,525.491046,1.160229,5.910581,,84621.334732,0.000832,0,96.618468,-0.000002,0,,1,0,0,0,83.38154,-0.000002,-0.108625,-1,1,-1,0,0,-6.223739,-8.711958,0.040311,0,14964.081055,150.670197,14964.125,0,113.619003,-6177.393606,46.390039,354.695099,1,,0,,,,,,EntryBurn,0,0,2849.122333,-525.491046,,,,,,,,,,,,,,,,,,,,,,,,0,None,,,,,,,,,,,,,,,,,,,,,,,,1,0,0,,,0.598958,,,,,,,,,,,,,,,,,,,,,,,
52.259999,-,0,0,0,,,,98340.587279,1963.353735,1670.80509,523.157837,1.1314,5.902642,,84621.334732,0.000791,0,97.933291,-0.000002,0,,1,0,0,0,82.066706,-0.000002,-0.080778,-1,1,-1,0,0,-4.628254,-8.651443,0.517141,0,14967.408203,150.698837,14967.391602,0,113.618931,-6177.393987,46.390029,354.695086,1,,0,,,,,,EntryBurn,0,0,2844.80158,-523.157838,,,,,,,,,,,,,,,,,,,,,,,,0,None,,,,,,,,,,,,,,,,,,,,,,,,1,0,0,,,0.598898,,,,,,,,,,,,,,,,,,,,,,,
52.519999,-,0,0,0,,,,98476.241493,1962.693486,1670.028922,520.824997,1.103439,5.894652,,84621.334732,0.000722,0,99.423814,-0.000002,0,,1,0,0,0,80.576179,-0.000002,-0.095444,-1,1,-1,0,0,-5.468544,-9.187148,1.260774,0,14963.681641,150.558502,14963.772461,0,113.618864,-6177.39435,46.390019,354.695074,1,,0,,,,,,EntryBurn,0,0,2840.463057,-520.824997,,,,,,,,,,,,,,,,,,,,,,,,0,None,,,,,,,,,,,,,,,,,,,,,,,,1,0,0,,,0.598839,,,,,,,,,,,,,,,,,,,,,,,
52.779999,-,0,0,0,,,,98611.286211,1962.035907,1669.255789,518.49218,1.076313,5.886612,,84621.334732,0.00072,0,100.614758,-0.000002,0,,1,0,0,0,79.385255,-0.000002,-0.099456,-1,1,-1,0,0,-5.698403,-8.261804,0.888245,0,14966.712891,150.673615,14966.637695,0,113.618795,-6177.394725,46.390009,354.695061,1,,0,,,,,,EntryBurn,0,0,2836.105847,-518.49218,,,,,,,,,,,,,,,,,,,,,,,,0,None,,,,,,,,,,,,,,,,,,,,,,,,1,0,0,,,0.598779,,,,,,,,,,,,,,,,,,,,,,,
53.039999,-,0,0,0,,,,98745.730906,1961.381277,1668.485992,516.159335,1.049996,5.878525,,84621.334732,0.000725,0,102.226963,-0.000002,0,,1,0,0,0,77.773046,-0.000002,-0.104733,-1,1,-1,0,0,-6.000751,-8.107754,0.957987,0,14968.722656,150.672745,14968.742188,0,113.618721,-6177.395051,46.390003,354.695053,1,,0,,,,,,EntryBurn,0,0,2831.729322,-516.159333,,,,,,,,,,,,,,,,,,,,,,,,0,None,,,,,,,,,,,,,,,,,,,,,,,,1,0,0,,,0.59872,,,,,,,,,,,,,,,,,,,,,,,
53.299999,-,0,0,0,,,,98879.559269,1960.729211,1667.719134,513.826684,1.024455,5.870394,,84621.334732,0.000703,0,103.376396,-0.000002,0,,1,0,0,0,76.623612,-0.000002,-0.109476,-1,1,-1,0,0,-6.272488,-8.611571,1.07961,0,14966.31543,150.521973,14966.310547,0,113.618641,-6177.395425,46.389994,354.695042,1,,0,,,,,,EntryBurn,0,0,2827.333742,-513.826685,,,,,,,,,,,,,,,,,,,,,,,,0,None,,,,,,,,,,,,,,,,,,,,,,,,1,0,0,,,0.59866,,,,,,,,,,,,,,,,,,,,,,,
53.559999,-,0,0,0,,,,99012.809781,1960.079915,1666.955434,511.494116,0.999664,5.862218,,84621.334732,0.000758,0,104.61007,-0.000001,0,,1,0,0,0,75.389931,-0.000001,-0.095347,-1,1,-1,0,0,-5.462981,-8.690609,1.146014,0,14970.024414,150.402878,14970.048828,0,113.618579,-6177.395794,46.389987,354.695033,1,,0,,,,,,EntryBurn,0,0,2822.919502,-511.494118,,,,,,,,,,,,,,,,,,,,,,,,0,None,,,,,,,,,,,,,,,,,,,,,,,,1,0,0,,,0.598598,,,,,,,,,,,,,,,,,,,,,,,
53.819999,-,0,0,0,,,,99145.428683,1959.433532,1666.195023,509.161559,0.975597,5.854005,,84621.334732,0.000691,0,106.065914,-0.000001,0,,1,0,0,0,73.934093,-0.000001,-0.093561,-1,1,-1,0,0,-5.360661,-7.714842,1.038977,0,14963.616211,150.542618,14963.641602,0,113.618497,-6177.396127,46.389982,354.695026,1,,0,,,,,,EntryBurn,0,0,2818.485629,-509.161559,,,,,,,,,,,,,,,,,,,,,,,,0,None,,,,,,,,,,,,,,,,,,,,,,,,1,0,0,,,0.598537,,,,,,,,,,,,,,,,,,,,,,,
54.079999,-,0,0,0,,,,99277.483778,1958.789959,1665.437828,506.829229,0.952223,5.845754,,84621.334732,0.000642,0,107.094157,-0.000001,0,,1,0,0,0,72.905849,-0.000001,-0.096291,-1,1,-1,0,0,-5.517086,-7.481983,0.981387,0,14967.529297,150.561676,14967.564453,0,113.618437,-6177.396455,46.389978,354.695022,1,,0,,,,,,EntryBurn,0,0,2814.032257,-506.829227,,,,,,,,,,,,,,,,,,,,,,,,0,None,,,,,,,,,,,,,,,,,,,,,,,,1,0,0,,,0.598475,,,,,,,,,,,,,,,,,,,,,,,
54.339999,-,0,0,0,,,,99408.89414,1958.149419,1664.684013,504.497077,0.92952,5.837469,,84621.334732,0.000567,0,108.533084,-0.000001,0,,1,0,0,0,71.466924,-0.000001,-0.093649,-1,1,-1,0,0,-5.365721,-8.376546,0.549099,0,14964.933594,150.584885,14964.892578,0,113.618369,-6177.396731,46.389971,354.695012,1,,0,,,,,,EntryBurn,0,0,2809.559357,-504.497078,,,,,,,,,,,,,,,,,,,,,,,,0,None,,,,,,,,,,,,,,,,,,,,,,,,1,0,0,,,0.598413,,,,,,,,,,,,,,,,,,,,,,,
54.599999,-,0,0,0,,,,99539.731397,1957.511754,1663.933441,502.165001,0.907459,5.829152,,84621.334732,0.000516,0,109.674724,-0.000001,0,,1,0,0,0,70.325266,-0.000001,-0.100375,-1,1,-1,0,0,-5.751048,-7.661003,1.654093,0,14965.290039,150.673233,14965.366211,0,113.618314,-6177.396981,46.389961,354.695,1,,0,,,,,,EntryBurn,0,0,2805.066998,-502.165001,,,,,,,,,,,,,,,,,,,,,,,,0,None,,,,,,,,,,,,,,,,,,,,,,,,1,0,0,,,0.598351,,,,,,,,,,,,,,,,,,,,,,,
54.859999,-,0,0,0,,,,99669.948211,1956.876994,1663.186154,499.832944,0.886019,5.820805,,84621.334732,0.000487,0,111.050472,-0.000001,0,,1,0,0,0,68.949539,-0.000001,-0.105482,-1,1,-1,0,0,-6.043648,-8.543193,2.117918,0,14966.811523,150.593857,14966.657227,0,113.618248,-6177.397198,46.389952,354.694988,1,,0,,,,,,EntryBurn,0,0,2800.554245,-499.832943,,,,,,,,,,,,,,,,,,,,,,,,0,None,,,,,,,,,,,,,,,,,,,,,,,,1,0,0,,,0.598288,,,,,,,,,,,,,,,,,,,,,,,
55.119999,-,0,0,0,,,,99799.57327,1956.245073,1662.442075,497.500952,0.865172,5.81243,,84621.334732,0.000472,0,112.149744,-0.000001,0,,1,0,0,0,67.850256,-0.000001,-0.097876,-1,1,-1,0,0,-5.607854,-8.502634,1.31019,0,14965.597656,150.605225,14965.571289,0,113.61818,-6177.397398,46.38994,354.694973,1,,0,,,,,,EntryBurn,0,0,2796.021002,-497.500953,,,,,,,,,,,,,,,,,,,,,,,,0,None,,,,,,,,,,,,,,,,,,,,,,,,1,0,0,,,0.598225,,,,,,,,,,,,,,,,,,,,,,,
55.379999,-,0,0,0,,,,99928.599787,1955.615866,1661.701118,495.169341,0.844896,5.804028,,84621.334732,0.000463,0,113.363686,-0.000001,0,,1,0,0,0,66.636332,-0.000001,-0.082642,-1,1,-1,0,0,-4.735046,-7.450107,0.991667,0,14966.334961,150.520218,14966.446289,0,113.61814,-6177.397627,46.389929,354.694959,1,,0,,,,,,EntryBurn,0,0,2791.468265,-495.169342,,,,,,,,,,,,,,,,,,,,,,,,0,None,,,,,,,,,,,,,,,,,,,,,,,,1,0,0,,,0.598162,,,,,,,,,,,,,,,,,,,,,,,
55.639999,-,0,0,0,,,,100057.008038,1954.989416,1660.96334,492.837884,0.825169,5.795606,,84621.334732,0.000443,0,114.486092,-0.000001,0,,1,0,0,0,65.513931,-0.000001,-0.088268,-1,1,-1,0,0,-5.057375,-8.511998,1.113269,0,14965.922852,150.464752,14965.883789,0,113.618081,-6177.397864,46.389923,354.694951,1,,0,,,,,,EntryBurn,0,0,2786.89519,-492.837884,,,,,,,,,,,,,,,,,,,,,,,,0,None,,,,,,,,,,,,,,,,,,,,,,,,1,0,0,,,0.598098,,,,,,,,,,,,,,,,,,,,,,,
55.899999,-,0,0,0,,,,100184.830671,1954.365791,1660.228776,490.506484,0.805993,5.787209,,84621.334732,0.000418,0,115.598938,-0.000001,0,,1,0,0,0,64.401056,-0.000001,-0.087756,-1,1,-1,0,0,-5.028024,-8.212783,1.3438,0,14967.976563,150.579529,14968.022461,0,113.618037,-6177.398089,46.389916,354.694942,1,,0,,,,,,EntryBurn,0,0,2782.301065,-490.506485,,,,,,,,,,,,,,,,,,,,,,,,0,None,,,,,,,,,,,,,,,,,,,,,,,,1,0,0,,,0.598032,,,,,,,,,,,,,,,,,,,,,,,
56.159999,-,0,0,0,,,,100312.035173,1953.745115,1659.497558,488.175014,0.787363,5.77885,,84621.334732,0.000384,0,116.746676,-0.000001,0,,1,0,0,0,63.253322,-0.000001,-0.094382,-1,1,-1,0,0,-5.407708,-9.709393,1.554454,0,14965.662109,150.549866,14965.650391,0,113.617979,-6177.398267,46.389912,354.694937,1,,0,,,,,,EntryBurn,0,0,2777.685528,-488.175015,,,,,,,,,,,,,,,,,,,,,,,,0,None,,,,,,,,,,,,,,,,,,,,,,,,1,0,0,,,0.597966,,,,,,,,,,,,,,,,,,,,,,,
56.419999,-,0,0,0,,,,100438.642277,1953.127153,1658.769438,485.843569,0.76926,5.770526,,84621.334732,0.000394,0,117.762662,-0.000001,0,,1,0,0,0,62.237328,-0.000001,-0.094203,-1,1,-1,0,0,-5.397433,-9.726674,2.355333,0,14964.794922,150.535202,14964.735352,0,113.61792,-6177.398458,46.389907,354.694931,1,,0,,,,,,EntryBurn,0,0,2773.049347,-485.843569,,,,,,,,,,,,,,,,,,,,,,,,0,None,,,,,,,,,,,,,,,,,,,,,,,,1,0,0,,,0.597898,,,,,,,,,,,,,,,,,,,,,,,
56.679999,-,0,0,0,,,,100564.649516,1952.512077,1658.044612,483.512187,0.75167,5.762235,,84621.334732,0.000377,0,118.74251,-0.000001,0,,1,0,0,0,61.2575,-0.000001,-0.088587,-1,1,-1,0,0,-5.075634,-8.429048,0.629576,0,14965.749023,150.644409,14965.879883,0,113.61786,-6177.398624,46.389904,354.694927,1,,0,,,,,,EntryBurn,0,0,2768.391564,-483.512187,,,,,,,,,,,,,,,,,,,,,,,,0,None,,,,,,,,,,,,,,,,,,,,,,,,1,0,0,,,0.597828,,,,,,,,,,,,,,,,,,,,,,,
56.939999,-,0,0,0,,,,100690.045202,1951.899785,1657.322979,481.181171,0.734578,5.753973,,84621.334732,0.000324,0,119.768147,-0.000001,0,,1,0,0,0,60.231859,-0.000001,-0.090128,-1,1,-1,0,0,-5.163952,-9.207224,1.668145,0,14966.040039,150.573837,14966.027344,0,113.617812,-6177.398806,46.389901,354.694923,1,,0,,,,,,EntryBurn,0,0,2763.712591,-481.181171,,,,,,,,,,,,,,,,,,,,,,,,0,None,,,,,,,,,,,,,,,,,,,,,,,,1,0,0,,,0.597758,,,,,,,,,,,,,,,,,,,,,,,
57.199999,-,0,0,0,,,,100814.864051,1951.290313,1656.604596,478.850485,0.717967,5.745736,,84621.334732,0.000313,0,120.772799,-0.000001,0,,1,0,0,0,59.227215,-0.000001,-0.080867,-1,1,-1,0,0,-4.633359,-8.557668,2.341829,0,14966.094727,150.562561,14966.094727,0,113.617789,-6177.398994,46.389901,354.694923,1,,0,,,,,,EntryBurn,0,0,2759.012654,-478.850484,,,,,,,,,,,,,,,,,,,,,,,,0,None,,,,,,,,,,,,,,,,,,,,,,,,1,0,0,,,0.597686,,,,,,,,,,,,,,,,,,,,,,,
57.459999,-,0,0,0,,,,100939.05996,1950.683557,1655.889318,476.519603,0.701825,5.737525,,84621.334732,0.000328,0,121.696249,-0.000001,0,,1,0,0,0,58.303777,-0.000001,-0.088048,-1,1,-1,0,0,-5.044796,-8.500499,1.818128,0,14966.141602,150.580978,14966.09668,0,113.617737,-6177.399183,46.389901,354.694923,1,,0,,,,,,EntryBurn,0,0,2754.290444,-476.519602,,,,,,,,,,,,,,,,,,,,,,,,0,None,,,,,,,,,,,,,,,,,,,,,,,,1,0,0,,,0.597613,,,,,,,,,,,,,,,,,,,,,,,
57.719999,-,0,0,0,,,,101062.659319,1950.079817,1655.177478,474.18884,0.686136,5.729334,,84621.334732,0.000309,0,122.561892,-0.000001,0,,1,0,0,0,57.438108,-0.000001,-0.076606,-1,1,-1,0,0,-4.389174,-7.537893,1.290694,0,14965.161133,150.527863,14965.166992,0,113.61769,-6177.399325,46.389905,354.694928,1,,0,,,,,,EntryBurn,0,0,2749.545959,-474.188841,,,,,,,,,,,,,,,,,,,,,,,,0,None,,,,,,,,,,,,,,,,,,,,,,,,1,0,0,,,0.597539,,,,,,,,,,,,,,,,,,,,,,,
57.979999,-,0,0,0,,,,101185.642971,1949.478813,1654.468746,471.858057,0.670889,5.721162,,84621.334732,0.000283,0,123.55211,0,0,,1,0,0,0,56.447889,0,-0.097816,-1,1,-1,0,0,-5.604433,-8.16264,2.783334,0,14966.106445,150.53624,14966.129883,0,113.617639,-6177.399474,46.389905,354.694928,1,,0,,,,,,EntryBurn,0,0,2744.778768,-471.858058,,,,,,,,,,,,,,,,,,,,,,,,0,None,,,,,,,,,,,,,,,,,,,,,,,,1,0,0,,,0.597463,,,,,,,,,,,,,,,,,,,,,,,
58.239999,-,0,0,0,,,,101308.037404,1948.880635,1653.763272,469.527301,0.656069,5.713007,,84621.334732,0.000314,0,124.335074,0,0,,1,0,0,0,55.664918,0,-0.092837,-1,1,-1,0,0,-5.319175,-8.927415,2.299729,0,14964.799805,150.581894,14964.886719,0,113.617588,-6177.399613,46.389909,354.694934,1,,0,,,,,,EntryBurn,0,0,2739.989575,-469.527302,,,,,,,,,,,,,,,,,,,,,,,,0,None,,,,,,,,,,,,,,,,,,,,,,,,1,0,0,,,0.597385,,,,,,,,,,,,,,,,,,,,,,,
58.499999,-,0,0,0,,,,101429.813354,1948.285168,1653.060921,467.196833,0.641664,5.704866,,84621.334732,0.000312,0,125.125307,0,0,,1,0,0,0,54.874712,0,-0.089252,-1,1,-1,0,0,-5.113791,-7.949348,2.355879,0,14966.462891,150.561646,14966.477539,0,113.617542,-6177.399782,46.389913,354.694938,1,,0,,,,,,EntryBurn,0,0,2735.177833,-467.196834,,,,,,,,,,,,,,,,,,,,,,,,0,None,,,,,,,,,,,,,,,,,,,,,,,,1,0,0,,,0.597306,,,,,,,,,,,,,,,,,,,,,,,
58.759999,-,0,0,0,,,,101550.987505,1947.692572,1652.361871,464.866642,0.62766,5.696736,,84621.334732,0.000312,0,125.813076,0,0,,1,0,0,0,54.18692,0,-0.091355,-1,1,-1,0,0,-5.23423,-8.898108,2.908109,0,14965.948242,150.544495,14965.97168,0,113.617508,-6177.399947,46.389919,354.694946,1,,0,,,,,,EntryBurn,0,0,2730.343307,-464.866641,,,,,,,,,,,,,,,,,,,,,,,,0,None,,,,,,,,,,,,,,,,,,,,,,,,1,0,0,,,0.597227,,,,,,,,,,,,,,,,,,,,,,,
59.019999,-,0,0,0,,,,101671.568731,1947.103065,1651.666269,462.536563,0.614046,5.688617,,84621.334732,0.00019,0,126.585957,0,0,,1,0,0,0,53.414053,0,-0.08792,-1,1,-1,0,0,-5.037466,-8.263123,2.503201,0,14965.392578,150.684006,14965.49707,0,113.617476,-6177.40005,46.389918,354.694945,1,,0,,,,,,EntryBurn,0,0,2725.486035,-462.536563,,,,,,,,,,,,,,,,,,,,,,,,0,None,,,,,,,,,,,,,,,,,,,,,,,,1,0,0,,,0.597146,,,,,,,,,,,,,,,,,,,,,,,
59.279999,-,0,0,0,,,,101791.55907,1946.51665,1650.974142,460.206466,0.60081,5.680508,,84621.334732,0.000091,0,127.159589,0,0,,1,0,0,0,52.840422,0,-0.089302,-1,1,-1,0,0,-5.1166,-8.406803,1.92318,0,14964.797852,150.59198,14964.787109,0,113.617445,-6177.400085,46.389916,354.694942,1,,0,,,,,,EntryBurn,0,0,2720.605299,-460.206467,,,,,,,,,,,,,,,,,,,,,,,,0,None,,,,,,,,,,,,,,,,,,,,,,,,1,0,0,,,0.597061,,,,,,,,,,,,,,,,,,,,,,,
59.539999,-,0,0,0,,,,101910.936321,1945.933159,1650.28537,457.87637,0.58794,5.672404,,84621.334732,0.000112,0,127.785882,0,0,,1,0,0,0,52.214128,0,-0.08429,-1,1,-1,0,0,-4.829472,-7.236899,2.58696,0,14965.545898,150.529419,14965.643555,0,113.617416,-6177.40009,46.389917,354.694943,1,,0,,,,,,EntryBurn,0,0,2715.700549,-457.876368,,,,,,,,,,,,,,,,,,,,,,,,0,None,,,,,,,,,,,,,,,,,,,,,,,,1,0,0,,,0.596976,,,,,,,,,,,,,,,,,,,,,,,
59.799999,-,0,0,0,,,,102029.715263,1945.352537,1649.599908,455.546523,0.575426,5.664308,,84621.334732,0.000114,0,128.325607,0,0,,1,0,0,0,51.674387,0,-0.083462,-1,1,-1,0,0,-4.782047,-9.469217,3.123629,0,14965.573242,150.569916,14965.554688,0,113.617379,-6177.400092,46.389921,354.694949,1,,0,,,,,,EntryBurn,0,0,2710.772319,-455.546524,,,,,,,,,,,,,,,,,,,,,,,,0,None,,,,,,,,,,,,,,,,,,,,,,,,1,0,0,,,0.59689,,,,,,,,,,,,,,,,,,,,,,,
60.059999,-,0,0,0,,,,102147.886812,1944.77448,1648.917392,453.216862,0.563256,5.656213,,84621.334732,0.000034,0,128.735182,0.000001,0,,1,0,0,0,51.264821,0.000001,-0.077723,-1,1,-1,0,0,-4.45321,-8.454544,3.068987,0,14965.964844,150.526978,14965.986328,0,113.617361,-6177.400151,46.389919,354.694946,1,,0,,,,,,EntryBurn,0,0,2705.820745,-453.216861,,,,,,,,,,,,,,,,,,,,,,,,0,None,,,,,,,,,,,,,,,,,,,,,,,,1,0,0,,,0.596808,,,,,,,,,,,,,,,,,,,,,,,
60.319999,-,0,0,0,,,,102265.450874,1944.199122,1648.237991,450.887369,0.55142,5.648119,,84621.334732,0.000145,0,129.100524,0.000001,0,,1,0,0,0,50.899474,0.000001,-0.083443,-1,1,-1,0,0,-4.780924,-8.12966,3.595799,0,14965.738281,150.551865,14965.768555,0,113.617336,-6177.40024,46.389916,354.694942,1,,0,,,,,,EntryBurn,0,0,2700.844842,-450.887367,,,,,,,,,,,,,,,,,,,,,,,,0,None,,,,,,,,,,,,,,,,,,,,,,,,1,0,0,,,0.596725,,,,,,,,,,,,,,,,,,,,,,,
60.579999,-,0,0,0,,,,102382.439126,1943.626699,1647.561957,448.557865,0.539907,5.640026,,84621.334732,0.000089,0,129.410751,0.000001,0,,1,0,0,0,50.589251,0.000001,-0.086483,-1,1,-1,0,0,-4.955096,-8.312568,4.020833,0,14966.21582,150.488388,14966.119141,0,113.617318,-6177.400298,46.389916,354.694942,1,,0,,,,,,EntryBurn,0,0,2695.843986,-448.557865,,,,,,,,,,,,,,,,,,,,,,,,0,None,,,,,,,,,,,,,,,,,,,,,,,,1,0,0,,,0.596643,,,,,,,,,,,,,,,,,,,,,,,
60.839999,-,0,0,0,,,,102498.795513,1943.057068,1646.889131,446.228306,0.528708,5.631932,,84621.334732,0.000088,0,129.893065,0.000001,0,,1,0,0,0,50.106933,0.000001,-0.086493,-1,1,-1,0,0,-4.955663,-7.311781,2.75268,0,14964.791992,150.630905,14964.905273,0,113.617282,-6177.400355,46.389917,354.694943,1,,0,,,,,,EntryBurn,0,0,2690.818711,-446.228306,,,,,,,,,,,,,,,,,,,,,,,,0,None,,,,,,,,,,,,,,,,,,,,,,,,1,0,0,,,0.596561,,,,,,,,,,,,,,,,,,,,,,,
61.099999,-,0,0,0,,,,102614.559881,1942.490421,1646.219725,443.898886,0.517814,5.623837,,84621.334732,0.000084,0,129.994161,0.000001,0,,1,0,0,0,50.005854,0.000001,-0.086251,-1,1,-1,0,0,-4.941809,-8.261405,4.262743,0,14966.310547,150.566772,14966.358398,0,113.617247,-6177.400379,46.38992,354.694947,1,,0,,,,,,EntryBurn,0,0,2685.768434,-443.898886,,,,,,,,,,,,,,,,,,,,,,,,0,None,,,,,,,,,,,,,,,,,,,,,,,,1,0,0,,,0.59648,,,,,,,,,,,,,,,,,,,,,,,
61.359999,-,0,0,0,,,,102729.717614,1941.926622,1645.553567,441.569416,0.507214,5.615739,,84621.334732,0.000091,0,130.32306,0.000001,0,,1,0,0,0,49.676958,0.000001,-0.079346,-1,1,-1,0,0,-4.546215,-7.671235,3.354268,0,14965.754883,150.61763,14965.861328,0,113.617212,-6177.400391,46.389921,354.694949,1,,0,,,,,,EntryBurn,0,0,2680.69239,-441.569417,,,,,,,,,,,,,,,,,,,,,,,,0,None,,,,,,,,,,,,,,,,,,,,,,,,1,0,0,,,0.596399,,,,,,,,,,,,,,,,,,,,,,,
61.619999,-,0,0,0,,,,102844.262961,1941.365458,1644.890463,439.240209,0.496898,5.607636,,84621.334732,0.000069,0,130.310664,0.000001,0,,1,0,0,0,49.689339,0.000001,-0.082216,-1,1,-1,0,0,-4.710636,-9.766089,3.187927,0,14966.416016,150.514481,14966.438477,0,113.617178,-6177.400453,46.38992,354.694947,1,,0,,,,,,EntryBurn,0,0,2675.591595,-439.240211,,,,,,,,,,,,,,,,,,,,,,,,0,None,,,,,,,,,,,,,,,,,,,,,,,,1,0,0,,,0.59632,,,,,,,,,,,,,,,,,,,,,,,
61.879999,-,0,0,0,,,,102958.215107,1940.806334,1644.229712,436.910764,0.486858,5.599525,,84621.334732,0.000392,0,130.41525,0.000001,0,,1,0,0,0,49.584743,0.000001,-0.075717,-1,1,-1,0,0,-4.338284,-8.900482,2.720345,0,14965.34375,150.522095,14965.397461,0,113.617138,-6177.400669,46.389902,354.694924,1,,0,,,,,,EntryBurn,0,0,2670.464516,-436.910764,,,,,,,,,,,,,,,,,,,,,,,,0,None,,,,,,,,,,,,,,,,,,,,,,,,1,0,0,,,0.596242,,,,,,,,,,,,,,,,,,,,,,,
62.139999,-,0,0,0,,,,103071.568754,1940.250111,1643.572301,434.581222,0.477085,5.591408,,84621.334732,0.000465,0,130.415233,0.000001,0,,1,0,0,0,49.584766,0.000001,-0.074706,-1,1,-1,0,0,-4.280326,-8.204113,4.07504,0,14967.014648,150.490982,14966.963867,0,113.617081,-6177.40086,46.389887,354.694905,1,,0,,,,,,EntryBurn,0,0,2665.310805,-434.581222,,,,,,,,,,,,,,,,,,,,,,,,0,None,,,,,,,,,,,,,,,,,,,,,,,,1,0,0,,,0.596166,,,,,,,,,,,,,,,,,,,,,,,
62.399999,-,0,0,0,,,,103184.314924,1939.696962,1642.918392,432.251693,0.467571,5.583285,,84621.334732,0.000421,0,130.295755,0.000001,0,,1,0,0,0,49.704234,0.000001,-0.0763,-1,1,-1,0,0,-4.371683,-7.867212,3.91858,0,14966.847656,150.534042,14966.893555,0,113.617031,-6177.400996,46.389874,354.694888,1,,0,,,,,,EntryBurn,0,0,2660.130779,-432.251693,,,,,,,,,,,,,,,,,,,,,,,,0,None,,,,,,,,,,,,,,,,,,,,,,,,1,0,0,,,0.596092,,,,,,,,,,,,,,,,,,,,,,,
62.659999,-,0,0,0,,,,103296.441031,1939.146661,1642.267783,429.922246,0.458309,5.575155,,84621.334732,0.000358,0,130.190201,0.000001,0,,1,0,0,0,49.8098,0.000001,-0.067867,-1,1,-1,0,0,-3.888469,-8.442263,2.067213,0,14964.243164,150.586243,14964.270508,0,113.616969,-6177.401128,46.389864,354.694876,1,,0,,,,,,EntryBurn,0,0,2654.924636,-429.922247,,,,,,,,,,,,,,,,,,,,,,,,0,None,,,,,,,,,,,,,,,,,,,,,,,,1,0,0,,,0.596019,,,,,,,,,,,,,,,,,,,,,,,
62.919999,-,0,0,0,,,,103407.980439,1938.599235,1641.620472,427.592769,0.449288,5.567016,,84621.334732,0.0004,0,130.025918,0.000001,0,,1,0,0,0,49.97409,0.000001,-0.072367,-1,1,-1,0,0,-4.146343,-9.704514,3.399119,0,14966.164063,150.474625,14966.083984,0,113.61691,-6177.401247,46.389854,354.694863,1,,0,,,,,,EntryBurn,0,0,2649.691197,-427.592769,,,,,,,,,,,,,,,,,,,,,,,,0,None,,,,,,,,,,,,,,,,,,,,,,,,1,0,0,,,0.595948,,,,,,,,,,,,,,,,,,,,,,,
63.179999,-,0,0,0,,,,103518.924128,1938.054652,1640.976482,425.263734,0.440502,5.558869,,84621.334732,0.000269,0,129.782121,0.000001,0,,1,0,0,0,50.217885,0.000001,-0.071388,-1,1,-1,0,0,-4.090204,-7.744038,4.754365,0,14966.972656,150.506973,14966.976563,0,113.616873,-6177.401381,46.389849,354.694856,1,,0,,,,,,EntryBurn,0,0,2644.431407,-425.263735,,,,,,,,,,,,,,,,,,,,,,,,0,None,,,,,,,,,,,,,,,,,,,,,,,,1,0,0,,,0.595879,,,,,,,,,,,,,,,,,,,,,,,
63.439999,-,0,0,0,,,,103629.255535,1937.512744,1640.335571,422.93477,0.431943,5.550713,,84621.334732,0.000318,0,129.447292,0.000001,0,,1,0,0,0,50.552715,0.000001,-0.078497,-1,1,-1,0,0,-4.497566,-8.668161,2.991299,0,14964.50293,150.584091,14964.545898,0,113.616837,-6177.401549,46.389839,354.694843,1,,0,,,,,,EntryBurn,0,0,2639.144862,-422.934771,,,,,,,,,,,,,,,,,,,,,,,,0,None,,,,,,,,,,,,,,,,,,,,,,,,1,0,0,,,0.595811,,,,,,,,,,,,,,,,,,,,,,,
63.699999,-,0,0,0,,,,103738.999816,1936.973781,1639.698059,420.605837,0.423604,5.542546,,84621.334732,0.000317,0,129.141905,0.000001,0,,1,0,0,0,50.858099,0.000001,-0.083306,-1,1,-1,0,0,-4.773059,-8.004616,3.403634,0,14964.083008,150.505554,14964.151367,0,113.6168,-6177.401693,46.389833,354.694835,1,,0,,,,,,EntryBurn,0,0,2633.830334,-420.605837,,,,,,,,,,,,,,,,,,,,,,,,0,None,,,,,,,,,,,,,,,,,,,,,,,,1,0,0,,,0.595744,,,,,,,,,,,,,,,,,,,,,,,
63.959999,-,0,0,0,,,,103848.12402,1936.437746,1639.063919,418.276966,0.415478,5.534372,,84621.334732,0.000279,0,128.629012,0.000001,0,,1,0,0,0,51.370979,0.000001,-0.065301,-1,1,-1,0,0,-3.741498,-6.850932,3.598044,0,14966,150.532684,14966.008789,0,113.616749,-6177.401819,46.389828,354.694829,1,,0,,,,,,EntryBurn,0,0,2628.487638,-418.276966,,,,,,,,,,,,,,,,,,,,,,,,0,None,,,,,,,,,,,,,,,,,,,,,,,,1,0,0,,,0.595678,,,,,,,,,,,,,,,,,,,,,,,
64.219999,-,0,0,0,,,,103956.641665,1935.904666,1638.433169,415.948026,0.407558,5.526187,,84621.334732,0.000256,0,128.098169,0.000001,0,,1,0,0,0,51.901835,0.000001,-0.073997,-1,1,-1,0,0,-4.239689,-9.133378,3.333074,0,14967.863281,150.558823,14967.929688,0,113.616694,-6177.401913,46.389824,354.694824,1,,0,,,,,,EntryBurn,0,0,2623.117166,-415.948026,,,,,,,,,,,,,,,,,,,,,,,,0,None,,,,,,,,,,,,,,,,,,,,,,,,1,0,0,,,0.595614,,,,,,,,,,,,,,,,,,,,,,,
64.479999,-,0,0,0,,,,104064.552336,1935.374341,1637.805603,413.619028,0.399838,5.517993,,84621.334732,0.000283,0,127.630613,0.000001,0,,1,0,0,0,52.369394,0.000001,-0.072479,-1,1,-1,0,0,-4.152719,-7.83437,2.928711,0,14963.453125,150.503204,14963.548828,0,113.616632,-6177.402021,46.38982,354.694819,1,,0,,,,,,EntryBurn,0,0,2617.717633,-413.619028,,,,,,,,,,,,,,,,,,,,,,,,0,None,,,,,,,,,,,,,,,,,,,,,,,,1,0,0,,,0.595551,,,,,,,,,,,,,,,,,,,,,,,
64.739999,-,0,0,0,,,,104171.871814,1934.846703,1637.181189,411.290408,0.392308,5.509786,,84621.334732,0.000318,0,127.053175,0.000001,0,,1,0,0,0,52.946833,0.000001,-0.068935,-1,1,-1,0,0,-3.949661,-9.02035,4.150815,0,14966.441406,150.565689,14966.577148,0,113.616593,-6177.402177,46.389817,354.694815,1,,0,,,,,,EntryBurn,0,0,2612.289733,-411.290407,,,,,,,,,,,,,,,,,,,,,,,,0,None,,,,,,,,,,,,,,,,,,,,,,,,1,0,0,,,0.595489,,,,,,,,,,,,,,,,,,,,,,,
64.999999,-,0,0,0,,,,104278.576877,1934.322014,1636.560185,408.962166,0.384965,5.501569,,84621.327102,0.000245,0,126.400058,0.000001,0,,1,0,0,0,53.599959,0.000001,-0.066199,-1,1,-1,0,0,-3.792934,-8.267677,3.762728,0,14964.854492,150.64502,14964.925781,0,113.616565,-6177.402326,46.389815,354.694812,1,,0,,,,,,EntryBurn,0,0,2606.833798,-408.962164,,,,,,,,,,,,,,,,,,,,,,,,0,None,,,,,,,,,,,,,,,,,,,,,,,,1,0,0,,,0.595426,,,,,,,,,,,,,,,,,,,,,,,
65.259999,-,0,0,0,,,,104384.69685,1933.80043,1635.942732,406.633954,0.377801,5.493343,,84621.327102,0.000182,0,125.723836,0.000001,0,,1,0,0,0,54.27617,0.000001,-0.058597,-1,1,-1,0,0,-3.357381,-9.395554,4.12561,0,14966.329102,150.606979,14966.394531,0,113.616539,-6177.402418,46.389815,354.694812,1,,0,,,,,,EntryBurn,0,0,2601.348549,-406.633953,,,,,,,,,,,,,,,,,,,,,,,,0,None,,,,,,,,,,,,,,,,,,,,,,,,1,0,0,,,0.595363,,,,,,,,,,,,,,,,,,,,,,,
65.519999,-,0,0,0,,,,104490.179796,1933.281632,1635.328533,404.305671,0.370811,5.485106,,84621.327102,0.000189,0,124.91693,0.000001,0,,1,0,0,0,55.083083,0.000001,-0.067049,-1,1,-1,0,0,-3.84165,-8.887671,4.275895,0,14964.908203,150.620239,14964.942383,0,113.616497,-6177.402518,46.389819,354.694818,1,,0,,,,,,EntryBurn,0,0,2595.832989,-404.305671,,,,,,,,,,,,,,,,,,,,,,,,0,None,,,,,,,,,,,,,,,,,,,,,,,,1,0,0,,,0.5953,,,,,,,,,,,,,,,,,,,,,,,
65.779999,-,0,0,0,,,,104595.089421,1932.765797,1634.71775,401.977422,0.363989,5.476859,,84621.327102,0.000215,0,124.155476,0.000001,0,,1,0,0,0,55.844533,0.000001,-0.074648,-1,1,-1,0,0,-4.277016,-9.542383,4.694572,0,14966.150391,150.603729,14966.194336,0,113.616458,-6177.402592,46.389825,354.694825,1,,0,,,,,,EntryBurn,0,0,2590.288024,-401.977422,,,,,,,,,,,,,,,,,,,,,,,,0,None,,,,,,,,,,,,,,,,,,,,,,,,1,0,0,,,0.595237,,,,,,,,,,,,,,,,,,,,,,,
66.039999,-,0,0,0,,,,104699.388357,1932.252698,1634.110126,399.64904,0.357328,5.468601,,84621.327102,0.000228,0,123.501499,0.000001,0,,1,0,0,0,56.498501,0.000001,-0.05995,-1,1,-1,0,0,-3.434866,-7.645908,4.678113,0,14965.473633,150.614792,14965.458984,0,113.616419,-6177.402684,46.389829,354.69483,1,,0,,,,,,EntryBurn,0,0,2584.712036,-399.649039,,,,,,,,,,,,,,,,,,,,,,,,0,None,,,,,,,,,,,,,,,,,,,,,,,,1,0,0,,,0.595176,,,,,,,,,,,,,,,,,,,,,,,
66.299999,-,0,0,0,,,,104803.067276,1931.742469,1633.505844,397.321152,0.350825,5.460334,,84621.327102,0.000196,0,122.475888,0.000001,0,,1,0,0,0,57.524124,0.000001,-0.062133,-1,1,-1,0,0,-3.559941,-8.59422,3.866991,0,14966.77832,150.63092,14966.679688,0,113.616385,-6177.402792,46.389833,354.694836,1,,0,,,,,,EntryBurn,0,0,2579.106109,-397.321153,,,,,,,,,,,,,,,,,,,,,,,,0,None,,,,,,,,,,,,,,,,,,,,,,,,1,0,0,,,0.595125,,,,,,,,,,,,,,,,,,,,,,,
66.559999,-,0,0,0,,,,104906.163196,1931.235063,1632.90486,394.993416,0.344473,5.452056,,84621.327102,0.000235,0,121.668536,0.000001,0,,1,0,0,0,58.331473,0.000001,-0.061622,-1,1,-1,0,0,-3.53066,-9.35002,4.000074,0,14966.84082,150.499847,14966.84082,0,113.616361,-6177.402912,46.389841,354.694846,1,,0,,,,,,EntryBurn,0,0,2573.47012,-394.993415,,,,,,,,,,,,,,,,,,,,,,,,0,None,,,,,,,,,,,,,,,,,,,,,,,,1,0,0,,,0.595065,,,,,,,,,,,,,,,,,,,,,,,
66.819999,-,0,0,0,,,,105008.638605,1930.730689,1632.307359,392.665724,0.338267,5.443769,,84621.327102,0.000214,0,120.736888,0.000001,0,,1,0,0,0,59.263129,0.000001,-0.051319,-1,1,-1,0,0,-2.940342,-9.200239,4.990791,0,14964.895508,150.579376,14964.925781,0,113.616329,-6177.402994,46.389849,354.694857,1,,0,,,,,,EntryBurn,0,0,2567.802521,-392.665723,,,,,,,,,,,,,,,,,,,,,,,,0,None,,,,,,,,,,,,,,,,,,,,,,,,1,0,0,,,0.595,,,,,,,,,,,,,,,,,,,,,,,
67.079999,-,0,0,0,,,,105110.507843,1930.229111,1631.713102,390.338061,0.332204,5.435474,,84621.327102,0.000204,0,119.769175,0.000001,0,,1,0,0,0,60.230828,0.000001,-0.052907,-1,1,-1,0,0,-3.031375,-8.475905,4.39554,0,14963.855469,150.508957,14963.933594,0,113.6163,-6177.403089,46.389857,354.694867,1,,0,,,,,,EntryBurn,0,0,2562.102878,-390.338061,,,,,,,,,,,,,,,,,,,,,,,,0,None,,,,,,,,,,,,,,,,,,,,,,,,1,0,0,,,0.594935,,,,,,,,,,,,,,,,,,,,,,,
67.339998,-,0,0,0,,,,105211.772062,1929.730498,1631.122268,388.010287,0.326283,5.427169,,84621.327102,0.000227,0,118.766308,0.000001,0,,1,0,0,0,61.233697,0.000001,-0.047837,-1,1,-1,0,0,-2.740865,-8.379714,3.971663,0,14965.875,150.515091,14965.848633,0,113.616259,-6177.403154,46.389867,354.694881,1,,0,,,,,,EntryBurn,0,0,2556.371572,-388.010287,,,,,,,,,,,,,,,,,,,,,,,,0,None,,,,,,,,,,,,,,,,,,,,,,,,1,0,0,,,0.59487,,,,,,,,,,,,,,,,,,,,,,,
67.599998,-,0,0,0,,,,105312.447984,1929.234752,1630.534763,385.682505,0.320501,5.418855,,84621.327102,0.000262,0,117.738415,0.000001,0,,1,0,0,0,62.261585,0.000001,-0.05355,-1,1,-1,0,0,-3.068166,-7.454359,4.516099,0,14966.276367,150.540787,14966.308594,0,113.616221,-6177.403217,46.389879,354.694896,1,,0,,,,,,EntryBurn,0,0,2550.607393,-385.682506,,,,,,,,,,,,,,,,,,,,,,,,0,None,,,,,,,,,,,,,,,,,,,,,,,,1,0,0,,,0.594805,,,,,,,,,,,,,,,,,,,,,,,
67.859998,-,0,0,0,,,,105412.509495,1928.741885,1629.950596,383.35499,0.314855,5.410534,,84621.327102,0.000255,0,116.568753,0.000001,0,,1,0,0,0,63.431259,0.000001,-0.057794,-1,1,-1,0,0,-3.311352,-7.426075,4.424544,0,14964.814453,150.654236,14964.676758,0,113.616195,-6177.403285,46.389891,354.694911,1,,0,,,,,,EntryBurn,0,0,2544.810831,-383.35499,,,,,,,,,,,,,,,,,,,,,,,,0,None,,,,,,,,,,,,,,,,,,,,,,,,1,0,0,,,0.594739,,,,,,,,,,,,,,,,,,,,,,,
68.119998,-,0,0,0,,,,105511.973382,1928.251684,1629.369559,381.027893,0.309341,5.402205,,84621.327102,0.000267,0,115.65857,0.000001,0,,1,0,0,0,64.341431,0.000001,-0.046696,-1,1,-1,0,0,-2.675469,-7.679932,4.243822,0,14965.875977,150.568649,14965.90332,0,113.61618,-6177.403413,46.3899,354.694923,1,,0,,,,,,EntryBurn,0,0,2538.982699,-381.027894,,,,,,,,,,,,,,,,,,,,,,,,0,None,,,,,,,,,,,,,,,,,,,,,,,,1,0,0,,,0.594673,,,,,,,,,,,,,,,,,,,,,,,
68.379998,-,0,0,0,,,,105610.82573,1927.764487,1628.79198,378.700684,0.303957,5.393868,,84621.327102,0.000249,0,114.444082,0.000001,0,,1,0,0,0,65.555929,0.000001,-0.05553,-1,1,-1,0,0,-3.181662,-9.400987,4.811754,0,14965.279297,150.532471,14965.410156,0,113.616164,-6177.403505,46.389911,354.694937,1,,0,,,,,,EntryBurn,0,0,2533.120336,-378.700684,,,,,,,,,,,,,,,,,,,,,,,,0,None,,,,,,,,,,,,,,,,,,,,,,,,1,0,0,,,0.594607,,,,,,,,,,,,,,,,,,,,,,,
68.639998,-,0,0,0,,,,105709.075937,1927.280389,1628.217931,376.373556,0.298699,5.385525,,84621.327102,0.00018,0,113.270491,0.000001,0,,1,0,0,0,66.729523,0.000001,-0.051468,-1,1,-1,0,0,-2.948914,-9.184889,5.054279,0,14967.694336,150.524765,14967.791016,0,113.616137,-6177.403549,46.389918,354.694946,1,,0,,,,,,EntryBurn,0,0,2527.224258,-376.373556,,,,,,,,,,,,,,,,,,,,,,,,0,None,,,,,,,,,,,,,,,,,,,,,,,,1,0,0,,,0.59454,,,,,,,,,,,,,,,,,,,,,,,
68.899998,-,0,0,0,,,,105806.729316,1926.79909,1627.647044,374.046268,0.293564,5.377177,,84621.327102,0.000073,0,112.206152,0.000001,0,,1,0,0,0,67.793851,0.000001,-0.054897,-1,1,-1,0,0,-3.145353,-8.34151,4.607038,0,14966.530273,150.471237,14966.526367,0,113.616108,-6177.403601,46.389912,354.694938,1,,0,,,,,,EntryBurn,0,0,2521.293812,-374.046268,,,,,,,,,,,,,,,,,,,,,,,,0,None,,,,,,,,,,,,,,,,,,,,,,,,1,0,0,,,0.594473,,,,,,,,,,,,,,,,,,,,,,,
69.159998,-,0,0,0,,,,105903.755586,1926.320459,1627.079227,371.718705,0.288549,5.368823,,84621.327102,0.00031,0,110.951357,0.000001,0,,1,0,0,0,69.048654,0.000001,-0.049234,-1,1,-1,0,0,-2.820921,-7.185101,4.629321,0,14966.575195,150.462677,14966.601563,0,113.616059,-6177.403684,46.389899,354.694921,1,,0,,,,,,EntryBurn,0,0,2515.327542,-371.718704,,,,,,,,,,,,,,,,,,,,,,,,0,None,,,,,,,,,,,,,,,,,,,,,,,,1,0,0,,,0.594406,,,,,,,,,,,,,,,,,,,,,,,
69.419998,-,0,0,0,,,,106000.183015,1925.844679,1626.514716,369.391163,0.283652,5.360463,,84621.327102,0.000331,0,109.65725,0.000001,0,,1,0,0,0,70.342758,0.000001,-0.039708,-1,1,-1,0,0,-2.275073,-7.201405,5.177958,0,14964.978516,150.579895,14965.027344,0,113.616012,-6177.403771,46.389885,354.694903,1,,0,,,,,,EntryBurn,0,0,2509.326507,-369.391163,,,,,,,,,,,,,,,,,,,,,,,,0,None,,,,,,,,,,,,,,,,,,,,,,,,1,0,0,,,0.594339,,,,,,,,,,,,,,,,,,,,,,,
69.679998,-,0,0,0,,,,106096.000126,1925.371421,1625.953196,367.064001,0.278868,5.352099,,84621.327102,0.000398,0,108.552844,0.000001,0,,1,0,0,0,71.447157,0.000001,-0.048959,-1,1,-1,0,0,-2.805152,-7.931678,5.372907,0,14965.060547,150.553558,14965.03418,0,113.615969,-6177.403949,46.389868,354.694881,1,,0,,,,,,EntryBurn,0,0,2503.290989,-367.064002,,,,,,,,,,,,,,,,,,,,,,,,0,None,,,,,,,,,,,,,,,,,,,,,,,,1,0,0,,,0.594271,,,,,,,,,,,,,,,,,,,,,,,
69.939998,-,0,0,0,,,,106191.211437,1924.901226,1625.395233,364.736919,0.274196,5.343732,,84621.327102,0.000364,0,107.387227,0.000001,0,,1,0,0,0,72.612784,0.000001,-0.039616,-1,1,-1,0,0,-2.269843,-9.543569,5.234592,0,14967.90918,150.601624,14968.003906,0,113.615929,-6177.40409,46.389856,354.694866,1,,0,,,,,,EntryBurn,0,0,2497.219324,-364.736919,,,,,,,,,,,,,,,,,,,,,,,,0,None,,,,,,,,,,,,,,,,,,,,,,,,1,0,0,,,0.594202,,,,,,,,,,,,,,,,,,,,,,,
70.199998,-,0,0,0,,,,106285.819684,1924.434035,1624.84074,362.409859,0.269633,5.335363,,84621.327102,0.000268,0,106.103493,0.000001,0,,1,0,0,0,73.896513,0.000001,-0.040844,-1,1,-1,0,0,-2.340209,-8.114795,5.16818,0,14965.379883,150.534073,14965.405273,0,113.615891,-6177.404203,46.389845,354.694851,1,,0,,,,,,EntryBurn,0,0,2491.112043,-362.409858,,,,,,,,,,,,,,,,,,,,,,,,0,None,,,,,,,,,,,,,,,,,,,,,,,,1,0,0,,,0.594134,,,,,,,,,,,,,,,,,,,,,,,
70.459998,-,0,0,0,,,,106379.824936,1923.969757,1624.289648,360.082725,0.265176,5.326991,,84621.327102,0.000266,0,104.746116,0.000001,0,,1,0,0,0,75.253887,0.000001,-0.040419,-1,1,-1,0,0,-2.315851,-8.006135,5.458558,0,14964.756836,150.5289,14964.865234,0,113.615845,-6177.404305,46.389837,354.694841,1,,0,,,,,,EntryBurn,0,0,2484.96748,-360.082724,,,,,,,,,,,,,,,,,,,,,,,,0,None,,,,,,,,,,,,,,,,,,,,,,,,1,0,0,,,0.594064,,,,,,,,,,,,,,,,,,,,,,,
70.719998,-,0,0,0,,,,106473.221812,1923.508588,1623.742152,357.755666,0.260823,5.31862,,84621.327102,0.0002,0,103.462632,0.000001,0,,1,0,0,0,76.537364,0.000001,-0.049926,-1,1,-1,0,0,-2.86055,-7.835331,5.693562,0,14963.785156,150.624603,14963.880859,0,113.615806,-6177.40436,46.389832,354.694835,1,,0,,,,,,EntryBurn,0,0,2478.78579,-357.755665,,,,,,,,,,,,,,,,,,,,,,,,0,None,,,,,,,,,,,,,,,,,,,,,,,,1,0,0,,,0.593995,,,,,,,,,,,,,,,,,,,,,,,
70.979998,-,0,0,0,,,,106566.016621,1923.050238,1623.197935,355.42866,0.25657,5.310248,,84621.327102,0.000198,0,102.315384,0.000001,0,,1,0,0,0,77.684622,0.000001,-0.035687,-1,1,-1,0,0,-2.044712,-7.870261,5.125901,0,14966.910156,150.605484,14966.886719,0,113.615764,-6177.404431,46.389826,354.694827,1,,0,,,,,,EntryBurn,0,0,2472.567066,-355.428658,,,,,,,,,,,,,,,,,,,,,,,,0,None,,,,,,,,,,,,,,,,,,,,,,,,1,0,0,,,0.593924,,,,,,,,,,,,,,,,,,,,,,,
71.239998,-,0,0,0,,,,106658.205857,1922.594515,1622.656821,353.101998,0.252416,5.301877,,84621.327102,0.00026,0,101.100038,0.000001,0,,1,0,0,0,78.899973,0.000001,-0.037914,-1,1,-1,0,0,-2.172324,-8.405283,5.047742,0,14965.798828,150.573196,14965.94043,0,113.615733,-6177.40457,46.389818,354.694816,1,,0,,,,,,EntryBurn,0,0,2466.310717,-353.101998,,,,,,,,,,,,,,,,,,,,,,,,0,None,,,,,,,,,,,,,,,,,,,,,,,,1,0,0,,,0.593853,,,,,,,,,,,,,,,,,,,,,,,
71.499998,-,0,0,0,,,,106749.768897,1922.141917,1622.119319,350.775518,0.248358,5.293507,,84621.327102,0.000207,0,99.675114,0.000001,0,,1,0,0,0,80.324885,0.000001,-0.031585,-1,1,-1,0,0,-1.809701,-7.020439,4.992502,0,14967.426758,150.506104,14967.455078,0,113.615702,-6177.404664,46.389812,354.694809,1,,0,,,,,,EntryBurn,0,0,2460.016718,-350.775519,,,,,,,,,,,,,,,,,,,,,,,,0,None,,,,,,,,,,,,,,,,,,,,,,,,1,0,0,,,0.593782,,,,,,,,,,,,,,,,,,,,,,,
71.759998,-,0,0,0,,,,106840.74683,1921.692233,1621.585201,348.449126,0.244393,5.28514,,84621.327102,0.000148,0,98.411577,0.000001,0,,1,0,0,0,81.588421,0.000001,-0.029088,-1,1,-1,0,0,-1.666607,-9.657844,4.80638,0,14964.982422,150.523041,14964.957031,0,113.615675,-6177.404756,46.389805,354.6948,1,,0,,,,,,EntryBurn,0,0,2453.683896,-348.449126,,,,,,,,,,,,,,,,,,,,,,,,0,None,,,,,,,,,,,,,,,,,,,,,,,,1,0,0,,,0.593709,,,,,,,,,,,,,,,,,,,,,,,
72.019998,-,0,0,0,,,,106931.106252,1921.245495,1621.054518,346.122824,0.24052,5.276776,,84621.327102,0.000129,0,96.999359,0,0,,1,0,0,0,83.00064,0,-0.024978,-1,1,-1,0,0,-1.431107,-9.045384,4.899569,0,14965.271484,150.520767,14965.305664,0,113.615648,-6177.404838,46.3898,354.694794,1,,0,,,,,,EntryBurn,0,0,2447.311563,-346.122823,,,,,,,,,,,,,,,,,,,,,,,,0,None,,,,,,,,,,,,,,,,,,,,,,,,1,0,0,,,0.593636,,,,,,,,,,,,,,,,,,,,,,,
72.279998,-,0,0,0,,,,107020.860886,1920.801791,1620.52736,343.796452,0.236736,5.268417,,84621.327102,0.00011,0,95.722915,0,0,,1,0,0,0,84.277095,0,-0.017634,-1,1,-1,0,0,-1.010364,-9.453409,5.073691,0,14965.291992,150.625,14965.219727,0,113.615611,-6177.404886,46.389799,354.694791,1,,0,,,,,,EntryBurn,0,0,2440.899723,-343.796452,,,,,,,,,,,,,,,,,,,,,,,,0,None,,,,,,,,,,,,,,,,,,,,,,,,1,0,0,,,0.593563,,,,,,,,,,,,,,,,,,,,,,,
72.539998,-,0,0,0,,,,107110.007927,1920.360992,1620.003583,341.470069,0.233039,5.260064,,84621.319473,0.000093,0,94.263812,0,0,,1,0,0,0,85.736194,0,-0.04246,-1,1,-1,0,0,-2.432794,-7.553931,5.650507,0,14966.633789,150.526047,14966.753906,0,113.615577,-6177.404931,46.389797,354.694789,1,,0,,,,,,EntryBurn,0,0,2434.446537,-341.470069,,,,,,,,,,,,,,,,,,,,,,,,0,None,,,,,,,,,,,,,,,,,,,,,,,,1,0,0,,,0.593489,,,,,,,,,,,,,,,,,,,,,,,
72.799998,-,0,0,0,,,,107198.550392,1919.923284,1619.483392,339.14382,0.229426,5.251718,,84621.319473,0.000055,0,93.013042,0,0,,1,0,0,0,86.98696,0,-0.026645,-1,1,-1,0,0,-1.526669,-9.690551,5.338016,0,14966.458984,150.445236,14966.459961,0,113.615538,-6177.404938,46.389798,354.694791,1,,0,,,,,,EntryBurn,0,0,2427.95355,-339.14382,,,,,,,,,,,,,,,,,,,,,,,,0,None,,,,,,,,,,,,,,,,,,,,,,,,1,0,0,,,0.593416,,,,,,,,,,,,,,,,,,,,,,,
73.059998,-,0,0,0,,,,107286.496905,1919.487993,1618.966097,336.817957,0.225896,5.243375,,84621.319473,0.000125,0,91.559207,0,0,,1,0,0,0,88.440798,0,-0.019836,-1,1,-1,0,0,-1.136525,-8.376151,5.449047,0,14965.444336,150.583572,14965.420898,0,113.615528,-6177.405061,46.389795,354.694787,1,,0,,,,,,EntryBurn,0,0,2421.420121,-336.817958,,,,,,,,,,,,,,,,,,,,,,,,0,None,,,,,,,,,,,,,,,,,,,,,,,,1,0,0,,,0.593343,,,,,,,,,,,,,,,,,,,,,,,
73.319998,-,0,0,0,,,,107373.830362,1919.055944,1618.452532,334.492198,0.222446,5.235042,,84621.319473,0.000142,0,90.228391,0,0,,1,0,0,0,89.771614,0,-0.013203,-1,1,-1,0,0,-0.756451,-7.546483,4.425735,0,14964.298828,150.521057,14964.34668,0,113.61551,-6177.405115,46.389794,354.694786,1,,0,,,,,,EntryBurn,0,0,2414.84485,-334.492199,,,,,,,,,,,,,,,,,,,,,,,,0,None,,,,,,,,,,,,,,,,,,,,,,,,1,0,0,,,0.59327,,,,,,,,,,,,,,,,,,,,,,,
73.579998,-,0,0,0,,,,107460.569233,1918.626922,1617.942505,332.166392,0.219075,5.226717,,84621.319473,0.000095,0,88.754556,0,0,,1,0,0,0,91.245451,0,-0.031592,-1,1,-1,0,0,-1.81011,-8.389902,6.004095,0,14967.566406,150.725784,14967.425781,0,113.615495,-6177.405138,46.389798,354.694791,1,,0,,,,,,EntryBurn,0,0,2408.227468,-332.166391,,,,,,,,,,,,,,,,,,,,,,,,0,None,,,,,,,,,,,,,,,,,,,,,,,,1,0,0,,,0.593197,,,,,,,,,,,,,,,,,,,,,,,
73.839998,-,0,0,0,,,,107546.685055,1918.200821,1617.435858,329.840593,0.21578,5.218404,,84621.319473,0.000066,0,87.546146,0,0,,1,0,0,0,92.45386,0,-0.021968,-1,1,-1,0,0,-1.258676,-8.954371,5.558713,0,14965.06543,150.537781,14965.0625,0,113.615469,-6177.405157,46.389799,354.694792,1,,0,,,,,,EntryBurn,0,0,2401.566567,-329.840594,,,,,,,,,,,,,,,,,,,,,,,,0,None,,,,,,,,,,,,,,,,,,,,,,,,1,0,0,,,0.593125,,,,,,,,,,,,,,,,,,,,,,,
74.099998,-,0,0,0,,,,107632.172071,1917.777598,1616.932607,327.514786,0.21256,5.210102,,84621.319473,0.000103,0,86.136447,0,0,,1,0,0,0,93.863553,0,0.000515,1,1,-1,0,0,0.029526,-9.008252,4.568098,0,14967.105469,150.562195,14967.166016,0,113.615438,-6177.405182,46.389805,354.6948,1,,0,,,,,,EntryBurn,0,0,2394.862742,-327.514785,,,,,,,,,,,,,,,,,,,,,,,,0,None,,,,,,,,,,,,,,,,,,,,,,,,1,0,0,,,0.593052,,,,,,,,,,,,,,,,,,,,,,,
74.359998,-,0,0,0,,,,107717.08405,1917.35743,1616.432909,325.188979,0.209413,5.20181,,84621.319473,0.000141,0,84.871823,0,0,,1,0,0,0,95.128186,0,-0.009482,-1,1,-1,0,0,-0.543292,-7.361401,5.131266,0,14966.348633,150.571976,14966.412109,0,113.61541,-6177.405173,46.389813,354.69481,1,,0,,,,,,EntryBurn,0,0,2388.11442,-325.188979,,,,,,,,,,,,,,,,,,,,,,,,0,None,,,,,,,,,,,,,,,,,,,,,,,,1,0,0,,,0.59298,,,,,,,,,,,,,,,,,,,,,,,
74.619998,-,0,0,0,,,,107801.385193,1916.940275,1615.936729,322.863401,0.206336,5.193532,,84621.319473,0.000175,0,83.42907,0,0,,1,0,0,0,96.570933,0,0.009398,1,1,-1,0,0,0.538458,-8.458116,5.154406,0,14965.987305,150.553787,14965.952148,0,113.615392,-6177.405149,46.389822,354.694823,1,,0,,,,,,EntryBurn,0,0,2381.322291,-322.8634,,,,,,,,,,,,,,,,,,,,,,,,0,None,,,,,,,,,,,,,,,,,,,,,,,,1,0,0,,,0.592908,,,,,,,,,,,,,,,,,,,,,,,
74.879998,-,0,0,0,,,,107885.063129,1916.52572,1615.443612,320.538115,0.203328,5.185266,,84621.319473,0.000178,0,82.077859,0,0,,1,0,0,0,97.922146,0,-0.013078,-1,1,-1,0,0,-0.749299,-8.854429,5.231886,0,14965.306641,150.62088,14965.321289,0,113.615383,-6177.4052,46.389827,354.694828,1,,0,,,,,,EntryBurn,0,0,2374.485816,-320.538116,,,,,,,,,,,,,,,,,,,,,,,,0,None,,,,,,,,,,,,,,,,,,,,,,,,1,0,0,,,0.592835,,,,,,,,,,,,,,,,,,,,,,,
75.139998,-,0,0,0,,,,107968.149782,1916.114237,1614.954073,318.212899,0.200388,5.177017,,84621.319473,0.000204,0,80.765896,0,0,,1,0,0,0,99.234111,0,-0.015401,-1,1,-1,0,0,-0.88242,-7.651399,5.405051,0,14965.639648,150.547577,14965.709961,0,113.615364,-6177.40522,46.389833,354.694837,1,,0,,,,,,EntryBurn,0,0,2367.60354,-318.212899,,,,,,,,,,,,,,,,,,,,,,,,0,None,,,,,,,,,,,,,,,,,,,,,,,,1,0,0,,,0.592763,,,,,,,,,,,,,,,,,,,,,,,
75.399998,-,0,0,0,,,,108050.618466,1915.705663,1614.467928,315.887592,0.197513,5.168782,,84621.319473,0.000184,0,79.439744,0,0,,1,0,0,0,100.560255,0,-0.029394,-1,1,-1,0,0,-1.684166,-9.531145,5.874944,0,14964.395508,150.60849,14964.316406,0,113.615348,-6177.405236,46.38984,354.694846,1,,0,,,,,,EntryBurn,0,0,2360.674991,-315.887592,,,,,,,,,,,,,,,,,,,,,,,,0,None,,,,,,,,,,,,,,,,,,,,,,,,1,0,0,,,0.592691,,,,,,,,,,,,,,,,,,,,,,,
75.659998,-,0,0,0,,,,108132.483283,1915.299323,1613.984397,313.561683,0.194702,5.160563,,84621.319473,0.00016,0,78.064457,0,0,,1,0,0,0,101.935545,0,-0.016779,-1,1,-1,0,0,-0.96137,-9.282439,6.28438,0,14963.598633,150.580841,14963.572266,0,113.615311,-6177.405375,46.389832,354.694835,1,,0,,,,,,EntryBurn,0,0,2353.697071,-313.561683,,,,,,,,,,,,,,,,,,,,,,,,0,None,,,,,,,,,,,,,,,,,,,,,,,,1,0,0,,,0.592618,,,,,,,,,,,,,,,,,,,,,,,
75.919998,-,0,0,0,,,,108213.744517,1914.895903,1613.504295,311.235743,0.191953,5.15236,,84621.319473,0.000321,0,76.777587,0,0,,1,0,0,0,103.222419,0,0.010347,1,1,-1,0,0,0.592821,-7.606526,4.397807,0,14965.8125,150.557648,14965.866211,0,113.615265,-6177.405513,46.389826,354.694828,1,,0,,,,,,EntryBurn,0,0,2346.672119,-311.235743,,,,,,,,,,,,,,,,,,,,,,,,0,None,,,,,,,,,,,,,,,,,,,,,,,,1,0,0,,,0.592546,,,,,,,,,,,,,,,,,,,,,,,
76.179998,-,0,0,0,,,,108294.387696,1914.495455,1613.027664,308.909812,0.189266,5.144177,,84621.319473,0.000291,0,75.316442,0,0,,1,0,0,0,104.683565,0,0.009267,1,1,-1,0,0,0.530953,-7.671308,5.435648,0,14963.958984,150.608704,14963.901367,0,113.615221,-6177.405638,46.389822,354.694822,1,,0,,,,,,EntryBurn,0,0,2339.598208,-308.909812,,,,,,,,,,,,,,,,,,,,,,,,0,None,,,,,,,,,,,,,,,,,,,,,,,,1,0,0,,,0.592474,,,,,,,,,,,,,,,,,,,,,,,
76.439998,-,0,0,0,,,,108374.422469,1914.09782,1612.554323,306.583968,0.186638,5.136014,,84621.319473,0.000316,0,73.969468,0,0,,1,0,0,0,106.030534,0,-0.002696,-1,1,-1,0,0,-0.154455,-8.713509,6.289751,0,14965.802734,150.604172,14965.799805,0,113.615173,-6177.405789,46.389814,354.694812,1,,0,,,,,,EntryBurn,0,0,2332.476284,-306.583967,,,,,,,,,,,,,,,,,,,,,,,,0,None,,,,,,,,,,,,,,,,,,,,,,,,1,0,0,,,0.592402,,,,,,,,,,,,,,,,,,,,,,,
76.699998,-,0,0,0,,,,108453.863641,1913.70318,1612.084515,304.258647,0.184067,5.12787,,84621.319473,0.00028,0,72.738089,0,0,,1,0,0,0,107.261917,0,-0.005741,-1,1,-1,0,0,-0.328921,-8.545424,5.450133,0,14967.992188,150.477676,14968.067383,0,113.615154,-6177.405941,46.38981,354.694807,1,,0,,,,,,EntryBurn,0,0,2325.305792,-304.258647,,,,,,,,,,,,,,,,,,,,,,,,0,None,,,,,,,,,,,,,,,,,,,,,,,,1,0,0,,,0.59233,,,,,,,,,,,,,,,,,,,,,,,
76.959998,-,0,0,0,,,,108532.688634,1913.311525,1611.618181,301.933383,0.181552,5.119749,,84621.319473,0.000258,0,71.384289,0,0,,1,0,0,0,108.61572,0,0.001917,1,1,-1,0,0,0.10981,-7.807775,5.742825,0,14965.972656,150.50676,14965.969727,0,113.615121,-6177.406082,46.389805,354.6948,1,,0,,,,,,EntryBurn,0,0,2318.085705,-301.933383,,,,,,,,,,,,,,,,,,,,,,,,0,None,,,,,,,,,,,,,,,,,,,,,,,,1,0,0,,,0.592258,,,,,,,,,,,,,,,,,,,,,,,
77.219998,-,0,0,0,,,,108610.917444,1912.922768,1611.155244,299.607989,0.179093,5.11165,,84621.319473,0.000242,0,69.965263,0,0,,1,0,0,0,110.034745,0,0.000172,1,1,-1,0,0,0.009871,-8.173904,6.490296,0,14964.506836,150.588516,14964.556641,0,113.615094,-6177.406222,46.389801,354.694795,1,,0,,,,,,EntryBurn,0,0,2310.813853,-299.60799,,,,,,,,,,,,,,,,,,,,,,,,0,None,,,,,,,,,,,,,,,,,,,,,,,,1,0,0,,,0.592186,,,,,,,,,,,,,,,,,,,,,,,
77.479998,-,0,0,0,,,,108688.520693,1912.537158,1610.695969,297.282586,0.176687,5.103576,,84621.319473,0.000198,0,68.745761,0,0,,1,0,0,0,111.254252,0,0.00927,1,1,-1,0,0,0.531138,-8.147278,4.023202,0,14965.875977,150.550674,14965.897461,0,113.615058,-6177.406315,46.389799,354.694793,1,,0,,,,,,EntryBurn,0,0,2303.490676,-297.282587,,,,,,,,,,,,,,,,,,,,,,,,0,None,,,,,,,,,,,,,,,,,,,,,,,,1,0,0,,,0.592114,,,,,,,,,,,,,,,,,,,,,,,
77.739998,-,0,0,0,,,,108765.513788,1912.154374,1610.240029,294.957147,0.174333,5.095526,,84621.319473,0.000224,0,67.519687,0,0,,1,0,0,0,112.48032,0,0.004072,1,1,-1,0,0,0.233329,-9.393168,5.776144,0,14965.147461,150.601364,14965.15332,0,113.615015,-6177.406428,46.389799,354.694792,1,,0,,,,,,EntryBurn,0,0,2296.114696,-294.957146,,,,,,,,,,,,,,,,,,,,,,,,0,None,,,,,,,,,,,,,,,,,,,,,,,,1,0,0,,,0.592042,,,,,,,,,,,,,,,,,,,,,,,
77.999998,-,0,0,0,,,,108841.90175,1911.774704,1609.787729,292.631834,0.17203,5.087504,,84621.319473,0.000192,0,66.104034,0,0,,1,0,0,0,113.895972,0,0.002063,1,1,-1,0,0,0.118199,-9.673754,5.151413,0,14963.698242,150.597855,14963.764648,0,113.614972,-6177.406506,46.389803,354.694797,1,,0,,,,,,EntryBurn,0,0,2288.686321,-292.631835,,,,,,,,,,,,,,,,,,,,,,,,0,None,,,,,,,,,,,,,,,,,,,,,,,,1,0,0,,,0.59197,,,,,,,,,,,,,,,,,,,,,,,
78.259998,-,0,0,0,,,,108917.69052,1911.397831,1609.338697,290.306322,0.169776,5.079507,,84621.319473,0.000233,0,65.024484,0,0,,1,0,0,0,114.975516,0,-0.004987,-1,1,-1,0,0,-0.285754,-8.652068,6.125254,0,14965.865234,150.53949,14965.90625,0,113.614933,-6177.406604,46.389802,354.694796,1,,0,,,,,,EntryBurn,0,0,2281.203141,-290.306323,,,,,,,,,,,,,,,,,,,,,,,,0,None,,,,,,,,,,,,,,,,,,,,,,,,1,0,0,,,0.591898,,,,,,,,,,,,,,,,,,,,,,,
78.519998,-,0,0,0,,,,108992.8809,1911.023789,1608.893055,287.981482,0.167571,5.071537,,84621.319473,0.000207,0,63.770569,0,0,,1,0,0,0,116.229436,0,0.017502,1,1,-1,0,0,1.002775,-9.769386,6.150988,0,14967.280273,150.620346,14967.382813,0,113.614915,-6177.406745,46.389806,354.694801,1,,0,,,,,,EntryBurn,0,0,2273.667834,-287.981482,,,,,,,,,,,,,,,,,,,,,,,,0,None,,,,,,,,,,,,,,,,,,,,,,,,1,0,0,,,0.591826,,,,,,,,,,,,,,,,,,,,,,,
78.779998,-,0,0,0,,,,109067.444856,1910.652553,1608.450682,285.656524,0.165413,5.063596,,84621.319473,0.000268,0,62.393335,0,0,,1,0,0,0,117.606675,0,0.011271,1,1,-1,0,0,0.645794,-9.596111,5.442914,0,14964.200195,150.621918,14964.239258,0,113.61488,-6177.40691,46.389804,354.694799,1,,0,,,,,,EntryBurn,0,0,2266.07641,-285.656524,,,,,,,,,,,,,,,,,,,,,,,,0,None,,,,,,,,,,,,,,,,,,,,,,,,1,0,0,,,0.591754,,,,,,,,,,,,,,,,,,,,,,,
79.039998,-,0,0,0,,,,109141.410611,1910.284509,1608.012079,283.331792,0.163301,5.055685,,84621.319473,0.000234,0,61.388146,0,0,,1,0,0,0,118.611862,0,0.01439,1,1,-1,0,0,0.824486,-8.131238,6.250957,0,14963.970703,150.550995,14963.998047,0,113.614854,-6177.407026,46.389813,354.69481,1,,0,,,,,,EntryBurn,0,0,2258.429978,-283.331792,,,,,,,,,,,,,,,,,,,,,,,,0,None,,,,,,,,,,,,,,,,,,,,,,,,1,0,0,,,0.591681,,,,,,,,,,,,,,,,,,,,,,,
79.299998,-,0,0,0,,,,109214.758381,1909.91965,1607.577147,281.007062,0.161234,5.047806,,84621.319473,0.000184,0,59.973402,0,0,,1,0,0,0,120.026608,0,0.018483,1,1,-1,0,0,1.058996,-8.461921,4.59958,0,14963.34375,150.574081,14963.430664,0,113.61483,-6177.407089,46.389819,354.694818,1,,0,,,,,,EntryBurn,0,0,2250.726059,-281.007062,,,,,,,,,,,,,,,,,,,,,,,,0,None,,,,,,,,,,,,,,,,,,,,,,,,1,0,0,,,0.591609,,,,,,,,,,,,,,,,,,,,,,,
79.559998,-,0,0,0,,,,109287.516431,1909.557725,1607.145691,278.68223,0.15921,5.039958,,84621.319473,0.000201,0,58.845194,0,0,,1,0,0,0,121.154797,0,0.01205,1,1,-1,0,0,0.690404,-9.856635,5.545369,0,14963.380859,150.537109,14963.361328,0,113.614804,-6177.407148,46.38983,354.694833,1,,0,,,,,,EntryBurn,0,0,2242.964598,-278.682231,,,,,,,,,,,,,,,,,,,,,,,,0,None,,,,,,,,,,,,,,,,,,,,,,,,1,0,0,,,0.591536,,,,,,,,,,,,,,,,,,,,,,,
79.819998,-,0,0,0,,,,109359.640384,1909.198792,1606.717709,276.35743,0.157229,5.032143,,84621.319473,0.000193,0,57.818223,-0.000001,0,,1,0,0,0,122.181781,-0.000001,0.023975,1,1,-1,0,0,1.373661,-8.352933,5.107559,0,14969.575195,150.703125,14969.717773,0,113.614777,-6177.407197,46.389838,354.694843,1,,0,,,,,,EntryBurn,0,0,2235.143891,-276.357431,,,,,,,,,,,,,,,,,,,,,,,,0,None,,,,,,,,,,,,,,,,,,,,,,,,1,0,0,,,0.591463,,,,,,,,,,,,,,,,,,,,,,,
80.079998,-,0,0,0,,,,109431.175322,1908.843133,1606.293443,274.032711,0.155289,5.024362,,84621.319473,0.000084,0,56.50803,-0.000001,0,,1,0,0,0,123.491978,-0.000001,0.017291,1,1,-1,0,0,0.990696,-8.354953,5.011477,0,14966.202148,150.630341,14966.121094,0,113.614747,-6177.407177,46.389836,354.694841,1,,0,,,,,,EntryBurn,0,0,2227.264684,-274.03271,,,,,,,,,,,,,,,,,,,,,,,,0,None,,,,,,,,,,,,,,,,,,,,,,,,1,0,0,,,0.59139,,,,,,,,,,,,,,,,,,,,,,,
80.339998,-,0,0,0,,,,109502.089538,1908.490649,1605.872894,271.708386,0.15339,5.016617,,84621.319473,0.000148,0,55.451629,-0.000001,0,,1,0,0,0,124.54837,-0.000001,0.024478,1,1,-1,0,0,1.402501,-8.976088,5.232331,0,14969.546875,150.776855,14969.658203,0,113.61473,-6177.407119,46.389838,354.694843,1,,0,,,,,,EntryBurn,0,0,2219.325819,-271.708386,,,,,,,,,,,,,,,,,,,,,,,,0,None,,,,,,,,,,,,,,,,,,,,,,,,1,0,0,,,0.591317,,,,,,,,,,,,,,,,,,,,,,,
80.599998,-,0,0,0,,,,109572.39656,1908.1409,1605.455586,269.384296,0.15153,5.008906,,84621.319473,0.000167,0,54.318778,-0.000001,0,,1,0,0,0,125.681216,-0.000001,0.011882,1,1,-1,0,0,0.680807,-9.743039,6.439206,0,14964.400391,150.716309,14964.205078,0,113.61471,-6177.407113,46.389837,354.694843,1,,0,,,,,,EntryBurn,0,0,2211.326861,-269.384298,,,,,,,,,,,,,,,,,,,,,,,,0,None,,,,,,,,,,,,,,,,,,,,,,,,1,0,0,,,0.591244,,,,,,,,,,,,,,,,,,,,,,,
80.859998,-,0,0,0,,,,109642.110975,1907.794283,1605.041949,267.060252,0.149709,5.001232,,84621.319473,0.000204,0,53.479227,-0.000001,0,,1,0,0,0,126.520752,-0.000001,0.014772,1,1,-1,0,0,0.846399,-8.899033,4.851974,0,14969.758789,150.53627,14969.758789,0,113.614707,-6177.407066,46.389841,354.694847,1,,0,,,,,,EntryBurn,0,0,2203.265632,-267.060251,,,,,,,,,,,,,,,,,,,,,,,,0,None,,,,,,,,,,,,,,,,,,,,,,,,1,0,0,,,0.591171,,,,,,,,,,,,,,,,,,,,,,,
81.119998,-,0,0,0,,,,109711.202628,1907.450714,1604.631868,264.736229,0.147926,4.993595,,84621.319473,0.000243,0,52.492849,-0.000001,0,,1,0,0,0,127.507157,-0.000001,0.022705,1,1,-1,0,0,1.300926,-9.422424,6.139922,0,14962.811523,150.616638,14962.893555,0,113.614688,-6177.406999,46.389843,354.69485,1,,0,,,,,,EntryBurn,0,0,2195.141271,-264.736229,,,,,,,,,,,,,,,,,,,,,,,,0,None,,,,,,,,,,,,,,,,,,,,,,,,1,0,0,,,0.591097,,,,,,,,,,,,,,,,,,,,,,,
81.379998,-,0,0,0,,,,109779.695135,1907.110305,1604.225483,262.412362,0.146179,4.985998,,84621.319473,0.000302,0,51.2219,-0.000001,0,,1,0,0,0,128.778095,-0.000001,0.020073,1,1,-1,0,0,1.150091,-8.502574,3.749524,0,14968.845703,150.794052,14968.776367,0,113.614682,-6177.40689,46.389849,354.694858,1,,0,,,,,,EntryBurn,0,0,2186.953612,-262.412361,,,,,,,,,,,,,,,,,,,,,,,,0,None,,,,,,,,,,,,,,,,,,,,,,,,1,0,0,,,0.591023,,,,,,,,,,,,,,,,,,,,,,,
81.639998,-,0,0,0,,,,109847.574729,1906.772714,1603.822417,260.08834,0.144468,4.97844,,84621.319473,0.00026,0,50.326997,-0.000001,0,,1,0,0,0,129.672994,-0.000001,0.052009,1,1,-1,0,0,2.979897,-8.055976,4.799984,0,14965.606445,151.007202,14965.225586,0,113.614663,-6177.406804,46.389853,354.694863,1,,0,,,,,,EntryBurn,0,0,2178.699761,-260.088339,,,,,,,,,,,,,,,,,,,,,,,,0,None,,,,,,,,,,,,,,,,,,,,,,,,1,0,0,,,0.590949,,,,,,,,,,,,,,,,,,,,,,,
81.879998,-,0,0,0,,,,109914.852124,1906.437939,1603.422634,257.764031,0.142791,4.97092,,84621.319473,0.000185,0,49.70423,-0.000001,0,,1,0,0,0,130.295768,-0.000001,0.029193,1,1,-1,0,0,1.672627,-9.333449,5.214866,0,14960.97168,150.461655,14960.945313,0,113.614629,-6177.406738,46.38985,354.694943,1,,0,,,,,,EntryBurn,0,0,2170.379458,-257.764029,,,,,,,,,,,,,,,,,,,,,,,,0,None,,,,,,,,,,,,,,,,,,,,,,,,1,0,0,,,0.590874,,,,,,,,,,,,,,,,,,,,,,,
82.159998,-,0,0,0,,,,109981.503743,1906.1055,1603.025633,255.439307,0.141149,4.96344,,84621.319473,0.000263,0,48.691116,-0.000001,0,,1,0,0,0,131.308903,-0.000001,0.034513,1,1,-1,0,0,1.977424,-8.871428,4.337589,0,14965.033203,150.743912,14965.107422,0,113.614586,-6177.406791,46.389837,354.694843,1,,0,,,,,,EntryBurn,0,0,2161.990067,-255.439307,,,,,,,,,,,,,,,,,,,,,,,,0,None,,,,,,,,,,,,,,,,,,,,,,,,1,0,0,,,0.590798,,,,,,,,,,,,,,,,,,,,,,,
82.419998,-,0,0,0,,,,110047.559525,1905.775927,1602.632038,253.115053,0.139552,4.956211,,84621.319473,0.000229,0,47.997928,-0.000001,0,,1,0,0,0,132.002084,-0.000001,0.031463,1,1,-1,0,0,1.802708,-9.548512,3.702497,0,14961.800781,150.614029,14961.799805,0,113.614551,-6177.406877,46.389826,354.694827,1,,0,,,,,,EntryBurn,0,0,2153.534084,-253.115052,,,,,,,,,,,,,,,,,,,,,,,,0,None,,,,,,,,,,,,,,,,,,,,,,,,1,0,0,,,0.590722,,,,,,,,,,,,,,,,,,,,,,,
82.679998,-,0,0,0,,,,110113.022795,1905.449267,1602.241853,250.790821,0.138007,4.949381,,84621.319473,0.000296,0,47.467685,-0.000001,0,,1,0,0,0,132.532299,-0.000001,0.02978,1,1,-1,0,0,1.706263,-8.855524,6.306287,0,14965.180664,150.695419,14965.075195,0,113.614529,-6177.40697,46.38981,354.694808,1,,0,,,,,,EntryBurn,0,0,2145.009183,-250.790822,,,,,,,,,,,,,,,,,,,,,,,,0,None,,,,,,,,,,,,,,,,,,,,,,,,1,0,0,,,0.590647,,,,,,,,,,,,,,,,,,,,,,,
82.939998,-,0,0,0,,,,110177.847413,1905.125561,1601.855162,248.466723,0.136493,4.942585,,84621.319473,0.000299,0,46.638708,-0.000001,0,,1,0,0,0,133.3613,-0.000001,0.034069,1,1,-1,0,0,1.951997,-7.682279,4.714639,0,14961.222656,150.507339,14961.201172,0,113.614495,-6177.407069,46.389797,354.694791,1,,0,,,,,,EntryBurn,0,0,2136.413916,-248.466724,,,,,,,,,,,,,,,,,,,,,,,,0,None,,,,,,,,,,,,,,,,,,,,,,,,1,0,0,,,0.590571,,,,,,,,,,,,,,,,,,,,,,,
83.199998,-,0,0,0,,,,110242.093783,1904.804914,1601.472049,246.142512,0.13501,4.935819,,84621.319473,0.000281,0,45.992828,-0.000001,0,,1,0,0,0,134.007177,-0.000001,0.024926,1,1,-1,0,0,1.428138,-9.088814,4.736686,0,14959.993164,150.840149,14960.323242,0,113.614471,-6177.407141,46.389785,354.694774,1,,0,,,,,,EntryBurn,0,0,2127.746962,-246.142513,,,,,,,,,,,,,,,,,,,,,,,,0,None,,,,,,,,,,,,,,,,,,,,,,,,1,0,0,,,0.590497,,,,,,,,,,,,,,,,,,,,,,,
83.459998,-,0,0,0,,,,110305.720666,1904.487422,1601.09264,243.818436,0.133556,4.92909,,84621.319473,0.00016,0,45.297817,-0.000001,0,,1,0,0,0,134.702169,-0.000001,0.0451,1,1,-1,0,0,2.584054,-8.696669,5.094851,0,14965.321289,150.65654,14965.386719,0,113.614444,-6177.407176,46.389775,354.694762,1,,0,,,,,,EntryBurn,0,0,2119.007817,-243.818436,,,,,,,,,,,,,,,,,,,,,,,,0,None,,,,,,,,,,,,,,,,,,,,,,,,1,0,0,,,0.590422,,,,,,,,,,,,,,,,,,,,,,,
83.719998,-,0,0,0,,,,110368.74651,1904.172776,1600.716593,241.494209,0.132132,4.922397,,84621.319473,0.000221,0,44.751862,0,0,,1,0,0,0,135.248142,0,0.027306,1,1,-1,0,0,1.564521,-9.427611,5.795798,0,14969.200195,150.664642,14969.238281,0,113.614417,-6177.40723,46.389766,354.694749,1,,0,,,,,,EntryBurn,0,0,2110.193806,-241.494208,,,,,,,,,,,,,,,,,,,,,,,,0,None,,,,,,,,,,,,,,,,,,,,,,,,1,0,0,,,0.590349,,,,,,,,,,,,,,,,,,,,,,,
83.979998,-,0,0,0,,,,110431.159795,1903.861359,1600.34432,239.170058,0.130737,4.915743,,84621.319473,0.000166,0,44.551174,-0.000001,0,,1,0,0,0,135.448826,-0.000001,0.034462,1,1,-1,0,0,1.974537,-8.298523,4.845415,0,14963.396484,150.889557,14963.616211,0,113.614393,-6177.407229,46.389759,354.69474,1,,0,,,,,,EntryBurn,0,0,2101.305303,-239.170058,,,,,,,,,,,,,,,,,,,,,,,,0,None,,,,,,,,,,,,,,,,,,,,,,,,1,0,0,,,0.59028,,,,,,,,,,,,,,,,,,,,,,,
84.239998,-,0,0,0,,,,110492.96119,1903.552918,1599.97555,236.845902,0.12937,4.90913,,84621.319473,0.000179,0,43.843444,-0.000001,0,,1,0,0,0,136.156569,-0.000001,0.046674,1,1,-1,0,0,2.674238,-8.310328,4.742129,0,14965.647461,150.646805,14965.582031,0,113.614349,-6177.407226,46.389752,354.694731,1,,0,,,,,,EntryBurn,0,0,2092.340406,-236.845902,,,,,,,,,,,,,,,,,,,,,,,,0,None,,,,,,,,,,,,,,,,,,,,,,,,1,0,0,,,0.590213,,,,,,,,,,,,,,,,,,,,,,,
84.499998,-,0,0,0,,,,110554.163387,1903.247262,1599.610121,234.522271,0.128031,4.902558,,84621.319473,0.000097,0,43.70211,-0.000001,0,,1,0,0,0,136.29789,-0.000001,0.044222,1,1,-1,0,0,2.533734,-8.21591,4.809212,0,14962.713867,150.54364,14962.693359,0,113.614333,-6177.407274,46.389747,354.694725,1,,0,,,,,,EntryBurn,0,0,2083.299548,-234.522271,,,,,,,,,,,,,,,,,,,,,,,,0,None,,,,,,,,,,,,,,,,,,,,,,,,1,0,0,,,0.590141,,,,,,,,,,,,,,,,,,,,,,,
84.759998,-,0,0,0,,,,110614.752834,1902.944529,1599.248138,232.198584,0.126719,4.89603,,84621.319473,0.000126,0,43.498475,-0.000001,0,,1,0,0,0,136.501501,-0.000001,0.041686,1,1,-1,0,0,2.388404,-9.001069,3.534934,0,14966.016602,150.537643,14965.90332,0,113.614308,-6177.407329,46.389741,354.694718,1,,0,,,,,,EntryBurn,0,0,2074.179627,-232.198583,,,,,,,,,,,,,,,,,,,,,,,,0,None,,,,,,,,,,,,,,,,,,,,,,,,1,0,0,,,0.590068,,,,,,,,,,,,,,,,,,,,,,,
85.019998,-,0,0,0,,,,110674.730549,1902.644993,1598.889912,229.874958,0.125434,4.889545,,84621.319473,0.000035,0,43.292072,-0.000001,0,,1,0,0,0,136.707919,-0.000001,0.040939,1,1,-1,0,0,2.345613,-8.689579,5.457105,0,14965.095703,150.728836,14965.25293,0,113.614282,-6177.407337,46.389741,354.694717,1,,0,,,,,,EntryBurn,0,0,2064.979922,-229.874958,,,,,,,,,,,,,,,,,,,,,,,,0,None,,,,,,,,,,,,,,,,,,,,,,,,1,0,0,,,0.589996,,,,,,,,,,,,,,,,,,,,,,,
85.279998,-,0,0,0,,,,110734.088638,1902.348525,1598.535268,227.551345,0.124175,4.883109,,84621.319473,0.000075,0,42.791267,-0.000001,0,,1,0,0,0,137.208736,-0.000001,0.057367,1,1,-1,0,0,3.286865,-9.044484,6.491299,0,14969.723633,150.943909,14969.795898,0,113.614254,-6177.407323,46.389738,354.694713,1,,0,,,,,,EntryBurn,0,0,2055.698325,-227.551344,,,,,,,,,,,,,,,,,,,,,,,,0,None,,,,,,,,,,,,,,,,,,,,,,,,1,0,0,,,0.589924,,,,,,,,,,,,,,,,,,,,,,,
85.539998,-,0,0,0,,,,110792.862344,1902.054994,1598.184122,225.227782,0.122942,4.876719,,84621.319473,0.000053,0,43.155999,-0.000001,0,,1,0,0,0,136.844,-0.000001,0.051943,1,1,-1,0,0,2.976092,-9.549687,3.874904,0,14964.186523,150.758682,14964.144531,0,113.614222,-6177.407318,46.389739,354.694715,1,,0,,,,,,EntryBurn,0,0,2046.333614,-225.227783,,,,,,,,,,,,,,,,,,,,,,,,0,None,,,,,,,,,,,,,,,,,,,,,,,,1,0,0,,,0.589852,,,,,,,,,,,,,,,,,,,,,,,
85.799998,-,0,0,0,,,,110851.019116,1901.764609,1597.836661,222.904253,0.121734,4.870377,,84621.319473,0.000105,0,42.909452,-0.000001,0,,1,0,0,0,137.090565,-0.000001,0.042766,1,1,-1,0,0,2.450299,-9.913531,4.381723,0,14960.839844,150.666336,14961.067383,0,113.614198,-6177.407275,46.389742,354.694718,1,,0,,,,,,EntryBurn,0,0,2036.884835,-222.904254,,,,,,,,,,,,,,,,,,,,,,,,0,None,,,,,,,,,,,,,,,,,,,,,,,,1,0,0,,,0.58978,,,,,,,,,,,,,,,,,,,,,,,
86.059998,-,0,0,0,,,,110908.5683,1901.477147,1597.492641,220.580634,0.120551,4.864086,,84621.319473,0.00011,0,43.137556,0,0,,1,0,0,0,136.862452,0,0.051641,1,1,-1,0,0,2.958808,-8.157012,3.223636,0,14969.888672,150.559464,14969.855469,0,113.614162,-6177.40724,46.389742,354.694719,1,,0,,,,,,EntryBurn,0,0,2027.349702,-220.580634,,,,,,,,,,,,,,,,,,,,,,,,0,None,,,,,,,,,,,,,,,,,,,,,,,,1,0,0,,,0.589708,,,,,,,,,,,,,,,,,,,,,,,
86.319998,-,0,0,0,,,,110965.502298,1901.192958,1597.152472,218.25721,0.119393,4.857846,,84621.319473,0.000232,0,43.112048,0,0,,1,0,0,0,136.887953,0,0.05281,1,1,-1,0,0,3.025785,-8.178844,4.959173,0,14966.291016,150.573807,14966.34375,0,113.614139,-6177.407146,46.389749,354.694728,1,,0,,,,,,EntryBurn,0,0,2017.727628,-218.25721,,,,,,,,,,,,,,,,,,,,,,,,0,None,,,,,,,,,,,,,,,,,,,,,,,,1,0,0,,,0.589637,,,,,,,,,,,,,,,,,,,,,,,
86.579998,-,0,0,0,,,,111021.840767,1900.911327,1596.815407,215.934176,0.118258,4.851658,,84621.319473,0.000241,0,43.406437,0,0,,1,0,0,0,136.593553,0,0.059017,1,1,-1,0,0,3.381429,-8.399192,4.368179,0,14966.073242,150.560669,14966.088867,0,113.614125,-6177.407149,46.389756,354.694737,1,,0,,,,,,EntryBurn,0,0,2008.017912,-215.934177,,,,,,,,,,,,,,,,,,,,,,,,0,None,,,,,,,,,,,,,,,,,,,,,,,,1,0,0,,,0.589566,,,,,,,,,,,,,,,,,,,,,,,
86.839998,-,0,0,0,,,,111077.573687,1900.632834,1596.482027,213.611207,0.117147,4.845522,,84621.319473,0.000242,0,43.707796,0,0,,1,0,0,0,136.292212,0,0.057234,1,1,-1,0,0,3.279291,-8.817709,4.322364,0,14967.944336,150.468094,14967.949219,0,113.614102,-6177.407119,46.389764,354.694747,1,,0,,,,,,EntryBurn,0,0,1998.217687,-213.611207,,,,,,,,,,,,,,,,,,,,,,,,0,None,,,,,,,,,,,,,,,,,,,,,,,,1,0,0,,,0.589495,,,,,,,,,,,,,,,,,,,,,,,
87.099998,-,0,0,0,,,,111132.704942,1900.357351,1596.152182,211.288299,0.116058,4.83944,,84621.319473,0.000251,0,44.207833,0,0,,1,0,0,0,135.792164,0,0.060164,1,1,-1,0,0,3.447117,-8.268531,3.624191,0,14969.679688,150.693405,14969.796875,0,113.614097,-6177.407082,46.38977,354.694756,1,,0,,,,,,EntryBurn,0,0,1988.325805,-211.288299,,,,,,,,,,,,,,,,,,,,,,,,0,None,,,,,,,,,,,,,,,,,,,,,,,,1,0,0,,,0.589424,,,,,,,,,,,,,,,,,,,,,,,
87.359998,-,0,0,0,,,,111187.218205,1900.085019,1595.826032,208.965319,0.114993,4.833414,,84621.319473,0.000251,0,44.678143,0,0,,1,0,0,0,135.321873,0,0.052049,1,1,-1,0,0,2.98218,-9.446712,3.928814,0,14964.019531,150.813766,14964.296875,0,113.614071,-6177.407007,46.389779,354.694767,1,,0,,,,,,EntryBurn,0,0,1978.339469,-208.965319,,,,,,,,,,,,,,,,,,,,,,,,0,None,,,,,,,,,,,,,,,,,,,,,,,,1,0,0,,,0.589353,,,,,,,,,,,,,,,,,,,,,,,
87.619998,-,0,0,0,,,,111241.121451,1899.814998,1595.50263,206.641831,0.113949,4.827442,,84621.319473,0.00003,0,44.798702,0,0,,1,0,0,0,135.201293,0,0.061492,1,1,-1,0,0,3.52322,-7.068894,4.342605,0,14964.856445,150.850143,14964.544922,0,113.614032,-6177.407062,46.389773,354.69476,1,,0,,,,,,EntryBurn,0,0,1968.255039,-206.64183,,,,,,,,,,,,,,,,,,,,,,,,0,None,,,,,,,,,,,,,,,,,,,,,,,,1,0,0,,,0.589282,,,,,,,,,,,,,,,,,,,,,,,
87.879998,-,0,0,0,,,,111294.428957,1899.547904,1595.182627,204.31809,0.112927,4.821526,,84621.319473,0.000267,0,45.586018,0,0,,1,0,0,0,134.413997,0,0.065766,1,1,-1,0,0,3.768104,-8.906683,4.640171,0,14967.774414,150.646347,14967.821289,0,113.613992,-6177.407122,46.389758,354.69474,1,,0,,,,,,EntryBurn,0,0,1958.071802,-204.31809,,,,,,,,,,,,,,,,,,,,,,,,0,None,,,,,,,,,,,,,,,,,,,,,,,,1,0,0,,,0.589212,,,,,,,,,,,,,,,,,,,,,,,
88.139998,-,0,0,0,,,,111347.124859,1899.283761,1594.866136,201.994259,0.111926,4.815667,,84621.319473,0.000284,0,45.923961,0,0,,1,0,0,0,134.076041,0,0.053108,1,1,-1,0,0,3.042855,-9.392727,2.946814,0,14965.445313,150.724121,14965.337891,0,113.613948,-6177.407185,46.389747,354.694725,1,,0,,,,,,EntryBurn,0,0,1947.788631,-201.994261,,,,,,,,,,,,,,,,,,,,,,,,0,None,,,,,,,,,,,,,,,,,,,,,,,,1,0,0,,,0.589142,,,,,,,,,,,,,,,,,,,,,,,
88.399998,-,0,0,0,,,,111399.220192,1899.022751,1594.553348,199.670528,0.110947,4.809867,,84621.319473,0.000254,0,46.863729,0,0,,1,0,0,0,133.136274,0,0.060031,1,1,-1,0,0,3.439551,-8.626772,4.821717,0,14969.290039,150.697372,14969.280273,0,113.613916,-6177.407219,46.38974,354.694716,1,,0,,,,,,EntryBurn,0,0,1937.404473,-199.670528,,,,,,,,,,,,,,,,,,,,,,,,0,None,,,,,,,,,,,,,,,,,,,,,,,,1,0,0,,,0.589071,,,,,,,,,,,,,,,,,,,,,,,
88.659998,-,0,0,0,,,,111450.707154,1898.764605,1594.243949,197.347217,0.109987,4.804124,,84621.319473,0.000222,0,47.440636,0,0,,1,0,0,0,132.55937,0,0.060084,1,1,-1,0,0,3.442561,-9.650284,4.266779,0,14967.328125,150.610901,14967.321289,0,113.613885,-6177.407288,46.389729,354.694701,1,,0,,,,,,EntryBurn,0,0,1926.918886,-197.347218,,,,,,,,,,,,,,,,,,,,,,,,0,None,,,,,,,,,,,,,,,,,,,,,,,,1,0,0,,,0.589001,,,,,,,,,,,,,,,,,,,,,,,
88.919998,-,0,0,0,,,,111501.592064,1898.50941,1593.938088,195.024131,0.109048,4.798442,,84621.319473,0.000192,0,48.153497,0,0,,1,0,0,0,131.846505,0,0.077515,1,1,-1,0,0,4.441297,-8.677623,4.819869,0,14966.1875,150.582474,14966.131836,0,113.613858,-6177.407368,46.389723,354.694694,1,,0,,,,,,EntryBurn,0,0,1916.329036,-195.02413,,,,,,,,,,,,,,,,,,,,,,,,0,None,,,,,,,,,,,,,,,,,,,,,,,,1,0,0,,,0.588931,,,,,,,,,,,,,,,,,,,,,,,
89.179998,-,0,0,0,,,,111551.869411,1898.257174,1593.635748,192.701062,0.108129,4.79282,,84621.319473,0.000131,0,49.028472,0,0,,1,0,0,0,130.971519,0,0.079693,1,1,-1,0,0,4.566055,-8.793283,3.44068,0,14968.381836,150.624069,14968.300781,0,113.613832,-6177.407454,46.389721,354.694691,1,,0,,,,,,EntryBurn,0,0,1905.632109,-192.701062,,,,,,,,,,,,,,,,,,,,,,,,0,None,,,,,,,,,,,,,,,,,,,,,,,,1,0,0,,,0.588861,,,,,,,,,,,,,,,,,,,,,,,
89.439998,-,0,0,0,,,,111601.551662,1898.008244,1593.337252,190.378176,0.107228,4.787259,,84621.319473,0.000078,0,49.989326,0,0,,1,0,0,0,130.010675,0,0.066005,1,1,-1,0,0,3.781832,-8.601886,3.480769,0,14964.505859,150.729858,14964.479492,0,113.613817,-6177.407476,46.389717,354.694687,1,,0,,,,,,EntryBurn,0,0,1894.826566,-190.378176,,,,,,,,,,,,,,,,,,,,,,,,0,None,,,,,,,,,,,,,,,,,,,,,,,,1,0,0,,,0.588792,,,,,,,,,,,,,,,,,,,,,,,
89.699998,-,0,0,0,,,,111650.614758,1897.76224,1593.042218,188.055096,0.106347,4.78176,,84621.319473,0.000048,0,50.899397,0,0,,1,0,0,0,129.100601,0,0.071093,1,1,-1,0,0,4.073355,-8.932204,4.503201,0,14967.351563,150.636734,14967.317383,0,113.613787,-6177.407506,46.389713,354.694681,1,,0,,,,,,EntryBurn,0,0,1883.908488,-188.055094,,,,,,,,,,,,,,,,,,,,,,,,0,None,,,,,,,,,,,,,,,,,,,,,,,,1,0,0,,,0.588722,,,,,,,,,,,,,,,,,,,,,,,
89.959998,-,0,0,0,,,,111699.072802,1897.519256,1592.750737,185.731906,0.105485,4.776323,,84621.319473,0.000085,0,51.60788,0,0,,1,0,0,0,128.392127,0,0.087944,1,1,-1,0,0,5.038846,-9.699427,4.258469,0,14965.553711,150.789413,14965.529297,0,113.613753,-6177.407528,46.389708,354.694674,1,,0,,,,,,EntryBurn,0,0,1872.876014,-185.731906,,,,,,,,,,,,,,,,,,,,,,,,0,None,,,,,,,,,,,,,,,,,,,,,,,,1,0,0,,,0.588652,,,,,,,,,,,,,,,,,,,,,,,
90.219998,-,0,0,0,,,,111746.941664,1897.279415,1592.462997,183.408742,0.104641,4.77095,,84621.319473,0.000088,0,52.773446,0,0,,1,0,0,0,127.226561,0,0.069169,1,1,-1,0,0,3.963069,-8.499736,3.132651,0,14968.188477,150.729797,14968.043945,0,113.613727,-6177.407517,46.38971,354.694677,1,,0,,,,,,EntryBurn,0,0,1861.72746,-183.408741,,,,,,,,,,,,,,,,,,,,,,,,0,None,,,,,,,,,,,,,,,,,,,,,,,,1,0,0,,,0.588583,,,,,,,,,,,,,,,,,,,,,,,
90.479998,-,0,0,0,,,,111794.179668,1897.042429,1592.178631,181.085487,0.103815,4.76564,,84621.319473,0.00011,0,53.716504,0,0,,1,0,0,0,126.283513,0,0.072639,1,1,-1,0,0,4.161914,-8.481778,5.107015,0,14966.652344,150.658615,14966.613281,0,113.613684,-6177.407534,46.389708,354.694675,1,,0,,,,,,EntryBurn,0,0,1850.459918,-181.085487,,,,,,,,,,,,,,,,,,,,,,,,0,None,,,,,,,,,,,,,,,,,,,,,,,,1,0,0,,,0.588513,,,,,,,,,,,,,,,,,,,,,,,
90.739998,-,0,0,0,,,,111840.831638,1896.808607,1591.898006,178.762595,0.103007,4.760393,,84621.319473,0.000056,0,54.677342,0,0,,1,0,0,0,125.322668,0,0.073015,1,1,-1,0,0,4.183465,-9.542009,3.669585,0,14964.445313,150.655136,14964.638672,0,113.613656,-6177.407521,46.38971,354.694677,1,,0,,,,,,EntryBurn,0,0,1839.073334,-178.762595,,,,,,,,,,,,,,,,,,,,,,,,0,None,,,,,,,,,,,,,,,,,,,,,,,,1,0,0,,,0.588444,,,,,,,,,,,,,,,,,,,,,,,
90.999998,-,0,0,0,,,,111886.863964,1896.577692,1591.620875,176.440219,0.102216,4.75521,,84621.319473,0.000183,0,55.883262,0,0,,1,0,0,0,124.116742,0,0.08339,1,1,-1,0,0,4.777915,-8.496031,3.857726,0,14968.342773,150.497528,14968.353516,0,113.613642,-6177.407535,46.389715,354.694684,1,,0,,,,,,EntryBurn,0,0,1827.565854,-176.440219,,,,,,,,,,,,,,,,,,,,,,,,0,None,,,,,,,,,,,,,,,,,,,,,,,,1,0,0,,,0.588374,,,,,,,,,,,,,,,,,,,,,,,
91.259998,-,0,0,0,,,,111932.307292,1896.349756,1591.347244,174.117658,0.101442,4.75009,,84621.319473,0.000155,0,56.904,0,0,,1,0,0,0,123.096014,0,0.074688,1,1,-1,0,0,4.279323,-7.294732,2.74678,0,14962.300781,150.704742,14962.506836,0,113.613626,-6177.407549,46.389717,354.694687,1,,0,,,,,,EntryBurn,0,0,1815.931424,-174.117659,,,,,,,,,,,,,,,,,,,,,,,,0,None,,,,,,,,,,,,,,,,,,,,,,,,1,0,0,,,0.588305,,,,,,,,,,,,,,,,,,,,,,,
91.519998,-,0,0,0,,,,111977.156307,1896.124887,1591.077259,171.795168,0.100685,4.745036,,84621.319473,0.000186,0,58.503182,0,0,,1,0,0,0,121.496828,0,0.066648,1,1,-1,0,0,3.818666,-8.707702,3.957619,0,14963.495117,150.800705,14963.794922,0,113.613611,-6177.407548,46.389724,354.694695,1,,0,,,,,,EntryBurn,0,0,1804.168623,-171.795169,,,,,,,,,,,,,,,,,,,,,,,,0,None,,,,,,,,,,,,,,,,,,,,,,,,1,0,0,,,0.588237,,,,,,,,,,,,,,,,,,,,,,,
91.779998,-,0,0,0,,,,112021.381206,1895.903097,1590.810903,169.472626,0.099944,4.740048,,84621.319473,0.000208,0,59.328492,0,0,,1,0,0,0,120.671493,0,0.056437,1,1,-1,0,0,3.233577,-8.824358,2.939888,0,14967.287109,150.60466,14967.308594,0,113.613586,-6177.407529,46.38973,354.694704,1,,0,,,,,,EntryBurn,0,0,1792.274042,-169.472625,,,,,,,,,,,,,,,,,,,,,,,,0,None,,,,,,,,,,,,,,,,,,,,,,,,1,0,0,,,0.588168,,,,,,,,,,,,,,,,,,,,,,,
92.039998,-,0,0,0,,,,112064.99452,1895.684497,1590.548302,167.150163,0.099219,4.735126,,84621.319473,0.000213,0,60.557853,0,0,,1,0,0,0,119.442157,0,0.092609,1,1,-1,0,0,5.306088,-9.890134,3.978471,0,14967.539063,150.648605,14967.592773,0,113.613571,-6177.407469,46.389739,354.694715,1,,0,,,,,,EntryBurn,0,0,1780.245478,-167.150164,,,,,,,,,,,,,,,,,,,,,,,,0,None,,,,,,,,,,,,,,,,,,,,,,,,1,0,0,,,0.588099,,,,,,,,,,,,,,,,,,,,,,,
92.299998,-,0,0,0,,,,112108.026901,1895.468896,1590.289255,164.827633,0.09851,4.73027,,84621.319473,0.000272,0,61.775348,0,0,,1,0,0,0,118.224664,0,0.07565,1,1,-1,0,0,4.334402,-10.373806,3.149606,0,14964.799805,150.623657,14964.818359,0,113.613542,-6177.407408,46.389748,354.694728,1,,0,,,,,,EntryBurn,0,0,1768.079242,-164.827632,,,,,,,,,,,,,,,,,,,,,,,,0,None,,,,,,,,,,,,,,,,,,,,,,,,1,0,0,,,0.58803,,,,,,,,,,,,,,,,,,,,,,,
92.559998,-,0,0,0,,,,112150.43646,1895.25625,1590.033689,162.504916,0.097817,4.72548,,84621.319473,0.00021,0,63.074827,0,0,,1,0,0,0,116.925167,0,0.088898,1,1,-1,0,0,5.093455,-8.888969,3.406186,0,14964.493164,150.585052,14964.480469,0,113.613511,-6177.407353,46.389754,354.694736,1,,0,,,,,,EntryBurn,0,0,1755.772336,-162.504917,,,,,,,,,,,,,,,,,,,,,,,,0,None,,,,,,,,,,,,,,,,,,,,,,,,1,0,0,,,0.587962,,,,,,,,,,,,,,,,,,,,,,,
92.819998,-,0,0,0,,,,112192.257917,1895.045904,1589.780854,160.18169,0.097139,4.720755,,84621.319473,0.00015,0,64.469485,0,0,,1,0,0,0,115.530526,0,0.074994,1,1,-1,0,0,4.296821,-8.020466,4.121537,0,14968.427734,150.636307,14968.49707,0,113.613477,-6177.407436,46.389743,354.694721,1,,0,,,,,,EntryBurn,0,0,1743.319108,-160.181689,,,,,,,,,,,,,,,,,,,,,,,,0,None,,,,,,,,,,,,,,,,,,,,,,,,1,0,0,,,0.587894,,,,,,,,,,,,,,,,,,,,,,,
93.079998,-,0,0,0,,,,112233.453928,1894.83848,1589.531517,157.85882,0.096476,4.716096,,84621.319473,0.000272,0,65.706836,0,0,,1,0,0,0,114.293157,0,0.083031,1,1,-1,0,0,4.757345,-8.976774,3.324455,0,14962.073242,150.622543,14961.979492,0,113.613434,-6177.407543,46.389734,354.694708,1,,0,,,,,,EntryBurn,0,0,1730.720907,-157.85882,,,,,,,,,,,,,,,,,,,,,,,,0,None,,,,,,,,,,,,,,,,,,,,,,,,1,0,0,,,0.587827,,,,,,,,,,,,,,,,,,,,,,,
93.339998,-,0,0,0,,,,112274.071614,1894.633932,1589.285611,155.536145,0.095827,4.711502,,84621.319473,0.000269,0,67.007108,0,0,,1,0,0,0,112.992895,0,0.077041,1,1,-1,0,0,4.414123,-8.808165,2.693721,0,14962.243164,150.558899,14962.178711,0,113.613409,-6177.407679,46.389724,354.694695,1,,0,,,,,,EntryBurn,0,0,1717.974065,-155.536145,,,,,,,,,,,,,,,,,,,,,,,,0,None,,,,,,,,,,,,,,,,,,,,,,,,1,0,0,,,0.58776,,,,,,,,,,,,,,,,,,,,,,,
93.599998,-,0,0,0,,,,112314.067266,1894.43251,1589.043393,153.213467,0.095193,4.706976,,84621.319473,0.000243,0,68.687968,0,0,,1,0,0,0,111.312039,0,0.088158,1,1,-1,0,0,5.051103,-10.490372,3.231914,0,14964.884766,150.890747,14965.137695,0,113.613376,-6177.407788,46.389715,354.694684,1,,0,,,,,,EntryBurn,0,0,1705.074026,-153.213468,,,,,,,,,,,,,,,,,,,,,,,,0,None,,,,,,,,,,,,,,,,,,,,,,,,1,0,0,,,0.587692,,,,,,,,,,,,,,,,,,,,,,,
93.859998,-,0,0,0,,,,112353.47467,1894.234087,1588.804728,150.890701,0.094573,4.702517,,84621.319473,0.000243,0,69.769834,0,0,,1,0,0,0,110.230158,0,0.091056,1,1,-1,0,0,5.217131,-9.608192,2.242736,0,14965.054688,150.606857,14965.00293,0,113.613351,-6177.407897,46.389706,354.694672,1,,0,,,,,,EntryBurn,0,0,1692.0161,-150.890699,,,,,,,,,,,,,,,,,,,,,,,,0,None,,,,,,,,,,,,,,,,,,,,,,,,1,0,0,,,0.587624,,,,,,,,,,,,,,,,,,,,,,,
94.119998,-,0,0,0,,,,112392.269352,1894.038802,1588.569788,148.567946,0.093968,4.698127,,84621.319473,0.000179,0,71.22681,0,0,,1,0,0,0,108.773186,0,0.079863,1,1,-1,0,0,4.575816,-9.366232,2.805593,0,14970.195313,150.732742,14970.038086,0,113.613316,-6177.407978,46.389702,354.694667,1,,0,,,,,,EntryBurn,0,0,1678.798382,-148.567947,,,,,,,,,,,,,,,,,,,,,,,,0,None,,,,,,,,,,,,,,,,,,,,,,,,1,0,0,,,0.587557,,,,,,,,,,,,,,,,,,,,,,,
94.379998,-,0,0,0,,,,112430.457139,1893.846723,1588.338591,146.245191,0.093376,4.693805,,84621.319473,0.000151,0,72.460663,0,0,,1,0,0,0,107.539329,0,0.094476,1,1,-1,0,0,5.413089,-8.057038,2.387608,0,14963.713867,150.451462,14963.800781,0,113.613276,-6177.408016,46.389695,354.694658,1,,0,,,,,,EntryBurn,0,0,1665.415816,-146.245191,,,,,,,,,,,,,,,,,,,,,,,,0,None,,,,,,,,,,,,,,,,,,,,,,,,1,0,0,,,0.587491,,,,,,,,,,,,,,,,,,,,,,,
94.639998,-,0,0,0,,,,112468.062141,1893.657767,1588.11112,143.922456,0.092797,4.68955,,84621.319473,0.000103,0,73.990602,0,0,,1,0,0,0,106.009403,0,0.100684,1,1,-1,0,0,5.768795,-8.906631,2.415231,0,14970.441406,150.741226,14970.398438,0,113.613256,-6177.408028,46.389695,354.694657,1,,0,,,,,,EntryBurn,0,0,1651.86551,-143.922455,,,,,,,,,,,,,,,,,,,,,,,,0,None,,,,,,,,,,,,,,,,,,,,,,,,1,0,0,,,0.587424,,,,,,,,,,,,,,,,,,,,,,,
94.899998,-,0,0,0,,,,112505.058872,1893.471727,1587.887084,141.599655,0.092232,4.685363,,84621.311843,0.000148,0,75.222529,0,0,,1,0,0,0,104.777467,0,0.10204,1,1,-1,0,0,5.846475,-9.062679,2.863936,0,14964.399414,150.533157,14964.464844,0,113.613221,-6177.408059,46.389689,354.69465,1,,0,,,,,,EntryBurn,0,0,1638.141746,-141.599654,,,,,,,,,,,,,,,,,,,,,,,,0,None,,,,,,,,,,,,,,,,,,,,,,,,1,0,0,,,0.587357,,,,,,,,,,,,,,,,,,,,,,,
95.159998,-,0,0,0,,,,112541.447062,1893.288882,1587.666864,139.276956,0.09168,4.681244,,84621.311843,0.000135,0,76.624359,0,0,,1,0,0,0,103.375638,0,0.089705,1,1,-1,0,0,5.139735,-9.465425,2.302308,0,14962.253906,150.70224,14962.143555,0,113.6132,-6177.408051,46.389692,354.694654,1,,0,,,,,,EntryBurn,0,0,1624.243047,-139.276956,,,,,,,,,,,,,,,,,,,,,,,,0,None,,,,,,,,,,,,,,,,,,,,,,,,1,0,0,,,0.587289,,,,,,,,,,,,,,,,,,,,,,,
95.419998,-,0,0,0,,,,112577.230596,1893.109026,1587.450193,136.954645,0.091141,4.677195,,84621.311843,0.000051,0,77.94812,0,0,,1,0,0,0,102.051881,0,0.089434,1,1,-1,0,0,5.124203,-10.14496,2.037509,0,14967.660156,150.686508,14967.607422,0,113.61317,-6177.408054,46.389694,354.694657,1,,0,,,,,,EntryBurn,0,0,1610.165444,-136.954644,,,,,,,,,,,,,,,,,,,,,,,,0,None,,,,,,,,,,,,,,,,,,,,,,,,1,0,0,,,0.587222,,,,,,,,,,,,,,,,,,,,,,,
95.679998,-,0,0,0,,,,112612.410101,1892.931927,1587.236848,134.632603,0.090614,4.673213,,84621.311843,0.000155,0,79.441828,0,0,,1,0,0,0,100.558168,0,0.096164,1,1,-1,0,0,5.509784,-9.569614,1.198631,0,14964.988281,150.590363,14965.083984,0,113.613143,-6177.408114,46.389697,354.69466,1,,0,,,,,,EntryBurn,0,0,1595.904577,-134.632602,,,,,,,,,,,,,,,,,,,,,,,,0,None,,,,,,,,,,,,,,,,,,,,,,,,1,0,0,,,0.587155,,,,,,,,,,,,,,,,,,,,,,,
95.939998,-,0,0,0,,,,112646.995852,1892.757917,1587.027167,132.310507,0.0901,4.669299,,84621.311843,0.000145,0,80.889762,0,0,,1,0,0,0,99.110238,0,0.070552,1,1,-1,0,0,4.042331,-9.236362,1.310609,0,14966.118164,150.549286,14966.211914,0,113.613129,-6177.408156,46.389702,354.694667,1,,0,,,,,,EntryBurn,0,0,1581.453728,-132.310508,,,,,,,,,,,,,,,,,,,,,,,,0,None,,,,,,,,,,,,,,,,,,,,,,,,1,0,0,,,0.587087,,,,,,,,,,,,,,,,,,,,,,,
96.199998,-,0,0,0,,,,112680.973316,1892.58707,1586.821193,129.98846,0.089598,4.665455,,84621.311843,0.000123,0,82.45232,0.000001,0,,1,0,0,0,97.547674,0.000001,0.103681,1,1,-1,0,0,5.940497,-7.688629,1.965843,0,14970.101563,150.570053,14970.117188,0,113.613097,-6177.408166,46.389704,354.69467,1,,0,,,,,,EntryBurn,0,0,1566.808405,-129.98846,,,,,,,,,,,,,,,,,,,,,,,,0,None,,,,,,,,,,,,,,,,,,,,,,,,1,0,0,,,0.58702,,,,,,,,,,,,,,,,,,,,,,,
96.459998,-,0,0,0,,,,112714.345851,1892.419246,1586.61883,127.666291,0.089108,4.661679,,84621.311843,0.00012,0,83.960437,0.000001,0,,1,0,0,0,96.039564,0.000001,0.091159,1,1,-1,0,0,5.223001,-8.323113,2.796582,0,14969.378906,150.55954,14969.422852,0,113.613073,-6177.408171,46.389711,354.694679,1,,0,,,,,,EntryBurn,0,0,1551.96266,-127.66629,,,,,,,,,,,,,,,,,,,,,,,,0,None,,,,,,,,,,,,,,,,,,,,,,,,1,0,0,,,0.586953,,,,,,,,,,,,,,,,,,,,,,,
96.719998,-,0,0,0,,,,112747.112712,1892.254542,1586.42016,125.344202,0.08863,4.657972,,84621.311843,0.00016,0,85.273918,0.000001,0,,1,0,0,0,94.72608,0.000001,0.090253,1,1,-1,0,0,5.171115,-9.236084,1.022552,0,14964.802734,150.619537,14964.733398,0,113.613051,-6177.408154,46.389718,354.694689,1,,0,,,,,,EntryBurn,0,0,1536.912782,-125.344201,,,,,,,,,,,,,,,,,,,,,,,,0,None,,,,,,,,,,,,,,,,,,,,,,,,1,0,0,,,0.586886,,,,,,,,,,,,,,,,,,,,,,,
96.979998,-,0,0,0,,,,112779.296997,1892.092959,1586.225201,123.022106,0.088163,4.654333,,84621.311843,0.000252,0,86.660339,0.000001,0,,1,0,0,0,93.339663,0.000001,0.083676,1,1,-1,0,0,4.794296,-8.626212,2.303793,0,14964.734375,150.652466,14964.773438,0,113.613025,-6177.408114,46.389731,354.694705,1,,0,,,,,,EntryBurn,0,0,1521.653159,-123.022106,,,,,,,,,,,,,,,,,,,,,,,,0,None,,,,,,,,,,,,,,,,,,,,,,,,1,0,0,,,0.586819,,,,,,,,,,,,,,,,,,,,,,,
97.239998,-,0,0,0,,,,112810.862073,1891.934301,1586.033714,120.699977,0.087709,4.650764,,84621.311843,0.000248,0,88.475542,0.000001,0,,1,0,0,0,91.524462,0.000001,0.068922,1,1,-1,0,0,3.948944,-9.095162,2.698239,0,14964.388672,150.703033,14964.214844,0,113.612999,-6177.408092,46.38974,354.694718,1,,0,,,,,,EntryBurn,0,0,1506.177722,-120.699977,,,,,,,,,,,,,,,,,,,,,,,,0,None,,,,,,,,,,,,,,,,,,,,,,,,1,0,0,,,0.586751,,,,,,,,,,,,,,,,,,,,,,,
97.499998,-,0,0,0,,,,112841.847299,1891.778455,1585.84554,118.377525,0.087265,4.647261,,84621.311843,0.000115,0,89.721846,0.000001,0,,1,0,0,0,90.278153,0.000001,0.093209,1,1,-1,0,0,5.340497,-9.67547,0.725457,0,14963.736328,150.689194,14963.635742,0,113.612972,-6177.408107,46.389741,354.694719,1,,0,,,,,,EntryBurn,0,0,1490.478802,-118.377527,,,,,,,,,,,,,,,,,,,,,,,,0,None,,,,,,,,,,,,,,,,,,,,,,,,1,0,0,,,0.586684,,,,,,,,,,,,,,,,,,,,,,,
97.759998,-,0,0,0,,,,112872.21809,1891.625431,1585.660677,116.054678,0.086833,4.643826,,84621.311843,0.00027,0,91.258772,0.000001,0,,1,0,0,0,88.741234,0.000001,0.094658,1,1,-1,0,0,5.42351,-8.800281,0.361346,0,14961.698242,150.477768,14961.768555,0,113.612939,-6177.408159,46.389732,354.694707,1,,0,,,,,,EntryBurn,0,0,1474.549915,-116.054679,,,,,,,,,,,,,,,,,,,,,,,,0,None,,,,,,,,,,,,,,,,,,,,,,,,1,0,0,,,0.586616,,,,,,,,,,,,,,,,,,,,,,,
98.019998,-,0,0,0,,,,112901.9663,1891.47487,1585.478847,113.73247,0.086411,4.640461,,84621.311843,0.00026,0,92.624711,0.000001,0,,1,0,0,0,87.375292,0.000001,0.098558,1,1,-1,0,0,5.646953,-8.937037,0.598088,0,14965.793945,150.574356,14965.797852,0,113.612904,-6177.408336,46.389721,354.694693,1,,0,,,,,,EntryBurn,0,0,1458.392368,-113.732471,,,,,,,,,,,,,,,,,,,,,,,,0,None,,,,,,,,,,,,,,,,,,,,,,,,1,0,0,,,0.586548,,,,,,,,,,,,,,,,,,,,,,,
98.279998,-,0,0,0,,,,112931.156712,1891.327602,1585.300892,111.410315,0.086001,4.637163,,84621.311843,0.000265,0,94.107165,0,0,,1,0,0,0,85.892842,0,0.0869,1,1,-1,0,0,4.97899,-9.571049,1.558941,0,14967.132813,150.636139,14967.054688,0,113.612876,-6177.408454,46.389713,354.694682,1,,0,,,,,,EntryBurn,0,0,1441.995458,-111.410316,,,,,,,,,,,,,,,,,,,,,,,,0,None,,,,,,,,,,,,,,,,,,,,,,,,1,0,0,,,0.58648,,,,,,,,,,,,,,,,,,,,,,,
98.539998,-,0,0,0,,,,112959.723442,1891.183295,1585.126449,109.088092,0.085601,4.633934,,84621.311843,0.000257,0,95.635817,0,0,,1,0,0,0,84.364203,0,0.092017,1,1,-1,0,0,5.272195,-8.620681,2.391958,0,14967.375977,150.801514,14967.617188,0,113.61285,-6177.408583,46.389703,354.694668,1,,0,,,,,,EntryBurn,0,0,1425.351575,-109.088092,,,,,,,,,,,,,,,,,,,,,,,,0,None,,,,,,,,,,,,,,,,,,,,,,,,1,0,0,,,0.586412,,,,,,,,,,,,,,,,,,,,,,,
98.799998,-,0,0,0,,,,112987.67557,1891.042099,1584.955712,106.76584,0.085211,4.630774,,84621.311843,0.000208,0,97.127875,0,0,,1,0,0,0,82.872122,0,0.089764,1,1,-1,0,0,5.143075,-8.493296,1.550116,0,14963.589844,150.550858,14963.613281,0,113.612811,-6177.408692,46.389696,354.694661,1,,0,,,,,,EntryBurn,0,0,1408.454239,-106.76584,,,,,,,,,,,,,,,,,,,,,,,,0,None,,,,,,,,,,,,,,,,,,,,,,,,1,0,0,,,0.586344,,,,,,,,,,,,,,,,,,,,,,,
99.059998,-,0,0,0,,,,113015.050854,1890.904207,1584.788858,104.443647,0.084832,4.627683,,84621.311843,0.000116,0,98.506096,0,0,,1,0,0,0,81.493923,0,0.100221,1,1,-1,0,0,5.742258,-8.257898,1.321069,0,14971.347656,150.612915,14971.34668,0,113.612793,-6177.40874,46.389693,354.694655,1,,0,,,,,,EntryBurn,0,0,1391.297555,-104.443647,,,,,,,,,,,,,,,,,,,,,,,,0,None,,,,,,,,,,,,,,,,,,,,,,,,1,0,0,,,0.586276,,,,,,,,,,,,,,,,,,,,,,,
99.319998,-,0,0,0,,,,113041.821507,1890.769404,1584.625686,102.121437,0.084463,4.624661,,84621.311843,0.000068,0,100.19555,0,0,,1,0,0,0,79.804476,0,0.089929,1,1,-1,0,0,5.152555,-9.048593,1.919276,0,14968.613281,150.745102,14968.8125,0,113.612758,-6177.408774,46.389692,354.694656,1,,0,,,,,,EntryBurn,0,0,1373.872613,-102.121437,,,,,,,,,,,,,,,,,,,,,,,,0,None,,,,,,,,,,,,,,,,,,,,,,,,1,0,0,,,0.586207,,,,,,,,,,,,,,,,,,,,,,,
99.579998,-,0,0,0,,,,113067.967415,1890.637552,1584.466022,99.79909,0.084105,4.621709,,84621.311843,0.0001,0,101.557221,0,0,,1,0,0,0,78.442799,0,0.099148,1,1,-1,0,0,5.680763,-10.096969,0.123584,0,14971.629883,150.596359,14971.641602,0,113.612728,-6177.40882,46.389691,354.694653,1,,0,,,,,,EntryBurn,0,0,1356.171898,-99.79909,,,,,,,,,,,,,,,,,,,,,,,,0,None,,,,,,,,,,,,,,,,,,,,,,,,1,0,0,,,0.586138,,,,,,,,,,,,,,,,,,,,,,,
99.839998,-,0,0,0,,,,113093.54042,1890.508868,1584.310098,97.476875,0.083756,4.618824,,84621.311843,0.000085,0,103.149724,0,0,,1,0,0,0,76.85029,0,0.069928,1,1,-1,0,0,4.006584,-7.893698,1.485971,0,14966.005859,150.572586,14965.938477,0,113.612706,-6177.408836,46.38969,354.694652,1,,0,,,,,,EntryBurn,0,0,1338.18883,-97.476874,,,,,,,,,,,,,,,,,,,,,,,,0,None,,,,,,,,,,,,,,,,,,,,,,,,1,0,0,,,0.586069,,,,,,,,,,,,,,,,,,,,,,,
100.099998,-,0,0,0,,,,113118.519152,1890.383355,1584.157923,95.15467,0.083417,4.616008,,84621.311843,0.000081,0,104.418001,0,0,,1,0,0,0,75.581989,0,0.085421,1,1,-1,0,0,4.894247,-9.658381,0.498622,0,14964.203125,150.629715,14964.365234,0,113.612681,-6177.40882,46.38969,354.694652,1,,0,,,,,,EntryBurn,0,0,1319.914303,-95.154671,,,,,,,,,,,,,,,,,,,,,,,,0,None,,,,,,,,,,,,,,,,,,,,,,,,1,0,0,,,0.586,,,,,,,,,,,,,,,,,,,,,,,
100.359998,-,0,0,0,,,,113142.881749,1890.26088,1584.009379,92.832404,0.083088,4.613262,,84621.311843,0.000137,0,105.940815,0,0,,1,0,0,0,74.059206,0,0.099898,1,-1,-1,0,0,5.723738,-7.790901,-0.291539,0,14966.426758,150.481262,14966.458008,0,113.612658,-6177.408799,46.389694,354.694658,1,,0,,,,,,EntryBurn,0,0,1301.339387,-92.832404,,,,,,,,,,,,,,,,,,,,,,,,0,None,,,,,,,,,,,,,,,,,,,,,,,,1,0,0,,,0.58593,,,,,,,,,,,,,,,,,,,,,,,
100.619998,-,0,0,0,,,,113166.642768,1890.141154,1583.864147,90.510639,0.082769,4.610584,,84621.311843,0.000057,0,107.522655,0,0,,1,0,0,0,72.477373,0,0.09932,1,-1,-1,0,0,5.690612,-9.259049,-0.326704,0,14960.988281,150.819824,14961.013672,0,113.612628,-6177.408842,46.389696,354.69466,1,,0,,,,,,EntryBurn,0,0,1282.459948,-90.510639,,,,,,,,,,,,,,,,,,,,,,,,0,None,,,,,,,,,,,,,,,,,,,,,,,,1,0,0,,,0.58586,,,,,,,,,,,,,,,,,,,,,,,
100.879998,-,0,0,0,,,,113189.793599,1890.024406,1583.722476,88.18893,0.082459,4.607973,,84621.311843,0.000119,0,108.729215,0,0,,1,0,0,0,71.270794,0,0.100137,1,-1,-1,0,0,5.737422,-8.595439,-0.487888,0,14969.208008,150.596207,14969.192383,0,113.612598,-6177.408894,46.389699,354.694664,1,,0,,,,,,EntryBurn,0,0,1263.263324,-88.18893,,,,,,,,,,,,,,,,,,,,,,,,0,None,,,,,,,,,,,,,,,,,,,,,,,,1,0,0,,,0.58579,,,,,,,,,,,,,,,,,,,,,,,
101.139998,-,0,0,0,,,,113212.356976,1889.910913,1583.584651,85.867377,0.082158,4.605431,,84621.311843,0.000177,0,110.217652,0,0,,1,0,0,0,69.782375,0,0.094334,1,1,-1,0,0,5.404946,-8.828297,0.351247,0,14968.516602,150.534393,14968.556641,0,113.612579,-6177.408898,46.389706,354.694673,1,,0,,,,,,EntryBurn,0,0,1243.740758,-85.867375,,,,,,,,,,,,,,,,,,,,,,,,0,None,,,,,,,,,,,,,,,,,,,,,,,,1,0,0,,,0.58572,,,,,,,,,,,,,,,,,,,,,,,
101.399998,-,0,0,0,,,,113234.296304,1889.800518,1583.450489,83.545676,0.081866,4.60296,,84621.311843,0.000205,0,111.848095,0,0,,1,0,0,0,68.151916,0,0.095692,1,-1,-1,0,0,5.482745,-8.339616,-1.195163,0,14958.757813,150.693298,14958.589844,0,113.61255,-6177.408884,46.389712,354.694681,1,,0,,,,,,EntryBurn,0,0,1223.879651,-83.545677,,,,,,,,,,,,,,,,,,,,,,,,0,None,,,,,,,,,,,,,,,,,,,,,,,,1,0,0,,,0.585649,,,,,,,,,,,,,,,,,,,,,,,
101.659998,-,0,0,0,,,,113255.658895,1889.693156,1583.31995,81.223955,0.081584,4.600556,,84621.311843,0.000183,0,113.194133,0,0,,1,0,0,0,66.805861,0,0.092701,1,-1,-1,0,0,5.311381,-7.808627,-0.414106,0,14962.487305,150.599106,14962.532227,0,113.61252,-6177.408868,46.389721,354.694692,1,,0,,,,,,EntryBurn,0,0,1203.671443,-81.223957,,,,,,,,,,,,,,,,,,,,,,,,0,None,,,,,,,,,,,,,,,,,,,,,,,,1,0,0,,,0.585578,,,,,,,,,,,,,,,,,,,,,,,
101.919998,-,0,0,0,,,,113276.397699,1889.588928,1583.193134,78.902353,0.081311,4.598221,,84621.311843,0.000269,0,114.553275,0,0,,1,0,0,0,65.446751,0,0.086225,1,-1,-1,0,0,4.940353,-9.14288,-0.842485,0,14964.880859,150.597626,14964.983398,0,113.612487,-6177.40883,46.389732,354.694708,1,,0,,,,,,EntryBurn,0,0,1183.106174,-78.902352,,,,,,,,,,,,,,,,,,,,,,,,0,None,,,,,,,,,,,,,,,,,,,,,,,,1,0,0,,,0.585507,,,,,,,,,,,,,,,,,,,,,,,
102.179998,-,0,0,0,,,,113296.580374,1889.487741,1583.069929,76.580672,0.081047,4.595953,,84621.304214,0.000268,0,116.001099,0,0,,1,0,0,0,63.998904,0,0.082747,1,1,-1,0,0,4.741074,-8.851395,0.971204,0,14965.839844,150.627014,14965.791016,0,113.612474,-6177.408785,46.389743,354.694722,1,,0,,,,,,EntryBurn,0,0,1162.171826,-76.580671,,,,,,,,,,,,,,,,,,,,,,,,0,None,,,,,,,,,,,,,,,,,,,,,,,,1,0,0,,,0.585435,,,,,,,,,,,,,,,,,,,,,,,
102.439998,-,0,0,0,,,,113316.128029,1889.389066,1582.949685,74.258397,0.080791,4.593753,,84621.304214,0.00008,0,117.313596,0.000001,0,,1,0,0,0,62.686415,0.000001,0.106449,1,-1,-1,0,0,6.099063,-8.476439,-0.023529,0,14967.532227,150.606705,14967.43457,0,113.612433,-6177.408845,46.389737,354.694714,1,,0,,,,,,EntryBurn,0,0,1140.852358,-74.258398,,,,,,,,,,,,,,,,,,,,,,,,0,None,,,,,,,,,,,,,,,,,,,,,,,,1,0,0,,,0.585363,,,,,,,,,,,,,,,,,,,,,,,
102.699998,-,0,0,0,,,,113335.099214,1889.29371,1582.833379,71.936387,0.080545,4.59162,,84621.304214,0.00008,0,118.759652,0.000001,0,,1,0,0,0,61.240335,0.000001,0.093231,1,-1,-1,0,0,5.341736,-8.792491,-0.23285,0,14968.445313,150.65097,14968.376953,0,113.612413,-6177.408844,46.389737,354.694714,1,,0,,,,,,EntryBurn,0,0,1119.143748,-71.936388,,,,,,,,,,,,,,,,,,,,,,,,0,None,,,,,,,,,,,,,,,,,,,,,,,,1,0,0,,,0.585291,,,,,,,,,,,,,,,,,,,,,,,
102.959998,-,0,0,0,,,,113353.45573,1889.201501,1582.720815,69.614327,0.080307,4.589557,,84621.304214,0.000109,0,120.051865,0,0,,1,0,0,0,59.948135,0,0.102147,1,1,-1,0,0,5.852582,-7.891283,0.60887,0,14965.755859,150.537598,14965.889648,0,113.612386,-6177.408817,46.389741,354.694719,1,,0,,,,,,EntryBurn,0,0,1097.031097,-69.614327,,,,,,,,,,,,,,,,,,,,,,,,0,None,,,,,,,,,,,,,,,,,,,,,,,,1,0,0,,,0.58522,,,,,,,,,,,,,,,,,,,,,,,
103.219998,-,0,0,0,,,,113371.219858,1889.112197,1582.611739,67.292522,0.080077,4.587561,,84621.304214,0.000103,0,121.293386,0,0,,1,0,0,0,58.706618,0,0.110318,1,-1,-1,0,0,6.320741,-8.07602,-0.742792,0,14963.917969,150.687988,14963.882813,0,113.612359,-6177.408818,46.389745,354.694725,1,,0,,,,,,EntryBurn,0,0,1074.506073,-67.29252,,,,,,,,,,,,,,,,,,,,,,,,0,None,,,,,,,,,,,,,,,,,,,,,,,,1,0,0,,,0.585148,,,,,,,,,,,,,,,,,,,,,,,
103.479998,-,0,0,0,,,,113388.379015,1889.025469,1582.505781,64.97085,0.079856,4.585634,,84621.304214,0.00012,0,122.656947,0,0,,1,0,0,0,57.343058,0,0.083879,1,-1,-1,0,0,4.805893,-9.09203,-0.145007,0,14964.209961,150.583252,14964.289063,0,113.612334,-6177.408914,46.389745,354.694724,1,,0,,,,,,EntryBurn,0,0,1051.553795,-64.97085,,,,,,,,,,,,,,,,,,,,,,,,0,None,,,,,,,,,,,,,,,,,,,,,,,,1,0,0,,,0.585077,,,,,,,,,,,,,,,,,,,,,,,
103.739998,-,0,0,0,,,,113404.937949,1888.941702,1582.403334,62.649039,0.079644,4.583772,,84621.304214,0.000182,0,124.158816,0,0,,1,0,0,0,55.841195,0,0.10235,1,-1,-1,0,0,5.864216,-8.426807,-0.938025,0,14966.363281,150.691376,14966.224609,0,113.612301,-6177.409024,46.38974,354.694719,1,,0,,,,,,EntryBurn,0,0,1028.159706,-62.649039,,,,,,,,,,,,,,,,,,,,,,,,0,None,,,,,,,,,,,,,,,,,,,,,,,,1,0,0,,,0.585006,,,,,,,,,,,,,,,,,,,,,,,
103.999998,-,0,0,0,,,,113420.892943,1888.861122,1582.304659,60.327264,0.07944,4.581979,,84621.304214,0.000139,0,125.380006,0,0,,1,0,0,0,54.620006,0,0.091774,1,-1,-1,0,0,5.258261,-10.650295,-1.233657,0,14965.864258,150.580063,14965.842773,0,113.612278,-6177.409099,46.389738,354.694716,1,,0,,,,,,EntryBurn,0,0,1004.312165,-60.327264,,,,,,,,,,,,,,,,,,,,,,,,0,None,,,,,,,,,,,,,,,,,,,,,,,,1,0,0,,,0.584936,,,,,,,,,,,,,,,,,,,,,,,
104.259998,-,0,0,0,,,,113436.264108,1888.783661,1582.209668,58.005405,0.079244,4.580254,,84621.304214,0.000079,0,126.459018,0,0,,1,0,0,0,53.540996,0,0.082268,1,-1,-1,0,0,4.713626,-8.858991,-1.303113,0,14965.466797,150.600006,14965.392578,0,113.612254,-6177.409154,46.389735,354.694711,1,,0,,,,,,EntryBurn,0,0,979.997321,-58.005405,,,,,,,,,,,,,,,,,,,,,,,,0,None,,,,,,,,,,,,,,,,,,,,,,,,1,0,0,,,0.584865,,,,,,,,,,,,,,,,,,,,,,,
104.519998,-,0,0,0,,,,113451.047325,1888.709367,1582.118438,55.683629,0.079056,4.578595,,84621.304214,0.000028,0,127.754651,0,0,,1,0,0,0,52.245347,0,0.089912,1,-1,-1,0,0,5.151573,-6.921227,-0.710509,0,14967.30957,150.548996,14967.356445,0,113.612235,-6177.40918,46.389734,354.69471,1,,0,,,,,,EntryBurn,0,0,955.20265,-55.68363,,,,,,,,,,,,,,,,,,,,,,,,0,None,,,,,,,,,,,,,,,,,,,,,,,,1,0,0,,,0.584795,,,,,,,,,,,,,,,,,,,,,,,
104.779998,-,0,0,0,,,,113465.198669,1888.638126,1582.030847,53.361716,0.078876,4.577008,,84621.304214,0.000046,0,128.941338,0,0,,1,0,0,0,51.058669,0,0.083462,1,-1,-1,0,0,4.782018,-7.313493,-0.763857,0,14966.945313,150.631348,14966.944336,0,113.612209,-6177.409199,46.389735,354.694712,1,,0,,,,,,EntryBurn,0,0,929.913354,-53.361716,,,,,,,,,,,,,,,,,,,,,,,,0,None,,,,,,,,,,,,,,,,,,,,,,,,1,0,0,,,0.584725,,,,,,,,,,,,,,,,,,,,,,,
105.039998,-,0,0,0,,,,113478.768568,1888.570024,1581.946966,51.039924,0.078705,4.575486,,84621.304214,0.000049,0,130.169335,0,0,,1,0,0,0,49.830664,0,0.111039,1,-1,-1,0,0,6.362074,-8.899427,-1.985018,0,14964.110352,150.712814,14963.914063,0,113.612189,-6177.409196,46.389736,354.694713,1,,0,,,,,,EntryBurn,0,0,904.118408,-51.039924,,,,,,,,,,,,,,,,,,,,,,,,0,None,,,,,,,,,,,,,,,,,,,,,,,,1,0,0,,,0.584655,,,,,,,,,,,,,,,,,,,,,,,
105.299998,-,0,0,0,,,,113491.72856,1888.505039,1581.866807,48.71817,0.078541,4.574032,,84621.304214,0.000101,0,131.359852,0,0,,1,0,0,0,48.640159,0,0.093708,1,-1,-1,0,0,5.369091,-10.410037,-1.397894,0,14966.716797,150.452759,14966.646484,0,113.612173,-6177.409174,46.389741,354.69472,1,,0,,,,,,EntryBurn,0,0,877.804529,-48.718171,,,,,,,,,,,,,,,,,,,,,,,,0,None,,,,,,,,,,,,,,,,,,,,,,,,1,0,0,,,0.584585,,,,,,,,,,,,,,,,,,,,,,,
105.559998,-,0,0,0,,,,113504.064776,1888.443079,1581.790249,46.396352,0.078386,4.572648,,84621.304214,0.000131,0,132.488734,0,0,,1,0,0,0,47.511265,0,0.100772,1,-1,-1,0,0,5.773785,-8.153737,-0.691151,0,14963.070313,150.567108,14963.041992,0,113.612138,-6177.409153,46.389746,354.694727,1,,0,,,,,,EntryBurn,0,0,850.957335,-46.396352,,,,,,,,,,,,,,,,,,,,,,,,0,None,,,,,,,,,,,,,,,,,,,,,,,,1,0,0,,,0.584514,,,,,,,,,,,,,,,,,,,,,,,
105.819998,-,0,0,0,,,,113515.839717,1888.383979,1581.717063,44.074258,0.078238,4.571329,,84621.304214,0.000101,0,133.523412,0,0,,1,0,0,0,46.476597,0,0.081336,1,-1,-1,0,0,4.660194,-9.016139,-3.265367,0,14962.418945,150.626633,14962.367188,0,113.61211,-6177.409166,46.389741,354.694721,1,,0,,,,,,EntryBurn,0,0,823.563102,-44.074258,,,,,,,,,,,,,,,,,,,,,,,,0,None,,,,,,,,,,,,,,,,,,,,,,,,1,0,0,,,0.584444,,,,,,,,,,,,,,,,,,,,,,,
106.079998,-,0,0,0,,,,113526.974325,1888.328472,1581.647509,41.756574,0.078099,4.570081,,84621.304214,0.011194,0,134.778994,0,0,,1,0,0,0,45.221,0,0.095378,1,-1,-1,0,0,5.464736,-8.850286,-1.530302,0,14964.554688,150.59964,14964.683594,0,113.612094,-6177.40908,46.38966,354.694696,1,,0,,,,,,EntryBurn,0,0,795.667039,-41.756575,,,,,,,,,,,,,,,,,,,,,,,,0,None,,,,,,,,,,,,,,,,,,,,,,,,1,0,0,,,0.584374,,,,,,,,,,,,,,,,,,,,,,,
106.339998,-,0,0,0,,,,113537.546145,1888.275764,1581.58182,39.434769,0.111136,5.454847,,84621.304214,0.003592,0,135.841601,0,0,,1,0,0,0,44.158403,0,0.101614,1,-1,-1,0,0,5.822053,-8.904642,-1.338517,0,14965.489258,150.719406,14965.602539,0,113.612066,-6177.409023,46.38965,354.694683,1,,0,,,,,,EntryBurn,0,0,767.156832,-39.434768,,,,,,,,,,,,,,,,,,,,,,,,0,None,,,,,,,,,,,,,,,,,,,,,,,,1,0,0,,,0.584306,,,,,,,,,,,,,,,,,,,,,,,
106.599998,-,0,0,0,,,,113547.489102,1888.22608,1581.519734,37.11303,0.110962,5.453588,,84621.304214,0.000267,0,136.851628,0,0,,1,0,0,0,43.148376,0,0.08616,1,-1,-1,0,0,4.936579,-8.975867,-2.055071,0,14965.000977,150.590378,14965.09668,0,113.612033,-6177.408967,46.38964,354.694669,1,,0,,,,,,EntryBurn,0,0,738.07394,-37.113031,,,,,,,,,,,,,,,,,,,,,,,,0,None,,,,,,,,,,,,,,,,,,,,,,,,1,0,0,,,0.58424,,,,,,,,,,,,,,,,,,,,,,,
106.859998,-,0,0,0,,,,113556.852567,1888.179616,1581.461439,34.791308,0.110799,5.452406,,84621.304214,0.000297,0,137.653815,0,0,,1,0,0,0,42.346185,0,0.117549,1,-1,-1,0,0,6.735086,-8.246812,-2.683411,0,14966.916992,150.574265,14966.93457,0,113.612005,-6177.408871,46.389629,354.694656,1,,0,,,,,,EntryBurn,0,0,708.412459,-34.791309,,,,,,,,,,,,,,,,,,,,,,,,0,None,,,,,,,,,,,,,,,,,,,,,,,,1,0,0,,,0.584174,,,,,,,,,,,,,,,,,,,,,,,
107.119998,-,0,0,0,,,,113565.631338,1888.135375,1581.406137,32.469106,0.110646,5.451298,,84621.304214,0.000171,0,138.615789,0,0,,1,0,0,0,41.384222,0,0.092076,1,-1,-1,0,0,5.275564,-9.899794,-1.576959,0,14964.487305,150.650604,14964.55957,0,113.611986,-6177.408943,46.389645,354.694676,1,,0,,,,,,EntryBurn,0,0,678.162215,-32.469105,,,,,,,,,,,,,,,,,,,,,,,,0,None,,,,,,,,,,,,,,,,,,,,,,,,1,0,0,,,0.58411,,,,,,,,,,,,,,,,,,,,,,,
107.379998,-,0,0,0,,,,113573.76531,1888.094487,1581.354751,30.146849,0.110505,5.450268,,84621.304214,0.000319,0,139.363855,0,0,,1,0,0,0,40.636151,0,0.085999,1,-1,-1,0,0,4.927373,-6.552741,-2.36531,0,14966.900391,150.648346,14966.8125,0,113.611944,-6177.408948,46.389659,354.694694,1,,0,,,,,,EntryBurn,0,0,647.328465,-30.146849,,,,,,,,,,,,,,,,,,,,,,,,0,None,,,,,,,,,,,,,,,,,,,,,,,,1,0,0,,,0.584044,,,,,,,,,,,,,,,,,,,,,,,
107.639998,-,0,0,0,,,,113581.330282,1888.056732,1581.307071,27.824774,0.110374,5.449314,,84621.304214,0.000301,0,140.074755,0,0,,1,0,0,0,39.925254,0,0.101629,1,-1,-1,0,0,5.822898,-8.320065,-2.535178,0,14965.902344,150.619583,14965.887695,0,113.611928,-6177.40893,46.389672,354.694712,1,,0,,,,,,EntryBurn,0,0,615.919128,-27.824773,,,,,,,,,,,,,,,,,,,,,,,,0,None,,,,,,,,,,,,,,,,,,,,,,,,1,0,0,,,0.583976,,,,,,,,,,,,,,,,,,,,,,,
107.899998,-,0,0,0,,,,113588.292001,1888.021657,1581.262606,25.502843,0.110253,5.448437,,84621.304214,0.000202,0,140.776656,0,0,,1,0,0,0,39.223348,0,0.103655,1,-1,-1,0,0,5.938968,-9.489887,-0.847699,0,14968.717773,150.48526,14968.642578,0,113.611901,-6177.408988,46.389679,354.694721,1,,0,,,,,,EntryBurn,0,0,583.943655,-25.502843,,,,,,,,,,,,,,,,,,,,,,,,0,None,,,,,,,,,,,,,,,,,,,,,,,,1,0,0,,,0.583907,,,,,,,,,,,,,,,,,,,,,,,
108.159998,-,0,0,0,,,,113594.658317,1887.989108,1581.22118,23.181356,0.110143,5.447634,,84621.304214,0.000231,0,141.507746,0,0,,1,0,0,0,38.492258,0,0.106507,1,-1,-1,0,0,6.102385,-8.773779,-3.324888,0,14967.022461,150.653564,14967.091797,0,113.611875,-6177.409154,46.389676,354.694717,1,,0,,,,,,EntryBurn,0,0,551.423766,-23.181356,,,,,,,,,,,,,,,,,,,,,,,,0,None,,,,,,,,,,,,,,,,,,,,,,,,1,0,0,,,0.583838,,,,,,,,,,,,,,,,,,,,,,,
108.419998,-,0,0,0,,,,113600.419573,1887.959738,1581.183499,20.85996,0.110044,5.446909,,84621.304214,0.000226,0,142.094484,0,0,,1,0,0,0,37.905527,0,0.085838,1,-1,-1,0,0,4.918167,-8.740664,-1.358752,0,14966.108398,150.554703,14966.227539,0,113.611852,-6177.409288,46.389671,354.694711,1,,0,,,,,,EntryBurn,0,0,518.379685,-20.859961,,,,,,,,,,,,,,,,,,,,,,,,0,None,,,,,,,,,,,,,,,,,,,,,,,,1,0,0,,,0.583771,,,,,,,,,,,,,,,,,,,,,,,
108.679998,-,0,0,0,,,,113605.578404,1887.933647,1581.149679,18.538529,0.109955,5.446259,,84621.304214,0.000172,0,142.542023,0,0,,1,0,0,0,37.457986,0,0.086111,1,-1,-1,0,0,4.933774,-8.952499,-3.195741,0,14966.807617,150.520691,14966.777344,0,113.611821,-6177.409369,46.389668,354.694706,1,,0,,,,,,EntryBurn,0,0,484.844347,-18.53853,,,,,,,,,,,,,,,,,,,,,,,,0,None,,,,,,,,,,,,,,,,,,,,,,,,1,0,0,,,0.583708,,,,,,,,,,,,,,,,,,,,,,,
108.939998,-,0,0,0,,,,113610.157539,1887.910643,1581.119505,16.217195,0.109877,5.445686,,84621.304214,0.000171,0,142.914027,0,0,,1,0,0,0,37.085979,0,0.09875,1,-1,-1,0,0,5.657938,-10.868973,-2.12147,0,14967.775391,150.55571,14967.732422,0,113.611798,-6177.409438,46.389661,354.694698,1,,0,,,,,,EntryBurn,0,0,450.868276,-16.217196,,,,,,,,,,,,,,,,,,,,,,,,0,None,,,,,,,,,,,,,,,,,,,,,,,,1,0,0,,,0.583646,,,,,,,,,,,,,,,,,,,,,,,
109.199998,-,0,0,0,,,,113614.11724,1887.89106,1581.093308,13.895927,0.109809,5.445191,,84621.304214,0.000204,0,143.2077,0,0,,1,0,0,0,36.792312,0,0.104267,1,-1,-1,0,0,5.97407,-6.990837,-1.429593,0,14967.536133,150.582764,14967.600586,0,113.611773,-6177.409425,46.389653,354.694686,1,,0,,,,,,EntryBurn,0,0,416.512856,-13.895928,,,,,,,,,,,,,,,,,,,,,,,,0,None,,,,,,,,,,,,,,,,,,,,,,,,1,0,0,,,0.583571,,,,,,,,,,,,,,,,,,,,,,,
109.459998,-,0,0,0,,,,113617.473458,1887.874632,1581.070849,11.574773,0.109752,5.444773,,84621.304214,0.000251,0,143.541364,0,0,,1,0,0,0,36.458644,0,0.078381,1,-1,-1,0,0,4.490912,-9.178902,-3.869157,0,14965.03418,150.652985,14965.004883,0,113.611749,-6177.409386,46.389645,354.694676,1,,0,,,,,,EntryBurn,0,0,381.860581,-11.574773,,,,,,,,,,,,,,,,,,,,,,,,0,None,,,,,,,,,,,,,,,,,,,,,,,,1,0,0,,,0.583495,,,,,,,,,,,,,,,,,,,,,,,
109.719998,-,0,0,0,,,,113620.222814,1887.861391,1581.052182,9.253392,0.109705,5.444433,,84621.304214,0.000247,0,143.794668,0,0,,1,0,0,0,36.205333,0,0.097407,1,-1,-1,0,0,5.581029,-8.350989,-0.528317,0,14966.481445,150.717743,14966.557617,0,113.611717,-6177.409313,46.389642,354.694671,1,,0,,,,,,EntryBurn,0,0,347.006984,-9.253391,,,,,,,,,,,,,,,,,,,,,,,,0,None,,,,,,,,,,,,,,,,,,,,,,,,1,0,0,,,0.583421,,,,,,,,,,,,,,,,,,,,,,,
109.979998,-,0,0,0,,,,113622.391178,1887.851203,1581.037138,6.931935,0.109669,5.444167,,84621.304214,0.000224,0,143.741822,0,0,,1,0,0,0,36.258184,0,0.084286,1,-1,-1,0,0,4.829246,-9.383737,-3.474861,0,14967.183594,150.611435,14967.226563,0,113.611696,-6177.409235,46.389637,354.694665,1,,0,,,,,,EntryBurn,0,0,312.082242,-6.931935,,,,,,,,,,,,,,,,,,,,,,,,0,None,,,,,,,,,,,,,,,,,,,,,,,,1,0,0,,,0.583345,,,,,,,,,,,,,,,,,,,,,,,
110.239998,-,0,0,0,,,,113623.9383,1887.843939,1581.025496,4.610329,0.109643,5.443978,,84621.304214,0.000311,0,143.814769,0,0,,1,0,0,0,36.185234,0,0.080752,1,-1,-1,0,0,4.626743,-8.346943,-2.763723,0,14963.955078,150.538513,14963.939453,0,113.61167,-6177.40918,46.389618,354.694641,1,,0,,,,,,EntryBurn,0,0,277.240101,-4.610329,,,,,,,,,,,,,,,,,,,,,,,,0,None,,,,,,,,,,,,,,,,,,,,,,,,1,0,0,,,0.583275,,,,,,,,,,,,,,,,,,,,,,,
110.499998,-,0,0,0,,,,113624.874106,1887.839274,1581.017151,2.288362,0.109627,5.443867,,84621.304214,0.000158,0,143.904764,0,0,,1,0,0,0,36.095248,0,0.069866,1,-1,-1,0,0,4.003036,-9.281536,-4.820873,0,14964.362305,150.489029,14964.243164,0,113.611637,-6177.409216,46.389615,354.694637,1,,0,,,,,,EntryBurn,0,0,242.66643,-2.288363,,,,,,,,,,,,,,,,,,,,,,,,0,None,,,,,,,,,,,,,,,,,,,,,,,,1,0,0,,,0.583206,,,,,,,,,,,,,,,,,,,,,,,
110.759998,-,0,0,0,,,,113625.245456,1887.837306,1581.012176,-0.033874,0.109622,5.443827,,84621.304214,0.000262,0,143.727633,0,0,,1,0,0,0,36.272367,0,0.07001,1,-1,-1,0,0,4.011271,-6.94948,-3.252379,0,14965.241211,150.655182,14965.327148,0,113.611619,-6177.409322,46.389626,354.69465,1,,0,,,,,,EntryBurn,0,0,0,0.033875,,,,,,,,,,,,,,,,,,,,,,,,0,None,,,,,,,,,,,,,,,,,,,,,,,,1,0,0,,,0.583137,,,,,,,,,,,,,,,,,,,,,,,
111.019998,-,0,0,0,,,,113624.981945,1887.83847,1581.010923,-2.356136,0.109627,5.443867,,84621.304214,0.000298,0,143.539062,0,0,,1,0,0,0,36.460947,0,0.075405,1,-1,-1,0,0,4.320379,-9.665229,-3.979495,0,14965.466797,150.421051,14965.481445,0,113.611585,-6177.409408,46.389637,354.694666,1,,0,,,,,,EntryBurn,0,0,6.496241,2.356137,,,,,,,,,,,,,,,,,,,,,,,,0,None,,,,,,,,,,,,,,,,,,,,,,,,1,0,0,,,0.583047,,,,,,,,,,,,,,,,,,,,,,,
111.279998,-,0,0,0,,,,113624.133572,1887.843039,1581.013647,-4.678425,0.109643,5.443983,,84621.304214,0.000325,0,143.152587,0,0,,1,0,0,0,36.847412,0,0.075561,1,-1,-1,0,0,4.329331,-7.916198,-3.802802,0,14967.115234,150.55188,14967.235352,0,113.611554,-6177.409414,46.389648,354.694681,1,,0,,,,,,EntryBurn,0,0,14.106171,4.678425,,,,,,,,,,,,,,,,,,,,,,,,0,None,,,,,,,,,,,,,,,,,,,,,,,,1,0,0,,,0.582981,,,,,,,,,,,,,,,,,,,,,,,
111.539998,-,0,0,0,,,,113622.663964,1887.850568,1581.019921,-7.000645,0.109669,5.444176,,84621.304214,0.000307,0,142.926062,0,0,,1,0,0,0,37.073927,0,0.089354,1,-1,-1,0,0,5.119625,-10.493037,-2.858174,0,14964.801758,150.478531,14964.910156,0,113.611525,-6177.409436,46.389661,354.694698,1,,0,,,,,,EntryBurn,0,0,22.91018,7.000645,,,,,,,,,,,,,,,,,,,,,,,,0,None,,,,,,,,,,,,,,,,,,,,,,,,1,0,0,,,0.582916,,,,,,,,,,,,,,,,,,,,,,,
111.799998,-,0,0,0,,,,113620.590911,1887.861028,1581.029613,-9.321774,0.109705,5.444444,,84621.304214,0.000134,0,142.438721,0,0,,1,0,0,0,37.561285,0,0.076483,1,-1,-1,0,0,4.382137,-7.859827,-2.960238,0,14968.517578,150.550323,14968.535156,0,113.611495,-6177.409479,46.389661,354.694698,1,,0,,,,,,EntryBurn,0,0,32.90364,9.321773,,,,,,,,,,,,,,,,,,,,,,,,0,None,,,,,,,,,,,,,,,,,,,,,,,,1,0,0,,,0.582851,,,,,,,,,,,,,,,,,,,,,,,
112.059997,-,0,0,0,,,,113617.944261,1887.874439,1581.042861,-11.642951,0.109752,5.444788,,84621.304214,0.000225,0,141.912066,0,0,,1,0,0,0,38.087927,0,0.072721,1,-1,-1,0,0,4.166592,-7.330909,-3.325831,0,14964.768555,150.475189,14964.731445,0,113.611472,-6177.409537,46.389665,354.694703,1,,0,,,,,,EntryBurn,0,0,44.090692,11.642953,,,,,,,,,,,,,,,,,,,,,,,,0,None,,,,,,,,,,,,,,,,,,,,,,,,1,0,0,,,0.582787,,,,,,,,,,,,,,,,,,,,,,,
112.319997,-,0,0,0,,,,113614.670615,1887.890647,1581.05939,-13.964273,0.109809,5.44521,,84621.304214,0.000186,0,141.411033,0,0,,1,0,0,0,38.588971,0,0.077964,1,-1,-1,0,0,4.467031,-8.960051,-4.42651,0,14965.797852,150.597321,14965.824219,0,113.611438,-6177.409646,46.389655,354.694689,1,,0,,,,,,EntryBurn,0,0,56.471941,13.964274,,,,,,,,,,,,,,,,,,,,,,,,0,None,,,,,,,,,,,,,,,,,,,,,,,,1,0,0,,,0.582723,,,,,,,,,,,,,,,,,,,,,,,
112.579997,-,0,0,0,,,,113610.831241,1887.909985,1581.079644,-16.28552,0.109876,5.445705,,84621.304214,0.00026,0,140.77795,0,0,,1,0,0,0,39.222043,0,0.061064,1,-1,-1,0,0,3.498694,-10.690796,-3.885715,0,14963.864258,150.556488,14963.970703,0,113.61142,-6177.409732,46.389648,354.69468,1,,0,,,,,,EntryBurn,0,0,70.046312,16.285521,,,,,,,,,,,,,,,,,,,,,,,,0,None,,,,,,,,,,,,,,,,,,,,,,,,1,0,0,,,0.582658,,,,,,,,,,,,,,,,,,,,,,,
112.839997,-,0,0,0,,,,113606.364622,1887.932648,1581.1038,-18.607047,0.109954,5.446279,,84621.304214,0.000162,0,140.047137,0,0,,1,0,0,0,39.952879,0,0.073565,1,-1,-1,0,0,4.214989,-8.60941,-3.413682,0,14967.610352,150.647034,14967.675781,0,113.611392,-6177.409757,46.38964,354.69467,1,,0,,,,,,EntryBurn,0,0,84.816054,18.607047,,,,,,,,,,,,,,,,,,,,,,,,0,None,,,,,,,,,,,,,,,,,,,,,,,,1,0,0,,,0.582593,,,,,,,,,,,,,,,,,,,,,,,
113.099997,-,0,0,0,,,,113601.311349,1887.958407,1581.131613,-20.928579,0.110043,5.44693,,84621.304214,0.000174,0,139.257467,0,0,,1,0,0,0,40.742524,0,0.07405,1,-1,-1,0,0,4.242774,-8.263088,-4.892225,0,14964.773438,150.520004,14964.775391,0,113.611364,-6177.409769,46.389631,354.694658,1,,0,,,,,,EntryBurn,0,0,100.779651,20.928577,,,,,,,,,,,,,,,,,,,,,,,,0,None,,,,,,,,,,,,,,,,,,,,,,,,1,0,0,,,0.582531,,,,,,,,,,,,,,,,,,,,,,,
113.339997,-,0,0,0,,,,113595.640508,1887.98751,1581.163345,-23.249941,0.110142,5.447656,,84621.304214,0.000239,0,138.441935,0,0,,1,0,0,0,41.558073,0,0.066848,1,-1,-1,0,0,3.830135,-9.688181,-2.32863,0,14967.09668,150.523819,14967.095703,0,113.611345,-6177.409712,46.389622,354.694645,1,,0,,,,,,EntryBurn,0,0,117.935844,23.249941,,,,,,,,,,,,,,,,,,,,,,,,0,None,,,,,,,,,,,,,,,,,,,,,,,,1,0,0,,,0.582479,,,,,,,,,,,,,,,,,,,,,,,
113.619997,-,0,0,0,,,,113589.370718,1888.019656,1581.198738,-25.571402,0.110251,5.448461,,84621.304214,0.000223,0,137.656169,0,0,,1,0,0,0,42.34384,0,0.059735,1,-1,-1,0,0,3.422554,-8.29471,-3.099469,0,14965.197266,150.480881,14965.207031,0,113.611308,-6177.409655,46.389618,354.694641,1,,0,,,,,,EntryBurn,0,0,136.286559,25.571403,,,,,,,,,,,,,,,,,,,,,,,,0,None,,,,,,,,,,,,,,,,,,,,,,,,1,0,0,,,0.58243,,,,,,,,,,,,,,,,,,,,,,,
113.879997,-,0,0,0,,,,113582.495431,1888.054879,1581.237789,-27.892938,0.110371,5.449342,,84621.304214,0.000206,0,136.749037,0,0,,1,0,0,0,43.25096,0,0.064491,1,-1,-1,0,0,3.695061,-8.852377,-1.569532,0,14968.285156,150.541275,14968.211914,0,113.611282,-6177.409587,46.389615,354.694636,1,,0,,,,,,EntryBurn,0,0,155.831774,27.892938,,,,,,,,,,,,,,,,,,,,,,,,0,None,,,,,,,,,,,,,,,,,,,,,,,,1,0,0,,,0.582384,,,,,,,,,,,,,,,,,,,,,,,
114.139997,-,0,0,0,,,,113575.007045,1888.092555,1581.280026,-30.21486,0.110502,5.450299,,84621.304214,0.000219,0,135.786147,0,0,,1,0,0,0,44.21385,0,0.062257,1,-1,-1,0,0,3.567058,-8.821962,-3.937822,0,14964.417969,150.609741,14964.407227,0,113.611252,-6177.409642,46.389632,354.694659,1,,0,,,,,,EntryBurn,0,0,176.57468,30.214862,,,,,,,,,,,,,,,,,,,,,,,,0,None,,,,,,,,,,,,,,,,,,,,,,,,1,0,0,,,0.582341,,,,,,,,,,,,,,,,,,,,,,,
114.399997,-,0,0,0,,,,113566.934118,1888.13296,1581.325508,-32.537175,0.110644,5.451333,,84621.304214,0.000299,0,134.697139,0,0,,1,0,0,0,45.302875,0,0.058762,1,-1,-1,0,0,3.366819,-8.287138,-4.277328,0,14961.063477,150.602661,14961.246094,0,113.611226,-6177.409762,46.38964,354.69467,1,,0,,,,,,EntryBurn,0,0,198.515936,32.537175,,,,,,,,,,,,,,,,,,,,,,,,0,None,,,,,,,,,,,,,,,,,,,,,,,,1,0,0,,,0.58227,,,,,,,,,,,,,,,,,,,,,,,
114.659997,-,0,0,0,,,,113558.25282,1888.176508,1581.374693,-34.859386,0.110796,5.452441,,84621.304214,0.000283,0,133.630692,-0.000001,0,,1,0,0,0,46.369297,-0.000001,0.061353,1,-1,-1,0,0,3.515273,-8.006363,-3.413021,0,14965.640625,150.623581,14965.694336,0,113.611205,-6177.409858,46.389646,354.694678,1,,0,,,,,,EntryBurn,0,0,221.651004,34.859386,,,,,,,,,,,,,,,,,,,,,,,,0,None,,,,,,,,,,,,,,,,,,,,,,,,1,0,0,,,0.582199,,,,,,,,,,,,,,,,,,,,,,,
114.919997,-,0,0,0,,,,113548.953455,1888.223328,1581.427743,-37.181859,0.110959,5.453627,,84621.304214,0.000288,0,132.699137,-0.000001,0,,1,0,0,0,47.300856,-0.000001,0.060953,1,-1,-1,0,0,3.492322,-9.115514,-4.491284,0,14964.819336,150.586685,14964.853516,0,113.611175,-6177.409905,46.389654,354.694689,1,,0,,,,,,EntryBurn,0,0,245.983696,37.18186,,,,,,,,,,,,,,,,,,,,,,,,0,None,,,,,,,,,,,,,,,,,,,,,,,,1,0,0,,,0.582128,,,,,,,,,,,,,,,,,,,,,,,
115.179997,-,0,0,0,,,,113539.077679,1888.273562,1581.48473,-39.50418,0.111133,5.45489,,84621.304214,0.000276,0,131.604911,-0.000001,0,,1,0,0,0,48.395088,-0.000001,0.069724,1,-1,-1,0,0,3.994875,-8.946982,-4.000489,0,14966.124023,150.643433,14966.180664,0,113.611163,-6177.409868,46.389655,354.69469,1,,0,,,,,,EntryBurn,0,0,271.509759,39.504179,,,,,,,,,,,,,,,,,,,,,,,,0,None,,,,,,,,,,,,,,,,,,,,,,,,1,0,0,,,0.582057,,,,,,,,,,,,,,,,,,,,,,,
115.439997,-,0,0,0,,,,113528.586724,1888.326797,1581.545318,-41.826352,0.111318,5.45623,,84621.304214,0.00022,0,130.460195,-0.000001,0,,1,0,0,0,49.53982,-0.000001,0.060258,1,-1,-1,0,0,3.452544,-10.101925,-3.070455,0,14969.795898,150.668167,14969.682617,0,113.611137,-6177.409839,46.38966,354.694696,1,,0,,,,,,EntryBurn,0,0,298.229122,41.826351,,,,,,,,,,,,,,,,,,,,,,,,0,None,,,,,,,,,,,,,,,,,,,,,,,,1,0,0,,,0.581986,,,,,,,,,,,,,,,,,,,,,,,
115.699997,-,0,0,0,,,,113517.492136,1888.382634,1581.609051,-44.147716,0.111513,5.457647,,84621.304214,0.000048,0,129.226027,-0.000001,0,,1,0,0,0,50.77399,-0.000001,0.054141,1,-1,-1,0,0,3.102043,-8.948903,-4.417457,0,14965.058594,150.632462,14965.161133,0,113.611117,-6177.409895,46.389659,354.694696,1,,0,,,,,,EntryBurn,0,0,326.133506,44.147717,,,,,,,,,,,,,,,,,,,,,,,,0,None,,,,,,,,,,,,,,,,,,,,,,,,1,0,0,,,0.581915,,,,,,,,,,,,,,,,,,,,,,,
115.959997,-,0,0,0,,,,113505.782624,1888.441556,1581.676432,-46.468756,0.11172,5.45914,,84621.304214,0.000303,0,128.176257,-0.000001,0,,1,0,0,0,51.823751,-0.000001,0.053134,1,-1,-1,0,0,3.044362,-9.285439,-2.748301,0,14967.823242,150.675217,14967.986328,0,113.611085,-6177.409938,46.389657,354.694693,1,,0,,,,,,EntryBurn,0,0,355.227864,46.468756,,,,,,,,,,,,,,,,,,,,,,,,0,None,,,,,,,,,,,,,,,,,,,,,,,,1,0,0,,,0.581844,,,,,,,,,,,,,,,,,,,,,,,
116.219997,-,0,0,0,,,,113493.485467,1888.503555,1581.747462,-48.789939,0.111938,5.46071,,84621.304214,0.000257,0,126.94122,0,0,,1,0,0,0,53.058796,0,0.045103,1,-1,-1,0,0,2.584206,-9.62676,-4.684122,0,14968.426758,150.453064,14968.458008,0,113.611057,-6177.40997,46.389654,354.694689,1,,0,,,,,,EntryBurn,0,0,385.518033,48.789941,,,,,,,,,,,,,,,,,,,,,,,,0,None,,,,,,,,,,,,,,,,,,,,,,,,1,0,0,,,0.581772,,,,,,,,,,,,,,,,,,,,,,,
116.479997,-,0,0,0,,,,113480.578118,1888.568419,1581.82188,-51.111322,0.112167,5.462357,,84621.304214,0.000256,0,125.701511,-0.000001,0,,1,0,0,0,54.298502,-0.000001,0.06448,1,-1,-1,0,0,3.694447,-9.40833,-4.60633,0,14964.078125,150.596741,14964.057617,0,113.611024,-6177.410039,46.389644,354.694675,1,,0,,,,,,EntryBurn,0,0,417.005024,51.111323,,,,,,,,,,,,,,,,,,,,,,,,0,None,,,,,,,,,,,,,,,,,,,,,,,,1,0,0,,,0.581701,,,,,,,,,,,,,,,,,,,,,,,
116.739997,-,0,0,0,,,,113467.069733,1888.636459,1581.900014,-53.432693,0.112407,5.464081,,84621.304214,0.000318,0,124.348876,0,0,,1,0,0,0,55.651129,0,0.042199,1,-1,-1,0,0,2.417847,-7.385621,-4.532082,0,14964.794922,150.641235,14964.821289,0,113.610995,-6177.410075,46.389628,354.694654,1,,0,,,,,,EntryBurn,0,0,449.686232,53.432694,,,,,,,,,,,,,,,,,,,,,,,,0,None,,,,,,,,,,,,,,,,,,,,,,,,1,0,0,,,0.581629,,,,,,,,,,,,,,,,,,,,,,,
116.999997,-,0,0,0,,,,113452.942255,1888.7077,1581.981955,-55.754169,0.112659,5.465883,,84621.304214,0.000283,0,123.215988,0,0,,1,0,0,0,56.784022,0,0.052058,1,-1,-1,0,0,2.982708,-7.949559,-4.238167,0,14964.791016,150.573151,14964.806641,0,113.610969,-6177.410075,46.389617,354.694639,1,,0,,,,,,EntryBurn,0,0,483.563406,55.754169,,,,,,,,,,,,,,,,,,,,,,,,0,None,,,,,,,,,,,,,,,,,,,,,,,,1,0,0,,,0.581557,,,,,,,,,,,,,,,,,,,,,,,
117.259997,-,0,0,0,,,,113438.210604,1888.781911,1582.067449,-58.075566,0.112922,5.467764,,84621.304214,0.000254,0,121.960583,0,0,,1,0,0,0,58.039412,0,0.049861,1,-1,-1,0,0,2.856839,-9.277925,-5.760113,0,14964.536133,150.573517,14964.65332,0,113.610923,-6177.410088,46.389607,354.694626,1,,0,,,,,,EntryBurn,0,0,518.634287,58.075567,,,,,,,,,,,,,,,,,,,,,,,,0,None,,,,,,,,,,,,,,,,,,,,,,,,1,0,0,,,0.581485,,,,,,,,,,,,,,,,,,,,,,,
117.519997,-,0,0,0,,,,113422.897604,1888.858574,1582.156136,-60.397562,0.113197,5.469718,,84621.304214,0.000164,0,120.635316,0,0,,1,0,0,0,59.36468,0,0.069561,1,-1,-1,0,0,3.985552,-8.14946,-4.413012,0,14966.591797,150.54213,14966.709961,0,113.610902,-6177.410225,46.389618,354.694641,1,,0,,,,,,EntryBurn,0,0,554.909246,60.397561,,,,,,,,,,,,,,,,,,,,,,,,0,None,,,,,,,,,,,,,,,,,,,,,,,,1,0,0,,,0.581412,,,,,,,,,,,,,,,,,,,,,,,
117.779997,-,0,0,0,,,,113406.965264,1888.938649,1582.248803,-62.719609,0.113483,5.471751,,84621.304214,0.000237,0,119.410434,0,0,,1,0,0,0,60.589548,0,0.057949,1,-1,-1,0,0,3.320242,-10.131112,-5.724428,0,14963.621094,150.550232,14963.545898,0,113.610868,-6177.410281,46.389629,354.694656,1,,0,,,,,,EntryBurn,0,0,592.380407,62.71961,,,,,,,,,,,,,,,,,,,,,,,,0,None,,,,,,,,,,,,,,,,,,,,,,,,1,0,0,,,0.581339,,,,,,,,,,,,,,,,,,,,,,,
118.039997,-,0,0,0,,,,113390.438478,1889.021812,1582.345162,-65.041598,0.113781,5.473861,,84621.304214,0.000265,0,118.036363,0,0,,1,0,0,0,61.963643,0,0.048432,1,-1,-1,0,0,2.774962,-9.178809,-4.502875,0,14965.984375,150.589294,14966.058594,0,113.610847,-6177.410324,46.389644,354.694676,1,,0,,,,,,EntryBurn,0,0,631.04598,65.041597,,,,,,,,,,,,,,,,,,,,,,,,0,None,,,,,,,,,,,,,,,,,,,,,,,,1,0,0,,,0.581266,,,,,,,,,,,,,,,,,,,,,,,
118.299997,-,0,0,0,,,,113373.292044,1889.107858,1582.444904,-67.363773,0.114091,5.476049,,84621.304214,0.000195,0,116.694477,0,0,,1,0,0,0,63.305524,0,0.052792,1,-1,-1,0,0,3.024774,-9.524676,-4.686538,0,14965.847656,150.586365,14965.880859,0,113.610824,-6177.410398,46.389649,354.694682,1,,0,,,,,,EntryBurn,0,0,670.910324,67.363773,,,,,,,,,,,,,,,,,,,,,,,,0,None,,,,,,,,,,,,,,,,,,,,,,,,1,0,0,,,0.581192,,,,,,,,,,,,,,,,,,,,,,,
118.559997,-,0,0,0,,,,113355.549883,1889.196857,1582.548153,-69.686021,0.114412,5.478313,,84621.304214,0.000193,0,115.318647,0,0,,1,0,0,0,64.681349,0,0.034441,1,-1,-1,0,0,1.973342,-10.086772,-4.81144,0,14964.96582,150.667221,14965.05957,0,113.610795,-6177.410488,46.38965,354.694684,1,,0,,,,,,EntryBurn,0,0,711.971718,69.686021,,,,,,,,,,,,,,,,,,,,,,,,0,None,,,,,,,,,,,,,,,,,,,,,,,,1,0,0,,,0.581118,,,,,,,,,,,,,,,,,,,,,,,
118.819997,-,0,0,0,,,,113337.20011,1889.289197,1582.655324,-72.008357,0.114746,5.480657,,84621.304214,0.000197,0,114.100451,0,0,,1,0,0,0,65.899569,0,0.054767,1,-1,-1,0,0,3.137917,-9.257963,-4.213408,0,14966.161133,150.502625,14966.238281,0,113.610771,-6177.410513,46.389652,354.694687,1,,0,,,,,,EntryBurn,0,0,754.230658,72.008357,,,,,,,,,,,,,,,,,,,,,,,,0,None,,,,,,,,,,,,,,,,,,,,,,,,1,0,0,,,0.581043,,,,,,,,,,,,,,,,,,,,,,,
119.079997,-,0,0,0,,,,113318.26114,1889.384755,1582.766295,-74.330896,0.115092,5.483078,,84621.304214,0.00024,0,112.833752,0,0,,1,0,0,0,67.166237,0,0.030638,1,-1,-1,0,0,1.755445,-7.216019,-5.087659,0,14965.952148,150.530624,14965.989258,0,113.610749,-6177.410498,46.389656,354.694692,1,,0,,,,,,EntryBurn,0,0,797.689584,74.330896,,,,,,,,,,,,,,,,,,,,,,,,0,None,,,,,,,,,,,,,,,,,,,,,,,,1,0,0,,,0.580968,,,,,,,,,,,,,,,,,,,,,,,
119.339997,-,0,0,0,,,,113298.713341,1889.483559,1582.881053,-76.653201,0.11545,5.485576,,84621.304214,0.000219,0,111.466459,0,0,,1,0,0,0,68.53355,0,0.042573,1,-1,-1,0,0,2.439258,-8.341016,-4.995686,0,14965.580078,150.589859,14965.541992,0,113.610726,-6177.410435,46.389655,354.694691,1,,0,,,,,,EntryBurn,0,0,842.340424,76.653202,,,,,,,,,,,,,,,,,,,,,,,,0,None,,,,,,,,,,,,,,,,,,,,,,,,1,0,0,,,0.580892,,,,,,,,,,,,,,,,,,,,,,,
119.599997,-,0,0,0,,,,113278.528293,1889.585633,1582.999684,-78.975747,0.115821,5.488155,,84621.304214,0.000316,0,110.073793,0,0,,1,0,0,0,69.926206,0,0.048557,1,-1,-1,0,0,2.78212,-8.986657,-4.738007,0,14968.285156,150.543289,14968.238281,0,113.610695,-6177.410323,46.389659,354.694696,1,,0,,,,,,EntryBurn,0,0,888.192304,78.975746,,,,,,,,,,,,,,,,,,,,,,,,0,None,,,,,,,,,,,,,,,,,,,,,,,,1,0,0,,,0.580815,,,,,,,,,,,,,,,,,,,,,,,
119.859997,-,0,0,0,,,,113257.765388,1889.690076,1583.121206,-81.296951,0.116204,5.490809,,84621.304214,0.000145,0,108.625409,0,0,,1,0,0,0,71.374598,0,0.034923,1,-1,-1,0,0,2.000941,-10.82905,-5.089725,0,14969.667969,150.609604,14969.722656,0,113.61066,-6177.410336,46.389656,354.694692,1,,0,,,,,,EntryBurn,0,0,935.213397,81.296952,,,,,,,,,,,,,,,,,,,,,,,,0,None,,,,,,,,,,,,,,,,,,,,,,,,1,0,0,,,0.580737,,,,,,,,,,,,,,,,,,,,,,,
120.119997,-,0,0,0,,,,113236.391731,1889.797533,1583.246277,-83.618076,0.1166,5.49354,,84621.304214,0.000364,0,107.252365,0,0,,1,0,0,0,72.747624,0,0.046683,1,-1,-1,0,0,2.674766,-8.998701,-5.282416,0,14967.844727,150.523331,14967.787109,0,113.610632,-6177.41035,46.389648,354.694681,1,,0,,,,,,EntryBurn,0,0,983.428195,83.618078,,,,,,,,,,,,,,,,,,,,,,,,0,None,,,,,,,,,,,,,,,,,,,,,,,,1,0,0,,,0.580659,,,,,,,,,,,,,,,,,,,,,,,
120.379997,-,0,0,0,,,,113214.415005,1889.907683,1583.374581,-85.939682,0.117009,5.496348,,84621.304214,0.000318,0,106.060011,0,0,,1,0,0,0,73.94,0,0.038703,1,-1,-1,0,0,2.217497,-10.013737,-4.96442,0,14967.287109,150.594574,14967.255859,0,113.610595,-6177.410439,46.389634,354.694663,1,,0,,,,,,EntryBurn,0,0,1032.84869,85.939681,,,,,,,,,,,,,,,,,,,,,,,,0,None,,,,,,,,,,,,,,,,,,,,,,,,1,0,0,,,0.58058,,,,,,,,,,,,,,,,,,,,,,,
120.639997,-,0,0,0,,,,113191.839554,1890.020732,1583.506424,-88.261455,0.117431,5.499234,,84621.304214,0.000238,0,104.70532,0,0,,1,0,0,0,75.294682,0,0.033545,1,-1,-1,0,0,1.921976,-9.084821,-4.513757,0,14967.101563,150.5233,14967.113281,0,113.610565,-6177.410554,46.389629,354.694656,1,,0,,,,,,EntryBurn,0,0,1083.469124,88.261454,,,,,,,,,,,,,,,,,,,,,,,,0,None,,,,,,,,,,,,,,,,,,,,,,,,1,0,0,,,0.580502,,,,,,,,,,,,,,,,,,,,,,,
120.899997,-,0,0,0,,,,113168.647914,1890.136472,1583.641616,-90.583315,0.117866,5.502197,,84621.304214,0.00031,0,103.314962,0,0,,1,0,0,0,76.685023,0,0.025427,1,-1,-1,0,0,1.456872,-10.181412,-6.271982,0,14964,150.582169,14964.016602,0,113.610537,-6177.41074,46.389636,354.694665,1,,0,,,,,,EntryBurn,0,0,1135.287935,90.583315,,,,,,,,,,,,,,,,,,,,,,,,0,None,,,,,,,,,,,,,,,,,,,,,,,,1,0,0,,,0.580424,,,,,,,,,,,,,,,,,,,,,,,
121.159997,-,0,0,0,,,,113144.854229,1890.25517,1583.780349,-92.905165,0.118314,5.505237,,84621.304214,0.000351,0,102.027619,0,0,,1,0,0,0,77.97239,0,0.021463,1,-1,-1,0,0,1.229749,-9.697325,-4.256958,0,14967.106445,150.581406,14967.246094,0,113.610508,-6177.41094,46.389644,354.694676,1,,0,,,,,,EntryBurn,0,0,1188.303018,92.905164,,,,,,,,,,,,,,,,,,,,,,,,0,None,,,,,,,,,,,,,,,,,,,,,,,,1,0,0,,,0.580347,,,,,,,,,,,,,,,,,,,,,,,
121.419997,-,0,0,0,,,,113120.443768,1890.377294,1583.923074,-95.227228,0.118775,5.508357,,84621.304214,0.000244,0,100.634898,0,0,,1,0,0,0,79.365114,0,0.023594,1,-1,-1,0,0,1.351857,-7.618897,-5.332237,0,14966.732422,150.580841,14966.761719,0,113.610475,-6177.411056,46.389652,354.694686,1,,0,,,,,,EntryBurn,0,0,1242.519875,95.22723,,,,,,,,,,,,,,,,,,,,,,,,0,None,,,,,,,,,,,,,,,,,,,,,,,,1,0,0,,,0.580269,,,,,,,,,,,,,,,,,,,,,,,
121.679997,-,0,0,0,,,,113095.442615,1890.502571,1584.06951,-97.549282,0.11925,5.511555,,84621.304214,0.000153,0,99.195364,0,0,,1,0,0,0,80.804627,0,0.040679,1,-1,-1,0,0,2.330713,-9.593327,-5.2578,0,14968.50293,150.613235,14968.407227,0,113.610449,-6177.411143,46.389658,354.694695,1,,0,,,,,,EntryBurn,0,0,1297.93344,97.549283,,,,,,,,,,,,,,,,,,,,,,,,0,None,,,,,,,,,,,,,,,,,,,,,,,,1,0,0,,,0.580191,,,,,,,,,,,,,,,,,,,,,,,
121.939997,-,0,0,0,,,,113069.829089,1890.631156,1584.219812,-99.871262,0.119739,5.51483,,84621.304214,0.000102,0,97.985366,0,0,,1,0,0,0,82.014634,0,0.025144,1,-1,-1,0,0,1.440657,-8.920628,-5.029142,0,14964.473633,150.530853,14964.516602,0,113.610424,-6177.411168,46.389663,354.694701,1,,0,,,,,,EntryBurn,0,0,1354.542256,99.871261,,,,,,,,,,,,,,,,,,,,,,,,0,None,,,,,,,,,,,,,,,,,,,,,,,,1,0,0,,,0.580113,,,,,,,,,,,,,,,,,,,,,,,
122.199997,-,0,0,0,,,,113043.622923,1890.762681,1584.373583,-102.1936,0.120242,5.518185,,84621.304214,0.000038,0,96.58589,0,0,,1,0,0,0,83.414109,0,0.048857,1,-1,-1,0,0,2.799305,-8.628748,-5.858401,0,14969.858398,150.778625,14969.730469,0,113.610402,-6177.411214,46.389662,354.6947,1,,0,,,,,,EntryBurn,0,0,1412.357414,102.193601,,,,,,,,,,,,,,,,,,,,,,,,0,None,,,,,,,,,,,,,,,,,,,,,,,,1,0,0,,,0.580035,,,,,,,,,,,,,,,,,,,,,,,
122.459997,-,0,0,0,,,,113016.8038,1890.897304,1584.530983,-104.515855,0.120759,5.521615,,84621.304214,0.000128,0,95.179393,0,0,,1,0,0,0,84.820603,0,0.024146,1,-1,-1,0,0,1.383454,-8.013289,-6.918239,0,14962.823242,150.626801,14962.767578,0,113.610384,-6177.411242,46.389655,354.694691,1,,0,,,,,,EntryBurn,0,0,1471.368035,104.515855,,,,,,,,,,,,,,,,,,,,,,,,0,None,,,,,,,,,,,,,,,,,,,,,,,,1,0,0,,,0.579957,,,,,,,,,,,,,,,,,,,,,,,
122.719997,-,0,0,0,,,,112989.357549,1891.034973,1584.692032,-106.838236,0.121291,5.525128,,84621.304214,0.000124,0,93.795172,0,0,,1,0,0,0,86.204835,0,0.045282,1,-1,-1,0,0,2.594496,-9.489843,-6.327889,0,14969.800781,150.69455,14969.710938,0,113.610354,-6177.411267,46.389653,354.694688,1,,0,,,,,,EntryBurn,0,0,1531.579766,106.838236,,,,,,,,,,,,,,,,,,,,,,,,0,None,,,,,,,,,,,,,,,,,,,,,,,,1,0,0,,,0.57988,,,,,,,,,,,,,,,,,,,,,,,
122.979997,-,0,0,0,,,,112961.321885,1891.176082,1584.857072,-109.160701,0.121837,5.528718,,84621.304214,0.000181,0,92.496577,0,0,,1,0,0,0,87.50341,0,0.022317,1,-1,-1,0,0,1.278685,-8.743872,-5.725296,0,14961.735352,150.594681,14961.860352,0,113.610325,-6177.411203,46.389649,354.694683,1,,0,,,,,,EntryBurn,0,0,1592.991816,109.160701,,,,,,,,,,,,,,,,,,,,,,,,0,None,,,,,,,,,,,,,,,,,,,,,,,,1,0,0,,,0.579803,,,,,,,,,,,,,,,,,,,,,,,
123.239997,-,0,0,0,,,,112932.688836,1891.320256,1585.025733,-111.483051,0.122398,5.532386,,84621.304214,0.000242,0,91.212581,0,0,,1,0,0,0,88.787413,0,0.009385,1,-1,-1,0,0,0.537694,-9.107511,-4.927254,0,14968.870117,150.731964,14968.841797,0,113.610308,-6177.411127,46.389644,354.694676,1,,0,,,,,,EntryBurn,0,0,1655.598968,111.483051,,,,,,,,,,,,,,,,,,,,,,,,0,None,,,,,,,,,,,,,,,,,,,,,,,,1,0,0,,,0.579725,,,,,,,,,,,,,,,,,,,,,,,
123.499997,-,0,0,0,,,,112903.426467,1891.467805,1585.198321,-113.805508,0.122974,5.536134,,84621.304214,0.000336,0,89.847639,0,0,,1,0,0,0,90.15235,0,0.033228,1,-1,-1,0,0,1.90383,-8.875926,-5.381896,0,14964.101563,150.65097,14964.268555,0,113.610276,-6177.410976,46.389637,354.694666,1,,0,,,,,,EntryBurn,0,0,1719.407423,113.805507,,,,,,,,,,,,,,,,,,,,,,,,0,None,,,,,,,,,,,,,,,,,,,,,,,,1,0,0,,,0.579648,,,,,,,,,,,,,,,,,,,,,,,
123.759997,-,0,0,0,,,,112873.574339,1891.618245,1585.374407,-116.127952,0.123564,5.539958,,84621.304214,0.000324,0,88.730777,0,0,,1,0,0,0,91.269245,0,-0.004666,-1,-1,-1,0,0,-0.267335,-8.312025,-6.290058,0,14962.625977,150.796997,14962.511719,0,113.610268,-6177.410851,46.389635,354.694663,1,,0,,,,,,EntryBurn,0,0,1784.414192,116.127955,,,,,,,,,,,,,,,,,,,,,,,,0,None,,,,,,,,,,,,,,,,,,,,,,,,1,0,0,,,0.579571,,,,,,,,,,,,,,,,,,,,,,,
124.019997,-,0,0,0,,,,112843.115173,1891.771269,1585.553691,-118.450604,0.124171,5.543862,,84621.304214,0.000198,0,87.372749,0,0,,1,0,0,0,92.627252,0,-0.005299,-1,-1,-1,0,0,-0.303596,-9.03692,-6.152949,0,14962.115234,150.538071,14962.193359,0,113.610241,-6177.410821,46.389638,354.694668,1,,0,,,,,,EntryBurn,0,0,1850.625503,118.450604,,,,,,,,,,,,,,,,,,,,,,,,0,None,,,,,,,,,,,,,,,,,,,,,,,,1,0,0,,,0.579494,,,,,,,,,,,,,,,,,,,,,,,
124.279997,-,0,0,0,,,,112812.041086,1891.926083,1585.735341,-120.772728,0.124793,5.54784,,84621.304214,0.000285,0,85.945292,0,0,,1,0,0,0,94.054726,0,0.003552,1,-1,-1,0,0,0.203512,-8.192442,-5.682223,0,14964.969727,150.796814,14965.291016,0,113.610213,-6177.411043,46.389642,354.694673,1,,0,,,,,,EntryBurn,0,0,1918.020527,120.772727,,,,,,,,,,,,,,,,,,,,,,,,0,None,,,,,,,,,,,,,,,,,,,,,,,,1,0,0,,,0.579418,,,,,,,,,,,,,,,,,,,,,,,
124.539997,-,0,0,0,,,,112780.354594,1892.083955,1585.920611,-123.094694,0.12543,5.551896,,84621.296585,0.00035,0,84.831645,0,0,,1,0,0,0,95.168372,0,-0.001112,-1,-1,-1,0,0,-0.063726,-9.659783,-4.853377,0,14962.105469,150.807816,14962.048828,0,113.610175,-6177.411253,46.389645,354.694677,1,,0,,,,,,EntryBurn,0,0,1986.609147,123.094694,,,,,,,,,,,,,,,,,,,,,,,,0,None,,,,,,,,,,,,,,,,,,,,,,,,1,0,0,,,0.579342,,,,,,,,,,,,,,,,,,,,,,,
124.799997,-,0,0,0,,,,112748.070455,1892.245201,1586.109795,-125.416586,0.126084,5.556029,,84621.296585,0.000276,0,83.656617,0,0,,1,0,0,0,96.343371,0,0.015159,1,-1,-1,0,0,0.868547,-10.46832,-5.451188,0,14968.629883,150.610397,14968.629883,0,113.610145,-6177.411385,46.389646,354.694678,1,,0,,,,,,EntryBurn,0,0,2056.394681,125.416585,,,,,,,,,,,,,,,,,,,,,,,,0,None,,,,,,,,,,,,,,,,,,,,,,,,1,0,0,,,0.579265,,,,,,,,,,,,,,,,,,,,,,,
125.059997,-,0,0,0,,,,112715.179272,1892.409423,1586.302547,-127.738451,0.126754,5.560241,,84621.296585,0.000274,0,82.618286,0,0,,1,0,0,0,97.381724,0,0.000233,1,-1,-1,0,0,0.013333,-8.458004,-4.64033,0,14961.069336,150.662491,14961.162109,0,113.61011,-6177.411524,46.38965,354.694684,1,,0,,,,,,EntryBurn,0,0,2127.378301,127.738451,,,,,,,,,,,,,,,,,,,,,,,,0,None,,,,,,,,,,,,,,,,,,,,,,,,1,0,0,,,0.579189,,,,,,,,,,,,,,,,,,,,,,,
125.319997,-,0,0,0,,,,112681.669661,1892.576871,1586.499093,-130.060584,0.127441,5.564532,,84621.296585,0.000215,0,81.335561,0,0,,1,0,0,0,98.664436,0,0.007045,1,-1,-1,0,0,0.403648,-9.582144,-5.555788,0,14961.149414,150.428543,14961.133789,0,113.610077,-6177.411622,46.389655,354.69469,1,,0,,,,,,EntryBurn,0,0,2199.569296,130.060585,,,,,,,,,,,,,,,,,,,,,,,,0,None,,,,,,,,,,,,,,,,,,,,,,,,1,0,0,,,0.579113,,,,,,,,,,,,,,,,,,,,,,,
125.579997,-,0,0,0,,,,112647.564021,1892.747551,1586.699432,-132.382696,0.128145,5.5689,,84621.296585,0.00017,0,80.004567,0,0,,1,0,0,0,99.995434,0,0.0036,1,-1,-1,0,0,0.20627,-7.847718,-4.613965,0,14965.228516,150.664795,14965.279297,0,113.610044,-6177.411671,46.389659,354.694696,1,,0,,,,,,EntryBurn,0,0,2272.959001,132.382696,,,,,,,,,,,,,,,,,,,,,,,,0,None,,,,,,,,,,,,,,,,,,,,,,,,1,0,0,,,0.579037,,,,,,,,,,,,,,,,,,,,,,,
125.839997,-,0,0,0,,,,112612.833936,1892.921367,1586.903429,-134.704648,0.128866,5.573349,,84621.296585,0.000146,0,79.040022,0,0,,1,0,0,0,100.959959,0,-0.014671,-1,-1,-1,0,0,-0.840613,-8.280046,-4.580711,0,14964.089844,150.650497,14964.12207,0,113.610003,-6177.411692,46.389659,354.694695,1,,0,,,,,,EntryBurn,0,0,2347.543186,134.704647,,,,,,,,,,,,,,,,,,,,,,,,0,None,,,,,,,,,,,,,,,,,,,,,,,,1,0,0,,,0.578961,,,,,,,,,,,,,,,,,,,,,,,
126.099997,-,0,0,0,,,,112577.512578,1893.098019,1587.110774,-137.02701,0.129604,5.577872,,84621.296585,0.000149,0,77.78968,0,0,,1,0,0,0,102.210314,0,-0.012379,-1,-1,-1,0,0,-0.709246,-8.510794,-5.15728,0,14964.618164,150.626572,14964.491211,0,113.609979,-6177.411755,46.38965,354.694683,1,,0,,,,,,EntryBurn,0,0,2423.340575,137.027011,,,,,,,,,,,,,,,,,,,,,,,,0,None,,,,,,,,,,,,,,,,,,,,,,,,1,0,0,,,0.578885,,,,,,,,,,,,,,,,,,,,,,,
126.359997,-,0,0,0,,,,112541.580667,1893.27774,1587.321762,-139.349378,0.13036,5.582474,,84621.296585,0.000151,0,76.659269,0,0,,1,0,0,0,103.340744,0,0.005139,1,-1,-1,0,0,0.29443,-9.013029,-6.684494,0,14962.505859,150.54393,14962.52832,0,113.60995,-6177.411806,46.389642,354.694674,1,,0,,,,,,EntryBurn,0,0,2500.338377,139.349378,,,,,,,,,,,,,,,,,,,,,,,,0,None,,,,,,,,,,,,,,,,,,,,,,,,1,0,0,,,0.578809,,,,,,,,,,,,,,,,,,,,,,,
126.619997,-,0,0,0,,,,112505.043211,1893.460842,1587.536662,-141.67154,0.131134,5.587154,,84621.296585,0.000205,0,75.479167,0,0,,1,0,0,0,104.520844,0,0.009442,1,-1,-1,0,0,0.540996,-8.998643,-6.165084,0,14964.90918,150.582779,14964.885742,0,113.609915,-6177.411773,46.389632,354.69466,1,,0,,,,,,EntryBurn,0,0,2578.529663,141.67154,,,,,,,,,,,,,,,,,,,,,,,,0,None,,,,,,,,,,,,,,,,,,,,,,,,1,0,0,,,0.578733,,,,,,,,,,,,,,,,,,,,,,,
126.879997,-,0,0,0,,,,112467.912854,1893.647015,1587.75521,-143.993938,0.131926,5.59191,,84621.296585,0.000217,0,74.524685,0,0,,1,0,0,0,105.475316,0,0.020954,1,-1,-1,0,0,1.200597,-7.976941,-5.438712,0,14963.679688,150.733368,14963.642578,0,113.609897,-6177.411731,46.389624,354.694648,1,,0,,,,,,EntryBurn,0,0,2657.92948,143.993939,,,,,,,,,,,,,,,,,,,,,,,,0,None,,,,,,,,,,,,,,,,,,,,,,,,1,0,0,,,0.578657,,,,,,,,,,,,,,,,,,,,,,,
127.139997,-,0,0,0,,,,112430.146384,1893.836202,1587.97734,-146.316367,0.132736,5.596745,,84621.296585,0.000195,0,73.358845,0.000001,0,,1,0,0,0,106.641155,0.000001,-0.002396,-1,-1,-1,0,0,-0.137285,-8.216928,-6.215721,0,14964.192383,150.628128,14964.245117,0,113.609867,-6177.411687,46.389616,354.694638,1,,0,,,,,,EntryBurn,0,0,2738.531264,146.316368,,,,,,,,,,,,,,,,,,,,,,,,0,None,,,,,,,,,,,,,,,,,,,,,,,,1,0,0,,,0.57858,,,,,,,,,,,,,,,,,,,,,,,
127.399997,-,0,0,0,,,,112391.790137,1894.027974,1588.202752,-148.638994,0.133566,5.601656,,84621.296585,0.000078,0,72.696948,0.000001,0,,1,0,0,0,107.303052,0.000001,-0.008455,-1,-1,-1,0,0,-0.484427,-9.815011,-5.934403,0,14958.94043,150.896561,14958.567383,0,113.609837,-6177.411736,46.389626,354.694652,1,,0,,,,,,EntryBurn,0,0,2820.341118,148.638994,,,,,,,,,,,,,,,,,,,,,,,,0,None,,,,,,,,,,,,,,,,,,,,,,,,1,0,0,,,0.578504,,,,,,,,,,,,,,,,,,,,,,,
127.659997,-,0,0,0,,,,112352.823704,1894.222677,1588.43169,-150.961732,0.134415,5.606643,,84621.296585,0.000295,0,71.600905,0.000001,0,,1,0,0,0,108.399099,0.000001,-0.015927,-1,-1,-1,0,0,-0.912569,-9.437722,-6.354142,0,14967.024414,150.671097,14967.102539,0,113.609817,-6177.411801,46.389641,354.694672,1,,0,,,,,,EntryBurn,0,0,2903.35644,150.96173,,,,,,,,,,,,,,,,,,,,,,,,0,None,,,,,,,,,,,,,,,,,,,,,,,,1,0,0,,,0.578428,,,,,,,,,,,,,,,,,,,,,,,
127.919997,-,0,0,0,,,,112313.238555,1894.420266,1588.664002,-153.284823,0.135283,5.611706,,84621.296585,0.000209,0,70.639277,0.000001,0,,1,0,0,0,109.36072,0.000001,-0.016497,-1,-1,-1,0,0,-0.945185,-8.831604,-4.809057,0,14964.303711,150.892258,14964.667969,0,113.609795,-6177.411898,46.389645,354.694677,1,,0,,,,,,EntryBurn,0,0,2987.586651,153.284824,,,,,,,,,,,,,,,,,,,,,,,,0,None,,,,,,,,,,,,,,,,,,,,,,,,1,0,0,,,0.578351,,,,,,,,,,,,,,,,,,,,,,,
128.179997,-,0,0,0,,,,112273.078031,1894.620934,1588.899964,-155.608022,0.136171,5.616844,,84621.296585,0.000225,0,69.576754,0.000001,0,,1,0,0,0,110.423236,0.000001,-0.008374,-1,-1,-1,0,0,-0.479819,-10.21938,-5.272413,0,14964.291016,150.500565,14964.296875,0,113.609782,-6177.41198,46.389651,354.694684,1,,0,,,,,,EntryBurn,0,0,3073.023155,155.608023,,,,,,,,,,,,,,,,,,,,,,,,0,None,,,,,,,,,,,,,,,,,,,,,,,,1,0,0,,,0.578275,,,,,,,,,,,,,,,,,,,,,,,
128.439997,-,0,0,0,,,,112232.272871,1894.824916,1589.13978,-157.931218,0.13708,5.622061,,84621.296585,0.00024,0,68.613807,0.000001,0,,1,0,0,0,111.386188,0.000001,-0.016319,-1,-1,-1,0,0,-0.935016,-9.13884,-5.043347,0,14965.789063,150.567886,14965.792969,0,113.609762,-6177.411997,46.389654,354.694689,1,,0,,,,,,EntryBurn,0,0,3159.662282,157.931218,,,,,,,,,,,,,,,,,,,,,,,,0,None,,,,,,,,,,,,,,,,,,,,,,,,1,0,0,,,0.578198,,,,,,,,,,,,,,,,,,,,,,,
128.699997,-,0,0,0,,,,112190.874156,1895.032067,1589.383299,-160.254239,0.138009,5.627353,,84621.296585,0.000192,0,67.656978,0.000001,0,,1,0,0,0,112.343021,0.000001,-0.012841,-1,-1,-1,0,0,-0.735746,-7.344452,-4.276682,0,14965.851563,150.555878,14965.887695,0,113.60974,-6177.411975,46.389655,354.69469,1,,0,,,,,,EntryBurn,0,0,3247.497711,160.254239,,,,,,,,,,,,,,,,,,,,,,,,0,None,,,,,,,,,,,,,,,,,,,,,,,,1,0,0,,,0.578121,,,,,,,,,,,,,,,,,,,,,,,
128.959997,-,0,0,0,,,,112148.8591,1895.241816,1589.629956,-162.576772,0.138959,5.632721,,84621.296585,0.000015,0,66.97659,0.000001,0,,1,0,0,0,113.0234,0.000001,0.005059,1,-1,-1,0,0,0.289849,-7.525433,-4.524575,0,14967.413086,150.823776,14967.837891,0,113.609712,-6177.412029,46.389654,354.694689,1,,0,,,,,,EntryBurn,0,0,3336.517392,162.576773,,,,,,,,,,,,,,,,,,,,,,,,0,None,,,,,,,,,,,,,,,,,,,,,,,,1,0,0,,,0.578044,,,,,,,,,,,,,,,,,,,,,,,
129.219997,-,0,0,0,,,,112106.233849,1895.454253,1589.87985,-164.898628,0.139931,5.638164,,84621.296585,0.000334,0,65.943729,0.000001,0,,1,0,0,0,114.056274,0.000001,-0.023035,-1,-1,-1,0,0,-1.319821,-9.911673,-5.167963,0,14964.994141,150.707855,14964.821289,0,113.609656,-6177.412137,46.389653,354.694688,1,,0,,,,,,EntryBurn,0,0,3426.713304,164.898627,,,,,,,,,,,,,,,,,,,,,,,,0,None,,,,,,,,,,,,,,,,,,,,,,,,1,0,0,,,0.577966,,,,,,,,,,,,,,,,,,,,,,,
129.479997,-,0,0,0,,,,112063.007644,1895.670005,1590.13362,-167.220739,0.140924,5.643681,,84621.296585,0.000319,0,65.336709,0.000001,0,,1,0,0,0,114.66329,0.000001,-0.015722,-1,-1,-1,0,0,-0.900794,-9.740838,-4.601693,0,14968.333008,150.598465,14968.328125,0,113.609614,-6177.412182,46.389653,354.694688,1,,0,,,,,,EntryBurn,0,0,3518.121689,167.220741,,,,,,,,,,,,,,,,,,,,,,,,0,None,,,,,,,,,,,,,,,,,,,,,,,,1,0,0,,,0.577888,,,,,,,,,,,,,,,,,,,,,,,
129.739997,-,0,0,0,,,,112019.156182,1895.888768,1590.390901,-169.543185,0.141939,5.649273,,84621.296585,0.000233,0,64.663168,0.000001,0,,1,0,0,0,115.336821,0.000001,-0.050963,-1,-1,-1,0,0,-2.919958,-8.523622,-5.258654,0,14964.490234,150.613953,14964.574219,0,113.609572,-6177.41223,46.389644,354.694676,1,,0,,,,,,EntryBurn,0,0,3610.746053,169.543184,,,,,,,,,,,,,,,,,,,,,,,,0,None,,,,,,,,,,,,,,,,,,,,,,,,1,0,0,,,0.57781,,,,,,,,,,,,,,,,,,,,,,,
129.999997,-,0,0,0,,,,111974.714201,1896.110444,1590.65163,-171.865584,0.142977,5.654939,,84621.296585,0.000272,0,63.881342,0.000001,0,,1,0,0,0,116.118659,0.000001,-0.020516,-1,-1,-1,0,0,-1.175459,-7.295652,-6.531343,0,14966.750977,150.580292,14966.77832,0,113.609525,-6177.412295,46.389633,354.694661,1,,0,,,,,,EntryBurn,0,0,3704.572031,171.865585,,,,,,,,,,,,,,,,,,,,,,,,0,None,,,,,,,,,,,,,,,,,,,,,,,,1,0,0,,,0.577731,,,,,,,,,,,,,,,,,,,,,,,
130.259997,-,0,0,0,,,,111929.676598,1896.33521,1590.915993,-174.187867,0.144037,5.660677,,84621.296585,0.000297,0,63.273665,0.000001,0,,1,0,0,0,116.726342,0.000001,-0.017008,-1,-1,-1,0,0,-0.974489,-8.627182,-4.944905,0,14969.59082,150.869934,14969.830078,0,113.609499,-6177.412335,46.389621,354.694645,1,,0,,,,,,EntryBurn,0,0,3799.59652,174.187865,,,,,,,,,,,,,,,,,,,,,,,,0,None,,,,,,,,,,,,,,,,,,,,,,,,1,0,0,,,0.577652,,,,,,,,,,,,,,,,,,,,,,,
130.519997,-,0,0,0,,,,111884.030529,1896.562835,1591.183838,-176.510367,0.145121,5.666489,,84621.296585,0.000218,0,62.893152,0,0,,1,0,0,0,117.106839,0,-0.018801,-1,-1,-1,0,0,-1.077215,-8.116152,-5.661487,0,14964.477539,150.987778,14964.463867,0,113.609464,-6177.412409,46.389618,354.694641,1,,0,,,,,,EntryBurn,0,0,3895.833945,176.510368,,,,,,,,,,,,,,,,,,,,,,,,0,None,,,,,,,,,,,,,,,,,,,,,,,,1,0,0,,,0.577573,,,,,,,,,,,,,,,,,,,,,,,
130.779997,-,0,0,0,,,,111837.774257,1896.793118,1591.454985,-178.833186,0.146228,5.672371,,84621.296585,0.000225,0,61.826171,0,0,,1,0,0,0,118.173821,0,-0.037093,-1,-1,-1,0,0,-2.125244,-8.748872,-4.956295,0,14966.228516,150.670883,14966.010742,0,113.609445,-6177.412559,46.389627,354.694653,1,,0,,,,,,EntryBurn,0,0,3993.288773,178.833186,,,,,,,,,,,,,,,,,,,,,,,,0,None,,,,,,,,,,,,,,,,,,,,,,,,1,0,0,,,0.577494,,,,,,,,,,,,,,,,,,,,,,,
131.039997,-,0,0,0,,,,111790.907369,1897.026578,1591.729883,-181.155988,0.14736,5.678328,,84621.296585,0.000268,0,61.579735,0,0,,1,0,0,0,118.42026,0,-0.048234,-1,-1,-1,0,0,-2.763594,-9.672405,-3.772781,0,14964.976563,150.589569,14965.100586,0,113.609411,-6177.412671,46.389639,354.694669,1,,0,,,,,,EntryBurn,0,0,4091.947534,181.155987,,,,,,,,,,,,,,,,,,,,,,,,0,None,,,,,,,,,,,,,,,,,,,,,,,,1,0,0,,,0.577416,,,,,,,,,,,,,,,,,,,,,,,
131.299997,-,0,0,0,,,,111743.43324,1897.263229,1592.008511,-183.479003,0.148516,5.684355,,84621.296585,0.000238,0,60.82705,0,0,,1,0,0,0,119.172941,0,-0.029261,-1,-1,-1,0,0,-1.67654,-7.174737,-3.507002,0,14966.928711,150.859909,14966.742188,0,113.609389,-6177.412744,46.389649,354.694683,1,,0,,,,,,EntryBurn,0,0,4191.820574,183.479003,,,,,,,,,,,,,,,,,,,,,,,,0,None,,,,,,,,,,,,,,,,,,,,,,,,1,0,0,,,0.577338,,,,,,,,,,,,,,,,,,,,,,,
131.559997,-,0,0,0,,,,111695.364792,1897.502647,1592.290402,-185.802069,0.149697,5.690453,,84621.296585,0.000138,0,60.675087,0,0,,1,0,0,0,119.324909,0,-0.03245,-1,-1,-1,0,0,-1.859276,-9.575442,-6.375445,0,14968.583008,150.497147,14968.645508,0,113.609379,-6177.412864,46.389652,354.694686,1,,0,,,,,,EntryBurn,0,0,4292.901312,185.80207,,,,,,,,,,,,,,,,,,,,,,,,0,None,,,,,,,,,,,,,,,,,,,,,,,,1,0,0,,,0.577261,,,,,,,,,,,,,,,,,,,,,,,
131.819997,-,0,0,0,,,,111646.669914,1897.745179,1592.575935,-188.125293,0.150904,5.696622,,84621.296585,0.000159,0,60.492257,0.000001,0,,1,0,0,0,119.507751,0.000001,-0.035007,-1,-1,-1,0,0,-2.005726,-6.948734,-6.003089,0,14965.87207,150.943802,14965.850586,0,113.609345,-6177.412963,46.389651,354.694685,1,,0,,,,,,EntryBurn,0,0,4395.194701,188.125292,,,,,,,,,,,,,,,,,,,,,,,,0,None,,,,,,,,,,,,,,,,,,,,,,,,1,0,0,,,0.577185,,,,,,,,,,,,,,,,,,,,,,,
132.079997,-,0,0,0,,,,111597.37898,1897.990788,1592.865101,-190.448307,0.152137,5.70286,,84621.288955,0.000079,0,59.892717,0.000001,0,,1,0,0,0,120.107265,0.000001,-0.044538,-1,-1,-1,0,0,-2.551859,-8.590739,-5.299736,0,14966.53125,150.533951,14966.553711,0,113.609329,-6177.413037,46.389652,354.694686,1,,0,,,,,,EntryBurn,0,0,4498.683578,190.448306,,,,,,,,,,,,,,,,,,,,,,,,0,None,,,,,,,,,,,,,,,,,,,,,,,,1,0,0,,,0.577109,,,,,,,,,,,,,,,,,,,,,,,
132.339997,-,0,0,0,,,,111547.464986,1898.239698,1593.158085,-192.771363,0.153397,5.70917,,84621.288955,0.00005,0,59.708486,0.000001,0,,1,0,0,0,120.291502,0.000001,-0.022886,-1,-1,-1,0,0,-1.311291,-8.100398,-3.187175,0,14968.450195,150.809723,14968.680664,0,113.609298,-6177.413047,46.389649,354.694682,1,,0,,,,,,EntryBurn,0,0,4603.381884,192.771364,,,,,,,,,,,,,,,,,,,,,,,,0,None,,,,,,,,,,,,,,,,,,,,,,,,1,0,0,,,0.577033,,,,,,,,,,,,,,,,,,,,,,,
132.599997,-,0,0,0,,,,111496.96076,1898.491973,1593.454975,-195.094622,0.154683,5.715548,,84621.288955,0.000141,0,59.562044,0.000001,0,,1,0,0,0,120.437949,0.000001,-0.035539,-1,-1,-1,0,0,-2.036234,-8.255725,-4.341123,0,14968.046875,150.831543,14968.214844,0,113.609277,-6177.412979,46.389645,354.694677,1,,0,,,,,,EntryBurn,0,0,4709.295958,195.094623,,,,,,,,,,,,,,,,,,,,,,,,0,None,,,,,,,,,,,,,,,,,,,,,,,,1,0,0,,,0.576958,,,,,,,,,,,,,,,,,,,,,,,
132.859997,-,0,0,0,,,,111445.846317,1898.747202,1593.755389,-197.417962,0.155998,5.721995,,84621.288955,0.00017,0,59.163962,0.000001,0,,1,0,0,0,120.836028,0.000001,-0.033248,-1,-1,-1,0,0,-1.90495,-8.454636,-4.259961,0,14971.836914,150.745712,14972.041992,0,113.609263,-6177.41292,46.389645,354.694677,1,,0,,,,,,EntryBurn,0,0,4816.420686,197.417963,,,,,,,,,,,,,,,,,,,,,,,,0,None,,,,,,,,,,,,,,,,,,,,,,,,1,0,0,,,0.576883,,,,,,,,,,,,,,,,,,,,,,,
133.119997,-,0,0,0,,,,111394.117205,1899.005736,1594.059649,-199.741351,0.15734,5.728511,,84621.288955,0.000274,0,59.164602,0.000001,0,,1,0,0,0,120.835391,0.000001,-0.03528,-1,-1,-1,0,0,-2.021423,-10.368608,-5.460365,0,14965.849609,150.47673,14965.78418,0,113.609221,-6177.412795,46.389644,354.694676,1,,0,,,,,,EntryBurn,0,0,4924.755141,199.741351,,,,,,,,,,,,,,,,,,,,,,,,0,None,,,,,,,,,,,,,,,,,,,,,,,,1,0,0,,,0.576809,,,,,,,,,,,,,,,,,,,,,,,
133.379997,-,0,0,0,,,,111341.78197,1899.267148,1594.367259,-202.064906,0.158711,5.735091,,84621.288955,0.000316,0,59.224473,0.000001,0,,1,0,0,0,120.775518,0.000001,-0.026491,-1,-1,-1,0,0,-1.51785,-7.969364,-3.300121,0,14969.703125,150.704285,14969.760742,0,113.609201,-6177.412695,46.389632,354.69466,1,,0,,,,,,EntryBurn,0,0,5034.305134,202.064907,,,,,,,,,,,,,,,,,,,,,,,,0,None,,,,,,,,,,,,,,,,,,,,,,,,1,0,0,,,0.576735,,,,,,,,,,,,,,,,,,,,,,,
133.639997,-,0,0,0,,,,111288.836583,1899.531411,1594.678273,-204.388438,0.160111,5.741737,,84621.288955,0.000308,0,59.083523,0.000001,0,,1,0,0,0,120.916473,0.000001,-0.039259,-1,-1,-1,0,0,-2.249392,-8.728947,-5.075634,0,14967.27832,150.508194,14967.207031,0,113.609182,-6177.412622,46.389622,354.694646,1,,0,,,,,,EntryBurn,0,0,5145.06197,204.388436,,,,,,,,,,,,,,,,,,,,,,,,0,None,,,,,,,,,,,,,,,,,,,,,,,,1,0,0,,,0.576661,,,,,,,,,,,,,,,,,,,,,,,
133.899997,-,0,0,0,,,,111235.269691,1899.797863,1594.992207,-206.712283,0.161541,5.748445,,84621.288955,0.000208,0,59.194133,0.000001,0,,1,0,0,0,120.805865,0.000001,-0.032001,-1,-1,-1,0,0,-1.833516,-8.834364,-5.82776,0,14962.376953,150.824326,14962.730469,0,113.609151,-6177.412725,46.389635,354.694664,1,,0,,,,,,EntryBurn,0,0,5257.042674,206.712283,,,,,,,,,,,,,,,,,,,,,,,,0,None,,,,,,,,,,,,,,,,,,,,,,,,1,0,0,,,0.576588,,,,,,,,,,,,,,,,,,,,,,,
134.159997,-,0,0,0,,,,111181.116428,1900.067146,1595.309499,-209.035792,0.163001,5.755216,,84621.288955,0.00028,0,59.306363,0.000001,0,,1,0,0,0,120.693635,0.000001,-0.048972,-1,-1,-1,0,0,-2.805892,-9.496776,-5.446594,0,14966.026367,150.66658,14966.148438,0,113.609132,-6177.412851,46.389647,354.69468,1,,0,,,,,,EntryBurn,0,0,5370.215683,209.035791,,,,,,,,,,,,,,,,,,,,,,,,0,None,,,,,,,,,,,,,,,,,,,,,,,,1,0,0,,,0.576515,,,,,,,,,,,,,,,,,,,,,,,
134.419997,-,0,0,0,,,,111126.32706,1900.338934,1595.629797,-211.358548,0.164492,5.762048,,84621.288955,0.000421,0,58.904245,0.000001,0,,1,0,0,0,121.095762,0.000001,-0.041998,-1,-1,-1,0,0,-2.406291,-7.997322,-4.815522,0,14964.96582,151.332779,14964.462891,0,113.609076,-6177.413061,46.389655,354.694691,1,,0,,,,,,EntryBurn,0,0,5484.560718,211.358549,,,,,,,,,,,,,,,,,,,,,,,,0,None,,,,,,,,,,,,,,,,,,,,,,,,1,0,0,,,0.576442,,,,,,,,,,,,,,,,,,,,,,,
134.679997,-,0,0,0,,,,111070.94959,1900.614103,1595.953993,-213.681449,0.166014,5.768942,,84621.288955,0.000351,0,59.588489,0.000001,0,,1,0,0,0,120.411509,0.000001,-0.049359,-1,-1,-1,0,0,-2.828066,-8.288062,-4.82257,0,14973.205078,150.635773,14973.075195,0,113.609026,-6177.413188,46.38966,354.694697,1,,0,,,,,,EntryBurn,0,0,5600.121249,213.681449,,,,,,,,,,,,,,,,,,,,,,,,0,None,,,,,,,,,,,,,,,,,,,,,,,,1,0,0,,,0.57637,,,,,,,,,,,,,,,,,,,,,,,
134.939997,-,0,0,0,,,,111014.977769,1900.892387,1596.281853,-216.004533,0.167568,5.775895,,84621.288955,0.000251,0,59.578985,0.000001,0,,1,0,0,0,120.421022,0.000001,-0.055656,-1,-1,-1,0,0,-3.188877,-7.610606,-5.205858,0,14966.287109,150.505615,14966.299805,0,113.608992,-6177.413288,46.389666,354.694705,1,,0,,,,,,EntryBurn,0,0,5716.89993,216.004533,,,,,,,,,,,,,,,,,,,,,,,,0,None,,,,,,,,,,,,,,,,,,,,,,,,1,0,0,,,0.576298,,,,,,,,,,,,,,,,,,,,,,,
135.199997,-,0,0,0,,,,110958.399863,1901.173437,1596.612946,-218.327851,0.169154,5.782906,,84621.288955,0.00022,0,60.033679,0.000001,0,,1,0,0,0,119.966317,0.000001,-0.059018,-1,-1,-1,0,0,-3.381466,-8.656287,-5.293912,0,14961.18457,150.643448,14961.286133,0,113.608965,-6177.413438,46.38966,354.694698,1,,0,,,,,,EntryBurn,0,0,5834.899979,218.327851,,,,,,,,,,,,,,,,,,,,,,,,0,None,,,,,,,,,,,,,,,,,,,,,,,,1,0,0,,,0.576226,,,,,,,,,,,,,,,,,,,,,,,
135.459997,-,0,0,0,,,,110901.219689,1901.457585,1596.947649,-220.650881,0.170774,5.789974,,84621.288955,0.000272,0,60.306261,0.000001,0,,1,0,0,0,119.693736,0.000001,-0.044987,-1,-1,-1,0,0,-2.577563,-9.521604,-4.801359,0,14957.433594,150.532379,14957.552734,0,113.608934,-6177.413554,46.389653,354.694687,1,,0,,,,,,EntryBurn,0,0,5954.095107,220.650881,,,,,,,,,,,,,,,,,,,,,,,,0,None,,,,,,,,,,,,,,,,,,,,,,,,1,0,0,,,0.576154,,,,,,,,,,,,,,,,,,,,,,,
135.719997,-,0,0,0,,,,110843.438906,1901.74487,1597.286036,-222.974145,0.172427,5.7971,,84621.288955,0.00026,0,60.661896,0.000001,0,,1,0,0,0,119.338101,0.000001,-0.056814,-1,-1,-1,0,0,-3.255205,-8.213192,-4.286479,0,14963.949219,150.615768,14964.075195,0,113.608905,-6177.413641,46.389646,354.694678,1,,0,,,,,,EntryBurn,0,0,6074.512582,222.974147,,,,,,,,,,,,,,,,,,,,,,,,0,None,,,,,,,,,,,,,,,,,,,,,,,,1,0,0,,,0.576082,,,,,,,,,,,,,,,,,,,,,,,
135.979997,-,0,0,0,,,,110785.039528,1902.035501,1597.628314,-225.297572,0.174116,5.804281,,84621.288955,0.000164,0,61.050939,0.000001,0,,1,0,0,0,118.949061,0.000001,-0.044481,-1,-1,-1,0,0,-2.548587,-7.664217,-5.238971,0,14958.5,150.844788,14958.712891,0,113.608872,-6177.413652,46.38964,354.69467,1,,0,,,,,,EntryBurn,0,0,6196.149113,225.297572,,,,,,,,,,,,,,,,,,,,,,,,0,None,,,,,,,,,,,,,,,,,,,,,,,,1,0,0,,,0.576011,,,,,,,,,,,,,,,,,,,,,,,
136.239997,-,0,0,0,,,,110726.023713,1902.329303,1597.974297,-227.620819,0.175839,5.811517,,84621.288955,0.000227,0,61.816169,0.000001,0,,1,0,0,0,118.183826,0.000001,-0.098063,-1,-1,-1,0,0,-5.618593,-8.975825,-6.146287,0,14967.201172,150.72641,14967.209961,0,113.608828,-6177.413615,46.389636,354.694664,1,,0,,,,,,EntryBurn,0,0,6318.987271,227.620819,,,,,,,,,,,,,,,,,,,,,,,,0,None,,,,,,,,,,,,,,,,,,,,,,,,1,0,0,,,0.57594,,,,,,,,,,,,,,,,,,,,,,,
136.499997,-,0,0,0,,,,110666.393877,1902.625929,1598.323656,-229.944136,0.177599,5.818806,,84621.288955,0.000181,0,62.323265,0,0,,1,0,0,0,117.676731,0,-0.069251,-1,-1,-1,0,0,-3.967765,-9.850621,-5.436366,0,14962.945313,150.657822,14962.970703,0,113.608777,-6177.413612,46.389633,354.694661,1,,0,,,,,,EntryBurn,0,0,6443.040237,229.944135,,,,,,,,,,,,,,,,,,,,,,,,0,None,,,,,,,,,,,,,,,,,,,,,,,,1,0,0,,,0.575869,,,,,,,,,,,,,,,,,,,,,,,
136.759997,-,0,0,0,,,,110606.179245,1902.925391,1598.676383,-232.267909,0.179395,5.826145,,84621.288955,0.000084,0,62.798209,0,0,,1,0,0,0,117.201796,0,-0.050162,-1,-1,-1,0,0,-2.87409,-9.526139,-2.688831,0,14967.714844,150.710739,14967.989258,0,113.608756,-6177.413647,46.389628,354.694654,1,,0,,,,,,EntryBurn,0,0,6568.329331,232.267907,,,,,,,,,,,,,,,,,,,,,,,,0,None,,,,,,,,,,,,,,,,,,,,,,,,1,0,0,,,0.575798,,,,,,,,,,,,,,,,,,,,,,,
137.019997,-,0,0,0,,,,110545.354416,1903.227079,1599.031977,-234.591891,0.181227,5.833528,,84621.288955,0.000261,0,63.565128,0,0,,1,0,0,0,116.434871,0,-0.057873,-1,-1,-1,0,0,-3.315864,-8.247025,-4.817853,0,14966.833984,150.63269,14966.773438,0,113.60873,-6177.413844,46.389637,354.694665,1,,0,,,,,,EntryBurn,0,0,6694.842353,234.59189,,,,,,,,,,,,,,,,,,,,,,,,0,None,,,,,,,,,,,,,,,,,,,,,,,,1,0,0,,,0.575727,,,,,,,,,,,,,,,,,,,,,,,
137.279997,-,0,0,0,,,,110483.928966,1903.532042,1599.391378,-236.915927,0.183098,5.84096,,84621.288955,0.0003,0,64.513774,0,0,,1,0,0,0,115.486234,0,-0.040395,-1,-1,-1,0,0,-2.314445,-8.8997,-4.874639,0,14961.466797,150.892975,14961.533203,0,113.608711,-6177.413977,46.389645,354.694677,1,,0,,,,,,EntryBurn,0,0,6822.571161,236.915927,,,,,,,,,,,,,,,,,,,,,,,,0,None,,,,,,,,,,,,,,,,,,,,,,,,1,0,0,,,0.575657,,,,,,,,,,,,,,,,,,,,,,,
137.539997,-,0,0,0,,,,110421.882025,1903.840196,1599.754502,-239.240072,0.185007,5.848438,,84621.288955,0.000206,0,65.190637,0,0,,1,0,0,0,114.809371,0,-0.063627,-1,-1,-1,0,0,-3.645538,-8.02761,-4.444726,0,14970.745117,150.878174,14970.945313,0,113.608689,-6177.414065,46.389654,354.694689,1,,0,,,,,,EntryBurn,0,0,6951.519199,239.240071,,,,,,,,,,,,,,,,,,,,,,,,0,None,,,,,,,,,,,,,,,,,,,,,,,,1,0,0,,,0.575586,,,,,,,,,,,,,,,,,,,,,,,
137.799997,-,0,0,0,,,,110359.229417,1904.151436,1600.121219,-241.564262,0.186956,5.85596,,84621.288955,0.00018,0,65.603566,0,0,,1,0,0,0,114.396429,0,-0.065104,-1,-1,-1,0,0,-3.730197,-9.73877,-4.774643,0,14963.249023,150.646347,14963.402344,0,113.608654,-6177.414128,46.38966,354.694697,1,,0,,,,,,EntryBurn,0,0,7081.683678,241.564263,,,,,,,,,,,,,,,,,,,,,,,,0,None,,,,,,,,,,,,,,,,,,,,,,,,1,0,0,,,0.575516,,,,,,,,,,,,,,,,,,,,,,,
138.059997,-,0,0,0,,,,110295.998296,1904.465864,1600.491625,-243.888105,0.188944,5.863522,,84621.288955,0.000086,0,66.537412,0,0,,1,0,0,0,113.462584,0,-0.071076,-1,-1,-1,0,0,-4.072383,-8.809409,-4.250843,0,14964.166016,150.689728,14964.067383,0,113.608637,-6177.414132,46.389664,354.694702,1,,0,,,,,,EntryBurn,0,0,7213.042305,243.888104,,,,,,,,,,,,,,,,,,,,,,,,0,None,,,,,,,,,,,,,,,,,,,,,,,,1,0,0,,,0.575445,,,,,,,,,,,,,,,,,,,,,,,
138.319997,-,0,0,0,,,,110232.126935,1904.783382,1600.865659,-246.212395,0.190974,5.871127,,84621.288955,0.000123,0,67.38616,0,0,,1,0,0,0,112.61384,0,-0.069889,-1,-1,-1,0,0,-4.004336,-9.179875,-3.29642,0,14968.586914,150.67218,14968.480469,0,113.60861,-6177.414121,46.389667,354.694706,1,,0,,,,,,EntryBurn,0,0,7345.641221,246.212395,,,,,,,,,,,,,,,,,,,,,,,,0,None,,,,,,,,,,,,,,,,,,,,,,,,1,0,0,,,0.575375,,,,,,,,,,,,,,,,,,,,,,,
138.579997,-,0,0,0,,,,110167.677026,1905.103755,1601.243023,-248.536887,0.193045,5.878766,,84621.288955,0.00015,0,68.447616,0,0,,1,0,0,0,111.552385,0,-0.058614,-1,-1,-1,0,0,-3.358323,-8.866352,-4.316698,0,14967.398438,150.825714,14967.506836,0,113.608602,-6177.414137,46.389663,354.6947,1,,0,,,,,,EntryBurn,0,0,7479.466489,248.536887,,,,,,,,,,,,,,,,,,,,,,,,0,None,,,,,,,,,,,,,,,,,,,,,,,,1,0,0,,,0.575305,,,,,,,,,,,,,,,,,,,,,,,
138.819997,-,0,0,0,,,,110102.61403,1905.427116,1601.62391,-250.861489,0.195158,5.886442,,84621.288955,0.000191,0,69.055478,0,0,,1,0,0,0,110.94453,0,-0.05918,-1,-1,-1,0,0,-3.390784,-7.971874,-3.945563,0,14967.592773,150.478973,14967.542969,0,113.608588,-6177.41415,46.389659,354.694694,1,,0,,,,,,EntryBurn,0,0,7614.513775,250.861491,,,,,,,,,,,,,,,,,,,,,,,,0,None,,,,,,,,,,,,,,,,,,,,,,,,1,0,0,,,0.575235,,,,,,,,,,,,,,,,,,,,,,,
139.099997,-,0,0,0,,,,110036.937442,1905.753609,1602.008442,-253.185874,0.197315,5.894151,,84621.288955,0.000167,0,70.261352,0,0,,1,0,0,0,109.738654,0,-0.062332,-1,-1,-1,0,0,-3.571339,-9.96449,-4.336596,0,14963.780273,150.670944,14963.927734,0,113.608562,-6177.41412,46.389654,354.694688,1,,0,,,,,,EntryBurn,0,0,7750.763964,253.185873,,,,,,,,,,,,,,,,,,,,,,,,0,None,,,,,,,,,,,,,,,,,,,,,,,,1,0,0,,,0.575165,,,,,,,,,,,,,,,,,,,,,,,
139.359997,-,0,0,0,,,,109970.661421,1906.083359,1602.396748,-255.510158,0.199542,5.902294,,84621.288955,0.000222,0,71.023092,0,0,,1,0,0,0,108.976919,0,-0.072013,-1,-1,-1,0,0,-4.126039,-7.513889,-4.041723,0,14970.344727,150.766296,14970.171875,0,113.608536,-6177.414022,46.38965,354.694682,1,,0,,,,,,EntryBurn,0,0,7888.224351,255.510157,,,,,,,,,,,,,,,,,,,,,,,,0,None,,,,,,,,,,,,,,,,,,,,,,,,1,0,0,,,0.575095,,,,,,,,,,,,,,,,,,,,,,,
139.619997,-,0,0,0,,,,109903.780222,1906.415675,1602.788139,-257.834187,0.201833,5.910743,,84621.288955,0.000186,0,72.190728,0,0,,1,0,0,0,107.809268,0,-0.083366,-1,-1,-1,0,0,-4.776501,-8.452946,-3.622662,0,14967.152344,150.841263,14967.063477,0,113.608497,-6177.413999,46.389645,354.694675,1,,0,,,,,,EntryBurn,0,0,8026.885932,257.834188,,,,,,,,,,,,,,,,,,,,,,,,0,None,,,,,,,,,,,,,,,,,,,,,,,,1,0,0,,,0.575026,,,,,,,,,,,,,,,,,,,,,,,
139.879997,-,0,0,0,,,,109836.297909,1906.749957,1603.182128,-260.157907,0.20417,5.919231,,84621.288955,0.000334,0,73.322072,0,0,,1,0,0,0,106.677927,0,-0.093167,-1,-1,-1,0,0,-5.33805,-9.519573,-4.105504,0,14960.290039,150.785843,14960.53125,0,113.608445,-6177.414176,46.389654,354.694689,1,,0,,,,,,EntryBurn,0,0,8166.745191,260.157906,,,,,,,,,,,,,,,,,,,,,,,,0,None,,,,,,,,,,,,,,,,,,,,,,,,1,0,0,,,0.574957,,,,,,,,,,,,,,,,,,,,,,,
140.139997,-,0,0,0,,,,109768.206332,1907.086873,1603.579258,-262.481954,0.206556,5.92776,,84621.288955,0.000476,0,74.025859,0,0,,1,0,0,0,105.974143,0,-0.094364,-1,-1,-1,0,0,-5.406635,-8.890248,-3.420343,0,14969.483398,150.675934,14969.514648,0,113.608407,-6177.41443,46.38966,354.694696,1,,0,,,,,,EntryBurn,0,0,8307.841444,262.481956,,,,,,,,,,,,,,,,,,,,,,,,0,None,,,,,,,,,,,,,,,,,,,,,,,,1,0,0,,,0.574888,,,,,,,,,,,,,,,,,,,,,,,
140.399997,-,0,0,0,,,,109699.50018,1907.426837,1603.979903,-264.805999,0.208992,5.936331,,84621.288955,0.000428,0,75.121415,0,0,,1,0,0,0,104.878584,0,-0.062051,-1,-1,-1,0,0,-3.555275,-8.675062,-3.966551,0,14968.071289,150.626831,14968.083984,0,113.608362,-6177.414662,46.389658,354.694694,1,,0,,,,,,EntryBurn,0,0,8450.154427,264.805999,,,,,,,,,,,,,,,,,,,,,,,,0,None,,,,,,,,,,,,,,,,,,,,,,,,1,0,0,,,0.574819,,,,,,,,,,,,,,,,,,,,,,,
140.659997,-,0,0,0,,,,109630.219337,1907.769964,1604.384261,-267.130144,0.211477,5.944939,,84621.288955,0.00036,0,76.365651,0,0,,1,0,0,0,103.634354,0,-0.079433,-1,-1,-1,0,0,-4.551152,-9.802729,-3.839107,0,14964.224609,150.549728,14964.234375,0,113.608327,-6177.414851,46.389661,354.694697,1,,0,,,,,,EntryBurn,0,0,8593.691157,267.130144,,,,,,,,,,,,,,,,,,,,,,,,0,None,,,,,,,,,,,,,,,,,,,,,,,,1,0,0,,,0.574751,,,,,,,,,,,,,,,,,,,,,,,
140.919997,-,0,0,0,,,,109560.330438,1908.116152,1604.792202,-269.454259,0.214015,5.953588,,84621.288955,0.000296,0,77.587243,0,0,,1,0,0,0,102.412754,0,-0.081438,-1,-1,-1,0,0,-4.666046,-8.447742,-3.514272,0,14966.292969,150.887085,14966.21875,0,113.608301,-6177.415013,46.389665,354.694702,1,,0,,,,,,EntryBurn,0,0,8738.444052,269.454261,,,,,,,,,,,,,,,,,,,,,,,,0,None,,,,,,,,,,,,,,,,,,,,,,,,1,0,0,,,0.574682,,,,,,,,,,,,,,,,,,,,,,,
141.159997,-,0,0,0,,,,109489.823371,1908.465463,1605.20381,-271.778537,0.216606,5.962275,,84621.288955,0.000264,0,78.584546,0,0,,1,0,0,0,101.415451,0,-0.081206,-1,-1,-1,0,0,-4.652765,-9.022743,-3.898067,0,14963.443359,150.533752,14963.473633,0,113.608258,-6177.415143,46.389672,354.694712,1,,0,,,,,,EntryBurn,0,0,8884.425347,271.778536,,,,,,,,,,,,,,,,,,,,,,,,0,None,,,,,,,,,,,,,,,,,,,,,,,,1,0,0,,,0.574614,,,,,,,,,,,,,,,,,,,,,,,
141.439997,-,0,0,0,,,,109418.721912,1908.817836,1605.618949,-274.102653,0.219251,5.970999,,84621.288955,0.000218,0,79.723766,0,0,,1,0,0,0,100.276244,0,-0.06487,-1,-1,-1,0,0,-3.716789,-9.069776,-3.231221,0,14961.379883,150.572693,14961.382813,0,113.608217,-6177.415242,46.389673,354.694714,1,,0,,,,,,EntryBurn,0,0,9031.615786,274.102654,,,,,,,,,,,,,,,,,,,,,,,,0,None,,,,,,,,,,,,,,,,,,,,,,,,1,0,0,,,0.574545,,,,,,,,,,,,,,,,,,,,,,,
141.699997,-,0,0,0,,,,109347.027248,1909.173129,1606.037489,-276.426972,0.221953,5.979758,,84621.288955,0.000209,0,80.962184,0,0,,1,0,0,0,99.037824,0,-0.050295,-1,-1,-1,0,0,-2.881684,-7.559688,-2.682171,0,14965.626953,150.574951,14965.697266,0,113.608188,-6177.41535,46.389669,354.694708,1,,0,,,,,,EntryBurn,0,0,9180.038292,276.42697,,,,,,,,,,,,,,,,,,,,,,,,0,None,,,,,,,,,,,,,,,,,,,,,,,,1,0,0,,,0.574478,,,,,,,,,,,,,,,,,,,,,,,
141.959997,-,0,0,0,,,,109274.706989,1909.531494,1606.459574,-278.751422,0.224712,5.988552,,84621.288955,0.000249,0,81.996034,0,0,,1,0,0,0,98.003972,0,-0.093876,-1,-1,-1,0,0,-5.37872,-8.282787,-2.653419,0,14965.195313,150.828384,14965.37207,0,113.608152,-6177.415435,46.389659,354.694694,1,,0,,,,,,EntryBurn,0,0,9329.689406,278.751423,,,,,,,,,,,,,,,,,,,,,,,,0,None,,,,,,,,,,,,,,,,,,,,,,,,1,0,0,,,0.574413,,,,,,,,,,,,,,,,,,,,,,,
142.219997,-,0,0,0,,,,109201.788281,1909.893017,1606.885359,-281.076073,0.22753,5.997381,,84621.288955,0.000179,0,83.405371,0,0,,1,0,0,0,96.594635,0,-0.072374,-1,-1,-1,0,0,-4.146705,-8.49384,-3.085442,0,14969.720703,150.557434,14969.660156,0,113.608111,-6177.415479,46.389651,354.694685,1,,0,,,,,,EntryBurn,0,0,9480.573585,281.076072,,,,,,,,,,,,,,,,,,,,,,,,0,None,,,,,,,,,,,,,,,,,,,,,,,,1,0,0,,,0.574348,,,,,,,,,,,,,,,,,,,,,,,
142.479997,-,0,0,0,,,,109128.244159,1910.257502,1607.31461,-283.40059,0.230408,6.006242,,84621.288955,0.000183,0,84.639616,0,0,,1,0,0,0,95.360383,0,-0.087089,-1,-1,-1,0,0,-4.989814,-7.497998,-2.714219,0,14965.708008,150.775314,14965.65918,0,113.608064,-6177.415513,46.389644,354.694675,1,,0,,,,,,EntryBurn,0,0,9632.669948,283.40059,,,,,,,,,,,,,,,,,,,,,,,,0,None,,,,,,,,,,,,,,,,,,,,,,,,1,0,0,,,0.574283,,,,,,,,,,,,,,,,,,,,,,,
142.739997,-,0,0,0,,,,109054.125871,1910.624992,1607.747412,-285.725287,0.233348,6.015133,,84621.288955,0.000133,0,86.070947,0,0,,1,0,0,0,93.929057,0,-0.068628,-1,-1,-1,0,0,-3.932071,-8.225453,-2.872123,0,14966.097656,150.708145,14966.151367,0,113.608025,-6177.415538,46.389641,354.694671,1,,0,,,,,,EntryBurn,0,0,9785.999447,285.725287,,,,,,,,,,,,,,,,,,,,,,,,0,None,,,,,,,,,,,,,,,,,,,,,,,,1,0,0,,,0.574219,,,,,,,,,,,,,,,,,,,,,,,
142.999997,-,0,0,0,,,,108979.396832,1910.994821,1608.183212,-288.050278,0.236352,6.024054,,84621.288955,0.000233,0,87.184182,0,0,,1,0,0,0,92.815819,0,-0.064479,-1,-1,-1,0,0,-3.694374,-8.994105,-2.251454,0,14967.604492,150.607941,14967.518555,0,113.607996,-6177.415698,46.389657,354.694692,1,,0,,,,,,EntryBurn,0,0,9940.57073,288.05028,,,,,,,,,,,,,,,,,,,,,,,,0,None,,,,,,,,,,,,,,,,,,,,,,,,1,0,0,,,0.574155,,,,,,,,,,,,,,,,,,,,,,,
143.259997,-,0,0,0,,,,108904.070528,1911.367677,1608.622501,-290.375541,0.23942,6.033001,,84621.288955,0.000297,0,88.558915,-0.000001,0,,1,0,0,0,91.441092,-0.000001,-0.083678,-1,-1,-1,0,0,-4.794384,-8.736374,-3.398902,0,14963.421875,150.606796,14963.444336,0,113.60798,-6177.415847,46.389665,354.694703,1,,0,,,,,,EntryBurn,0,0,10096.382357,290.375541,,,,,,,,,,,,,,,,,,,,,,,,0,None,,,,,,,,,,,,,,,,,,,,,,,,1,0,0,,,0.574091,,,,,,,,,,,,,,,,,,,,,,,
143.519997,-,0,0,0,,,,108828.133303,1911.743453,1609.065197,-292.700998,0.242556,6.041976,,84621.288955,0.000336,0,89.832359,-0.000001,0,,1,0,0,0,90.167655,-0.000001,-0.059659,-1,-1,-1,0,0,-3.418214,-8.050689,-2.434712,0,14968.266602,150.396606,14968.350586,0,113.607965,-6177.416005,46.389669,354.694708,1,,0,,,,,,EntryBurn,0,0,10253.430311,292.700997,,,,,,,,,,,,,,,,,,,,,,,,0,None,,,,,,,,,,,,,,,,,,,,,,,,1,0,0,,,0.574027,,,,,,,,,,,,,,,,,,,,,,,
143.779997,-,0,0,0,,,,108751.604042,1912.122472,1609.511631,-295.026352,0.245759,6.050978,,84621.288955,0.000201,0,91.22261,-0.000001,0,,1,0,0,0,88.777394,-0.000001,-0.086315,-1,-1,-1,0,0,-4.945513,-8.603405,-2.770387,0,14963.599609,150.689774,14963.703125,0,113.607944,-6177.416092,46.389672,354.694713,1,,0,,,,,,EntryBurn,0,0,10411.695135,295.026352,,,,,,,,,,,,,,,,,,,,,,,,0,None,,,,,,,,,,,,,,,,,,,,,,,,1,0,0,,,0.573964,,,,,,,,,,,,,,,,,,,,,,,
144.039997,-,0,0,0,,,,108674.466734,1912.504554,1609.961624,-297.35175,0.249033,6.060005,,84621.288955,0.000128,0,92.499108,-0.000001,0,,1,0,0,0,87.500895,-0.000001,-0.088043,-1,-1,-1,0,0,-5.044479,-9.434594,-2.851398,0,14966.96582,150.50795,14967.020508,0,113.607934,-6177.416151,46.389674,354.694716,1,,0,,,,,,EntryBurn,0,0,10571.187444,297.35175,,,,,,,,,,,,,,,,,,,,,,,,0,None,,,,,,,,,,,,,,,,,,,,,,,,1,0,0,,,0.573901,,,,,,,,,,,,,,,,,,,,,,,
144.299997,-,0,0,0,,,,108596.757114,1912.889718,1610.415204,-299.676976,0.252378,6.069054,,84621.288955,0.000061,0,93.788233,-0.000001,0,,1,0,0,0,86.211781,-0.000001,-0.088353,-1,-1,-1,0,0,-5.062248,-7.435813,-2.237674,0,14966.630859,151.085876,14966.75,0,113.607919,-6177.41617,46.389678,354.69472,1,,0,,,,,,EntryBurn,0,0,10731.892456,299.676976,,,,,,,,,,,,,,,,,,,,,,,,0,None,,,,,,,,,,,,,,,,,,,,,,,,1,0,0,,,0.573838,,,,,,,,,,,,,,,,,,,,,,,
144.559997,-,0,0,0,,,,108518.419045,1913.277827,1610.872239,-302.002436,0.255797,6.078128,,84621.288955,0.000073,0,95.144641,-0.000001,0,,1,0,0,0,84.855368,-0.000001,-0.081955,-1,-1,-1,0,0,-4.695693,-7.946154,-2.198611,0,14962.072266,150.607315,14962.032227,0,113.607902,-6177.416193,46.389681,354.694725,1,,0,,,,,,EntryBurn,0,0,10893.83836,302.002435,,,,,,,,,,,,,,,,,,,,,,,,0,None,,,,,,,,,,,,,,,,,,,,,,,,1,0,0,,,0.573773,,,,,,,,,,,,,,,,,,,,,,,
144.819997,-,0,0,0,,,,108439.472417,1913.668995,1611.332777,-304.32781,0.259292,6.087223,,84621.288955,0.000093,0,96.564982,-0.000001,0,,1,0,0,0,83.435018,-0.000001,-0.079471,-1,-1,-1,0,0,-4.553374,-7.513892,-2.600952,0,14968.088867,150.602615,14967.99707,0,113.607883,-6177.416184,46.389676,354.694719,1,,0,,,,,,EntryBurn,0,0,11057.003746,304.327809,,,,,,,,,,,,,,,,,,,,,,,,0,None,,,,,,,,,,,,,,,,,,,,,,,,1,0,0,,,0.573709,,,,,,,,,,,,,,,,,,,,,,,
145.079997,-,0,0,0,,,,108359.925161,1914.062979,1611.796626,-306.653476,0.262865,6.096339,,84621.288955,0.000182,0,97.996295,-0.000001,0,,1,0,0,0,82.003708,-0.000001,-0.096973,-1,-1,-1,0,0,-5.556128,-8.588808,-2.571763,0,14967.862305,150.639252,14967.796875,0,113.60786,-6177.416208,46.38967,354.69471,1,,0,,,,,,EntryBurn,0,0,11221.416339,306.653476,,,,,,,,,,,,,,,,,,,,,,,,0,None,,,,,,,,,,,,,,,,,,,,,,,,1,0,0,,,0.573644,,,,,,,,,,,,,,,,,,,,,,,
145.339997,-,0,0,0,,,,108279.77441,1914.460106,1612.264086,-308.979065,0.266517,6.105473,,84621.288955,0.000196,0,99.428007,-0.000001,0,,1,0,0,0,80.572,-0.000001,-0.083964,-1,-1,-1,0,0,-4.810792,-9.287581,-1.981947,0,14963.944336,150.581894,14963.820313,0,113.607844,-6177.41618,46.389659,354.694695,1,,0,,,,,,EntryBurn,0,0,11387.049915,308.979065,,,,,,,,,,,,,,,,,,,,,,,,0,None,,,,,,,,,,,,,,,,,,,,,,,,1,0,0,,,0.57358,,,,,,,,,,,,,,,,,,,,,,,
145.599997,-,0,0,0,,,,108199.027572,1914.860323,1612.735158,-311.304719,0.270251,6.114625,,84621.288955,0.000227,0,100.830176,-0.000001,0,,1,0,0,0,79.169832,-0.000001,-0.072484,-1,-1,-1,0,0,-4.153048,-8.066006,-1.378995,0,14968.711914,150.609604,14968.611328,0,113.607836,-6177.416118,46.389652,354.694685,1,,0,,,,,,EntryBurn,0,0,11553.914955,311.304719,,,,,,,,,,,,,,,,,,,,,,,,0,None,,,,,,,,,,,,,,,,,,,,,,,,1,0,0,,,0.573515,,,,,,,,,,,,,,,,,,,,,,,
145.859997,-,0,0,0,,,,108117.67777,1915.262689,1613.208937,-313.630068,0.274069,6.123794,,84621.288955,0.000056,0,102.338117,-0.000001,0,,1,0,0,0,77.661886,-0.000001,-0.092792,-1,-1,-1,0,0,-5.316607,-8.838338,-1.56694,0,14964.458984,150.646469,14964.375977,0,113.607802,-6177.416209,46.389653,354.694687,1,,0,,,,,,EntryBurn,0,0,11721.985246,313.630067,,,,,,,,,,,,,,,,,,,,,,,,0,None,,,,,,,,,,,,,,,,,,,,,,,,1,0,0,,,0.573451,,,,,,,,,,,,,,,,,,,,,,,
146.119997,-,0,0,0,,,,108035.740348,1915.667201,1613.685423,-315.955118,0.277972,6.132973,,84621.288955,0.000455,0,103.592184,-0.000001,0,,1,0,0,0,76.407825,-0.000001,-0.089643,-1,-1,-1,0,0,-5.136144,-8.464188,-1.169269,0,14962.546875,150.626358,14962.655273,0,113.607767,-6177.416453,46.389662,354.6947,1,,0,,,,,,EntryBurn,0,0,11891.262332,315.955119,,,,,,,,,,,,,,,,,,,,,,,,0,None,,,,,,,,,,,,,,,,,,,,,,,,1,0,0,,,0.573386,,,,,,,,,,,,,,,,,,,,,,,
146.359997,-,0,0,0,,,,107953.159266,1916.074998,1614.165667,-318.280284,0.281965,6.142169,,84621.288955,0.000393,0,104.964744,-0.000001,0,,1,0,0,0,75.035265,-0.000001,-0.083834,-1,-1,-1,0,0,-4.803307,-8.392036,-0.755081,0,14965.123047,150.660004,14965.066406,0,113.607716,-6177.416622,46.389669,354.694709,1,,0,,,,,,EntryBurn,0,0,12061.775263,318.280283,,,,,,,,,,,,,,,,,,,,,,,,0,None,,,,,,,,,,,,,,,,,,,,,,,,1,0,0,,,0.573321,,,,,,,,,,,,,,,,,,,,,,,
146.639997,-,0,0,0,,,,107870.014874,1916.485408,1614.648973,-320.605693,0.286046,6.151375,,84621.288955,0.000371,0,106.377906,-0.000001,0,,1,0,0,0,73.622105,-0.000001,-0.077841,-1,-1,-1,0,0,-4.45998,-8.127571,-1.700227,0,14964.416992,150.725327,14964.333008,0,113.607688,-6177.416863,46.389667,354.694707,1,,0,,,,,,EntryBurn,0,0,12233.534489,320.605694,,,,,,,,,,,,,,,,,,,,,,,,0,None,,,,,,,,,,,,,,,,,,,,,,,,1,0,0,,,0.573256,,,,,,,,,,,,,,,,,,,,,,,
146.899997,-,0,0,0,,,,107786.263097,1916.898859,1615.135801,-322.930928,0.290221,6.160594,,84621.288955,0.000361,0,108.110203,-0.000001,0,,1,0,0,0,71.889793,-0.000001,-0.089261,-1,-1,-1,0,0,-5.114291,-8.507011,-2.152546,0,14963.925781,150.735947,14963.744141,0,113.607639,-6177.417069,46.389665,354.694703,1,,0,,,,,,EntryBurn,0,0,12406.510082,322.930928,,,,,,,,,,,,,,,,,,,,,,,,0,None,,,,,,,,,,,,,,,,,,,,,,,,1,0,0,,,0.57319,,,,,,,,,,,,,,,,,,,,,,,
147.159997,-,0,0,0,,,,107701.895909,1917.315408,1615.626223,-325.256098,0.294491,6.169824,,84621.288955,0.000362,0,109.348773,-0.000001,0,,1,0,0,0,70.651233,-0.000001,-0.085841,-1,-1,-1,0,0,-4.918355,-8.405559,-1.382023,0,14966.553711,150.843399,14966.822266,0,113.607584,-6177.417232,46.389664,354.694702,1,,0,,,,,,EntryBurn,0,0,12580.710374,325.256097,,,,,,,,,,,,,,,,,,,,,,,,0,None,,,,,,,,,,,,,,,,,,,,,,,,1,0,0,,,0.573125,,,,,,,,,,,,,,,,,,,,,,,
147.419997,-,0,0,0,,,,107616.924747,1917.735038,1616.120224,-327.581429,0.298859,6.179063,,84621.288955,0.00029,0,110.976872,-0.000001,0,,1,0,0,0,69.023142,-0.000001,-0.113465,-1,-1,-1,0,0,-6.50108,-8.05155,-1.120695,0,14956.619141,150.696365,14956.666992,0,113.607544,-6177.417362,46.389663,354.694701,1,,0,,,,,,EntryBurn,0,0,12756.152184,327.581427,,,,,,,,,,,,,,,,,,,,,,,,0,None,,,,,,,,,,,,,,,,,,,,,,,,1,0,0,,,0.573059,,,,,,,,,,,,,,,,,,,,,,,
147.679997,-,0,0,0,,,,107531.353476,1918.1577,1616.617714,-329.906668,0.303327,6.188311,,84621.288955,0.000309,0,112.227284,-0.000001,0,,1,0,0,0,67.772723,-0.000001,-0.088667,-1,-1,-1,0,0,-5.08027,-8.073602,-1.391219,0,14968.305664,150.562775,14968.387695,0,113.607489,-6177.417461,46.389659,354.694696,1,,0,,,,,,EntryBurn,0,0,12932.817732,329.906667,,,,,,,,,,,,,,,,,,,,,,,,0,None,,,,,,,,,,,,,,,,,,,,,,,,1,0,0,,,0.572993,,,,,,,,,,,,,,,,,,,,,,,
147.939997,-,0,0,0,,,,107445.196271,1918.583492,1617.118837,-332.232059,0.307897,6.197566,,84621.288955,0.000258,0,113.592542,-0.000001,0,,1,0,0,0,66.407478,-0.000001,-0.096812,-1,-1,-1,0,0,-5.546903,-8.021397,-1.535236,0,14965.670898,150.654953,14965.644531,0,113.607442,-6177.417516,46.389657,354.694693,1,,0,,,,,,EntryBurn,0,0,13110.725988,332.232058,,,,,,,,,,,,,,,,,,,,,,,,0,None,,,,,,,,,,,,,,,,,,,,,,,,1,0,0,,,0.572927,,,,,,,,,,,,,,,,,,,,,,,
148.179997,-,0,0,0,,,,107358.411327,1919.011893,1617.62301,-334.557814,0.312572,6.206827,,84621.288955,0.000256,0,115.204937,-0.000001,0,,1,0,0,0,64.795074,-0.000001,-0.092125,-1,-1,-1,0,0,-5.278375,-9.058975,-1.193234,0,14962.083008,151.091797,14962.441406,0,113.607407,-6177.417646,46.389645,354.694677,1,,0,,,,,,EntryBurn,0,0,13289.893529,334.557814,,,,,,,,,,,,,,,,,,,,,,,,0,None,,,,,,,,,,,,,,,,,,,,,,,,1,0,0,,,0.57286,,,,,,,,,,,,,,,,,,,,,,,
148.459997,-,0,0,0,,,,107271.059698,1919.443606,1618.130969,-336.883689,0.317355,6.216092,,84621.288955,0.000255,0,116.511599,-0.000001,0,,1,0,0,0,63.488395,-0.000001,-0.106153,-1,-1,-1,0,0,-6.082138,-8.56981,-0.405605,0,14962.689453,150.76593,14962.799805,0,113.60738,-6177.417692,46.389632,354.694659,1,,0,,,,,,EntryBurn,0,0,13470.302449,336.883689,,,,,,,,,,,,,,,,,,,,,,,,0,None,,,,,,,,,,,,,,,,,,,,,,,,1,0,0,,,0.572793,,,,,,,,,,,,,,,,,,,,,,,
148.719997,-,0,0,0,,,,107183.082545,1919.878304,1618.642376,-339.209269,0.32225,6.225363,,84621.288955,0.000305,0,118.041231,-0.000001,0,,1,0,0,0,61.958798,-0.000001,-0.098284,-1,-1,-1,0,0,-5.631242,-9.192789,-1.365117,0,14965.216797,150.711456,14965.46582,0,113.607318,-6177.417709,46.389618,354.69464,1,,0,,,,,,EntryBurn,0,0,13651.921924,339.209268,,,,,,,,,,,,,,,,,,,,,,,,0,None,,,,,,,,,,,,,,,,,,,,,,,,1,0,0,,,0.572726,,,,,,,,,,,,,,,,,,,,,,,
148.979997,-,0,0,0,,,,107094.492281,1920.315623,1619.157029,-341.535438,0.327258,6.234637,,84621.288955,0.000121,0,119.51301,-0.000001,0,,1,0,0,0,60.486996,-0.000001,-0.092759,-1,-1,-1,0,0,-5.314672,-7.827577,-1.43874,0,14968.716797,150.433807,14968.794922,0,113.607283,-6177.417806,46.38962,354.694643,1,,0,,,,,,EntryBurn,0,0,13834.820489,341.535437,,,,,,,,,,,,,,,,,,,,,,,,0,None,,,,,,,,,,,,,,,,,,,,,,,,1,0,0,,,0.572659,,,,,,,,,,,,,,,,,,,,,,,
149.239997,-,0,0,0,,,,107005.32917,1920.75557,1619.674856,-343.861654,0.332381,6.243907,,84621.288955,0.000296,0,121.079103,-0.000001,0,,1,0,0,0,58.920905,-0.000001,-0.10669,-1,-1,-1,0,0,-6.112861,-8.453824,-0.747024,0,14967.552734,150.665512,14967.647461,0,113.607259,-6177.417961,46.389631,354.694657,1,,0,,,,,,EntryBurn,0,0,14018.95698,343.861654,,,,,,,,,,,,,,,,,,,,,,,,0,None,,,,,,,,,,,,,,,,,,,,,,,,1,0,0,,,0.572593,,,,,,,,,,,,,,,,,,,,,,,
149.499997,-,0,0,0,,,,106915.55753,1921.198542,1620.196188,-346.188013,0.337624,6.253179,,84621.288955,0.000263,0,122.325734,-0.000001,0,,1,0,0,0,57.674263,-0.000001,-0.079989,-1,-1,-1,0,0,-4.58301,-7.663459,-1.302487,0,14964.810547,150.723358,14964.992188,0,113.607234,-6177.418092,46.38964,354.69467,1,,0,,,,,,EntryBurn,0,0,14204.340023,346.188013,,,,,,,,,,,,,,,,,,,,,,,,0,None,,,,,,,,,,,,,,,,,,,,,,,,1,0,0,,,0.57253,,,,,,,,,,,,,,,,,,,,,,,
149.759997,-,0,0,0,,,,106825.185306,1921.644335,1620.720788,-348.514714,0.342989,6.26245,,84621.288955,0.000261,0,123.991712,-0.000001,0,,1,0,0,0,56.008294,-0.000001,-0.079158,-1,1,-1,0,0,-4.53543,-8.795301,0.119983,0,14968.448242,150.650589,14968.367188,0,113.607222,-6177.418252,46.389643,354.694674,1,,0,,,,,,EntryBurn,0,0,14390.985676,348.514716,,,,,,,,,,,,,,,,,,,,,,,,0,None,,,,,,,,,,,,,,,,,,,,,,,,1,0,0,,,0.572469,,,,,,,,,,,,,,,,,,,,,,,
150.019997,-,0,0,0,,,,106734.197172,1922.093066,1621.248796,-350.841372,0.34848,6.271719,,84621.288955,0.000241,0,125.377133,-0.000001,0,,1,0,0,0,54.622893,-0.000001,-0.095642,-1,-1,-1,0,0,-5.47986,-8.766313,-1.153631,0,14966.671875,150.460739,14966.742188,0,113.607207,-6177.418399,46.389645,354.694677,1,,0,,,,,,EntryBurn,0,0,14578.863919,350.841372,,,,,,,,,,,,,,,,,,,,,,,,0,None,,,,,,,,,,,,,,,,,,,,,,,,1,0,0,,,0.572408,,,,,,,,,,,,,,,,,,,,,,,
150.259997,-,0,0,0,,,,106642.626559,1922.544978,1621.780428,-353.167893,0.3541,6.280986,,84621.288955,0.000134,0,126.774377,-0.000001,0,,1,0,0,0,53.22564,-0.000001,-0.085871,-1,-1,-1,0,0,-4.920055,-10.217619,-1.123526,0,14971.84375,150.767593,14971.975586,0,113.60718,-6177.418477,46.389644,354.694675,1,,0,,,,,,EntryBurn,0,0,14767.968212,353.167892,,,,,,,,,,,,,,,,,,,,,,,,0,None,,,,,,,,,,,,,,,,,,,,,,,,1,0,0,,,0.572347,,,,,,,,,,,,,,,,,,,,,,,
150.539997,-,0,0,0,,,,106550.433252,1922.999957,1622.315594,-355.494454,0.359851,6.29025,,84621.288955,0.000053,0,128.246667,-0.000001,0,,1,0,0,0,51.753326,-0.000001,-0.089265,-1,1,-1,0,0,-5.114522,-10.036793,0.381573,0,14961.999023,150.592255,14962.183594,0,113.607146,-6177.418518,46.389641,354.694672,1,,0,,,,,,EntryBurn,0,0,14958.31292,355.494456,,,,,,,,,,,,,,,,,,,,,,,,0,None,,,,,,,,,,,,,,,,,,,,,,,,1,0,0,,,0.572284,,,,,,,,,,,,,,,,,,,,,,,
150.799997,-,0,0,0,,,,106457.664275,1923.457987,1622.854285,-357.821011,0.365737,6.299507,,84621.288955,0.000067,0,129.5815,-0.000001,0,,1,0,0,0,50.418513,-0.000001,-0.092409,-1,-1,-1,0,0,-5.294621,-7.914558,-0.36028,0,14966.90625,150.786911,14967.091797,0,113.607127,-6177.418521,46.389639,354.694669,1,,0,,,,,,EntryBurn,0,0,15149.895075,357.821012,,,,,,,,,,,,,,,,,,,,,,,,0,None,,,,,,,,,,,,,,,,,,,,,,,,1,0,0,,,0.572219,,,,,,,,,,,,,,,,,,,,,,,
151.059997,-,0,0,0,,,,106364.286215,1923.919301,1623.396698,-360.147686,0.371763,6.308761,,84621.288955,0.000202,0,131.365797,-0.000001,0,,1,0,0,0,48.63422,-0.000001,-0.097857,-1,1,-1,0,0,-5.606812,-7.38974,0.245668,0,14966.779297,150.683563,14966.789063,0,113.607096,-6177.418442,46.389632,354.694659,1,,0,,,,,,EntryBurn,0,0,15342.724897,360.147684,,,,,,,,,,,,,,,,,,,,,,,,0,None,,,,,,,,,,,,,,,,,,,,,,,,1,0,0,,,0.572151,,,,,,,,,,,,,,,,,,,,,,,
151.319997,-,0,0,0,,,,106270.307087,1924.383171,1623.942135,-362.474499,0.37793,6.318008,,84621.288955,0.000175,0,132.52162,-0.000001,0,,1,0,0,0,47.478401,-0.000001,-0.096682,-1,-1,-1,0,0,-5.539477,-8.462332,-1.338808,0,14968.331055,150.636551,14968.34668,0,113.60707,-6177.418439,46.389623,354.694647,1,,0,,,,,,EntryBurn,0,0,15536.805514,362.474499,,,,,,,,,,,,,,,,,,,,,,,,0,None,,,,,,,,,,,,,,,,,,,,,,,,1,0,0,,,0.572083,,,,,,,,,,,,,,,,,,,,,,,
151.579997,-,0,0,0,,,,106175.73019,1924.849964,1624.490965,-364.801612,0.384242,6.327246,,84621.288955,0.000214,0,134.126557,-0.000001,0,,1,0,0,0,45.873437,-0.000001,-0.08712,-1,-1,-1,0,0,-4.99163,-6.814825,-0.559568,0,14970.475586,150.526505,14970.545898,0,113.607062,-6177.418436,46.389612,354.694631,1,,0,,,,,,EntryBurn,0,0,15732.150952,364.801613,,,,,,,,,,,,,,,,,,,,,,,,0,None,,,,,,,,,,,,,,,,,,,,,,,,1,0,0,,,0.572014,,,,,,,,,,,,,,,,,,,,,,,
151.839997,-,0,0,0,,,,106080.537991,1925.319711,1625.043236,-367.128636,0.390704,6.336474,,84621.288955,0.000175,0,135.358941,-0.000001,0,,1,0,0,0,44.641052,-0.000001,-0.10342,-1,1,-1,0,0,-5.925503,-7.753617,0.219834,0,14965.535156,150.578384,14965.476563,0,113.607038,-6177.418413,46.389604,354.694621,1,,0,,,,,,EntryBurn,0,0,15928.728639,367.128635,,,,,,,,,,,,,,,,,,,,,,,,0,None,,,,,,,,,,,,,,,,,,,,,,,,1,0,0,,,0.571945,,,,,,,,,,,,,,,,,,,,,,,
152.099997,-,0,0,0,,,,105984.750323,1925.791856,1625.598528,-369.456055,0.397319,6.345693,,84621.288955,0.000154,0,136.893938,-0.000001,0,,1,0,0,0,43.106067,-0.000001,-0.107751,-1,1,-1,0,0,-6.173698,-9.681698,0.495211,0,14967.700195,150.625626,14967.78125,0,113.607031,-6177.418509,46.389614,354.694635,1,,0,,,,,,EntryBurn,0,0,16126.581484,369.456055,,,,,,,,,,,,,,,,,,,,,,,,0,None,,,,,,,,,,,,,,,,,,,,,,,,1,0,0,,,0.571877,,,,,,,,,,,,,,,,,,,,,,,
152.359997,-,0,0,0,,,,105888.371779,1926.266983,1626.157274,-371.783502,0.404089,6.3549,,84621.288955,0.000273,0,138.316145,-0.000001,0,,1,0,0,0,41.68387,-0.000001,-0.090671,-1,1,-1,0,0,-5.195042,-8.575095,0.311222,0,14967.978516,150.548508,14967.946289,0,113.607025,-6177.418581,46.389626,354.694651,1,,0,,,,,,EntryBurn,0,0,16325.678118,371.783502,,,,,,,,,,,,,,,,,,,,,,,,0,None,,,,,,,,,,,,,,,,,,,,,,,,1,0,0,,,0.571811,,,,,,,,,,,,,,,,,,,,,,,
152.619997,-,0,0,0,,,,105791.375649,1926.744978,1626.719342,-374.110987,0.411021,6.364097,,84621.288955,0.000246,0,139.660883,-0.000001,0,,1,0,0,0,40.339125,-0.000001,-0.097504,-1,1,-1,0,0,-5.586576,-8.933296,0.920704,0,14964.669922,150.65918,14964.759766,0,113.607001,-6177.418656,46.389635,354.694664,1,,0,,,,,,EntryBurn,0,0,16526.021001,374.110989,,,,,,,,,,,,,,,,,,,,,,,,0,None,,,,,,,,,,,,,,,,,,,,,,,,1,0,0,,,0.571746,,,,,,,,,,,,,,,,,,,,,,,
152.879997,-,0,0,0,,,,105693.779562,1927.225962,1627.28483,-376.438661,0.418118,6.373282,,84621.288955,0.000217,0,140.957495,-0.000001,0,,1,0,0,0,39.042519,-0.000001,-0.090128,-1,1,-1,0,0,-5.163951,-8.721265,0.303333,0,14965.033203,150.604446,14965.036133,0,113.606993,-6177.418712,46.389639,354.694669,1,,0,,,,,,EntryBurn,0,0,16727.6228,376.438662,,,,,,,,,,,,,,,,,,,,,,,,0,None,,,,,,,,,,,,,,,,,,,,,,,,1,0,0,,,0.571682,,,,,,,,,,,,,,,,,,,,,,,
153.139997,-,0,0,0,,,,105595.570488,1927.709807,1627.853611,-378.766316,0.425383,6.382455,,84621.288955,0.000186,0,142.345397,-0.000001,0,,1,0,0,0,37.65461,-0.000001,-0.094046,-1,1,-1,0,0,-5.388445,-8.088392,0.691082,0,14965.789063,150.611847,14965.80957,0,113.606974,-6177.418769,46.389638,354.694667,1,,0,,,,,,EntryBurn,0,0,16930.466422,378.766315,,,,,,,,,,,,,,,,,,,,,,,,0,None,,,,,,,,,,,,,,,,,,,,,,,,1,0,0,,,0.571619,,,,,,,,,,,,,,,,,,,,,,,
153.379997,-,0,0,0,,,,105496.789823,1928.196591,1628.425786,-381.093935,0.432821,6.391613,,84621.288955,0.000103,0,143.640191,-0.000001,0,,1,0,0,0,36.359822,-0.000001,-0.089467,-1,1,-1,0,0,-5.12608,-8.916761,0.752325,0,14965.054688,150.686462,14965.179688,0,113.606966,-6177.418807,46.389636,354.694665,1,,0,,,,,,EntryBurn,0,0,17134.551745,381.093935,,,,,,,,,,,,,,,,,,,,,,,,0,None,,,,,,,,,,,,,,,,,,,,,,,,1,0,0,,,0.571557,,,,,,,,,,,,,,,,,,,,,,,
153.659997,-,0,0,0,,,,105397.388727,1928.68648,1629.001532,-383.421513,0.440436,6.400758,,84621.288955,0.000114,0,145.135217,-0.000001,0,,1,0,0,0,34.864795,-0.000001,-0.076566,-1,1,-1,0,0,-4.386884,-8.751417,0.837567,0,14967.875977,150.503967,14967.950195,0,113.606945,-6177.418791,46.389636,354.694665,1,,0,,,,,,EntryBurn,0,0,17339.877742,383.421512,,,,,,,,,,,,,,,,,,,,,,,,0,None,,,,,,,,,,,,,,,,,,,,,,,,1,0,0,,,0.571496,,,,,,,,,,,,,,,,,,,,,,,
153.919997,-,0,0,0,,,,105297.403013,1929.179245,1629.58059,-385.749,0.448231,6.409887,,84621.288955,0.000123,0,146.364126,-0.000001,0,,1,0,0,0,33.635879,-0.000001,-0.08946,-1,1,-1,0,0,-5.12568,-7.774032,0.343987,0,14964.411133,150.620514,14964.472656,0,113.606925,-6177.418766,46.389634,354.694662,1,,0,,,,,,EntryBurn,0,0,17546.441568,385.748999,,,,,,,,,,,,,,,,,,,,,,,,0,None,,,,,,,,,,,,,,,,,,,,,,,,1,0,0,,,0.571437,,,,,,,,,,,,,,,,,,,,,,,
154.179997,-,0,0,0,,,,105196.80433,1929.674306,1630.162367,-388.075817,0.456214,6.419002,,84621.288955,0.000217,0,147.791764,-0.000001,0,,1,0,0,0,32.208252,-0.000001,-0.091787,-1,1,-1,0,0,-5.259018,-8.963902,1.171807,0,14966.87207,150.523758,14966.828125,0,113.606872,-6177.418833,46.389628,354.694654,1,,0,,,,,,EntryBurn,0,0,17754.190795,388.075815,,,,,,,,,,,,,,,,,,,,,,,,0,None,,,,,,,,,,,,,,,,,,,,,,,,1,0,0,,,0.571379,,,,,,,,,,,,,,,,,,,,,,,
154.439997,-,0,0,0,,,,105095.595546,1930.17232,1630.747534,-390.402898,0.464384,6.428098,,84621.281326,0.000311,0,149.027978,-0.000001,0,,1,0,0,0,30.972034,-0.000001,-0.107436,-1,1,-1,0,0,-6.155643,-10.324335,1.397546,0,14966.135742,150.67131,14966.142578,0,113.606825,-6177.418891,46.389618,354.69464,1,,0,,,,,,EntryBurn,0,0,17963.205349,390.402899,,,,,,,,,,,,,,,,,,,,,,,,0,None,,,,,,,,,,,,,,,,,,,,,,,,1,0,0,,,0.571322,,,,,,,,,,,,,,,,,,,,,,,
154.699997,-,0,0,0,,,,104993.827017,1930.672722,1631.335534,-392.72987,0.47275,6.437177,,84621.281326,0.000375,0,150.387801,-0.000001,0,,1,0,0,0,29.612194,-0.000001,-0.103837,-1,1,-1,0,0,-5.949436,-10.365478,1.413678,0,14964.535156,150.646805,14964.663086,0,113.60678,-6177.419042,46.389606,354.694624,1,,0,,,,,,EntryBurn,0,0,18173.46043,392.72987,,,,,,,,,,,,,,,,,,,,,,,,0,None,,,,,,,,,,,,,,,,,,,,,,,,1,0,0,,,0.571268,,,,,,,,,,,,,,,,,,,,,,,
154.959997,-,0,0,0,,,,104891.415551,1931.175815,1631.926821,-395.057348,0.481312,6.44624,,84621.281326,0.00033,0,151.496575,-0.000001,0,,1,0,0,0,28.50343,-0.000001,-0.09746,-1,1,-1,0,0,-5.584069,-7.947616,0.247104,0,14965.551758,150.788162,14965.362305,0,113.606739,-6177.419251,46.389611,354.694631,1,,0,,,,,,EntryBurn,0,0,18385.009351,395.057348,,,,,,,,,,,,,,,,,,,,,,,,0,None,,,,,,,,,,,,,,,,,,,,,,,,1,0,0,,,0.571215,,,,,,,,,,,,,,,,,,,,,,,
155.219997,-,0,0,0,,,,104788.410409,1931.681736,1632.521414,-397.384844,0.490074,6.455285,,84621.281326,0.000393,0,152.670852,-0.000001,0,,1,0,0,0,27.329155,-0.000001,-0.10335,-1,1,-1,0,0,-5.921495,-8.485028,0.89764,0,14966.62207,150.653107,14966.615234,0,113.606695,-6177.419465,46.389619,354.694642,1,,0,,,,,,EntryBurn,0,0,18597.807377,397.384842,,,,,,,,,,,,,,,,,,,,,,,,0,None,,,,,,,,,,,,,,,,,,,,,,,,1,0,0,,,0.571165,,,,,,,,,,,,,,,,,,,,,,,
155.479997,-,0,0,0,,,,104684.793456,1932.190493,1633.119291,-399.712331,0.499041,6.464312,,84621.281326,0.000423,0,153.671024,-0.000001,0,,1,0,0,0,26.328976,-0.000001,-0.092139,-1,1,-1,0,0,-5.279203,-8.631021,1.806666,0,14965.394531,150.479706,14965.408203,0,113.606659,-6177.419679,46.389627,354.694653,1,,0,,,,,,EntryBurn,0,0,18811.854055,399.712331,,,,,,,,,,,,,,,,,,,,,,,,0,None,,,,,,,,,,,,,,,,,,,,,,,,1,0,0,,,0.571121,,,,,,,,,,,,,,,,,,,,,,,
155.739997,-,0,0,0,,,,104580.594155,1932.702529,1633.720851,-402.039848,0.508223,6.473323,,84621.281326,0.000306,0,154.561485,0,0,,1,0,0,0,25.438514,0,-0.073864,-1,1,-1,0,0,-4.232096,-10.21664,0.598765,0,14966.423828,150.656784,14966.415039,0,113.606604,-6177.419802,46.389629,354.694656,1,,0,,,,,,EntryBurn,0,0,19027.151959,402.039846,,,,,,,,,,,,,,,,,,,,,,,,0,None,,,,,,,,,,,,,,,,,,,,,,,,1,0,0,,,0.571086,,,,,,,,,,,,,,,,,,,,,,,
155.999997,-,0,0,0,,,,104475.801806,1933.21737,1634.325644,-404.367586,0.517625,6.482315,,84621.281326,0.000249,0,155.698199,0,0,,1,0,0,0,24.30183,0,-0.095268,-1,1,-1,0,0,-5.458432,-7.365992,1.921882,0,14963.821289,150.496353,14963.907227,0,113.606571,-6177.419942,46.389627,354.694652,1,,0,,,,,,EntryBurn,0,0,19243.721208,404.367586,,,,,,,,,,,,,,,,,,,,,,,,0,None,,,,,,,,,,,,,,,,,,,,,,,,1,0,0,,,0.571054,,,,,,,,,,,,,,,,,,,,,,,
156.259997,-,0,0,0,,,,104370.378881,1933.735113,1634.933783,-406.695443,0.527257,6.49129,,84621.281326,0.000248,0,156.635238,0,0,,1,0,0,0,23.364762,0,-0.073587,-1,1,-1,0,0,-4.216197,-8.305836,1.145456,0,14965.266602,150.513062,14965.139648,0,113.606533,-6177.420074,46.389623,354.694648,1,,0,,,,,,EntryBurn,0,0,19461.551833,406.695445,,,,,,,,,,,,,,,,,,,,,,,,0,None,,,,,,,,,,,,,,,,,,,,,,,,1,0,0,,,0.571022,,,,,,,,,,,,,,,,,,,,,,,
156.519997,-,0,0,0,,,,104264.382831,1934.25585,1635.545342,-409.02324,0.537126,6.500248,,84621.281326,0.000227,0,157.475537,0,0,,1,0,0,0,22.524452,0,-0.092058,-1,1,-1,0,0,-5.27454,-8.668868,2.06628,0,14965.189453,150.666214,14965.121094,0,113.606491,-6177.420169,46.389617,354.69464,1,,0,,,,,,EntryBurn,0,0,19680.628267,409.023238,,,,,,,,,,,,,,,,,,,,,,,,0,None,,,,,,,,,,,,,,,,,,,,,,,,1,0,0,,,0.570987,,,,,,,,,,,,,,,,,,,,,,,
156.759996,-,0,0,0,,,,104157.764171,1934.779478,1636.160245,-411.351079,0.54724,6.509187,,84621.281326,0.000213,0,158.390826,0,0,,1,0,0,0,21.609191,0,-0.085733,-1,1,-1,0,0,-4.912165,-8.130391,0.924556,0,14966.206055,150.894791,14966.350586,0,113.606438,-6177.420255,46.389613,354.694634,1,,0,,,,,,EntryBurn,0,0,19900.960935,411.351078,,,,,,,,,,,,,,,,,,,,,,,,0,None,,,,,,,,,,,,,,,,,,,,,,,,1,0,0,,,0.57095,,,,,,,,,,,,,,,,,,,,,,,
157.039996,-,0,0,0,,,,104050.537698,1935.306256,1636.778749,-413.679048,0.557608,6.51811,,84621.281326,0.00017,0,158.654104,0,0,,1,0,0,0,21.345891,0,-0.088814,-1,1,-1,0,0,-5.088694,-8.307264,1.671137,0,14966.352539,150.799835,14966.694336,0,113.606398,-6177.420277,46.389609,354.694629,1,,0,,,,,,EntryBurn,0,0,20122.558786,413.679048,,,,,,,,,,,,,,,,,,,,,,,,0,None,,,,,,,,,,,,,,,,,,,,,,,,1,0,0,,,0.570898,,,,,,,,,,,,,,,,,,,,,,,
157.299996,-,0,0,0,,,,103942.736386,1935.83588,1637.400506,-416.00697,0.568239,6.527014,,84621.281326,0.000227,0,159.413053,0,0,,1,0,0,0,20.586967,0,-0.084926,-1,1,-1,0,0,-4.865928,-6.58396,1.363219,0,14966.8125,150.53508,14966.745117,0,113.60635,-6177.420294,46.389601,354.694618,1,,0,,,,,,EntryBurn,0,0,20345.405418,416.00697,,,,,,,,,,,,,,,,,,,,,,,,0,None,,,,,,,,,,,,,,,,,,,,,,,,1,0,0,,,0.570832,,,,,,,,,,,,,,,,,,,,,,,
157.559996,-,0,0,0,,,,103834.314216,1936.368371,1638.025578,-418.335262,0.57914,6.5359,,84621.281326,0.000205,0,159.993624,0,0,,1,0,0,0,20.006375,0,-0.086615,-1,1,-1,0,0,-4.962685,-8.531295,2.700086,0,14967.859375,150.706635,14967.949219,0,113.606321,-6177.42032,46.389592,354.694605,1,,0,,,,,,EntryBurn,0,0,20569.541575,418.335264,,,,,,,,,,,,,,,,,,,,,,,,0,None,,,,,,,,,,,,,,,,,,,,,,,,1,0,0,,,0.570783,,,,,,,,,,,,,,,,,,,,,,,
157.819996,-,0,0,0,,,,103725.295078,1936.90319,1638.653542,-420.663983,0.590322,6.544769,,84621.281326,0.000147,0,160.185762,0,0,,1,0,0,0,19.814236,0,-0.068487,-1,1,-1,0,0,-3.923989,-8.389297,2.715913,0,14966.297852,150.617188,14966.291016,0,113.606298,-6177.420473,46.389596,354.694611,1,,0,,,,,,EntryBurn,0,0,20794.974253,420.663984,,,,,,,,,,,,,,,,,,,,,,,,0,None,,,,,,,,,,,,,,,,,,,,,,,,1,0,0,,,0.570731,,,,,,,,,,,,,,,,,,,,,,,
158.079996,-,0,0,0,,,,103615.678979,1937.440554,1639.284496,-422.992402,0.601795,6.553619,,84621.281326,0.000324,0,160.367795,0,0,,1,0,0,0,19.632193,0,-0.089913,-1,1,-1,0,0,-5.151662,-7.870657,0.600555,0,14965.121094,150.481567,14965.102539,0,113.606258,-6177.420674,46.389602,354.69462,1,,0,,,,,,EntryBurn,0,0,21021.633225,422.992401,,,,,,,,,,,,,,,,,,,,,,,,0,None,,,,,,,,,,,,,,,,,,,,,,,,1,0,0,,,0.570679,,,,,,,,,,,,,,,,,,,,,,,
158.339996,-,0,0,0,,,,103505.445395,1937.981088,1639.919043,-425.320957,0.613566,6.562453,,84621.281326,0.000255,0,160.388038,0.000001,0,,1,0,0,0,19.611963,0.000001,-0.098718,-1,1,-1,0,0,-5.656106,-9.338694,2.19831,0,14963.0625,150.520432,14963.091797,0,113.606225,-6177.420805,46.389607,354.694626,1,,0,,,,,,EntryBurn,0,0,21249.562795,425.320957,,,,,,,,,,,,,,,,,,,,,,,,0,None,,,,,,,,,,,,,,,,,,,,,,,,1,0,0,,,0.570627,,,,,,,,,,,,,,,,,,,,,,,
158.599996,-,0,0,0,,,,103394.609759,1938.524402,1640.556801,-427.649463,0.625648,6.571271,,84621.281326,0.00024,0,160.452677,0.000001,0,,1,0,0,0,19.547331,0.000001,-0.085143,-1,1,-1,0,0,-4.878326,-8.738178,3.906996,0,14966.114258,150.631805,14966.165039,0,113.606183,-6177.420943,46.389611,354.694631,1,,0,,,,,,EntryBurn,0,0,21478.744254,427.649463,,,,,,,,,,,,,,,,,,,,,,,,0,None,,,,,,,,,,,,,,,,,,,,,,,,1,0,0,,,0.570577,,,,,,,,,,,,,,,,,,,,,,,
158.859996,-,0,0,0,,,,103283.166356,1939.070936,1641.198196,-429.97819,0.63805,6.580074,,84621.281326,0.000146,0,160.07539,0.000001,0,,1,0,0,0,19.924603,0.000001,-0.086726,-1,1,-1,0,0,-4.969046,-9.727311,1.823013,0,14964.793945,150.573975,14964.776367,0,113.606148,-6177.421004,46.389612,354.694633,1,,0,,,,,,EntryBurn,0,0,21709.2058,429.978193,,,,,,,,,,,,,,,,,,,,,,,,0,None,,,,,,,,,,,,,,,,,,,,,,,,1,0,0,,,0.570527,,,,,,,,,,,,,,,,,,,,,,,
159.119996,-,0,0,0,,,,103171.153271,1939.620025,1641.842544,-432.307058,0.650783,6.588861,,84621.281326,0.000157,0,159.819442,0.000001,0,,1,0,0,0,20.180566,0.000001,-0.100617,-1,1,-1,0,0,-5.764928,-8.696159,3.083975,0,14966.473633,150.599747,14966.5625,0,113.606115,-6177.421129,46.389606,354.694626,1,,0,,,,,,EntryBurn,0,0,21940.939357,432.307056,,,,,,,,,,,,,,,,,,,,,,,,0,None,,,,,,,,,,,,,,,,,,,,,,,,1,0,0,,,0.570478,,,,,,,,,,,,,,,,,,,,,,,
159.379996,-,0,0,0,,,,103058.508042,1940.172335,1642.490543,-434.636138,0.663858,6.597636,,84621.281326,0.000129,0,159.271843,0.000001,0,,1,0,0,0,20.728157,0.000001,-0.084274,-1,1,-1,0,0,-4.828539,-10.011052,2.081976,0,14964.12207,150.654877,14964.15918,0,113.606101,-6177.421176,46.389601,354.694617,1,,0,,,,,,EntryBurn,0,0,22173.953732,434.63614,,,,,,,,,,,,,,,,,,,,,,,,0,None,,,,,,,,,,,,,,,,,,,,,,,,1,0,0,,,0.57043,,,,,,,,,,,,,,,,,,,,,,,
159.639996,-,0,0,0,,,,102945.262394,1940.727445,1643.141802,-436.965212,0.677286,6.606398,,84621.281326,0.000062,0,158.789748,0.000001,0,,1,0,0,0,21.210253,0.000001,-0.097087,-1,1,-1,0,0,-5.562672,-8.509164,2.658435,0,14966.128906,150.502808,14966.182617,0,113.606069,-6177.421225,46.389599,354.694616,1,,0,,,,,,EntryBurn,0,0,22408.228177,436.965212,,,,,,,,,,,,,,,,,,,,,,,,0,None,,,,,,,,,,,,,,,,,,,,,,,,1,0,0,,,0.570385,,,,,,,,,,,,,,,,,,,,,,,
159.899996,-,0,0,0,,,,102831.420472,1941.285474,1643.796375,-439.294154,0.691078,6.615147,,84621.281326,0.000109,0,158.231777,0.000001,0,,1,0,0,0,21.76822,0.000001,-0.082104,-1,1,-1,0,0,-4.704239,-8.244827,2.796441,0,14963.793945,150.584137,14963.786133,0,113.606026,-6177.421244,46.389594,354.694609,1,,0,,,,,,EntryBurn,0,0,22643.750201,439.294154,,,,,,,,,,,,,,,,,,,,,,,,0,None,,,,,,,,,,,,,,,,,,,,,,,,1,0,0,,,0.570338,,,,,,,,,,,,,,,,,,,,,,,
160.159996,-,0,0,0,,,,102716.970175,1941.846647,1644.45453,-441.623297,0.705246,6.623886,,84621.281326,0.00017,0,157.479299,0.000001,0,,1,0,0,0,22.520705,0.000001,-0.093736,-1,1,-1,0,0,-5.370706,-9.55167,2.925775,0,14966.929688,150.669708,14966.887695,0,113.605998,-6177.4212,46.38959,354.694604,1,,0,,,,,,EntryBurn,0,0,22880.554004,441.623298,,,,,,,,,,,,,,,,,,,,,,,,0,None,,,,,,,,,,,,,,,,,,,,,,,,1,0,0,,,0.570295,,,,,,,,,,,,,,,,,,,,,,,
160.419996,-,0,0,0,,,,102601.903687,1942.410143,1645.115476,-443.952858,0.719804,6.632614,,84621.281326,0.00007,0,156.626444,0.000001,0,,1,0,0,0,23.373559,0.000001,-0.076562,-1,1,-1,0,0,-4.386695,-8.292385,2.921097,0,14966.02832,150.452637,14966.076172,0,113.605976,-6177.421281,46.389588,354.694601,1,,0,,,,,,EntryBurn,0,0,23118.662968,443.952857,,,,,,,,,,,,,,,,,,,,,,,,0,None,,,,,,,,,,,,,,,,,,,,,,,,1,0,0,,,0.570252,,,,,,,,,,,,,,,,,,,,,,,
160.679996,-,0,0,0,,,,102486.265813,1942.976189,1645.779507,-446.282913,0.734761,6.641331,,84621.281326,0.000371,0,155.620576,0.000001,0,,1,0,0,0,24.379421,0.000001,-0.10498,-1,1,-1,0,0,-6.014924,-8.624986,2.939017,0,14965.05957,150.746216,14965.161133,0,113.605982,-6177.421442,46.389598,354.694614,1,,0,,,,,,EntryBurn,0,0,23358.085882,446.282913,,,,,,,,,,,,,,,,,,,,,,,,0,None,,,,,,,,,,,,,,,,,,,,,,,,1,0,0,,,0.5702,,,,,,,,,,,,,,,,,,,,,,,
160.939996,-,0,0,0,,,,102369.995822,1943.545262,1646.446957,-448.61278,0.750132,6.650042,,84621.281326,0.00029,0,154.718174,0.000001,0,,1,0,0,0,25.28183,0.000001,-0.080783,-1,1,-1,0,0,-4.628533,-8.519586,2.766947,0,14964.939453,150.578812,14965.036133,0,113.605973,-6177.421544,46.389605,354.694624,1,,0,,,,,,EntryBurn,0,0,23598.754042,448.612781,,,,,,,,,,,,,,,,,,,,,,,,0,None,,,,,,,,,,,,,,,,,,,,,,,,1,0,0,,,0.570109,,,,,,,,,,,,,,,,,,,,,,,
161.199996,-,0,0,0,,,,102253.134672,1944.117304,1647.117779,-450.942627,0.76593,6.658747,,84621.281326,0.000199,0,153.780467,0.000001,0,,1,0,0,0,26.219539,0.000001,-0.08139,-1,1,-1,0,0,-4.663319,-8.390819,2.729307,0,14964.758789,150.826599,14964.96582,0,113.60596,-6177.421609,46.38961,354.694632,1,,0,,,,,,EntryBurn,0,0,23840.685864,450.942628,,,,,,,,,,,,,,,,,,,,,,,,0,None,,,,,,,,,,,,,,,,,,,,,,,,1,0,0,,,0.570044,,,,,,,,,,,,,,,,,,,,,,,
161.459996,-,0,0,0,,,,102135.657194,1944.69228,1647.791943,-453.272495,0.782171,6.667448,,84621.281326,0.000122,0,152.7075,0.000001,0,,1,0,0,0,27.2925,0.000001,-0.076611,-1,1,-1,0,0,-4.389472,-8.506815,3.10147,0,14965.054688,150.50621,14965.032227,0,113.60594,-6177.421645,46.389614,354.694637,1,,0,,,,,,EntryBurn,0,0,24083.885131,453.272494,,,,,,,,,,,,,,,,,,,,,,,,0,None,,,,,,,,,,,,,,,,,,,,,,,,1,0,0,,,0.569979,,,,,,,,,,,,,,,,,,,,,,,
161.719996,-,0,0,0,,,,102017.586854,1945.269989,1648.469249,-455.602458,0.798862,6.676145,,84621.273696,0.000094,0,151.525818,0.000001,0,,1,0,0,0,28.474182,0.000001,-0.077371,-1,1,-1,0,0,-4.433044,-7.995718,2.285915,0,14964.216797,150.495926,14964.230469,0,113.605925,-6177.421699,46.389616,354.694639,1,,0,,,,,,EntryBurn,0,0,24328.35365,455.602457,,,,,,,,,,,,,,,,,,,,,,,,0,None,,,,,,,,,,,,,,,,,,,,,,,,1,0,0,,,0.569911,,,,,,,,,,,,,,,,,,,,,,,
161.979996,-,0,0,0,,,,101898.92472,1945.850459,1649.149703,-457.932506,0.816022,6.68484,,84621.273696,0.000123,0,150.371462,0.000001,0,,1,0,0,0,29.628531,0.000001,-0.077469,-1,1,-1,0,0,-4.438664,-9.118771,3.12914,0,14967.451172,150.484314,14967.493164,0,113.605922,-6177.421764,46.389612,354.694634,1,,0,,,,,,EntryBurn,0,0,24574.106254,457.932507,,,,,,,,,,,,,,,,,,,,,,,,0,None,,,,,,,,,,,,,,,,,,,,,,,,1,0,0,,,0.569852,,,,,,,,,,,,,,,,,,,,,,,
162.239996,-,0,0,0,,,,101779.628726,1946.433983,1649.833615,-460.262624,0.833669,6.693538,,84621.273696,0.000095,0,149.318047,0.000001,0,,1,0,0,0,30.681959,0.000001,-0.060206,-1,1,-1,0,0,-3.44953,-9.298249,3.224054,0,14966.197266,150.551758,14966.146484,0,113.605901,-6177.421775,46.389607,354.694628,1,,0,,,,,,EntryBurn,0,0,24821.134122,460.262624,,,,,,,,,,,,,,,,,,,,,,,,0,None,,,,,,,,,,,,,,,,,,,,,,,,1,0,0,,,0.569798,,,,,,,,,,,,,,,,,,,,,,,
162.499996,-,0,0,0,,,,101659.755841,1947.020117,1650.520556,-462.59271,0.851811,6.702237,,84621.273696,0.00009,0,148.100483,0.000001,0,,1,0,0,0,31.899528,0.000001,-0.069021,-1,1,-1,0,0,-3.954605,-6.934378,3.63544,0,14968.688477,150.539337,14968.740234,0,113.605886,-6177.421824,46.389603,354.694621,1,,0,,,,,,EntryBurn,0,0,25069.427499,462.592711,,,,,,,,,,,,,,,,,,,,,,,,0,None,,,,,,,,,,,,,,,,,,,,,,,,1,0,0,,,0.56975,,,,,,,,,,,,,,,,,,,,,,,
162.759996,-,0,0,0,,,,101539.257081,1947.608765,1651.210455,-464.922574,0.870469,6.710942,,84621.273696,0.000119,0,146.823166,0.000001,0,,1,0,0,0,33.176828,0.000001,-0.081313,-1,1,-1,0,0,-4.658899,-9.418796,3.254447,0,14964.506836,150.586624,14964.609375,0,113.605848,-6177.421919,46.389603,354.694622,1,,0,,,,,,EntryBurn,0,0,25318.966539,464.922574,,,,,,,,,,,,,,,,,,,,,,,,0,None,,,,,,,,,,,,,,,,,,,,,,,,1,0,0,,,0.569706,,,,,,,,,,,,,,,,,,,,,,,
163.019996,-,0,0,0,,,,101418.154609,1948.199385,1651.902788,-467.252153,0.889656,6.719651,,84621.273696,0.000467,0,145.516837,0.000001,0,,1,0,0,0,34.483161,0.000001,-0.06239,-1,1,-1,0,0,-3.574673,-8.656621,3.710874,0,14967.738281,150.622437,14967.702148,0,113.605787,-6177.422176,46.38961,354.694632,1,,0,,,,,,EntryBurn,0,0,25569.745954,467.252153,,,,,,,,,,,,,,,,,,,,,,,,0,None,,,,,,,,,,,,,,,,,,,,,,,,1,0,0,,,0.569664,,,,,,,,,,,,,,,,,,,,,,,
163.259996,-,0,0,0,,,,101296.445075,1948.792768,1652.598294,-469.582201,0.90939,6.728367,,84621.273696,0.000505,0,144.224107,0.000001,0,,1,0,0,0,35.775891,0.000001,-0.089188,-1,1,-1,0,0,-5.110092,-9.491489,4.351255,0,14966.273438,150.642624,14966.27832,0,113.605747,-6177.422461,46.389614,354.694636,1,,0,,,,,,EntryBurn,0,0,25821.845928,469.582201,,,,,,,,,,,,,,,,,,,,,,,,0,None,,,,,,,,,,,,,,,,,,,,,,,,1,0,0,,,0.569608,,,,,,,,,,,,,,,,,,,,,,,
163.539996,-,0,0,0,,,,101174.140305,1949.388779,1653.296817,-471.912033,0.929686,6.737095,,84621.273696,0.000535,0,143.014713,0.000001,0,,1,0,0,0,36.985289,0.000001,-0.066939,-1,1,-1,0,0,-3.835337,-9.436909,4.280862,0,14967.108398,150.633957,14967.209961,0,113.605689,-6177.422768,46.389616,354.694639,1,,0,,,,,,EntryBurn,0,0,26075.194144,471.912032,,,,,,,,,,,,,,,,,,,,,,,,0,None,,,,,,,,,,,,,,,,,,,,,,,,1,0,0,,,0.569545,,,,,,,,,,,,,,,,,,,,,,,
163.799996,-,0,0,0,,,,101051.222271,1949.987978,1653.998935,-474.241915,0.950562,6.745839,,84621.273696,0.00046,0,141.701463,0.000001,0,,1,0,0,0,38.29854,0.000001,-0.065761,-1,1,-1,0,0,-3.767803,-8.776329,4.091445,0,14965.875,150.518982,14965.879883,0,113.605626,-6177.422987,46.389619,354.694643,1,,0,,,,,,EntryBurn,0,0,26329.820534,474.241917,,,,,,,,,,,,,,,,,,,,,,,,0,None,,,,,,,,,,,,,,,,,,,,,,,,1,0,0,,,0.569483,,,,,,,,,,,,,,,,,,,,,,,
164.059996,-,0,0,0,,,,100927.710776,1950.590094,1654.704356,-476.571854,0.972038,6.754601,,84621.273696,0.000382,0,140.2796,0.000001,0,,1,0,0,0,39.720408,0.000001,-0.065661,-1,1,-1,0,0,-3.7621,-8.009467,4.936608,0,14963.194336,150.428818,14963.172852,0,113.605571,-6177.423178,46.389619,354.694643,1,,0,,,,,,EntryBurn,0,0,26585.725708,476.571854,,,,,,,,,,,,,,,,,,,,,,,,0,None,,,,,,,,,,,,,,,,,,,,,,,,1,0,0,,,0.569421,,,,,,,,,,,,,,,,,,,,,,,
164.299996,-,0,0,0,,,,100803.586029,1951.195136,1655.413115,-478.901899,0.994131,6.763383,,84621.273696,0.000351,0,139.133694,0.000001,0,,1,0,0,0,40.866306,0.000001,-0.061702,-1,1,-1,0,0,-3.535244,-8.471655,4.116174,0,14965.798828,150.567062,14965.786133,0,113.605507,-6177.423341,46.38962,354.694645,1,,0,,,,,,EntryBurn,0,0,26842.916459,478.901898,,,,,,,,,,,,,,,,,,,,,,,,0,None,,,,,,,,,,,,,,,,,,,,,,,,1,0,0,,,0.569358,,,,,,,,,,,,,,,,,,,,,,,
164.579996,-,0,0,0,,,,100678.852971,1951.802708,1656.124753,-481.232183,1.016859,6.772189,,84621.273696,0.00039,0,137.609741,0.000001,0,,1,0,0,0,42.390264,0.000001,-0.050073,-1,1,-1,0,0,-2.868998,-9.47484,3.567755,0,14963.886719,150.499252,14963.790039,0,113.605454,-6177.423568,46.389611,354.694632,1,,0,,,,,,EntryBurn,0,0,27101.408121,481.232183,,,,,,,,,,,,,,,,,,,,,,,,0,None,,,,,,,,,,,,,,,,,,,,,,,,1,0,0,,,0.569297,,,,,,,,,,,,,,,,,,,,,,,
164.839996,-,0,0,0,,,,100553.512877,1952.413406,1656.839946,-483.562596,1.040242,6.78102,,84621.273696,0.000367,0,136.398276,0.000001,0,,1,0,0,0,43.601726,0.000001,-0.055833,-1,1,-1,0,0,-3.199018,-10.050265,4.144499,0,14963.895508,150.530655,14964.033203,0,113.605405,-6177.423724,46.389606,354.694625,1,,0,,,,,,EntryBurn,0,0,27361.189282,483.562594,,,,,,,,,,,,,,,,,,,,,,,,0,None,,,,,,,,,,,,,,,,,,,,,,,,1,0,0,,,0.569236,,,,,,,,,,,,,,,,,,,,,,,
165.099996,-,0,0,0,,,,100427.580434,1953.026772,1657.558226,-485.892994,1.064299,6.789883,,84621.273696,0.000321,0,135.03886,0.000001,0,,1,0,0,0,44.961136,0.000001,-0.06417,-1,1,-1,0,0,-3.676694,-10.064655,4.441338,0,14966.641602,150.388275,14966.724609,0,113.605356,-6177.423899,46.389603,354.694622,1,,0,,,,,,EntryBurn,0,0,27622.245664,485.892994,,,,,,,,,,,,,,,,,,,,,,,,0,None,,,,,,,,,,,,,,,,,,,,,,,,1,0,0,,,0.569175,,,,,,,,,,,,,,,,,,,,,,,
165.339996,-,0,0,0,,,,100301.032986,1953.642735,1658.279593,-488.223831,1.089051,6.798777,,84621.273696,0.000383,0,133.575736,0.000001,0,,1,0,0,0,46.424283,0.000001,-0.053778,-1,1,-1,0,0,-3.081268,-8.901625,4.82176,0,14964.484375,150.598068,14964.638672,0,113.605326,-6177.424134,46.38961,354.694632,1,,0,,,,,,EntryBurn,0,0,27884.628521,488.223831,,,,,,,,,,,,,,,,,,,,,,,,0,None,,,,,,,,,,,,,,,,,,,,,,,,1,0,0,,,0.569115,,,,,,,,,,,,,,,,,,,,,,,
165.619996,-,0,0,0,,,,100173.884129,1954.261518,1659.004138,-490.554638,1.114521,6.807709,,84621.273696,0.00037,0,132.332604,0.000001,0,,1,0,0,0,47.667405,0.000001,-0.059794,-1,1,-1,0,0,-3.425967,-10.06225,3.975239,0,14964.56543,150.650803,14964.515625,0,113.605282,-6177.424354,46.389612,354.694635,1,,0,,,,,,EntryBurn,0,0,28148.286432,490.554639,,,,,,,,,,,,,,,,,,,,,,,,0,None,,,,,,,,,,,,,,,,,,,,,,,,1,0,0,,,0.569053,,,,,,,,,,,,,,,,,,,,,,,
165.859996,-,0,0,0,,,,100046.116922,1954.882757,1659.731596,-492.885916,1.140727,6.81668,,84621.273696,0.000489,0,130.956527,0.000001,0,,1,0,0,0,49.043475,0.000001,-0.07251,-1,1,-1,0,0,-4.154532,-8.137707,4.668427,0,14965.584961,150.777374,14965.629883,0,113.605261,-6177.424666,46.389618,354.694643,1,,0,,,,,,EntryBurn,0,0,28413.276442,492.885917,,,,,,,,,,,,,,,,,,,,,,,,0,None,,,,,,,,,,,,,,,,,,,,,,,,1,0,0,,,0.568992,,,,,,,,,,,,,,,,,,,,,,,
166.139996,-,0,0,0,,,,99917.743193,1955.5067,1660.462138,-495.216994,1.167685,6.825678,,84621.273696,0.000536,0,129.649564,0.000001,0,,1,0,0,0,50.350437,0.000001,-0.066543,-1,1,-1,0,0,-3.812633,-8.538882,4.793046,0,14965.469727,150.60405,14965.536133,0,113.605218,-6177.424978,46.389624,354.694651,1,,0,,,,,,EntryBurn,0,0,28679.524373,495.216995,,,,,,,,,,,,,,,,,,,,,,,,0,None,,,,,,,,,,,,,,,,,,,,,,,,1,0,0,,,0.56893,,,,,,,,,,,,,,,,,,,,,,,
166.399996,-,0,0,0,,,,99788.773787,1956.13381,1661.196239,-497.548273,1.195384,6.834648,,84621.273696,0.000417,0,128.445878,0.000001,0,,1,0,0,0,51.554132,0.000001,-0.057323,-1,1,-1,0,0,-3.284352,-8.470498,4.105485,0,14968.631836,150.749756,14968.944336,0,113.605187,-6177.42521,46.389629,354.694658,1,,0,,,,,,EntryBurn,0,0,28947.075758,497.548272,,,,,,,,,,,,,,,,,,,,,,,,0,None,,,,,,,,,,,,,,,,,,,,,,,,1,0,0,,,0.568868,,,,,,,,,,,,,,,,,,,,,,,
166.659996,-,0,0,0,,,,99659.1956,1956.763556,1661.933345,-499.879367,1.223854,6.843583,,84621.273696,0.000421,0,126.809693,0.000001,0,,1,0,0,0,53.190311,0.000001,-0.05831,-1,1,-1,0,0,-3.340922,-9.535898,5.409248,0,14970.040039,150.492874,14969.9375,0,113.605143,-6177.425457,46.389633,354.694663,1,,0,,,,,,EntryBurn,0,0,29215.88812,499.879368,,,,,,,,,,,,,,,,,,,,,,,,0,None,,,,,,,,,,,,,,,,,,,,,,,,1,0,0,,,0.568806,,,,,,,,,,,,,,,,,,,,,,,
166.919996,-,0,0,0,,,,99529.009821,1957.395898,1662.673489,-502.210925,1.253129,6.852482,,84621.273696,0.000498,0,125.678271,0.000001,0,,1,0,0,0,54.32173,0.000001,-0.039184,-1,1,-1,0,0,-2.245059,-9.969635,5.747216,0,14962.561523,150.528214,14962.603516,0,113.605125,-6177.425763,46.389639,354.694672,1,,0,,,,,,EntryBurn,0,0,29486.036591,502.210925,,,,,,,,,,,,,,,,,,,,,,,,0,None,,,,,,,,,,,,,,,,,,,,,,,,1,0,0,,,0.568743,,,,,,,,,,,,,,,,,,,,,,,
167.159996,-,0,0,0,,,,99398.218126,1958.030934,1663.416718,-504.542704,1.28324,6.861339,,84621.273696,0.00059,0,124.161642,0.000001,0,,1,0,0,0,55.838365,0.000001,-0.064186,-1,1,-1,0,0,-3.677564,-8.178725,4.345595,0,14964.888672,150.591797,14964.838867,0,113.60511,-6177.426092,46.389645,354.694679,1,,0,,,,,,EntryBurn,0,0,29757.494344,504.542704,,,,,,,,,,,,,,,,,,,,,,,,0,None,,,,,,,,,,,,,,,,,,,,,,,,1,0,0,,,0.568681,,,,,,,,,,,,,,,,,,,,,,,
167.439996,-,0,0,0,,,,99266.807894,1958.668858,1664.163221,-506.874567,1.314226,6.870156,,84621.273696,0.000537,0,122.841639,0.000001,0,,1,0,0,0,57.158363,0.000001,-0.061853,-1,1,-1,0,0,-3.543934,-7.962493,4.694051,0,14962.032227,150.700974,14961.924805,0,113.605094,-6177.426395,46.38965,354.694687,1,,0,,,,,,EntryBurn,0,0,30030.246532,506.874566,,,,,,,,,,,,,,,,,,,,,,,,0,None,,,,,,,,,,,,,,,,,,,,,,,,1,0,0,,,0.568618,,,,,,,,,,,,,,,,,,,,,,,
167.679996,-,0,0,0,,,,99134.816895,1959.309603,1664.912915,-509.206223,1.346111,6.878928,,84621.273696,0.000477,0,121.537218,0.000001,0,,1,0,0,0,58.462787,0.000001,-0.056816,-1,1,-1,0,0,-3.255333,-8.805772,4.364976,0,14964.800781,150.679642,14964.667969,0,113.605069,-6177.426668,46.389655,354.694693,1,,0,,,,,,EntryBurn,0,0,30304.260703,509.206224,,,,,,,,,,,,,,,,,,,,,,,,0,None,,,,,,,,,,,,,,,,,,,,,,,,1,0,0,,,0.568554,,,,,,,,,,,,,,,,,,,,,,,
167.959996,-,0,0,0,,,,99002.188747,1959.95291,1665.665582,-511.538025,1.378944,6.887653,,84621.273696,0.000515,0,120.239774,0.000001,0,,1,0,0,0,59.760234,0.000001,-0.046894,-1,1,-1,0,0,-2.686848,-9.31809,5.526414,0,14966.757813,150.39418,14966.8125,0,113.605035,-6177.426988,46.389662,354.694703,1,,0,,,,,,EntryBurn,0,0,30579.57779,511.538024,,,,,,,,,,,,,,,,,,,,,,,,0,None,,,,,,,,,,,,,,,,,,,,,,,,1,0,0,,,0.56849,,,,,,,,,,,,,,,,,,,,,,,
168.219996,-,0,0,0,,,,98868.954106,1960.59812,1666.420507,-513.869494,1.412751,6.896326,,84621.273696,0.000788,0,118.665205,0.000001,0,,1,0,0,0,61.3348,0.000001,-0.041925,-1,1,-1,0,0,-2.402126,-8.812645,6.01502,0,14964.814453,150.894684,14965.210938,0,113.604976,-6177.427471,46.389664,354.694706,1,,0,,,,,,EntryBurn,0,0,30856.14327,513.869495,,,,,,,,,,,,,,,,,,,,,,,,0,None,,,,,,,,,,,,,,,,,,,,,,,,1,0,0,,,0.568425,,,,,,,,,,,,,,,,,,,,,,,
168.479996,-,0,0,0,,,,98735.132883,1961.245711,1667.178175,-516.200667,1.447571,6.904942,,84621.273696,0.001027,0,117.889268,0.000001,0,,1,0,0,0,62.110729,0.000001,-0.043999,-1,1,-1,0,0,-2.520959,-8.59268,3.902267,0,14967.473633,151.002914,14967.729492,0,113.604902,-6177.428013,46.389665,354.694707,1,,0,,,,,,EntryBurn,0,0,31133.961593,516.20067,,,,,,,,,,,,,,,,,,,,,,,,0,None,,,,,,,,,,,,,,,,,,,,,,,,1,0,0,,,0.56836,,,,,,,,,,,,,,,,,,,,,,,
168.739996,-,0,0,0,,,,98600.699336,1961.896179,1667.939084,-518.531772,1.483443,6.913503,,84621.273696,0.001019,0,116.298389,0.000001,0,,1,0,0,0,63.701615,0.000001,-0.076743,-1,1,-1,0,0,-4.397045,-9.17179,5.339668,0,14964.46582,150.663635,14964.488281,0,113.604818,-6177.428519,46.389664,354.694706,1,,0,,,,,,EntryBurn,0,0,31413.059556,518.531774,,,,,,,,,,,,,,,,,,,,,,,,0,None,,,,,,,,,,,,,,,,,,,,,,,,1,0,0,,,0.568295,,,,,,,,,,,,,,,,,,,,,,,
168.999996,-,0,0,0,,,,98465.64975,1962.549558,1668.703325,-520.863188,1.520406,6.922007,,84621.273696,0.000924,0,115.063891,0.000001,0,,1,0,0,0,64.936104,0.000001,-0.020491,-1,1,-1,0,0,-1.174027,-6.81323,4.110133,0,14965.739258,150.629364,14965.916992,0,113.60474,-6177.429003,46.389669,354.694712,1,,0,,,,,,EntryBurn,0,0,31693.483694,520.863189,,,,,,,,,,,,,,,,,,,,,,,,0,None,,,,,,,,,,,,,,,,,,,,,,,,1,0,0,,,0.568231,,,,,,,,,,,,,,,,,,,,,,,
169.259996,-,0,0,0,,,,98329.999398,1963.205206,1669.47023,-523.194751,1.5585,6.930448,,84621.273696,0.001021,0,113.727172,0.000001,0,,1,0,0,0,66.272841,0.000001,-0.065122,-1,1,-1,0,0,-3.731233,-8.831981,5.378072,0,14966.386719,150.625244,14966.420898,0,113.604667,-6177.429596,46.389673,354.694718,1,,0,,,,,,EntryBurn,0,0,31975.215493,523.194752,,,,,,,,,,,,,,,,,,,,,,,,0,None,,,,,,,,,,,,,,,,,,,,,,,,1,0,0,,,0.568166,,,,,,,,,,,,,,,,,,,,,,,
169.519996,-,0,0,0,,,,98193.734933,1963.863739,1670.240371,-525.52656,1.597763,6.938824,,84621.273696,0.00106,0,112.588273,0.000001,0,,1,0,0,0,67.411731,0.000001,-0.041541,-1,1,-1,0,0,-2.380105,-9.56802,4.870934,0,14964.479492,150.838058,14964.65332,0,113.604608,-6177.430166,46.389672,354.694717,1,,0,,,,,,EntryBurn,0,0,32258.267659,525.52656,,,,,,,,,,,,,,,,,,,,,,,,0,None,,,,,,,,,,,,,,,,,,,,,,,,1,0,0,,,0.568102,,,,,,,,,,,,,,,,,,,,,,,
169.779996,-,0,0,0,,,,98056.868633,1964.525088,1671.013711,-527.858163,1.638238,6.947134,,84621.273696,0.001023,0,110.965323,0.000001,0,,1,0,0,0,69.034681,0.000001,-0.054521,-1,1,-1,0,0,-3.12383,-9.704676,4.880969,0,14963.386719,150.801529,14963.368164,0,113.60452,-6177.430704,46.389674,354.69472,1,,0,,,,,,EntryBurn,0,0,32542.587136,527.858162,,,,,,,,,,,,,,,,,,,,,,,,0,None,,,,,,,,,,,,,,,,,,,,,,,,1,0,0,,,0.568037,,,,,,,,,,,,,,,,,,,,,,,
170.039996,-,0,0,0,,,,97919.366979,1965.189419,1671.790397,-530.189966,1.679968,6.955373,,84621.273696,0.000962,0,109.832785,0.000001,0,,1,0,0,0,70.167211,0.000001,-0.032925,-1,1,-1,0,0,-1.886471,-8.084209,4.84443,0,14962.792969,150.447983,14962.658203,0,113.604451,-6177.431196,46.389675,354.694722,1,,0,,,,,,EntryBurn,0,0,32828.22401,530.189966,,,,,,,,,,,,,,,,,,,,,,,,0,None,,,,,,,,,,,,,,,,,,,,,,,,1,0,0,,,0.567973,,,,,,,,,,,,,,,,,,,,,,,
170.279996,-,0,0,0,,,,97781.270539,1965.856139,1672.569932,-532.522045,1.722996,6.963538,,84621.273696,0.00102,0,108.483063,0,0,,1,0,0,0,71.516934,0,-0.019342,-1,1,-1,0,0,-1.10819,-8.538598,5.656804,0,14967.199219,150.483261,14967.350586,0,113.604378,-6177.431775,46.389686,354.694737,1,,0,,,,,,EntryBurn,0,0,33115.188305,532.522046,,,,,,,,,,,,,,,,,,,,,,,,0,None,,,,,,,,,,,,,,,,,,,,,,,,1,0,0,,,0.56791,,,,,,,,,,,,,,,,,,,,,,,
170.559996,-,0,0,0,,,,97642.57334,1966.525568,1673.352495,-534.854383,1.76736,6.971626,,84621.273696,0.001069,0,107.367055,0,0,,1,0,0,0,72.632945,0,-0.040347,-1,1,-1,0,0,-2.311718,-8.994387,4.251182,0,14965.920898,150.516663,14966.055664,0,113.604314,-6177.432371,46.389687,354.694738,1,,0,,,,,,EntryBurn,0,0,33403.479353,534.854384,,,,,,,,,,,,,,,,,,,,,,,,0,None,,,,,,,,,,,,,,,,,,,,,,,,1,0,0,,,0.567847,,,,,,,,,,,,,,,,,,,,,,,
170.819996,-,0,0,0,,,,97503.266326,1967.197665,1674.138082,-537.186608,1.813109,6.979634,,84621.273696,0.00108,0,106.294047,-0.000001,0,,1,0,0,0,73.705962,-0.000001,-0.033621,-1,1,-1,0,0,-1.92637,-8.602017,4.176421,0,14962.960938,150.673279,14963.008789,0,113.604254,-6177.432969,46.389687,354.694739,1,,0,,,,,,EntryBurn,0,0,33693.051689,537.186607,,,,,,,,,,,,,,,,,,,,,,,,0,None,,,,,,,,,,,,,,,,,,,,,,,,1,0,0,,,0.567785,,,,,,,,,,,,,,,,,,,,,,,
171.079996,-,0,0,0,,,,97363.348776,1967.872858,1674.92715,-539.519049,1.860295,6.987573,,84621.273696,0.001017,0,104.862722,-0.000001,0,,1,0,0,0,75.137278,-0.000001,-0.039123,-1,1,-1,0,0,-2.241581,-6.24823,6.109515,0,14967.478516,150.683334,14967.501953,0,113.60419,-6177.433494,46.38969,354.694743,1,,0,,,,,,EntryBurn,0,0,33983.948184,539.519049,,,,,,,,,,,,,,,,,,,,,,,,0,None,,,,,,,,,,,,,,,,,,,,,,,,1,0,0,,,0.567724,,,,,,,,,,,,,,,,,,,,,,,
171.339996,-,0,0,0,,,,97222.807222,1968.550568,1675.719127,-541.851463,1.908975,6.995456,,84621.273696,0.001001,0,103.712676,-0.000001,0,,1,0,0,0,76.287325,-0.000001,-0.025257,-1,1,-1,0,0,-1.447125,-7.772578,4.415954,0,14965.40918,150.478775,14965.542969,0,113.604119,-6177.43406,46.389697,354.694752,1,,0,,,,,,EntryBurn,0,0,34276.139086,541.851463,,,,,,,,,,,,,,,,,,,,,,,,0,None,,,,,,,,,,,,,,,,,,,,,,,,1,0,0,,,0.567664,,,,,,,,,,,,,,,,,,,,,,,
171.599996,-,0,0,0,,,,97081.654071,1969.230917,1676.514127,-544.184475,1.959198,7.003279,,84621.273696,0.001103,0,102.502434,-0.000001,0,,1,0,0,0,77.497577,-0.000001,-0.016301,-1,1,-1,0,0,-0.933982,-8.007927,4.426014,0,14966.734375,150.593597,14966.758789,0,113.604065,-6177.434676,46.389701,354.694758,1,,0,,,,,,EntryBurn,0,0,34569.703693,544.184477,,,,,,,,,,,,,,,,,,,,,,,,0,None,,,,,,,,,,,,,,,,,,,,,,,,1,0,0,,,0.567604,,,,,,,,,,,,,,,,,,,,,,,
171.859996,-,0,0,0,,,,96939.911843,1969.914037,1677.312232,-546.517481,2.010999,7.011036,,84621.273696,0.00109,0,101.314894,-0.000001,0,,1,0,0,0,78.685102,-0.000001,-0.007039,-1,1,-1,0,0,-0.403279,-8.01913,5.094646,0,14970.294922,150.749969,14970.167969,0,113.604025,-6177.435275,46.389702,354.69476,1,,0,,,,,,EntryBurn,0,0,34864.566673,546.517481,,,,,,,,,,,,,,,,,,,,,,,,0,None,,,,,,,,,,,,,,,,,,,,,,,,1,0,0,,,0.567546,,,,,,,,,,,,,,,,,,,,,,,
172.119996,-,0,0,0,,,,96797.553936,1970.599979,1678.113516,-548.850448,2.064446,7.01873,,84621.273696,0.00101,0,100.200671,-0.000001,0,,1,0,0,0,79.799335,-0.000001,-0.031767,-1,1,-1,0,0,-1.820101,-9.708529,6.116167,0,14960.617188,150.542084,14960.621094,0,113.603968,-6177.435846,46.389704,354.694762,1,,0,,,,,,EntryBurn,0,0,35160.726072,548.850447,,,,,,,,,,,,,,,,,,,,,,,,0,None,,,,,,,,,,,,,,,,,,,,,,,,1,0,0,,,0.567488,,,,,,,,,,,,,,,,,,,,,,,
172.379996,-,0,0,0,,,,96654.591369,1971.288323,1678.91754,-551.183039,2.11958,7.026354,,84621.273696,0.001085,0,99.139464,-0.000001,0,,1,0,0,0,80.860542,-0.000001,-0.023064,-1,1,-1,0,0,-1.321491,-8.801108,3.75034,0,14971.5625,150.624878,14971.544922,0,113.603886,-6177.436457,46.389704,354.694762,1,,0,,,,,,EntryBurn,0,0,35458.139738,551.183037,,,,,,,,,,,,,,,,,,,,,,,,0,None,,,,,,,,,,,,,,,,,,,,,,,,1,0,0,,,0.56743,,,,,,,,,,,,,,,,,,,,,,,
172.639996,-,0,0,0,,,,96511.008721,1971.97847,1679.72376,-553.515258,2.176455,7.033904,,84621.273696,0.001424,0,98.054656,-0.000001,0,,1,0,0,0,81.945349,-0.000001,-0.010056,-1,1,-1,0,0,-0.576182,-8.840712,5.192355,0,14962.921875,150.630142,14963.132813,0,113.603768,-6177.437241,46.389709,354.694769,1,,0,,,,,,EntryBurn,0,0,35756.808861,553.515256,,,,,,,,,,,,,,,,,,,,,,,,0,None,,,,,,,,,,,,,,,,,,,,,,,,1,0,0,,,0.567375,,,,,,,,,,,,,,,,,,,,,,,
172.899996,-,0,0,0,,,,96366.821737,1972.671154,1680.532821,-555.847636,2.235125,7.041379,,84621.273696,0.001562,0,96.656181,-0.000001,0,,1,0,0,0,83.343817,-0.000001,-0.009757,-1,1,-1,0,0,-0.55902,-10.109708,5.624533,0,14961.50293,150.703552,14961.707031,0,113.603644,-6177.438068,46.389704,354.694762,1,,0,,,,,,EntryBurn,0,0,36056.80177,555.847637,,,,,,,,,,,,,,,,,,,,,,,,0,None,,,,,,,,,,,,,,,,,,,,,,,,1,0,0,,,0.56732,,,,,,,,,,,,,,,,,,,,,,,
173.159996,-,0,0,0,,,,96222.016218,1973.366689,1681.345094,-558.180121,2.295641,7.048774,,84621.273696,0.001544,0,95.651031,-0.000001,0,,1,0,0,0,84.348971,-0.000001,-0.017374,-1,1,-1,0,0,-0.995434,-7.855521,5.270893,0,14965.870117,150.610916,14965.750977,0,113.603527,-6177.438865,46.389701,354.694757,1,,0,,,,,,EntryBurn,0,0,36358.111506,558.180123,,,,,,,,,,,,,,,,,,,,,,,,0,None,,,,,,,,,,,,,,,,,,,,,,,,1,0,0,,,0.567266,,,,,,,,,,,,,,,,,,,,,,,
173.419996,-,0,0,0,,,,96076.619501,1974.06504,1682.160526,-560.512458,2.358026,7.056053,,84621.273696,0.001517,0,94.571984,-0.000001,0,,1,0,0,0,85.428021,-0.000001,-0.021001,-1,1,-1,0,0,-1.20328,-8.704238,5.32458,0,14966.790039,150.450302,14966.825195,0,113.603408,-6177.439623,46.389697,354.694752,1,,0,,,,,,EntryBurn,0,0,36660.706637,560.512459,,,,,,,,,,,,,,,,,,,,,,,,0,None,,,,,,,,,,,,,,,,,,,,,,,,1,0,0,,,0.567215,,,,,,,,,,,,,,,,,,,,,,,
173.679996,-,0,0,0,,,,95930.59185,1974.766142,1682.979086,-562.844943,2.422342,7.063199,,84621.273696,0.001492,0,93.514254,-0.000002,0,,1,0,0,0,86.48575,-0.000002,-0.0174,-1,1,-1,0,0,-0.996941,-8.059764,5.094879,0,14961.228516,150.590942,14961.203125,0,113.603274,-6177.440376,46.389697,354.694752,1,,0,,,,,,EntryBurn,0,0,36964.626873,562.844942,,,,,,,,,,,,,,,,,,,,,,,,0,None,,,,,,,,,,,,,,,,,,,,,,,,1,0,0,,,0.567165,,,,,,,,,,,,,,,,,,,,,,,
173.939996,-,0,0,0,,,,95783.97661,1975.469548,1683.800327,-565.177717,2.488626,7.070208,,84621.273696,0.0016,0,92.51175,-0.000002,0,,1,0,0,0,87.48826,-0.000002,-0.021142,-1,1,-1,0,0,-1.211349,-10.019625,5.862156,0,14963.419922,150.602539,14963.448242,0,113.603153,-6177.441229,46.389697,354.694752,1,,0,,,,,,EntryBurn,0,0,37269.891232,565.177716,,,,,,,,,,,,,,,,,,,,,,,,0,None,,,,,,,,,,,,,,,,,,,,,,,,1,0,0,,,0.567116,,,,,,,,,,,,,,,,,,,,,,,
174.199996,-,0,0,0,,,,95636.714735,1976.175706,1684.624652,-567.510622,2.556943,7.077078,,84621.273696,0.001621,0,91.471873,-0.000002,0,,1,0,0,0,88.528129,-0.000002,-0.023155,-1,1,-1,0,0,-1.32668,-9.240711,5.115088,0,14964.448242,150.736465,14964.21875,0,113.603032,-6177.442074,46.389694,354.694747,1,,0,,,,,,EntryBurn,0,0,37576.480834,567.510621,,,,,,,,,,,,,,,,,,,,,,,,0,None,,,,,,,,,,,,,,,,,,,,,,,,1,0,0,,,0.567067,,,,,,,,,,,,,,,,,,,,,,,
174.459996,-,0,0,0,,,,95488.873009,1976.884656,1685.452113,-569.843636,2.627338,7.083809,,84621.273696,0.001582,0,90.565536,-0.000002,0,,1,0,0,0,89.434467,-0.000002,-0.019958,-1,1,-1,0,0,-1.143531,-8.842121,5.067565,0,14963.885742,150.580704,14963.932617,0,113.602919,-6177.442899,46.38969,354.694742,1,,0,,,,,,EntryBurn,0,0,37884.393159,569.843636,,,,,,,,,,,,,,,,,,,,,,,,0,None,,,,,,,,,,,,,,,,,,,,,,,,1,0,0,,,0.567019,,,,,,,,,,,,,,,,,,,,,,,
174.699996,-,0,0,0,,,,95340.43855,1977.596576,1686.282892,-572.17663,2.699872,7.090399,,84621.273696,0.001502,0,89.569717,-0.000002,0,,1,0,0,0,90.430284,-0.000002,-0.012028,-1,1,-1,0,0,-0.689165,-9.658334,4.928226,0,14968.832031,150.596741,14968.929688,0,113.6028,-6177.443657,46.389688,354.694739,1,,0,,,,,,EntryBurn,0,0,38193.612517,572.17663,,,,,,,,,,,,,,,,,,,,,,,,0,None,,,,,,,,,,,,,,,,,,,,,,,,1,0,0,,,0.566971,,,,,,,,,,,,,,,,,,,,,,,
174.979996,-,0,0,0,,,,95191.334951,1978.311032,1687.116582,-574.509717,2.774611,7.096847,,84621.273696,0.001527,0,88.468067,-0.000002,0,,1,0,0,0,91.531929,-0.000002,-0.007836,-1,1,-1,0,0,-0.448953,-8.897531,6.021481,0,14963.904297,151.01384,14964.303711,0,113.602666,-6177.44445,46.38969,354.694741,1,,0,,,,,,EntryBurn,0,0,38504.155324,574.509716,,,,,,,,,,,,,,,,,,,,,,,,0,None,,,,,,,,,,,,,,,,,,,,,,,,1,0,0,,,0.566924,,,,,,,,,,,,,,,,,,,,,,,
175.219996,-,0,0,0,,,,95041.6616,1979.027987,1687.953112,-576.843124,2.851599,7.10315,,84621.273696,0.001588,0,87.615055,-0.000002,0,,1,0,0,0,92.384943,-0.000002,-0.00753,-1,1,-1,0,0,-0.431425,-9.193699,4.520411,0,14960.489258,150.659119,14960.257813,0,113.602549,-6177.445301,46.389687,354.694738,1,,0,,,,,,EntryBurn,0,0,38816.052104,576.843122,,,,,,,,,,,,,,,,,,,,,,,,0,None,,,,,,,,,,,,,,,,,,,,,,,,1,0,0,,,0.566878,,,,,,,,,,,,,,,,,,,,,,,
175.499996,-,0,0,0,,,,94891.371229,1979.747472,1688.792509,-579.17649,2.930888,7.109307,,84621.273696,0.001652,0,87.004267,-0.000002,0,,1,0,0,0,92.995738,-0.000002,0.011326,1,1,-1,0,0,0.648957,-9.512144,5.870568,0,14973.863281,150.717239,14974.024414,0,113.602426,-6177.446178,46.389685,354.694735,1,,0,,,,,,EntryBurn,0,0,39129.257334,579.17649,,,,,,,,,,,,,,,,,,,,,,,,0,None,,,,,,,,,,,,,,,,,,,,,,,,1,0,0,,,0.566832,,,,,,,,,,,,,,,,,,,,,,,
175.759996,-,0,0,0,,,,94740.474984,1980.469891,1689.635165,-581.509864,3.01251,7.115315,,84621.273696,0.001636,0,85.996533,-0.000003,0,,1,0,0,0,94.003462,-0.000003,-0.007957,-1,1,-1,0,0,-0.455916,-9.948673,6.637793,0,14966.269531,150.4991,14966.241211,0,113.602297,-6177.446994,46.389681,354.69473,1,,0,,,,,,EntryBurn,0,0,39443.777004,581.509863,,,,,,,,,,,,,,,,,,,,,,,,0,None,,,,,,,,,,,,,,,,,,,,,,,,1,0,0,,,0.566787,,,,,,,,,,,,,,,,,,,,,,,
176.019996,-,0,0,0,,,,94588.988313,1981.195074,1690.480921,-583.8432,3.096573,7.121175,,84621.273696,0.001545,0,85.275236,-0.000003,0,,1,0,0,0,94.724765,-0.000003,0.013252,1,1,-1,0,0,0.759269,-8.486691,4.337419,0,14968.05957,150.800049,14968.180664,0,113.602175,-6177.447784,46.389678,354.694726,1,,0,,,,,,EntryBurn,0,0,39759.605855,583.843199,,,,,,,,,,,,,,,,,,,,,,,,0,None,,,,,,,,,,,,,,,,,,,,,,,,1,0,0,,,0.566742,,,,,,,,,,,,,,,,,,,,,,,
176.279996,-,0,0,0,,,,94436.847729,1981.922735,1691.329569,-586.17686,3.183182,7.126884,,84621.273696,0.001602,0,84.225889,-0.000003,0,,1,0,0,0,95.774111,-0.000003,0.010759,1,1,-1,0,0,0.616473,-8.492247,4.155197,0.000001,14967.828125,150.732574,14968.052734,0,113.602055,-6177.448635,46.389684,354.694733,1,,0,,,,,,EntryBurn,0,0,40076.794261,586.17686,,,,,,,,,,,,,,,,,,,,,,,,0,None,,,,,,,,,,,,,,,,,,,,,,,,1,0,0,,,0.566697,,,,,,,,,,,,,,,,,,,,,,,
176.519996,-,0,0,0,,,,94284.119576,1982.652974,1692.181108,-588.51088,3.272456,7.132442,,84621.273696,0.001649,0,83.839712,-0.000003,0,,1,0,0,0,96.160289,-0.000003,0.006078,1,1,-1,0,0,0.348241,-8.873385,5.807889,0.000001,14967.31543,150.866638,14967.322266,0,113.60194,-6177.449526,46.389682,354.694731,1,,0,,,,,,EntryBurn,0,0,40395.3494,588.51088,,,,,,,,,,,,,,,,,,,,,,,,0,None,,,,,,,,,,,,,,,,,,,,,,,,1,0,0,,,0.566653,,,,,,,,,,,,,,,,,,,,,,,
176.799996,-,0,0,0,,,,94130.778294,1983.385865,1693.035606,-590.844758,3.364475,7.137845,,84621.273696,0.001678,0,82.631506,-0.000003,0,,1,0,0,0,97.368497,-0.000003,-0.003609,-1,1,-1,0,0,-0.206803,-8.724921,7.464185,0.000001,14959.902344,150.743118,14960,0,113.601819,-6177.450407,46.389678,354.694726,1,,0,,,,,,EntryBurn,0,0,40715.203053,590.844758,,,,,,,,,,,,,,,,,,,,,,,,0,None,,,,,,,,,,,,,,,,,,,,,,,,1,0,0,,,0.566609,,,,,,,,,,,,,,,,,,,,,,,
177.059996,-,0,0,0,,,,93976.825423,1984.120841,1693.89246,-593.177936,3.459382,7.143094,,84621.273696,0.001869,0,81.976248,-0.000003,0,,1,0,0,0,98.023756,-0.000003,0.02618,1,1,-1,0,0,1.499981,-7.457104,5.67082,0.000001,14963.649414,150.620834,14963.748047,0,113.601642,-6177.451365,46.389669,354.694713,1,,0,,,,,,EntryBurn,0,0,41036.280955,593.177936,,,,,,,,,,,,,,,,,,,,,,,,0,None,,,,,,,,,,,,,,,,,,,,,,,,1,0,0,,,0.566565,,,,,,,,,,,,,,,,,,,,,,,
177.319996,-,0,0,0,,,,93822.263043,1984.858404,1694.75228,-595.511057,3.557265,7.148186,,84621.273696,0.001977,0,81.497186,-0.000004,0,,1,0,0,0,98.502812,-0.000004,0.009951,1,1,-1,0,0,0.570142,-9.409673,4.543915,0.000001,14963.875,150.507645,14963.760742,0,113.60146,-6177.452332,46.389668,354.694712,1,,0,,,,,,EntryBurn,0,0,41358.670444,595.511058,,,,,,,,,,,,,,,,,,,,,,,,0,None,,,,,,,,,,,,,,,,,,,,,,,,1,0,0,,,0.566521,,,,,,,,,,,,,,,,,,,,,,,
177.579996,-,0,0,0,,,,93667.10947,1985.598464,1695.614971,-597.844311,3.658252,7.15312,,84621.273696,0.002028,0,80.723299,-0.000004,0,,1,0,0,0,99.276704,-0.000004,0.00797,1,1,-1,0,0,0.456625,-7.776394,5.944236,0.000001,14962.381836,150.690536,14962.415039,0,113.601265,-6177.453339,46.389672,354.694717,1,,0,,,,,,EntryBurn,0,0,41682.399106,597.844311,,,,,,,,,,,,,,,,,,,,,,,,0,None,,,,,,,,,,,,,,,,,,,,,,,,1,0,0,,,0.566477,,,,,,,,,,,,,,,,,,,,,,,
177.839996,-,0,0,0,,,,93511.310712,1986.341132,1696.480561,-600.177925,3.762457,7.157897,,84621.273696,0.002038,0,79.940407,-0.000004,0,,1,0,0,0,100.05958,-0.000004,-0.012277,-1,1,-1,0,0,-0.703396,-10.071562,5.157926,0.000001,14959.532227,151.017838,14959.484375,0,113.601088,-6177.454378,46.389667,354.69471,1,,0,,,,,,EntryBurn,0,0,42007.498747,600.177924,,,,,,,,,,,,,,,,,,,,,,,,0,None,,,,,,,,,,,,,,,,,,,,,,,,1,0,0,,,0.566432,,,,,,,,,,,,,,,,,,,,,,,
178.099996,-,0,0,0,,,,93354.912789,1987.086293,1697.348952,-602.511343,3.870005,7.162515,,84621.273696,0.002112,0,79.791774,-0.000003,0,,1,0,0,0,100.208215,-0.000003,0.017167,1,1,-1,0,0,0.983625,-9.220669,5.022875,0,14967.34375,150.770248,14967.25,0,113.600879,-6177.455435,46.389661,354.694701,1,,0,,,,,,EntryBurn,0,0,42333.894241,602.511343,,,,,,,,,,,,,,,,,,,,,,,,0,None,,,,,,,,,,,,,,,,,,,,,,,,1,0,0,,,0.566387,,,,,,,,,,,,,,,,,,,,,,,
178.359996,-,0,0,0,,,,93197.946874,1987.834104,1698.2203,-604.844666,3.980986,7.166973,,84621.273696,0.00214,0,79.475146,-0.000003,0,,1,0,0,0,100.524854,-0.000003,-0.014577,-1,1,-1,0,0,-0.835179,-9.167738,5.79987,0.000001,14961.420898,151.208252,14960.725586,0,113.600685,-6177.456479,46.389654,354.694691,1,,0,,,,,,EntryBurn,0,0,42661.599825,604.844667,,,,,,,,,,,,,,,,,,,,,,,,0,None,,,,,,,,,,,,,,,,,,,,,,,,1,0,0,,,0.566342,,,,,,,,,,,,,,,,,,,,,,,
178.619996,-,0,0,0,,,,93040.321356,1988.584417,1699.094554,-607.178222,4.095574,7.171269,,84621.273696,0.002196,0,78.548545,-0.000003,0,,1,0,0,0,101.451446,-0.000003,0.033997,1,1,-1,0,0,1.947873,-9.041409,3.507832,0.000001,14963.616211,150.633499,14963.666016,0,113.600487,-6177.457568,46.389656,354.694694,1,,0,,,,,,EntryBurn,0,0,42990.662543,607.178221,,,,,,,,,,,,,,,,,,,,,,,,0,None,,,,,,,,,,,,,,,,,,,,,,,,1,0,0,,,0.566296,,,,,,,,,,,,,,,,,,,,,,,
178.879996,-,0,0,0,,,,92882.108228,1989.33766,1699.972058,-609.512054,4.213846,7.175405,,84621.273696,0.002135,0,78.120169,-0.000003,0,,1,0,0,0,101.879825,-0.000003,0.006389,1,1,-1,0,0,0.366053,-9.766932,4.265419,0.000001,14968.389648,151.495804,14969.037109,0,113.6003,-6177.458609,46.389657,354.694696,1,,0,,,,,,EntryBurn,0,0,43321.089673,609.512056,,,,,,,,,,,,,,,,,,,,,,,,0,None,,,,,,,,,,,,,,,,,,,,,,,,1,0,0,,,0.56625,,,,,,,,,,,,,,,,,,,,,,,
179.139996,-,0,0,0,,,,92723.28066,1990.093511,1700.852446,-611.84614,4.335958,7.17938,,84621.273696,0.0021,0,77.613457,-0.000003,0,,1,0,0,0,102.386533,-0.000003,0.025402,1,1,-1,0,0.000001,1.455407,-9.030072,6.50509,0.000001,14965.162109,150.925354,14965.456055,0,113.600116,-6177.459671,46.389649,354.694685,1,,0,,,,,,EntryBurn,0,0,43652.880014,611.846142,,,,,,,,,,,,,,,,,,,,,,,,0,None,,,,,,,,,,,,,,,,,,,,,,,,1,0,0,,,0.566204,,,,,,,,,,,,,,,,,,,,,,,
179.399996,-,0,0,0,,,,92563.851576,1990.851994,1701.735804,-614.180303,4.462022,7.183191,,84621.273696,0.002114,0,77.317517,-0.000003,0,,1,0,0,0,102.682459,-0.000003,0.028558,1,1,-1,0,0.000001,1.636249,-6.871584,5.327686,0.000001,14969.929688,150.608429,14970.039063,0,113.599928,-6177.460736,46.389644,354.694678,1,,0,,,,,,EntryBurn,0,0,43986.007946,614.180303,,,,,,,,,,,,,,,,,,,,,,,,0,None,,,,,,,,,,,,,,,,,,,,,,,,1,0,0,,,0.566158,,,,,,,,,,,,,,,,,,,,,,,
179.659996,-,0,0,0,,,,92403.808594,1991.612788,1702.621841,-616.514405,4.59217,7.186838,,84621.273696,0.00221,0,77.094224,-0.000004,0,,1,0,0,0,102.905777,-0.000004,0.028279,1,1,-1,0,0.000001,1.620266,-9.639033,6.138542,0.000001,14968.532227,150.474915,14968.516602,0,113.599746,-6177.461863,46.389646,354.69468,1,,0,,,,,,EntryBurn,0,0,44320.457527,616.514405,,,,,,,,,,,,,,,,,,,,,,,,0,None,,,,,,,,,,,,,,,,,,,,,,,,1,0,0,,,0.566113,,,,,,,,,,,,,,,,,,,,,,,
179.919996,-,0,0,0,,,,92243.142364,1992.376395,1703.511019,-618.848664,4.726546,7.190321,,84621.273696,0.002206,0,76.959488,-0.000003,0,,1,0,0,0,103.040471,-0.000003,0.025085,1,1,-1,0,0.000001,1.437282,-8.640028,3.859912,0.000001,14968.460938,150.891327,14968.516602,0,113.599565,-6177.462958,46.38965,354.694685,1,,0,,,,,,EntryBurn,0,0,44656.259974,618.848665,,,,,,,,,,,,,,,,,,,,,,,,0,None,,,,,,,,,,,,,,,,,,,,,,,,1,0,0,,,0.56607,,,,,,,,,,,,,,,,,,,,,,,
180.179996,-,0,0,0,,,,92081.88494,1993.142705,1704.403209,-621.182812,4.865265,7.193641,,84621.273696,0.002193,0,76.337494,-0.000003,0,,1,0,0,0,103.662463,-0.000003,0.019784,1,1,-1,0,0.000001,1.133523,-8.57857,5.332837,0.000001,14958.742188,151.087921,14959.361328,0,113.599348,-6177.464027,46.389654,354.694691,1,,0,,,,,,EntryBurn,0,0,44993.37718,621.182811,,,,,,,,,,,,,,,,,,,,,,,,0,None,,,,,,,,,,,,,,,,,,,,,,,,1,0,0,,,0.56603,,,,,,,,,,,,,,,,,,,,,,,
180.419996,-,0,0,0,,,,91919.989746,1993.911406,1705.298083,-623.517319,5.0085,7.196795,,84621.273696,0.002235,0,76.185199,-0.000003,0,,1,0,0,0,103.814779,-0.000003,0.03114,1,1,-1,0,0.000001,1.784192,-8.310971,4.074282,0.000001,14971.376953,150.855179,14971.519531,0,113.599141,-6177.465169,46.389652,354.694688,1,,0,,,,,,EntryBurn,0,0,45331.880493,623.517318,,,,,,,,,,,,,,,,,,,,,,,,0,None,,,,,,,,,,,,,,,,,,,,,,,,1,0,0,,,0.565993,,,,,,,,,,,,,,,,,,,,,,,
180.699996,-,0,0,0,,,,91757.498723,1994.682512,1706.195709,-625.851799,5.156357,7.199784,,84621.273696,0.002345,0,76.310742,-0.000004,0,,1,0,0,0,103.689235,-0.000004,0.028066,1,1,-1,0,0.000001,1.608044,-7.683682,6.189521,0.000001,14970.750977,150.949448,14970.645508,0,113.598923,-6177.466354,46.389654,354.694692,1,,0,,,,,,EntryBurn,0,0,45671.712066,625.851797,,,,,,,,,,,,,,,,,,,,,,,,0,None,,,,,,,,,,,,,,,,,,,,,,,,1,0,0,,,0.565959,,,,,,,,,,,,,,,,,,,,,,,
180.959996,-,0,0,0,,,,91594.382391,1995.455597,1707.095578,-628.185524,5.308949,7.202605,,84621.273696,0.002591,0,75.77326,-0.000004,0,,1,0,0,0,104.226718,-0.000004,0.046366,1,1,-1,0,0,2.65656,-8.789808,5.623199,0.000001,14963.244141,150.904312,14963.333984,0,113.598653,-6177.467624,46.389654,354.694692,1,,0,,,,,,EntryBurn,0,0,46012.771233,628.185524,,,,,,,,,,,,,,,,,,,,,,,,0,None,,,,,,,,,,,,,,,,,,,,,,,,1,0,0,,,0.565927,,,,,,,,,,,,,,,,,,,,,,,
181.219996,-,0,0,0,,,,91430.696598,1996.23145,1707.998537,-630.519367,5.466444,7.205259,,84621.273696,0.002642,0,75.721041,-0.000005,0,,1,0,0,0,104.278966,-0.000005,0.008353,1,1,-1,0.000001,0,0.478589,-6.816998,3.271408,0.000001,14961.756836,150.703827,14961.813477,0,113.598397,-6177.468865,46.389657,354.694695,1,,0,,,,,,EntryBurn,0,0,46355.180379,630.519365,,,,,,,,,,,,,,,,,,,,,,,,0,None,,,,,,,,,,,,,,,,,,,,,,,,1,0,0,,,0.565897,,,,,,,,,,,,,,,,,,,,,,,
181.479996,-,0,0,0,,,,91266.382373,1997.009608,1708.904153,-632.853564,5.628996,7.207748,,84621.273696,0.002685,0,75.736011,-0.000005,0,,1,0,0,0,104.263979,-0.000005,0.005709,1,1,-1,0.000001,0,0.327074,-10.061994,6.701123,0.000001,14960.453125,151.076035,14961.105469,0,113.598139,-6177.470197,46.389661,354.694701,1,,0,,,,,,EntryBurn,0,0,46698.979956,632.853566,,,,,,,,,,,,,,,,,,,,,,,,0,None,,,,,,,,,,,,,,,,,,,,,,,,1,0,0,,,0.56587,,,,,,,,,,,,,,,,,,,,,,,
181.719996,-,0,0,0,,,,91101.423143,1997.789929,1709.812227,-635.187663,5.796768,7.21007,,84621.273696,0.002851,0,75.812635,-0.000005,0,,1,0,0,0,104.187356,-0.000005,0.030789,1,1,-1,0.000001,0,1.764082,-10.52915,4.72714,0.000001,14972.634766,150.612274,14972.609375,0,113.597852,-6177.471618,46.389663,354.694704,1,,0,,,,,,EntryBurn,0,0,47044.101357,635.187661,,,,,,,,,,,,,,,,,,,,,,,,0,None,,,,,,,,,,,,,,,,,,,,,,,,1,0,0,,,0.565846,,,,,,,,,,,,,,,,,,,,,,,
181.999996,-,0,0,0,,,,90935.885618,1998.573029,1710.723367,-637.521707,5.969864,7.212236,,84621.273696,0.002897,0,75.865908,-0.000005,0,,1,0,0,0,104.134107,-0.000005,0.039441,1,1,-1,0.000001,0.000001,2.25981,-8.927065,5.871665,0.000001,14968.304688,151.301285,14969.06543,0,113.59756,-6177.472994,46.389665,354.694707,1,,0,,,,,,EntryBurn,0,0,47390.55483,637.521709,,,,,,,,,,,,,,,,,,,,,,,,0,None,,,,,,,,,,,,,,,,,,,,,,,,1,0,0,,,0.565825,,,,,,,,,,,,,,,,,,,,,,,
182.259996,-,0,0,0,,,,90769.726447,1999.358622,1711.63735,-639.855971,6.148612,7.214339,,84621.273696,0.00289,0,75.602194,-0.000005,0,,1,0,0,0,104.3978,-0.000005,0.031002,1,1,-1,0.000001,0.000001,1.776272,-11.603544,5.659232,0.000001,14967.833008,151.455292,14967.794922,0,113.597284,-6177.474406,46.389671,354.694716,1,,0,,,,,,EntryBurn,0,0,47738.378757,639.855971,,,,,,,,,,,,,,,,,,,,,,,,0,None,,,,,,,,,,,,,,,,,,,,,,,,1,0,0,,,0.565806,,,,,,,,,,,,,,,,,,,,,,,
182.519996,-,0,0,0,,,,90602.978114,2000.146698,1712.554125,-642.190367,6.333204,7.216401,,84621.273696,0.002946,0,75.957373,-0.000005,0,,1,0,0,0,104.042632,-0.000005,0.036099,1,1,-1,0.000001,0.000001,2.068341,-7.406392,3.460808,0.000001,14954.349609,150.524017,14954.292969,0,113.597014,-6177.475851,46.389678,354.694724,1,,0,,,,,,EntryBurn,0,0,48087.563241,642.190368,,,,,,,,,,,,,,,,,,,,,,,,0,None,,,,,,,,,,,,,,,,,,,,,,,,1,0,0,,,0.565789,,,,,,,,,,,,,,,,,,,,,,,
182.779996,-,0,0,0,,,,90435.610172,2000.937404,1713.473824,-644.525186,6.523851,7.218426,,84621.273696,0.002957,0,75.605608,-0.000005,0,,1,0,0,0,104.394396,-0.000005,0.043784,1,1,-1,0.000001,0.000001,2.508623,-9.125433,3.023254,0.000001,14960.212891,151.587479,14959.175781,0,113.596756,-6177.477316,46.38968,354.694727,1,,0,,,,,,EntryBurn,0,0,48438.152359,644.525186,,,,,,,,,,,,,,,,,,,,,,,,0,None,,,,,,,,,,,,,,,,,,,,,,,,1,0,0,,,0.565774,,,,,,,,,,,,,,,,,,,,,,,
183.039996,-,0,0,0,,,,90267.616779,2001.730622,1714.396368,-646.860062,6.720715,7.220417,,84621.273696,0.002952,0,76.108521,-0.000005,0,,1,0,0,0,103.891473,-0.000005,0.048733,1,1,-1,0.000001,0.000001,2.792206,-9.968927,5.063201,0.000001,14971.438477,150.597107,14971.361328,0,113.596487,-6177.478801,46.389687,354.694737,1,,0,,,,,,EntryBurn,0,0,48790.093649,646.860061,,,,,,,,,,,,,,,,,,,,,,,,0,None,,,,,,,,,,,,,,,,,,,,,,,,1,0,0,,,0.565762,,,,,,,,,,,,,,,,,,,,,,,
183.299996,-,0,0,0,,,,90099.030685,2002.525884,1715.321259,-649.194506,6.923984,7.222375,,84621.273696,0.003181,0,76.613247,-0.000005,0,,1,0,0,0,103.386747,-0.000005,0.041817,1,1,-1,0.000001,0.000001,2.395957,-10.301285,4.681536,0.000001,14974.819336,150.892914,14975.441406,0,113.596176,-6177.480374,46.389696,354.69475,1,,0,,,,,,EntryBurn,0,0,49143.315786,649.194504,,,,,,,,,,,,,,,,,,,,,,,,0,None,,,,,,,,,,,,,,,,,,,,,,,,1,0,0,,,0.565752,,,,,,,,,,,,,,,,,,,,,,,
183.559996,-,0,0,0,,,,89929.846044,2003.32312,1716.248365,-651.528527,7.133788,7.224303,,84621.273696,0.003446,0,76.844147,-0.000004,0,,1,0,0,0,103.15585,-0.000004,0.032185,1,1,-1,0.000001,0.000001,1.844084,-8.053933,3.551336,0.000001,14964.126953,150.659454,14964.232422,0,113.595834,-6177.48205,46.3897,354.694756,1,,0,,,,,,EntryBurn,0,0,49497.820774,651.528526,,,,,,,,,,,,,,,,,,,,,,,,0,None,,,,,,,,,,,,,,,,,,,,,,,,1,0,0,,,0.565745,,,,,,,,,,,,,,,,,,,,,,,
183.819996,-,0,0,0,,,,89760.029417,2004.122768,1717.178227,-653.863001,7.350258,7.226205,,84621.273696,0.003546,0,77.164393,-0.000004,0,,1,0,0,0,102.835614,-0.000004,0.037718,1,1,-1,0.000001,0.000001,2.161092,-9.85863,5.690903,0.000001,14964.220703,150.531403,14964.106445,0,113.59551,-6177.483795,46.389706,354.694764,1,,0,,,,,,EntryBurn,0,0,49853.73902,653.863,,,,,,,,,,,,,,,,,,,,,,,,0,None,,,,,,,,,,,,,,,,,,,,,,,,1,0,0,,,0.565741,,,,,,,,,,,,,,,,,,,,,,,
184.059996,-,0,0,0,,,,89589.621593,2004.924862,1718.110835,-656.197406,7.573701,7.228085,,84621.266067,0.003604,0,77.444471,-0.000004,0,,1,0,0,0,102.555535,-0.000004,0.04732,1,1,-1,0.000001,0.000001,2.711254,-8.997379,2.049263,0.000001,14962.625977,150.708771,14962.637695,0,113.595163,-6177.485562,46.389713,354.694774,1,,0,,,,,,EntryBurn,0,0,50210.980337,656.197407,,,,,,,,,,,,,,,,,,,,,,,,0,None,,,,,,,,,,,,,,,,,,,,,,,,1,0,0,,,0.565739,,,,,,,,,,,,,,,,,,,,,,,
184.339996,-,0,0,0,,,,89418.5853,2005.729293,1719.046075,-658.531735,7.804469,7.229947,,84621.266067,0.003708,0,78.245176,-0.000004,0,,1,0,0,0,101.754818,-0.000004,0.015704,1,1,-1,0.000001,0.000001,0.89976,-9.343209,4.664338,0.000001,14973.881836,151.290024,14974.169922,0,113.594813,-6177.487375,46.389722,354.694786,1,,0,,,,,,EntryBurn,0,0,50569.573077,658.531737,,,,,,,,,,,,,,,,,,,,,,,,0,None,,,,,,,,,,,,,,,,,,,,,,,,1,0,0,,,0.56574,,,,,,,,,,,,,,,,,,,,,,,
184.599996,-,0,0,0,,,,89246.946935,2006.535961,1719.983877,-660.866509,8.042879,7.231793,,84621.266067,0.003825,0,78.08958,-0.000004,0,,1,0,0,0,101.910418,-0.000004,0.059282,1,1,-1,0.000001,0.000001,3.396622,-7.138546,4.121594,0.000001,14960.285156,150.806274,14960.114258,0,113.594482,-6177.489294,46.38973,354.694798,1,,0,,,,,,EntryBurn,0,0,50929.582507,660.866509,,,,,,,,,,,,,,,,,,,,,,,,0,None,,,,,,,,,,,,,,,,,,,,,,,,1,0,0,,,0.565743,,,,,,,,,,,,,,,,,,,,,,,
184.859996,-,0,0,0,,,,89074.708512,2007.345532,1720.924884,-663.20155,8.289325,7.233629,,84621.266067,0.003785,0,79.084648,-0.000004,0,,1,0,0,0,100.91536,-0.000004,0.074412,1,1,-1,0.000001,0.000001,4.263514,-8.675718,4.216426,0.000001,14968.445313,151.00737,14968.489258,0,113.594152,-6177.491156,46.38974,354.694812,1,,0,,,,,,EntryBurn,0,0,51290.985411,663.201551,,,,,,,,,,,,,,,,,,,,,,,,0,None,,,,,,,,,,,,,,,,,,,,,,,,1,0,0,,,0.565749,,,,,,,,,,,,,,,,,,,,,,,
185.099996,-,0,0,0,,,,88901.839598,2008.157242,1721.868344,-665.536489,8.544195,7.235458,,84621.266067,0.003848,0,79.668908,-0.000004,0,,1,0,0,0,100.33109,-0.000004,0.050906,1,1,-1,0.000001,0.000001,2.916677,-7.075186,3.642919,0.000002,14959.852539,151.72554,14960.959961,0,113.593779,-6177.493107,46.389753,354.69483,1,,0,,,,,,EntryBurn,0,0,51653.725213,665.536486,,,,,,,,,,,,,,,,,,,,,,,,0,None,,,,,,,,,,,,,,,,,,,,,,,,1,0,0,,,0.565757,,,,,,,,,,,,,,,,,,,,,,,
185.379996,-,0,0,0,,,,88728.386673,2008.970415,1722.813477,-667.870911,8.807764,7.237279,,84621.266067,0.004232,0,80.165366,-0.000004,0,,1,0,0,0,99.834626,-0.000004,0.073283,1,1,-1,0.000001,0.000001,4.19882,-10.562943,4.730947,0.000001,14960.013672,151.024017,14960.230469,0,113.593388,-6177.495261,46.389755,354.694833,1,,0,,,,,,EntryBurn,0,0,52017.740109,667.870914,,,,,,,,,,,,,,,,,,,,,,,,0,None,,,,,,,,,,,,,,,,,,,,,,,,1,0,0,,,0.565767,,,,,,,,,,,,,,,,,,,,,,,
185.639996,-,0,0,0,,,,88554.305261,2009.786166,1723.761516,-670.205474,9.080358,7.23905,,84621.266067,0.004372,0,80.663215,-0.000003,0,,1,0,0,0,99.336786,-0.000003,0.094157,1,1,-1,0.000001,0.000001,5.394783,-10.501432,4.635265,0.000001,14965.739258,150.8573,14966.051758,0,113.592989,-6177.49742,46.389763,354.694844,1,,0,,,,,,EntryBurn,0,0,52383.12954,670.205474,,,,,,,,,,,,,,,,,,,,,,,,0,None,,,,,,,,,,,,,,,,,,,,,,,,1,0,0,,,0.565779,,,,,,,,,,,,,,,,,,,,,,,
185.899996,-,0,0,0,,,,88379.618284,2010.604207,1724.712166,-672.5401,9.362262,7.24074,,84621.266067,0.004484,0,81.206439,-0.000003,0,,1,0,0,0,98.793567,-0.000003,0.064623,1,1,-1,0.000001,0.000001,3.702646,-8.571069,5.215416,0.000001,14964.577148,150.836578,14964.894531,0,113.592593,-6177.499642,46.389775,354.694861,1,,0,,,,,,EntryBurn,0,0,52749.884283,672.540098,,,,,,,,,,,,,,,,,,,,,,,,0,None,,,,,,,,,,,,,,,,,,,,,,,,1,0,0,,,0.565792,,,,,,,,,,,,,,,,,,,,,,,
186.159996,-,0,0,0,,,,88204.309487,2011.424639,1725.665465,-674.875056,9.653869,7.242351,,84621.266067,0.004539,0,81.421193,-0.000003,0,,1,0,0,0,98.578801,-0.000003,0.059717,1,1,-1,0.000001,0.000001,3.421555,-7.233757,2.146497,0.000001,14967.291992,150.898087,14967.505859,0,113.592178,-6177.501925,46.38978,354.694869,1,,0,,,,,,EntryBurn,0,0,53118.049168,674.875057,,,,,,,,,,,,,,,,,,,,,,,,0,None,,,,,,,,,,,,,,,,,,,,,,,,1,0,0,,,0.565808,,,,,,,,,,,,,,,,,,,,,,,
186.419996,-,0,0,0,,,,88028.39913,2012.247378,1726.621402,-677.210099,9.955512,7.243881,,84621.266067,0.004652,0,82.666764,-0.000003,0,,1,0,0,0,97.333236,-0.000003,0.072911,1,1,-1,0.000001,0.000001,4.177468,-8.966972,4.242793,0.000001,14966.761719,151.024857,14966.992188,0,113.59177,-6177.504268,46.389792,354.694885,1,,0,,,,,,EntryBurn,0,0,53487.585663,677.210101,,,,,,,,,,,,,,,,,,,,,,,,0,None,,,,,,,,,,,,,,,,,,,,,,,,1,0,0,,,0.565825,,,,,,,,,,,,,,,,,,,,,,,
186.679996,-,0,0,0,,,,87851.923785,2013.072509,1727.580002,-679.54526,10.267512,7.24533,,84621.266067,0.004734,0,83.036362,-0.000003,0,,1,0,0,0,96.963654,-0.000003,0.055811,1,1,-1,0,0.000001,3.197716,-9.624952,1.847436,0.000001,14969.291992,150.685425,14969.193359,0,113.591388,-6177.506651,46.389801,354.694897,1,,0,,,,,,EntryBurn,0,0,53858.498126,679.54526,,,,,,,,,,,,,,,,,,,,,,,,0,None,,,,,,,,,,,,,,,,,,,,,,,,1,0,0,,,0.565843,,,,,,,,,,,,,,,,,,,,,,,
186.939996,-,0,0,0,,,,87674.807577,2013.899098,1728.540303,-681.879917,10.590312,7.246697,,84621.266067,0.005064,0,83.865279,-0.000003,0,,1,0,0,0,96.134717,-0.000003,0.050504,1,1,-1,0.000001,0.000001,2.893686,-8.699139,4.133185,0.000001,14965.254883,150.46199,14965.301758,0,113.590962,-6177.509238,46.389805,354.694903,1,,0,,,,,,EntryBurn,0,0,54230.69214,681.879917,,,,,,,,,,,,,,,,,,,,,,,,0,None,,,,,,,,,,,,,,,,,,,,,,,,1,0,0,,,0.565862,,,,,,,,,,,,,,,,,,,,,,,
187.199996,-,0,0,0,,,,87497.085819,2014.728139,1729.503372,-684.214818,10.924315,7.24798,,84621.266067,0.005253,0,84.876972,-0.000003,0,,1,0,0,0,95.12302,-0.000003,0.087339,1,1,-1,0.000001,0,5.004157,-7.114529,5.754031,0.000001,14956.157227,150.872208,14956.488281,0,113.590524,-6177.511863,46.389813,354.694914,1,,0,,,,,,EntryBurn,0,0,54604.287397,684.214818,,,,,,,,,,,,,,,,,,,,,,,,0,None,,,,,,,,,,,,,,,,,,,,,,,,1,0,0,,,0.565882,,,,,,,,,,,,,,,,,,,,,,,
187.439996,-,0,0,0,,,,87318.751623,2015.559464,1730.468975,-686.549877,11.26992,7.249182,,84621.266067,0.005323,0,85.266544,-0.000003,0,,1,0,0,0,94.733451,-0.000003,0.075422,1,1,-1,0.000001,0,4.321366,-10.255168,4.323917,0.000001,14973.042969,150.812195,14972.745117,0,113.590096,-6177.514555,46.389814,354.694916,1,,0,,,,,,EntryBurn,0,0,54979.270216,686.549878,,,,,,,,,,,,,,,,,,,,,,,,0,None,,,,,,,,,,,,,,,,,,,,,,,,1,0,0,,,0.565903,,,,,,,,,,,,,,,,,,,,,,,
187.719996,-,0,0,0,,,,87139.79212,2016.393084,1731.437196,-688.885165,11.627527,7.250301,,84621.266067,0.005428,0,86.496744,-0.000003,0,,1,0,0,0,93.503246,-0.000003,0.060402,1,1,-1,0.000001,0,3.460776,-7.827946,2.936541,0.000002,14961.479492,150.878906,14961.893555,0,113.589644,-6177.51732,46.389821,354.694925,1,,0,,,,,,EntryBurn,0,0,55355.654802,688.885167,,,,,,,,,,,,,,,,,,,,,,,,0,None,,,,,,,,,,,,,,,,,,,,,,,,1,0,0,,,0.565924,,,,,,,,,,,,,,,,,,,,,,,
187.979996,-,0,0,0,,,,86960.225364,2017.228983,1732.407951,-691.220692,11.997512,7.251337,,84621.266067,0.005534,0,86.96633,-0.000003,0,,1,0,0,0,93.033664,-0.000003,0.026128,1,1,-1,0.000001,0,1.497052,-9.484096,2.862947,0.000002,14957.606445,150.647491,14957.65918,0,113.589217,-6177.520158,46.389821,354.694926,1,,0,,,,,,EntryBurn,0,0,55733.440601,691.220691,,,,,,,,,,,,,,,,,,,,,,,,0,None,,,,,,,,,,,,,,,,,,,,,,,,1,0,0,,,0.565938,,,,,,,,,,,,,,,,,,,,,,,
188.239996,-,0,0,0,,,,86780.091884,2018.066764,1733.380888,-693.555905,12.380277,7.252289,,84621.266067,0.005769,0,88.497887,-0.000003,0,,1,0,0,0,91.502118,-0.000003,0.06993,1,1,-1,0.000001,0.000001,4.006722,-7.596616,5.818126,0.000002,14962.34375,152.30072,14962.205078,0,113.588746,-6177.523117,46.389827,354.694934,1,,0,,,,,,EntryBurn,0,0,56112.545677,693.555907,,,,,,,,,,,,,,,,,,,,,,,,0,None,,,,,,,,,,,,,,,,,,,,,,,,1,0,0,,,0.565947,,,,,,,,,,,,,,,,,,,,,,,
188.499996,-,0,0,0,,,,86599.303446,2018.906249,1734.355736,-695.890994,12.776248,7.253155,,84621.266067,0.006112,0,88.602958,-0.000003,0,,1,0,0,0,91.39705,-0.000003,0.065172,1,1,-1,0.000002,0.000001,3.73407,-8.893324,3.477499,0.000002,14959.123047,151.08931,14959.335938,0,113.588254,-6177.52625,46.389821,354.694925,1,,0,,,,,,EntryBurn,0,0,56492.997577,695.890991,,,,,,,,,,,,,,,,,,,,,,,,0,None,,,,,,,,,,,,,,,,,,,,,,,,1,0,0,,,0.565956,,,,,,,,,,,,,,,,,,,,,,,
188.759996,-,0,0,0,,,,86417.976701,2019.748342,1735.333471,-698.226188,13.185801,7.253937,,84621.266067,0.006167,0,90.007692,-0.000002,0,,1,0,0,0,89.992304,-0.000002,0.071137,1,1,-1,0.000002,0.000001,4.075834,-8.748706,3.682552,0.000002,14953.785156,150.813416,14953.974609,0,113.58779,-6177.529369,46.389816,354.694919,1,,0,,,,,,EntryBurn,0,0,56874.835955,698.22619,,,,,,,,,,,,,,,,,,,,,,,,0,None,,,,,,,,,,,,,,,,,,,,,,,,1,0,0,,,0.565966,,,,,,,,,,,,,,,,,,,,,,,
189.019996,-,0,0,0,,,,86235.989559,2020.592403,1736.313475,-700.561768,13.609461,7.254634,,84621.266067,0.006337,0,91.140717,-0.000002,0,,1,0,0,0,88.859271,-0.000002,0.063978,1,1,-1,0.000002,0.000001,3.665646,-8.872349,2.126689,0.000002,14975.356445,150.898651,14975.827148,0,113.587318,-6177.532642,46.389811,354.694911,1,,0,,,,,,EntryBurn,0,0,57258.107043,700.561769,,,,,,,,,,,,,,,,,,,,,,,,0,None,,,,,,,,,,,,,,,,,,,,,,,,1,0,0,,,0.565982,,,,,,,,,,,,,,,,,,,,,,,
189.279996,-,0,0,0,,,,86053.382029,2021.439112,1737.296379,-702.897489,14.047614,7.255247,,84621.266067,0.006386,0,91.741937,-0.000001,0,,1,0,0,0,88.258079,-0.000001,0.093513,1,1,-1,0.000002,0.000001,5.357893,-8.267855,4.205125,0.000002,14968.511719,150.713638,14968.472656,0,113.586829,-6177.535899,46.389803,354.694901,1,,0,,,,,,EntryBurn,0,0,57642.773059,702.897491,,,,,,,,,,,,,,,,,,,,,,,,0,None,,,,,,,,,,,,,,,,,,,,,,,,1,0,0,,,0.566003,,,,,,,,,,,,,,,,,,,,,,,
189.519996,-,0,0,0,,,,85870.203098,2022.287969,1738.281684,-705.233518,14.500675,7.255775,,84621.266067,0.006496,0,93.17324,0,0,,1,0,0,0,86.826757,0,0.043695,1,1,-1,0.000002,0.000001,2.503551,-10.119087,6.225544,0.000002,14968.306641,150.717712,14968.457031,0,113.586365,-6177.53926,46.389789,354.694882,1,,0,,,,,,EntryBurn,0,0,58028.861302,705.233517,,,,,,,,,,,,,,,,,,,,,,,,0,None,,,,,,,,,,,,,,,,,,,,,,,,1,0,0,,,0.566031,,,,,,,,,,,,,,,,,,,,,,,
189.799996,-,0,0,0,,,,85686.427292,2023.139034,1739.269489,-707.569675,14.969068,7.256229,,84621.266067,0.006648,0,94.205096,0.000001,0,,1,0,0,0,85.794895,0.000001,0.051919,1,1,-1,0.000002,0.000001,2.974738,-7.650685,3.691972,0.000002,14959.919922,151.211609,14959.712891,0,113.585931,-6177.542697,46.389778,354.694865,1,,0,,,,,,EntryBurn,0,0,58416.344869,707.569675,,,,,,,,,,,,,,,,,,,,,,,,0,None,,,,,,,,,,,,,,,,,,,,,,,,1,0,0,,,0.566066,,,,,,,,,,,,,,,,,,,,,,,
190.059996,-,0,0,0,,,,85502.049422,2023.991533,1740.258889,-709.905116,15.453815,7.256725,,84621.266067,0.007001,0,95.086765,0.000002,0,,1,0,0,0,84.91325,0.000002,0.062983,1,1,-1,0.000001,0,3.608649,-9.593067,5.467988,0.000002,14958.427734,150.80069,14958.305664,0,113.585411,-6177.546321,46.389754,354.694832,1,,0,,,,,,EntryBurn,0,0,58805.088252,709.905115,,,,,,,,,,,,,,,,,,,,,,,,0,None,,,,,,,,,,,,,,,,,,,,,,,,1,0,0,,,0.566109,,,,,,,,,,,,,,,,,,,,,,,
190.319996,-,0,0,0,,,,85317.043027,2024.846456,1741.250999,-712.240882,15.95559,7.257297,,84621.266067,0.007139,0,96.208264,0.000002,0,,1,0,0,0,83.791738,0.000002,0.025539,1,1,-1,0.000001,0,1.463276,-8.77192,3.475334,0.000002,14958.900391,150.519623,14958.895508,0,113.584909,-6177.549987,46.38973,354.694799,1,,0,,,,,,EntryBurn,0,0,59195.26089,712.240878,,,,,,,,,,,,,,,,,,,,,,,,0,None,,,,,,,,,,,,,,,,,,,,,,,,1,0,0,,,0.566159,,,,,,,,,,,,,,,,,,,,,,,
190.579996,-,0,0,0,,,,85131.430839,2025.703475,1742.245474,-714.576775,16.474897,7.25794,,84621.266067,0.007307,0,97.449533,0.000002,0,,1,0,0,0,82.550466,0.000002,0.082327,1,1,-1,0.000001,0.000001,4.71698,-8.007812,2.366846,0.000002,14953.388672,150.88176,14953.232422,0,113.584384,-6177.553756,46.389706,354.694765,1,,0,,,,,,EntryBurn,0,0,59586.834297,714.576773,,,,,,,,,,,,,,,,,,,,,,,,0,None,,,,,,,,,,,,,,,,,,,,,,,,1,0,0,,,0.566217,,,,,,,,,,,,,,,,,,,,,,,
190.839996,-,0,0,0,,,,84945.19904,2026.562977,1743.242657,-716.912983,17.012257,7.258649,,84621.266067,0.007387,0,98.626929,0.000002,0,,1,0,0,0,81.373073,0.000002,0.077597,1,1,-1,0.000001,0.000001,4.445957,-7.910222,2.193687,0.000002,14967.455078,151.141129,14967.216797,0,113.583864,-6177.557554,46.389673,354.694719,1,,0,,,,,,EntryBurn,0,0,59979.841093,716.912986,,,,,,,,,,,,,,,,,,,,,,,,0,None,,,,,,,,,,,,,,,,,,,,,,,,1,0,0,,,0.566282,,,,,,,,,,,,,,,,,,,,,,,
191.099996,-,0,0,0,,,,84758.345673,2027.425044,1744.242642,-719.249534,17.567922,7.25942,,84621.266067,0.007425,0,99.510871,0.000003,0,,1,0,0,0,80.489138,0.000003,0.070079,1,1,-1,0.000001,0.000002,4.015254,-6.950434,2.898435,0.000002,14963.104492,151.225327,14962.402344,0,113.583357,-6177.561364,46.389635,354.694667,1,,0,,,,,,EntryBurn,0,0,60374.283901,719.249534,,,,,,,,,,,,,,,,,,,,,,,,0,None,,,,,,,,,,,,,,,,,,,,,,,,1,0,0,,,0.566354,,,,,,,,,,,,,,,,,,,,,,,
191.359996,-,0,0,0,,,,84570.931027,2028.289249,1745.245015,-721.58635,18.142636,7.260248,,84621.258438,0.007515,0,100.914543,0.000003,0,,1,0,0,0,79.085465,0.000003,0.074394,1,1,-1,0.000001,0.000002,4.262443,-9.249342,2.583968,0.000003,14965.621094,150.627731,14965.833008,0,113.582884,-6177.565274,46.389593,354.694608,1,,0,,,,,,EntryBurn,0,0,60770.134511,721.586349,,,,,,,,,,,,,,,,,,,,,,,,0,None,,,,,,,,,,,,,,,,,,,,,,,,1,0,0,,,0.566434,,,,,,,,,,,,,,,,,,,,,,,
191.619996,-,0,0,0,,,,84382.893045,2029.155866,1746.250077,-723.923421,18.737355,7.261127,,84621.258438,0.007637,0,102.186404,0.000004,0,,1,0,0,0,77.813613,0.000004,0.052874,1,1,-1,0.000001,0.000002,3.029475,-9.154664,4.621772,0.000003,14959.075195,151.903229,14958.583984,0,113.582428,-6177.569222,46.389552,354.69455,1,,0,,,,,,EntryBurn,0,0,61167.430429,723.923423,,,,,,,,,,,,,,,,,,,,,,,,0,None,,,,,,,,,,,,,,,,,,,,,,,,1,0,0,,,0.566522,,,,,,,,,,,,,,,,,,,,,,,
191.859996,-,0,0,0,,,,84194.251544,2030.024871,1747.257747,-726.260786,19.353118,7.262053,,84621.258438,0.007683,0,103.298701,0.000003,0,,1,0,0,0,76.701275,0.000003,0.099033,1,1,-1,0.000001,0.000002,5.674149,-9.565572,2.008826,0.000003,14956.444336,150.555878,14956.638672,0,113.581969,-6177.573217,46.389503,354.694481,1,,0,,,,,,EntryBurn,0,0,61566.161507,726.260784,,,,,,,,,,,,,,,,,,,,,,,,0,None,,,,,,,,,,,,,,,,,,,,,,,,1,0,0,,,0.566617,,,,,,,,,,,,,,,,,,,,,,,
192.139996,-,0,0,0,,,,84004.981017,2030.896306,1748.268082,-728.598268,19.990935,7.26302,,84621.258438,0.007751,0,104.324722,0.000004,0,,1,0,0,0,75.67528,0.000004,0.062519,1,1,-1,0.000001,0.000002,3.582085,-8.752247,3.601014,0.000003,14962.758789,151.090851,14962.978516,0,113.581515,-6177.577234,46.389451,354.694408,1,,0,,,,,,EntryBurn,0,0,61966.300083,728.598268,,,,,,,,,,,,,,,,,,,,,,,,0,None,,,,,,,,,,,,,,,,,,,,,,,,1,0,0,,,0.566727,,,,,,,,,,,,,,,,,,,,,,,
192.399996,-,0,0,0,,,,83815.108435,2031.770259,1749.281137,-730.936043,20.651717,7.264023,,84621.258438,0.007789,0,105.719885,0.000004,0,,1,0,0,0,74.280111,0.000004,0.01231,1,1,-1,0.000001,0.000002,0.705313,-7.030869,1.872942,0.000003,14959.216797,150.460892,14959.242188,0,113.581047,-6177.58127,46.389389,354.694322,1,,0,,,,,,EntryBurn,0,0,62367.879,730.936046,,,,,,,,,,,,,,,,,,,,,,,,0,None,,,,,,,,,,,,,,,,,,,,,,,,1,0,0,,,0.56685,,,,,,,,,,,,,,,,,,,,,,,
192.639996,-,0,0,0,,,,83624.618314,2032.64666,1750.296839,-733.273738,21.336587,7.265057,,84621.258438,0.007835,0,106.930392,0.000004,0,,1,0,0,0,73.06961,0.000004,0.076684,1,1,-1,0.000001,0.000002,4.393688,-9.370128,2.768205,0.000003,14968.273438,150.701691,14968.316406,0,113.580553,-6177.585306,46.389321,354.694227,1,,0,,,,,,EntryBurn,0,0,62770.833456,733.273738,,,,,,,,,,,,,,,,,,,,,,,,0,None,,,,,,,,,,,,,,,,,,,,,,,,1,0,0,,,0.56698,,,,,,,,,,,,,,,,,,,,,,,
192.919996,-,0,0,0,,,,83433.536033,2033.524992,1751.314648,-735.611463,22.04641,7.266114,,84621.258438,0.008058,0,108.223382,0.000005,0,,1,0,0,0,71.776629,0.000005,0.089701,1,1,-1,0.000001,0.000002,5.139482,-9.433484,3.794567,0.000003,14964.710938,150.550781,14964.701172,0,113.580054,-6177.589468,46.38924,354.694113,1,,0,,,,,,EntryBurn,0,0,63175.185743,735.611463,,,,,,,,,,,,,,,,,,,,,,,,0,None,,,,,,,,,,,,,,,,,,,,,,,,1,0,0,,,0.567119,,,,,,,,,,,,,,,,,,,,,,,
193.179996,-,0,0,0,,,,83241.842052,2034.405738,1752.335103,-737.949392,22.782242,7.267189,,84621.258438,0.008195,0,109.625963,0.000004,0,,1,0,0,0,70.37405,0.000004,0.074904,1,1,-1,0.000001,0.000002,4.291706,-8.816043,2.410117,0.000003,14964.385742,150.622665,14964.40918,0,113.579565,-6177.59366,46.389155,354.693994,1,,0,,,,,,EntryBurn,0,0,63580.965914,737.949392,,,,,,,,,,,,,,,,,,,,,,,,0,None,,,,,,,,,,,,,,,,,,,,,,,,1,0,0,,,0.567265,,,,,,,,,,,,,,,,,,,,,,,
193.419996,-,0,0,0,,,,83049.540904,2035.289729,1753.359048,-740.288035,23.545217,7.26828,,84621.258438,0.008007,0,110.907725,0.000005,0,,1,0,0,0,69.092272,0.000005,0.101502,1,1,-1,0.000001,0.000002,5.815644,-8.414186,4.176245,0.000003,14967.234375,150.637466,14967.246094,0,113.579119,-6177.597737,46.389067,354.693871,1,,0,,,,,,EntryBurn,0,0,63988.262243,740.288034,,,,,,,,,,,,,,,,,,,,,,,,0,None,,,,,,,,,,,,,,,,,,,,,,,,1,0,0,,,0.567418,,,,,,,,,,,,,,,,,,,,,,,
193.699996,-,0,0,0,,,,82856.659021,2036.176189,1754.38572,-742.626618,24.336228,7.269381,,84621.258438,0.007926,0,112.434493,0.000005,0,,1,0,0,0,67.565511,0.000005,0.093676,1,1,-1,0.000002,0.000002,5.367253,-9.806986,2.532691,0.000003,14966.344727,150.584,14966.356445,0,113.57868,-6177.601808,46.388984,354.693754,1,,0,,,,,,EntryBurn,0,0,64396.944674,742.626618,,,,,,,,,,,,,,,,,,,,,,,,0,None,,,,,,,,,,,,,,,,,,,,,,,,1,0,0,,,0.567578,,,,,,,,,,,,,,,,,,,,,,,
193.939996,-,0,0,0,,,,82663.160551,2037.065098,1755.414995,-744.965425,25.156531,7.270483,,84621.258438,0.008015,0,113.688342,0.000005,0,,1,0,0,0,66.311661,0.000005,0.094219,1,1,-1,0.000002,0.000002,5.398341,-9.133287,2.542737,0.000003,14963.352539,150.538864,14963.489258,0,113.578234,-6177.605902,46.388886,354.693616,1,,0,,,,,,EntryBurn,0,0,64807.063755,744.965425,,,,,,,,,,,,,,,,,,,,,,,,0,None,,,,,,,,,,,,,,,,,,,,,,,,1,0,0,,,0.567746,,,,,,,,,,,,,,,,,,,,,,,
194.219996,-,0,0,0,,,,82469.044622,2037.956349,1756.446795,-747.304624,26.007168,7.27158,,84621.258438,0.008148,0,115.060845,0.000006,0,,1,0,0,0,64.939165,0.000006,0.083796,1,1,-1,0.000002,0.000002,4.801171,-9.154399,1.87847,0.000003,14968.175781,150.572281,14968.179688,0,113.5778,-6177.610057,46.388774,354.693459,1,,0,,,,,,EntryBurn,0,0,65218.650684,747.304625,,,,,,,,,,,,,,,,,,,,,,,,0,None,,,,,,,,,,,,,,,,,,,,,,,,1,0,0,,,0.56792,,,,,,,,,,,,,,,,,,,,,,,
194.479996,-,0,0,0,,,,82274.288003,2038.850588,1757.481836,-749.644236,26.889287,7.272668,,84621.258438,0.008048,0,116.5476,0.000006,0,,1,0,0,0,63.452403,0.000006,0.078376,1,1,-1,0.000002,0.000002,4.490599,-9.949398,3.429397,0.000004,14966.932617,150.599487,14967.03125,0,113.577359,-6177.61413,46.388664,354.693304,1,,0,,,,,,EntryBurn,0,0,65631.711453,749.644237,,,,,,,,,,,,,,,,,,,,,,,,0,None,,,,,,,,,,,,,,,,,,,,,,,,1,0,0,,,0.568101,,,,,,,,,,,,,,,,,,,,,,,
194.739996,-,0,0,0,,,,82078.952784,2039.74778,1758.520053,-751.984061,27.803905,7.273741,,84621.258438,0.007855,0,117.92018,0.000006,0,,1,0,0,0,62.079826,0.000006,0.088073,1,1,-1,0.000002,0.000002,5.046227,-9.979466,2.581164,0.000004,14964.496094,150.595047,14964.600586,0,113.576941,-6177.618108,46.388554,354.693149,1,,0,,,,,,EntryBurn,0,0,66046.211472,751.984061,,,,,,,,,,,,,,,,,,,,,,,,0,None,,,,,,,,,,,,,,,,,,,,,,,,1,0,0,,,0.568288,,,,,,,,,,,,,,,,,,,,,,,
194.979996,-,0,0,0,,,,81883.027828,2040.647524,1759.561047,-754.324034,28.752049,7.274792,,84621.258438,0.007795,0,119.279975,0.000006,0,,1,0,0,0,60.720035,0.000006,0.080886,1,1,-1,0.000002,0.000002,4.634439,-9.077384,2.49825,0.000004,14965.985352,150.547882,14966.019531,0,113.576548,-6177.622075,46.388441,354.692992,1,,0,,,,,,EntryBurn,0,0,66462.141265,754.324035,,,,,,,,,,,,,,,,,,,,,,,,0,None,,,,,,,,,,,,,,,,,,,,,,,,1,0,0,,,0.56848,,,,,,,,,,,,,,,,,,,,,,,
195.259996,-,0,0,0,,,,81686.490825,2041.550012,1760.605008,-756.664317,29.734954,7.275815,,84621.258438,0.007747,0,120.664721,0.000007,0,,1,0,0,0,59.335284,0.000007,0.098115,1,1,-1,0.000002,0.000002,5.621587,-8.314721,2.450912,0.000004,14967.62793,150.583099,14967.575195,0,113.576154,-6177.626004,46.388327,354.69283,1,,0,,,,,,EntryBurn,0,0,66879.532294,756.664318,,,,,,,,,,,,,,,,,,,,,,,,0,None,,,,,,,,,,,,,,,,,,,,,,,,1,0,0,,,0.568678,,,,,,,,,,,,,,,,,,,,,,,
195.519996,-,0,0,0,,,,81489.322917,2042.455469,1761.652041,-759.005304,30.753898,7.276804,,84621.258438,0.007678,0,122.012089,0.000007,0,,1,0,0,0,57.987911,0.000007,0.096713,1,1,-1,0.000002,0.000002,5.541226,-10.292964,2.016393,0.000004,14964.766602,150.588333,14964.765625,0,113.57579,-6177.629876,46.388188,354.692635,1,,0,,,,,,EntryBurn,0,0,67298.455271,759.005306,,,,,,,,,,,,,,,,,,,,,,,,0,None,,,,,,,,,,,,,,,,,,,,,,,,1,0,0,,,0.568862,,,,,,,,,,,,,,,,,,,,,,,
195.779996,-,0,0,0,,,,81291.541939,2043.363974,1762.702343,-761.346383,31.809886,7.277751,,84621.258438,0.007588,0,123.74521,0.000007,0,,1,0,0,0,56.254785,0.000007,0.082566,1,1,-1,0.000002,0.000003,4.730667,-10.207491,1.934275,0.000005,14966.515625,150.669067,14966.480469,0,113.575427,-6177.63362,46.388051,354.692443,1,,0,,,,,,EntryBurn,0,0,67718.803356,761.346383,,,,,,,,,,,,,,,,,,,,,,,,0,None,,,,,,,,,,,,,,,,,,,,,,,,1,0,0,,,0.569052,,,,,,,,,,,,,,,,,,,,,,,
196.019996,-,0,0,0,,,,81093.206442,2044.275495,1763.75588,-763.687808,32.903933,7.278652,,84621.258438,0.00735,0,125.018229,0.000008,0,,1,0,0,0,54.981776,0.000008,0.094981,1,1,-1,0.000002,0.000003,5.442006,-9.343281,1.950972,0.000005,14966.577148,150.647202,14966.545898,0,113.575103,-6177.637263,46.387913,354.692249,1,,0,,,,,,EntryBurn,0,0,68140.624555,763.687808,,,,,,,,,,,,,,,,,,,,,,,,0,None,,,,,,,,,,,,,,,,,,,,,,,,1,0,0,,,0.569245,,,,,,,,,,,,,,,,,,,,,,,
196.299996,-,0,0,0,,,,80894.238472,2045.189658,1764.812295,-766.029605,34.037427,7.279497,,84621.258438,0.007289,0,126.516834,0.000007,0,,1,0,0,0,53.483161,0.000007,0.087591,1,1,-1,0.000002,0.000003,5.018595,-8.813202,2.377424,0.000005,14962.833984,150.706085,14962.834961,0,113.574787,-6177.640893,46.387774,354.692054,1,,0,,,,,,EntryBurn,0,0,68563.924295,766.029604,,,,,,,,,,,,,,,,,,,,,,,,0,None,,,,,,,,,,,,,,,,,,,,,,,,1,0,0,,,0.569441,,,,,,,,,,,,,,,,,,,,,,,
196.539996,-,0,0,0,,,,80694.618933,2046.106779,1765.871897,-768.371753,35.211557,7.280281,,84621.258438,0.007151,0,128.055918,0.000007,0,,1,0,0,0,51.944078,0.000007,0.092988,1,1,-1,0.000002,0.000003,5.327826,-10.141759,1.858899,0.000005,14967.365234,150.57489,14967.484375,0,113.574477,-6177.644436,46.387635,354.691859,1,,0,,,,,,EntryBurn,0,0,68988.702832,768.371752,,,,,,,,,,,,,,,,,,,,,,,,0,None,,,,,,,,,,,,,,,,,,,,,,,,1,0,0,,,0.56964,,,,,,,,,,,,,,,,,,,,,,,
196.799996,-,0,0,0,,,,80494.460178,2047.027272,1766.935055,-770.713992,36.42723,7.280997,,84621.258438,0.0069,0,129.594133,0.000008,0,,1,0,0,0,50.405875,0.000008,0.105808,1,1,-1,0.000003,0.000003,6.062356,-8.728094,2.297037,0.000006,14966.417969,150.676285,14966.291992,0,113.574189,-6177.647774,46.387496,354.691663,1,,0,,,,,,EntryBurn,0,0,69414.913759,770.713992,,,,,,,,,,,,,,,,,,,,,,,,0,None,,,,,,,,,,,,,,,,,,,,,,,,1,0,0,,,0.56984,,,,,,,,,,,,,,,,,,,,,,,
197.079996,-,0,0,0,,,,80293.671509,2047.950287,1768.000904,-773.056527,37.685844,7.281639,,84621.258438,0.006801,0,130.975463,0.000008,0,,1,0,0,0,49.024544,0.000008,0.103761,1,1,-1,0.000002,0.000003,5.945058,-9.24122,1.886943,0.000005,14966.696289,150.496002,14966.708984,0,113.573898,-6177.651118,46.387346,354.691453,1,,0,,,,,,EntryBurn,0,0,69842.596086,773.056526,,,,,,,,,,,,,,,,,,,,,,,,0,None,,,,,,,,,,,,,,,,,,,,,,,,1,0,0,,,0.570042,,,,,,,,,,,,,,,,,,,,,,,
197.319996,-,0,0,0,,,,80092.257271,2048.876759,1769.070463,-775.399463,38.988678,7.282197,,84621.258438,0.006595,0,132.502182,0.000008,0,,1,0,0,0,47.497814,0.000008,0.104205,1,1,-1,0.000003,0.000003,5.970492,-9.595753,2.098159,0.000005,14964.930664,150.534561,14964.939453,0,113.573612,-6177.654265,46.387204,354.691253,1,,0,,,,,,EntryBurn,0,0,70271.771919,775.399464,,,,,,,,,,,,,,,,,,,,,,,,0,None,,,,,,,,,,,,,,,,,,,,,,,,1,0,0,,,0.570254,,,,,,,,,,,,,,,,,,,,,,,
197.579996,-,0,0,0,,,,79890.260299,2049.806109,1770.143156,-777.742588,40.336569,7.282667,,84621.258438,0.006327,0,133.968018,0.000007,0,,1,0,0,0,46.031988,0.000007,0.090504,1,1,-1,0.000002,0.000003,5.185478,-9.101015,1.665812,0.000005,14966.19043,150.582184,14966.173828,0,113.573362,-6177.657325,46.38707,354.691064,1,,0,,,,,,EntryBurn,0,0,70702.401894,777.742589,,,,,,,,,,,,,,,,,,,,,,,,0,None,,,,,,,,,,,,,,,,,,,,,,,,1,0,0,,,0.57048,,,,,,,,,,,,,,,,,,,,,,,
197.859996,-,0,0,0,,,,79687.651173,2050.73834,1771.218924,-780.086218,41.730741,7.28304,,84621.258438,0.006202,0,135.481347,0.000007,0,,1,0,0,0,44.518666,0.000007,0.10609,1,1,-1,0.000002,0.000003,6.078495,-9.123114,1.470999,0.000005,14966.118164,150.58226,14966.168945,0,113.573135,-6177.660325,46.386929,354.690866,1,,0,,,,,,EntryBurn,0,0,71134.546583,780.086217,,,,,,,,,,,,,,,,,,,,,,,,0,None,,,,,,,,,,,,,,,,,,,,,,,,1,0,0,,,0.57072,,,,,,,,,,,,,,,,,,,,,,,
198.119996,-,0,0,0,,,,79484.429291,2051.673543,1772.297885,-782.430208,43.173333,7.283307,,84621.258438,0.006091,0,136.965829,0.000007,0,,1,0,0,0,43.034184,0.000007,0.092715,1,1,-1,0.000002,0.000003,5.312201,-8.069741,1.537472,0.000004,14967.013672,150.563507,14967.035156,0,113.572908,-6177.663233,46.386789,354.690669,1,,0,,,,,,EntryBurn,0,0,71568.184195,782.430209,,,,,,,,,,,,,,,,,,,,,,,,0,None,,,,,,,,,,,,,,,,,,,,,,,,1,0,0,,,0.570975,,,,,,,,,,,,,,,,,,,,,,,
198.379996,-,0,0,0,,,,79280.601484,2052.611855,1773.380209,-784.774597,44.66628,7.283462,,84621.258438,0.005832,0,138.52951,0.000008,0,,1,0,0,0,41.4705,0.000008,0.093448,1,1,-1,0.000003,0.000002,5.35416,-8.753284,1.703603,0.000005,14966.649414,150.642822,14966.696289,0,113.572726,-6177.666017,46.386656,354.690481,1,,0,,,,,,EntryBurn,0,0,72003.320153,784.774597,,,,,,,,,,,,,,,,,,,,,,,,0,None,,,,,,,,,,,,,,,,,,,,,,,,1,0,0,,,0.571247,,,,,,,,,,,,,,,,,,,,,,,
198.619996,-,0,0,0,,,,79076.175223,2053.55306,1774.465603,-787.118928,46.211834,7.283498,,84621.258438,0.005592,0,140.091329,0.000009,0,,1,0,0,0,39.908673,0.000009,0.073938,1,1,-1,0.000004,0.000002,4.236339,-9.077102,1.443148,0.000005,14963.620117,150.634384,14963.580078,0,113.572522,-6177.668688,46.386521,354.690292,1,,0,,,,,,EntryBurn,0,0,72439.874487,787.118928,,,,,,,,,,,,,,,,,,,,,,,,0,None,,,,,,,,,,,,,,,,,,,,,,,,1,0,0,,,0.571535,,,,,,,,,,,,,,,,,,,,,,,
198.899996,-,0,0,0,,,,78871.129759,2054.497649,1775.554548,-789.463797,47.812286,7.283407,,84621.258438,0.005368,0,141.521706,0.00001,0,,1,0,0,0,38.478305,0.00001,0.086349,1,1,-1,0.000005,0.000002,4.947416,-10.122539,1.163189,0.000005,14964.884766,150.561508,14964.945313,0,113.572341,-6177.671187,46.38638,354.690093,1,,0,,,,,,EntryBurn,0,0,72877.960376,789.463797,,,,,,,,,,,,,,,,,,,,,,,,0,None,,,,,,,,,,,,,,,,,,,,,,,,1,0,0,,,0.571841,,,,,,,,,,,,,,,,,,,,,,,
199.159996,-,0,0,0,,,,78665.48614,2055.444977,1776.646464,-791.808976,49.469577,7.283181,,84621.258438,0.005239,0,143.041534,0.00001,0,,1,0,0,0,36.958458,0.00001,0.101302,1,1,-1,0.000005,0.000002,5.804181,-9.770877,1.245802,0.000007,14967.150391,150.623611,14967.113281,0,113.572189,-6177.673637,46.386242,354.689899,1,,0,,,,,,EntryBurn,0,0,73317.533535,791.808976,,,,,,,,,,,,,,,,,,,,,,,,0,None,,,,,,,,,,,,,,,,,,,,,,,,1,0,0,,,0.572168,,,,,,,,,,,,,,,,,,,,,,,
199.419996,-,0,0,0,,,,78459.214471,2056.395239,1777.741525,-794.154116,51.186188,7.282812,,84621.258438,0.005026,0,144.629519,0.00001,0,,1,0,0,0,35.370482,0.00001,0.089266,1,1,-1,0.000005,0.000003,5.114543,-8.68261,1.12695,0.000008,14964.066406,150.601303,14964.057617,0,113.571998,-6177.675965,46.386109,354.689712,1,,0,,,,,,EntryBurn,0,0,73758.536198,794.154115,,,,,,,,,,,,,,,,,,,,,,,,0,None,,,,,,,,,,,,,,,,,,,,,,,,1,0,0,,,0.572516,,,,,,,,,,,,,,,,,,,,,,,
199.679996,-,0,0,0,,,,78252.355925,2057.348312,1778.839741,-796.499747,52.963974,7.282291,,84621.258438,0.004801,0,146.051066,0.00001,0,,1,0,0,0,33.948948,0.00001,0.09716,1,1,-1,0.000005,0.000003,5.566871,-8.339408,1.078046,0.000007,14967.135742,150.612793,14967.073242,0,113.571867,-6177.678242,46.385995,354.689551,1,,0,,,,,,EntryBurn,0,0,74201.064153,796.499747,,,,,,,,,,,,,,,,,,,,,,,,0,None,,,,,,,,,,,,,,,,,,,,,,,,1,0,0,,,0.572886,,,,,,,,,,,,,,,,,,,,,,,
199.939996,-,0,0,0,,,,78044.905391,2058.304302,1779.9411,-798.845057,54.805221,7.281612,,84621.258438,0.00447,0,147.726467,0.00001,0,,1,0,0,0,32.273542,0.00001,0.102998,1,1,-1,0.000005,0.000003,5.901338,-8.413171,1.130669,0.000007,14969.077148,150.551819,14969.052734,0,113.571688,-6177.680373,46.385893,354.689407,1,,0,,,,,,EntryBurn,0,0,74644.971404,798.845056,,,,,,,,,,,,,,,,,,,,,,,,0,None,,,,,,,,,,,,,,,,,,,,,,,,1,0,0,,,0.573276,,,,,,,,,,,,,,,,,,,,,,,
200.199996,-,0,0,0,,,,77836.817496,2059.263111,1781.045522,-801.19071,56.712315,7.280765,,84621.258438,0.004288,0,149.16809,0.000009,0,,1,0,0,0,30.83192,0.000009,0.091502,1,1,-1,0.000005,0.000003,5.242652,-9.915483,0.508656,0.000007,14967.81543,150.651413,14967.849609,0,113.571517,-6177.68244,46.385796,354.68927,1,,0,,,,,,EntryBurn,0,0,75090.382728,801.190711,,,,,,,,,,,,,,,,,,,,,,,,0,None,,,,,,,,,,,,,,,,,,,,,,,,1,0,0,,,0.573688,,,,,,,,,,,,,,,,,,,,,,,
200.439996,-,0,0,0,,,,77628.145067,2060.224606,1782.152834,-803.536353,58.687147,7.279742,,84621.258438,0.004137,0,150.718833,0.000009,0,,1,0,0,0,29.281177,0.000009,0.107837,1,1,-1,0.000005,0.000004,6.178605,-9.022132,0.829913,0.000008,14966.428711,150.626587,14966.416992,0,113.571343,-6177.684438,46.385703,354.689139,1,,0,,,,,,EntryBurn,0,0,75537.231998,803.536353,,,,,,,,,,,,,,,,,,,,,,,,0,None,,,,,,,,,,,,,,,,,,,,,,,,1,0,0,,,0.574122,,,,,,,,,,,,,,,,,,,,,,,
200.719996,-,0,0,0,,,,77418.841286,2061.189042,1783.263293,-805.882526,60.73239,7.278536,,84621.258438,0.004004,0,152.283869,0.000009,0,,1,0,0,0,27.71614,0.000009,0.095563,1,1,-1,0.000005,0.000004,5.475328,-10.074759,0.251629,0.000008,14965.924805,150.542419,14965.898438,0,113.571181,-6177.686359,46.385608,354.689005,1,,0,,,,,,EntryBurn,0,0,75985.623919,805.882526,,,,,,,,,,,,,,,,,,,,,,,,0,None,,,,,,,,,,,,,,,,,,,,,,,,1,0,0,,,0.57458,,,,,,,,,,,,,,,,,,,,,,,
200.979996,-,0,0,0,,,,77208.956165,2062.156022,1784.376516,-808.22863,62.849669,7.277138,,84621.258438,0.003896,0,153.875059,0.000009,0,,1,0,0,0,26.124952,0.000009,0.099681,1,1,-1,0.000005,0.000005,5.711319,-8.336099,0.462142,0.000009,14965.686523,150.602478,14965.792969,0,113.571023,-6177.688237,46.38552,354.68888,1,,0,,,,,,EntryBurn,0,0,76435.447325,808.228631,,,,,,,,,,,,,,,,,,,,,,,,0,None,,,,,,,,,,,,,,,,,,,,,,,,1,0,0,,,0.575064,,,,,,,,,,,,,,,,,,,,,,,
201.239996,-,0,0,0,,,,76998.431648,2063.125657,1785.492683,-810.575275,65.041643,7.275539,,84621.258438,0.0038,0,155.578425,0.00001,0,,1,0,0,0,24.421581,0.00001,0.116205,1,-1,-1,0.000006,0.000006,6.658057,-9.854062,-0.208067,0.000012,14968.546875,150.567871,14968.474609,0,113.570876,-6177.690103,46.385442,354.68877,1,,0,,,,,,EntryBurn,0,0,76886.819394,810.575274,,,,,,,,,,,,,,,,,,,,,,,,0,None,,,,,,,,,,,,,,,,,,,,,,,,1,0,0,,,0.575575,,,,,,,,,,,,,,,,,,,,,,,
201.499995,-,0,0,0,,,,76787.327563,2064.098072,1786.611887,-812.921727,67.309915,7.273733,,84621.258438,0.003538,0,156.993471,0.000009,0,,1,0,0,0,23.006533,0.000009,0.104718,1,1,-1,0.000006,0.000006,5.999886,-8.836373,0.397412,0.000011,14963.34375,150.539185,14963.320313,0,113.570724,-6177.69186,46.385379,354.688682,1,,0,,,,,,EntryBurn,0,0,77339.602532,812.921727,,,,,,,,,,,,,,,,,,,,,,,,0,None,,,,,,,,,,,,,,,,,,,,,,,,1,0,0,,,0.575792,,,,,,,,,,,,,,,,,,,,,,,
201.759995,-,0,0,0,,,,76575.606179,2065.073104,1787.733927,-815.26784,69.657123,7.271709,,84621.258438,0.00329,0,158.595497,0.000008,0,,1,0,0,0,21.4045,0.000008,0.087842,1,1,-1,0.000005,0.000006,5.032965,-10.155046,1.067562,0.00001,14962.395508,150.513077,14962.4375,0,113.570514,-6177.693532,46.385327,354.688608,1,,0,,,,,,EntryBurn,0,0,77793.772392,815.267841,,,,,,,,,,,,,,,,,,,,,,,,0,None,,,,,,,,,,,,,,,,,,,,,,,,1,0,0,,,0.576358,,,,,,,,,,,,,,,,,,,,,,,
202.019995,-,0,0,0,,,,76363.295626,2066.050758,1788.858864,-817.614461,72.085153,7.269461,,84621.258438,0.003198,0,159.962515,0.000008,0,,1,0,0,0,20.037487,0.000008,0.097977,1,1,-1,0.000006,0.000006,5.613643,-10.015571,0.22092,0.000012,14966.991211,150.645111,14967.06543,0,113.570352,-6177.695192,46.385285,354.688548,1,,0,,,,,,EntryBurn,0,0,78249.487331,817.61446,,,,,,,,,,,,,,,,,,,,,,,,0,None,,,,,,,,,,,,,,,,,,,,,,,,1,0,0,,,0.576958,,,,,,,,,,,,,,,,,,,,,,,
202.279995,-,0,0,0,,,,76150.364826,2067.0308,1789.986406,-819.961032,74.596415,7.266981,,84621.258438,0.003188,0,161.593284,0.000008,0,,1,0,0,0,18.406723,0.000008,0.107455,1,1,-1,0.000005,0.000006,6.156695,-8.259851,0.243303,0.000011,14968.625977,150.576462,14968.600586,0,113.570155,-6177.696845,46.385248,354.688495,1,,0,,,,,,EntryBurn,0,0,78706.647618,819.961031,,,,,,,,,,,,,,,,,,,,,,,,0,None,,,,,,,,,,,,,,,,,,,,,,,,1,0,0,,,0.577595,,,,,,,,,,,,,,,,,,,,,,,
202.539995,-,0,0,0,,,,75936.8491,2068.013236,1791.116524,-822.30753,77.192419,7.264256,,84621.258438,0.003196,0,163.018715,0.000007,0,,1,0,0,0,16.981282,0.000007,0.09595,1,1,-1,0.000005,0.000007,5.497538,-9.379097,0.506191,0.000012,14965.586914,150.529663,14965.598633,0,113.569958,-6177.698483,46.385212,354.688444,1,,0,,,,,,EntryBurn,0,0,79165.247073,822.307529,,,,,,,,,,,,,,,,,,,,,,,,0,None,,,,,,,,,,,,,,,,,,,,,,,,1,0,0,,,0.578273,,,,,,,,,,,,,,,,,,,,,,,
202.799995,-,0,0,0,,,,75722.69436,2068.997734,1792.248971,-824.653945,79.875861,7.261281,,84621.258438,0.003227,0,164.684143,0.000007,0,,1,0,0,0,15.315862,0.000007,0.104903,1,-1,-1,0.000006,0.000007,6.010524,-10.152809,-0.857658,0.000012,14965.584961,150.555466,14965.477539,0,113.569716,-6177.700185,46.385189,354.688409,1,,0,,,,,,EntryBurn,0,0,79625.288359,824.653944,,,,,,,,,,,,,,,,,,,,,,,,0,None,,,,,,,,,,,,,,,,,,,,,,,,1,0,0,,,0.578993,,,,,,,,,,,,,,,,,,,,,,,
203.059995,-,0,0,0,,,,75507.960708,2069.984623,1793.383993,-827.000547,82.648318,7.258048,,84621.258438,0.003265,0,166.107308,0.000007,0,,1,0,0,0,13.892694,0.000007,0.092029,1,-1,-1,0.000006,0.000008,5.272852,-9.769612,-0.699732,0.000013,14964.532227,150.522781,14964.578125,0,113.569487,-6177.701897,46.385163,354.688373,1,,0,,,,,,EntryBurn,0,0,80086.822498,827.000548,,,,,,,,,,,,,,,,,,,,,,,,0,None,,,,,,,,,,,,,,,,,,,,,,,,1,0,0,,,0.57975,,,,,,,,,,,,,,,,,,,,,,,
203.319995,-,0,0,0,,,,75292.602086,2070.974268,1794.522014,-829.347521,85.51214,7.254548,,84621.258438,0.003177,0,167.408655,0.000006,0,,1,0,0,0,12.591354,0.000006,0.099661,1,-1,-1,0.000005,0.000007,5.710169,-8.22293,-0.736843,0.000012,14964.946289,150.571899,14965.09375,0,113.569283,-6177.703551,46.385146,354.688348,1,,0,,,,,,EntryBurn,0,0,80549.886978,829.347521,,,,,,,,,,,,,,,,,,,,,,,,0,None,,,,,,,,,,,,,,,,,,,,,,,,1,0,0,,,0.580547,,,,,,,,,,,,,,,,,,,,,,,
203.579995,-,0,0,0,,,,75076.644834,2071.965995,1795.662376,-831.694553,88.469029,7.250774,,84621.258438,0.003193,0,168.957509,0.000006,0,,1,0,0,0,11.042492,0.000006,0.105581,1,-1,-1,0.000007,0.000008,6.049318,-9.411679,-0.410443,0.000015,14965.580078,150.742798,14965.645508,0,113.569054,-6177.705273,46.385139,354.688338,1,,0,,,,,,EntryBurn,0,0,81014.415004,831.694553,,,,,,,,,,,,,,,,,,,,,,,,0,None,,,,,,,,,,,,,,,,,,,,,,,,1,0,0,,,0.581385,,,,,,,,,,,,,,,,,,,,,,,
203.839995,-,0,0,0,,,,74860.079577,2072.959924,1796.80511,-834.041793,91.52087,7.246717,,84621.258438,0.003324,0,170.22795,0.000005,0,,1,0,0,0,9.77206,0.000005,0.094163,1,1,-1,0.000006,0.000008,5.395159,-10.521074,0.566672,0.000014,14965.701172,150.567932,14965.708984,0,113.568837,-6177.707049,46.385127,354.68832,1,,0,,,,,,EntryBurn,0,0,81479.776982,834.041792,,,,,,,,,,,,,,,,,,,,,,,,0,None,,,,,,,,,,,,,,,,,,,,,,,,1,0,0,,,0.581569,,,,,,,,,,,,,,,,,,,,,,,
204.099995,-,0,0,0,,,,74642.885485,2073.956031,1797.950265,-836.389113,94.670613,7.242394,,84621.258438,0.003425,0,171.472964,0.000005,0,,1,0,0,0,8.527044,0.000005,0.091314,1,1,-1,0.000007,0.000009,5.231885,-10.39491,0.00007,0.000015,14968.948242,150.483994,14968.980469,0,113.568595,-6177.708873,46.385124,354.688315,1,,0,,,,,,EntryBurn,0,0,81945.550816,836.389113,,,,,,,,,,,,,,,,,,,,,,,,0,None,,,,,,,,,,,,,,,,,,,,,,,,1,0,0,,,0.580636,,,,,,,,,,,,,,,,,,,,,,,
204.359995,-,0,0,0,,,,74425.120671,2074.954314,1799.097809,-838.736536,97.925778,7.23797,,84621.258438,0.003478,0,172.636255,0.000004,0,,1,0,0,0,7.363745,0.000004,0.095768,1,-1,-1,0.000006,0.000008,5.487094,-10.236498,-0.751492,0.000015,14964.135742,150.561996,14964.217773,0,113.568374,-6177.710744,46.385124,354.688314,1,,0,,,,,,EntryBurn,0,0,82411.737206,838.736537,,,,,,,,,,,,,,,,,,,,,,,,0,None,,,,,,,,,,,,,,,,,,,,,,,,1,0,0,,,0.580242,,,,,,,,,,,,,,,,,,,,,,,
204.619995,-,0,0,0,,,,74206.726626,2075.954699,1800.247674,-841.083847,101.292316,7.233472,,84621.258438,0.003611,0,173.410503,0.000003,0,,1,0,0,0,6.5895,0.000003,0.099496,1,-1,-1,0.000008,0.000009,5.70072,-9.604147,-0.322692,0.000017,14965.170898,150.619965,14965.204102,0,113.568114,-6177.71266,46.385132,354.688325,1,,0,,,,,,EntryBurn,0,0,82878.296777,841.083847,,,,,,,,,,,,,,,,,,,,,,,,0,None,,,,,,,,,,,,,,,,,,,,,,,,1,0,0,,,0.580164,,,,,,,,,,,,,,,,,,,,,,,
204.859995,-,0,0,0,,,,73987.722366,2076.957126,1801.399861,-843.431547,104.774701,7.2289,,84621.258438,0.003728,0,174.13376,0.000001,0,,1,0,0,0,5.86624,0.000001,0.107983,1,-1,-1,0.000007,0.000009,6.186965,-10.080311,-1.1267,0.000016,14965.46875,150.493973,14965.46875,0,113.567864,-6177.714682,46.38515,354.688349,1,,0,,,,,,EntryBurn,0,0,83345.328268,843.431546,,,,,,,,,,,,,,,,,,,,,,,,0,None,,,,,,,,,,,,,,,,,,,,,,,,1,0,0,,,0.580367,,,,,,,,,,,,,,,,,,,,,,,
205.119995,-,0,0,0,,,,73768.134219,2077.961696,1802.554441,-845.779143,108.377326,7.224258,,84621.258438,0.003915,0,174.341669,-0.000002,0,,1,0,0,0,5.658325,-0.000002,0.102907,1,-1,-1,0.000008,0.000009,5.896149,-10.017473,-0.404536,0.000016,14966.259766,150.532318,14966.214844,0,113.567597,-6177.716738,46.385181,354.688391,1,,0,,,,,,EntryBurn,0,0,83812.73435,845.779141,,,,,,,,,,,,,,,,,,,,,,,,0,None,,,,,,,,,,,,,,,,,,,,,,,,1,0,0,,,0.580693,,,,,,,,,,,,,,,,,,,,,,,
205.399995,-,0,0,0,,,,73547.930749,2078.968103,1803.711103,-848.127102,112.10492,7.219544,,84621.258438,0.004108,0,174.180263,-0.000004,0,,1,0,0,0,5.819734,-0.000004,0.100292,1,-1,-1,0.000009,0.000009,5.746318,-9.455415,-0.460932,0.000018,14967.866211,150.543289,14967.841797,0,113.567353,-6177.718942,46.385215,354.688439,1,,0,,,,,,EntryBurn,0,0,84280.605739,848.127101,,,,,,,,,,,,,,,,,,,,,,,,0,None,,,,,,,,,,,,,,,,,,,,,,,,1,0,0,,,0.581255,,,,,,,,,,,,,,,,,,,,,,,
205.659995,-,0,0,0,,,,73327.094606,2079.976411,1804.869969,-850.475168,115.962597,7.214758,,84621.258438,0.004404,0,173.604,-0.000005,0,,1,0,0,0,6.396007,-0.000005,0.104372,1,-1,-1,0.000009,0.00001,5.98006,-10.699342,-0.284059,0.000019,14969.015625,150.514557,14968.976563,0,113.567084,-6177.721256,46.385267,354.688512,1,,0,,,,,,EntryBurn,0,0,84748.896003,850.475169,,,,,,,,,,,,,,,,,,,,,,,,0,None,,,,,,,,,,,,,,,,,,,,,,,,1,0,0,,,0.581799,,,,,,,,,,,,,,,,,,,,,,,
205.919995,-,0,0,0,,,,73105.67582,2080.986635,1806.031053,-852.823608,119.954099,7.209902,,84621.258438,0.00467,0,172.727052,-0.000006,0,,1,0,0,0,7.27295,-0.000006,0.107903,1,-1,-1,0.00001,0.00001,6.182383,-8.517562,-1.246048,0.000019,14964.672852,150.572296,14964.710938,0,113.566854,-6177.7237,46.385333,354.688604,1,,0,,,,,,EntryBurn,0,0,85217.652231,852.823608,,,,,,,,,,,,,,,,,,,,,,,,0,None,,,,,,,,,,,,,,,,,,,,,,,,1,0,0,,,0.582449,,,,,,,,,,,,,,,,,,,,,,,
206.179995,-,0,0,0,,,,72883.659046,2081.998551,1807.19416,-855.172144,124.083762,7.204945,,84621.258438,0.005007,0,171.671338,-0.000006,0,,1,0,0,0,8.328646,-0.000006,0.091103,1,-1,-1,0.000009,0.000009,5.21982,-9.296465,-1.443028,0.000017,14965.217773,150.558578,14965.245117,0,113.566615,-6177.726299,46.38542,354.688726,1,,0,,,,,,EntryBurn,0,0,85686.824092,855.172144,,,,,,,,,,,,,,,,,,,,,,,,0,None,,,,,,,,,,,,,,,,,,,,,,,,1,0,0,,,0.583105,,,,,,,,,,,,,,,,,,,,,,,
206.439995,-,0,0,0,,,,72661.006541,2083.012268,1808.359418,-857.521105,128.349577,7.199695,,84621.258438,0.005417,0,170.378217,-0.000007,0,,1,0,0,0,9.62178,-0.000007,0.09737,1,-1,-1,0.00001,0.000009,5.578865,-9.789743,-0.713547,0.000018,14970.813477,150.620789,14970.848633,0,113.566389,-6177.729059,46.385528,354.688876,1,,0,,,,,,EntryBurn,0,0,86156.474666,857.521104,,,,,,,,,,,,,,,,,,,,,,,,0,None,,,,,,,,,,,,,,,,,,,,,,,,1,0,0,,,0.583916,,,,,,,,,,,,,,,,,,,,,,,
206.699995,-,0,0,0,,,,72437.75429,2084.027447,1809.526528,-859.870315,132.754398,7.194135,,84621.258438,0.005926,0,169.140895,-0.000008,0,,1,0,0,0,10.859094,-0.000008,0.092641,1,-1,-1,0.000011,0.00001,5.307936,-9.159662,-3.450843,0.00002,14963.704102,150.50943,14963.75293,0,113.566163,-6177.732041,46.385663,354.689065,1,,0,,,,,,EntryBurn,0,0,86626.571089,859.870314,,,,,,,,,,,,,,,,,,,,,,,,0,None,,,,,,,,,,,,,,,,,,,,,,,,1,0,0,,,0.584785,,,,,,,,,,,,,,,,,,,,,,,
206.959995,-,0,0,0,,,,72213.924287,2085.043608,1810.694978,-862.219952,137.302748,7.188278,,84621.258438,0.006585,0,167.791845,-0.000009,0,,1,0,0,0,12.208165,-0.000009,0.101664,1,-1,-1,0.000011,0.000008,5.8249,-8.700693,-2.012088,0.000018,14966.771484,150.58403,14966.833984,0,113.565976,-6177.735372,46.385814,354.689278,1,,0,,,,,,EntryBurn,0,0,87097.145795,862.219951,,,,,,,,,,,,,,,,,,,,,,,,0,None,,,,,,,,,,,,,,,,,,,,,,,,1,0,0,,,0.585272,,,,,,,,,,,,,,,,,,,,,,,
207.219995,-,0,0,0,,,,71989.458697,2086.061114,1811.865161,-864.569611,141.99901,7.182139,,84621.258438,0.007259,0,166.291463,-0.00001,0,,1,0,0,0,13.708545,-0.00001,0.099837,1,-1,-1,0.000013,0.000009,5.720224,-9.023234,-2.917367,0.00002,14967.698242,150.547226,14967.654297,0,113.565763,-6177.738929,46.385995,354.689532,1,,0,,,,,,EntryBurn,0,0,87568.122515,864.56961,,,,,,,,,,,,,,,,,,,,,,,,0,None,,,,,,,,,,,,,,,,,,,,,,,,1,0,0,,,0.584901,,,,,,,,,,,,,,,,,,,,,,,
207.479995,-,0,0,0,,,,71764.378006,2087.079766,1813.036985,-866.919453,146.847957,7.175729,,84621.258438,0.008046,0,164.875677,-0.000011,0,,1,0,0,0,15.124336,-0.000011,0.097441,1,-1,-1,0.000015,0.000009,5.582969,-9.106939,-2.456211,0.000023,14965.433594,150.46756,14965.333008,0,113.565542,-6177.742774,46.386219,354.689846,1,,0,,,,,,EntryBurn,0,0,88039.532588,866.919454,,,,,,,,,,,,,,,,,,,,,,,,0,None,,,,,,,,,,,,,,,,,,,,,,,,1,0,0,,,0.584746,,,,,,,,,,,,,,,,,,,,,,,
207.739995,-,0,0,0,,,,71538.71568,2088.099141,1814.209949,-869.269783,151.853447,7.169065,,84621.258438,0.008906,0,163.469666,-0.000012,0,,1,0,0,0,16.530343,-0.000012,0.093532,1,-1,-1,0.000014,0.000009,5.35899,-9.137475,-1.855847,0.000021,14969.712891,150.60379,14969.821289,0,113.565354,-6177.747033,46.386467,354.690195,1,,0,,,,,,EntryBurn,0,0,88511.433123,869.269781,,,,,,,,,,,,,,,,,,,,,,,,0,None,,,,,,,,,,,,,,,,,,,,,,,,1,0,0,,,0.584729,,,,,,,,,,,,,,,,,,,,,,,
207.999995,-,0,0,0,,,,71312.438426,2089.119177,1815.384073,-871.620151,157.020495,7.16216,,84621.258438,0.009888,0,161.989449,-0.000012,0,,1,0,0,0,18.010556,-0.000012,0.090334,1,-1,-1,0.000015,0.000008,5.175784,-8.194768,-3.224703,0.000022,14965.964844,150.524719,14965.973633,0,113.565146,-6177.751677,46.386757,354.690603,1,,0,,,,,,EntryBurn,0,0,88983.739154,871.620151,,,,,,,,,,,,,,,,,,,,,,,,0,None,,,,,,,,,,,,,,,,,,,,,,,,1,0,0,,,0.583453,,,,,,,,,,,,,,,,,,,,,,,
208.239995,-,0,0,0,,,,71085.563586,2090.139407,1816.558872,-873.970803,162.353326,7.155029,,84621.258438,0.011021,0,160.303768,-0.000013,0,,1,0,0,0,19.696238,-0.000013,0.099497,1,-1,-1,0.000014,0.000007,5.700739,-9.276756,-1.086166,0.000019,14966.916016,150.688202,14966.716797,0,113.564949,-6177.756837,46.387081,354.691059,1,,0,,,,,,EntryBurn,0,0,89456.49716,873.970803,,,,,,,,,,,,,,,,,,,,,,,,0,None,,,,,,,,,,,,,,,,,,,,,,,,1,0,0,,,0.58372,,,,,,,,,,,,,,,,,,,,,,,
208.499995,-,0,0,0,,,,70858.080987,2091.159893,1817.734471,-876.321607,167.856875,7.147684,,84621.258438,0.012238,0,158.978015,-0.000013,0,,1,0,0,0,21.021987,-0.000013,0.097939,1,-1,-1,0.000014,0.000006,5.611504,-9.139971,-3.521449,0.000018,14965.874023,150.566803,14965.889648,0,113.564745,-6177.762486,46.387451,354.69158,1,,0,,,,,,EntryBurn,0,0,89929.681628,876.321607,,,,,,,,,,,,,,,,,,,,,,,,0,None,,,,,,,,,,,,,,,,,,,,,,,,1,0,0,,,0.584067,,,,,,,,,,,,,,,,,,,,,,,
208.779995,-,0,0,0,,,,70629.973109,2092.180123,1818.910356,-878.672097,173.535722,7.14014,,84621.258438,0.013577,0,157.572843,-0.000013,0,,1,0,0,0,22.427144,-0.000013,0.096615,1,-1,-1,0.000014,0.000006,5.535607,-9.254895,-3.410112,0.000017,14965.767578,150.555511,14965.814453,0,113.564482,-6177.768697,46.387869,354.692168,1,,0,,,,,,EntryBurn,0,0,90403.201706,878.672097,,,,,,,,,,,,,,,,,,,,,,,,0,None,,,,,,,,,,,,,,,,,,,,,,,,1,0,0,,,0.584599,,,,,,,,,,,,,,,,,,,,,,,
209.039995,-,0,0,0,,,,70401.257145,2093.200091,1820.086532,-881.02294,179.395003,7.132412,,84621.258438,0.014968,0,156.026185,-0.000012,0,,1,0,0,0,23.973809,-0.000012,0.096242,1,-1,-1,0.000012,0.000008,5.514267,-9.597308,-1.736701,0.000016,14966.012695,150.589584,14966.091797,0,113.564221,-6177.775537,46.388328,354.692814,1,,0,,,,,,EntryBurn,0,0,90877.189145,881.02294,,,,,,,,,,,,,,,,,,,,,,,,0,None,,,,,,,,,,,,,,,,,,,,,,,,1,0,0,,,0.585036,,,,,,,,,,,,,,,,,,,,,,,
209.299995,-,0,0,0,,,,70171.922602,2094.219197,1821.262424,-883.373445,185.438524,7.124511,,84621.258438,0.016515,0,154.589907,-0.000011,0,,1,0,0,0,25.41009,-0.000011,0.09043,1,-1,-1,0.00001,0.000013,5.181246,-8.932912,-0.820202,0.000019,14966.859375,150.546646,14966.893555,0,113.563907,-6177.783076,46.388837,354.693531,1,,0,,,,,,EntryBurn,0,0,91351.505563,883.373445,,,,,,,,,,,,,,,,,,,,,,,,0,None,,,,,,,,,,,,,,,,,,,,,,,,1,0,0,,,0.585576,,,,,,,,,,,,,,,,,,,,,,,
209.559995,-,0,0,0,,,,69942.006712,2095.237283,1822.437942,-885.723754,191.671841,7.116453,,84621.258438,0.018263,0,153.157056,-0.000012,0,,1,0,0,0,26.842953,-0.000012,0.087877,1,-1,-1,0.00001,0.000014,5.034997,-9.493873,-3.207389,0.00002,14970.474609,150.526108,14970.445313,0,113.563547,-6177.791366,46.389404,354.69433,1,,0,,,,,,EntryBurn,0,0,91826.180988,885.723755,,,,,,,,,,,,,,,,,,,,,,,,0,None,,,,,,,,,,,,,,,,,,,,,,,,1,0,0,,,0.586093,,,,,,,,,,,,,,,,,,,,,,,
209.819995,-,0,0,0,,,,69711.443501,2096.254173,1823.612865,-888.07351,198.098866,7.108253,,84621.258438,0.019999,0,151.704493,-0.000012,0,,1,0,0,0,28.295508,-0.000012,0.075332,1,-1,-1,0.000011,0.000016,4.316181,-10.044205,-3.99205,0.000024,14965.731445,150.668564,14965.838867,0,113.563087,-6177.800412,46.390026,354.695207,1,,0,,,,,,EntryBurn,0,0,92301.145067,888.073512,,,,,,,,,,,,,,,,,,,,,,,,0,None,,,,,,,,,,,,,,,,,,,,,,,,1,0,0,,,0.586718,,,,,,,,,,,,,,,,,,,,,,,
210.059995,-,0,0,0,,,,69480.29909,2097.269413,1824.786767,-890.423622,204.72576,7.099924,,84621.258438,0.021901,0,150.2157,-0.000012,0,,1,0,0,0,29.784303,-0.000012,0.074722,1,-1,-1,0.000011,0.000016,4.281259,-8.908475,-3.977561,0.000024,14962.474609,150.608841,14962.572266,0,113.562657,-6177.810406,46.390691,354.696144,1,,0,,,,,,EntryBurn,0,0,92776.572833,890.423622,,,,,,,,,,,,,,,,,,,,,,,,0,None,,,,,,,,,,,,,,,,,,,,,,,,1,0,0,,,0.587474,,,,,,,,,,,,,,,,,,,,,,,
210.339995,-,0,0,0,,,,69248.556752,2098.282607,1825.959256,-892.773256,211.56196,7.09148,,84621.258438,0.023918,0,148.737541,-0.000013,0,,1,0,0,0,31.262451,-0.000013,0.086442,1,-1,-1,0.000011,0.000017,4.952787,-8.71435,-1.782076,0.000026,14967.236328,150.540421,14967.271484,0,113.562156,-6177.82136,46.391408,354.697157,1,,0,,,,,,EntryBurn,0,0,93252.302607,892.773256,,,,,,,,,,,,,,,,,,,,,,,,0,None,,,,,,,,,,,,,,,,,,,,,,,,1,0,0,,,0.588252,,,,,,,,,,,,,,,,,,,,,,,
210.599995,-,0,0,0,,,,69016.219509,2099.293532,1827.130132,-895.122217,218.615739,7.082936,,84621.258438,0.026034,0,147.419078,-0.000013,0,,1,0,0,0,32.58091,-0.000013,0.072844,1,-1,-1,0.000012,0.000017,4.173662,-10.271715,-3.148719,0.000027,14964.334961,150.680832,14964.539063,0,113.561554,-6177.833307,46.392183,354.69825,1,,0,,,,,,EntryBurn,0,0,93728.295343,895.122217,,,,,,,,,,,,,,,,,,,,,,,,0,None,,,,,,,,,,,,,,,,,,,,,,,,1,0,0,,,0.589287,,,,,,,,,,,,,,,,,,,,,,,
210.859995,-,0,0,0,,,,68783.253454,2100.301602,1828.298815,-897.470789,225.897085,7.074303,,84621.258438,0.028315,0,145.847255,-0.000014,0,,1,0,0,0,34.152742,-0.000014,0.087722,1,-1,-1,0.000014,0.000021,5.026107,-9.361279,-3.757429,0.000033,14964.251953,150.583588,14964.397461,0,113.560874,-6177.84641,46.393008,354.699413,1,,0,,,,,,EntryBurn,0,0,94204.607102,897.470789,,,,,,,,,,,,,,,,,,,,,,,,0,None,,,,,,,,,,,,,,,,,,,,,,,,1,0,0,,,0.589276,,,,,,,,,,,,,,,,,,,,,,,
211.119995,-,0,0,0,,,,68549.666175,2101.306734,1829.465241,-899.818259,233.415263,7.065596,,84621.258438,0.030682,0,144.526376,-0.000014,0,,1,0,0,0,35.473617,-0.000014,0.078418,1,-1,-1,0.000014,0.000019,4.493014,-10.397829,-2.886778,0.000031,14966.756836,150.52623,14966.756836,0,113.560035,-6177.86062,46.393894,354.700665,1,,0,,,,,,EntryBurn,0,0,94681.097152,899.818259,,,,,,,,,,,,,,,,,,,,,,,,0,None,,,,,,,,,,,,,,,,,,,,,,,,1,0,0,,,0.590793,,,,,,,,,,,,,,,,,,,,,,,
211.379995,-,0,0,0,,,,68315.482851,2102.308508,1830.628947,-902.165498,241.178216,7.056828,,84621.258438,0.033145,0,142.975315,-0.000014,0,,1,0,0,0,37.024685,-0.000014,0.072311,1,-1,-1,0.000014,0.000021,4.143116,-8.95221,-3.709874,0.000033,14964.109375,150.65419,14964.100586,0,113.559135,-6177.876118,46.394821,354.701973,1,,0,,,,,,EntryBurn,0,0,95157.936044,902.165497,,,,,,,,,,,,,,,,,,,,,,,,0,None,,,,,,,,,,,,,,,,,,,,,,,,1,0,0,,,0.592655,,,,,,,,,,,,,,,,,,,,,,,
211.639995,-,0,0,0,,,,68080.698118,2103.306505,1831.789553,-904.511534,249.19571,7.048013,,84621.258438,0.035738,0,141.804363,-0.000014,0,,1,0,0,0,38.195649,-0.000014,0.074536,1,-1,-1,0.000013,0.00002,4.270607,-8.742523,-3.198179,0.000032,14965.413086,150.620728,14965.402344,0,113.558088,-6177.892906,46.395804,354.703361,1,,0,,,,,,EntryBurn,0,0,95634.93104,904.511534,,,,,,,,,,,,,,,,,,,,,,,,0,None,,,,,,,,,,,,,,,,,,,,,,,,1,0,0,,,0.594537,,,,,,,,,,,,,,,,,,,,,,,
211.899995,-,0,0,0,,,,67845.295255,2104.300629,1832.946918,-906.856659,257.477476,7.039167,,84621.258438,0.038378,0,140.286504,-0.000014,0,,1,0,0,0,39.713509,-0.000014,0.072487,1,-1,-1,0.000014,0.000022,4.153215,-8.892376,-3.251603,0.000035,14965.919922,150.570847,14965.841797,0,113.556902,-6177.911036,46.396832,354.704811,1,,0,,,,,,EntryBurn,0,0,96112.139514,906.856659,,,,,,,,,,,,,,,,,,,,,,,,0,None,,,,,,,,,,,,,,,,,,,,,,,,1,0,0,,,0.596454,,,,,,,,,,,,,,,,,,,,,,,
212.159995,-,0,0,0,,,,67609.289514,2105.290433,1834.10058,-909.200836,266.032928,7.030301,,84621.258438,0.041046,0,138.916632,-0.000014,0,,1,0,0,0,41.083371,-0.000014,0.07134,1,-1,-1,0.000013,0.000022,4.087474,-9.356657,-3.784674,0.000035,14964.835938,150.565887,14964.912109,0,113.555579,-6177.930608,46.397899,354.706317,1,,0,,,,,,EntryBurn,0,0,96589.554029,909.200837,,,,,,,,,,,,,,,,,,,,,,,,0,None,,,,,,,,,,,,,,,,,,,,,,,,1,0,0,,,0.598444,,,,,,,,,,,,,,,,,,,,,,,
212.419995,-,0,0,0,,,,67372.671456,2106.275352,1835.250019,-911.543454,274.871439,7.021429,,84621.258438,0.043999,0,137.674122,-0.000015,0,,1,0,0,0,42.32587,-0.000015,0.065956,1,-1,-1,0.000016,0.000024,3.779006,-10.163755,-2.963332,0.000038,14966.579102,150.494263,14966.686523,0,113.554053,-6177.951692,46.399015,354.707894,1,,0,,,,,,EntryBurn,0,0,97067.050763,911.543454,,,,,,,,,,,,,,,,,,,,,,,,0,None,,,,,,,,,,,,,,,,,,,,,,,,1,0,0,,,0.600507,,,,,,,,,,,,,,,,,,,,,,,
212.679995,-,0,0,0,,,,67135.455428,2107.255338,1836.395157,-913.884651,284.003613,7.012567,,84621.258438,0.046962,0,136.434775,-0.000014,0,,1,0,0,0,43.56524,-0.000014,0.075645,1,-1,-1,0.000014,0.000024,4.334131,-9.550721,-3.297584,0.000036,14961.823242,150.470078,14961.852539,0,113.552339,-6177.974313,46.400175,354.709532,1,,0,,,,,,EntryBurn,0,0,97544.659011,913.884652,,,,,,,,,,,,,,,,,,,,,,,,0,None,,,,,,,,,,,,,,,,,,,,,,,,1,0,0,,,0.602638,,,,,,,,,,,,,,,,,,,,,,,
212.939995,-,0,0,0,,,,66897.610888,2108.230169,1837.535796,-916.224615,293.439468,7.003724,,84621.258438,0.05006,0,135.106958,-0.000013,0,,1,0,0,0,44.893035,-0.000013,0.076761,1,-1,-1,0.000014,0.000024,4.398098,-8.04831,-3.665568,0.000036,14962.723633,150.587906,14962.737305,0,113.550442,-6177.998542,46.401377,354.71123,1,,0,,,,,,EntryBurn,0,0,98022.412524,916.224615,,,,,,,,,,,,,,,,,,,,,,,,0,None,,,,,,,,,,,,,,,,,,,,,,,,1,0,0,,,0.604835,,,,,,,,,,,,,,,,,,,,,,,
213.199995,-,0,0,0,,,,66659.172858,2109.19949,1838.671541,-918.562964,303.189695,6.994918,,84621.258438,0.053179,0,133.898228,-0.000014,0,,1,0,0,0,46.101777,-0.000014,0.075855,1,-1,-1,0.000015,0.000025,4.346156,-9.476462,-3.512487,0.000038,14966.264648,150.507629,14966.171875,0,113.548332,-6178.024423,46.402618,354.712982,1,,0,,,,,,EntryBurn,0,0,98500.236619,918.562964,,,,,,,,,,,,,,,,,,,,,,,,0,None,,,,,,,,,,,,,,,,,,,,,,,,1,0,0,,,0.607093,,,,,,,,,,,,,,,,,,,,,,,
213.439995,-,0,0,0,,,,66420.119205,2110.162752,1839.801808,-920.899195,313.263828,6.986157,,84621.258438,0.056473,0,132.755713,-0.000013,0,,1,0,0,0,47.244279,-0.000013,0.064027,1,-1,-1,0.000015,0.000025,3.668463,-9.464851,-3.16523,0.000036,14967.201172,150.574219,14967.260742,0,113.545942,-6178.052033,46.403894,354.714785,1,,0,,,,,,EntryBurn,0,0,98978.030318,920.899195,,,,,,,,,,,,,,,,,,,,,,,,0,None,,,,,,,,,,,,,,,,,,,,,,,,1,0,0,,,0.609409,,,,,,,,,,,,,,,,,,,,,,,
213.719995,-,0,0,0,,,,66180.457683,2111.120265,1840.926868,-923.233509,323.673367,6.977462,,84621.250808,0.059678,0,131.599245,-0.000013,0,,1,0,0,0,48.400752,-0.000013,0.072912,1,-1,-1,0.000014,0.000026,4.177524,-8.661502,-4.1588,0.000036,14965.37793,150.55722,14965.511719,0,113.543305,-6178.081319,46.405198,354.716627,1,,0,,,,,,EntryBurn,0,0,99455.80515,923.233509,,,,,,,,,,,,,,,,,,,,,,,,0,None,,,,,,,,,,,,,,,,,,,,,,,,1,0,0,,,0.61178,,,,,,,,,,,,,,,,,,,,,,,
213.979995,-,0,0,0,,,,65940.197769,2112.07157,1842.046271,-925.565928,334.42878,6.968842,,84621.250808,0.062976,0,130.384363,-0.000012,0,,1,0,0,0,49.615625,-0.000012,0.045716,1,-1,-1,0.000015,0.000027,2.619334,-9.327644,-3.57031,0.000037,14965.857422,150.604462,14965.889648,0,113.540433,-6178.112391,46.406528,354.718507,1,,0,,,,,,EntryBurn,0,0,99933.615143,925.565927,,,,,,,,,,,,,,,,,,,,,,,,0,None,,,,,,,,,,,,,,,,,,,,,,,,1,0,0,,,0.6142,,,,,,,,,,,,,,,,,,,,,,,
214.239995,-,0,0,0,,,,65699.349023,2113.016361,1843.159707,-927.895915,345.54127,6.960312,,84621.250808,0.066407,0,129.140479,-0.000013,0,,1,0,0,0,50.859524,-0.000013,0.068762,1,-1,-1,0.000018,0.000032,3.939759,-9.504333,-3.611487,0.000047,14966.344727,150.685562,14966.290039,0,113.537248,-6178.145265,46.407888,354.720428,1,,0,,,,,,EntryBurn,0,0,100411.328119,927.895914,,,,,,,,,,,,,,,,,,,,,,,,0,None,,,,,,,,,,,,,,,,,,,,,,,,1,0,0,,,0.616662,,,,,,,,,,,,,,,,,,,,,,,
214.499995,-,0,0,0,,,,65457.878982,2113.95452,1844.267038,-930.224014,357.022889,6.951884,,84621.250808,0.069886,0,128.188107,-0.000012,0,,1,0,0,0,51.811903,-0.000012,0.041789,1,-1,-1,0.000016,0.000029,2.394351,-9.549244,-3.484456,0.000042,14965.732422,150.550262,14965.674805,0,113.533805,-6178.180024,46.409267,354.722376,1,,0,,,,,,EntryBurn,0,0,100889.050847,930.224014,,,,,,,,,,,,,,,,,,,,,,,,0,None,,,,,,,,,,,,,,,,,,,,,,,,1,0,0,,,0.619161,,,,,,,,,,,,,,,,,,,,,,,
214.759995,-,0,0,0,,,,65215.828137,2114.885929,1845.368125,-932.549485,368.884817,6.943575,,84621.250808,0.073387,0,127.222061,-0.000011,0,,1,0,0,0,52.777942,-0.000011,0.061481,1,-1,-1,0.000016,0.000028,3.522616,-8.490769,-4.063049,0.000039,14964.825195,150.673553,14964.75293,0,113.530039,-6178.216619,46.410669,354.724358,1,,0,,,,,,EntryBurn,0,0,101366.632641,932.549484,,,,,,,,,,,,,,,,,,,,,,,,0,None,,,,,,,,,,,,,,,,,,,,,,,,1,0,0,,,0.621693,,,,,,,,,,,,,,,,,,,,,,,
215.019995,-,0,0,0,,,,64973.144254,2115.810203,1846.46257,-934.872554,381.140119,6.935394,,84621.250808,0.077,0,126.220167,-0.000011,0,,1,0,0,0,53.779826,-0.000011,0.059956,1,-1,-1,0.000015,0.000028,3.43522,-9.088625,-3.367442,0.000039,14965.670898,150.587479,14965.637695,0,113.525948,-6178.255164,46.412086,354.726361,1,,0,,,,,,EntryBurn,0,0,101844.120465,934.872555,,,,,,,,,,,,,,,,,,,,,,,,0,None,,,,,,,,,,,,,,,,,,,,,,,,1,0,0,,,0.624254,,,,,,,,,,,,,,,,,,,,,,,
215.279995,-,0,0,0,,,,64729.871056,2116.727426,1847.55043,-937.193065,393.799978,6.927358,,84621.250808,0.080636,0,125.231331,-0.00001,0,,1,0,0,0,54.768674,-0.00001,0.049233,1,-1,-1,0.000017,0.000027,2.820866,-8.656544,-3.934939,0.000038,14963.856445,150.526978,14963.887695,0,113.521534,-6178.295621,46.413517,354.728383,1,,0,,,,,,EntryBurn,0,0,102321.477767,937.193064,,,,,,,,,,,,,,,,,,,,,,,,0,None,,,,,,,,,,,,,,,,,,,,,,,,1,0,0,,,0.626836,,,,,,,,,,,,,,,,,,,,,,,
215.539995,-,0,0,0,,,,64486.000205,2117.637316,1848.631438,-939.510891,406.882864,6.91948,,84621.250808,0.084334,0,124.530733,-0.000012,0,,1,0,0,0,55.469285,-0.000012,0.041577,1,-1,-1,0.000024,0.000018,2.38219,-8.528618,-2.855696,0.000032,14965.552734,150.604156,14965.696289,0,113.516771,-6178.338045,46.414963,354.730428,1,,0,,,,,,EntryBurn,0,0,102798.680613,939.510891,,,,,,,,,,,,,,,,,,,,,,,,0,None,,,,,,,,,,,,,,,,,,,,,,,,1,0,0,,,0.629435,,,,,,,,,,,,,,,,,,,,,,,
215.799995,-,0,0,0,,,,64241.532133,2118.539846,1849.705526,-941.825997,420.392296,6.911645,,84621.250808,0.088051,0,123.650677,-0.000013,0,,1,0,0,0,56.349334,-0.000013,0.063184,1,-1,-1,0.000034,0.00001,3.620167,-9.294966,-2.551786,0.000036,14965.727539,150.601929,14965.716797,0,113.511653,-6178.382435,46.416418,354.732484,1,,0,,,,,,EntryBurn,0,0,103275.719872,941.825999,,,,,,,,,,,,,,,,,,,,,,,,0,None,,,,,,,,,,,,,,,,,,,,,,,,1,0,0,,,0.632045,,,,,,,,,,,,,,,,,,,,,,,
216.059995,-,0,0,0,,,,63996.474418,2119.43491,1850.772601,-944.138457,434.332266,6.903752,,84621.250808,0.09182,0,122.861572,-0.000012,0,,1,0,0,0,57.138437,-0.000012,0.033441,1,-1,-1,0.000041,0.000009,1.91605,-10.085729,-2.604187,0.000045,14964.052734,150.645645,14964.023438,0,113.506202,-6178.428825,46.417882,354.734554,1,,0,,,,,,EntryBurn,0,0,103752.605668,944.138457,,,,,,,,,,,,,,,,,,,,,,,,0,None,,,,,,,,,,,,,,,,,,,,,,,,1,0,0,,,0.634657,,,,,,,,,,,,,,,,,,,,,,,
216.319995,-,0,0,0,,,,63750.810977,2120.32251,1851.832648,-946.44805,448.71907,6.895803,,84621.250808,0.095586,0,122.051044,-0.000011,0,,1,0,0,0,57.948976,-0.000011,0.048383,1,-1,-1,0.000043,0.000009,2.772116,-9.251878,-2.579642,0.000049,14967.063477,150.516571,14967.092773,0,113.500376,-6178.477191,46.419354,354.736636,1,,0,,,,,,EntryBurn,0,0,104229.295098,946.448049,,,,,,,,,,,,,,,,,,,,,,,,0,None,,,,,,,,,,,,,,,,,,,,,,,,1,0,0,,,0.637264,,,,,,,,,,,,,,,,,,,,,,,
216.579995,-,0,0,0,,,,63504.559975,2121.202335,1852.885365,-948.754649,463.567876,6.887797,,84621.250808,0.09946,0,121.455051,-0.000009,0,,1,0,0,0,58.544945,-0.000009,0.038028,1,-1,-1,0.000048,0.00001,2.178838,-9.3113,-2.788656,0.000056,14964.641602,150.540451,14964.677734,0,113.494156,-6178.527591,46.420835,354.73873,1,,0,,,,,,EntryBurn,0,0,104705.761286,948.754648,,,,,,,,,,,,,,,,,,,,,,,,0,None,,,,,,,,,,,,,,,,,,,,,,,,1,0,0,,,0.63986,,,,,,,,,,,,,,,,,,,,,,,
216.839995,-,0,0,0,,,,63257.705167,2122.074509,1853.930898,-951.058583,478.89485,6.879736,,84621.250808,0.103365,0,120.766103,-0.000007,0,,1,0,0,0,59.233898,-0.000007,0.046512,1,-1,-1,0.00005,0.000012,2.664949,-8.048765,-2.363796,0.000059,14966.960938,150.637451,14967.018555,0,113.487589,-6178.58003,46.422326,354.740838,1,,0,,,,,,EntryBurn,0,0,105182.066719,951.058584,,,,,,,,,,,,,,,,,,,,,,,,0,None,,,,,,,,,,,,,,,,,,,,,,,,1,0,0,,,0.642433,,,,,,,,,,,,,,,,,,,,,,,
217.099995,-,0,0,0,,,,63010.272223,2122.938871,1854.969079,-953.360021,494.714774,6.87162,,84621.250808,0.107295,0,120.357294,0.000003,0,,1,0,0,0,59.642698,0.000003,0.056218,1,-1,-1,0.000054,0.000014,3.221067,-10.247513,-1.773431,0.000065,14966.758789,150.693466,14966.866211,0,113.480687,-6178.634564,46.42382,354.742951,1,,0,,,,,,EntryBurn,0,0,105658.243424,953.36002,,,,,,,,,,,,,,,,,,,,,,,,0,None,,,,,,,,,,,,,,,,,,,,,,,,1,0,0,,,0.645078,,,,,,,,,,,,,,,,,,,,,,,
217.359995,-,0,0,0,,,,62762.2487,2123.795321,1855.99982,-955.658522,511.044481,6.863454,,84621.250808,0.111289,0,119.814384,0.000008,0,,1,0,0,0,60.185628,0.000008,0.038245,1,-1,-1,0.000055,0.000016,2.191259,-9.0129,-1.904564,0.000068,14966.613281,150.54483,14966.599609,0,113.473396,-6178.691168,46.425325,354.745079,1,,0,,,,,,EntryBurn,0,0,106134.202378,955.658522,,,,,,,,,,,,,,,,,,,,,,,,0,None,,,,,,,,,,,,,,,,,,,,,,,,1,0,0,,,0.647875,,,,,,,,,,,,,,,,,,,,,,,
217.619995,-,0,0,0,,,,62513.614552,2124.643971,1857.023246,-957.954788,527.899675,6.855233,,84621.250808,0.115299,0,119.247897,0.000011,0,,1,0,0,0,60.752105,0.000011,0.05806,1,-1,-1,0.000055,0.000014,3.326613,-9.952452,-1.661569,0.000067,14963.452148,150.538528,14963.567383,0,113.465785,-6178.74989,46.426834,354.747213,1,,0,,,,,,EntryBurn,0,0,106610.082827,957.954789,,,,,,,,,,,,,,,,,,,,,,,,0,None,,,,,,,,,,,,,,,,,,,,,,,,1,0,0,,,0.650822,,,,,,,,,,,,,,,,,,,,,,,
217.879995,-,0,0,0,,,,62264.384428,2125.484899,1858.03949,-960.248668,545.296776,6.846962,,84621.250808,0.119332,0,118.88198,0.000014,0,,1,0,0,0,61.118019,0.000014,0.041942,1,-1,-1,0.000056,0.000013,2.403114,-8.038062,-1.980849,0.000066,14964.443359,150.559418,14964.608398,0,113.457834,-6178.810696,46.428357,354.749369,1,,0,,,,,,EntryBurn,0,0,107085.852882,960.248668,,,,,,,,,,,,,,,,,,,,,,,,0,None,,,,,,,,,,,,,,,,,,,,,,,,1,0,0,,,0.653919,,,,,,,,,,,,,,,,,,,,,,,
218.139995,-,0,0,0,,,,62014.566378,2126.317885,1859.048322,-962.540278,563.251276,6.83864,,84621.250808,0.123367,0,118.715098,0.000015,0,,1,0,0,0,61.284916,0.000015,0.040371,1,-1,-1,0.000055,0.000014,2.313104,-10.077211,-1.080414,0.000062,14963.520508,150.586411,14963.425781,0,113.449555,-6178.873651,46.429891,354.751538,1,,0,,,,,,EntryBurn,0,0,107561.534379,962.540279,,,,,,,,,,,,,,,,,,,,,,,,0,None,,,,,,,,,,,,,,,,,,,,,,,,1,0,0,,,0.657167,,,,,,,,,,,,,,,,,,,,,,,
218.399995,-,0,0,0,,,,61764.168715,2127.143105,1860.049949,-964.83006,581.778141,6.830272,,84621.250808,0.12745,0,118.50399,0.000016,0,,1,0,0,0,61.496016,0.000016,0.049263,1,-1,-1,0.000048,0.000018,2.822564,-9.078712,-1.664653,0.000054,14962.620117,150.592422,14962.545898,0,113.441012,-6178.938756,46.431434,354.753721,1,,0,,,,,,EntryBurn,0,0,108037.212226,964.830058,,,,,,,,,,,,,,,,,,,,,,,,0,None,,,,,,,,,,,,,,,,,,,,,,,,1,0,0,,,0.660564,,,,,,,,,,,,,,,,,,,,,,,
218.659995,-,0,0,0,,,,61513.153546,2127.960269,1861.044156,-967.117805,600.895454,6.821854,,84621.250808,0.131674,0,118.247794,0.000015,0,,1,0,0,0,61.752219,0.000015,0.055092,1,-1,-1,0.000035,0.000036,3.156512,-11.102069,-1.461297,0.00006,14966.594727,150.580978,14966.620117,0,113.432144,-6179.006062,46.432999,354.755935,1,,0,,,,,,EntryBurn,0,0,108512.847823,967.117805,,,,,,,,,,,,,,,,,,,,,,,,0,None,,,,,,,,,,,,,,,,,,,,,,,,1,0,0,,,0.664107,,,,,,,,,,,,,,,,,,,,,,,
218.919995,-,0,0,0,,,,61261.563125,2128.769693,1862.031303,-969.403915,620.617603,6.813391,,84621.250808,0.135868,0,118.290931,0.000015,0,,1,0,0,0,61.709066,0.000015,0.051426,1,-1,-1,0.00003,0.000042,2.94647,-7.079265,-0.723191,0.000066,14964.65332,150.542343,14964.618164,0,113.423033,-6179.075534,46.43459,354.758186,1,,0,,,,,,EntryBurn,0,0,108988.517296,969.403916,,,,,,,,,,,,,,,,,,,,,,,,0,None,,,,,,,,,,,,,,,,,,,,,,,,1,0,0,,,0.667795,,,,,,,,,,,,,,,,,,,,,,,
219.159995,-,0,0,0,,,,61009.390616,2129.571276,1863.011354,-971.688848,640.959667,6.804883,,84621.250808,0.140114,0,118.389241,0.000016,0,,1,0,0,0,61.61076,0.000016,0.041217,1,-1,-1,0.000029,0.000047,2.361587,-10.082767,-0.849691,0.000074,14967.957031,150.615723,14967.936523,0,113.413716,-6179.147245,46.43621,354.760478,1,,0,,,,,,EntryBurn,0,0,109464.31183,971.688849,,,,,,,,,,,,,,,,,,,,,,,,0,None,,,,,,,,,,,,,,,,,,,,,,,,1,0,0,,,0.671625,,,,,,,,,,,,,,,,,,,,,,,
219.419995,-,0,0,0,,,,60756.615389,2130.365391,1863.984697,-973.973405,661.940314,6.796332,,84621.250808,0.144312,0,118.403608,0.000018,0,,1,0,0,0,61.596386,0.000018,0.04787,1,-1,-1,0.000033,0.000052,2.742733,-9.991418,-0.312097,0.000084,14965.431641,150.564087,14965.405273,0,113.404258,-6179.221196,46.437852,354.762802,1,,0,,,,,,EntryBurn,0,0,109940.392474,973.973404,,,,,,,,,,,,,,,,,,,,,,,,0,None,,,,,,,,,,,,,,,,,,,,,,,,1,0,0,,,0.675593,,,,,,,,,,,,,,,,,,,,,,,
219.699995,-,0,0,0,,,,60503.238851,2131.151894,1864.951265,-976.257478,683.575855,6.787739,,84621.250808,0.148589,0,118.527278,0.000019,0,,1,0,0,0,61.472727,0.000019,0.061047,1,-1,-1,0.000033,0.000053,3.497745,-9.767742,-0.715855,0.000086,14966.753906,150.656799,14966.765625,0,113.394651,-6179.29741,46.439528,354.765174,1,,0,,,,,,EntryBurn,0,0,110416.73917,976.257478,,,,,,,,,,,,,,,,,,,,,,,,0,None,,,,,,,,,,,,,,,,,,,,,,,,1,0,0,,,0.679698,,,,,,,,,,,,,,,,,,,,,,,
219.959995,-,0,0,0,,,,60249.321191,2131.931134,1865.911466,-978.541784,705.877485,6.779106,,84621.250808,0.152858,0,118.76,0.000021,0,,1,0,0,0,61.239999,0.000021,0.058755,1,-1,-1,0.000038,0.000057,3.366418,-8.201169,-0.347115,0.000095,14966.216797,150.592911,14966.323242,0,113.385015,-6179.37588,46.441242,354.767599,1,,0,,,,,,EntryBurn,0,0,110893.491187,978.541783,,,,,,,,,,,,,,,,,,,,,,,,0,None,,,,,,,,,,,,,,,,,,,,,,,,1,0,0,,,0.683935,,,,,,,,,,,,,,,,,,,,,,,
220.219995,-,0,0,0,,,,59994.791985,2132.703608,1866.86587,-980.82689,728.866176,6.770437,,84621.250808,0.157035,0,119.213635,0.000022,0,,1,0,0,0,60.786349,0.000022,0.048149,1,-1,-1,0.000039,0.000058,2.758732,-8.534901,-0.515112,0.000096,14964.506836,150.499008,14964.525391,0,113.375374,-6179.456555,46.442999,354.770087,1,,0,,,,,,EntryBurn,0,0,111370.766924,980.826891,,,,,,,,,,,,,,,,,,,,,,,,0,None,,,,,,,,,,,,,,,,,,,,,,,,1,0,0,,,0.688303,,,,,,,,,,,,,,,,,,,,,,,
220.459995,-,0,0,0,,,,59739.653735,2133.469285,1867.814506,-983.113374,752.557324,6.761751,,84621.250808,0.161277,0,119.506841,0.000023,0,,1,0,0,0,60.493155,0.000023,0.050343,1,-1,-1,0.000039,0.000056,2.88443,-9.994908,-0.134085,0.000093,14969.939453,150.55722,14969.888672,0,113.365791,-6179.539506,46.444802,354.772638,1,,0,,,,,,EntryBurn,0,0,111848.681481,983.113374,,,,,,,,,,,,,,,,,,,,,,,,0,None,,,,,,,,,,,,,,,,,,,,,,,,1,0,0,,,0.692795,,,,,,,,,,,,,,,,,,,,,,,
220.739995,-,0,0,0,,,,59483.928077,2134.2286,1868.757866,-985.40186,776.976757,6.753079,,84621.250808,0.165457,0,120.121912,0.000024,0,,1,0,0,0,59.878091,0.000024,0.066205,1,1,-1,0.00004,0.000057,3.793255,-10.25703,0.60667,0.000095,14967.40918,150.621994,14967.401367,0,113.356331,-6179.624701,46.446652,354.775257,1,,0,,,,,,EntryBurn,0,0,112327.362402,985.401859,,,,,,,,,,,,,,,,,,,,,,,,0,None,,,,,,,,,,,,,,,,,,,,,,,,1,0,0,,,0.697634,,,,,,,,,,,,,,,,,,,,,,,
220.999995,-,0,0,0,,,,59227.590579,2134.981857,1869.696325,-987.692953,802.15999,6.744434,,84621.243179,0.169611,0,120.729095,0.000025,0,,1,0,0,0,59.270912,0.000025,0.070969,1,1,-1,0.000042,0.000058,4.066236,-9.98408,0.956075,0.000097,14966.388672,150.579941,14966.242188,0,113.347068,-6179.712136,46.448555,354.777953,1,,0,,,,,,EntryBurn,0,0,112806.907615,987.692954,,,,,,,,,,,,,,,,,,,,,,,,0,None,,,,,,,,,,,,,,,,,,,,,,,,1,0,0,,,0.702613,,,,,,,,,,,,,,,,,,,,,,,
221.259995,-,0,0,0,,,,58970.641884,2135.730085,1870.630982,-989.987491,828.141416,6.735832,,84621.243179,0.173564,0,121.420445,0.000027,0,,1,0,0,0,58.579563,0.000027,0.063693,1,1,-1,0.000046,0.000062,3.64935,-9.678627,1.220315,0.000106,14966.371094,150.604004,14966.313477,0,113.338093,-6179.801665,46.450519,354.780733,1,,0,,,,,,EntryBurn,0,0,113287.537754,989.987491,,,,,,,,,,,,,,,,,,,,,,,,0,None,,,,,,,,,,,,,,,,,,,,,,,,1,0,0,,,0.707681,,,,,,,,,,,,,,,,,,,,,,,
221.519995,-,0,0,0,,,,58713.091372,2136.47427,1871.562882,-992.286777,854.957761,6.727288,,84621.243179,0.177339,0,122.356286,0.000028,0,,1,0,0,0,57.643714,0.000028,0.07188,1,-1,-1,0.000046,0.000062,4.118412,-9.962429,-0.065585,0.000106,14966.564453,150.716415,14966.426758,0,113.329545,-6179.8932,46.452543,354.783598,1,,0,,,,,,EntryBurn,0,0,113769.493617,992.286777,,,,,,,,,,,,,,,,,,,,,,,,0,None,,,,,,,,,,,,,,,,,,,,,,,,1,0,0,,,0.712825,,,,,,,,,,,,,,,,,,,,,,,
221.779995,-,0,0,0,,,,58454.938433,2137.215124,1872.492777,-994.591202,882.644039,6.718819,,84621.243179,0.180836,0,123.088024,0.000029,0,,1,0,0,0,56.911982,0.000029,0.06948,1,1,-1,0.000048,0.000061,3.980885,-8.987193,0.994969,0.000108,14965.320313,150.46106,14965.415039,0,113.321491,-6179.986622,46.454632,354.786556,1,,0,,,,,,EntryBurn,0,0,114252.856059,994.591203,,,,,,,,,,,,,,,,,,,,,,,,0,None,,,,,,,,,,,,,,,,,,,,,,,,1,0,0,,,0.718034,,,,,,,,,,,,,,,,,,,,,,,
222.039995,-,0,0,0,,,,58196.165435,2137.953741,1873.421774,-996.901658,911.237711,6.71044,,84621.243179,0.184187,0,124.084945,0.00003,0,,1,0,0,0,55.915067,0.00003,0.07754,1,1,-1,0.00005,0.000063,4.442711,-9.768204,1.042253,0.000111,14965.420898,150.578171,14965.416992,0,113.314031,-6180.081774,46.456784,354.789604,1,,0,,,,,,EntryBurn,0,0,114737.807081,996.901658,,,,,,,,,,,,,,,,,,,,,,,,0,None,,,,,,,,,,,,,,,,,,,,,,,,1,0,0,,,0.723297,,,,,,,,,,,,,,,,,,,,,,,
222.299995,-,0,0,0,,,,57936.797413,2138.691489,1874.351268,-999.219209,940.778305,6.702166,,84621.243179,0.187103,0,125.128563,0.000033,0,,1,0,0,0,54.871427,0.000033,0.080425,1,1,-1,0.000057,0.000066,4.607998,-9.34946,0.730404,0.000121,14965.183594,150.653214,14965.319336,0,113.307281,-6180.178458,46.459,354.792741,1,,0,,,,,,EntryBurn,0,0,115224.566965,999.219209,,,,,,,,,,,,,,,,,,,,,,,,0,None,,,,,,,,,,,,,,,,,,,,,,,,1,0,0,,,0.728602,,,,,,,,,,,,,,,,,,,,,,,
222.559995,-,0,0,0,,,,57676.810204,2139.429719,1875.282612,-1001.544923,971.301672,6.694016,,84621.243179,0.189685,0,126.432805,0.000035,0,,1,0,0,0,53.567191,0.000035,0.080981,1,1,-1,0.000063,0.00007,4.63987,-9.356371,2.09403,0.00013,14964.045898,150.57251,14963.983398,0,113.30139,-6180.276477,46.461275,354.795964,1,,0,,,,,,EntryBurn,0,0,115713.353842,1001.544923,,,,,,,,,,,,,,,,,,,,,,,,0,None,,,,,,,,,,,,,,,,,,,,,,,,1,0,0,,,0.733935,,,,,,,,,,,,,,,,,,,,,,,
222.819995,-,0,0,0,,,,57416.222005,2140.170198,1876.217555,-1003.879414,1002.851897,6.686006,,84621.243179,0.191759,0,127.671847,0.000035,0,,1,0,0,0,52.328143,0.000035,0.099107,1,1,-1,0.000064,0.00007,5.678428,-9.708733,1.60623,0.000131,14965.344727,150.590118,14965.449219,0,113.29642,-6180.375491,46.463613,354.799274,1,,0,,,,,,EntryBurn,0,0,116204.297698,1003.879415,,,,,,,,,,,,,,,,,,,,,,,,0,None,,,,,,,,,,,,,,,,,,,,,,,,1,0,0,,,0.739281,,,,,,,,,,,,,,,,,,,,,,,
223.079995,-,0,0,0,,,,57155.001303,2140.914207,1877.157311,-1006.223562,1035.468109,6.678155,,84621.243179,0.193364,0,128.993332,0.000038,0,,1,0,0,0,51.006664,0.000038,0.095303,1,1,-1,0.000074,0.000075,5.460484,-8.662934,0.751475,0.000147,14966.072266,150.494263,14966.134766,0,113.292489,-6180.475301,46.465999,354.802654,1,,0,,,,,,EntryBurn,0,0,116697.579341,1006.223562,,,,,,,,,,,,,,,,,,,,,,,,0,None,,,,,,,,,,,,,,,,,,,,,,,,1,0,0,,,0.744627,,,,,,,,,,,,,,,,,,,,,,,
223.319995,-,0,0,0,,,,56893.14579,2141.664064,1878.104152,-1008.57783,1069.196188,6.67048,,84621.243179,0.194356,0,130.462746,0.000038,0,,1,0,0,0,49.537239,0.000038,0.103606,1,1,-1,0.000072,0.000076,5.936173,-7.982324,0.545388,0.000146,14966.514648,150.602768,14966.494141,0,113.289637,-6180.57542,46.468441,354.806111,1,,0,,,,,,EntryBurn,0,0,117193.299961,1008.577829,,,,,,,,,,,,,,,,,,,,,,,,0,None,,,,,,,,,,,,,,,,,,,,,,,,1,0,0,,,0.749957,,,,,,,,,,,,,,,,,,,,,,,
223.599995,-,0,0,0,,,,56630.626776,2142.421222,1879.059418,-1010.942798,1104.08077,6.662997,,84621.243179,0.194719,0,131.965602,0.000041,0,,1,0,0,0,48.034405,0.000041,0.106881,1,1,-1,0.000083,0.000086,6.123809,-10.860688,1.652281,0.000167,14965.193359,150.503601,14965.161133,0,113.28794,-6180.675579,46.470922,354.809626,1,,0,,,,,,EntryBurn,0,0,117691.582029,1010.942798,,,,,,,,,,,,,,,,,,,,,,,,0,None,,,,,,,,,,,,,,,,,,,,,,,,1,0,0,,,0.75499,,,,,,,,,,,,,,,,,,,,,,,
223.859995,-,0,0,0,,,,56367.482908,2143.188207,1880.025508,-1013.319181,1140.165718,6.655727,,84621.243179,0.194361,0,133.652005,0.000041,0,,1,0,0,0,46.347988,0.000041,0.109659,1,1,-1,0.000083,0.000089,6.282993,-9.811285,0.587298,0.000171,14964.100586,150.655823,14964.118164,0,113.287516,-6180.775267,46.473434,354.813184,1,,0,,,,,,EntryBurn,0,0,118192.574328,1013.319181,,,,,,,,,,,,,,,,,,,,,,,,0,None,,,,,,,,,,,,,,,,,,,,,,,,1,0,0,,,0.759897,,,,,,,,,,,,,,,,,,,,,,,
224.119995,-,0,0,0,,,,56103.700053,2143.966829,1881.004037,-1015.706656,1177.499015,6.64869,,84621.243179,0.193176,0,135.241698,0.000041,0,,1,0,0,0,44.758289,0.000041,0.121394,1,1,-1,0.000083,0.00009,6.955338,-9.089597,0.827766,0.000171,14965.072266,150.592468,14965.080078,0,113.28834,-6180.874029,46.475966,354.81677,1,,0,,,,,,EntryBurn,0,0,118696.214711,1015.706655,,,,,,,,,,,,,,,,,,,,,,,,0,None,,,,,,,,,,,,,,,,,,,,,,,,1,0,0,,,0.764741,,,,,,,,,,,,,,,,,,,,,,,
224.379995,-,0,0,0,,,,55839.280305,2144.758724,1881.996467,-1018.105342,1216.127751,6.641901,,84621.243179,0.191296,0,137.080063,0.000042,0,,1,0,0,0,42.919934,0.000042,0.12308,1,1,-1,0.000089,0.000098,7.051936,-9.578975,2.128814,0.000185,14962.816406,150.488739,14962.836914,0,113.290429,-6180.9715,46.478501,354.820361,1,,0,,,,,,EntryBurn,0,0,119202.534349,1018.105341,,,,,,,,,,,,,,,,,,,,,,,,0,None,,,,,,,,,,,,,,,,,,,,,,,,1,0,0,,,0.769507,,,,,,,,,,,,,,,,,,,,,,,
224.639995,-,0,0,0,,,,55574.154033,2145.566227,1883.004855,-1020.514534,1256.108327,6.63538,,84621.243179,0.188453,0,138.894684,0.000043,0,,1,0,0,0,41.105313,0.000043,0.124363,1,1,-1,0.000092,0.000106,7.125466,-9.541889,2.419263,0.000195,14966.108398,150.637909,14966.09668,0,113.293715,-6181.067057,46.481026,354.823937,1,,0,,,,,,EntryBurn,0,0,119711.392905,1020.514534,,,,,,,,,,,,,,,,,,,,,,,,0,None,,,,,,,,,,,,,,,,,,,,,,,,1,0,0,,,0.774167,,,,,,,,,,,,,,,,,,,,,,,
224.879995,-,0,0,0,,,,55308.395803,2146.390807,1884.030442,-1022.933315,1297.486948,6.629146,,84621.243179,0.184702,0,140.811931,0.000042,0,,1,0,0,0,39.188068,0.000042,0.135054,1,1,-1,0.00009,0.00011,7.738008,-8.958447,2.367623,0.000192,14967.945313,150.577805,14967.941406,0,113.298116,-6181.160255,46.483531,354.827486,1,,0,,,,,,EntryBurn,0,0,120222.606552,1022.933315,,,,,,,,,,,,,,,,,,,,,,,,0,None,,,,,,,,,,,,,,,,,,,,,,,,1,0,0,,,0.778706,,,,,,,,,,,,,,,,,,,,,,,
225.159995,-,0,0,0,,,,55041.966433,2147.234429,1885.074872,-1025.36106,1340.31987,6.623216,,84621.243179,0.179996,0,142.826546,0.00004,0,,1,0,0,0,37.173456,0.00004,0.133121,1,1,-1,0.000084,0.000112,7.627267,-10.314153,2.654208,0.000184,14964.15625,150.553162,14964.209961,0,113.303576,-6181.250566,46.485992,354.830971,1,,0,,,,,,EntryBurn,0,0,120736.050089,1025.361059,,,,,,,,,,,,,,,,,,,,,,,,0,None,,,,,,,,,,,,,,,,,,,,,,,,1,0,0,,,0.783114,,,,,,,,,,,,,,,,,,,,,,,
225.399995,-,0,0,0,,,,54774.859573,2148.098079,1886.138833,-1027.796137,1384.650903,6.617606,,84621.243179,0.174372,0,145.018163,0.000041,0,,1,0,0,0,34.981831,0.000041,0.149422,1,1,-1,0.000095,0.000134,8.561246,-9.505195,2.242084,0.000222,14968.180664,150.704926,14968.191406,0,113.30991,-6181.337575,46.488392,354.834371,1,,0,,,,,,EntryBurn,0,0,121251.393916,1027.796137,,,,,,,,,,,,,,,,,,,,,,,,0,None,,,,,,,,,,,,,,,,,,,,,,,,1,0,0,,,0.787532,,,,,,,,,,,,,,,,,,,,,,,
225.659995,-,0,0,0,,,,54507.065839,2148.982804,1887.223075,-1030.236635,1430.468653,6.612184,,84621.243179,0.167909,0,147.066751,0.000037,0,,1,0,0,0,32.933255,0.000037,0.141676,1,1,-1,0.000078,0.000127,8.117452,-10.376568,2.140972,0.000186,14965.104492,150.520844,14965.011719,0,113.316921,-6181.42082,46.490723,354.837674,1,,0,,,,,,EntryBurn,0,0,121768.247566,1030.236635,,,,,,,,,,,,,,,,,,,,,,,,0,None,,,,,,,,,,,,,,,,,,,,,,,,1,0,0,,,0.792032,,,,,,,,,,,,,,,,,,,,,,,
225.939995,-,0,0,0,,,,54238.603846,2149.889031,1888.327693,-1032.680787,1477.77783,6.606785,,84621.243179,0.160655,0,149.211213,0.000035,0,,1,0,0,0,30.788785,0.000035,0.135391,1,1,-1,0.000075,0.000116,7.75731,-9.906483,1.697481,0.00016,14965.897461,150.650177,14966.03125,0,113.324423,-6181.5,46.492963,354.840847,1,,0,,,,,,EntryBurn,0,0,122286.248988,1032.680787,,,,,,,,,,,,,,,,,,,,,,,,0,None,,,,,,,,,,,,,,,,,,,,,,,,1,0,0,,,0.796616,,,,,,,,,,,,,,,,,,,,,,,
226.199995,-,0,0,0,,,,53969.463867,2150.817303,1889.452924,-1035.126411,1526.690311,6.601479,,84621.243179,0.152564,0,151.440688,0.000037,0,,1,0,0,0,28.559319,0.000037,0.150861,1,1,-1,0.000087,0.000089,8.643717,-10.155458,1.543301,0.000131,14965.370117,150.514328,14965.308594,0,113.332144,-6181.574737,46.495101,354.843875,1,,0,,,,,,EntryBurn,0,0,122804.951816,1035.126411,,,,,,,,,,,,,,,,,,,,,,,,0,None,,,,,,,,,,,,,,,,,,,,,,,,1,0,0,,,0.801285,,,,,,,,,,,,,,,,,,,,,,,
226.459995,-,0,0,0,,,,53699.637685,2151.767066,1890.597849,-1037.571069,1577.316634,6.596339,,84621.243179,0.143792,0,153.592934,0.000043,0,,1,0,0,0,26.407065,0.000043,0.159859,1,1,-1,0.000129,0.000068,9.159274,-8.783388,1.028677,0.00016,14965.993164,150.617966,14966.057617,0,113.339829,-6181.64488,46.49711,354.846721,1,,0,,,,,,EntryBurn,0,0,123323.853029,1037.571069,,,,,,,,,,,,,,,,,,,,,,,,0,None,,,,,,,,,,,,,,,,,,,,,,,,1,0,0,,,0.806042,,,,,,,,,,,,,,,,,,,,,,,
226.719995,-,0,0,0,,,,53429.151791,2152.737816,1891.761788,-1040.012289,1629.770797,6.591434,,84621.243179,0.134563,0,155.934804,0.000046,0,,1,0,0,0,24.065199,0.000046,0.158513,1,1,-1,0.000161,0.000081,9.08212,-10.213744,0.454371,0.000216,14963.836914,150.641449,14963.866211,0,113.347195,-6181.710259,46.498996,354.849394,1,,0,,,,,,EntryBurn,0,0,123842.443525,1040.012291,,,,,,,,,,,,,,,,,,,,,,,,0,None,,,,,,,,,,,,,,,,,,,,,,,,1,0,0,,,0.810889,,,,,,,,,,,,,,,,,,,,,,,
226.979995,-,0,0,0,,,,53157.966179,2153.728273,1892.943128,-1042.447398,1684.178391,6.58683,,84621.243179,0.124898,0,158.210716,0.000046,0,,1,0,0,0,21.789281,0.000046,0.139084,1,1,-1,0.000172,0.000123,7.968929,-9.484909,1.403327,0.000275,14966.998047,150.51091,14967.06543,0,113.35392,-6181.770863,46.500735,354.851858,1,,0,,,,,,EntryBurn,0,0,124360.167933,1042.447398,,,,,,,,,,,,,,,,,,,,,,,,0,None,,,,,,,,,,,,,,,,,,,,,,,,1,0,0,,,0.815829,,,,,,,,,,,,,,,,,,,,,,,
227.219995,-,0,0,0,,,,52886.124009,2154.737107,1894.140393,-1044.874367,1740.665362,6.582599,,84621.243179,0.115063,0,160.600603,0.000046,0,,1,0,0,0,19.399405,0.000046,0.157832,1,1,-1,0.000199,0.000133,9.043088,-8.262863,0.357691,0.000318,14962.310547,150.571045,14962.211914,0,113.359771,-6181.826763,46.502325,354.85411,1,,0,,,,,,EntryBurn,0,0,124876.607184,1044.874368,,,,,,,,,,,,,,,,,,,,,,,,0,None,,,,,,,,,,,,,,,,,,,,,,,,1,0,0,,,0.820865,,,,,,,,,,,,,,,,,,,,,,,
227.499995,-,0,0,0,,,,52613.590684,2155.762305,1895.351429,-1047.290802,1799.364599,6.578802,,84621.243179,0.105398,0,162.82948,0.000042,0,,1,0,0,0,17.170525,0.000042,0.1543,1,1,-1,0.000181,0.000134,8.840731,-9.479617,1.237818,0.000298,14966.34375,150.580978,14966.407227,0,113.364453,-6181.878149,46.503761,354.856146,1,,0,,,,,,EntryBurn,0,0,125391.260374,1047.290803,,,,,,,,,,,,,,,,,,,,,,,,0,None,,,,,,,,,,,,,,,,,,,,,,,,1,0,0,,,0.825999,,,,,,,,,,,,,,,,,,,,,,,
227.759995,-,0,0,0,,,,52340.422149,2156.801896,1896.574186,-1049.69462,1860.415726,6.57551,,84621.243179,0.095967,0,165.194285,0.000038,0,,1,0,0,0,14.805723,0.000038,0.160958,1,-1,-1,0.000174,0.000151,9.222205,-10.186034,-0.233635,0.000305,14964.073242,150.562576,14964.030273,0,113.367738,-6181.925232,46.505047,354.857969,1,,0,,,,,,EntryBurn,0,0,125903.691151,1049.694621,,,,,,,,,,,,,,,,,,,,,,,,0,None,,,,,,,,,,,,,,,,,,,,,,,,1,0,0,,,0.831232,,,,,,,,,,,,,,,,,,,,,,,
228.019995,-,0,0,0,,,,52066.56971,2157.853652,1897.806356,-1052.084149,1923.964885,6.572784,,84621.243179,0.087122,0,167.646212,0.000036,0,,1,0,0,0,12.353791,0.000036,0.161855,1,-1,-1,0.000184,0.000181,9.273611,-10.128679,-0.376252,0.000352,14965.030273,150.547318,14965.011719,0,113.369388,-6181.968335,46.506176,354.859569,1,,0,,,,,,EntryBurn,0,0,126413.548772,1052.084148,,,,,,,,,,,,,,,,,,,,,,,,0,None,,,,,,,,,,,,,,,,,,,,,,,,1,0,0,,,0.836567,,,,,,,,,,,,,,,,,,,,,,,
228.279995,-,0,0,0,,,,51792.05936,2158.91485,1899.04531,-1054.45833,1990.143768,6.570645,,84621.243179,0.07931,0,170.007742,0.000033,0,,1,0,0,0,9.992264,0.000033,0.166435,1,1,-1,0.000198,0.000192,9.536049,-8.194006,0.141007,0.000374,14968.757813,150.57785,14968.814453,0,113.369263,-6182.007965,46.507156,354.860959,1,,0,,,,,,EntryBurn,0,0,126920.607651,1054.45833,,,,,,,,,,,,,,,,,,,,,,,,0,None,,,,,,,,,,,,,,,,,,,,,,,,1,0,0,,,0.842007,,,,,,,,,,,,,,,,,,,,,,,
228.539995,-,0,0,0,,,,51516.903606,2159.982958,1900.288623,-1056.816628,2059.010165,6.569001,,84621.243179,0.072928,0,172.220673,0.000028,0,,1,0,0,0,7.779332,0.000028,0.160735,1,1,-1,0.000182,0.000192,9.209452,-10.409076,0.201377,0.000368,14967.414063,150.549103,14967.34375,0,113.367291,-6182.044645,46.507992,354.862143,1,,0,,,,,,EntryBurn,0,0,127424.748208,1056.816627,,,,,,,,,,,,,,,,,,,,,,,,0,None,,,,,,,,,,,,,,,,,,,,,,,,1,0,0,,,0.845518,,,,,,,,,,,,,,,,,,,,,,,
228.779995,-,0,0,0,,,,51241.133592,2161.055362,1901.534041,-1059.160174,2130.678425,6.567856,,84621.243179,0.068445,0,174.515785,0.000023,0,,1,0,0,0,5.484219,0.000023,0.161372,1,0,-1,0.000181,0.000201,9.245931,-9.397585,-0.018605,0.000379,14965.919922,150.472626,14965.943359,0,113.363608,-6182.079109,46.508701,354.863148,1,,0,,,,,,EntryBurn,0,0,127926.196704,1059.160174,,,,,,,,,,,,,,,,,,,,,,,,0,None,,,,,,,,,,,,,,,,,,,,,,,,1,0,0,,,0.851184,,,,,,,,,,,,,,,,,,,,,,,
229.059995,-,0,0,0,,,,50964.743217,2162.129405,1902.779303,-1061.490209,2205.276358,6.567216,,84621.243179,0.065908,0,176.621837,0.000018,0,,1,0,0,0,3.378174,0.000018,0.159274,1,0,-1,0.000206,0.000228,9.1257,-10.100178,-0.04063,0.000428,14963.261719,150.587082,14963.344727,0,113.358314,-6182.11212,46.509306,354.864005,1,,0,,,,,,EntryBurn,0,0,128425.203446,1061.490209,,,,,,,,,,,,,,,,,,,,,,,,0,None,,,,,,,,,,,,,,,,,,,,,,,,1,0,0,,,0.85696,,,,,,,,,,,,,,,,,,,,,,,
229.319995,-,0,0,0,,,,50687.694533,2163.203268,1904.023081,-1063.808452,2282.940091,6.567092,,84621.243179,0.065118,0,178.086438,0.000009,0,,1,0,0,0,1.913563,0.000009,0.162192,1,-1,-1,0.000195,0.000223,9.292897,-9.48243,-0.788671,0.000413,14967.166016,150.635086,14967.166992,0,113.351594,-6182.1443,46.509845,354.86477,1,,0,,,,,,EntryBurn,0,0,128922.118668,1063.808451,,,,,,,,,,,,,,,,,,,,,,,,0,None,,,,,,,,,,,,,,,,,,,,,,,,1,0,0,,,0.862846,,,,,,,,,,,,,,,,,,,,,,,
229.579995,-,0,0,0,,,,50410.033878,2164.27761,1905.264113,-1066.107757,2363.804574,6.567497,,84621.243179,0.064298,0,177.388789,-0.000014,0,,1,0,0,0,2.611215,-0.000014,0.151564,1,-1,-1,0.000203,0.000236,8.683999,-9.591953,-1.269673,0.000437,14965.260742,150.628204,14965.165039,0,113.342612,-6182.174647,46.510116,354.865154,1,,0,,,,,,EntryBurn,0,0,129415.454316,1066.107758,,,,,,,,,,,,,,,,,,,,,,,,0,None,,,,,,,,,,,,,,,,,,,,,,,,1,0,0,,,0.868845,,,,,,,,,,,,,,,,,,,,,,,
229.839995,-,0,0,0,,,,50131.745697,2165.349017,1906.501121,-1068.398168,2448.014617,6.568444,,84621.243179,0.065327,0,175.466867,-0.000022,0,,1,0,0,0,4.53313,-0.000022,0.145096,1,-1,-1,0.000212,0.000241,8.313383,-9.437405,-0.301546,0.000452,14964.116211,150.489639,14964.161133,0,113.332504,-6182.205135,46.510284,354.865392,1,,0,,,,,,EntryBurn,0,0,129907.286784,1068.398167,,,,,,,,,,,,,,,,,,,,,,,,0,None,,,,,,,,,,,,,,,,,,,,,,,,1,0,0,,,0.87496,,,,,,,,,,,,,,,,,,,,,,,
230.099995,-,0,0,0,,,,49852.828478,2166.416839,1907.734096,-1070.682366,2535.708947,6.569944,,84621.243179,0.067449,0,173.149002,-0.000029,0,,1,0,0,0,6.851004,-0.000029,0.156176,1,-1,-1,0.000229,0.00026,8.94822,-9.899925,-1.32044,0.000487,14968.182617,150.574188,14968.111328,0,113.321592,-6182.236225,46.510409,354.86557,1,,0,,,,,,EntryBurn,0,0,130398.16966,1070.682366,,,,,,,,,,,,,,,,,,,,,,,,0,None,,,,,,,,,,,,,,,,,,,,,,,,1,0,0,,,0.866677,,,,,,,,,,,,,,,,,,,,,,,
230.359995,-,0,0,0,,,,49573.289255,2167.480371,1908.962751,-1072.960024,2627.026875,6.572015,,84621.243179,0.06989,0,171.005654,-0.000036,0,,1,0,0,0,8.994344,-0.000036,0.141817,1,-1,-1,0.00027,0.000305,8.125529,-9.446556,-0.812144,0.000575,14963.637695,150.674377,14963.717773,0,113.309827,-6182.268045,46.510561,354.865786,1,,0,,,,,,EntryBurn,0,0,130888.031634,1072.960024,,,,,,,,,,,,,,,,,,,,,,,,0,None,,,,,,,,,,,,,,,,,,,,,,,,1,0,0,,,0.857984,,,,,,,,,,,,,,,,,,,,,,,
230.619995,-,0,0,0,,,,49293.162622,2168.538804,1910.186211,-1075.22632,2722.208851,6.574668,,84621.243179,0.072842,0,168.440816,-0.000042,0,,1,0,0,0,11.559188,-0.000042,0.158247,1,-1,-1,0.000281,0.000308,9.066873,-9.369564,-2.144895,0.000588,14965.5,150.745026,14965.393555,0,113.296667,-6182.30021,46.510801,354.866126,1,,0,,,,,,EntryBurn,0,0,131375.863548,1075.22632,,,,,,,,,,,,,,,,,,,,,,,,0,None,,,,,,,,,,,,,,,,,,,,,,,,1,0,0,,,0.856428,,,,,,,,,,,,,,,,,,,,,,,
230.879995,-,0,0,0,,,,49012.46685,2169.588369,1911.400176,-1077.463507,2821.491427,6.57788,,84621.243179,0.077832,0,166.355711,-0.000045,0,,1,0,0,0,13.644298,-0.000045,0.149768,1,-1,-1,0.000274,0.000285,8.581071,-10.188301,-1.444319,0.000557,14963.431641,150.366623,14963.432617,0,113.279963,-6182.331517,46.511294,354.866825,1,,0,,,,,,EntryBurn,0,0,131857.965086,1077.463506,,,,,,,,,,,,,,,,,,,,,,,,0,None,,,,,,,,,,,,,,,,,,,,,,,,1,0,0,,,0.857176,,,,,,,,,,,,,,,,,,,,,,,
231.139995,-,0,0,0,,,,48731.150581,2170.628606,1912.603756,-1079.677781,2925.127755,6.581631,,84621.243179,0.08449,0,163.967882,-0.000053,0,,1,0,0,0,16.032139,-0.000053,0.16649,1,-1,-1,0.000327,0.00032,9.539198,-9.975461,-1.859919,0.000645,14966.583008,150.69017,14966.769531,0,113.260437,-6182.362787,46.511859,354.867627,1,,0,,,,,,EntryBurn,0,0,132335.616361,1079.677781,,,,,,,,,,,,,,,,,,,,,,,,0,None,,,,,,,,,,,,,,,,,,,,,,,,1,0,0,,,0.858174,,,,,,,,,,,,,,,,,,,,,,,
231.399995,-,0,0,0,,,,48449.211237,2171.656263,1913.793343,-1081.861198,3033.372757,6.5859,,84621.243179,0.092584,0,161.601925,-0.000056,0,,1,0,0,0,18.398096,-0.000056,0.171753,1,-1,-1,0.000323,0.000293,9.840732,-9.566462,-1.968931,0.000613,14967.039063,150.495392,14966.977539,0,113.237094,-6182.393842,46.512536,354.868589,1,,0,,,,,,EntryBurn,0,0,132807.150674,1081.861199,,,,,,,,,,,,,,,,,,,,,,,,0,None,,,,,,,,,,,,,,,,,,,,,,,,1,0,0,,,0.856928,,,,,,,,,,,,,,,,,,,,,,,
231.659995,-,0,0,0,,,,48166.796351,2172.667274,1914.964372,-1084.004636,3146.424375,6.590661,,84621.243179,0.10426,0,159.253996,-0.000059,0,,1,0,0,0,20.745995,-0.000059,0.161344,1,-1,-1,0.000317,0.000289,9.244338,-9.068324,-1.434,0.000598,14964.878906,150.580032,14964.887695,0,113.208923,-6182.42454,46.513353,354.869748,1,,0,,,,,,EntryBurn,0,0,133270.645953,1084.004636,,,,,,,,,,,,,,,,,,,,,,,,0,None,,,,,,,,,,,,,,,,,,,,,,,,1,0,0,,,0.857631,,,,,,,,,,,,,,,,,,,,,,,
231.899995,-,0,0,0,,,,47883.738534,2173.655214,1916.110045,-1086.098053,3264.58906,6.595882,,84621.243179,0.120209,0,156.896244,-0.000063,0,,1,0,0,0,23.103769,-0.000063,0.140251,1,-1,-1,0.000325,0.000277,8.035805,-8.885901,-2.23222,0.000599,14965.035156,150.608322,14965.051758,0,113.174528,-6182.4552,46.514346,354.871158,1,,0,,,,,,EntryBurn,0,0,133723.998717,1086.098054,,,,,,,,,,,,,,,,,,,,,,,,0,None,,,,,,,,,,,,,,,,,,,,,,,,1,0,0,,,0.854406,,,,,,,,,,,,,,,,,,,,,,,
232.179995,-,0,0,0,,,,47600.133837,2174.612998,1917.222776,-1088.130814,3388.082796,6.601527,,84621.243179,0.141006,0,154.616946,-0.000069,0,,1,0,0,0,25.383034,-0.000069,0.136459,1,-1,-1,0.000366,0.000283,7.81855,-10.896231,-1.655561,0.000645,14966.158203,150.565308,14966.139648,0,113.132645,-6182.486209,46.515537,354.87285,1,,0,,,,,,EntryBurn,0,0,134164.962793,1088.130814,,,,,,,,,,,,,,,,,,,,,,,,0,None,,,,,,,,,,,,,,,,,,,,,,,,1,0,0,,,0.853451,,,,,,,,,,,,,,,,,,,,,,,
232.439995,-,0,0,0,,,,47316.012971,2175.532715,1918.294338,-1090.093415,3517.134042,6.60756,,84621.243179,0.166469,0,152.185415,-0.000072,0,,1,0,0,0,27.814581,-0.000072,0.14642,1,-1,-1,0.000369,0.000256,8.389246,-10.011163,-2.683794,0.000618,14966.974609,150.500092,14967.021484,0,113.082113,-6182.518284,46.516951,354.874859,1,,0,,,,,,EntryBurn,0,0,134591.528212,1090.093417,,,,,,,,,,,,,,,,,,,,,,,,0,None,,,,,,,,,,,,,,,,,,,,,,,,1,0,0,,,0.85297,,,,,,,,,,,,,,,,,,,,,,,
232.699995,-,0,0,0,,,,47031.389802,2176.405482,1919.315651,-1091.974742,3651.981634,6.613938,,84621.243179,0.196772,0,150.015335,-0.000075,0,,1,0,0,0,29.984666,-0.000075,0.146783,1,-1,-1,0.000376,0.000255,8.410044,-9.527316,-1.809261,0.000597,14965.764648,150.725235,14965.728516,0,113.021504,-6182.552175,46.518653,354.877276,1,,0,,,,,,EntryBurn,0,0,135001.345052,1091.974743,,,,,,,,,,,,,,,,,,,,,,,,0,None,,,,,,,,,,,,,,,,,,,,,,,,1,0,0,,,0.850473,,,,,,,,,,,,,,,,,,,,,,,
232.959995,-,0,0,0,,,,46746.372267,2177.221766,1920.276964,-1093.766865,3792.824582,6.620615,,84621.243179,0.231385,0,147.616802,-0.00008,0,,1,0,0,0,32.383195,-0.00008,0.140454,1,-1,-1,0.000402,0.00024,8.04742,-9.271926,-2.343739,0.000598,14963.929688,150.465179,14963.914063,0,112.949858,-6182.589163,46.52064,354.880099,1,,0,,,,,,EntryBurn,0,0,135392.721721,1093.766865,,,,,,,,,,,,,,,,,,,,,,,,0,None,,,,,,,,,,,,,,,,,,,,,,,,1,0,0,,,0.854155,,,,,,,,,,,,,,,,,,,,,,,
233.219995,-,0,0,0,,,,46460.89108,2177.971018,1921.167791,-1095.460321,3939.896648,6.627547,,84621.243179,0.270308,0,145.299941,-0.000083,0,,1,0,0,0,34.700053,-0.000083,0.138703,1,-1,-1,0.000419,0.000222,7.947108,-10.617215,-2.095217,0.000606,14964.139648,150.58252,14964.210938,0,112.86591,-6182.630588,46.522976,354.883418,1,,0,,,,,,EntryBurn,0,0,135763.651866,1095.46032,,,,,,,,,,,,,,,,,,,,,,,,0,None,,,,,,,,,,,,,,,,,,,,,,,,1,0,0,,,0.857341,,,,,,,,,,,,,,,,,,,,,,,
233.479995,-,0,0,0,,,,46174.979029,2178.642406,1921.977244,-1097.04686,4093.453033,6.634683,,84621.243179,0.313337,0,143.245814,-0.000079,0,,1,0,0,0,36.754181,-0.000079,0.124989,1,-1,-1,0.000364,0.000168,7.161349,-8.894056,-2.419897,0.000464,14965.891602,150.511246,14965.90918,0,112.768532,-6182.678004,46.525679,354.887258,1,,0,,,,,,EntryBurn,0,0,136112.378916,1097.04686,,,,,,,,,,,,,,,,,,,,,,,,0,None,,,,,,,,,,,,,,,,,,,,,,,,1,0,0,,,0.860882,,,,,,,,,,,,,,,,,,,,,,,
233.739995,-,0,0,0,,,,45888.783441,2179.225862,1922.695425,-1098.520093,4253.636759,6.641976,,84621.243179,0.359848,0,141.043048,-0.000071,0,,1,0,0,0,38.956952,-0.000071,0.134829,1,-1,-1,0.000283,0.000337,7.725159,-10.13765,-3.279368,0.000551,14965.136719,150.526108,14965.263672,0,112.656995,-6182.732993,46.528784,354.891669,1,,0,,,,,,EntryBurn,0,0,136437.526999,1098.520093,,,,,,,,,,,,,,,,,,,,,,,,0,None,,,,,,,,,,,,,,,,,,,,,,,,1,0,0,,,0.864925,,,,,,,,,,,,,,,,,,,,,,,
233.999995,-,0,0,0,,,,45602.209671,2179.711585,1923.312865,-1099.87415,4420.698367,6.649377,,84621.243179,0.409582,0,139.106521,-0.000069,0,,1,0,0,0,40.893484,-0.000069,0.128344,1,-1,-1,0.000264,0.000358,7.353592,-9.590477,-2.085209,0.000541,14963.943359,150.636719,14963.897461,0,112.530425,-6182.797149,46.532346,354.896729,1,,0,,,,,,EntryBurn,0,0,136737.839604,1099.874151,,,,,,,,,,,,,,,,,,,,,,,,0,None,,,,,,,,,,,,,,,,,,,,,,,,1,0,0,,,0.86985,,,,,,,,,,,,,,,,,,,,,,,
234.259995,-,0,0,0,,,,45315.410853,2180.089983,1923.820221,-1101.105046,4594.783042,6.656835,,84621.243179,0.462089,0,137.203232,-0.00007,0,,1,0,0,0,42.796779,-0.00007,0.126112,1,-1,-1,0.000272,0.000385,7.225657,-9.382213,-2.208726,0.000589,14968.585938,150.628815,14968.633789,0,112.388352,-6182.872231,46.536377,354.902456,1,,0,,,,,,EntryBurn,0,0,137012.446169,1101.105046,,,,,,,,,,,,,,,,,,,,,,,,0,None,,,,,,,,,,,,,,,,,,,,,,,,1,0,0,,,0.869374,,,,,,,,,,,,,,,,,,,,,,,
234.519995,-,0,0,0,,,,45028.298405,2180.354042,1924.21089,-1102.210422,4776.16703,6.664315,,84621.243179,0.516592,0,135.466717,-0.000075,0,,1,0,0,0,44.533267,-0.000075,0.116594,1,-1,-1,0.000304,0.000413,6.680361,-8.87617,-2.780992,0.000684,14963.513672,150.716187,14963.523438,0,112.230315,-6182.959593,46.540915,354.908901,1,,0,,,,,,EntryBurn,0,0,137260.833182,1102.210423,,,,,,,,,,,,,,,,,,,,,,,,0,None,,,,,,,,,,,,,,,,,,,,,,,,1,0,0,,,0.875253,,,,,,,,,,,,,,,,,,,,,,,
234.779995,-,0,0,0,,,,44741.030151,2180.498982,1924.480473,-1103.191329,4964.914468,6.671771,,84621.243179,0.572046,0,133.876094,-0.000077,0,,1,0,0,0,46.123901,-0.000077,0.095232,1,-1,-1,0.000325,0.000444,5.456389,-10.122815,-2.016803,0.000736,14967.683594,150.424179,14967.759766,0,112.056527,-6183.060452,46.545958,354.916065,1,,0,,,,,,EntryBurn,0,0,137483.186523,1103.191328,,,,,,,,,,,,,,,,,,,,,,,,0,None,,,,,,,,,,,,,,,,,,,,,,,,1,0,0,,,0.881606,,,,,,,,,,,,,,,,,,,,,,,
235.039995,-,0,0,0,,,,44453.625116,2180.521277,1924.625824,-1104.047279,5161.281352,6.679174,,84621.243179,0.628099,0,132.436381,-0.000084,0,,1,0,0,0,47.563632,-0.000084,0.079242,1,-1,-1,0.000395,0.000471,4.540213,-9.896605,-2.190861,0.000852,14962.483398,150.538956,14962.583984,0,111.866889,-6183.175549,46.551546,354.924001,1,,0,,,,,,EntryBurn,0,0,137679.384179,1104.047278,,,,,,,,,,,,,,,,,,,,,,,,0,None,,,,,,,,,,,,,,,,,,,,,,,,1,0,0,,,0.888596,,,,,,,,,,,,,,,,,,,,,,,
235.299995,-,0,0,0,,,,44166.092886,2180.422074,1924.648706,-1104.784253,5365.705688,6.686503,,84621.243179,0.683265,0,131.427226,-0.000085,0,,1,0,0,0,48.572785,-0.000085,0.066844,1,-1,-1,0.000417,0.00047,3.829855,-9.592936,-1.680094,0.00085,14965.717773,150.567749,14965.804688,0,111.662096,-6183.305296,46.557695,354.932733,1,,0,,,,,,EntryBurn,0,0,137850.663289,1104.784254,,,,,,,,,,,,,,,,,,,,,,,,0,None,,,,,,,,,,,,,,,,,,,,,,,,1,0,0,,,0.897059,,,,,,,,,,,,,,,,,,,,,,,
235.559995,-,0,0,0,,,,43878.470985,2180.204786,1924.552684,-1105.405684,5578.671186,6.693745,,84621.243179,0.736926,0,130.3449,-0.000086,0,,1,0,0,0,49.655094,-0.000086,0.077036,1,-1,-1,0.000439,0.000515,4.413818,-9.223634,-0.776846,0.000889,14966.354492,150.668274,14966.151367,0,111.442582,-6183.449253,46.564409,354.942265,1,,0,,,,,,EntryBurn,0,0,137997.726657,1105.405682,,,,,,,,,,,,,,,,,,,,,,,,0,None,,,,,,,,,,,,,,,,,,,,,,,,1,0,0,,,0.907475,,,,,,,,,,,,,,,,,,,,,,,
235.799995,-,0,0,0,,,,43590.808265,2179.874346,1924.343096,-1105.918368,5800.607955,6.700889,,84621.243179,0.788402,0,129.868084,-0.000084,0,,1,0,0,0,50.131916,-0.000084,0.049228,1,-1,-1,0.000433,0.000497,2.820584,-9.817316,-0.645048,0.000875,14966.571289,150.655975,14966.527344,0,111.20923,-6183.607027,46.571695,354.952608,1,,0,,,,,,EntryBurn,0,0,138121.988991,1105.918368,,,,,,,,,,,,,,,,,,,,,,,,0,None,,,,,,,,,,,,,,,,,,,,,,,,1,0,0,,,0.918281,,,,,,,,,,,,,,,,,,,,,,,
236.079995,-,0,0,0,,,,43303.161332,2179.440882,1924.030399,-1106.329674,6031.980269,6.70794,,84621.243179,0.836455,0,129.266063,-0.000085,0,,1,0,0,0,50.733924,-0.000085,0.036979,1,1,-1,0.000472,0.000495,2.118717,-10.901982,0.784351,0.000906,14964.376953,150.605804,14964.337891,0,110.963002,-6183.77706,46.579593,354.963817,1,,0,,,,,,EntryBurn,0,0,138224.984184,1106.329673,,,,,,,,,,,,,,,,,,,,,,,,0,None,,,,,,,,,,,,,,,,,,,,,,,,1,0,0,,,0.929746,,,,,,,,,,,,,,,,,,,,,,,
236.339995,-,0,0,0,,,,43015.485563,2178.918255,1923.628589,-1106.649483,6273.365264,6.714915,,84621.243179,0.879972,0,129.402106,-0.000085,0,,1,0,0,0,50.597904,-0.000085,0.021256,1,1,-1,0.000499,0.000513,1.217903,-10.707505,0.588086,0.000959,14967.675781,150.666855,14967.792969,0,110.70511,-6183.957217,46.588104,354.975891,1,,0,,,,,,EntryBurn,0,0,138308.784328,1106.649481,,,,,,,,,,,,,,,,,,,,,,,,0,None,,,,,,,,,,,,,,,,,,,,,,,,1,0,0,,,0.941855,,,,,,,,,,,,,,,,,,,,,,,
236.599995,-,0,0,0,,,,42727.912054,2178.32345,1923.154849,-1106.889356,6525.223357,6.72184,,84621.243179,0.917786,0,129.408849,-0.000082,0,,1,0,0,0,50.591151,-0.000082,0.006061,1,1,-1,0.000498,0.000541,0.347284,-11.440057,1.948787,0.000992,14962.464844,150.609467,14962.481445,0,110.437156,-6184.144819,46.597246,354.988858,1,,0,,,,,,EntryBurn,0,0,138375.806103,1106.889356,,,,,,,,,,,,,,,,,,,,,,,,0,None,,,,,,,,,,,,,,,,,,,,,,,,1,0,0,,,0.954144,,,,,,,,,,,,,,,,,,,,,,,
236.859995,-,0,0,0,,,,42440.368682,2177.675131,1922.627767,-1107.062609,6788.157639,6.728747,,84621.243179,0.948916,0,130.113019,-0.000083,0,,1,0,0,0,49.88698,-0.000083,-0.012755,-1,1,-1,0.000561,0.000554,-0.730821,-9.889359,3.140086,0.001092,14962.515625,150.547928,14962.592773,0,110.160804,-6184.337017,46.606977,355.002656,1,,0,,,,,,EntryBurn,0,0,138428.844278,1107.062608,,,,,,,,,,,,,,,,,,,,,,,,0,None,,,,,,,,,,,,,,,,,,,,,,,,1,0,0,,,0.965869,,,,,,,,,,,,,,,,,,,,,,,
237.119995,-,0,0,0,,,,42152.931747,2176.997474,1922.071616,-1107.186273,7062.741912,6.735683,,84621.243179,0.971847,0,130.872935,-0.00008,0,,1,0,0,0,49.127071,-0.00008,-0.022454,-1,1,-1,0.000588,0.000604,-1.28653,-11.455099,2.795667,0.001117,14964.244141,150.702896,14964.212891,0,109.878269,-6184.530107,46.617281,355.017261,1,,0,,,,,,EntryBurn,0,0,138471.472745,1107.186272,,,,,,,,,,,,,,,,,,,,,,,,0,None,,,,,,,,,,,,,,,,,,,,,,,,1,0,0,,,0.977421,,,,,,,,,,,,,,,,,,,,,,,
237.379995,-,0,0,0,,,,41865.588592,2176.315255,1921.511294,-1107.278835,7349.630698,6.742698,,84621.243179,0.98556,0,132.091242,-0.000082,0,,1,0,0,0,47.908773,-0.000082,-0.026679,-1,1,-1,0.000695,0.000616,-1.528584,-9.904222,4.607182,0.001248,14965.607422,150.561066,14965.631836,0,109.59192,-6184.720427,46.628127,355.032629,1,,0,,,,,,EntryBurn,0,0,138507.572205,1107.278836,,,,,,,,,,,,,,,,,,,,,,,,0,None,,,,,,,,,,,,,,,,,,,,,,,,1,0,0,,,0.988902,,,,,,,,,,,,,,,,,,,,,,,
237.639995,-,0,0,0,,,,41578.342714,2175.655504,1920.973969,-1107.364258,7649.399492,6.74981,,84621.243179,0.988613,0,133.633925,-0.000075,0,,1,0,0,0,46.366068,-0.000075,-0.040896,-1,1,-1,0.000673,0.000579,-2.343177,-9.910623,5.73499,0.001218,14966.736328,150.671982,14966.753906,0,109.304794,-6184.904456,46.63942,355.048623,1,,0,,,,,,EntryBurn,0,0,138542.17323,1107.364259,,,,,,,,,,,,,,,,,,,,,,,,0,None,,,,,,,,,,,,,,,,,,,,,,,,1,0,0,,,1.000556,,,,,,,,,,,,,,,,,,,,,,,
237.899995,-,0,0,0,,,,41291.191708,2175.043927,1920.485364,-1107.466227,7962.763459,6.757086,,84621.243179,0.980634,0,135.221767,-0.000072,0,,1,0,0,0,44.778218,-0.000072,-0.036018,-1,1,-1,0.000741,0.000645,-2.063663,-11.649789,6.387303,0.001336,14965.425781,150.572372,14965.476563,0,109.019898,-6185.078964,46.651031,355.065061,1,,0,,,,,,EntryBurn,0,0,138580.249384,1107.466228,,,,,,,,,,,,,,,,,,,,,,,,0,None,,,,,,,,,,,,,,,,,,,,,,,,1,0,0,,,1.012413,,,,,,,,,,,,,,,,,,,,,,,
238.159995,-,0,0,0,,,,41004.1153,2174.506411,1920.07199,-1107.61458,8290.522975,6.764608,,84621.243179,0.960611,0,137.2066,-0.000064,0,,1,0,0,0,42.7934,-0.000064,-0.054067,-1,1,-1,0.000723,0.000606,-3.097822,-10.431878,8.118543,0.001224,14969.071289,150.830505,14969.027344,0,108.740956,-6185.241432,46.662836,355.081765,1,,0,,,,,,EntryBurn,0,0,138628.06558,1107.614578,,,,,,,,,,,,,,,,,,,,,,,,0,None,,,,,,,,,,,,,,,,,,,,,,,,1,0,0,,,1.024476,,,,,,,,,,,,,,,,,,,,,,,
238.419995,-,0,0,0,,,,40717.069629,2174.065822,1919.75687,-1107.838988,8633.512851,6.772451,,84621.243179,0.927971,0,139.600685,-0.000057,0,,1,0,0,0,40.39933,-0.000057,-0.043612,-1,1,-1,0.000797,0.000581,-2.498791,-10.821918,7.723688,0.001241,14969.897461,150.589706,14969.983398,0,108.471647,-6185.390047,46.674598,355.098402,1,,0,,,,,,EntryBurn,0,0,138691.857325,1107.838989,,,,,,,,,,,,,,,,,,,,,,,,0,None,,,,,,,,,,,,,,,,,,,,,,,,1,0,0,,,1.036753,,,,,,,,,,,,,,,,,,,,,,,
238.679995,-,0,0,0,,,,40430.054027,2171.552008,1917.254187,-1104.306201,8992.558819,6.780677,,1872.399509,1.894148,0,142.115144,-0.00205,0,,1,0,0,0,37.884845,-0.00205,-0.066513,-1,1,-1,0.000838,0.000526,-3.810895,-10.958846,9.354843,0.001228,7.56262,5.594816,7.594667,0,107.736968,-6185.576282,46.708666,355.146625,,,0,,,,,,EntryBurn,0,0,40430.054027,1104.3062,,,,,,,,,,,,,,,,,,,,,,,,0,None,,,,,,,,,,,,,,,,,,,,,,,,1,0,0,,,0.693279,,,,,,,,,,,,,,,,,,,,,,,
238.939995,-,0,0,0,,,,40143.442763,2168.615861,1914.403993,-1101.96978,9337.763889,6.778325,,1872.399509,2.632096,0,159.623282,0.00109,0,,1,0,0,0,20.376708,0.00109,-0.629115,-1,1,-1,0.000364,0.000286,-36.045662,-9.737494,104.146919,0.000365,7.574788,5.595184,7.581189,0,107.148022,-6186.006806,46.73075,355.17779,,,0,,,,,,EntryBurn,0,0,40143.442763,1101.96978,,,,,,,,,,,,,,,,,,,,,,,,0,None,,,,,,,,,,,,,,,,,,,,,,,,1,0,0,,,0.700804,,,,,,,,,,,,,,,,,,,,,,,
239.179995,-,0,0,0,,,,39857.321853,2160.713246,1906.767733,-1099.831208,9674.848747,6.769011,,1872.399509,2.954133,0,164.106974,0.001633,0,,1,0,0,0,15.893033,0.001633,-0.712097,-1,1,-1,0.000172,0.000151,-40.800144,-10.180614,101.903343,0.000187,7.572483,5.590515,7.577146,0,106.55956,-6187.63212,46.727612,355.173364,,,0,,,,,,EntryBurn,0,0,39857.321853,1099.831209,,,,,,,,,,,,,,,,,,,,,,,,0,None,,,,,,,,,,,,,,,,,,,,,,,,1,0,0,,,0.704682,,,,,,,,,,,,,,,,,,,,,,,
239.439995,-,0,0,0,,,,39571.773479,2152.844092,1899.145046,-1097.664305,10004.987531,6.753445,,1872.399509,3.622657,0,150.108989,0.001661,0,,1,0,0,0,29.891016,0.001661,-0.01754,-1,1,-1,0.00013,0.000125,-1.004994,-2.245528,0.584034,0.000081,7.564893,5.588165,7.580404,0,105.969508,-6189.238789,46.721435,355.164646,,,0,,,,,,EntryBurn,0,0,39571.773479,1097.664304,,,,,,,,,,,,,,,,,,,,,,,,0,None,,,,,,,,,,,,,,,,,,,,,,,,1,0,0,,,0.706979,,,,,,,,,,,,,,,,,,,,,,,
239.719995,-,0,0,0,,,,39286.723652,2144.66126,1891.212722,-1095.351005,10345.266235,6.737598,,1872.399509,3.678046,0,165.000209,0.001532,0,,1,0,0,0,14.999805,0.001532,0.573998,1,-1,-1,0.000163,0.000161,32.887657,-3.467922,-91.856606,0.000078,7.580799,5.60389,7.581523,0,105.362026,-6190.893942,46.71463,355.155038,,,0,,,,,,EntryBurn,0,0,39286.723652,1095.351004,,,,,,,,,,,,,,,,,,,,,,,,0,None,,,,,,,,,,,,,,,,,,,,,,,,1,0,0,,,0.716472,,,,,,,,,,,,,,,,,,,,,,,
239.979995,-,0,0,0,,,,39002.404039,2135.694547,1882.514693,-1092.5396,10690.012587,6.719594,,1872.399509,3.930188,0,162.892428,0.000723,0,,1,0,0,0,17.107589,0.000723,0.490562,1,-1,-1,0.00011,0.00011,28.107141,-0.974965,-87.411354,0.000111,7.555809,5.574381,7.57766,0,104.693407,-6192.664203,46.710584,355.149323,,,0,,,,,,EntryBurn,0,0,39002.404039,1092.539601,,,,,,,,,,,,,,,,,,,,,,,,0,None,,,,,,,,,,,,,,,,,,,,,,,,1,0,0,,,0.719275,,,,,,,,,,,,,,,,,,,,,,,
240.239995,-,0,0,0,,,,38718.731404,2127.147765,1874.233644,-1090.106572,11045.110275,6.701207,,1872.399509,3.929838,0,152.187989,0.000331,0,,1,0,0,0,27.811997,0.000331,-0.054364,-1,1,1,0.00009,0.00009,-3.114856,0.243364,6.051285,0.000059,7.572818,5.589468,7.572347,0,104.073884,-6194.373053,46.703494,355.139303,,,0,,,,,,EntryBurn,0,0,38718.731404,1090.106572,,,,,,,,,,,,,,,,,,,,,,,,0,None,,,,,,,,,,,,,,,,,,,,,,,,1,0,0,,,0.721426,,,,,,,,,,,,,,,,,,,,,,,
240.499995,-,0,0,0,,,,38435.780738,2118.184446,1865.546397,-1087.542151,11413.03273,6.68304,,1872.399509,3.961289,0,165.72969,0.000901,0,,1,0,0,0,14.270313,0.000901,-0.485466,-1,1,1,0.000129,0.000129,-27.81513,0.220015,83.867401,0.000078,7.564882,5.593383,7.586693,0,103.438793,-6196.153782,46.695318,355.127743,,,0,,,,,,EntryBurn,0,0,38435.780738,1087.542151,,,,,,,,,,,,,,,,,,,,,,,,0,None,,,,,,,,,,,,,,,,,,,,,,,,1,0,0,,,0.73036,,,,,,,,,,,,,,,,,,,,,,,
240.759995,-,0,0,0,,,,38153.591192,2108.106796,1855.75558,-1084.066834,11781.772781,6.66155,,1872.399509,4.342759,0,164.01571,0.001244,0,,1,0,0,0,15.984297,0.001244,-0.48176,-1,1,1,0.000103,0.000103,-27.602833,3.488996,78.981987,0.00011,7.55805,5.576554,7.575674,0,102.693277,-6198.073076,46.692106,355.1232,,,0,,,,,,EntryBurn,0,0,38153.591192,1084.066833,,,,,,,,,,,,,,,,,,,,,,,,0,None,,,,,,,,,,,,,,,,,,,,,,,,1,0,0,,,0.729717,,,,,,,,,,,,,,,,,,,,,,,
241.019995,-,0,0,0,,,,37872.337418,2098.197505,1846.114502,-1080.476275,12158.303868,6.638943,,1872.399509,4.432163,0,156.550563,0.001248,0,,1,0,0,0,23.449443,0.001248,0.110532,1,-1,1,0.000083,0.000083,6.333004,9.736417,-16.952896,0.000055,7.555263,5.577857,7.579828,0,101.938201,-6199.929309,46.689071,355.118904,,,0,,,,,,EntryBurn,0,0,37872.337418,1080.476274,,,,,,,,,,,,,,,,,,,,,,,,0,None,,,,,,,,,,,,,,,,,,,,,,,,1,0,0,,,0.732417,,,,,,,,,,,,,,,,,,,,,,,
241.279995,-,0,0,0,,,,37592.02994,2087.742646,1835.934801,-1076.432433,12544.966845,6.615845,,1872.399509,4.538053,0,168.834027,0.001245,0,,1,0,0,0,11.165976,0.001245,0.45576,1,-1,1,0.000121,0.000121,26.113134,8.212927,-77.091721,0.000087,7.560874,5.598598,7.595605,0,101.130968,-6201.845504,46.688637,355.11829,,,0,,,,,,EntryBurn,0,0,37592.02994,1076.432433,,,,,,,,,,,,,,,,,,,,,,,,0,None,,,,,,,,,,,,,,,,,,,,,,,,1,0,0,,,0.741148,,,,,,,,,,,,,,,,,,,,,,,
241.539995,-,0,0,0,,,,37312.754682,2076.551308,1825.084292,-1072.734638,12932.106743,6.589806,,1872.399509,4.833197,0,160.943243,0.000714,0,,1,0,0,0,19.056756,0.000714,0.284233,1,-1,1,0.000093,0.000094,16.285378,10.185022,-58.859074,0.000104,7.562437,5.593562,7.587282,0,100.364593,-6203.956255,46.684096,355.111861,,,0,,,,,,EntryBurn,0,0,37312.754682,1072.734637,,,,,,,,,,,,,,,,,,,,,,,,0,None,,,,,,,,,,,,,,,,,,,,,,,,1,0,0,,,0.740775,,,,,,,,,,,,,,,,,,,,,,,
241.799995,-,0,0,0,,,,37034.354921,2065.755788,1814.6266,-1069.514386,13331.645281,6.56389,,1872.399509,4.806605,0,157.138476,0.000449,0,,1,0,0,0,22.861528,0.000449,-0.144782,-1,1,1,0.000066,0.000066,-8.295383,14.750233,25.106373,0.00005,7.563545,5.592402,7.588764,0,99.65871,-6206.019976,46.674024,355.097594,,,0,,,,,,EntryBurn,0,0,37034.354921,1069.514386,,,,,,,,,,,,,,,,,,,,,,,,0,None,,,,,,,,,,,,,,,,,,,,,,,,1,0,0,,,0.743696,,,,,,,,,,,,,,,,,,,,,,,
242.059995,-,0,0,0,,,,36756.860199,2054.174253,1803.411697,-1066.027499,13740.44793,6.537288,,1872.399509,4.961375,0,169.017067,0.000819,0,,1,0,0,0,10.982942,0.000819,-0.423606,-1,1,1,0.000087,0.000088,-24.270859,13.227799,68.832993,0.000086,7.552856,5.585764,7.588941,0,98.921548,-6208.214577,46.663621,355.08285,,,0,,,,,,EntryBurn,0,0,36756.860199,1066.0275,,,,,,,,,,,,,,,,,,,,,,,,0,None,,,,,,,,,,,,,,,,,,,,,,,,1,0,0,,,0.751547,,,,,,,,,,,,,,,,,,,,,,,
242.319995,-,0,0,0,,,,36480.472828,2041.733728,1791.286406,-1060.970692,14144.98578,6.506999,,1872.399509,5.321856,0,165.054208,0.001166,0,,1,0,0,0,14.945792,0.001166,-0.337051,-1,1,1,0.000088,0.000087,-19.311607,13.94663,45.784973,0.000096,7.569298,5.601604,7.591567,0,98.003774,-6210.403455,46.662491,355.081248,,,0,,,,,,EntryBurn,0,0,36480.472828,1060.970692,,,,,,,,,,,,,,,,,,,,,,,,0,None,,,,,,,,,,,,,,,,,,,,,,,,1,0,0,,,0.746859,,,,,,,,,,,,,,,,,,,,,,,
242.579995,-,0,0,0,,,,36205.430874,2029.383258,1779.227668,-1055.742124,14557.402205,6.476192,,1872.399509,5.374104,0,164.331335,0.001055,0,,1,0,0,0,15.668671,0.001055,0.293298,1,-1,1,0.000068,0.000068,16.804743,15.900416,-29.102665,0.00005,7.556422,5.581585,7.58238,0,97.072335,-6212.537142,46.660876,355.078957,,,0,,,,,,EntryBurn,0,0,36205.430874,1055.742123,,,,,,,,,,,,,,,,,,,,,,,,0,None,,,,,,,,,,,,,,,,,,,,,,,,1,0,0,,,0.751603,,,,,,,,,,,,,,,,,,,,,,,
242.839995,-,0,0,0,,,,35931.772129,2016.208118,1766.371718,-1050.096852,14973.089666,6.443946,,1872.399509,5.583424,0,169.473643,0.000816,0,,1,0,0,0,10.526346,0.000816,0.51607,1,-1,1,0.000082,0.000082,29.568626,15.727645,-59.471706,0.000089,7.564116,5.587272,7.580834,0,96.096003,-6214.787865,46.661119,355.079302,,,0,,,,,,EntryBurn,0,0,35931.772129,1050.096853,,,,,,,,,,,,,,,,,,,,,,,,0,None,,,,,,,,,,,,,,,,,,,,,,,,1,0,0,,,0.759282,,,,,,,,,,,,,,,,,,,,,,,
243.099995,-,0,0,0,,,,35659.442049,2002.716659,1753.337383,-1045.651046,15385.870233,6.409093,,1872.399509,5.804013,0,159.310768,0.000177,0,,1,0,0,0,20.689218,0.000177,0.178902,1,-1,1,0.000074,0.000074,10.250337,16.581125,-27.637745,0.000082,7.577991,5.603109,7.586225,0,95.260143,-6217.225103,46.657253,355.073817,,,0,,,,,,EntryBurn,0,0,35659.442049,1045.651046,,,,,,,,,,,,,,,,,,,,,,,,0,None,,,,,,,,,,,,,,,,,,,,,,,,1,0,0,,,0.75589,,,,,,,,,,,,,,,,,,,,,,,
243.339995,-,0,0,0,,,,35388.24128,1989.339507,1740.438396,-1041.479021,15810.265685,6.374735,,1872.399509,5.785741,0,161.530192,0.000088,0,,1,0,0,0,18.469814,0.000088,-0.405665,-1,1,1,0.000062,0.000063,-23.242899,22.912985,36.695583,0.000053,7.574189,5.596641,7.577501,0,94.460154,-6219.648857,46.651712,355.065952,,,0,,,,,,EntryBurn,0,0,35388.24128,1041.479021,,,,,,,,,,,,,,,,,,,,,,,,0,None,,,,,,,,,,,,,,,,,,,,,,,,1,0,0,,,0.761781,,,,,,,,,,,,,,,,,,,,,,,
243.599995,-,0,0,0,,,,35118.230694,1974.86161,1726.433303,-1036.290407,16232.40183,6.338152,,1872.399509,6.076446,0,171.029204,0.000693,0,,1,0,0,0,8.970803,0.000693,-0.619314,-1,1,1,0.000061,0.000062,-35.48407,18.951708,53.960499,0.000088,7.570003,5.59094,7.57873,0,93.546617,-6222.173663,46.649719,355.063123,,,0,,,,,,EntryBurn,0,0,35118.230694,1036.290407,,,,,,,,,,,,,,,,,,,,,,,,0,None,,,,,,,,,,,,,,,,,,,,,,,,1,0,0,,,0.766374,,,,,,,,,,,,,,,,,,,,,,,
243.859995,-,0,0,0,,,,34849.833589,1960.070849,1711.969749,-1029.624718,16646.710359,6.298741,,1872.399509,6.316923,0,167.087321,0.001015,0,,1,0,0,0,12.912676,0.001015,-0.089202,-1,1,1,0.00007,0.00007,-5.110877,25.920103,12.215893,0.000064,7.572827,5.585372,7.569736,0,92.474134,-6224.578497,46.646528,355.05859,,,0,,,,,,EntryBurn,0,0,34849.833589,1029.624718,,,,,,,,,,,,,,,,,,,,,,,,0,None,,,,,,,,,,,,,,,,,,,,,,,,1,0,0,,,0.76153,,,,,,,,,,,,,,,,,,,,,,,
244.139995,-,0,0,0,,,,34583.144175,1944.99907,1697.22423,-1022.790977,17064.354673,6.25898,,1872.399509,6.392274,0,171.449991,0.00082,0,,1,0,0,0,8.550001,0.00082,0.639684,1,-1,1,0.000079,0.00008,36.651199,31.270555,-39.544529,0.00006,7.575487,5.596546,7.582747,0,91.390584,-6227.002689,46.641849,355.051943,,,0,,,,,,EntryBurn,0,0,34583.144175,1022.790978,,,,,,,,,,,,,,,,,,,,,,,,0,None,,,,,,,,,,,,,,,,,,,,,,,,1,0,0,,,0.768702,,,,,,,,,,,,,,,,,,,,,,,
244.379995,-,0,0,0,,,,34318.218948,1929.11451,1681.8101,-1016.276405,17472.72237,6.216612,,1872.399509,6.667496,0,164.507018,-0.000459,0,,1,0,0,0,15.492961,-0.000459,0.506516,1,-1,1,0.000056,0.000056,29.021242,36.054482,-36.174068,0.000077,7.567041,5.5875,7.577249,0,90.347764,-6229.60871,46.64367,355.054531,,,0,,,,,,EntryBurn,0,0,34318.218948,1016.276406,,,,,,,,,,,,,,,,,,,,,,,,0,None,,,,,,,,,,,,,,,,,,,,,,,,1,0,0,,,0.770442,,,,,,,,,,,,,,,,,,,,,,,
244.659995,-,0,0,0,,,,34054.801655,1913.383629,1666.728427,-1010.943154,17881.10015,6.173289,,1872.399509,6.742574,0,159.330485,-0.000612,0,,1,0,0,0,20.66951,-0.000612,-0.177619,-1,1,1,0.000039,0.000039,-10.176835,34.389652,4.870574,0.00004,7.57941,5.593783,7.574079,0,89.441835,-6232.28634,46.652512,355.067094,,,0,,,,,,EntryBurn,0,0,34054.801655,1010.943153,,,,,,,,,,,,,,,,,,,,,,,,0,None,,,,,,,,,,,,,,,,,,,,,,,,1,0,0,,,0.770216,,,,,,,,,,,,,,,,,,,,,,,
244.919995,-,0,0,0,,,,33792.838349,1897.071332,1651.091743,-1005.175356,18292.298154,6.129467,,1872.399509,6.860802,0,168.001953,-0.000468,0,,1,0,0,0,11.998045,-0.000468,-0.684291,-1,1,1,0.000052,0.000052,-39.206959,26.3405,34.134201,0.000062,7.561439,5.581756,7.579502,0,88.493227,-6235.009298,46.664867,355.084641,,,0,,,,,,EntryBurn,0,0,33792.838349,1005.175356,,,,,,,,,,,,,,,,,,,,,,,,0,None,,,,,,,,,,,,,,,,,,,,,,,,1,0,0,,,0.776096,,,,,,,,,,,,,,,,,,,,,,,
245.179995,-,0,0,0,,,,33532.604098,1879.959344,1634.41963,-997.591187,18688.798223,6.082418,,1872.399509,7.16496,0,174.417455,0.000586,0,,1,0,0,0,5.582551,0.000586,-0.45574,-1,1,1,0.000064,0.000063,-26.111984,36.554512,25.933558,0.000078,7.560492,5.584076,7.581694,0,87.354606,-6237.671261,46.661561,355.079946,,,0,,,,,,EntryBurn,0,0,33532.604098,997.591187,,,,,,,,,,,,,,,,,,,,,,,,0,None,,,,,,,,,,,,,,,,,,,,,,,,1,0,0,,,0.769751,,,,,,,,,,,,,,,,,,,,,,,
245.439995,-,0,0,0,,,,33274.412216,1862.779163,1617.594594,-989.616771,19082.16981,6.034385,,1872.399509,7.26463,0,175.603989,0.000445,0,,1,0,0,0,4.39602,0.000445,0.499605,1,-1,1,0.000053,0.000052,28.62524,33.818401,-13.580639,0.000046,7.553312,5.588784,7.594413,0,86.184963,-6240.277617,46.649349,355.062595,,,0,,,,,,EntryBurn,0,0,33274.412216,989.616772,,,,,,,,,,,,,,,,,,,,,,,,0,None,,,,,,,,,,,,,,,,,,,,,,,,1,0,0,,,0.77257,,,,,,,,,,,,,,,,,,,,,,,
245.699995,-,0,0,0,,,,33018.323046,1844.880059,1600.138096,-981.507697,19467.421057,5.984723,,1872.399509,7.462879,0,168.485099,-0.000703,0,,1,0,0,0,11.514892,-0.000703,0.614494,1,-1,1,0.000056,0.000056,35.20792,35.534172,-22.747988,0.000077,7.566586,5.593074,7.584408,0,85.010185,-6242.984477,46.643255,355.053931,,,0,,,,,,EntryBurn,0,0,33018.323046,981.507696,,,,,,,,,,,,,,,,,,,,,,,,0,None,,,,,,,,,,,,,,,,,,,,,,,,1,0,0,,,0.778122,,,,,,,,,,,,,,,,,,,,,,,
245.959995,-,0,0,0,,,,32764.196543,1826.829609,1582.881853,-974.459108,19842.033484,5.93317,,1872.399509,7.618371,0,160.448308,-0.000913,0,,1,0,0,0,19.551692,-0.000913,0.143024,1,-1,1,0.000045,0.000045,8.194684,37.258614,-10.666682,0.000062,7.573705,5.587353,7.571348,0,83.956911,-6245.80145,46.670455,355.092586,,,0,,,,,,EntryBurn,0,0,32764.196543,974.459108,,,,,,,,,,,,,,,,,,,,,,,,0,None,,,,,,,,,,,,,,,,,,,,,,,,1,0,0,,,0.773464,,,,,,,,,,,,,,,,,,,,,,,
246.219994,-,0,0,0,,,,32511.903795,1808.646317,1565.573662,-967.40426,20218.474976,5.881659,,1872.399509,7.664073,0,164.100981,-0.000789,0,,1,0,0,0,15.899007,-0.000789,-0.531147,-1,1,1,0.000039,0.000039,-30.432499,37.462944,11.852796,0.000049,7.556936,5.578973,7.581389,0,82.911987,-6248.611058,46.707114,355.144604,,,0,,,,,,EntryBurn,0,0,32511.903795,967.404259,,,,,,,,,,,,,,,,,,,,,,,,0,None,,,,,,,,,,,,,,,,,,,,,,,,1,0,0,,,0.778028,,,,,,,,,,,,,,,,,,,,,,,
246.459994,-,0,0,0,,,,32261.586035,1789.582379,1547.168896,-959.024594,20579.063228,5.827791,,1872.399509,7.917118,0,174.988863,-0.000508,0,,1,0,0,0,5.011143,-0.000508,-0.686287,-1,1,1,0.000048,0.000048,-39.321369,37.783455,18.061075,0.000087,7.561037,5.574695,7.570466,0,81.738287,-6251.420312,46.720261,355.163238,,,0,,,,,,EntryBurn,0,0,32261.586035,959.024595,,,,,,,,,,,,,,,,,,,,,,,,0,None,,,,,,,,,,,,,,,,,,,,,,,,1,0,0,,,0.778137,,,,,,,,,,,,,,,,,,,,,,,
246.719994,-,0,0,0,,,,32013.576188,1770.331533,1528.35345,-949.994973,20924.375623,5.772035,,1872.399509,8.080051,0,178.889018,-0.000071,0,,1,0,0,0,1.110977,-0.000071,0.185883,1,1,1,0.000045,0.000041,10.650302,36.304363,5.589638,0.000054,7.556344,5.567722,7.567693,0,80.510604,-6254.164829,46.704305,355.140618,,,0,,,,,,EntryBurn,0,0,32013.576188,949.994974,,,,,,,,,,,,,,,,,,,,,,,,0,None,,,,,,,,,,,,,,,,,,,,,,,,1,0,0,,,0.777335,,,,,,,,,,,,,,,,,,,,,,,
246.999994,-,0,0,0,,,,31767.933843,1750.645832,1509.132319,-940.799529,21260.196282,5.715415,,1872.399509,8.199233,0,171.374808,-0.000735,0,,1,0,0,0,8.625195,-0.000735,0.712324,1,-1,1,0.000055,0.000054,40.813137,40.887547,-2.257228,0.00008,7.561964,5.570923,7.56837,0,79.278875,-6256.94027,46.688107,355.117634,,,0,,,,,,EntryBurn,0,0,31767.933843,940.799529,,,,,,,,,,,,,,,,,,,,,,,,0,None,,,,,,,,,,,,,,,,,,,,,,,,1,0,0,,,0.78173,,,,,,,,,,,,,,,,,,,,,,,
247.239994,-,0,0,0,,,,31524.663413,1730.547911,1489.804768,-931.859759,21576.612941,5.656788,,1872.399509,8.382264,0,163.385742,-0.000892,0,,1,0,0,0,16.614258,-0.000892,0.340519,1,-1,1,0.000042,0.000041,19.510313,37.676033,-3.530231,0.000076,7.560174,5.577941,7.576761,0,78.085539,-6259.781942,46.709417,355.147873,,,0,,,,,,EntryBurn,0,0,31524.663413,931.859759,,,,,,,,,,,,,,,,,,,,,,,,0,None,,,,,,,,,,,,,,,,,,,,,,,,1,0,0,,,0.781089,,,,,,,,,,,,,,,,,,,,,,,
247.519994,-,0,0,0,,,,31283.678966,1710.451155,1470.677856,-923.043282,21884.671395,5.597762,,1872.399509,8.440094,0,163.317645,-0.000686,0,,1,0,0,0,16.682362,-0.000686,-0.319645,-1,-1,1,0.000026,0.000021,-18.314333,46.342041,-1.885927,0.000039,7.558775,5.596133,7.594838,0,76.917823,-6262.598127,46.759022,355.218143,,,0,,,,,,EntryBurn,0,0,31283.678966,923.043282,,,,,,,,,,,,,,,,,,,,,,,,0,None,,,,,,,,,,,,,,,,,,,,,,,,1,0,0,,,0.781805,,,,,,,,,,,,,,,,,,,,,,,
247.759994,-,0,0,0,,,,31045.05551,1689.745752,1450.818744,-913.711743,22175.947123,5.53743,,1872.399509,8.596077,0,169.363578,-0.000551,0,,1,0,0,0,10.636425,-0.000551,-0.601176,-1,1,1,0.000038,0.000038,-34.44487,43.222481,0.655336,0.000074,7.571651,5.59029,7.577491,0,75.711822,-6265.436032,46.786391,355.256843,,,0,,,,,,EntryBurn,0,0,31045.05551,913.711744,,,,,,,,,,,,,,,,,,,,,,,,0,None,,,,,,,,,,,,,,,,,,,,,,,,1,0,0,,,0.782983,,,,,,,,,,,,,,,,,,,,,,,
248.039994,-,0,0,0,,,,30808.904251,1668.751696,1430.398248,-904.111739,22443.269787,5.475147,,1872.399509,8.754875,0,170.658592,0.000339,0,,1,0,0,0,9.341411,0.000339,-0.191545,-1,1,1,0.000046,0.000044,-10.974698,42.147934,2.849346,0.00007,7.561786,5.600334,7.595552,0,74.493851,-6268.260114,46.765158,355.22682,,,0,,,,,,EntryBurn,0,0,30808.904251,904.111739,,,,,,,,,,,,,,,,,,,,,,,,0,None,,,,,,,,,,,,,,,,,,,,,,,,1,0,0,,,0.778083,,,,,,,,,,,,,,,,,,,,,,,
248.279994,-,0,0,0,,,,30575.263012,1647.585719,1409.795379,-894.357422,22696.656244,5.412351,,1872.399509,8.820366,0,170.180505,-0.000136,0,,1,0,0,0,9.819492,-0.000136,0.578809,1,1,1,0.000049,0.000045,33.163322,48.238655,4.066398,0.000064,7.575748,5.597691,7.580557,0,73.275931,-6271.059742,46.739479,355.190464,,,0,,,,,,EntryBurn,0,0,30575.263012,894.357423,,,,,,,,,,,,,,,,,,,,,,,,0,None,,,,,,,,,,,,,,,,,,,,,,,,1,0,0,,,0.780469,,,,,,,,,,,,,,,,,,,,,,,
248.559994,-,0,0,0,,,,30344.231897,1625.953599,1388.857798,-884.077195,22925.851016,5.348014,,1872.399509,8.973778,0,166.127906,-0.000542,0,,1,0,0,0,13.872087,-0.000542,0.40036,1,1,1,0.000043,0.000041,22.938953,45.483246,6.196694,0.000076,7.556455,5.5701,7.57158,0,72.023173,-6273.850168,46.737834,355.188134,,,0,,,,,,EntryBurn,0,0,30344.231897,884.077194,,,,,,,,,,,,,,,,,,,,,,,,0,None,,,,,,,,,,,,,,,,,,,,,,,,1,0,0,,,0.780908,,,,,,,,,,,,,,,,,,,,,,,
248.819994,-,0,0,0,,,,30115.948,1604.318093,1368.114076,-873.341153,23134.687736,5.282818,,1872.399509,9.045403,0,163.58038,-0.00039,0,,1,0,0,0,16.419624,-0.00039,-0.033282,-1,1,1,0.000025,0.000021,-1.906922,44.690647,3.862147,0.000041,7.565018,5.590729,7.583723,0,70.745086,-6276.557854,46.777991,355.244984,,,0,,,,,,EntryBurn,0,0,30115.948,873.341153,,,,,,,,,,,,,,,,,,,,,,,,0,None,,,,,,,,,,,,,,,,,,,,,,,,1,0,0,,,0.778846,,,,,,,,,,,,,,,,,,,,,,,
249.079994,-,0,0,0,,,,29890.440926,1582.402691,1347.151143,-862.725949,23324.984494,5.217122,,1872.399509,9.114956,0,164.056897,0.000284,0,,1,0,0,0,15.943105,0.000284,-0.449749,-1,-1,1,0.000029,0.000032,-25.768696,48.773262,-4.287635,0.000057,7.583374,5.604687,7.578282,0,69.495311,-6279.283419,46.816499,355.299399,,,0,,,,,,EntryBurn,0,0,29890.440926,862.72595,,,,,,,,,,,,,,,,,,,,,,,,0,None,,,,,,,,,,,,,,,,,,,,,,,,1,0,0,,,0.781082,,,,,,,,,,,,,,,,,,,,,,,
249.339994,-,0,0,0,,,,29667.605222,1560.162202,1325.844947,-852.823978,23487.006229,5.149853,,1872.399509,9.238899,0,162.667999,0.00072,0,,1,0,0,0,17.331995,0.00072,-0.28391,-1,-1,1,0.000038,0.000037,-16.266846,53.885902,-8.211996,0.000066,7.563605,5.586273,7.581695,0,68.326546,-6282.085281,46.822464,355.307819,,,0,,,,,,EntryBurn,0,0,29667.605222,852.823978,,,,,,,,,,,,,,,,,,,,,,,,0,None,,,,,,,,,,,,,,,,,,,,,,,,1,0,0,,,0.779057,,,,,,,,,,,,,,,,,,,,,,,
249.599994,-,0,0,0,,,,29447.300587,1537.920846,1304.469805,-843.176441,23629.861563,5.08205,,1872.399509,9.275891,0,163.481556,0.000768,0,,1,0,0,0,16.518449,0.000768,0.342953,1,1,1,0.000036,0.000028,19.649763,51.652092,2.832586,0.000049,7.561757,5.58393,7.58161,0,67.195984,-6284.865239,46.80451,355.282464,,,0,,,,,,EntryBurn,0,0,29447.300587,843.176441,,,,,,,,,,,,,,,,,,,,,,,,0,None,,,,,,,,,,,,,,,,,,,,,,,,1,0,0,,,0.778376,,,,,,,,,,,,,,,,,,,,,,,
249.859994,-,0,0,0,,,,29229.558703,1515.381231,1282.734384,-832.953776,23750.657752,5.013499,,1872.399509,9.35462,0,167.270326,0.00068,0,,1,0,0,0,12.729674,0.00068,0.419727,1,1,1,0.00004,0.000038,24.048573,50.771297,13.404648,0.000068,7.560087,5.588395,7.586626,0,66.029281,-6287.597185,46.780264,355.248184,,,0,,,,,,LandingBurn,0,0,29229.558703,832.953777,,,,,,,,,,,,,,,,,,,,,,,,0,None,,,,,,,,,,,,,,,,,,,,,,,,1,0,0,,,0.779346,,,,,,,,,,,,,,,,,,,,,,,
250.119994,-,0,0,0,,,,29014.653126,1492.693145,1260.757249,-821.439018,23843.573661,4.943785,,1872.399509,9.439386,0,167.431443,0.00055,0,,1,0,0,0,12.568565,0.00055,0.09587,1,1,1,0.000029,0.000025,5.492943,57.137333,12.410102,0.000051,7.565799,5.615047,7.607128,0,64.766882,-6290.195337,46.768166,355.231061,,,0,,,,,,LandingBurn,0,0,29014.653126,821.439018,,,,,,,,,,,,,,,,,,,,,,,,0,None,,,,,,,,,,,,,,,,,,,,,,,,1,0,0,,,0.776929,,,,,,,,,,,,,,,,,,,,,,,
250.359994,-,0,0,0,,,,28802.821301,1469.993217,1238.841839,-809.527196,23915.363201,4.873802,,1872.399509,9.45906,0,164.372478,0.000596,0,,1,0,0,0,15.627529,0.000596,-0.285859,-1,1,1,0.000023,0.000027,-16.37854,59.312687,2.293374,0.000047,7.564952,5.597122,7.586849,0,63.490435,-6292.718775,46.775112,355.240895,,,0,,,,,,LandingBurn,0,0,28802.821301,809.527196,,,,,,,,,,,,,,,,,,,,,,,,0,None,,,,,,,,,,,,,,,,,,,,,,,,1,0,0,,,0.777405,,,,,,,,,,,,,,,,,,,,,,,
250.639994,-,0,0,0,,,,28593.926739,1449.168609,1218.987278,-799.142431,23985.529599,4.805539,,1872.399509,8.987469,0,158.960285,0.000986,0,,1,0,0,0,21.039719,0.000986,-0.442328,-1,-1,1,0.00004,0.000042,-25.343529,54.886879,-2.296429,0.00007,7.567228,5.577617,7.569143,0,62.365886,-6295.043193,46.803921,355.281646,,,0,,,,,,LandingBurn,0,0,28593.926739,799.142431,,,,,,,,,,,,,,,,,,,,,,,,0,None,,,,,,,,,,,,,,,,,,,,,,,,1,0,0,,,0.7753,,,,,,,,,,,,,,,,,,,,,,,
250.899994,-,0,0,0,,,,28387.525355,1429.573281,1200.385775,-789.747055,24117.925878,4.74509,,1872.399509,8.239079,0,155.09556,0.001126,0,,1,0,0,0,24.904439,0.001126,0.119275,1,-1,1,0.000045,0.000034,6.833938,58.169838,-1.04973,0.000056,7.560039,5.580376,7.577377,0,61.341348,-6297.228822,46.829182,355.317333,,,0,,,,,,LandingBurn,0,0,28387.525355,789.747055,,,,,,,,,,,,,,,,,,,,,,,,0,None,,,,,,,,,,,,,,,,,,,,,,,,1,0,0,,,0.774915,,,,,,,,,,,,,,,,,,,,,,,
251.139994,-,0,0,0,,,,28183.585412,1409.759841,1181.608108,-780.341312,24232.09469,4.684302,,1872.399509,8.297144,0,160.077042,0.001043,0,,1,0,0,0,19.92295,0.001043,0.41945,1,1,1,0.000053,0.000045,24.032711,59.322681,10.612439,0.000062,7.577632,5.595452,7.574345,0,60.329211,-6299.413054,46.852256,355.349894,,,0,,,,,,LandingBurn,0,0,28183.585412,780.341312,,,,,,,,,,,,,,,,,,,,,,,,0,None,,,,,,,,,,,,,,,,,,,,,,,,1,0,0,,,0.775869,,,,,,,,,,,,,,,,,,,,,,,
251.419994,-,0,0,0,,,,27982.151544,1389.670588,1162.474188,-770.514439,24318.343219,4.622336,,1872.399509,8.405433,0,164.773501,0.000661,0,,1,0,0,0,15.226511,0.000661,0.075494,1,1,1,0.000031,0.000031,4.325487,62.2332,17.606186,0.00005,7.560851,5.58779,7.585542,0,59.296221,-6301.569749,46.863278,355.365435,,,0,,,,,,LandingBurn,0,0,27982.151544,770.514439,,,,,,,,,,,,,,,,,,,,,,,,0,None,,,,,,,,,,,,,,,,,,,,,,,,1,0,0,,,0.774424,,,,,,,,,,,,,,,,,,,,,,,
251.659994,-,0,0,0,,,,27783.349153,1369.660475,1143.236568,-760.121436,24382.976302,4.55994,,1872.399509,8.421718,0,165.630187,0.000676,0,,1,0,0,0,14.369814,0.000676,-0.268051,-1,1,1,0.000033,0.000034,-15.35819,57.015327,14.204955,0.00005,7.573088,5.60467,7.587099,0,58.232805,-6303.635977,46.857829,355.357752,,,0,,,,,,LandingBurn,0,0,27783.349153,760.121436,,,,,,,,,,,,,,,,,,,,,,,,0,None,,,,,,,,,,,,,,,,,,,,,,,,1,0,0,,,0.769956,,,,,,,,,,,,,,,,,,,,,,,
251.919994,-,0,0,0,,,,27587.248444,1349.831223,1124.173073,-749.767448,24434.519657,4.497978,,1872.399509,8.361345,0,163.806734,0.000745,0,,1,0,0,0,16.193263,0.000745,-0.066467,-1,-1,1,0.00004,0.000035,-3.808289,64.917542,-5.198422,0.000049,7.573995,5.593748,7.576577,0,57.18858,-6305.647429,46.849599,355.346143,,,0,,,,,,LandingBurn,0,0,27587.248444,749.767448,,,,,,,,,,,,,,,,,,,,,,,,0,None,,,,,,,,,,,,,,,,,,,,,,,,1,0,0,,,0.768432,,,,,,,,,,,,,,,,,,,,,,,
252.199994,-,0,0,0,,,,27393.854841,1328.794932,1104.137371,-738.99286,24456.780408,4.434989,,1872.399509,8.643722,0,162.973178,0.000558,0,,1,0,0,0,17.026829,0.000558,0.484411,1,-1,1,0.000047,0.000041,27.754726,60.838688,-8.718416,0.00006,7.575199,5.603036,7.584882,0,56.125993,-6307.762899,46.860539,355.361576,,,0,,,,,,LandingBurn,0,0,27393.854841,738.992859,,,,,,,,,,,,,,,,,,,,,,,,0,None,,,,,,,,,,,,,,,,,,,,,,,,1,0,0,,,0.769621,,,,,,,,,,,,,,,,,,,,,,,
252.459994,-,0,0,0,,,,27203.282371,1306.372763,1083.13619,-728.425749,24381.351909,4.364971,,1872.399509,9.296015,0,161.306565,-0.000618,0,,1,0,0,0,18.693449,-0.000618,0.479468,1,1,1,0.000048,0.00005,27.471519,64.266739,2.072313,0.000088,7.560582,5.59078,7.589354,0,55.094456,-6310.047936,46.89471,355.409729,,,0,,,,,,LandingBurn,0,0,27203.282371,728.425749,,,,,,,,,,,,,,,,,,,,,,,,0,None,,,,,,,,,,,,,,,,,,,,,,,,1,0,0,,,0.7695,,,,,,,,,,,,,,,,,,,,,,,
252.719994,-,0,0,0,,,,27015.259786,1284.24714,1062.630906,-719.232412,24281.501938,4.294609,,1872.399509,9.290928,0,160.342719,-0.280914,0,,1,0,0,0,19.657289,-0.280914,0.021143,1,-0.988728,1,4.929776,4.933134,1.211412,65.871986,10.14963,1.099456,7.570073,5.593101,7.583231,0,54.182698,-6312.35358,46.914595,355.437716,,,0,,,,,,LandingBurn,0,0,27015.259786,719.232413,,,,,,,,,,,,,,,,,,,,,,,,0,None,,,,,,,,,,,,,,,,,,,,,,,,1,0,0,,,0.768364,,,,,,,,,,,,,,,,,,,,,,,
252.979994,-,0,0,0,,,,26829.675592,1261.89228,1041.85526,-709.552882,24163.199929,4.224402,,1872.399509,9.304985,0,164.28276,-0.524719,0,,1,0,0,0,15.717241,-0.524719,-0.329463,0.307765,-0.145858,1,38.28347,38.213969,-18.876858,39.299965,9.641063,8.002063,7.561791,5.593866,7.587485,0,53.247613,-6314.609125,46.927439,355.45578,,,0,,,,,,LandingBurn,0,0,26829.675592,709.552883,,,,,,,,,,,,,,,,,,,,,,,,0,None,,,,,,,,,,,,,,,,,,,,,,,,1,0,0,,,0.768479,,,,,,,,,,,,,,,,,,,,,,,
253.239994,-,0,0,0,,,,26646.753476,1238.971694,1020.375239,-698.890325,23998.860851,4.152048,,1872.399509,9.495903,0,169.256471,-0.39953,0,,1,0,0,0,10.743529,-0.39953,-0.327229,0.093306,-0.330298,-1,46.773041,46.729886,-18.748846,-27.912706,-0.326058,9.951598,7.564106,5.579846,7.571277,0,52.254334,-6316.821817,46.925419,355.452941,,,0,,,,,,LandingBurn,0,0,26646.753476,698.890325,,,,,,,,,,,,,,,,,,,,,,,,0,None,,,,,,,,,,,,,,,,,,,,,,,,1,0,0,,,0.766431,,,,,,,,,,,,,,,,,,,,,,,
253.479994,-,0,0,0,,,,26466.618616,1216.615484,999.409397,-688.127914,23816.608057,4.08008,,1872.399509,9.399408,0,168.66159,-0.312051,0,,1,0,0,0,11.338428,-0.312051,-0.071144,0.298352,-0.908957,-1,48.767973,48.685587,-4.076266,-41.011448,-17.086681,10.482715,7.568528,5.598091,7.587124,0,51.270953,-6318.910953,46.92353,355.450284,,,0,,,,,,LandingBurn,0,0,26466.618616,688.127914,,,,,,,,,,,,,,,,,,,,,,,,0,None,,,,,,,,,,,,,,,,,,,,,,,,1,0,0,,,0.766393,,,,,,,,,,,,,,,,,,,,,,,
253.759994,-,0,0,0,,,,26289.492076,1184.996833,969.796159,-671.865831,23584.279692,4.005792,,1872.399509,11.680025,0,163.032494,-0.302755,0,,1,0,0,0,16.967502,-0.302755,-0.150433,0.186276,-1,-0.217312,49.409626,49.389584,-8.619151,-2.983127,-24.389444,10.696421,7.571816,5.594607,7.580595,0,49.908964,-6321.720465,46.948636,355.485576,,,0,,,,,,LandingBurn,0,0,26289.492076,671.865831,,,,,,,,,,,,,,,,,,,,,,,,0,None,,,,,,,,,,,,,,,,,,,,,,,,1,0,0,,,0.766238,,,,,,,,,,,,,,,,,,,,,,,
254.019994,-,0,0,0,,,,26119.642766,1125.926619,914.781079,-638.242535,22171.982097,3.833967,,1872.399509,21.095353,0,158.396844,-0.259909,0,,1,0,0,0,21.603163,-0.259909,-0.235498,0.031017,-1,1,47.46806,47.4471,-13.493057,26.198486,-2.023489,10.760959,7.558154,5.578379,7.578676,0,47.393329,-6326.538675,47.119689,355.724877,,,0,,,,,,LandingBurn,0,0,26119.642766,638.242534,,,,,,,,,,,,,,,,,,,,,,,,0,None,,,,,,,,,,,,,,,,,,,,,,,,1,0,0,,,0.764646,,,,,,,,,,,,,,,,,,,,,,,
254.279994,-,0,0,0,,,,25958.329035,1071.048744,863.909657,-605.810883,20586.318687,3.649062,,1872.399509,22.577179,0,162.151266,-0.339525,0,,1,0,0,0,17.84873,-0.339525,0.170714,0.682646,-0.393738,-0.394519,45.023307,45.043652,9.781219,-5.494183,37.097496,10.822665,7.548419,5.579795,7.587778,0,45.092681,-6330.713115,47.304894,355.981729,,,0,,,,,,LandingBurn,0,0,25958.329035,605.810884,,,,,,,,,,,,,,,,,,,,,,,,0,None,,,,,,,,,,,,,,,,,,,,,,,,1,0,0,,,0.769261,,,,,,,,,,,,,,,,,,,,,,,
254.539994,-,0,0,0,,,,25805.131984,1018.517175,814.528601,-576.006754,19082.256466,3.4723,,1872.399509,21.452778,0,166.89135,-0.467529,0,,1,0,0,0,13.108653,-0.467529,0.077492,0.750286,-0.723373,-1,43.710442,43.706716,4.439968,-15.099395,14.402813,10.027097,7.540428,5.578637,7.596631,0,43.076366,-6334.58718,47.256877,355.915354,,,0,,,,,,LandingBurn,0,0,25805.131984,576.006753,,,,,,,,,,,,,,,,,,,,,,,,0,None,,,,,,,,,,,,,,,,,,,,,,,,1,0,0,,,0.772141,,,,,,,,,,,,,,,,,,,,,,,
254.779994,-,0,0,0,,,,25659.321246,968.697589,767.552096,-548.507112,17678.248146,3.305011,,1872.399509,20.402182,0,164.599656,-0.467139,0,,1,0,0,0,15.400347,-0.467139,-0.294952,0.248663,-1,0.467216,41.768001,41.733615,-16.899509,5.714611,-29.8887,9.517704,7.558776,5.58706,7.58654,0,41.298851,-6338.120881,47.086095,355.677995,,,0,,,,,,LandingBurn,0,0,25659.321246,548.507112,,,,,,,,,,,,,,,,,,,,,,,,0,None,,,,,,,,,,,,,,,,,,,,,,,,1,0,0,,,0.776187,,,,,,,,,,,,,,,,,,,,,,,
255.059994,-,0,0,0,,,,25520.652798,921.596138,724.327351,-520.933758,16353.814162,3.14518,,1872.399509,19.391873,0,157.089749,-0.451731,0,,1,0,0,0,22.910256,-0.451731,0.005732,0.696329,-1,0.643241,39.6754,39.627049,0.328429,7.911242,-18.246969,9.587966,7.567914,5.597256,7.586057,0,39.60971,-6341.20845,47.117201,355.721381,,,0,,,,,,LandingBurn,0,0,25520.652798,520.933758,,,,,,,,,,,,,,,,,,,,,,,,0,None,,,,,,,,,,,,,,,,,,,,,,,,1,0,0,,,0.776716,,,,,,,,,,,,,,,,,,,,,,,
255.319994,-,0,0,0,,,,25388.943311,877.163728,685.010836,-495.330182,15133.216165,2.995099,,1872.399509,18.313714,0,155.165785,-0.675992,0,,1,0,0,0,24.834211,-0.675992,0.418955,1,-0.674396,-0.53103,38.040291,38.064817,24.004353,-6.204911,20.198915,9.070083,7.565658,5.573324,7.566969,0,38.112769,-6344.000647,47.285699,355.95525,,,0,,,,,,LandingBurn,0,0,25388.943311,495.330183,,,,,,,,,,,,,,,,,,,,,,,,0,None,,,,,,,,,,,,,,,,,,,,,,,,1,0,0,,,0.777939,,,,,,,,,,,,,,,,,,,,,,,
255.579994,-,0,0,0,,,,25263.415648,834.485404,647.74549,-473.088057,13984.478891,2.851555,,1872.399509,17.485371,0,156.601706,-0.904382,0,,1,0,0,0,23.398281,-0.904382,0.114665,1,-0.298602,0.218187,36.993237,36.965247,6.569796,2.18576,25.649048,7.810727,7.558895,5.598061,7.595786,0,36.858058,-6346.66644,47.320956,356.003943,,,0,,,,,,LandingBurn,0,0,25263.415648,473.088056,,,,,,,,,,,,,,,,,,,,,,,,0,None,,,,,,,,,,,,,,,,,,,,,,,,1,0,0,,,0.777064,,,,,,,,,,,,,,,,,,,,,,,
255.839994,-,0,0,0,,,,25143.295109,794.61436,612.38026,-453.451175,12914.215778,2.715079,,1872.399509,16.563363,0,159.548734,-0.568825,0,,1,0,0,0,20.451271,-0.568825,-0.214358,0.615852,-0.482666,-0.482986,34.818245,34.782888,-12.281792,-4.997549,13.322685,8.095362,7.580615,5.617374,7.595892,0,35.785352,-6349.084312,47.105897,355.705587,,,0,,,,,,LandingBurn,0,0,25143.295109,453.451175,,,,,,,,,,,,,,,,,,,,,,,,0,None,,,,,,,,,,,,,,,,,,,,,,,,1,0,0,,,0.772485,,,,,,,,,,,,,,,,,,,,,,,
256.099994,-,0,0,0,,,,25028.208975,757.376368,579.02864,-433.78402,11950.129742,2.588733,,1872.399509,15.517492,0,159.064184,-0.418509,0,,1,0,0,0,20.935809,-0.418509,-0.63945,-0.411862,-1,0.017028,32.357505,32.354463,-36.637775,0.171005,-38.977741,7.812232,7.558722,5.585293,7.584838,0,34.75906,-6351.168893,46.82751,355.314618,,,0,,,,,,LandingBurn,0,0,25028.208975,433.78402,,,,,,,,,,,,,,,,,,,,,,,,0,None,,,,,,,,,,,,,,,,,,,,,,,,1,0,0,,,0.770673,,,,,,,,,,,,,,,,,,,,,,,
256.359994,-,0,0,0,,,,24918.416346,723.563585,549.992751,-413.175822,11068.495287,2.470417,,1872.399509,14.299948,0,146.80282,-0.19907,0,,1,0,0,0,33.197178,-0.19907,-0.370117,-0.357144,-1,0.270056,28.88529,28.856783,-21.206133,2.73128,-51.700508,7.85116,7.557912,5.573659,7.575256,0,33.74043,-6352.853408,46.849754,355.346062,,,0,,,,,,LandingBurn,0,0,24918.416346,413.175823,,,,,,,,,,,,,,,,,,,,,,,,0,None,,,,,,,,,,,,,,,,,,,,,,,,1,0,0,,,0.767485,,,,,,,,,,,,,,,,,,,,,,,
256.619994,-,0,0,0,,,,24813.572424,694.698081,527.608426,-395.572767,10345.553058,2.369147,,1872.399509,12.553887,0,138.502631,-0.368343,0,,1,0,0,0,41.497362,-0.368343,0.694642,1,-1,0.48999,25.323519,25.33862,39.800068,4.672407,4.498143,7.377743,7.548995,5.555076,7.564209,0,32.895213,-6354.231655,47.172968,355.799029,,,0,,,,,,LandingBurn,0,0,24813.572424,395.572767,,,,,,,,,,,,,,,,,,,,,,,,0,None,,,,,,,,,,,,,,,,,,,,,,,,1,0,0,,,0.765032,,,,,,,,,,,,,,,,,,,,,,,
256.879994,-,0,0,0,,,,24712.993023,665.700948,506.851476,-380.101149,9681.548021,2.274142,,1872.399509,12.042303,0,139.006986,-0.605166,0,,1,0,0,0,40.993016,-0.605166,0.715383,1,-0.592466,-0.733811,26.681681,26.671018,40.988438,-6.474389,41.263763,6.828932,7.547595,5.557224,7.565312,0,32.170565,-6355.64758,47.540452,356.305398,,,0,,,,,,LandingBurn,0,0,24712.993023,380.101149,,,,,,,,,,,,,,,,,,,,,,,,0,None,,,,,,,,,,,,,,,,,,,,,,,,1,0,0,,,0.763595,,,,,,,,,,,,,,,,,,,,,,,
257.139994,-,0,0,0,,,,24616.045268,636.869841,486.407027,-367.569423,9007.703994,2.177222,,1872.399509,12.002813,0,141.887635,-0.753167,0,,1,0,0,0,38.11237,-0.753167,0.196135,1,-0.363707,0.228735,27.189867,27.15613,11.237707,1.72437,40.323593,5.879828,7.566226,5.599984,7.591015,0,31.58608,-6357.10082,47.638204,356.438587,,,0,,,,,,LandingBurn,0,0,24616.045268,367.569423,,,,,,,,,,,,,,,,,,,,,,,,0,None,,,,,,,,,,,,,,,,,,,,,,,,1,0,0,,,0.761441,,,,,,,,,,,,,,,,,,,,,,,
257.399994,-,0,0,0,,,,24522.12006,609.804905,466.099341,-356.200581,8381.063746,2.084943,,1872.399509,11.477513,0,146.771198,-0.720575,0,,1,0,0,0,33.22881,-0.720575,-0.39855,0.770792,-1,1,25.271232,25.289142,-22.835232,10.866174,16.445461,6.020993,7.580028,5.612652,7.590418,0,31.064334,-6358.415662,47.403209,356.117318,,,0,,,,,,LandingBurn,0,0,24522.12006,356.200581,,,,,,,,,,,,,,,,,,,,,,,,0,None,,,,,,,,,,,,,,,,,,,,,,,,1,0,0,,,0.759328,,,,,,,,,,,,,,,,,,,,,,,
257.659994,-,0,0,0,,,,24431.382685,583.785433,445.610649,-343.160656,7797.359902,1.996966,,1872.399509,11.013078,0,150.662039,-0.564259,0,,1,0,0,0,29.337966,-0.564259,-0.619296,-0.144276,-1,1,23.069178,23.095531,-35.483047,8.716763,-12.709112,6.16307,7.578204,5.616416,7.593073,0,30.500586,-6359.545763,47.059697,355.641018,,,0,,,,,,LandingBurn,0,0,24431.382685,343.160656,,,,,,,,,,,,,,,,,,,,,,,,0,None,,,,,,,,,,,,,,,,,,,,,,,,1,0,0,,,0.757389,,,,,,,,,,,,,,,,,,,,,,,
257.919994,-,0,0,0,,,,24344.276329,559.084357,426.268215,-328.475706,7251.200891,1.912812,,1872.399509,10.504254,0,147.269338,-0.423011,0,,1,0,0,0,32.730662,-0.423011,-0.271366,0.421264,-1,0.61568,21.673813,21.658432,-15.5481,4.489125,-27.486732,5.653844,7.544964,5.567457,7.580783,0,29.902897,-6360.491644,46.826916,355.313616,,,0,,,,,,LandingBurn,0,0,24344.276329,328.475706,,,,,,,,,,,,,,,,,,,,,,,,0,None,,,,,,,,,,,,,,,,,,,,,,,,1,0,0,,,0.755371,,,,,,,,,,,,,,,,,,,,,,,
258.179994,-,0,0,0,,,,24261.00537,535.814654,409.401756,-313.797073,6748.256821,1.833416,,1872.399509,9.938922,0,138.840824,-0.423515,0,,1,0,0,0,41.159179,-0.423515,0.167389,1,-1,-1,20.357365,20.366438,9.590656,-13.998446,-23.447416,5.605839,7.542349,5.562792,7.577456,0,29.332094,-6361.317961,46.794826,355.268183,,,0,,,,,,LandingBurn,0,0,24261.00537,313.797073,,,,,,,,,,,,,,,,,,,,,,,,0,None,,,,,,,,,,,,,,,,,,,,,,,,1,0,0,,,0.753199,,,,,,,,,,,,,,,,,,,,,,,
258.419994,-,0,0,0,,,,24181.394251,513.906615,395.581665,-300.492227,6283.974676,1.758337,,1872.399509,9.400405,0,130.124856,-0.44655,0,,1,0,0,0,49.875152,-0.44655,0.08161,1,-1,-0.800213,19.668856,19.693837,4.67592,-5.568946,-23.971849,5.412009,7.562583,5.583557,7.57638,0,28.830043,-6362.080942,46.947165,355.483234,,,0,,,,,,LandingBurn,0,0,24181.394251,300.492227,,,,,,,,,,,,,,,,,,,,,,,,0,None,,,,,,,,,,,,,,,,,,,,,,,,1,0,0,,,0.751463,,,,,,,,,,,,,,,,,,,,,,,
258.679994,-,0,0,0,,,,24104.936616,494.098091,385.26015,-289.236064,5868.173933,1.689123,,1872.399509,8.690709,0,121.712362,-0.442171,0,,1,0,0,0,58.287645,-0.442171,-0.105628,1,-1,0.92866,18.279026,18.27931,-6.052065,5.814258,-21.795542,4.888439,7.580407,5.605991,7.581217,0,28.410578,-6362.766787,47.267145,355.929691,,,0,,,,,,LandingBurn,0,0,24104.936616,289.236064,,,,,,,,,,,,,,,,,,,,,,,,0,None,,,,,,,,,,,,,,,,,,,,,,,,1,0,0,,,0.750396,,,,,,,,,,,,,,,,,,,,,,,
258.959994,-,0,0,0,,,,24031.159432,476.42538,377.667118,-279.742595,5510.555862,1.627507,,1872.399509,7.890584,0,117.697717,-0.493229,0,,1,0,0,0,62.302293,-0.493229,0.148406,1,-1,1,16.452132,16.476799,8.503036,10.904342,10.237396,4.538966,7.564864,5.59525,7.585322,0,28.057767,-6363.371261,47.678499,356.493501,,,0,,,,,,LandingBurn,0,0,24031.159432,279.742595,,,,,,,,,,,,,,,,,,,,,,,,0,None,,,,,,,,,,,,,,,,,,,,,,,,1,0,0,,,0.748738,,,,,,,,,,,,,,,,,,,,,,,
259.219994,-,0,0,0,,,,23959.76306,459.222523,370.806105,-270.597591,5186.176157,1.570155,,1872.399509,7.507445,0,120.285873,-0.575197,0,,1,0,0,0,59.714109,-0.575197,0.250167,1,-1,0.874777,16.373432,16.378829,14.333534,4.84522,33.140083,4.288008,7.54852,5.55852,7.569733,0,27.726492,-6363.940256,48.07637,357.028399,,,0,,,,,,LandingBurn,0,0,23959.76306,270.597591,,,,,,,,,,,,,,,,,,,,,,,,0,None,,,,,,,,,,,,,,,,,,,,,,,,1,0,0,,,0.746593,,,,,,,,,,,,,,,,,,,,,,,
259.479994,-,0,0,0,,,,23890.785162,441.378592,363.00304,-261.310464,4857.130208,1.511413,,1872.399509,7.570732,0,125.679378,-0.625105,0,,1,0,0,0,54.320611,-0.625105,0.124021,1,-0.739215,-0.048244,16.909174,16.9131,7.105879,-0.24362,42.650803,3.938759,7.57193,5.600238,7.585148,0,27.40255,-6364.512584,48.262575,357.27533,,,0,,,,,,LandingBurn,0,0,23890.785162,261.310465,,,,,,,,,,,,,,,,,,,,,,,,0,None,,,,,,,,,,,,,,,,,,,,,,,,1,0,0,,,0.744701,,,,,,,,,,,,,,,,,,,,,,,
259.739994,-,0,0,0,,,,23824.216712,423.656509,353.917883,-252.089946,4526.858722,1.451598,,1872.399509,7.570419,0,131.663747,-0.609323,0,,1,0,0,0,48.336238,-0.609323,-0.124666,1,-1,-1,16.037022,16.040334,-7.142838,-7.968423,30.707441,3.757684,7.572935,5.612166,7.596891,0,27.091773,-6365.05734,48.110005,357.073154,,,0,,,,,,LandingBurn,0,0,23824.216712,252.089946,,,,,,,,,,,,,,,,,,,,,,,,0,None,,,,,,,,,,,,,,,,,,,,,,,,1,0,0,,,0.744788,,,,,,,,,,,,,,,,,,,,,,,
259.999994,-,0,0,0,,,,23759.985082,407.669106,344.736007,-243.374618,4225.837628,1.39552,,1872.399509,7.156309,0,136.026842,-0.543398,0,,1,0,0,0,43.97316,-0.543398,-0.297962,1,-1,-0.325299,13.600294,13.63971,-17.071947,-1.601114,10.50405,3.83668,7.562442,5.596749,7.591754,0,26.804894,-6365.51854,47.732499,356.566639,,,0,,,,,,LandingBurn,0,0,23759.985082,243.374617,,,,,,,,,,,,,,,,,,,,,,,,0,None,,,,,,,,,,,,,,,,,,,,,,,,1,0,0,,,0.743867,,,,,,,,,,,,,,,,,,,,,,,
260.259994,-,0,0,0,,,,23698.001705,392.791156,336.291784,-234.680827,3960.621039,1.344522,,1872.399509,6.666399,0,135.001828,-0.478321,0,,1,0,0,0,44.99818,-0.478321,-0.342146,0.688542,-1,0.91971,11.958153,11.97549,-19.603519,4.427322,-22.830458,3.751501,7.576948,5.595448,7.578626,0,26.528743,-6365.916998,47.358736,356.056078,,,0,,,,,,LandingBurn,0,0,23698.001705,234.680827,,,,,,,,,,,,,,,,,,,,,,,,0,None,,,,,,,,,,,,,,,,,,,,,,,,1,0,0,,,0.742292,,,,,,,,,,,,,,,,,,,,,,,
260.499994,-,0,0,0,,,,23638.308653,378.339375,328.844349,-225.62151,3712.657544,1.295721,,1872.399509,6.42723,0,127.025091,-0.461437,0,,1,0,0,0,52.974908,-0.461437,-0.152009,1,-1,1,11.462854,11.469617,-8.709487,6.605439,-32.559837,3.451201,7.562525,5.577014,7.572881,0,26.254278,-6366.275376,47.102907,355.701226,,,0,,,,,,LandingBurn,0,0,23638.308653,225.62151,,,,,,,,,,,,,,,,,,,,,,,,0,None,,,,,,,,,,,,,,,,,,,,,,,,1,0,0,,,0.740249,,,,,,,,,,,,,,,,,,,,,,,
260.779994,-,0,0,0,,,,23580.994056,364.281917,323.106144,-216.636741,3475.450447,1.248063,,1872.399509,6.25394,0,117.70869,-0.448484,0,,1,0,0,0,62.29132,-0.448484,-0.093423,1,-1,-1,10.838181,10.837299,-5.352723,-6.033611,-31.514711,3.369697,7.561742,5.596223,7.589934,0,25.992388,-6366.607583,47.051522,355.629409,,,0,,,,,,LandingBurn,0,0,23580.994056,216.636742,,,,,,,,,,,,,,,,,,,,,,,,0,None,,,,,,,,,,,,,,,,,,,,,,,,1,0,0,,,0.738344,,,,,,,,,,,,,,,,,,,,,,,
261.039994,-,0,0,0,,,,23525.914294,351.300056,319.596453,-208.613474,3254.610794,1.202591,,1872.399509,5.908483,0,108.039512,-0.421472,0,,1,0,0,0,71.960492,-0.421472,-0.127112,1,-1,0.27472,9.986194,9.969807,-7.283004,1.151397,-33.132801,3.257488,7.557758,5.580428,7.581662,0,25.761683,-6366.909539,47.213732,355.855504,,,0,,,,,,LandingBurn,0,0,23525.914294,208.613474,,,,,,,,,,,,,,,,,,,,,,,,0,None,,,,,,,,,,,,,,,,,,,,,,,,1,0,0,,,0.737388,,,,,,,,,,,,,,,,,,,,,,,
261.299994,-,0,0,0,,,,23472.632722,340.206826,318.269102,-202.319777,3068.157516,1.162801,,1872.399509,5.24854,0,99.232489,-0.410133,0,,1,0,0,0,80.767511,-0.410133,0.003909,1,-1,1,8.845918,8.816267,0.223977,3.887812,-20.429173,3.008403,7.565255,5.586329,7.576364,0,25.575285,-6367.170734,47.529791,356.29093,,,0,,,,,,LandingBurn,0,0,23472.632722,202.319777,,,,,,,,,,,,,,,,,,,,,,,,0,None,,,,,,,,,,,,,,,,,,,,,,,,1,0,0,,,0.736412,,,,,,,,,,,,,,,,,,,,,,,
261.559994,-,0,0,0,,,,23420.792786,330.757393,318.356786,-197.545115,2916.653929,1.129162,,1872.399509,4.587728,0,94.384896,-0.408565,0,,1,0,0,0,85.615101,-0.408565,0.373055,1,-1,-0.62996,8.188064,8.174744,21.374479,-2.257713,4.837613,2.79235,7.573586,5.594147,7.576909,0,25.425168,-6367.39833,47.911685,356.808301,,,0,,,,,,LandingBurn,0,0,23420.792786,197.545115,,,,,,,,,,,,,,,,,,,,,,,,0,None,,,,,,,,,,,,,,,,,,,,,,,,1,0,0,,,0.734842,,,,,,,,,,,,,,,,,,,,,,,
261.819994,-,0,0,0,,,,23370.08294,321.741322,319.237717,-193.348082,2783.399637,1.098718,,1872.399509,4.302838,0,92.98637,-0.418362,0,,1,0,0,0,87.013623,-0.418362,0.422048,1,-1,1,8.388339,8.386956,24.181553,3.756507,13.925294,2.673734,7.574779,5.595369,7.579098,0,25.290008,-6367.616215,48.351647,357.392923,,,0,,,,,,LandingBurn,0,0,23370.08294,193.348082,,,,,,,,,,,,,,,,,,,,,,,,0,None,,,,,,,,,,,,,,,,,,,,,,,,1,0,0,,,0.733181,,,,,,,,,,,,,,,,,,,,,,,
262.079994,-,0,0,0,,,,23320.425699,312.624717,320.436714,-189.563739,2652.067469,1.068342,,1872.399509,4.288952,0,92.897106,-0.43845,0,,1,0,0,0,87.102913,-0.43845,0.328045,1,-1,1,8.963741,8.962678,18.795584,7.927713,14.207721,2.63261,7.574394,5.610749,7.596539,0,25.165749,-6367.838792,48.761044,357.9264,,,0,,,,,,LandingBurn,0,0,23320.425699,189.563739,,,,,,,,,,,,,,,,,,,,,,,,0,None,,,,,,,,,,,,,,,,,,,,,,,,1,0,0,,,0.731676,,,,,,,,,,,,,,,,,,,,,,,
262.339994,-,0,0,0,,,,23271.681266,303.668949,321.633849,-186.249001,2522.679906,1.038005,,1872.399509,4.221249,0,93.93601,-0.473894,0,,1,0,0,0,86.063993,-0.473894,0.103823,1,-1,1,9.376982,9.366196,5.948619,9.254646,17.943151,2.474725,7.566171,5.598308,7.589786,0,25.052866,-6368.058238,49.070906,358.323683,,,0,,,,,,LandingBurn,0,0,23271.681266,186.249001,,,,,,,,,,,,,,,,,,,,,,,,0,None,,,,,,,,,,,,,,,,,,,,,,,,1,0,0,,,0.730449,,,,,,,,,,,,,,,,,,,,,,,
262.579994,-,0,0,0,,,,23223.765778,295.021107,322.536177,-183.093062,2399.857648,1.008647,,1872.399509,4.077914,0,96.806048,-0.509423,0,,1,0,0,0,83.19395,-0.509423,-0.017113,1,-1,1,9.432277,9.424916,-0.980529,9.367352,21.776461,2.202521,7.569148,5.603694,7.594022,0,24.944947,-6368.264217,49.267257,358.572623,,,0,,,,,,LandingBurn,0,0,23223.765778,183.093062,,,,,,,,,,,,,,,,,,,,,,,,0,None,,,,,,,,,,,,,,,,,,,,,,,,1,0,0,,,0.729434,,,,,,,,,,,,,,,,,,,,,,,
262.859994,-,0,0,0,,,,23176.695148,286.554876,322.882381,-179.802327,2282.174604,0.98,,1872.399509,3.970102,0,101.549038,-0.516866,0,,1,0,0,0,78.450988,-0.516866,-0.141757,1,-1,-0.692125,9.205853,9.197091,-8.122083,-1.610399,27.228182,1.825233,7.598617,5.632339,7.591818,0,24.836415,-6368.455692,49.323845,358.643971,,,0,,,,,,LandingBurn,0,0,23176.695148,179.802327,,,,,,,,,,,,,,,,,,,,,,,,0,None,,,,,,,,,,,,,,,,,,,,,,,,1,0,0,,,0.728552,,,,,,,,,,,,,,,,,,,,,,,
263.099994,-,0,0,0,,,,23130.47857,278.639954,322.586141,-176.477394,2171.897408,0.952586,,1872.399509,3.800734,0,107.234549,-0.494899,0,,1,0,0,0,72.765447,-0.494899,-0.262246,1,-1,-1,8.795897,8.785894,-15.025594,-2.800122,24.186102,1.914367,7.580977,5.616866,7.592975,0,24.729255,-6368.624532,49.221789,358.515165,,,0,,,,,,LandingBurn,0,0,23130.47857,176.477394,,,,,,,,,,,,,,,,,,,,,,,,0,None,,,,,,,,,,,,,,,,,,,,,,,,1,0,0,,,0.727251,,,,,,,,,,,,,,,,,,,,,,,
263.379994,-,0,0,0,,,,23085.162266,271.470766,321.637282,-173.027354,2072.958963,0.92735,,1872.399509,3.55049,0,112.871719,-0.44413,0,,1,0,0,0,67.128276,-0.44413,-0.497077,-0.3982,-1,-1,8.000786,8.002546,-28.480425,-10.496827,14.740023,2.030393,7.540339,5.581422,7.597051,0,24.621929,-6368.765088,48.992289,358.223383,,,0,,,,,,LandingBurn,0,0,23085.162266,173.027354,,,,,,,,,,,,,,,,,,,,,,,,0,None,,,,,,,,,,,,,,,,,,,,,,,,1,0,0,,,0.725999,,,,,,,,,,,,,,,,,,,,,,,
263.619994,-,0,0,0,,,,23040.709599,265.492146,320.419511,-169.696415,1990.597181,0.905589,,1872.399509,3.178248,0,117.30396,-0.360017,0,,1,0,0,0,62.696025,-0.360017,-0.537751,-1,-1,-1,7.034427,7.031127,-30.810884,-9.380544,5.542372,2.040801,7.577742,5.57991,7.561969,0,24.518773,-6368.871284,48.739997,357.899162,,,0,,,,,,LandingBurn,0,0,23040.709599,169.696415,,,,,,,,,,,,,,,,,,,,,,,,0,None,,,,,,,,,,,,,,,,,,,,,,,,1,0,0,,,0.724821,,,,,,,,,,,,,,,,,,,,,,,
263.899994,-,0,0,0,,,,22997.114986,260.616169,319.39153,-166.651084,1926.29553,0.887812,,1872.399509,2.772871,0,118.826837,-0.260022,0,,1,0,0,0,61.173147,-0.260022,-0.609324,-1,-1,-1,6.111799,6.093821,-34.911709,-10.943051,-10.943308,1.995688,7.528362,5.548583,7.57947,0,24.422527,-6368.950393,48.563265,357.669837,,,0,,,,,,LandingBurn,0,0,22997.114986,166.651084,,,,,,,,,,,,,,,,,,,,,,,,0,None,,,,,,,,,,,,,,,,,,,,,,,,1,0,0,,,0.723703,,,,,,,,,,,,,,,,,,,,,,,
264.159994,-,0,0,0,,,,22954.209808,256.454974,319.031613,-164.124043,1875.313921,0.873052,,1872.399509,2.447782,0,114.83909,-0.171573,0,,1,0,0,0,65.160902,-0.171573,-0.352656,-1,-1,-1,5.135111,5.128679,-20.205692,-8.725503,-31.537876,1.913374,7.565036,5.579844,7.573592,0,24.336659,-6369.017939,48.513766,357.605277,,,0,,,,,,LandingBurn,0,0,22954.209808,164.124043,,,,,,,,,,,,,,,,,,,,,,,,0,None,,,,,,,,,,,,,,,,,,,,,,,,1,0,0,,,0.722632,,,,,,,,,,,,,,,,,,,,,,,
264.419994,-,0,0,0,,,,22911.914288,252.642101,319.214911,-161.915962,1831.47077,0.859939,,1872.399509,2.260974,0,104.171808,-0.112953,0,,1,0,0,0,75.828195,-0.112953,-0.00511,1,-1,-1,4.456286,4.460426,-0.292756,-12.282756,-47.011341,2.019774,7.549268,5.582061,7.58755,0,24.257366,-6369.080629,48.569149,357.677504,,,0,,,,,,LandingBurn,0,0,22911.914288,161.915962,,,,,,,,,,,,,,,,,,,,,,,,0,None,,,,,,,,,,,,,,,,,,,,,,,,1,0,0,,,0.721601,,,,,,,,,,,,,,,,,,,,,,,
264.679994,-,0,0,0,,,,22870.16259,248.903539,320.023618,-159.891891,1790.20038,0.847423,,1872.399509,2.20688,0,90.357344,-0.072889,0,,1,0,0,0,89.642656,-0.072889,0.137635,1,-1,-1,4.356992,4.37263,7.885915,-5.027427,-54.79673,2.186895,7.575353,5.596854,7.578062,0,24.182142,-6369.143445,48.754233,357.91757,,,0,,,,,,LandingBurn,0,0,22870.16259,159.891891,,,,,,,,,,,,,,,,,,,,,,,,0,None,,,,,,,,,,,,,,,,,,,,,,,,1,0,0,,,0.720604,,,,,,,,,,,,,,,,,,,,,,,
264.919994,-,0,0,0,,,,22828.842329,245.420122,321.780392,-158.568326,1750.359264,0.835239,,1872.399509,2.138744,0,76.223511,-0.104149,0,,1,0,0,0,103.776479,-0.104149,0.29815,1,-1,1,4.734945,4.768393,17.082712,5.232731,-48.629269,2.178975,7.567404,5.607296,7.596009,0,24.119158,-6369.210195,49.074988,358.328915,,,0,,,,,,LandingBurn,0,0,22828.842329,158.568326,,,,,,,,,,,,,,,,,,,,,,,,0,None,,,,,,,,,,,,,,,,,,,,,,,,1,0,0,,,0.719638,,,,,,,,,,,,,,,,,,,,,,,
265.179994,-,0,0,0,,,,22787.698687,242.613699,324.095848,-158.317648,1718.557825,0.824959,,1872.399509,1.911782,0,64.601001,-0.142015,0,,1,0,0,0,115.399004,-0.142015,0.472621,1,-1,1,5.02735,5.053076,27.07921,13.020572,-34.289661,1.919836,7.527501,5.557899,7.59076,0,24.073916,-6369.276416,49.403271,358.743918,,,0,,,,,,LandingBurn,0,0,22787.698687,158.317648,,,,,,,,,,,,,,,,,,,,,,,,0,None,,,,,,,,,,,,,,,,,,,,,,,,1,0,0,,,0.718698,,,,,,,,,,,,,,,,,,,,,,,
265.459994,-,0,0,0,,,,22746.564959,240.19787,326.411441,-158.612682,1694.399066,0.81651,,1872.399509,1.712671,0,58.955455,-0.042711,0,,1,0,0,0,121.044545,-0.042711,0.651946,1,-1,-1,4.516249,4.543446,37.353779,-3.041398,-3.57322,1.897967,7.564846,5.589068,7.581078,0,24.037546,-6369.341079,49.661152,359.06579,,,0,,,,,,LandingBurn,0,0,22746.564959,158.612682,,,,,,,,,,,,,,,,,,,,,,,,0,None,,,,,,,,,,,,,,,,,,,,,,,,1,0,0,,,0.717777,,,,,,,,,,,,,,,,,,,,,,,
265.719994,-,0,0,0,,,,22705.3152,237.951103,328.909479,-159.24855,1673.645331,0.80888,,1872.399509,1.647831,0,61.38087,0.087976,0,,1,0,0,0,118.619124,0.087976,0.579398,1,-1,1,4.169967,4.171312,33.19706,5.313318,19.168917,2.144488,7.570082,5.593416,7.579219,0,24.00663,-6369.406587,49.914453,359.378499,,,0,,,,,,LandingBurn,0,0,22705.3152,159.24855,,,,,,,,,,,,,,,,,,,,,,,,0,None,,,,,,,,,,,,,,,,,,,,,,,,1,0,0,,,0.71687,,,,,,,,,,,,,,,,,,,,,,,
265.979994,-,0,0,0,,,,22663.848004,235.655678,331.628204,-160.127025,1653.624096,0.801423,,1872.399509,1.692388,0,68.133585,0.161056,0,,1,0,0,0,111.866407,0.161056,0.531072,1,-1,0.914179,4.644741,4.63491,30.428158,2.650895,28.512751,2.249132,7.557773,5.56895,7.570599,0,23.979522,-6369.476775,50.163376,359.68256,,,0,,,,,,LandingBurn,0,0,22663.848004,160.127024,,,,,,,,,,,,,,,,,,,,,,,,0,None,,,,,,,,,,,,,,,,,,,,,,,,1,0,0,,,0.715974,,,,,,,,,,,,,,,,,,,,,,,
266.219994,-,0,0,0,,,,22622.159484,233.190037,334.091542,-160.983385,1631.580646,0.793469,,1872.399509,1.765887,0,77.620467,0.234901,0,,1,0,0,0,102.379523,0.234901,0.415206,1,-1,-1,5.811108,5.789999,23.789579,-8.666109,40.091125,2.217756,7.571594,5.593475,7.578528,0,23.95189,-6369.550207,50.303583,359.852435,,,0,,,,,,LandingBurn,0,0,22622.159484,160.983385,,,,,,,,,,,,,,,,,,,,,,,,0,None,,,,,,,,,,,,,,,,,,,,,,,,1,0,0,,,0.71509,,,,,,,,,,,,,,,,,,,,,,,
266.499994,-,0,0,0,,,,22580.299127,230.60158,336.029549,-161.660354,1607.507238,0.785015,,1872.399509,1.810779,0,88.143681,0.26281,0,,1,0,0,0,91.856319,0.26281,0.267047,0.038169,-1,1,6.704307,6.677962,15.300681,2.920124,40.389957,2.156528,7.568303,5.606409,7.594571,0,23.921182,-6369.623017,50.286525,359.83182,,,0,,,,,,LandingBurn,0,0,22580.299127,161.660354,,,,,,,,,,,,,,,,,,,,,,,,0,None,,,,,,,,,,,,,,,,,,,,,,,,1,0,0,,,0.714217,,,,,,,,,,,,,,,,,,,,,,,
266.759994,-,0,0,0,,,,22538.266735,228.036209,337.381377,-162.073202,1582.888846,0.776421,,1872.399509,1.80962,0,98.459711,0.24754,0,,1,0,0,0,81.54029,0.24754,0.088555,-1,-0.654062,0.994248,6.616524,6.598499,5.073846,2.899626,40.574242,2.269536,7.572916,5.587395,7.570691,0,23.88596,-6369.690247,50.130123,359.642118,,,0,,,,,,LandingBurn,0,0,22538.266735,162.073202,,,,,,,,,,,,,,,,,,,,,,,,0,None,,,,,,,,,,,,,,,,,,,,,,,,1,0,0,,,0.713355,,,,,,,,,,,,,,,,,,,,,,,
267.019994,-,0,0,0,,,,22496.176235,225.5507,338.076741,-162.110926,1558.966036,0.767992,,1872.399509,1.773176,0,107.94199,0.225621,0,,1,0,0,0,72.058002,0.225621,-0.024128,-1,-0.589544,0.643881,6.334635,6.314185,-1.382424,1.89679,37.442863,2.30271,7.57987,5.61236,7.589754,0,23.84445,-6369.748723,49.849815,359.298996,,,0,,,,,,LandingBurn,0,0,22496.176235,162.110927,,,,,,,,,,,,,,,,,,,,,,,,0,None,,,,,,,,,,,,,,,,,,,,,,,,1,0,0,,,0.712504,,,,,,,,,,,,,,,,,,,,,,,
267.279994,-,0,0,0,,,,22454.111974,223.319691,338.279953,-161.931386,1537.722193,0.760229,,1872.399509,1.703551,0,115.513471,0.186765,0,,1,0,0,0,64.486546,0.186765,-0.175086,-1,-1,1,6.181378,6.190216,-10.031664,18.169748,28.856953,2.153348,7.558158,5.590131,7.588117,0,23.79935,-6369.797124,49.490944,358.853683,,,0,,,,,,LandingBurn,0,0,22454.111974,161.931386,,,,,,,,,,,,,,,,,,,,,,,,0,None,,,,,,,,,,,,,,,,,,,,,,,,1,0,0,,,0.71166,,,,,,,,,,,,,,,,,,,,,,,
267.539994,-,0,0,0,,,,22412.129658,221.329238,338.268498,-161.655408,1519.804121,0.7533,,1872.399509,1.6225,0,120.961897,0.129042,0,,1,0,0,0,59.038086,0.129042,-0.299166,-1,-1,1,5.648819,5.667176,-17.140951,22.493008,17.887129,2.10361,7.596519,5.626201,7.590617,0,23.752744,-6369.837956,49.115188,358.379934,,,0,,,,,,LandingBurn,0,0,22412.129658,161.655408,,,,,,,,,,,,,,,,,,,,,,,,0,None,,,,,,,,,,,,,,,,,,,,,,,,1,0,0,,,0.710823,,,,,,,,,,,,,,,,,,,,,,,
267.799994,-,0,0,0,,,,22370.228958,219.490475,338.199815,-161.260387,1504.581603,0.747057,,1872.399509,1.549753,0,124.009967,0.074414,0,,1,0,0,0,55.990026,0.074414,-0.280817,-1,-1,1,4.920335,4.918932,-16.089634,23.67766,10.801474,2.163594,7.568491,5.599367,7.587057,0,23.704257,-6369.873004,48.774343,357.943343,,,0,,,,,,LandingBurn,0,0,22370.228958,161.260387,,,,,,,,,,,,,,,,,,,,,,,,0,None,,,,,,,,,,,,,,,,,,,,,,,,1,0,0,,,0.70999,,,,,,,,,,,,,,,,,,,,,,,
268.059994,-,0,0,0,,,,22328.457893,217.702,338.132465,-160.718051,1490.377667,0.741087,,1872.399509,1.513934,0,124.418939,0.041896,0,,1,0,0,0,55.581073,0.041896,-0.277341,-1,-1,1,4.393662,4.396831,-15.89049,23.213602,0.160364,2.282759,7.542336,5.569411,7.585602,0,23.653494,-6369.904167,48.482576,357.564261,,,0,,,,,,LandingBurn,0,0,22328.457893,160.718052,,,,,,,,,,,,,,,,,,,,,,,,0,None,,,,,,,,,,,,,,,,,,,,,,,,1,0,0,,,0.709161,,,,,,,,,,,,,,,,,,,,,,,
268.319994,-,0,0,0,,,,22286.812483,215.939583,338.043081,-160.034848,1476.60485,0.735245,,1872.399509,1.502654,0,122.604496,0.021603,0,,1,0,0,0,57.395503,0.021603,-0.145318,-1,-1,1,4.283715,4.290358,-8.326097,3.105543,-9.172029,2.342169,7.557742,5.575229,7.575948,0,23.600574,-6369.932141,48.228199,357.229604,,,0,,,,,,LandingBurn,0,0,22286.812483,160.034848,,,,,,,,,,,,,,,,,,,,,,,,0,None,,,,,,,,,,,,,,,,,,,,,,,,1,0,0,,,0.708335,,,,,,,,,,,,,,,,,,,,,,,
268.579994,-,0,0,0,,,,22245.402847,214.141967,338.003563,-159.246527,1462.635678,0.729381,,1872.399509,1.510444,0,118.959159,0.014952,0,,1,0,0,0,61.040845,0.014952,-0.172459,-1,-1,1,4.609348,4.613915,-9.881187,4.79725,-16.961531,2.404474,7.563473,5.591849,7.584707,0,23.546217,-6369.958898,48.011776,356.941755,,,0,,,,,,LandingBurn,0,0,22245.402847,159.246527,,,,,,,,,,,,,,,,,,,,,,,,0,None,,,,,,,,,,,,,,,,,,,,,,,,1,0,0,,,0.707515,,,,,,,,,,,,,,,,,,,,,,,
268.839994,-,0,0,0,,,,22204.190837,212.185016,338.104225,-158.325824,1447.141602,0.72316,,1872.399509,1.548691,0,113.174,0.04591,0,,1,0,0,0,66.826009,0.04591,-0.121795,-1,-1,-0.12157,5.431742,5.406041,-6.978323,-0.379738,-27.001301,2.423407,7.546522,5.570406,7.583852,0,23.489974,-6369.986705,47.845413,356.71849,,,0,,,,,,LandingBurn,0,0,22204.190837,158.325823,,,,,,,,,,,,,,,,,,,,,,,,0,None,,,,,,,,,,,,,,,,,,,,,,,,1,0,0,,,0.7067,,,,,,,,,,,,,,,,,,,,,,,
269.099994,-,0,0,0,,,,22163.227152,210.093356,338.496723,-157.377379,1429.157362,0.716341,,1872.399509,1.589671,0,106.323919,0.125617,0,,1,0,0,0,73.676097,0.125617,-0.093204,-1,-1,-1,6.669566,6.657684,-5.340188,-7.955104,-21.558483,2.390486,7.556499,5.573843,7.575454,0,23.433619,-6370.016661,47.754968,356.596368,,,0,,,,,,LandingBurn,0,0,22163.227152,157.377379,,,,,,,,,,,,,,,,,,,,,,,,0,None,,,,,,,,,,,,,,,,,,,,,,,,1,0,0,,,0.705893,,,,,,,,,,,,,,,,,,,,,,,
269.339994,-,0,0,0,,,,22122.473214,208.069431,339.291663,-156.64509,1410.92284,0.709478,,1872.399509,1.565041,0,99.869899,0.207755,0,,1,0,0,0,80.130107,0.207755,-0.080479,-1,-1,-1,7.908849,7.878448,-4.611089,-15.524475,-23.527761,2.29026,7.562328,5.579848,7.575785,0,23.381044,-6370.048284,47.747704,356.586538,,,0,,,,,,LandingBurn,0,0,22122.473214,156.645091,,,,,,,,,,,,,,,,,,,,,,,,0,None,,,,,,,,,,,,,,,,,,,,,,,,1,0,0,,,0.705095,,,,,,,,,,,,,,,,,,,,,,,
269.619994,-,0,0,0,,,,22081.902935,206.179185,340.395613,-156.120893,1394.208193,0.703016,,1872.399509,1.512425,0,94.074195,0.275641,0,,1,0,0,0,85.925818,0.275641,-0.160257,-1,-1,0.172781,8.666687,8.624142,-9.182044,0.468643,-17.061253,2.107676,7.563375,5.579267,7.57338,0,23.332039,-6370.080045,47.813371,356.675288,,,0,,,,,,LandingBurn,0,0,22081.902935,156.120893,,,,,,,,,,,,,,,,,,,,,,,,0,None,,,,,,,,,,,,,,,,,,,,,,,,1,0,0,,,0.704304,,,,,,,,,,,,,,,,,,,,,,,
269.879994,-,0,0,0,,,,22041.434865,204.436536,341.785366,-155.784027,1379.270437,0.697016,,1872.399509,1.464391,0,88.32306,0.289514,0,,1,0,0,0,91.676946,0.289514,-0.246061,-1,-1,0.073121,8.966018,8.954629,-14.098275,0.20271,-21.078211,2.147333,7.547006,5.561435,7.571414,0,23.286153,-6370.111365,47.960036,356.872515,,,0,,,,,,LandingBurn,0,0,22041.434865,155.784027,,,,,,,,,,,,,,,,,,,,,,,,0,None,,,,,,,,,,,,,,,,,,,,,,,,1,0,0,,,0.703519,,,,,,,,,,,,,,,,,,,,,,,
270.139994,-,0,0,0,,,,22001.003817,202.972035,343.434501,-155.709242,1367.102221,0.691729,,1872.399509,1.39201,0,82.595291,0.261034,0,,1,0,0,0,97.404719,0.261034,-0.254967,-1,-1,1,8.665622,8.645629,-14.608541,3.172903,-19.709969,2.238017,7.540464,5.553067,7.573277,0,23.244499,-6370.140779,48.191884,357.181537,,,0,,,,,,LandingBurn,0,0,22001.003817,155.709243,,,,,,,,,,,,,,,,,,,,,,,,0,None,,,,,,,,,,,,,,,,,,,,,,,,1,0,0,,,0.702738,,,,,,,,,,,,,,,,,,,,,,,
270.399994,-,0,0,0,,,,21960.55867,201.821086,345.253348,-155.903234,1359.225758,0.687541,,1872.399509,1.294295,0,77.591654,0.231813,0,,1,0,0,0,102.408347,0.231813,-0.168367,-1,-1,-0.502252,8.05198,8.035844,-9.646745,-1.487348,-16.79574,2.306342,7.585495,5.591811,7.565699,0,23.207137,-6370.167781,48.483522,357.565561,,,0,,,,,,LandingBurn,0,0,21960.55867,155.903234,,,,,,,,,,,,,,,,,,,,,,,,0,None,,,,,,,,,,,,,,,,,,,,,,,,1,0,0,,,0.70196,,,,,,,,,,,,,,,,,,,,,,,
270.659994,-,0,0,0,,,,21919.998978,200.944274,347.183029,-156.325663,1355.14696,0.68432,,1872.399509,1.209952,0,73.399343,0.206763,0,,1,0,0,0,106.600662,0.206763,-0.020766,-1,-1,1,7.460891,7.45628,-1.189776,6.440323,-12.408345,2.291919,7.543014,5.55629,7.570858,0,23.173322,-6370.192665,48.816309,357.997571,,,0,,,,,,LandingBurn,0,0,21919.998978,156.325663,,,,,,,,,,,,,,,,,,,,,,,,0,None,,,,,,,,,,,,,,,,,,,,,,,,1,0,0,,,0.701183,,,,,,,,,,,,,,,,,,,,,,,
270.919994,-,0,0,0,,,,21879.325831,200.295411,349.125172,-156.928309,1354.458429,0.681959,,1872.399509,1.130046,0,70.530204,0.181356,0,,1,0,0,0,109.469788,0.181356,0.040587,-1,-1,-0.488492,6.97135,6.996056,2.325445,-1.400947,-7.197882,2.226623,7.540898,5.574446,7.589435,0,23.142311,-6370.215706,49.153342,358.428565,,,0,,,,,,LandingBurn,0,0,21879.325831,156.928309,,,,,,,,,,,,,,,,,,,,,,,,0,None,,,,,,,,,,,,,,,,,,,,,,,,1,0,0,,,0.700404,,,,,,,,,,,,,,,,,,,,,,,
271.179994,-,0,0,0,,,,21838.501464,199.755763,351.051819,-157.602711,1356.027813,0.680162,,1872.399509,1.079575,0,69.651691,0.175059,0,,1,0,0,0,110.348313,0.175059,0.049352,-1,-1,-1,6.718593,6.728817,2.827674,-5.759852,0.08138,2.256572,7.551048,5.562724,7.567774,0,23.112347,-6370.237663,49.49087,358.853826,,,0,,,,,,LandingBurn,0,0,21838.501464,157.602711,,,,,,,,,,,,,,,,,,,,,,,,0,None,,,,,,,,,,,,,,,,,,,,,,,,1,0,0,,,0.699623,,,,,,,,,,,,,,,,,,,,,,,
271.439994,-,0,0,0,,,,21797.485404,199.261651,352.947844,-158.290959,1358.452511,0.678573,,1872.399509,1.062461,0,70.428016,0.211572,0,,1,0,0,0,109.571981,0.211572,0.064394,-1,-1,-1,6.678515,6.699446,3.689508,-9.1993,5.644339,2.286419,7.576546,5.603293,7.583181,0,23.082458,-6370.258931,49.826718,359.270848,,,0,,,,,,LandingBurn,0,0,21797.485404,158.290959,,,,,,,,,,,,,,,,,,,,,,,,0,None,,,,,,,,,,,,,,,,,,,,,,,,1,0,0,,,0.69884,,,,,,,,,,,,,,,,,,,,,,,
271.699994,-,0,0,0,,,,21756.314414,198.710668,354.764526,-158.914993,1360.913917,0.676986,,1872.399509,1.065651,0,73.09659,0.236029,0,,1,0,0,0,106.903398,0.236029,0.167841,-0.591124,-1,1,6.958982,6.9492,9.616595,11.824528,15.247189,2.28883,7.55988,5.584763,7.584807,0,23.051411,-6370.280334,50.138152,359.652269,,,0,,,,,,LandingBurn,0,0,21756.314414,158.914993,,,,,,,,,,,,,,,,,,,,,,,,0,None,,,,,,,,,,,,,,,,,,,,,,,,1,0,0,,,0.698054,,,,,,,,,,,,,,,,,,,,,,,
271.959994,-,0,0,0,,,,21714.991119,198.014663,356.542694,-159.400893,1361.741437,0.674988,,1872.399509,1.112562,0,77.997417,0.221802,0,,1,0,0,0,102.002585,0.221802,0.218642,-0.025155,-1,1,7.570756,7.552068,12.527248,9.778852,22.242165,2.306075,7.55069,5.568196,7.573516,0,23.017994,-6370.302432,50.448165,0.027046,,,0,,,,,,LandingBurn,0,0,21714.991119,159.400893,,,,,,,,,,,,,,,,,,,,,,,,0,None,,,,,,,,,,,,,,,,,,,,,,,,1,0,0,,,0.697269,,,,,,,,,,,,,,,,,,,,,,,
272.219994,-,0,0,0,,,,21673.587726,197.116421,358.242269,-159.691672,1360.109932,0.672383,,1872.399509,1.181853,0,83.238154,0.230613,0,,1,0,0,0,96.761832,0.230613,0.260596,0.215388,-1,-1,8.387199,8.374067,14.931051,-6.861224,17.723539,2.251379,7.55031,5.566163,7.575905,0,22.981314,-6370.325397,50.745062,0.381511,,,0,,,,,,LandingBurn,0,0,21673.587726,159.691672,,,,,,,,,,,,,,,,,,,,,,,,0,None,,,,,,,,,,,,,,,,,,,,,,,,1,0,0,,,0.696484,,,,,,,,,,,,,,,,,,,,,,,
272.479994,-,0,0,0,,,,21632.101579,196.046945,359.810317,-159.812437,1355.844515,0.669132,,1872.399509,1.2455,0,88.870075,0.262695,0,,1,0,0,0,91.129953,0.262695,0.168117,-0.619181,-1,-0.636232,9.201808,9.211162,9.632408,-1.778008,23.65658,2.167419,7.549154,5.568582,7.575579,0,22.941779,-6370.348943,51.000801,0.683433,,,0,,,,,,LandingBurn,0,0,21632.101579,159.812438,,,,,,,,,,,,,,,,,,,,,,,,0,None,,,,,,,,,,,,,,,,,,,,,,,,1,0,0,,,0.695702,,,,,,,,,,,,,,,,,,,,,,,
272.739994,-,0,0,0,,,,21590.637081,194.838702,361.162452,-159.750972,1349.296679,0.665332,,1872.399509,1.292333,0,94.765032,0.263232,0,,1,0,0,0,85.234967,0.263232,0.086071,-1,-1,1,9.667463,9.672454,4.931515,6.080285,23.38711,2.06307,7.565975,5.599663,7.590333,0,22.899275,-6370.37216,51.191633,0.90672,,,0,,,,,,LandingBurn,0,0,21590.637081,159.750972,,,,,,,,,,,,,,,,,,,,,,,,0,None,,,,,,,,,,,,,,,,,,,,,,,,1,0,0,,,0.694924,,,,,,,,,,,,,,,,,,,,,,,
272.979994,-,0,0,0,,,,21549.201897,193.635437,362.290789,-159.608397,1342.00596,0.661363,,1872.399509,1.299136,0,100.369314,0.222998,0,,1,0,0,0,79.63067,0.222998,0.096294,-0.778104,-1,1,9.813686,9.823639,5.517265,3.483117,22.383053,2.048963,7.552274,5.575217,7.58125,0,22.855475,-6370.393799,51.314816,1.04996,,,0,,,,,,LandingBurn,0,0,21549.201897,159.608396,,,,,,,,,,,,,,,,,,,,,,,,0,None,,,,,,,,,,,,,,,,,,,,,,,,1,0,0,,,0.69415,,,,,,,,,,,,,,,,,,,,,,,
273.259994,-,0,0,0,,,,21507.800952,192.486953,363.149942,-159.424141,1335.072092,0.657496,,1872.399509,1.279673,0,105.344968,0.152966,0,,1,0,0,0,74.655044,0.152966,0.133679,-0.119805,-1,1,9.698093,9.725314,7.659232,14.117256,18.066177,2.279478,7.549107,5.577349,7.589892,0,22.811029,-6370.413529,51.342785,1.082386,,,0,,,,,,LandingBurn,0,0,21507.800952,159.424141,,,,,,,,,,,,,,,,,,,,,,,,0,None,,,,,,,,,,,,,,,,,,,,,,,,1,0,0,,,0.69338,,,,,,,,,,,,,,,,,,,,,,,
273.519994,-,0,0,0,,,,21466.425731,191.419684,363.807142,-159.261224,1329.173551,0.6539,,1872.399509,1.252839,0,109.202572,0.085873,0,,1,0,0,0,70.797415,0.085873,0.150601,0.423727,-1,0.699245,9.23963,9.255641,8.628819,2.194987,15.121719,2.446948,7.579574,5.596825,7.576878,0,22.766968,-6370.431881,51.280688,1.010345,,,0,,,,,,LandingBurn,0,0,21466.425731,159.261224,,,,,,,,,,,,,,,,,,,,,,,,0,None,,,,,,,,,,,,,,,,,,,,,,,,1,0,0,,,0.692615,,,,,,,,,,,,,,,,,,,,,,,
273.779994,-,0,0,0,,,,21425.105506,190.452414,364.435384,-159.203391,1324.364446,0.650586,,1872.399509,1.223293,0,112.624312,0.063871,0,,1,0,0,0,67.375691,0.063871,0.187231,0.867898,-1,-0.818464,8.600803,8.591752,10.727521,-2.717127,12.653735,2.58916,7.582846,5.599742,7.575441,0,22.724684,-6370.449881,51.173501,0.885574,,,0,,,,,,LandingBurn,0,0,21425.105506,159.203391,,,,,,,,,,,,,,,,,,,,,,,,0,None,,,,,,,,,,,,,,,,,,,,,,,,1,0,0,,,0.691853,,,,,,,,,,,,,,,,,,,,,,,
274.039994,-,0,0,0,,,,21383.794077,189.57173,365.048139,-159.244291,1321.058287,0.647652,,1872.399509,1.19236,0,115.280393,-0.059194,0,,1,0,0,0,64.719606,-0.059194,0.202722,1,-1,1,7.829403,7.839442,11.6151,23.179855,11.588354,2.62527,7.573014,5.608134,7.593888,0,22.68402,-6370.467714,51.022904,0.70937,,,0,,,,,,LandingBurn,0,0,21383.794077,159.244292,,,,,,,,,,,,,,,,,,,,,,,,0,None,,,,,,,,,,,,,,,,,,,,,,,,1,0,0,,,0.691093,,,,,,,,,,,,,,,,,,,,,,,
274.299994,-,0,0,0,,,,21342.438266,188.811275,365.585547,-159.398059,1318.79278,0.644982,,1872.399509,1.167676,0,116.572997,-0.226193,0,,1,0,0,0,63.427008,-0.226193,0.312591,1,-1,1,7.193574,7.207382,17.910154,16.942667,3.802395,2.588389,7.560586,5.58229,7.58077,0,22.645156,-6370.484984,50.799815,0.446385,,,0,,,,,,LandingBurn,0,0,21342.438266,159.398058,,,,,,,,,,,,,,,,,,,,,,,,0,None,,,,,,,,,,,,,,,,,,,,,,,,1,0,0,,,0.690336,,,,,,,,,,,,,,,,,,,,,,,
274.559994,-,0,0,0,,,,21301.020158,188.218724,366.144704,-159.735862,1318.858132,0.642886,,1872.399509,1.119161,0,115.207465,-0.329294,0,,1,0,0,0,64.792519,-0.329294,0.277269,1,-1,1,6.783751,6.782158,15.886337,33.730438,-4.799956,2.588021,7.573576,5.60181,7.586021,0,22.609251,-6370.501971,50.530531,0.125761,,,0,,,,,,LandingBurn,0,0,21301.020158,159.735862,,,,,,,,,,,,,,,,,,,,,,,,0,None,,,,,,,,,,,,,,,,,,,,,,,,1,0,0,,,0.68958,,,,,,,,,,,,,,,,,,,,,,,
274.799994,-,0,0,0,,,,21259.499044,187.707944,366.781397,-160.203711,1320.671469,0.641215,,1872.399509,1.094519,0,111.812174,-0.407515,0,,1,0,0,0,68.187836,-0.407515,0.244956,1,-1,1,6.763871,6.750452,14.034938,18.901457,-8.70839,2.629469,7.564616,5.583181,7.579156,0,22.57538,-6370.519494,50.232755,359.76706,,,0,,,,,,LandingBurn,0,0,21259.499044,160.203711,,,,,,,,,,,,,,,,,,,,,,,,0,None,,,,,,,,,,,,,,,,,,,,,,,,1,0,0,,,0.688825,,,,,,,,,,,,,,,,,,,,,,,
275.079994,-,0,0,0,,,,21217.809877,187.216553,367.544923,-160.734067,1323.051273,0.639676,,1872.399509,1.0953,0,106.918844,-0.474819,0,,1,0,0,0,73.081145,-0.474819,0.201867,1,-1,1,7.08092,7.071405,11.5661,22.972506,-18.03356,2.609582,7.545771,5.585402,7.597938,0,22.542401,-6370.53767,49.946048,359.417461,,,0,,,,,,LandingBurn,0,0,21217.809877,160.734066,,,,,,,,,,,,,,,,,,,,,,,,0,None,,,,,,,,,,,,,,,,,,,,,,,,1,0,0,,,0.688071,,,,,,,,,,,,,,,,,,,,,,,
275.319994,-,0,0,0,,,,21175.988552,186.715566,368.485238,-161.300318,1325.44332,0.638134,,1872.399509,1.104,0,100.826081,-0.531238,0,,1,0,0,0,79.173933,-0.531238,0.155114,1,-1,0.681869,7.727585,7.701299,8.887352,2.252841,-20.907965,2.566134,7.550673,5.576597,7.584287,0,22.509912,-6370.556627,49.701943,359.11645,,,0,,,,,,LandingBurn,0,0,21175.988552,161.300318,,,,,,,,,,,,,,,,,,,,,,,,0,None,,,,,,,,,,,,,,,,,,,,,,,,1,0,0,,,0.687316,,,,,,,,,,,,,,,,,,,,,,,
275.579994,-,0,0,0,,,,21134.059802,186.224853,369.644961,-161.915386,1327.838691,0.63659,,1872.399509,1.111549,0,93.974821,-0.559359,0,,1,0,0,0,86.025181,-0.559359,0.110894,1,-1,-0.455492,8.228842,8.218165,6.353745,-1.501206,-27.328053,2.562978,7.57117,5.583478,7.5702,0,22.478147,-6370.576205,49.529876,358.902373,,,0,,,,,,LandingBurn,0,0,21134.059802,161.915386,,,,,,,,,,,,,,,,,,,,,,,,0,None,,,,,,,,,,,,,,,,,,,,,,,,1,0,0,,,0.686562,,,,,,,,,,,,,,,,,,,,,,,
275.859994,-,0,0,0,,,,21091.930854,185.805345,371.033362,-162.585413,1330.745885,0.635159,,1872.399509,1.096932,0,87.449515,-0.54619,0,,1,0,0,0,92.5505,-0.54619,-0.047508,1,-1,-1,8.357965,8.333911,-2.722034,-17.770546,-29.020361,2.672108,7.578904,5.601021,7.580812,0,22.447142,-6370.595356,49.479978,358.839995,,,0,,,,,,LandingBurn,0,0,21091.930854,162.585413,,,,,,,,,,,,,,,,,,,,,,,,0,None,,,,,,,,,,,,,,,,,,,,,,,,1,0,0,,,0.685807,,,,,,,,,,,,,,,,,,,,,,,
276.119994,-,0,0,0,,,,21049.610581,185.599662,372.587162,-163.377041,1336.047329,0.634289,,1872.399509,1.030761,0,81.055331,-0.517621,0,,1,0,0,0,98.94465,-0.517621,-0.086575,1,-1,-1,8.429027,8.414866,-4.960401,-9.768697,-31.725096,2.707281,7.534597,5.563791,7.589667,0,22.418032,-6370.612504,49.568117,358.95009,,,0,,,,,,LandingBurn,0,0,21049.610581,163.377041,,,,,,,,,,,,,,,,,,,,,,,,0,None,,,,,,,,,,,,,,,,,,,,,,,,1,0,0,,,0.685054,,,,,,,,,,,,,,,,,,,,,,,
276.379994,-,0,0,0,,,,21007.064045,185.593886,374.181397,-164.285037,1344.556591,0.634159,,1872.399509,0.95486,0,75.313506,-0.503283,0,,1,0,0,0,104.686493,-0.503283,-0.235832,1,-1,-1,8.482178,8.465641,-13.512173,-15.575079,-29.727882,2.624865,7.567829,5.583949,7.576675,0,22.390713,-6370.627869,49.713921,359.131301,,,0,,,,,,LandingBurn,0,0,21007.064045,164.285037,,,,,,,,,,,,,,,,,,,,,,,,0,None,,,,,,,,,,,,,,,,,,,,,,,,1,0,0,,,0.6843,,,,,,,,,,,,,,,,,,,,,,,
276.639994,-,0,0,0,,,,20964.268569,185.700389,375.77421,-165.237411,1355.42453,0.634556,,1872.399509,0.905509,0,71.435405,-0.481732,0,,1,0,0,0,108.564587,-0.481732,-0.357353,0.979004,-1,-1,7.685812,7.680517,-20.4748,-8.382367,-25.074278,2.664726,7.580969,5.604121,7.579948,0,22.363991,-6370.641934,49.89512,359.354933,,,0,,,,,,LandingBurn,0,0,20964.268569,165.237411,,,,,,,,,,,,,,,,,,,,,,,,0,None,,,,,,,,,,,,,,,,,,,,,,,,1,0,0,,,0.683543,,,,,,,,,,,,,,,,,,,,,,,
276.899994,-,0,0,0,,,,20921.238259,185.879844,377.355778,-166.203335,1367.523929,0.635205,,1872.399509,0.877631,0,70.102763,-0.466762,0,,1,0,0,0,109.897243,-0.466762,-0.466671,0.000844,-1,0.535038,6.479828,6.489223,-26.738285,1.843735,-15.919415,2.684285,7.57372,5.592865,7.574564,0,22.337357,-6370.65493,50.107675,359.615088,,,0,,,,,,LandingBurn,0,0,20921.238259,166.203335,,,,,,,,,,,,,,,,,,,,,,,,0,None,,,,,,,,,,,,,,,,,,,,,,,,1,0,0,,,0.682784,,,,,,,,,,,,,,,,,,,,,,,
277.159994,-,0,0,0,,,,20877.964943,186.133624,378.900576,-167.181708,1381.118116,0.636161,,1872.399509,0.848633,0,71.700479,-0.466397,0,,1,0,0,0,108.29952,-0.466397,-0.482867,-0.179049,-1,1,5.557881,5.557362,-27.666227,7.49909,-6.29404,2.790797,7.571865,5.591807,7.576184,0,22.310772,-6370.666814,50.338916,359.895495,,,0,,,,,,LandingBurn,0,0,20877.964943,167.181708,,,,,,,,,,,,,,,,,,,,,,,,0,None,,,,,,,,,,,,,,,,,,,,,,,,1,0,0,,,0.68202,,,,,,,,,,,,,,,,,,,,,,,
277.419994,-,0,0,0,,,,20834.422745,186.350751,380.357234,-168.050149,1395.093298,0.63716,,1872.399509,0.846216,0,76.028404,-0.476038,0,,1,0,0,0,103.971586,-0.476038,-0.373935,1,-1,0.840415,5.181982,5.194964,-21.424873,2.998474,8.75943,2.778463,7.560328,5.591368,7.589797,0,22.28213,-6370.677595,50.593115,0.20066,,,0,,,,,,LandingBurn,0,0,20834.422745,168.050149,,,,,,,,,,,,,,,,,,,,,,,,0,None,,,,,,,,,,,,,,,,,,,,,,,,1,0,0,,,0.681251,,,,,,,,,,,,,,,,,,,,,,,
277.679994,-,0,0,0,,,,20790.67991,186.452815,381.788868,-168.7608,1407.935777,0.637861,,1872.399509,0.885542,0,82.192819,-0.494588,0,,1,0,0,0,97.807181,-0.494588,-0.352182,1,-1,-1,5.415293,5.391627,-20.178568,-15.749962,10.100805,2.743521,7.557508,5.573934,7.568674,0,22.250636,-6370.687917,50.90337,0.568854,,,0,,,,,,LandingBurn,0,0,20790.67991,168.7608,,,,,,,,,,,,,,,,,,,,,,,,0,None,,,,,,,,,,,,,,,,,,,,,,,,1,0,0,,,0.68048,,,,,,,,,,,,,,,,,,,,,,,
277.939994,-,0,0,0,,,,20746.818936,186.378685,383.187229,-169.278899,1418.666403,0.638053,,1872.399509,0.952144,0,89.273449,-0.517033,0,,1,0,0,0,90.726548,-0.517033,-0.293095,1,-1,-1,6.20623,6.18933,-16.793127,-9.48273,17.666199,2.81538,7.563458,5.590892,7.594296,0,22.215714,-6370.698314,51.249433,0.974161,,,0,,,,,,LandingBurn,0,0,20746.818936,169.278899,,,,,,,,,,,,,,,,,,,,,,,,0,None,,,,,,,,,,,,,,,,,,,,,,,,1,0,0,,,0.679705,,,,,,,,,,,,,,,,,,,,,,,
278.199994,-,0,0,0,,,,20702.84718,186.082589,384.442172,-169.50272,1426.292355,0.637528,,1872.399509,1.034452,0,96.254576,-0.541196,0,,1,0,0,0,83.74543,-0.541196,-0.297742,1,-1,1,7.139868,7.110354,-17.059343,5.853115,24.27869,2.774187,7.551659,5.576782,7.582013,0,22.175607,-6370.707857,51.632541,1.41644,,,0,,,,,,LandingBurn,0,0,20702.84718,169.50272,,,,,,,,,,,,,,,,,,,,,,,,0,None,,,,,,,,,,,,,,,,,,,,,,,,1,0,0,,,0.67893,,,,,,,,,,,,,,,,,,,,,,,
278.459994,-,0,0,0,,,,20658.847867,185.611513,385.525657,-169.486951,1430.848765,0.636308,,1872.399509,1.10726,0,103.411383,-0.559245,0,,1,0,0,0,76.588619,-0.559245,-0.213892,1,-1,1,7.599491,7.555202,-12.255137,10.202427,27.153296,2.774809,7.559082,5.574966,7.580232,0,22.1313,-6370.716561,52.012142,1.848238,,,0,,,,,,LandingBurn,0,0,20658.847867,169.48695,,,,,,,,,,,,,,,,,,,,,,,,0,None,,,,,,,,,,,,,,,,,,,,,,,,1,0,0,,,0.678157,,,,,,,,,,,,,,,,,,,,,,,
278.719994,-,0,0,0,,,,20614.854197,185.031424,386.392182,-169.337937,1433.449467,0.634655,,1872.399509,1.144637,0,109.582546,-0.560277,0,,1,0,0,0,70.417461,-0.560277,-0.15622,1,-1,1,7.5578,7.52193,-8.950726,7.847229,24.279173,2.875266,7.55491,5.578919,7.580404,0,22.084697,-6370.724997,52.281377,2.15073,,,0,,,,,,LandingBurn,0,0,20614.854197,169.337936,,,,,,,,,,,,,,,,,,,,,,,,0,None,,,,,,,,,,,,,,,,,,,,,,,,1,0,0,,,0.677386,,,,,,,,,,,,,,,,,,,,,,,
278.979994,-,0,0,0,,,,20570.922025,184.410846,387.007652,-169.094471,1434.724785,0.632714,,1872.399509,1.161666,0,116.141483,-0.561136,0,,1,0,0,0,63.858522,-0.561136,-0.008037,1,-0.865694,1,7.301429,7.270155,-0.460485,9.002664,32.49876,2.912541,7.559493,5.568628,7.567682,0,22.036514,-6370.732528,52.43141,2.317972,,,0,,,,,,LandingBurn,0,0,20570.922025,169.094472,,,,,,,,,,,,,,,,,,,,,,,,0,None,,,,,,,,,,,,,,,,,,,,,,,,1,0,0,,,0.676618,,,,,,,,,,,,,,,,,,,,,,,
279.239994,-,0,0,0,,,,20527.048043,183.789947,387.404657,-168.808432,1435.876972,0.630754,,1872.399509,1.161796,0,121.993828,-0.569503,0,,1,0,0,0,58.006185,-0.569503,0.003043,1,0.257128,1,7.202058,7.178391,0.17435,4.689046,36.322868,2.967584,7.560477,5.581115,7.576974,0,21.987664,-6370.739294,52.458682,2.348272,,,0,,,,,,LandingBurn,0,0,20527.048043,168.808432,,,,,,,,,,,,,,,,,,,,,,,,0,None,,,,,,,,,,,,,,,,,,,,,,,,1,0,0,,,0.675856,,,,,,,,,,,,,,,,,,,,,,,
279.479994,-,0,0,0,,,,20483.255688,183.205657,387.648267,-168.583738,1437.254493,0.628852,,1872.399509,1.154101,0,126.787544,-0.585386,0,,1,0,0,0,53.212465,-0.585386,0.083261,1,1,0.477264,7.324136,7.330276,4.770514,1.855712,38.454487,3.009267,7.566981,5.556848,7.547519,0,21.939965,-6370.746402,52.307489,2.179903,,,0,,,,,,LandingBurn,0,0,20483.255688,168.583738,,,,,,,,,,,,,,,,,,,,,,,,0,None,,,,,,,,,,,,,,,,,,,,,,,,1,0,0,,,0.675099,,,,,,,,,,,,,,,,,,,,,,,
279.759994,-,0,0,0,,,,20439.49557,182.745979,387.852889,-168.537786,1439.80633,0.627213,,1872.399509,1.126279,0,129.489336,-0.610406,0,,1,0,0,0,50.510669,-0.610406,0.24909,1,1,0.892609,7.492341,7.511422,14.271814,3.259081,34.769627,2.840548,7.561593,5.585834,7.586629,0,21.895389,-6370.754233,51.996514,1.830575,,,0,,,,,,LandingBurn,0,0,20439.49557,168.537787,,,,,,,,,,,,,,,,,,,,,,,,0,None,,,,,,,,,,,,,,,,,,,,,,,,1,0,0,,,0.674347,,,,,,,,,,,,,,,,,,,,,,,
279.999994,-,0,0,0,,,,20395.710573,182.509529,388.148136,-168.764058,1445.389616,0.626232,,1872.399509,1.064706,0,129.635387,-0.619053,0,,1,0,0,0,50.364617,-0.619053,0.245796,1,1,1,7.177873,7.212714,14.083098,7.537984,32.518055,2.637021,7.558239,5.589402,7.587479,0,21.855505,-6370.762573,51.604175,1.383894,,,0,,,,,,LandingBurn,0,0,20395.710573,168.764058,,,,,,,,,,,,,,,,,,,,,,,,0,None,,,,,,,,,,,,,,,,,,,,,,,,1,0,0,,,0.673598,,,,,,,,,,,,,,,,,,,,,,,
280.279994,-,0,0,0,,,,20351.814577,182.535671,388.604297,-169.264413,1454.919348,0.626092,,1872.399509,0.976189,0,126.959119,-0.621903,0,,1,0,0,0,53.040895,-0.621903,0.332121,1,1,1,6.585861,6.643269,19.029154,9.108848,26.392015,2.444073,7.569545,5.547958,7.533237,0,21.820265,-6370.770755,51.232042,0.95388,,,0,,,,,,LandingBurn,0,0,20351.814577,169.264413,,,,,,,,,,,,,,,,,,,,,,,,0,None,,,,,,,,,,,,,,,,,,,,,,,,1,0,0,,,0.67285,,,,,,,,,,,,,,,,,,,,,,,
280.539994,-,0,0,0,,,,20307.756113,182.730515,389.257701,-169.913589,1468.443093,0.626782,,1872.399509,0.88695,0,121.828346,-0.635834,0,,1,0,0,0,58.17165,-0.635834,0.39309,1,1,1,6.199769,6.253725,22.522425,9.624602,13.079317,2.35028,7.588559,5.616638,7.590594,0,21.787486,-6370.778394,50.99446,0.676019,,,0,,,,,,LandingBurn,0,0,20307.756113,169.913589,,,,,,,,,,,,,,,,,,,,,,,,0,None,,,,,,,,,,,,,,,,,,,,,,,,1,0,0,,,0.672099,,,,,,,,,,,,,,,,,,,,,,,
280.799994,-,0,0,0,,,,20263.567354,182.925584,390.032582,-170.539402,1482.785475,0.627612,,1872.399509,0.861705,0,114.620254,-0.646899,0,,1,0,0,0,65.379751,-0.646899,0.527084,1,-0.443857,1,5.6441,5.684021,30.199665,3.697046,-1.423645,2.484393,7.541951,5.574883,7.588664,0,21.754199,-6370.78566,50.888536,0.551284,,,0,,,,,,LandingBurn,0,0,20263.567354,170.539402,,,,,,,,,,,,,,,,,,,,,,,,0,None,,,,,,,,,,,,,,,,,,,,,,,,1,0,0,,,0.671346,,,,,,,,,,,,,,,,,,,,,,,
281.059994,-,0,0,0,,,,20219.195787,183.082866,390.798517,-171.115755,1497.186782,0.628416,,1872.399509,0.869708,0,106.202426,-0.660938,0,,1,0,0,0,73.797567,-0.660938,0.554249,1,-1,1,5.21828,5.22773,31.756102,3.823856,-16.979826,2.800574,7.562546,5.609725,7.604932,0,21.719897,-6370.792804,50.789407,0.434066,,,0,,,,,,LandingBurn,0,0,20219.195787,171.115755,,,,,,,,,,,,,,,,,,,,,,,,0,None,,,,,,,,,,,,,,,,,,,,,,,,1,0,0,,,0.670591,,,,,,,,,,,,,,,,,,,,,,,
281.319994,-,0,0,0,,,,20174.724861,183.044917,391.600396,-171.545121,1509.796807,0.628812,,1872.399509,0.936205,0,97.851193,-0.701947,0,,1,0,0,0,82.148782,-0.701947,0.590848,1,-1,1,5.291275,5.290394,33.853111,4.963166,-25.910374,3.04608,7.561767,5.599103,7.593318,0,21.682936,-6370.801058,50.674793,0.29795,,,0,,,,,,LandingBurn,0,0,20174.724861,171.545121,,,,,,,,,,,,,,,,,,,,,,,,0,None,,,,,,,,,,,,,,,,,,,,,,,,1,0,0,,,0.669834,,,,,,,,,,,,,,,,,,,,,,,
281.579994,-,0,0,0,,,,20130.13902,182.781198,392.584221,-171.802026,1518.245849,0.628319,,1872.399509,1.037563,0,89.714702,-0.786176,0,,1,0,0,0,90.285262,-0.786176,0.542942,1,1,-1,6.202407,6.165551,31.108278,-4.064613,-29.669588,3.109377,7.560503,5.586066,7.583323,0,21.642848,-6370.810524,50.682647,0.307297,,,0,,,,,,LandingBurn,0,0,20130.13902,171.802026,,,,,,,,,,,,,,,,,,,,,,,,0,None,,,,,,,,,,,,,,,,,,,,,,,,1,0,0,,,0.669077,,,,,,,,,,,,,,,,,,,,,,,
281.839994,-,0,0,0,,,,20085.475286,182.659529,393.878991,-172.20108,1526.516408,0.627776,,1872.399509,1.042433,0,82.900317,-0.849765,0,,1,0,0,0,97.099639,-0.849765,0.385523,1,1,-0.387106,7.718233,7.678464,22.088863,-1.511946,-33.564144,3.03358,7.552796,5.576591,7.581174,0,21.605191,-6370.819839,50.936027,0.60728,,,0,,,,,,LandingBurn,0,0,20085.475286,172.20108,,,,,,,,,,,,,,,,,,,,,,,,0,None,,,,,,,,,,,,,,,,,,,,,,,,1,0,0,,,0.66832,,,,,,,,,,,,,,,,,,,,,,,
282.099994,-,0,0,0,,,,20040.68701,182.728499,395.293373,-172.763901,1538.345207,0.627943,,1872.399509,0.986005,0,78.900313,-0.850125,0,,1,0,0,0,101.099645,-0.850125,0.154771,1,1,-1,8.134239,8.104619,8.86772,-5.166784,-35.8582,3.070801,7.559511,5.584644,7.583082,0,21.57033,-6370.828499,51.293303,1.025121,,,0,,,,,,LandingBurn,0,0,20040.68701,172.763902,,,,,,,,,,,,,,,,,,,,,,,,0,None,,,,,,,,,,,,,,,,,,,,,,,,1,0,0,,,0.667563,,,,,,,,,,,,,,,,,,,,,,,
282.359994,-,0,0,0,,,,19995.743323,182.829372,396.750408,-173.352791,1552.093496,0.628472,,1872.399509,0.966756,0,78.514511,-0.83519,0,,1,0,0,0,101.485508,-0.83519,-0.040941,1,1,1,7.913617,7.877829,-2.345736,7.764379,-33.420029,3.176791,7.555898,5.57227,7.574837,0,21.535805,-6370.837056,51.688273,1.480248,,,0,,,,,,LandingBurn,0,0,19995.743323,173.352791,,,,,,,,,,,,,,,,,,,,,,,,0,None,,,,,,,,,,,,,,,,,,,,,,,,1,0,0,,,0.666806,,,,,,,,,,,,,,,,,,,,,,,
282.619994,-,0,0,0,,,,19950.676018,182.870778,398.21705,-173.861069,1565.44553,0.62889,,1872.399509,0.991299,0,81.544863,-0.84439,0,,1,0,0,0,98.455116,-0.84439,-0.256079,1,1,1,8.062783,8.050189,-14.672221,10.969476,-31.726086,3.289208,7.567415,5.583889,7.572195,0,21.499753,-6370.845325,52.157907,2.012453,,,0,,,,,,LandingBurn,0,0,19950.676018,173.861069,,,,,,,,,,,,,,,,,,,,,,,,0,None,,,,,,,,,,,,,,,,,,,,,,,,1,0,0,,,0.666047,,,,,,,,,,,,,,,,,,,,,,,
282.879994,-,0,0,0,,,,19905.495286,182.720299,399.625103,-174.128973,1576.788307,0.628878,,1872.399509,1.050564,0,88.006054,-0.890085,0,,1,0,0,0,91.993942,-0.890085,-0.442951,1,1,0.133348,8.894597,8.916179,-25.379234,0.554442,-22.597189,3.231526,7.575651,5.580302,7.560226,0,21.459319,-6370.852922,52.752034,2.672376,,,0,,,,,,LandingBurn,0,0,19905.495286,174.128973,,,,,,,,,,,,,,,,,,,,,,,,0,None,,,,,,,,,,,,,,,,,,,,,,,,1,0,0,,,0.665287,,,,,,,,,,,,,,,,,,,,,,,
283.139994,-,0,0,0,,,,19860.296957,182.273206,400.859276,-174.054034,1583.605222,0.627951,,1872.399509,1.149725,0,96.568201,-0.932892,0,,1,0,0,0,83.431802,-0.932892,-0.561802,1,1,-1,9.917035,9.936404,-32.188889,-11.863287,-14.46511,3.093471,7.570493,5.597623,7.586315,0,21.412749,-6370.859949,53.387296,3.362266,,,0,,,,,,LandingBurn,0,0,19860.296957,174.054034,,,,,,,,,,,,,,,,,,,,,,,,0,None,,,,,,,,,,,,,,,,,,,,,,,,1,0,0,,,0.664526,,,,,,,,,,,,,,,,,,,,,,,
283.399994,-,0,0,0,,,,19815.164876,181.579251,401.698846,-173.631272,1585.627002,0.626075,,1872.399509,1.232458,0,106.676936,-0.891323,0,,1,0,0,0,73.323084,-0.891323,-0.690957,1,1,0.41189,9.942479,9.961481,-39.588909,1.752732,-15.36148,3.305893,7.553205,5.577946,7.58276,0,21.360054,-6370.865357,53.935614,3.945313,,,0,,,,,,LandingBurn,0,0,19815.164876,173.631272,,,,,,,,,,,,,,,,,,,,,,,,0,None,,,,,,,,,,,,,,,,,,,,,,,,1,0,0,,,0.663769,,,,,,,,,,,,,,,,,,,,,,,
283.659994,-,0,0,0,,,,19770.172934,180.829156,402.01262,-173.021319,1584.663063,0.623623,,1872.399509,1.262208,0,117.061277,-0.803398,0,,1,0,0,0,62.938741,-0.803398,-0.659407,0.930476,1,-0.604072,9.336147,9.293418,-37.781254,-2.597619,-5.621989,3.35229,7.560232,5.597249,7.600129,0,21.304194,-6370.868453,54.24289,4.267226,,,0,,,,,,LandingBurn,0,0,19770.172934,173.021318,,,,,,,,,,,,,,,,,,,,,,,,0,None,,,,,,,,,,,,,,,,,,,,,,,,1,0,0,,,0.663017,,,,,,,,,,,,,,,,,,,,,,,
283.919994,-,0,0,0,,,,19725.315485,180.290537,402.006457,-172.54165,1585.736156,0.621586,,1872.399509,1.209745,0,127.102278,-0.708844,0,,1,0,0,0,52.897728,-0.708844,-0.690013,0.1307,1,1,8.684635,8.663904,-39.534805,8.956873,2.591836,3.305298,7.55337,5.565961,7.569033,0,21.250826,-6370.869928,54.30447,4.331332,,,0,,,,,,LandingBurn,0,0,19725.315485,172.54165,,,,,,,,,,,,,,,,,,,,,,,,0,None,,,,,,,,,,,,,,,,,,,,,,,,1,0,0,,,0.662272,,,,,,,,,,,,,,,,,,,,,,,
284.179994,-,0,0,0,,,,19680.554773,179.953061,401.908115,-172.237074,1590.772433,0.620333,,1872.399509,1.134514,0,134.769978,-0.634797,0,,1,0,0,0,45.230032,-0.634797,-0.53283,0.741356,1,1,8.302018,8.297314,-30.528896,9.535202,8.710213,2.931337,7.563916,5.578081,7.572053,0,21.200662,-6370.870779,54.244284,4.268678,,,0,,,,,,LandingBurn,0,0,19680.554773,172.237074,,,,,,,,,,,,,,,,,,,,,,,,0,None,,,,,,,,,,,,,,,,,,,,,,,,1,0,0,,,0.66153,,,,,,,,,,,,,,,,,,,,,,,
284.419994,-,0,0,0,,,,19635.867831,179.699419,401.775813,-172.015185,1598.200051,0.619546,,1872.399509,1.091805,0,138.972158,-0.57513,0,,1,0,0,0,41.027853,-0.57513,-0.270277,1,1,1,7.814779,7.767656,-15.485757,3.64748,21.322554,2.813374,7.545458,5.551114,7.564046,0,21.152043,-6370.871541,54.112431,4.130966,,,0,,,,,,LandingBurn,0,0,19635.867831,172.015185,,,,,,,,,,,,,,,,,,,,,,,,0,None,,,,,,,,,,,,,,,,,,,,,,,,1,0,0,,,0.66079,,,,,,,,,,,,,,,,,,,,,,,
284.679994,-,0,0,0,,,,19591.243465,179.393308,401.628963,-171.75007,1605.694793,0.618768,,1872.399509,1.096819,0,138.699939,-0.529968,0,,1,0,0,0,41.300062,-0.529968,-0.050307,1,1,0.18867,7.067408,7.04417,-2.882379,0.707026,24.108112,2.917556,7.563,5.589921,7.583338,0,21.102727,-6370.872505,53.959019,3.969949,,,0,,,,,,LandingBurn,0,0,19591.243465,171.75007,,,,,,,,,,,,,,,,,,,,,,,,0,None,,,,,,,,,,,,,,,,,,,,,,,,1,0,0,,,0.660051,,,,,,,,,,,,,,,,,,,,,,,
284.959994,-,0,0,0,,,,19546.696165,178.917668,401.476778,-171.345538,1611.028981,0.617574,,1872.399509,1.144681,0,134.273733,-0.519107,0,,1,0,0,0,45.726268,-0.519107,0.162539,1,1,0.792272,6.62731,6.626578,9.312775,3.23779,33.727592,3.186143,7.578228,5.597715,7.579279,0,21.051046,-6370.874128,53.78549,3.786783,,,0,,,,,,LandingBurn,0,0,19546.696165,171.345537,,,,,,,,,,,,,,,,,,,,,,,,0,None,,,,,,,,,,,,,,,,,,,,,,,,1,0,0,,,0.659313,,,,,,,,,,,,,,,,,,,,,,,
285.219994,-,0,0,0,,,,19502.280635,178.236784,401.389244,-170.801283,1612.730622,0.61569,,1872.399509,1.212868,0,127.123459,-0.546824,0,,1,0,0,0,52.876548,-0.546824,0.339885,1,1,0.251104,6.862064,6.89382,19.473993,1.123366,29.294781,3.48558,7.568428,5.594052,7.5859,0,20.997059,-6370.877048,53.589298,3.578356,,,0,,,,,,LandingBurn,0,0,19502.280635,170.801283,,,,,,,,,,,,,,,,,,,,,,,,0,None,,,,,,,,,,,,,,,,,,,,,,,,1,0,0,,,0.658579,,,,,,,,,,,,,,,,,,,,,,,
285.479994,-,0,0,0,,,,19458.023996,177.374808,401.516736,-170.173397,1610.661015,0.613102,,1872.399509,1.277173,0,118.241636,-0.624411,0,,1,0,0,0,61.758365,-0.624411,0.429376,1,1,-1,7.98967,8.030335,24.601429,-5.13493,24.12546,3.510254,7.56919,5.597646,7.585758,0,20.941816,-6370.881785,53.443694,3.422737,,,0,,,,,,LandingBurn,0,0,19458.023996,170.173397,,,,,,,,,,,,,,,,,,,,,,,,0,None,,,,,,,,,,,,,,,,,,,,,,,,1,0,0,,,0.65785,,,,,,,,,,,,,,,,,,,,,,,
285.739994,-,0,0,0,,,,19413.901518,176.577241,402.076485,-169.727131,1607.525907,0.610327,,1872.399509,1.286841,0,109.90299,-0.715701,0,,1,0,0,0,70.097008,-0.715701,0.439687,1,1,1,9.660766,9.702077,25.192223,4.82199,15.15389,3.411504,7.581179,5.573843,7.550303,0,20.889897,-6370.888478,53.443731,3.422777,,,0,,,,,,LandingBurn,0,0,19413.901518,169.727131,,,,,,,,,,,,,,,,,,,,,,,,0,None,,,,,,,,,,,,,,,,,,,,,,,,1,0,0,,,0.657126,,,,,,,,,,,,,,,,,,,,,,,
285.999994,-,0,0,0,,,,19369.874741,175.930716,402.967764,-169.474243,1606.749404,0.608014,,1872.399509,1.252126,0,103.195242,-0.754581,0,,1,0,0,0,76.804765,-0.754581,0.394629,1,1,1,10.641163,10.660513,22.610552,6.710898,8.850641,3.298005,7.567635,5.602919,7.592436,0,20.841447,-6370.89576,53.646469,3.639244,,,0,,,,,,LandingBurn,0,0,19369.874741,169.474243,,,,,,,,,,,,,,,,,,,,,,,,0,None,,,,,,,,,,,,,,,,,,,,,,,,1,0,0,,,0.656407,,,,,,,,,,,,,,,,,,,,,,,
286.259994,-,0,0,0,,,,19325.878054,175.468724,403.998599,-169.392204,1609.139841,0.606308,,1872.399509,1.198274,0,97.250174,-0.760096,0,,1,0,0,0,82.749822,-0.760096,0.372236,1,1,-0.86721,10.708938,10.740104,21.327526,-3.811311,7.996013,3.415704,7.550388,5.580201,7.587829,0,20.796004,-6370.902654,53.97466,3.986415,,,0,,,,,,LandingBurn,0,0,19325.878054,169.392204,,,,,,,,,,,,,,,,,,,,,,,,0,None,,,,,,,,,,,,,,,,,,,,,,,,1,0,0,,,0.655691,,,,,,,,,,,,,,,,,,,,,,,
286.519994,-,0,0,0,,,,19281.892022,175.185563,405.167436,-169.473594,1614.780673,0.605214,,1872.399509,1.141254,0,91.947076,-0.741555,0,,1,0,0,0,88.052923,-0.741555,0.261836,1,1,-0.571466,10.204123,10.236631,15.002077,-2.598411,9.094388,3.553073,7.570918,5.610562,7.597007,0,20.753408,-6370.909155,54.445916,4.478103,,,0,,,,,,LandingBurn,0,0,19281.892022,169.473594,,,,,,,,,,,,,,,,,,,,,,,,0,None,,,,,,,,,,,,,,,,,,,,,,,,1,0,0,,,0.654975,,,,,,,,,,,,,,,,,,,,,,,
286.779994,-,0,0,0,,,,19237.851533,175.095438,406.433829,-169.724009,1623.884392,0.604761,,1872.399509,1.080723,0,87.729441,-0.720109,0,,1,0,0,0,92.27056,-0.720109,0.224389,1,1,-0.336536,9.380897,9.41048,12.85652,-1.563452,3.780997,3.607186,7.554172,5.574871,7.579381,0,20.713698,-6370.915124,55.039473,5.08638,,,0,,,,,,LandingBurn,0,0,19237.851533,169.724008,,,,,,,,,,,,,,,,,,,,,,,,0,None,,,,,,,,,,,,,,,,,,,,,,,,1,0,0,,,0.654259,,,,,,,,,,,,,,,,,,,,,,,
287.039994,-,0,0,0,,,,19193.707361,175.157845,407.725081,-170.097328,1636.513343,0.604945,,1872.399509,1.022636,0,85.580922,-0.711253,0,,1,0,0,0,94.419078,-0.711253,0.156038,1,1,-0.586523,8.991361,9.004376,8.940307,-2.72913,-6.602564,3.625457,7.563488,5.594271,7.590662,0,20.676034,-6370.920504,55.702117,5.751608,,,0,,,,,,LandingBurn,0,0,19193.707361,170.097328,,,,,,,,,,,,,,,,,,,,,,,,0,None,,,,,,,,,,,,,,,,,,,,,,,,1,0,0,,,0.653541,,,,,,,,,,,,,,,,,,,,,,,
287.279994,-,0,0,0,,,,19149.4779,175.223536,409.047111,-170.463641,1650.538621,0.605362,,1872.399509,1.011368,0,86.047082,-0.715427,0,,1,0,0,0,93.952916,-0.715427,0.085062,1,1,1,9.302059,9.296249,4.873673,8.890341,-14.913986,3.659169,7.554585,5.584676,7.588924,0,20.638177,-6370.925717,56.451696,6.487415,,,0,,,,,,LandingBurn,0,0,19149.4779,170.463641,,,,,,,,,,,,,,,,,,,,,,,,0,None,,,,,,,,,,,,,,,,,,,,,,,,1,0,0,,,0.652819,,,,,,,,,,,,,,,,,,,,,,,
287.559994,-,0,0,0,,,,19105.161923,175.192402,410.325705,-170.71811,1663.605344,0.605577,,1872.399509,1.044172,0,88.824451,-0.733336,0,,1,0,0,0,91.17555,-0.733336,-0.080833,1,1,-0.31843,10.23126,10.184778,-4.631403,-1.483444,-14.917153,3.624312,7.574669,5.585835,7.568413,0,20.598281,-6370.930724,57.255976,7.258319,,,0,,,,,,LandingBurn,0,0,19105.161923,170.71811,,,,,,,,,,,,,,,,,,,,,,,,0,None,,,,,,,,,,,,,,,,,,,,,,,,1,0,0,,,0.652095,,,,,,,,,,,,,,,,,,,,,,,
287.819994,-,0,0,0,,,,19060.815187,174.953998,411.525442,-170.755921,1673.684296,0.605232,,1872.399509,1.109206,0,93.599402,-0.769486,0,,1,0,0,0,86.400603,-0.769486,-0.225718,1,1,-0.13535,11.468307,11.415118,-12.932704,-0.622093,-18.702923,3.578625,7.564574,5.590331,7.582826,0,20.554572,-6370.935662,58.104508,8.052019,,,0,,,,,,LandingBurn,0,0,19060.815187,170.755921,,,,,,,,,,,,,,,,,,,,,,,,0,None,,,,,,,,,,,,,,,,,,,,,,,,1,0,0,,,0.651371,,,,,,,,,,,,,,,,,,,,,,,
288.059994,-,0,0,0,,,,19016.497288,174.477837,412.666388,-170.554884,1679.28697,0.604071,,1872.399509,1.201822,0,99.67816,-0.815688,0,,1,0,0,0,80.321837,-0.815688,-0.260327,1,1,-1,12.813763,12.778416,-14.91561,-13.041721,-17.717058,3.524432,7.552178,5.577393,7.583385,0,20.506709,-6370.940671,59.01755,8.884979,,,0,,,,,,LandingBurn,0,0,19016.497288,170.554884,,,,,,,,,,,,,,,,,,,,,,,,0,None,,,,,,,,,,,,,,,,,,,,,,,,1,0,0,,,0.650648,,,,,,,,,,,,,,,,,,,,,,,
288.339994,-,0,0,0,,,,18972.278708,173.82955,413.564486,-170.153594,1680.901762,0.602198,,1872.399509,1.263116,0,106.292057,-0.850914,0,,1,0,0,0,73.707941,-0.850914,-0.329154,1,1,-0.112717,13.894207,13.867493,-18.859123,-0.486486,-22.396057,3.355149,7.56095,5.581489,7.577831,0,20.455457,-6370.945235,59.779776,9.564638,,,0,,,,,,LandingBurn,0,0,18972.278708,170.153594,,,,,,,,,,,,,,,,,,,,,,,,0,None,,,,,,,,,,,,,,,,,,,,,,,,1,0,0,,,0.649927,,,,,,,,,,,,,,,,,,,,,,,
288.579994,-,0,0,0,,,,18928.16118,173.014786,414.125649,-169.540916,1679.282361,0.599759,,1872.399509,1.301121,0,113.486402,-0.84437,0,,1,0,0,0,66.513593,-0.84437,-0.336615,1,1,-0.204782,14.301843,14.285741,-19.286617,-0.834791,-21.78256,3.171101,7.56465,5.585261,7.575655,0,20.400655,-6370.94905,60.295539,10.016849,,,0,,,,,,LandingBurn,0,0,18928.16118,169.540917,,,,,,,,,,,,,,,,,,,,,,,,0,None,,,,,,,,,,,,,,,,,,,,,,,,1,0,0,,,0.649211,,,,,,,,,,,,,,,,,,,,,,,
288.859994,-,0,0,0,,,,18884.250819,172.114897,414.287625,-168.780275,1674.923671,0.596849,,1872.399509,1.326806,0,121.476298,-0.789034,0,,1,0,0,0,58.523713,-0.789034,-0.342414,1,1,1,13.913238,13.893395,-19.618855,7.586034,-23.207315,3.405965,7.569016,5.585211,7.577908,0,20.343528,-6370.951777,60.477237,10.174734,,,0,,,,,,LandingBurn,0,0,18884.250819,168.780275,,,,,,,,,,,,,,,,,,,,,,,,0,None,,,,,,,,,,,,,,,,,,,,,,,,1,0,0,,,0.648501,,,,,,,,,,,,,,,,,,,,,,,
289.119994,-,0,0,0,,,,18840.50634,171.374996,414.099535,-168.113099,1671.418716,0.594112,,1872.399509,1.289614,0,128.844986,-0.709975,0,,1,0,0,0,51.155015,-0.709975,-0.2836,1,1,0.834661,12.614574,12.606382,-16.2491,3.757519,-18.10008,3.500358,7.556907,5.582656,7.57975,0,20.288255,-6370.953283,60.262989,9.988487,,,0,,,,,,LandingBurn,0,0,18840.50634,168.113099,,,,,,,,,,,,,,,,,,,,,,,,0,None,,,,,,,,,,,,,,,,,,,,,,,,1,0,0,,,0.647798,,,,,,,,,,,,,,,,,,,,,,,
289.379994,-,0,0,0,,,,18796.917146,170.867742,413.807754,-167.646836,1672.161331,0.592144,,1872.399509,1.20985,0,134.653467,-0.627856,0,,1,0,0,0,45.346536,-0.627856,-0.287591,1,1,-0.19598,11.080173,11.079848,-16.47776,-0.908854,-10.445523,3.603647,7.563777,5.579298,7.573629,0,20.236622,-6370.954157,59.866366,9.64098,,,0,,,,,,LandingBurn,0,0,18796.917146,167.646835,,,,,,,,,,,,,,,,,,,,,,,,0,None,,,,,,,,,,,,,,,,,,,,,,,,1,0,0,,,0.647099,,,,,,,,,,,,,,,,,,,,,,,
289.639994,-,0,0,0,,,,18753.394935,170.588568,413.509526,-167.390392,1677.493199,0.590995,,1872.399509,1.127247,0,137.916474,-0.575007,0,,1,0,0,0,42.083529,-0.575007,-0.150669,1,1,-1,9.827235,9.847297,-8.632709,-6.9179,-3.915795,3.506895,7.581265,5.590398,7.568078,0,20.188682,-6370.95464,59.398316,9.226221,,,0,,,,,,LandingBurn,0,0,18753.394935,167.390392,,,,,,,,,,,,,,,,,,,,,,,,0,None,,,,,,,,,,,,,,,,,,,,,,,,1,0,0,,,0.646401,,,,,,,,,,,,,,,,,,,,,,,
289.899994,-,0,0,0,,,,18709.964841,170.391628,413.240128,-167.211661,1685.749167,0.590362,,1872.399509,1.079825,0,138.483222,-0.553071,0,,1,0,0,0,41.516778,-0.553071,0.041256,1,1,0.395421,9.230864,9.204206,2.363806,1.799024,4.191421,3.532739,7.552861,5.575113,7.57974,0,20.142168,-6370.955017,58.947205,8.821533,,,0,,,,,,LandingBurn,0,0,18709.964841,167.211661,,,,,,,,,,,,,,,,,,,,,,,,0,None,,,,,,,,,,,,,,,,,,,,,,,,1,0,0,,,0.645704,,,,,,,,,,,,,,,,,,,,,,,
290.159994,-,0,0,0,,,,18666.571541,170.159409,412.95075,-166.997339,1694.311421,0.589775,,1872.399509,1.082336,0,136.204362,-0.565465,0,,1,0,0,0,43.795625,-0.565465,0.232563,1,1,-1,9.26701,9.248731,13.324851,-6.091185,9.070564,3.642262,7.577614,5.595352,7.5735,0,20.095084,-6370.955399,58.478889,8.396101,,,0,,,,,,LandingBurn,0,0,18666.571541,166.99734,,,,,,,,,,,,,,,,,,,,,,,,0,None,,,,,,,,,,,,,,,,,,,,,,,,1,0,0,,,0.645005,,,,,,,,,,,,,,,,,,,,,,,
290.419994,-,0,0,0,,,,18623.263767,169.786018,412.684172,-166.653118,1700.887717,0.588842,,1872.399509,1.12361,0,131.642652,-0.61347,0,,1,0,0,0,48.357351,-0.61347,0.261854,1,1,-0.807184,9.946145,9.913673,15.003149,-3.940154,15.919419,3.81423,7.58217,5.610301,7.587723,0,20.045866,-6370.956019,58.075151,8.024847,,,0,,,,,,LandingBurn,0,0,18623.263767,166.653118,,,,,,,,,,,,,,,,,,,,,,,,0,None,,,,,,,,,,,,,,,,,,,,,,,,1,0,0,,,0.644305,,,,,,,,,,,,,,,,,,,,,,,
290.679994,-,0,0,0,,,,18580.054039,169.224581,412.465914,-166.140435,1703.88611,0.587293,,1872.399509,1.187406,0,125.393565,-0.689574,0,,1,0,0,0,54.606435,-0.689574,0.3253,1,1,0.602346,11.304057,11.292813,18.638313,2.963764,14.307066,3.836322,7.569259,5.598061,7.585836,0,19.993893,-6370.957029,57.764067,7.735873,,,0,,,,,,LandingBurn,0,0,18580.054039,166.140436,,,,,,,,,,,,,,,,,,,,,,,,0,None,,,,,,,,,,,,,,,,,,,,,,,,1,0,0,,,0.643605,,,,,,,,,,,,,,,,,,,,,,,
290.939993,-,0,0,0,,,,18537.009758,168.489233,412.400681,-165.487044,1703.085949,0.585102,,1872.399509,1.250628,0,118.765603,-0.764927,0,,1,0,0,0,61.234401,-0.764927,0.280519,1,1,0.649223,13.009325,12.995001,16.072567,3.208515,18.328857,3.832365,7.554948,5.567708,7.567781,0,19.93973,-6370.958651,57.649715,7.628997,,,0,,,,,,LandingBurn,0,0,18537.009758,165.487044,,,,,,,,,,,,,,,,,,,,,,,,0,None,,,,,,,,,,,,,,,,,,,,,,,,1,0,0,,,0.642908,,,,,,,,,,,,,,,,,,,,,,,
291.179993,-,0,0,0,,,,18494.142871,167.696805,412.662761,-164.825656,1699.718722,0.582487,,1872.399509,1.286703,0,112.686934,-0.808701,0,,1,0,0,0,67.313075,-0.808701,0.177387,1,1,1,14.428828,14.407401,10.163508,10.108521,21.68693,3.715101,7.581369,5.608529,7.587731,0,19.885644,-6370.961107,57.891459,7.854525,,,0,,,,,,LandingBurn,0,0,18494.142871,164.825655,,,,,,,,,,,,,,,,,,,,,,,,0,None,,,,,,,,,,,,,,,,,,,,,,,,1,0,0,,,0.642217,,,,,,,,,,,,,,,,,,,,,,,
291.459993,-,0,0,0,,,,18451.405168,166.973691,413.206431,-164.268489,1696.948879,0.579991,,1872.399509,1.28294,0,107.450587,-0.809864,0,,1,0,0,0,72.549413,-0.809864,0.04652,1,1,0.380864,14.938062,14.952201,2.665382,1.700842,23.158119,3.468109,7.56304,5.575951,7.57257,0,19.833496,-6370.964111,58.413063,8.335866,,,0,,,,,,LandingBurn,0,0,18451.405168,164.268489,,,,,,,,,,,,,,,,,,,,,,,,0,None,,,,,,,,,,,,,,,,,,,,,,,,1,0,0,,,0.641531,,,,,,,,,,,,,,,,,,,,,,,
291.719993,-,0,0,0,,,,18408.809828,166.432567,414.005499,-163.914317,1696.167104,0.57785,,1872.399509,1.24528,0,102.763265,-0.817161,0,,1,0,0,0,77.236737,-0.817161,0.020397,1,1,-1,14.634847,14.635099,1.168639,-11.80071,22.864012,3.531176,7.553761,5.576683,7.580579,0,19.784934,-6370.967398,59.187239,9.037498,,,0,,,,,,LandingBurn,0,0,18408.809828,163.914317,,,,,,,,,,,,,,,,,,,,,,,,0,None,,,,,,,,,,,,,,,,,,,,,,,,1,0,0,,,0.64085,,,,,,,,,,,,,,,,,,,,,,,
291.979993,-,0,0,0,,,,18366.254278,166.226916,414.971563,-163.883959,1701.590527,0.576771,,1872.399509,1.143503,0,98.827426,-0.829234,0,,1,0,0,0,81.172578,-0.829234,0.049425,1,1,-1,13.378829,13.364868,2.831852,-24.625662,15.991167,3.790008,7.57623,5.586727,7.568645,0,19.741849,-6370.970393,60.157765,9.896681,,,0,,,,,,LandingBurn,0,0,18366.254278,163.883959,,,,,,,,,,,,,,,,,,,,,,,,0,None,,,,,,,,,,,,,,,,,,,,,,,,1,0,0,,,0.640172,,,,,,,,,,,,,,,,,,,,,,,
292.239993,-,0,0,0,,,,18323.664875,166.229404,415.941786,-164.04261,1712.668012,0.576642,,1872.399509,1.048818,0,96.879229,-0.81971,0,,1,0,0,0,83.120767,-0.81971,0.009672,1,1,-0.760436,11.969265,11.933833,0.554157,-3.862419,2.507308,3.951319,7.559639,5.585544,7.581386,0,19.701913,-6370.973015,61.137923,10.742844,,,0,,,,,,LandingBurn,0,0,18323.664875,164.042609,,,,,,,,,,,,,,,,,,,,,,,,0,None,,,,,,,,,,,,,,,,,,,,,,,,1,0,0,,,0.639492,,,,,,,,,,,,,,,,,,,,,,,
292.499993,-,0,0,0,,,,18281.05575,166.229627,416.913011,-164.198246,1725.564721,0.576803,,1872.399509,1.029185,0,97.199174,-0.810856,0,,1,0,0,0,82.800827,-0.810856,0.005628,1,1,0.530877,11.504921,11.498571,0.32245,2.788984,-8.769114,4.092866,7.55835,5.593647,7.591502,0,19.6619,-6370.975628,62.152765,11.597719,,,0,,,,,,LandingBurn,0,0,18281.05575,164.198246,,,,,,,,,,,,,,,,,,,,,,,,0,None,,,,,,,,,,,,,,,,,,,,,,,,1,0,0,,,0.638809,,,,,,,,,,,,,,,,,,,,,,,
292.759993,-,0,0,0,,,,18238.434752,166.149188,417.93192,-164.274538,1737.274517,0.576749,,1872.399509,1.065077,0,99.894627,-0.81687,0,,1,0,0,0,80.105376,-0.81687,-0.022132,1,1,1,12.263421,12.259421,-1.268053,14.60783,-18.998692,4.103167,7.572878,5.606245,7.593388,0,19.620532,-6370.978281,63.36357,12.591499,,,0,,,,,,LandingBurn,0,0,18238.434752,164.274538,,,,,,,,,,,,,,,,,,,,,,,,0,None,,,,,,,,,,,,,,,,,,,,,,,,1,0,0,,,0.638123,,,,,,,,,,,,,,,,,,,,,,,
292.999993,-,0,0,0,,,,18195.771481,165.921661,418.860114,-164.188709,1746.691242,0.576302,,1872.399509,1.113877,0,104.163912,-0.846154,0,,1,0,0,0,75.83608,-0.846154,-0.113231,1,1,0.422925,13.809261,13.806099,-6.487655,2.173922,-21.185465,4.013511,7.567519,5.606137,7.599577,0,19.5764,-6370.980706,64.647945,13.617034,,,0,,,,,,LandingBurn,0,0,18195.771481,164.188709,,,,,,,,,,,,,,,,,,,,,,,,0,None,,,,,,,,,,,,,,,,,,,,,,,,1,0,0,,,0.637436,,,,,,,,,,,,,,,,,,,,,,,
293.279993,-,0,0,0,,,,18153.143562,165.46795,419.642785,-163.86576,1751.848349,0.575149,,1872.399509,1.185137,0,109.210577,-0.858712,0,,1,0,0,0,70.789419,-0.858712,-0.236744,1,1,0.682839,15.004945,15.004056,-13.564444,3.294897,-16.783678,3.756999,7.557178,5.590327,7.591487,0,19.528329,-6370.982981,65.917845,14.604505,,,0,,,,,,LandingBurn,0,0,18153.143562,163.86576,,,,,,,,,,,,,,,,,,,,,,,,0,None,,,,,,,,,,,,,,,,,,,,,,,,1,0,0,,,0.63675,,,,,,,,,,,,,,,,,,,,,,,
293.539993,-,0,0,0,,,,18110.654838,164.834899,420.182004,-163.342744,1752.673973,0.573293,,1872.399509,1.245909,0,114.744527,-0.852958,0,,1,0,0,0,65.255478,-0.852958,-0.282536,1,1,-0.495267,15.497437,15.482141,-16.188103,-2.293053,-18.199112,3.62462,7.589222,5.620924,7.590971,0,19.477051,-6370.984925,66.96091,15.397485,,,0,,,,,,LandingBurn,0,0,18110.654838,163.342744,,,,,,,,,,,,,,,,,,,,,,,,0,None,,,,,,,,,,,,,,,,,,,,,,,,1,0,0,,,0.636067,,,,,,,,,,,,,,,,,,,,,,,
293.799993,-,0,0,0,,,,18068.313144,164.1119,420.364189,-162.69694,1750.434654,0.57095,,1872.399509,1.272604,0,120.724439,-0.82174,0,,1,0,0,0,59.275572,-0.82174,-0.247214,1,1,0.132932,15.182179,15.220534,-14.164343,0.670451,-16.14613,3.92761,7.560843,5.591254,7.587655,0,19.423908,-6370.986322,67.473366,15.78148,,,0,,,,,,LandingBurn,0,0,18068.313144,162.69694,,,,,,,,,,,,,,,,,,,,,,,,0,None,,,,,,,,,,,,,,,,,,,,,,,,1,0,0,,,0.635388,,,,,,,,,,,,,,,,,,,,,,,
294.059993,-,0,0,0,,,,18026.148443,163.469376,420.319931,-162.104523,1748.35928,0.568652,,1872.399509,1.250498,0,126.310792,-0.772974,0,,1,0,0,0,53.68922,-0.772974,-0.272798,1,1,-0.740797,14.132599,14.161295,-15.630186,-3.85266,-15.240127,4.046078,7.564294,5.585893,7.576703,0,19.371872,-6370.987247,67.549281,15.838065,,,0,,,,,,LandingBurn,0,0,18026.148443,162.104523,,,,,,,,,,,,,,,,,,,,,,,,0,None,,,,,,,,,,,,,,,,,,,,,,,,1,0,0,,,0.634715,,,,,,,,,,,,,,,,,,,,,,,
294.319993,-,0,0,0,,,,17984.103732,162.966577,420.146572,-161.630747,1748.825261,0.566778,,1872.399509,1.200927,0,130.571259,-0.726093,0,,1,0,0,0,49.428744,-0.726093,-0.168154,1,1,-0.153824,12.956758,12.961844,-9.634508,-0.824189,-14.217307,4.172315,7.562774,5.59106,7.583898,0,19.321952,-6370.987798,67.323134,15.669278,,,0,,,,,,LandingBurn,0,0,17984.103732,161.630747,,,,,,,,,,,,,,,,,,,,,,,,0,None,,,,,,,,,,,,,,,,,,,,,,,,1,0,0,,,0.634046,,,,,,,,,,,,,,,,,,,,,,,
294.579993,-,0,0,0,,,,17942.211525,162.588024,419.911913,-161.267406,1752.050894,0.565363,,1872.399509,1.153085,0,132.992434,-0.699692,0,,1,0,0,0,47.00756,-0.699692,-0.034613,1,1,-0.300298,12.181849,12.135168,-1.983201,-1.629354,-6.766742,4.243002,7.578194,5.614742,7.595113,0,19.27403,-6370.988101,66.926371,15.371474,,,0,,,,,,LandingBurn,0,0,17942.211525,161.267406,,,,,,,,,,,,,,,,,,,,,,,,0,None,,,,,,,,,,,,,,,,,,,,,,,,1,0,0,,,0.633379,,,,,,,,,,,,,,,,,,,,,,,
294.839993,-,0,0,0,,,,17900.37877,162.275785,419.668655,-160.965282,1757.310999,0.56428,,1872.399509,1.122535,0,133.377775,-0.694385,0,,1,0,0,0,46.622233,-0.694385,0.069448,1,1,0.81392,11.86831,11.859403,3.979097,4.406798,-1.214362,4.225189,7.583039,5.603048,7.571828,0,19.2272,-6370.98831,66.481525,15.034976,,,0,,,,,,LandingBurn,0,0,17900.37877,160.965282,,,,,,,,,,,,,,,,,,,,,,,,0,None,,,,,,,,,,,,,,,,,,,,,,,,1,0,0,,,0.632713,,,,,,,,,,,,,,,,,,,,,,,
295.099993,-,0,0,0,,,,17858.641987,161.966984,419.473654,-160.671767,1763.293409,0.563316,,1872.399509,1.113437,0,132.160311,-0.711834,0,,1,0,0,0,47.839682,-0.711834,0.213178,1,1,-0.548951,12.185252,12.149662,12.214215,-2.976609,2.328147,4.223903,7.574231,5.593014,7.575581,0,19.180605,-6370.988604,66.109602,14.751464,,,0,,,,,,LandingBurn,0,0,17858.641987,160.671767,,,,,,,,,,,,,,,,,,,,,,,,0,None,,,,,,,,,,,,,,,,,,,,,,,,1,0,0,,,0.632048,,,,,,,,,,,,,,,,,,,,,,,
295.359993,-,0,0,0,,,,17816.9523,161.571671,419.28732,-160.296579,1768.054414,0.562158,,1872.399509,1.136838,0,128.966899,-0.753985,0,,1,0,0,0,51.0331,-0.753985,0.289956,1,1,0.470245,12.798854,12.851333,16.613234,2.465509,2.713593,4.081582,7.563498,5.589415,7.578564,0,19.132731,-6370.988987,65.79199,14.507743,,,0,,,,,,LandingBurn,0,0,17816.9523,160.296579,,,,,,,,,,,,,,,,,,,,,,,,0,None,,,,,,,,,,,,,,,,,,,,,,,,1,0,0,,,0.631383,,,,,,,,,,,,,,,,,,,,,,,
295.599993,-,0,0,0,,,,17775.399821,161.098258,419.132845,-159.848634,1770.604818,0.560655,,1872.399509,1.168751,0,124.938978,-0.812941,0,,1,0,0,0,55.06101,-0.812941,0.200696,1,1,-0.923193,13.706635,13.71451,11.499021,-4.606689,4.319868,3.902589,7.580593,5.615339,7.594379,0,19.083807,-6370.989466,65.578755,14.343265,,,0,,,,,,LandingBurn,0,0,17775.399821,159.848634,,,,,,,,,,,,,,,,,,,,,,,,0,None,,,,,,,,,,,,,,,,,,,,,,,,1,0,0,,,0.630719,,,,,,,,,,,,,,,,,,,,,,,
295.879993,-,0,0,0,,,,17733.934299,160.620306,419.185504,-159.41296,1772.530875,0.559062,,1872.399509,1.175007,0,120.202103,-0.891454,0,,1,0,0,0,59.797901,-0.891454,0.244682,1,1,-1,14.766316,14.831187,14.019238,-8.02981,9.554368,3.850953,7.560061,5.566857,7.564319,0,19.035201,-6370.990217,65.776549,14.495857,,,0,,,,,,LandingBurn,0,0,17733.934299,159.41296,,,,,,,,,,,,,,,,,,,,,,,,0,None,,,,,,,,,,,,,,,,,,,,,,,,1,0,0,,,0.630056,,,,,,,,,,,,,,,,,,,,,,,
296.139993,-,0,0,0,,,,17692.608183,160.136769,419.47318,-158.991852,1774.455571,0.557478,,1872.399509,1.181585,0,115.2202,-0.961017,0,,1,0,0,0,64.779804,-0.961017,0.235214,1,1,-0.737468,15.928466,15.932592,13.476796,-3.571056,14.352835,3.765796,7.567173,5.583717,7.575686,0,18.986987,-6370.991293,66.449532,15.010671,,,0,,,,,,LandingBurn,0,0,17692.608183,158.991852,,,,,,,,,,,,,,,,,,,,,,,,0,None,,,,,,,,,,,,,,,,,,,,,,,,1,0,0,,,0.629396,,,,,,,,,,,,,,,,,,,,,,,
296.399993,-,0,0,0,,,,17651.376228,159.673639,419.979933,-158.606883,1775.976616,0.55584,,1872.399509,1.192254,0,110.28309,-0.995472,0,,1,0,0,0,69.716897,-0.995472,0.230839,1,1,1,16.6346,16.619045,13.226085,4.609061,12.794466,3.496998,7.553906,5.570599,7.576067,0,18.939476,-6370.992617,67.606926,15.880996,,,0,,,,,,LandingBurn,0,0,17651.376228,158.606883,,,,,,,,,,,,,,,,,,,,,,,,0,None,,,,,,,,,,,,,,,,,,,,,,,,1,0,0,,,0.628738,,,,,,,,,,,,,,,,,,,,,,,
296.659993,-,0,0,0,,,,17610.220263,159.345154,420.705777,-158.363882,1779.578861,0.554534,,1872.399509,1.168687,0,106.821039,-0.992458,0,,1,0,0,0,73.178965,-0.992458,0.054724,1,1,1,16.958773,16.941008,3.135467,8.578046,13.291253,3.316611,7.547568,5.564714,7.575781,0,18.894359,-6370.994039,69.269509,17.100531,,,0,,,,,,LandingBurn,0,0,17610.220263,158.363881,,,,,,,,,,,,,,,,,,,,,,,,0,None,,,,,,,,,,,,,,,,,,,,,,,,1,0,0,,,0.628082,,,,,,,,,,,,,,,,,,,,,,,
296.919993,-,0,0,0,,,,17569.11254,159.13758,421.495597,-158.235384,1786.395272,0.55373,,1872.399509,1.128465,0,104.80274,-0.979736,0,,1,0,0,0,75.197263,-0.979736,-0.108098,1,1,0.393043,17.094969,17.090859,-6.193563,1.765179,16.174225,3.522779,7.582291,5.631916,7.606368,0,18.851154,-6370.995341,71.165435,18.451794,,,0,,,,,,LandingBurn,0,0,17569.11254,158.235384,,,,,,,,,,,,,,,,,,,,,,,,0,None,,,,,,,,,,,,,,,,,,,,,,,,1,0,0,,,0.627429,,,,,,,,,,,,,,,,,,,,,,,
297.179993,-,0,0,0,,,,17528.052458,159.010624,422.384709,-158.185304,1795.000998,0.5532,,1872.399509,1.105856,0,104.595073,-0.977299,0,,1,0,0,0,75.404928,-0.977299,-0.204362,1,1,-1,16.971213,16.982224,-11.709076,-8.587686,14.344667,3.9194,7.564932,5.600963,7.596444,0,18.809263,-6370.996597,73.438698,20.023971,,,0,,,,,,LandingBurn,0,0,17528.052458,158.185304,,,,,,,,,,,,,,,,,,,,,,,,0,None,,,,,,,,,,,,,,,,,,,,,,,,1,0,0,,,0.626776,,,,,,,,,,,,,,,,,,,,,,,
297.419993,-,0,0,0,,,,17486.967198,158.927052,423.283074,-158.173154,1805.360581,0.552933,,1872.399509,1.089883,0,105.466284,-0.970779,0,,1,0,0,0,74.533719,-0.970779,-0.162919,1,1,-1,16.378119,16.396913,-9.334547,-14.906774,6.729012,4.167566,7.563051,5.578965,7.574023,0,18.767969,-6370.997761,75.903601,21.678751,,,0,,,,,,LandingBurn,0,0,17486.967198,158.173154,,,,,,,,,,,,,,,,,,,,,,,,0,None,,,,,,,,,,,,,,,,,,,,,,,,1,0,0,,,0.626123,,,,,,,,,,,,,,,,,,,,,,,
297.699993,-,0,0,0,,,,17445.898305,158.801737,424.124906,-158.114193,1815.505432,0.552624,,1872.399509,1.095953,0,107.571965,-0.944424,0,,1,0,0,0,72.428044,-0.944424,-0.195468,1,1,1,15.827996,15.865785,-11.199473,8.59275,-3.173904,4.309997,7.571362,5.590471,7.577758,0,18.725926,-6370.998845,78.451859,23.344802,,,0,,,,,,LandingBurn,0,0,17445.898305,158.114194,,,,,,,,,,,,,,,,,,,,,,,,0,None,,,,,,,,,,,,,,,,,,,,,,,,1,0,0,,,0.62547,,,,,,,,,,,,,,,,,,,,,,,
297.959993,-,0,0,0,,,,17404.876299,158.570579,424.934799,-157.942093,1823.921937,0.552047,,1872.399509,1.130707,0,111.13504,-0.911009,0,,1,0,0,0,68.864968,-0.911009,-0.199221,1,1,0.015545,15.773396,15.792953,-11.414518,0.085311,-8.261601,4.278495,7.566815,5.597527,7.590245,0,18.682099,-6370.999816,81.28927,25.157951,,,0,,,,,,LandingBurn,0,0,17404.876299,157.942093,,,,,,,,,,,,,,,,,,,,,,,,0,None,,,,,,,,,,,,,,,,,,,,,,,,1,0,0,,,0.624817,,,,,,,,,,,,,,,,,,,,,,,
298.219993,-,0,0,0,,,,17363.874554,158.216197,425.579458,-157.63623,1829.358601,0.551017,,1872.399509,1.169056,0,115.495142,-0.875641,0,,1,0,0,0,64.504858,-0.875641,-0.236312,1,1,0.663379,15.745005,15.745482,-13.539683,3.471339,-7.309577,4.085946,7.586385,5.606313,7.579885,0,18.636141,-6371.000622,83.957431,26.832969,,,0,,,,,,LandingBurn,0,0,17363.874554,157.63623,,,,,,,,,,,,,,,,,,,,,,,,0,None,,,,,,,,,,,,,,,,,,,,,,,,1,0,0,,,0.624165,,,,,,,,,,,,,,,,,,,,,,,
298.479993,-,0,0,0,,,,17322.98996,157.740335,426.012489,-157.198322,1832.012091,0.549574,,1872.399509,1.197313,0,119.609834,-0.846154,0,,1,0,0,0,60.390177,-0.846154,-0.230192,1,1,-0.655244,15.383455,15.345536,-13.189018,-3.511505,-7.693669,4.17422,7.578884,5.592484,7.568884,0,18.588183,-6371.001261,86.202563,28.226875,,,0,,,,,,LandingBurn,0,0,17322.98996,157.198323,,,,,,,,,,,,,,,,,,,,,,,,0,None,,,,,,,,,,,,,,,,,,,,,,,,1,0,0,,,0.623517,,,,,,,,,,,,,,,,,,,,,,,
298.739993,-,0,0,0,,,,17282.233067,157.226391,426.267998,-156.71187,1832.768855,0.547856,,1872.399509,1.209042,0,123.799603,-0.807745,0,,1,0,0,0,56.20041,-0.807745,-0.189293,1,1,-0.359537,14.583469,14.574637,-10.845692,-2.00734,-12.311123,4.35129,7.570036,5.59578,7.586467,0,18.539587,-6371.001731,87.945805,29.302977,,,0,,,,,,LandingBurn,0,0,17282.233067,156.71187,,,,,,,,,,,,,,,,,,,,,,,,0,None,,,,,,,,,,,,,,,,,,,,,,,,1,0,0,,,0.622871,,,,,,,,,,,,,,,,,,,,,,,
298.999993,-,0,0,0,,,,17241.622228,156.700356,426.346458,-156.203714,1832.792125,0.546041,,1872.399509,1.205768,0,127.647395,-0.751909,0,,1,0,0,0,52.35261,-0.751909,-0.197931,1,1,1,13.611656,13.633182,-11.340584,7.459614,-8.766361,4.60912,7.567969,5.591852,7.578692,0,18.490823,-6371.002045,89.061133,29.989856,,,0,,,,,,LandingBurn,0,0,17241.622228,156.203714,,,,,,,,,,,,,,,,,,,,,,,,0,None,,,,,,,,,,,,,,,,,,,,,,,,1,0,0,,,0.62223,,,,,,,,,,,,,,,,,,,,,,,
299.259993,-,0,0,0,,,,17201.121942,156.232687,426.37476,-155.750544,1833.64399,0.544359,,1872.399509,1.185892,0,130.542173,-0.684604,0,,1,0,0,0,49.457831,-0.684604,-0.126949,1,1,1,12.405098,12.405318,-7.273664,8.175617,-1.400669,4.650222,7.553056,5.585928,7.592556,0,18.443063,-6371.0023,89.911096,30.512926,,,0,,,,,,LandingBurn,0,0,17201.121942,155.750544,,,,,,,,,,,,,,,,,,,,,,,,0,None,,,,,,,,,,,,,,,,,,,,,,,,1,0,0,,,0.621592,,,,,,,,,,,,,,,,,,,,,,,
299.519993,-,0,0,0,,,,17160.735793,155.766465,426.333385,-155.30431,1835.121276,0.54278,,1872.399509,1.17617,0,131.309579,-0.644953,0,,1,0,0,0,48.690414,-0.644953,-0.004324,1,1,-0.081428,11.547267,11.542377,-0.247748,-0.48572,1.824678,4.643756,7.565378,5.589525,7.581908,0,18.395556,-6371.002641,90.484891,30.866009,,,0,,,,,,LandingBurn,0,0,17160.735793,155.30431,,,,,,,,,,,,,,,,,,,,,,,,0,None,,,,,,,,,,,,,,,,,,,,,,,,1,0,0,,,0.620957,,,,,,,,,,,,,,,,,,,,,,,
299.779993,-,0,0,0,,,,17120.455566,155.313341,426.274701,-154.86107,1836.445276,0.541187,,1872.399509,1.174427,0,130.026559,-0.664278,0,,1,0,0,0,49.973439,-0.664278,0.167526,1,1,-1,11.511248,11.547689,9.598555,-8.231133,2.311064,4.740347,7.545523,5.584238,7.596742,0,18.348217,-6371.002819,90.973811,31.166918,,,0,,,,,,LandingBurn,0,0,17120.455566,154.861071,,,,,,,,,,,,,,,,,,,,,,,,0,None,,,,,,,,,,,,,,,,,,,,,,,,1,0,0,,,0.620325,,,,,,,,,,,,,,,,,,,,,,,
300.039993,-,0,0,0,,,,17080.313118,154.906021,426.337395,-154.461733,1838.518731,0.539715,,1872.399509,1.161288,0,126.864165,-0.729255,0,,1,0,0,0,53.135843,-0.729255,0.264758,1,1,-0.640268,12.513156,12.545735,15.169518,-4.016257,2.048527,4.86807,7.563468,5.57207,7.565793,0,18.301729,-6371.002964,91.938231,31.76083,,,0,,,,,,LandingBurn,0,0,17080.313118,154.461733,,,,,,,,,,,,,,,,,,,,,,,,0,None,,,,,,,,,,,,,,,,,,,,,,,,1,0,0,,,0.619694,,,,,,,,,,,,,,,,,,,,,,,
300.299993,-,0,0,0,,,,17040.235323,154.507817,426.549984,-154.078354,1841.293724,0.538352,,1872.399509,1.157597,0,122.979282,-0.816615,0,,1,0,0,0,57.02073,-0.816615,0.30735,1,1,-1,14.25858,14.283919,17.609837,-7.494108,-0.844059,4.713716,7.563408,5.589121,7.582726,0,18.25558,-6371.003216,93.613798,32.794836,,,0,,,,,,LandingBurn,0,0,17040.235323,154.078354,,,,,,,,,,,,,,,,,,,,,,,,0,None,,,,,,,,,,,,,,,,,,,,,,,,1,0,0,,,0.619065,,,,,,,,,,,,,,,,,,,,,,,
300.559993,-,0,0,0,,,,17000.272224,154.092655,426.836643,-153.68112,1843.651768,0.536937,,1872.399509,1.16918,0,119.670773,-0.894531,0,,1,0,0,0,60.329225,-0.894531,0.301882,1,1,0.336052,16.081793,16.124711,17.296577,1.998061,-5.49063,4.611467,7.5617,5.56873,7.561014,0,18.209344,-6371.003517,95.751932,34.121205,,,0,,,,,,LandingBurn,0,0,17000.272224,153.681121,,,,,,,,,,,,,,,,,,,,,,,,0,None,,,,,,,,,,,,,,,,,,,,,,,,1,0,0,,,0.618438,,,,,,,,,,,,,,,,,,,,,,,
300.819993,-,0,0,0,,,,16960.432782,153.726577,427.198284,-153.330651,1846.246904,0.535563,,1872.399509,1.163829,0,116.921575,-0.944081,0,,1,0,0,0,63.078423,-0.944081,0.171871,1,1,1,17.608273,17.601464,9.847464,11.856356,-2.665032,4.538306,7.573888,5.603196,7.587153,0,18.163972,-6371.003777,98.25244,35.68786,,,0,,,,,,LandingBurn,0,0,16960.432782,153.330652,,,,,,,,,,,,,,,,,,,,,,,,0,None,,,,,,,,,,,,,,,,,,,,,,,,1,0,0,,,0.617812,,,,,,,,,,,,,,,,,,,,,,,
301.079993,-,0,0,0,,,,16920.645923,153.428988,427.68436,-153.045579,1850.734195,0.53447,,1872.399509,1.145841,0,114.800152,-0.971323,0,,1,0,0,0,65.199863,-0.971323,0.121712,1,1,0.953814,18.277745,18.264275,6.973559,5.189753,1.196489,4.243735,7.572824,5.599964,7.583442,0,18.1197,-6371.003985,101.326448,37.647417,,,0,,,,,,LandingBurn,0,0,16920.645923,153.045579,,,,,,,,,,,,,,,,,,,,,,,,0,None,,,,,,,,,,,,,,,,,,,,,,,,1,0,0,,,0.617188,,,,,,,,,,,,,,,,,,,,,,,
301.319993,-,0,0,0,,,,16880.942563,153.155215,428.233036,-152.780112,1855.976616,0.533488,,1872.399509,1.142379,0,113.332647,-0.99634,0,,1,0,0,0,66.667358,-0.99634,0.121186,1,1,-1,18.556904,18.531104,6.943425,-6.804781,-0.008629,3.950076,7.555143,5.590095,7.594542,0,18.075821,-6371.004126,104.738521,39.883221,,,0,,,,,,LandingBurn,0,0,16880.942563,152.780112,,,,,,,,,,,,,,,,,,,,,,,,0,None,,,,,,,,,,,,,,,,,,,,,,,,1,0,0,,,0.616565,,,,,,,,,,,,,,,,,,,,,,,
301.599993,-,0,0,0,,,,16841.304809,152.89624,428.805048,-152.525597,1861.486045,0.532548,,1872.399509,1.140092,0,113.352693,-0.992663,0,,1,0,0,0,66.647311,-0.992663,-0.009124,1,1,-0.301713,18.654697,18.653802,-0.522765,-1.431926,-2.129387,3.70064,7.565911,5.59848,7.589417,0,18.032192,-6371.004206,108.289044,42.301854,,,0,,,,,,LandingBurn,0,0,16841.304809,152.525596,,,,,,,,,,,,,,,,,,,,,,,,0,None,,,,,,,,,,,,,,,,,,,,,,,,1,0,0,,,0.615943,,,,,,,,,,,,,,,,,,,,,,,
301.859993,-,0,0,0,,,,16801.739959,152.662289,429.375302,-152.290349,1867.736449,0.531715,,1872.399509,1.131751,0,114.573128,-0.968869,0,,1,0,0,0,65.426876,-0.968869,-0.105755,1,1,0.964271,18.78679,18.771766,-6.059309,4.608837,-1.502911,3.738776,7.598403,5.616387,7.579926,0,17.988936,-6371.004194,111.730357,44.76421,,,0,,,,,,LandingBurn,0,0,16801.739959,152.290348,,,,,,,,,,,,,,,,,,,,,,,,0,None,,,,,,,,,,,,,,,,,,,,,,,,1,0,0,,,0.615322,,,,,,,,,,,,,,,,,,,,,,,
302.119993,-,0,0,0,,,,16762.202302,152.382512,429.845273,-152.006265,1873.67519,0.530838,,1872.399509,1.134852,0,116.453332,-0.942354,0,,1,0,0,0,63.546676,-0.942354,-0.217492,1,1,-0.436413,18.893418,18.88445,-12.461402,-2.245929,1.385648,3.993201,7.552752,5.571123,7.572029,0,17.944966,-6371.004138,114.690951,47.001301,,,0,,,,,,LandingBurn,0,0,16762.202302,152.006265,,,,,,,,,,,,,,,,,,,,,,,,0,None,,,,,,,,,,,,,,,,,,,,,,,,1,0,0,,,0.614702,,,,,,,,,,,,,,,,,,,,,,,
302.379993,-,0,0,0,,,,16722.777297,152.099265,430.32155,-151.715408,1878.289673,0.529778,,1872.399509,1.143318,0,118.356146,-0.935677,0,,1,0,0,0,61.643849,-0.935677,-0.232838,1,1,-1,18.75108,18.709241,-13.340633,-14.536263,2.351656,4.366089,7.562553,5.59169,7.588259,0,17.900999,-6371.004031,117.609953,49.341027,,,0,,,,,,LandingBurn,0,0,16722.777297,151.715408,,,,,,,,,,,,,,,,,,,,,,,,0,None,,,,,,,,,,,,,,,,,,,,,,,,1,0,0,,,0.614084,,,,,,,,,,,,,,,,,,,,,,,
302.639993,-,0,0,0,,,,16683.389343,151.893302,430.760945,-151.500273,1884.488738,0.528943,,1872.399509,1.116702,0,120.721836,-0.921029,0,,1,0,0,0,59.278169,-0.921029,-0.25545,1,1,-1,18.11819,18.06512,-14.636189,-8.537319,3.942757,4.566715,7.556916,5.571958,7.573625,0,17.85826,-6371.003897,120.124146,51.486437,,,0,,,,,,LandingBurn,0,0,16683.389343,151.500272,,,,,,,,,,,,,,,,,,,,,,,,0,None,,,,,,,,,,,,,,,,,,,,,,,,1,0,0,,,0.613469,,,,,,,,,,,,,,,,,,,,,,,
302.879993,-,0,0,0,,,,16644.074456,151.657265,431.138284,-151.254484,1891.476126,0.528219,,1872.399509,1.107723,0,123.339963,-0.878661,0,,1,0,0,0,56.660028,-0.878661,-0.250986,1,1,0.214564,17.095959,17.067188,-14.380443,1.288389,-3.629549,4.68564,7.571606,5.602705,7.587254,0,17.815124,-6371.003755,122.338748,53.496151,,,0,,,,,,LandingBurn,0,0,16644.074456,151.254484,,,,,,,,,,,,,,,,,,,,,,,,0,None,,,,,,,,,,,,,,,,,,,,,,,,1,0,0,,,0.612855,,,,,,,,,,,,,,,,,,,,,,,
303.159993,-,0,0,0,,,,16604.865957,151.29661,431.374618,-150.884028,1895.765314,0.527122,,1872.399509,1.143584,0,126.005945,-0.829959,0,,1,0,0,0,53.994059,-0.829959,-0.165797,1,1,0.053833,16.021293,16.024891,-9.499494,0.338059,-6.42769,4.895064,7.570344,5.596741,7.583499,0,17.770171,-6371.003619,124.018973,55.108774,,,0,,,,,,LandingBurn,0,0,16604.865957,150.884028,,,,,,,,,,,,,,,,,,,,,,,,0,None,,,,,,,,,,,,,,,,,,,,,,,,1,0,0,,,0.612242,,,,,,,,,,,,,,,,,,,,,,,
303.419993,-,0,0,0,,,,16565.748149,150.884901,431.443177,-150.464852,1897.664104,0.5257,,1872.399509,1.16319,0,127.842728,-0.806203,0,,1,0,0,0,52.157267,-0.806203,-0.011721,1,1,-0.412678,15.328463,15.364374,-0.671554,-2.666565,-9.746664,5.024187,7.559314,5.58271,7.584075,0,17.724569,-6371.003521,124.955763,56.045095,,,0,,,,,,LandingBurn,0,0,16565.748149,150.464851,,,,,,,,,,,,,,,,,,,,,,,,0,None,,,,,,,,,,,,,,,,,,,,,,,,1,0,0,,,0.611632,,,,,,,,,,,,,,,,,,,,,,,
303.679993,-,0,0,0,,,,16526.712314,150.498565,431.465912,-150.072619,1899.624777,0.524293,,1872.399509,1.155898,0,128.402783,-0.810404,0,,1,0,0,0,51.597219,-0.810404,0.013116,1,1,0.458033,15.298944,15.294599,0.751487,3.025726,-5.137027,5.134036,7.570939,5.580151,7.568088,0,17.679484,-6371.003448,125.64772,56.755371,,,0,,,,,,LandingBurn,0,0,16526.712314,150.072619,,,,,,,,,,,,,,,,,,,,,,,,0,None,,,,,,,,,,,,,,,,,,,,,,,,1,0,0,,,0.611025,,,,,,,,,,,,,,,,,,,,,,,
303.919993,-,0,0,0,,,,16487.807085,150.138311,431.482633,-149.707749,1902.131074,0.52297,,1872.399509,1.144369,0,127.742352,-0.840378,0,,1,0,0,0,52.257651,-0.840378,0.182629,1,1,-0.309296,15.746452,15.810898,10.463862,-2.069456,-3.086065,5.184634,7.557647,5.563605,7.568713,0,17.634961,-6371.003393,126.310032,57.45102,,,0,,,,,,LandingBurn,0,0,16487.807085,149.707748,,,,,,,,,,,,,,,,,,,,,,,,0,None,,,,,,,,,,,,,,,,,,,,,,,,1,0,0,,,0.61042,,,,,,,,,,,,,,,,,,,,,,,
304.199993,-,0,0,0,,,,16448.97087,149.771912,431.550875,-149.336913,1904.986278,0.521702,,1872.399509,1.143775,0,126.246382,-0.886989,0,,1,0,0,0,53.753622,-0.886989,0.136262,1,1,0.607386,16.668474,16.723507,7.80722,4.004143,-0.658757,5.115592,7.545162,5.571486,7.579834,0,17.59044,-6371.003341,127.295512,58.516631,,,0,,,,,,LandingBurn,0,0,16448.97087,149.336913,,,,,,,,,,,,,,,,,,,,,,,,0,None,,,,,,,,,,,,,,,,,,,,,,,,1,0,0,,,0.609816,,,,,,,,,,,,,,,,,,,,,,,
304.459993,-,0,0,0,,,,16410.271619,149.442519,431.667761,-149.001565,1907.659324,0.520416,,1872.399509,1.139844,0,124.632827,-0.919526,0,,1,0,0,0,55.367172,-0.919526,0.094031,1,1,0.051763,17.659069,17.624158,5.387602,0.335969,5.374928,5.071401,7.569572,5.610106,7.597251,0,17.5466,-6371.003265,128.414309,59.774283,,,0,,,,,,LandingBurn,0,0,16410.271619,149.001565,,,,,,,,,,,,,,,,,,,,,,,,0,None,,,,,,,,,,,,,,,,,,,,,,,,1,0,0,,,0.609215,,,,,,,,,,,,,,,,,,,,,,,
304.699993,-,0,0,0,,,,16371.632003,149.113097,431.827128,-148.663757,1911.359994,0.519276,,1872.399509,1.133351,0,122.506106,-0.947995,0,,1,0,0,0,57.493886,-0.947995,0.083324,1,1,-0.771202,18.28262,18.260724,4.774115,-4.922225,10.135721,4.940994,7.54979,5.558288,7.566003,0,17.502801,-6371.003152,129.66453,61.246141,,,0,,,,,,LandingBurn,0,0,16371.632003,148.663757,,,,,,,,,,,,,,,,,,,,,,,,0,None,,,,,,,,,,,,,,,,,,,,,,,,1,0,0,,,0.608616,,,,,,,,,,,,,,,,,,,,,,,
304.979993,-,0,0,0,,,,16333.069255,148.801944,432.105212,-148.338352,1914.780604,0.518103,,1872.399509,1.139752,0,120.410541,-0.967108,0,,1,0,0,0,59.589468,-0.967108,0.061983,1,1,0.268479,18.647514,18.656003,3.551367,1.68462,9.264087,4.886212,7.568386,5.59114,7.577456,0,17.459279,-6371.00295,131.277868,63.262643,,,0,,,,,,LandingBurn,0,0,16333.069255,148.338351,,,,,,,,,,,,,,,,,,,,,,,,0,None,,,,,,,,,,,,,,,,,,,,,,,,1,0,0,,,0.608019,,,,,,,,,,,,,,,,,,,,,,,
305.239993,-,0,0,0,,,,16294.595149,148.541418,432.497803,-148.056375,1919.223898,0.517074,,1872.399509,1.133654,0,118.498278,-0.979632,0,,1,0,0,0,61.501728,-0.979632,0.005877,1,1,0.200754,18.805559,18.773705,0.336747,1.211896,10.14652,4.684979,7.558281,5.572191,7.574616,0,17.416506,-6371.002638,133.081667,65.699118,,,0,,,,,,LandingBurn,0,0,16294.595149,148.056375,,,,,,,,,,,,,,,,,,,,,,,,0,None,,,,,,,,,,,,,,,,,,,,,,,,1,0,0,,,0.607424,,,,,,,,,,,,,,,,,,,,,,,
305.499993,-,0,0,0,,,,16256.191875,148.354866,433.019034,-147.838633,1925.217375,0.516256,,1872.399509,1.119597,0,117.300857,-0.962909,0,,1,0,0,0,62.699147,-0.962909,-0.023298,1,1,1,18.604003,18.57746,-1.334851,7.864394,6.356688,4.550301,7.554114,5.578491,7.581179,0,17.374795,-6371.002175,134.96561,68.490578,,,0,,,,,,LandingBurn,0,0,16256.191875,147.838633,,,,,,,,,,,,,,,,,,,,,,,,0,None,,,,,,,,,,,,,,,,,,,,,,,,1,0,0,,,0.60683,,,,,,,,,,,,,,,,,,,,,,,
305.759993,-,0,0,0,,,,16217.819781,148.203344,433.615826,-147.646833,1932.869132,0.51566,,1872.399509,1.111092,0,116.947421,-0.936953,0,,1,0,0,0,63.052579,-0.936953,-0.075228,1,1,0.10213,18.238599,18.258962,-4.310256,0.590467,8.287685,4.499588,7.570623,5.587923,7.57228,0,17.33351,-6371.001574,136.737411,71.399202,,,0,,,,,,LandingBurn,0,0,16217.819781,147.646833,,,,,,,,,,,,,,,,,,,,,,,,0,None,,,,,,,,,,,,,,,,,,,,,,,,1,0,0,,,0.606237,,,,,,,,,,,,,,,,,,,,,,,
306.019993,-,0,0,0,,,,16179.527052,148.046564,434.223825,-147.443541,1940.249648,0.515029,,1872.399509,1.114593,0,116.475088,-0.941303,0,,1,0,0,0,63.524911,-0.941303,0.03819,1,1,-1,17.892013,17.851699,2.18812,-13.211244,3.554086,4.621279,7.570397,5.600102,7.585786,0,17.292133,-6371.000881,138.273234,74.197233,,,0,,,,,,LandingBurn,0,0,16179.527052,147.443541,,,,,,,,,,,,,,,,,,,,,,,,0,None,,,,,,,,,,,,,,,,,,,,,,,,1,0,0,,,0.605644,,,,,,,,,,,,,,,,,,,,,,,
306.279993,-,0,0,0,,,,16141.244784,148.033828,434.880836,-147.380738,1950.196717,0.514734,,1872.399509,1.079373,0,116.181465,-0.974804,0,,1,0,0,0,63.81855,-0.974804,0.056959,1,1,-1,17.965746,17.858254,3.263515,-14.982362,-6.756114,4.762531,7.559011,5.566758,7.562461,0,17.252893,-6371.000127,139.624791,76.924878,,,0,,,,,,LandingBurn,0,0,16141.244784,147.380738,,,,,,,,,,,,,,,,,,,,,,,,0,None,,,,,,,,,,,,,,,,,,,,,,,,1,0,0,,,0.605051,,,,,,,,,,,,,,,,,,,,,,,
306.519993,-,0,0,0,,,,16102.972918,148.007323,435.518582,-147.30338,1961.839542,0.514655,,1872.399509,1.064358,0,117.385609,-0.972263,0,,1,0,0,0,62.614392,-0.972263,-0.025588,1,1,1,18.436227,18.436226,-1.466081,16.144009,-9.96207,4.76367,7.558126,5.603028,7.602586,0,17.213436,-6370.999362,140.893735,79.768764,,,0,,,,,,LandingBurn,0,0,16102.972918,147.303379,,,,,,,,,,,,,,,,,,,,,,,,0,None,,,,,,,,,,,,,,,,,,,,,,,,1,0,0,,,0.604458,,,,,,,,,,,,,,,,,,,,,,,
306.779993,-,0,0,0,,,,16064.742554,147.888018,436.07145,-147.13259,1971.483305,0.514309,,1872.399509,1.091304,0,119.965121,-0.944958,0,,1,0,0,0,60.034883,-0.944958,-0.138061,1,1,1,18.973203,18.994057,-7.910323,11.033429,-13.159471,4.674466,7.573073,5.609609,7.594995,0,17.172616,-6370.998595,141.884684,82.227517,,,0,,,,,,LandingBurn,0,0,16064.742554,147.13259,,,,,,,,,,,,,,,,,,,,,,,,0,None,,,,,,,,,,,,,,,,,,,,,,,,1,0,0,,,0.603864,,,,,,,,,,,,,,,,,,,,,,,
307.059993,-,0,0,0,,,,16026.55461,147.669124,436.419785,-146.875171,1978.753125,0.513651,,1872.399509,1.108859,0,122.480163,-0.920047,0,,1,0,0,0,57.519846,-0.920047,-0.181777,1,1,1,19.188642,19.193529,-10.415035,9.08525,-4.776286,4.906553,7.564562,5.592592,7.585224,0,17.130542,-6370.998033,142.568662,84.073908,,,0,,,,,,LandingBurn,0,0,16026.55461,146.875171,,,,,,,,,,,,,,,,,,,,,,,,0,None,,,,,,,,,,,,,,,,,,,,,,,,1,0,0,,,0.603271,,,,,,,,,,,,,,,,,,,,,,,
307.319993,-,0,0,0,,,,15988.464042,147.422078,436.784908,-146.584671,1983.592578,0.512681,,1872.399509,1.128506,0,124.420417,-0.926828,0,,1,0,0,0,55.579585,-0.926828,-0.11288,1,1,-1,18.969901,18.952257,-6.467524,-18.902256,-2.41989,5.161647,7.561218,5.583736,7.576926,0,17.088081,-6370.997401,143.211201,85.941784,,,0,,,,,,LandingBurn,0,0,15988.464042,146.584671,,,,,,,,,,,,,,,,,,,,,,,,0,None,,,,,,,,,,,,,,,,,,,,,,,,1,0,0,,,0.602681,,,,,,,,,,,,,,,,,,,,,,,
307.579993,-,0,0,0,,,,15950.432886,147.241392,437.126337,-146.362917,1989.889802,0.511901,,1872.399509,1.107528,0,125.830479,-0.938958,0,,1,0,0,0,54.169534,-0.938958,-0.021242,1,1,-1,18.770924,18.718276,-1.217062,-8.744284,-5.581645,5.244551,7.567245,5.602072,7.589676,0,17.04671,-6370.996802,143.714499,87.510974,,,0,,,,,,LandingBurn,0,0,15950.432886,146.362917,,,,,,,,,,,,,,,,,,,,,,,,0,None,,,,,,,,,,,,,,,,,,,,,,,,1,0,0,,,0.602094,,,,,,,,,,,,,,,,,,,,,,,
307.819993,-,0,0,0,,,,15912.471442,146.996323,437.376761,-146.084882,1996.283072,0.511136,,1872.399509,1.108665,0,126.898713,-0.955001,0,,1,0,0,0,53.101279,-0.955001,-0.026277,1,1,-0.766001,18.879125,18.829479,-1.505572,-5.229709,-9.883204,5.323455,7.568193,5.598416,7.589634,0,17.004569,-6370.996331,144.22549,89.216427,,,0,,,,,,LandingBurn,0,0,15912.471442,146.084883,,,,,,,,,,,,,,,,,,,,,,,,0,None,,,,,,,,,,,,,,,,,,,,,,,,1,0,0,,,0.601508,,,,,,,,,,,,,,,,,,,,,,,
308.099993,-,0,0,0,,,,15874.577988,146.661164,437.536922,-145.722609,1999.459232,0.509962,,1872.399509,1.142268,0,128.214055,-0.948756,0,,1,0,0,0,51.785953,-0.948756,0.024379,1,1,1,18.966646,18.952327,1.396802,9.683331,-11.982144,5.512596,7.563972,5.587756,7.585327,0,16.961251,-6370.995958,144.692227,90.890601,,,0,,,,,,LandingBurn,0,0,15874.577988,145.722609,,,,,,,,,,,,,,,,,,,,,,,,0,None,,,,,,,,,,,,,,,,,,,,,,,,1,0,0,,,0.600925,,,,,,,,,,,,,,,,,,,,,,,
308.359993,-,0,0,0,,,,15836.78047,146.393295,437.63348,-145.43466,2002.779766,0.508814,,1872.399509,1.124197,0,129.472706,-0.924406,0,,1,0,0,0,50.52731,-0.924406,-0.019702,1,1,1,18.944978,19.044385,-1.128843,17.220379,-8.354779,5.527595,7.565835,5.5776,7.571122,0,16.919152,-6370.995685,144.967403,91.938304,,,0,,,,,,LandingBurn,0,0,15836.78047,145.43466,,,,,,,,,,,,,,,,,,,,,,,,0,None,,,,,,,,,,,,,,,,,,,,,,,,1,0,0,,,0.600345,,,,,,,,,,,,,,,,,,,,,,,
308.619993,-,0,0,0,,,,15799.058775,146.156971,437.709436,-145.180971,2008.305222,0.50795,,1872.399509,1.099486,0,130.265706,-0.892998,0,,1,0,0,0,49.734289,-0.892998,-0.106573,1,1,1,18.934878,18.973891,-6.106175,15.041909,1.129186,5.563559,7.556327,5.57233,7.573096,0,16.877644,-6370.995451,145.18007,92.783018,,,0,,,,,,LandingBurn,0,0,15799.058775,145.180972,,,,,,,,,,,,,,,,,,,,,,,,0,None,,,,,,,,,,,,,,,,,,,,,,,,1,0,0,,,0.599768,,,,,,,,,,,,,,,,,,,,,,,
308.879993,-,0,0,0,,,,15761.398121,145.753546,437.642388,-144.769685,2010.786058,0.506705,,1872.399509,1.141175,0,129.858185,-0.885976,0,,1,0,0,0,50.141822,-0.885976,0.024008,1,1,-1,18.885709,18.872905,1.375585,-15.235287,10.671061,5.490166,7.555551,5.575469,7.578571,0,16.833869,-6370.995375,145.354594,93.501321,,,0,,,,,,LandingBurn,0,0,15761.398121,144.769685,,,,,,,,,,,,,,,,,,,,,,,,0,None,,,,,,,,,,,,,,,,,,,,,,,,1,0,0,,,0.599192,,,,,,,,,,,,,,,,,,,,,,,
309.139993,-,0,0,0,,,,15723.855844,145.40761,437.675337,-144.405381,2011.270323,0.505217,,1872.399509,1.151783,0,127.932562,-0.931695,0,,1,0,0,0,52.067447,-0.931695,0.063726,1,1,-1,19.092977,19.072562,3.651244,-28.924393,11.557435,5.627962,7.557972,5.590164,7.592024,0,16.790917,-6370.995138,145.527292,94.2364,,,0,,,,,,LandingBurn,0,0,15723.855844,144.405381,,,,,,,,,,,,,,,,,,,,,,,,0,None,,,,,,,,,,,,,,,,,,,,,,,,1,0,0,,,0.59862,,,,,,,,,,,,,,,,,,,,,,,
309.399993,-,0,0,0,,,,15686.393117,145.269559,437.973848,-144.227212,2016.743443,0.504361,,1872.399509,1.095241,0,125.198317,-1.005371,0,,1,0,0,0,54.801685,-1.005371,0.124017,1,1,-1,19.514842,19.51768,7.105643,-26.571512,7.323857,5.572619,7.553194,5.573019,7.579996,0,16.750807,-6370.99456,145.850193,95.683352,,,0,,,,,,LandingBurn,0,0,15686.393117,144.227212,,,,,,,,,,,,,,,,,,,,,,,,0,None,,,,,,,,,,,,,,,,,,,,,,,,1,0,0,,,0.598051,,,,,,,,,,,,,,,,,,,,,,,
309.659993,-,0,0,0,,,,15648.965711,145.170076,438.33655,-144.083707,2025.55694,0.503923,,1872.399509,1.072124,0,122.538159,-1.070603,0,,1,0,0,0,57.461855,-1.070603,0.160792,1,1,-1,20.220584,20.119587,9.212722,-12.778606,1.046725,5.286645,7.549937,5.56712,7.580611,0,16.711248,-6370.993922,146.314043,97.960161,,,0,,,,,,LandingBurn,0,0,15648.965711,144.083707,,,,,,,,,,,,,,,,,,,,,,,,0,None,,,,,,,,,,,,,,,,,,,,,,,,1,0,0,,,0.597482,,,,,,,,,,,,,,,,,,,,,,,
309.919993,-,0,0,0,,,,15611.587463,144.998204,438.713971,-143.863655,2032.944681,0.503307,,1872.399509,1.102692,0,120.699046,-1.098896,0,,1,0,0,0,59.30096,-1.098896,0.094021,1,1,1,20.724581,20.72667,5.387014,12.149061,-0.294621,4.911078,7.55969,5.593089,7.590261,0,16.670619,-6370.993232,146.875682,101.139983,,,0,,,,,,LandingBurn,0,0,15611.587463,143.863655,,,,,,,,,,,,,,,,,,,,,,,,0,None,,,,,,,,,,,,,,,,,,,,,,,,1,0,0,,,0.596913,,,,,,,,,,,,,,,,,,,,,,,
310.179993,-,0,0,0,,,,15574.238475,144.955444,439.216307,-143.757546,2041.499908,0.502834,,1872.399509,1.090888,0,119.887441,-1.095971,0,,1,0,0,0,60.112566,-1.095971,-0.0182,1,1,1,21.207385,21.289858,-1.042784,27.562874,-5.122177,4.803154,7.559477,5.587638,7.583333,0,16.631698,-6370.992305,147.30309,104.026006,,,0,,,,,,LandingBurn,0,0,15574.238475,143.757545,,,,,,,,,,,,,,,,,,,,,,,,0,None,,,,,,,,,,,,,,,,,,,,,,,,1,0,0,,,0.596345,,,,,,,,,,,,,,,,,,,,,,,
310.439993,-,0,0,0,,,,15536.924642,144.962913,439.654512,-143.70744,2053.344017,0.502761,,1872.399509,1.04582,0,120.750957,-1.061779,0,,1,0,0,0,59.249054,-1.061779,-0.108856,1,1,1,21.523146,21.606457,-6.236985,20.322878,-1.575305,4.827903,7.566109,5.603792,7.59653,0,16.593629,-6370.991457,147.541992,105.911991,,,0,,,,,,LandingBurn,0,0,15536.924642,143.707439,,,,,,,,,,,,,,,,,,,,,,,,0,None,,,,,,,,,,,,,,,,,,,,,,,,1,0,0,,,0.595778,,,,,,,,,,,,,,,,,,,,,,,
310.699993,-,0,0,0,,,,15499.628012,144.814201,440.014615,-143.500938,2062.764979,0.502386,,1872.399509,1.07908,0,122.085572,-1.037832,0,,1,0,0,0,57.91442,-1.037832,-0.157092,1,1,0.042171,21.515593,21.535193,-9.000711,0.270807,3.12711,4.988974,7.567279,5.578118,7.570228,0,16.553287,-6370.990628,147.723595,107.542162,,,0,,,,,,LandingBurn,0,0,15499.628012,143.500938,,,,,,,,,,,,,,,,,,,,,,,,0,None,,,,,,,,,,,,,,,,,,,,,,,,1,0,0,,,0.59521,,,,,,,,,,,,,,,,,,,,,,,
310.959993,-,0,0,0,,,,15462.394982,144.629244,440.436499,-143.244617,2068.8227,0.501602,,1872.399509,1.118733,0,123.657437,-1.025589,0,,1,0,0,0,56.342584,-1.025589,-0.141214,1,1,-1,21.260255,21.18323,-8.09095,-14.256499,1.767825,5.152705,7.557934,5.598596,7.598089,0,16.512284,-6370.989607,147.886267,109.212271,,,0,,,,,,LandingBurn,0,0,15462.394982,143.244617,,,,,,,,,,,,,,,,,,,,,,,,0,None,,,,,,,,,,,,,,,,,,,,,,,,1,0,0,,,0.594645,,,,,,,,,,,,,,,,,,,,,,,
311.219993,-,0,0,0,,,,15425.234691,144.51308,440.830626,-143.062379,2076.343016,0.500997,,1872.399509,1.098092,0,125.229682,-1.019803,0,,1,0,0,0,54.770315,-1.019803,-0.073739,1,1,-1,20.789699,20.6562,-4.224959,-11.619886,-4.716559,5.284513,7.566747,5.595383,7.589133,0,16.472437,-6370.988656,147.998625,110.535034,,,0,,,,,,LandingBurn,0,0,15425.234691,143.06238,,,,,,,,,,,,,,,,,,,,,,,,0,None,,,,,,,,,,,,,,,,,,,,,,,,1,0,0,,,0.594082,,,,,,,,,,,,,,,,,,,,,,,
311.479993,-,0,0,0,,,,15388.118772,144.303061,441.114245,-142.796833,2083.787254,0.500383,,1872.399509,1.103558,0,126.245765,-1.030592,0,,1,0,0,0,53.754236,-1.030592,-0.000647,1,1,0.259142,20.822791,20.755432,-0.037076,1.85842,-16.073132,5.58435,7.576083,5.590959,7.571245,0,16.431429,-6370.987876,148.11304,112.099911,,,0,,,,,,LandingBurn,0,0,15388.118772,142.796833,,,,,,,,,,,,,,,,,,,,,,,,0,None,,,,,,,,,,,,,,,,,,,,,,,,1,0,0,,,0.593521,,,,,,,,,,,,,,,,,,,,,,,
311.739993,-,0,0,0,,,,15351.093622,144.004689,441.315738,-142.449036,2086.961416,0.49926,,1872.399509,1.142895,0,127.032048,-1.039064,0,,1,0,0,0,52.967968,-1.039064,0.06033,1,1,1,21.299885,21.298814,3.456664,18.462971,-16.69849,5.72726,7.546876,5.568519,7.576515,0,16.389317,-6370.987201,148.206592,113.644969,,,0,,,,,,LandingBurn,0,0,15351.093622,142.449036,,,,,,,,,,,,,,,,,,,,,,,,0,None,,,,,,,,,,,,,,,,,,,,,,,,1,0,0,,,0.592962,,,,,,,,,,,,,,,,,,,,,,,
311.999993,-,0,0,0,,,,15314.13323,143.78796,441.450895,-142.197182,2091.079067,0.498254,,1872.399509,1.114034,0,128.431721,-1.019976,0,,1,0,0,0,51.568284,-1.019976,-0.03011,1,1,1,21.618748,21.572758,-1.725195,17.496834,-11.730224,5.62073,7.569503,5.581741,7.568878,0,16.348674,-6370.986725,148.260431,114.720062,,,0,,,,,,LandingBurn,0,0,15314.13323,142.197182,,,,,,,,,,,,,,,,,,,,,,,,0,None,,,,,,,,,,,,,,,,,,,,,,,,1,0,0,,,0.592407,,,,,,,,,,,,,,,,,,,,,,,
312.259993,-,0,0,0,,,,15277.253922,143.509025,441.454627,-141.899943,2095.976272,0.497346,,1872.399509,1.106693,0,130.887005,-0.963231,0,,1,0,0,0,49.113006,-0.963231,-0.197273,1,1,1,21.243001,21.166616,-11.302885,15.491079,-7.958174,5.33003,7.566087,5.59628,7.58506,0,16.307464,-6370.986505,148.290804,115.426232,,,0,,,,,,LandingBurn,0,0,15277.253922,141.899944,,,,,,,,,,,,,,,,,,,,,,,,0,None,,,,,,,,,,,,,,,,,,,,,,,,1,0,0,,,0.591853,,,,,,,,,,,,,,,,,,,,,,,
312.519993,-,0,0,0,,,,15240.457557,143.048242,441.251648,-141.443045,2096.000553,0.495866,,1872.399509,1.159376,0,132.948825,-0.916553,0,,1,0,0,0,47.051183,-0.916553,-0.112038,1,1,-0.498316,20.496432,20.499633,-6.419313,-3.41283,-0.174606,5.317813,7.557789,5.574974,7.573736,0,16.264031,-6370.986637,148.304954,115.791091,,,0,,,,,,LandingBurn,0,0,15240.457557,141.443046,,,,,,,,,,,,,,,,,,,,,,,,0,None,,,,,,,,,,,,,,,,,,,,,,,,1,0,0,,,0.591303,,,,,,,,,,,,,,,,,,,,,,,
312.779993,-,0,0,0,,,,15203.787567,142.654551,441.06037,-141.055495,2094.098519,0.494169,,1872.399509,1.161823,0,133.166198,-0.92555,0,,1,0,0,0,46.833814,-0.92555,-0.061609,1,1,-1,20.103044,20.12048,-3.529938,-22.375446,6.681994,5.419506,7.5712,5.597607,7.585652,0,16.221743,-6370.986791,148.311949,115.982278,,,0,,,,,,LandingBurn,0,0,15203.787567,141.055494,,,,,,,,,,,,,,,,,,,,,,,,0,None,,,,,,,,,,,,,,,,,,,,,,,,1,0,0,,,0.590759,,,,,,,,,,,,,,,,,,,,,,,
313.039993,-,0,0,0,,,,15167.196835,142.489406,441.1081,-140.871538,2097.858186,0.493147,,1872.399509,1.091658,0,131.662353,-0.973926,0,,1,0,0,0,48.33765,-0.973926,0.133309,1,1,-1,20.050389,20.139245,7.638051,-46.003822,8.87499,5.719959,7.566581,5.592798,7.580441,0,16.182491,-6370.986547,148.325885,116.389369,,,0,,,,,,LandingBurn,0,0,15167.196835,140.871538,,,,,,,,,,,,,,,,,,,,,,,,0,None,,,,,,,,,,,,,,,,,,,,,,,,1,0,0,,,0.590218,,,,,,,,,,,,,,,,,,,,,,,
313.279993,-,0,0,0,,,,15130.648639,142.343516,441.267976,-140.689472,2105.19818,0.492548,,1872.399509,1.069449,0,129.235749,-1.045576,0,,1,0,0,0,50.764257,-1.045576,0.148459,1,1,-1,20.84502,20.890856,8.506074,-30.549582,2.865964,5.863475,7.56638,5.602332,7.587328,0,16.143308,-6370.986051,148.357124,117.493209,,,0,,,,,,LandingBurn,0,0,15130.648639,140.689472,,,,,,,,,,,,,,,,,,,,,,,,0,None,,,,,,,,,,,,,,,,,,,,,,,,1,0,0,,,0.589677,,,,,,,,,,,,,,,,,,,,,,,
313.559993,-,0,0,0,,,,15094.143905,142.164693,441.377099,-140.480489,2111.352397,0.491811,,1872.399509,1.086011,0,126.735903,-1.104292,0,,1,0,0,0,53.264083,-1.104292,0.167453,1,-0.347246,-1,21.893463,21.885004,9.594361,-14.732345,-7.774458,5.768992,7.555971,5.58225,7.586733,0,16.103777,-6370.985648,148.385401,119.086429,,,0,,,,,,LandingBurn,0,0,15094.143905,140.480489,,,,,,,,,,,,,,,,,,,,,,,,0,None,,,,,,,,,,,,,,,,,,,,,,,,1,0,0,,,0.589135,,,,,,,,,,,,,,,,,,,,,,,
313.819993,-,0,0,0,,,,15057.693738,142.021124,441.564749,-140.294331,2117.730511,0.491101,,1872.399509,1.078311,0,123.834891,-1.156282,0,,1,0,0,0,56.165114,-1.156282,0.226694,1,-1,1,22.804134,22.757132,12.988582,8.147215,-17.196318,5.469199,7.567135,5.610328,7.606594,0,16.064637,-6370.985061,148.391632,119.798095,,,0,,,,,,LandingBurn,0,0,15057.693738,140.294331,,,,,,,,,,,,,,,,,,,,,,,,0,None,,,,,,,,,,,,,,,,,,,,,,,,1,0,0,,,0.588594,,,,,,,,,,,,,,,,,,,,,,,
314.079993,-,0,0,0,,,,15021.286609,142.027797,442.082289,-140.209225,2127.205081,0.490751,,1872.399509,1.062166,0,121.404047,-1.191395,0,,1,0,0,0,58.595952,-1.191395,0.174795,1,-1,1,23.096352,22.986652,10.015031,17.866745,-19.34757,5.213482,7.561957,5.583037,7.584725,0,16.026997,-6370.983743,148.393892,120.659926,,,0,,,,,,LandingBurn,0,0,15021.286609,140.209226,,,,,,,,,,,,,,,,,,,,,,,,0,None,,,,,,,,,,,,,,,,,,,,,,,,1,0,0,,,0.588055,,,,,,,,,,,,,,,,,,,,,,,
314.339993,-,0,0,0,,,,14984.884579,142.091995,442.623014,-140.178932,2139.856705,0.490761,,1872.399509,1.040328,0,120.321707,-1.189332,0,,1,0,0,0,59.678293,-1.189332,-0.021883,1,-0.444926,1,22.511225,22.533896,-1.253786,21.685154,-14.043023,5.822985,7.565844,5.610985,7.601594,0,15.990155,-6370.982376,148.393803,120.743605,,,0,,,,,,LandingBurn,0,0,14984.884579,140.178932,,,,,,,,,,,,,,,,,,,,,,,,0,None,,,,,,,,,,,,,,,,,,,,,,,,1,0,0,,,0.587518,,,,,,,,,,,,,,,,,,,,,,,
314.599993,-,0,0,0,,,,14948.495269,142.136516,442.877549,-140.178895,2153.357693,0.49086,,1872.399509,1.009217,0,121.348637,-1.158702,0,,1,0,0,0,58.651367,-1.158702,-0.131614,1,0.800304,0.620815,21.735737,21.665465,-7.540909,5.079647,3.646497,6.330918,7.553464,5.555397,7.564898,0,15.95375,-6370.981728,148.392527,119.966118,,,0,,,,,,LandingBurn,0,0,14948.495269,140.178894,,,,,,,,,,,,,,,,,,,,,,,,0,None,,,,,,,,,,,,,,,,,,,,,,,,1,0,0,,,0.586981,,,,,,,,,,,,,,,,,,,,,,,
314.859993,-,0,0,0,,,,14912.118851,142.023288,443.08415,-140.017757,2163.14448,0.490531,,1872.399509,1.046222,0,123.95229,-1.133656,0,,1,0,0,0,56.047704,-1.133656,-0.105464,1,1,-1,21.978326,21.881853,-6.042626,-13.252859,17.439335,6.229588,7.562377,5.577937,7.575053,0,15.915055,-6370.981065,148.390034,119.566035,,,0,,,,,,LandingBurn,0,0,14912.118851,140.017757,,,,,,,,,,,,,,,,,,,,,,,,0,None,,,,,,,,,,,,,,,,,,,,,,,,1,0,0,,,0.586445,,,,,,,,,,,,,,,,,,,,,,,
315.119993,-,0,0,0,,,,14875.786869,141.774232,443.40783,-139.687165,2168.929935,0.489747,,1872.399509,1.117883,0,127.338354,-1.108191,0,,1,0,0,0,52.661666,-1.108191,-0.438537,1,1,0.281593,22.732655,22.702327,-25.126329,1.999755,25.521721,5.540353,7.562155,5.601473,7.594453,0,15.873983,-6370.979951,148.388395,119.374007,,,0,,,,,,LandingBurn,0,0,14875.786869,139.687165,,,,,,,,,,,,,,,,,,,,,,,,0,None,,,,,,,,,,,,,,,,,,,,,,,,1,0,0,,,0.585909,,,,,,,,,,,,,,,,,,,,,,,
315.379993,-,0,0,0,,,,14839.598212,141.314488,443.609506,-139.151512,2169.120908,0.488339,,1872.399509,1.196831,0,131.156038,-1.044483,0,,1,0,0,0,48.843953,-1.044483,-0.350846,1,1,0.619886,22.579395,22.563492,-20.102015,4.668457,25.630827,5.852368,7.558664,5.579431,7.580344,0,15.830141,-6370.978968,148.384133,118.980135,,,0,,,,,,LandingBurn,0,0,14839.598212,139.151511,,,,,,,,,,,,,,,,,,,,,,,,0,None,,,,,,,,,,,,,,,,,,,,,,,,1,0,0,,,0.585378,,,,,,,,,,,,,,,,,,,,,,,
315.639993,-,0,0,0,,,,14803.55702,140.724273,443.684427,-138.49868,2163.33185,0.48627,,1872.399509,1.250943,0,133.408064,-0.955576,0,,1,0,0,0,46.59195,-0.955576,-0.261988,1,1,-0.070368,20.795484,20.714672,-15.010809,-0.551072,24.279226,6.107947,7.572378,5.599934,7.583299,0,15.784822,-6370.978212,148.374993,118.361271,,,0,,,,,,LandingBurn,0,0,14803.55702,138.49868,,,,,,,,,,,,,,,,,,,,,,,,0,None,,,,,,,,,,,,,,,,,,,,,,,,1,0,0,,,0.584852,,,,,,,,,,,,,,,,,,,,,,,
315.899993,-,0,0,0,,,,14767.690907,140.16456,443.834285,-137.862507,2156.700106,0.484122,,1872.399509,1.256276,0,133.6474,-0.888515,0,,1,0,0,0,46.352612,-0.888515,-0.169075,1,1,0.601257,18.808572,18.792858,-9.687256,4.70789,17.168398,6.101181,7.55074,5.594579,7.600187,0,15.739949,-6370.977261,148.368004,117.986478,,,0,,,,,,LandingBurn,0,0,14767.690907,137.862508,,,,,,,,,,,,,,,,,,,,,,,,0,None,,,,,,,,,,,,,,,,,,,,,,,,1,0,0,,,0.584333,,,,,,,,,,,,,,,,,,,,,,,
316.159993,-,0,0,0,,,,14731.977746,139.677633,444.156418,-137.267943,2151.555127,0.482153,,1872.399509,1.249391,0,132.111706,-0.86898,0,,1,0,0,0,47.888304,-0.86898,0.032486,1,1,-1,17.625018,17.613899,1.861307,-10.327424,10.202196,5.984437,7.569934,5.583216,7.570004,0,15.695858,-6370.975864,148.370346,118.1057,,,0,,,,,,LandingBurn,0,0,14731.977746,137.267943,,,,,,,,,,,,,,,,,,,,,,,,0,None,,,,,,,,,,,,,,,,,,,,,,,,1,0,0,,,0.583821,,,,,,,,,,,,,,,,,,,,,,,
316.419993,-,0,0,0,,,,14696.417504,139.291629,444.530304,-136.769551,2149.906924,0.480589,,1872.399509,1.222883,0,131.629147,-0.8662,0,,1,0,0,0,48.370847,-0.8662,0.053698,1,1,0.269864,17.354171,17.358005,3.076642,2.054767,-7.777267,5.928811,7.566406,5.590735,7.585438,0,15.653298,-6370.974386,148.3839,118.96155,,,0,,,,,,LandingBurn,0,0,14696.417504,136.769551,,,,,,,,,,,,,,,,,,,,,,,,0,None,,,,,,,,,,,,,,,,,,,,,,,,1,0,0,,,0.583312,,,,,,,,,,,,,,,,,,,,,,,
316.679993,-,0,0,0,,,,14660.978726,138.908231,444.957972,-136.258438,2148.557229,0.479069,,1872.399509,1.219459,0,131.556128,-0.879396,0,,1,0,0,0,48.443878,-0.879396,0.158726,1,1,1,17.656556,17.581071,9.094319,8.649673,-10.484727,5.874649,7.560114,5.57935,7.576235,0,15.61071,-6370.972705,148.385683,119.111269,,,0,,,,,,LandingBurn,0,0,14660.978726,136.258438,,,,,,,,,,,,,,,,,,,,,,,,0,None,,,,,,,,,,,,,,,,,,,,,,,,1,0,0,,,0.582806,,,,,,,,,,,,,,,,,,,,,,,
316.939993,-,0,0,0,,,,14625.667394,138.647604,445.344416,-135.887236,2149.778897,0.477844,,1872.399509,1.180179,0,130.555712,-0.916148,0,,1,0,0,0,49.444288,-0.916148,0.19067,1,1,1,18.733321,18.695493,10.924584,8.778598,-10.278066,5.929262,7.553102,5.567035,7.575546,0,15.570211,-6370.971238,148.390364,119.610142,,,0,,,,,,LandingBurn,0,0,14625.667394,135.887236,,,,,,,,,,,,,,,,,,,,,,,,0,None,,,,,,,,,,,,,,,,,,,,,,,,1,0,0,,,0.582303,,,,,,,,,,,,,,,,,,,,,,,
317.199993,-,0,0,0,,,,14590.44099,138.486087,445.769946,-135.612644,2154.190098,0.47698,,1872.399509,1.134955,0,127.914505,-1.000118,0,,1,0,0,0,52.085483,-1.000118,0.328865,1,1,-1,20.316543,20.337563,18.842581,-18.782152,-10.348855,5.863653,7.571075,5.608335,7.599647,0,15.531157,-6370.969715,148.393767,120.36968,,,0,,,,,,LandingBurn,0,0,14590.44099,135.612644,,,,,,,,,,,,,,,,,,,,,,,,0,None,,,,,,,,,,,,,,,,,,,,,,,,1,0,0,,,0.5818,,,,,,,,,,,,,,,,,,,,,,,
317.459993,-,0,0,0,,,,14555.271077,138.536166,446.272074,-135.548861,2163.44754,0.476654,,1872.399509,1.074963,0,124.423836,-1.106823,0,,1,0,0,0,55.576171,-1.106823,0.382566,1,1,-1,22.211286,22.159892,21.91943,-12.777415,-14.399154,5.718005,7.563859,5.580865,7.575749,0,15.495092,-6370.968121,148.392686,121.126614,,,0,,,,,,LandingBurn,0,0,14555.271077,135.548861,,,,,,,,,,,,,,,,,,,,,,,,0,None,,,,,,,,,,,,,,,,,,,,,,,,1,0,0,,,0.581297,,,,,,,,,,,,,,,,,,,,,,,
317.699993,-,0,0,0,,,,14520.099178,138.695876,446.737051,-135.611247,2178.382264,0.476946,,1872.399509,1.006529,0,120.326537,-1.204386,0,,1,0,0,0,59.673456,-1.204386,0.431564,1,0.567016,-0.382805,23.911816,23.874466,24.726772,-2.660117,-20.023966,5.408451,7.559605,5.588168,7.588142,0,15.460773,-6370.966722,148.37952,122.486862,,,0,,,,,,LandingBurn,0,0,14520.099178,135.611247,,,,,,,,,,,,,,,,,,,,,,,,0,None,,,,,,,,,,,,,,,,,,,,,,,,1,0,0,,,0.580792,,,,,,,,,,,,,,,,,,,,,,,
317.979993,-,0,0,0,,,,14484.882385,138.857705,447.263899,-135.657536,2194.731034,0.47738,,1872.399509,1.010697,0,117.07932,-1.26065,0,,1,0,0,0,62.920688,-1.26065,0.22798,1,0.474453,1,24.715,24.706713,13.062271,8.022926,-22.006519,4.887281,7.578024,5.625667,7.608549,0,15.426185,-6370.965067,148.343854,124.147823,,,0,,,,,,LandingBurn,0,0,14484.882385,135.657536,,,,,,,,,,,,,,,,,,,,,,,,0,None,,,,,,,,,,,,,,,,,,,,,,,,1,0,0,,,0.580284,,,,,,,,,,,,,,,,,,,,,,,
318.239993,-,0,0,0,,,,14449.660593,138.967261,447.684895,-135.669211,2210.035523,0.477689,,1872.399509,1.020824,0,115.304961,-1.289105,0,,1,0,0,0,64.695041,-1.289105,0.073606,1,0.536386,0.26977,24.813512,24.833312,4.217337,1.783985,-16.876551,5.152455,7.562759,5.594175,7.591293,0,15.391117,-6370.963673,148.290573,125.709781,,,0,,,,,,LandingBurn,0,0,14449.660593,135.669211,,,,,,,,,,,,,,,,,,,,,,,,0,None,,,,,,,,,,,,,,,,,,,,,,,,1,0,0,,,0.579774,,,,,,,,,,,,,,,,,,,,,,,
318.479993,-,0,0,0,,,,14414.437142,138.99598,448.064284,-135.599152,2223.287961,0.477767,,1872.399509,1.044128,0,115.184222,-1.288427,0,,1,0,0,0,64.815758,-1.288427,-0.014608,1,0.733048,0.065169,24.526881,24.450186,-0.836958,0.459249,-6.098461,5.475985,7.560246,5.579263,7.57187,0,15.354917,-6370.962293,148.218215,127.268113,,,0,,,,,,LandingBurn,0,0,14414.437142,135.599152,,,,,,,,,,,,,,,,,,,,,,,,0,None,,,,,,,,,,,,,,,,,,,,,,,,1,0,0,,,0.579265,,,,,,,,,,,,,,,,,,,,,,,
318.759993,-,0,0,0,,,,14379.264789,138.927657,448.334285,-135.448498,2233.357873,0.477499,,1872.399509,1.068957,0,116.700125,-1.268388,0,,1,0,0,0,63.299902,-1.268388,-0.216785,1,0.869593,0.811809,24.326436,24.280289,-12.420889,6.234775,-4.688612,5.966973,7.544645,5.578367,7.591013,0,15.317643,-6370.961176,148.147899,128.490787,,,0,,,,,,LandingBurn,0,0,14379.264789,135.448499,,,,,,,,,,,,,,,,,,,,,,,,0,None,,,,,,,,,,,,,,,,,,,,,,,,1,0,0,,,0.578757,,,,,,,,,,,,,,,,,,,,,,,
319.019993,-,0,0,0,,,,14344.150688,138.764398,448.473143,-135.225528,2240.75617,0.476945,,1872.399509,1.088951,0,119.741325,-1.239879,0,,1,0,0,0,60.258702,-1.239879,-0.23702,1,1,-0.733596,24.62038,24.471275,-13.580228,-5.882354,4.044014,6.248667,7.567231,5.595169,7.586972,0,15.27943,-6370.960409,148.073969,129.596349,,,0,,,,,,LandingBurn,0,0,14344.150688,135.225528,,,,,,,,,,,,,,,,,,,,,,,,0,None,,,,,,,,,,,,,,,,,,,,,,,,1,0,0,,,0.57825,,,,,,,,,,,,,,,,,,,,,,,
319.279993,-,0,0,0,,,,14309.088342,138.564333,448.524446,-134.984486,2245.490506,0.476109,,1872.399509,1.099788,0,123.365407,-1.209668,0,,1,0,0,0,56.634596,-1.209668,-0.210672,1,1,0.133363,25.054124,24.969478,-12.070597,1.068552,2.790888,6.22101,7.56412,5.574677,7.570395,0,15.241028,-6370.959916,148.004124,130.525996,,,0,,,,,,LandingBurn,0,0,14309.088342,134.984486,,,,,,,,,,,,,,,,,,,,,,,,0,None,,,,,,,,,,,,,,,,,,,,,,,,1,0,0,,,0.577747,,,,,,,,,,,,,,,,,,,,,,,
319.539993,-,0,0,0,,,,14274.118043,138.290471,448.460088,-134.693192,2248.819996,0.475129,,1872.399509,1.108104,0,126.629412,-1.166488,0,,1,0,0,0,53.370592,-1.166488,-0.111209,1,1,0.283364,25.049233,25.14471,-6.371789,2.231436,4.478043,6.144587,7.591304,5.602376,7.583292,0,15.20202,-6370.959777,147.950201,131.186518,,,0,,,,,,LandingBurn,0,0,14274.118043,134.693192,,,,,,,,,,,,,,,,,,,,,,,,0,None,,,,,,,,,,,,,,,,,,,,,,,,1,0,0,,,0.577246,,,,,,,,,,,,,,,,,,,,,,,
319.779993,-,0,0,0,,,,14239.20081,138.002579,448.328487,-134.406464,2250.650981,0.473997,,1872.399509,1.111196,0,128.758106,-1.137069,0,,1,0,0,0,51.241904,-1.137069,-0.119254,1,1,0.012433,25.029222,24.972483,-6.832751,0.091025,4.240682,5.705369,7.57505,5.595255,7.580041,0,15.163155,-6370.959899,147.925755,131.472314,,,0,,,,,,LandingBurn,0,0,14239.20081,134.406465,,,,,,,,,,,,,,,,,,,,,,,,0,None,,,,,,,,,,,,,,,,,,,,,,,,1,0,0,,,0.57675,,,,,,,,,,,,,,,,,,,,,,,
320.059993,-,0,0,0,,,,14204.343796,137.728442,448.160858,-134.144225,2252.43424,0.472864,,1872.399509,1.104619,0,130.275556,-1.113408,0,,1,0,0,0,49.724441,-1.113408,-0.12241,1,1,-0.628702,24.902234,24.882038,-7.013548,-4.822319,4.960754,5.980512,7.572115,5.598183,7.588834,0,15.124684,-6370.960164,147.897232,131.796223,,,0,,,,,,LandingBurn,0,0,14204.343796,134.144225,,,,,,,,,,,,,,,,,,,,,,,,0,None,,,,,,,,,,,,,,,,,,,,,,,,1,0,0,,,0.576257,,,,,,,,,,,,,,,,,,,,,,,
320.299993,-,0,0,0,,,,14169.562591,137.448889,448.034235,-133.866227,2254.504686,0.471768,,1872.399509,1.103949,0,132.068884,-1.07694,0,,1,0,0,0,47.931103,-1.07694,-0.151109,1,1,0.514812,24.575368,24.530575,-8.657883,4.198422,16.540604,6.315741,7.557964,5.560409,7.55835,0,15.086086,-6370.960288,147.881903,131.966335,,,0,,,,,,LandingBurn,0,0,14169.562591,133.866228,,,,,,,,,,,,,,,,,,,,,,,,0,None,,,,,,,,,,,,,,,,,,,,,,,,1,0,0,,,0.575767,,,,,,,,,,,,,,,,,,,,,,,
320.579993,-,0,0,0,,,,14134.871963,137.139372,447.968332,-133.540251,2255.649836,0.470582,,1872.399509,1.119938,0,132.094769,-1.0609,0,,1,0,0,0,47.905242,-1.0609,-0.040268,1,1,-0.292166,24.302779,24.312612,-2.307206,-2.465796,12.110983,6.580143,7.57826,5.597922,7.579604,0,15.046922,-6370.960177,147.882719,131.95734,,,0,,,,,,LandingBurn,0,0,14134.871963,133.540251,,,,,,,,,,,,,,,,,,,,,,,,0,None,,,,,,,,,,,,,,,,,,,,,,,,1,0,0,,,0.57528,,,,,,,,,,,,,,,,,,,,,,,
320.839993,-,0,0,0,,,,14100.228421,136.836753,447.999936,-133.19525,2256.492934,0.46937,,1872.399509,1.13166,0,132.16249,-1.039266,0,,1,0,0,0,47.837502,-1.039266,-0.177795,1,1,0.316918,23.883078,23.759164,-10.186896,2.74149,2.656574,6.743072,7.584996,5.596767,7.563786,0,15.007569,-6370.959712,147.875942,132.03177,,,0,,,,,,LandingBurn,0,0,14100.228421,133.195251,,,,,,,,,,,,,,,,,,,,,,,,0,None,,,,,,,,,,,,,,,,,,,,,,,,1,0,0,,,0.574796,,,,,,,,,,,,,,,,,,,,,,,
321.099993,-,0,0,0,,,,14065.697863,136.520117,448.06842,-132.8253,2257.330369,0.468165,,1872.399509,1.140739,0,132.839136,-1.007627,0,,1,0,0,0,47.16085,-1.007627,-0.115017,1,1,0.776978,23.209998,23.178443,-6.589998,6.673992,9.913807,6.700936,7.581764,5.601164,7.579098,0,14.967991,-6370.959106,147.879761,131.989894,,,0,,,,,,LandingBurn,0,0,14065.697863,132.825299,,,,,,,,,,,,,,,,,,,,,,,,0,None,,,,,,,,,,,,,,,,,,,,,,,,1,0,0,,,0.574316,,,,,,,,,,,,,,,,,,,,,,,
321.359993,-,0,0,0,,,,14031.28564,136.203341,448.173154,-132.445447,2257.489973,0.466898,,1872.399509,1.149105,0,132.224834,-1.005922,0,,1,0,0,0,47.775161,-1.005922,0.060226,1,1,-0.847702,22.838663,22.80625,3.450721,-7.284398,2.799321,6.671063,7.555706,5.573967,7.58642,0,14.928406,-6370.958371,147.890908,131.866722,,,0,,,,,,LandingBurn,0,0,14031.28564,132.445446,,,,,,,,,,,,,,,,,,,,,,,,0,None,,,,,,,,,,,,,,,,,,,,,,,,1,0,0,,,0.573839,,,,,,,,,,,,,,,,,,,,,,,
321.619993,-,0,0,0,,,,13996.96543,135.955398,448.367931,-132.115144,2258.642187,0.465742,,1872.399509,1.138364,0,130.813381,-1.044199,0,,1,0,0,0,49.186644,-1.044199,0.180202,1,1,-0.779616,23.2651,23.335004,10.324811,-6.735118,-10.665072,6.721191,7.539552,5.58601,7.606966,0,14.889613,-6370.957354,147.883856,131.944801,,,0,,,,,,LandingBurn,0,0,13996.96543,132.115145,,,,,,,,,,,,,,,,,,,,,,,,0,None,,,,,,,,,,,,,,,,,,,,,,,,1,0,0,,,0.573364,,,,,,,,,,,,,,,,,,,,,,,
321.879993,-,0,0,0,,,,13962.702412,135.828139,448.684457,-131.879777,2264.093284,0.465033,,1872.399509,1.111209,0,129.052512,-1.098785,0,,1,0,0,0,50.947486,-1.098785,0.03006,1,1,0.322268,24.315684,24.317306,1.722305,2.706446,-3.409104,6.541114,7.562382,5.592281,7.583243,0,14.852164,-6370.955945,147.826816,132.556867,,,0,,,,,,LandingBurn,0,0,13962.702412,131.879778,,,,,,,,,,,,,,,,,,,,,,,,0,None,,,,,,,,,,,,,,,,,,,,,,,,1,0,0,,,0.572891,,,,,,,,,,,,,,,,,,,,,,,
322.119993,-,0,0,0,,,,13928.505395,135.702829,448.952801,-131.655664,2270.356338,0.464409,,1872.399509,1.102425,0,127.364876,-1.145298,0,,1,0,0,0,52.635126,-1.145298,0.13679,1,0.829981,0.885751,25.408419,25.4347,7.837512,7.238613,-13.142054,6.362393,7.556122,5.5898,7.58327,0,14.814938,-6370.954666,147.739046,133.439357,,,0,,,,,,LandingBurn,0,0,13928.505395,131.655664,,,,,,,,,,,,,,,,,,,,,,,,0,None,,,,,,,,,,,,,,,,,,,,,,,,1,0,0,,,0.572419,,,,,,,,,,,,,,,,,,,,,,,
322.399993,-,0,0,0,,,,13894.347231,135.647468,449.209328,-131.50994,2278.639188,0.463993,,1872.399509,1.0773,0,125.854549,-1.182521,0,,1,0,0,0,54.145476,-1.182521,0.18682,1,0.908247,0.998239,26.136638,26.203161,10.703973,7.564715,-10.494997,5.882324,7.535696,5.573276,7.596237,0,14.778803,-6370.953473,147.633435,134.423036,,,0,,,,,,LandingBurn,0,0,13894.347231,131.50994,,,,,,,,,,,,,,,,,,,,,,,,0,None,,,,,,,,,,,,,,,,,,,,,,,,1,0,0,,,0.571948,,,,,,,,,,,,,,,,,,,,,,,
322.659993,-,0,0,0,,,,13860.238516,135.536738,449.411093,-131.317908,2286.517482,0.463535,,1872.399509,1.079183,0,125.687206,-1.200065,0,,1,0,0,0,54.312808,-1.200065,0.028319,1,0.291183,-1,26.551832,26.590231,1.62258,-10.333166,-19.871311,5.742079,7.569061,5.584641,7.57408,0,14.742102,-6370.952429,147.539111,135.242594,,,0,,,,,,LandingBurn,0,0,13860.238516,131.317908,,,,,,,,,,,,,,,,,,,,,,,,0,None,,,,,,,,,,,,,,,,,,,,,,,,1,0,0,,,0.571477,,,,,,,,,,,,,,,,,,,,,,,
322.919993,-,0,0,0,,,,13826.157716,135.455427,449.531362,-131.179755,2293.827015,0.46302,,1872.399509,1.069285,0,124.995694,-1.221855,0,,1,0,0,0,55.004307,-1.221855,0.068097,1,-0.196946,-1,26.516788,26.587222,3.901694,-12.168354,-18.108604,6.068211,7.550311,5.554085,7.566161,0,14.706157,-6370.951701,147.423326,136.185892,,,0,,,,,,LandingBurn,0,0,13826.157716,131.179755,,,,,,,,,,,,,,,,,,,,,,,,0,None,,,,,,,,,,,,,,,,,,,,,,,,1,0,0,,,0.571008,,,,,,,,,,,,,,,,,,,,,,,
323.179993,-,0,0,0,,,,13792.103441,135.481308,449.687647,-131.153624,2303.787449,0.462771,,1872.399509,1.027669,0,124.164961,-1.218606,0,,1,0,0,0,55.835045,-1.218606,0.025306,1,-1,-1,25.867541,26.03558,1.449947,-14.047319,-19.81535,6.701091,7.571809,5.598632,7.594261,0,14.671741,-6370.950993,147.338165,136.842121,,,0,,,,,,LandingBurn,0,0,13792.103441,131.153624,,,,,,,,,,,,,,,,,,,,,,,,0,None,,,,,,,,,,,,,,,,,,,,,,,,1,0,0,,,0.57054,,,,,,,,,,,,,,,,,,,,,,,
323.439993,-,0,0,0,,,,13758.028999,135.61448,449.988909,-131.215886,2317.888474,0.462932,,1872.399509,0.986025,0,122.331164,-1.189839,0,,1,0,0,0,57.668833,-1.189839,0.052079,1,-1,-0.431325,23.952793,24.08146,2.983912,-3.763255,-21.181007,6.77617,7.564826,5.576284,7.567146,0,14.638504,-6370.949983,147.370132,136.599212,,,0,,,,,,LandingBurn,0,0,13758.028999,131.215885,,,,,,,,,,,,,,,,,,,,,,,,0,None,,,,,,,,,,,,,,,,,,,,,,,,1,0,0,,,0.570069,,,,,,,,,,,,,,,,,,,,,,,
323.679993,-,0,0,0,,,,13723.927971,135.733709,450.509525,-131.199217,2333.539497,0.463238,,1872.399509,1.009554,0,120.447707,-1.124715,0,,1,0,0,0,59.552296,-1.124715,0.014418,1,-1,1,20.568415,20.719319,0.826076,8.986562,-23.809469,6.765009,7.543126,5.567755,7.577535,0,14.604174,-6370.948105,147.439543,136.057499,,,0,,,,,,LandingBurn,0,0,13723.927971,131.199218,,,,,,,,,,,,,,,,,,,,,,,,0,None,,,,,,,,,,,,,,,,,,,,,,,,1,0,0,,,0.5696,,,,,,,,,,,,,,,,,,,,,,,
323.959993,-,0,0,0,,,,13689.865767,135.844442,451.128026,-131.134465,2348.216036,0.463439,,1872.399509,1.053355,0,119.090073,-1.060534,0,,1,0,0,0,60.909947,-1.060534,-0.050924,1,-1,1,17.653058,17.812242,-2.917752,11.821383,-1.324369,7.193475,7.566958,5.58882,7.577615,0,14.569235,-6370.9457,147.451341,135.963367,,,0,,,,,,LandingBurn,0,0,13689.865767,131.134466,,,,,,,,,,,,,,,,,,,,,,,,0,None,,,,,,,,,,,,,,,,,,,,,,,,1,0,0,,,0.56913,,,,,,,,,,,,,,,,,,,,,,,
324.219993,-,0,0,0,,,,13655.809158,136.006763,451.54751,-131.190041,2364.045331,0.463745,,1872.399509,1.009327,0,120.899882,-1.050053,0,,1,0,0,0,59.100114,-1.050053,-0.149884,1,0.706474,0.818591,17.506264,17.538534,-8.587714,7.52985,32.637661,7.147322,7.54689,5.578839,7.587116,0,14.535913,-6370.944189,147.487074,135.674406,,,0,,,,,,LandingBurn,0,0,13655.809158,131.190041,,,,,,,,,,,,,,,,,,,,,,,,0,None,,,,,,,,,,,,,,,,,,,,,,,,1,0,0,,,0.568661,,,,,,,,,,,,,,,,,,,,,,,
324.479993,-,0,0,0,,,,13621.752651,136.047373,451.870058,-131.140174,2379.180121,0.463974,,1872.399509,1.009156,0,124.328528,-1.138839,0,,1,0,0,0,55.671485,-1.138839,-0.347604,1,1,-0.108138,22.263043,22.105849,-19.916269,-1.034837,48.464691,7.459194,7.574193,5.596498,7.577549,0,14.501172,-6370.942956,147.548123,135.166439,,,0,,,,,,LandingBurn,0,0,13621.752651,131.140174,,,,,,,,,,,,,,,,,,,,,,,,0,None,,,,,,,,,,,,,,,,,,,,,,,,1,0,0,,,0.568191,,,,,,,,,,,,,,,,,,,,,,,
324.739993,-,0,0,0,,,,13587.765612,135.821791,452.272109,-130.763576,2386.432918,0.463432,,1872.399509,1.125947,0,126.991085,-1.18487,0,,1,0,0,0,53.008904,-1.18487,-0.280443,1,1,0.646833,26.356878,26.331251,-16.068211,5.31877,50.079632,6.385639,7.560764,5.575772,7.572927,0,14.462129,-6370.941049,147.62542,134.494743,,,0,,,,,,LandingBurn,0,0,13587.765612,130.763576,,,,,,,,,,,,,,,,,,,,,,,,0,None,,,,,,,,,,,,,,,,,,,,,,,,1,0,0,,,0.567721,,,,,,,,,,,,,,,,,,,,,,,
324.999993,-,0,0,0,,,,13553.898967,135.453436,452.739695,-130.194281,2386.148009,0.462164,,1872.399509,1.229514,0,128.784637,-1.129706,0,,1,0,0,0,51.215377,-1.129706,-0.383639,1,1,-1,26.110501,26.105536,-21.980869,-9.100574,32.704311,6.458721,7.568038,5.579865,7.565402,0,14.420659,-6370.938563,147.652199,134.253817,,,0,,,,,,LandingBurn,0,0,13553.898967,130.194282,,,,,,,,,,,,,,,,,,,,,,,,0,None,,,,,,,,,,,,,,,,,,,,,,,,1,0,0,,,0.567255,,,,,,,,,,,,,,,,,,,,,,,
325.259993,-,0,0,0,,,,13520.205394,135.104607,453.088867,-129.675931,2383.370082,0.460667,,1872.399509,1.234812,0,130.49147,-1.039724,0,,1,0,0,0,49.508543,-1.039724,-0.113707,1,1,-1,22.944783,22.919784,-6.51494,-10.391251,10.299836,6.689539,7.559427,5.572905,7.577983,0,14.38007,-6370.936502,147.625292,134.495878,,,0,,,,,,LandingBurn,0,0,13520.205394,129.675931,,,,,,,,,,,,,,,,,,,,,,,,0,None,,,,,,,,,,,,,,,,,,,,,,,,1,0,0,,,0.566795,,,,,,,,,,,,,,,,,,,,,,,
325.519993,-,0,0,0,,,,13486.570039,134.972491,453.291728,-129.445026,2386.904386,0.459784,,1872.399509,1.128363,0,132.270822,-1.004218,0,,1,0,0,0,47.729191,-1.004218,-0.103826,1,0.817193,0.152745,21.478046,21.354939,-5.948799,1.335481,-13.638738,6.801457,7.546205,5.585369,7.595641,0,14.343371,-6370.935268,147.540924,135.2273,,,0,,,,,,LandingBurn,0,0,13486.570039,129.445025,,,,,,,,,,,,,,,,,,,,,,,,0,None,,,,,,,,,,,,,,,,,,,,,,,,1,0,0,,,0.566338,,,,,,,,,,,,,,,,,,,,,,,
325.779993,-,0,0,0,,,,13453.039418,134.711006,453.479674,-129.06626,2391.652133,0.459024,,1872.399509,1.133826,0,134.467417,-1.022563,0,,1,0,0,0,45.532575,-1.022563,-0.119541,1,-1,0.151243,22.813088,22.700537,-6.849207,1.280894,-39.564148,6.58773,7.558314,5.584924,7.588538,0,14.304816,-6370.933868,147.429677,136.135675,,,0,,,,,,LandingBurn,0,0,13453.039418,129.066259,,,,,,,,,,,,,,,,,,,,,,,,0,None,,,,,,,,,,,,,,,,,,,,,,,,1,0,0,,,0.565883,,,,,,,,,,,,,,,,,,,,,,,
326.039993,-,0,0,0,,,,13419.633546,134.287453,453.667587,-128.50488,2389.875417,0.457646,,1872.399509,1.214829,0,136.155305,-1.043901,0,,1,0,0,0,43.8447,-1.043901,-0.051806,1,-1,-0.305907,24.8546,24.846275,-2.968268,-2.677953,-46.200375,6.822516,7.575319,5.595661,7.57763,0,14.264011,-6370.932301,147.35939,136.681182,,,0,,,,,,LandingBurn,0,0,13419.633546,128.50488,,,,,,,,,,,,,,,,,,,,,,,,0,None,,,,,,,,,,,,,,,,,,,,,,,,1,0,0,,,0.56543,,,,,,,,,,,,,,,,,,,,,,,
326.299993,-,0,0,0,,,,13386.38304,133.725228,453.885347,-127.784927,2382.340795,0.455727,,1872.399509,1.274715,0,137.537695,-1.001816,0,,1,0,0,0,42.462299,-1.001816,-0.227715,1,-1,0.953434,24.453947,24.486805,-13.047112,8.624996,-34.959869,7.033069,7.558959,5.582083,7.58426,0,14.221318,-6370.930572,147.393227,136.421115,,,0,,,,,,LandingBurn,0,0,13386.38304,127.784927,,,,,,,,,,,,,,,,,,,,,,,,0,None,,,,,,,,,,,,,,,,,,,,,,,,1,0,0,,,0.564982,,,,,,,,,,,,,,,,,,,,,,,
326.539993,-,0,0,0,,,,13353.321788,133.294078,454.094792,-127.234028,2374.030316,0.453747,,1872.399509,1.25748,0,138.474718,-0.934454,0,,1,0,0,0,41.525276,-0.934454,-0.168186,1,-1,1,21.954075,21.972632,-9.636334,29.589453,-13.922682,7.114053,7.551916,5.567468,7.568306,0,14.181074,-6370.929276,147.553598,135.119961,,,0,,,,,,LandingBurn,0,0,13353.321788,127.234029,,,,,,,,,,,,,,,,,,,,,,,,0,None,,,,,,,,,,,,,,,,,,,,,,,,1,0,0,,,0.564543,,,,,,,,,,,,,,,,,,,,,,,
326.819993,-,0,0,0,,,,13320.339965,133.166466,454.228329,-127.060668,2376.236188,0.45278,,1872.399509,1.12444,0,139.993334,-0.891572,0,,1,0,0,0,40.006675,-0.891572,-0.10654,1,0.209688,1,19.906793,19.967108,-6.104272,23.853964,21.908554,7.070049,7.564752,5.57396,7.571264,0,14.145825,-6370.928761,147.719494,133.627622,,,0,,,,,,LandingBurn,0,0,13320.339965,127.060667,,,,,,,,,,,,,,,,,,,,,,,,0,None,,,,,,,,,,,,,,,,,,,,,,,,1,0,0,,,0.564109,,,,,,,,,,,,,,,,,,,,,,,
327.079993,-,0,0,0,,,,13287.381895,133.105695,454.276536,-126.991897,2384.754384,0.452415,,1872.399509,1.053562,0,141.308161,-0.902316,0,,1,0,0,0,38.691826,-0.902316,0.007058,1,1,1,20.976655,20.780128,0.404398,15.195597,46.811428,7.075162,7.573531,5.59378,7.581694,0,14.111959,-6370.928696,147.861343,132.190895,,,0,,,,,,LandingBurn,0,0,13287.381895,126.991896,,,,,,,,,,,,,,,,,,,,,,,,0,None,,,,,,,,,,,,,,,,,,,,,,,,1,0,0,,,0.563677,,,,,,,,,,,,,,,,,,,,,,,
327.339993,-,0,0,0,,,,13254.463037,132.860831,454.219194,-126.741556,2389.689095,0.451711,,1872.399509,1.086132,0,135.738031,-0.981293,0,,1,0,0,0,44.261973,-0.981293,0.297854,1,1,0.319276,23.986703,23.909855,17.065758,2.820246,52.904919,6.895944,7.576194,5.605227,7.587097,0,14.075779,-6370.928779,147.95044,131.184432,,,0,,,,,,LandingBurn,0,0,13254.463037,126.741555,,,,,,,,,,,,,,,,,,,,,,,,0,None,,,,,,,,,,,,,,,,,,,,,,,,1,0,0,,,0.563244,,,,,,,,,,,,,,,,,,,,,,,
327.599993,-,0,0,0,,,,13221.63785,132.616774,454.351521,-126.415887,2389.792823,0.450556,,1872.399509,1.125201,0,123.583938,-1.099379,0,,1,0,0,0,56.416066,-1.099379,0.52134,1,1,-1,26.197939,26.262356,29.87056,-11.072229,66.30233,6.943867,7.552619,5.55849,7.559939,0,14.038724,-6370.927877,147.986549,130.747064,,,0,,,,,,LandingBurn,0,0,13221.63785,126.415887,,,,,,,,,,,,,,,,,,,,,,,,0,None,,,,,,,,,,,,,,,,,,,,,,,,1,0,0,,,0.562812,,,,,,,,,,,,,,,,,,,,,,,
327.859993,-,0,0,0,,,,13188.832817,132.858615,454.839001,-126.533303,2401.331876,0.45048,,1872.399509,1.036014,0,109.679135,-1.127353,0,,1,0,0,0,70.32087,-1.127353,0.508029,1,1,-1,21.746234,21.866109,29.10791,-13.875269,55.012913,7.15985,7.552173,5.574295,7.579527,0,14.007429,-6370.926114,148.109235,129.089016,,,0,,,,,,LandingBurn,0,0,13188.832817,126.533303,,,,,,,,,,,,,,,,,,,,,,,,0,None,,,,,,,,,,,,,,,,,,,,,,,,1,0,0,,,0.56238,,,,,,,,,,,,,,,,,,,,,,,
328.099993,-,0,0,0,,,,13155.952409,133.163855,454.931458,-126.87667,2424.116378,0.451446,,1872.399509,0.972577,0,99.402474,-0.99971,0,,1,0,0,0,80.597533,-0.99971,0.29069,1,1,1,15.912681,15.943148,16.655298,10.897554,34.962425,7.167598,7.553489,5.59242,7.595559,0,13.978999,-6370.926412,148.286682,125.810461,,,0,,,,,,LandingBurn,0,0,13155.952409,126.87667,,,,,,,,,,,,,,,,,,,,,,,,0,None,,,,,,,,,,,,,,,,,,,,,,,,1,0,0,,,0.561942,,,,,,,,,,,,,,,,,,,,,,,
328.379993,-,0,0,0,,,,13122.983016,133.356552,454.66629,-127.208837,2443.1236,0.452041,,1872.399509,1.036859,0,95.09618,-0.926466,0,,1,0,0,0,84.90382,-0.926466,0.141918,1,1,-0.035857,13.874476,13.838614,8.131295,-0.299344,0.277432,6.467821,7.558024,5.562566,7.562827,0,13.950341,-6370.928102,148.387724,121.857236,,,0,,,,,,LandingBurn,0,0,13122.983016,127.208837,,,,,,,,,,,,,,,,,,,,,,,,0,None,,,,,,,,,,,,,,,,,,,,,,,,1,0,0,,,0.561498,,,,,,,,,,,,,,,,,,,,,,,
328.639993,-,0,0,0,,,,13089.917558,133.68107,454.472062,-127.649509,2462.92034,0.452694,,1872.399509,1.01689,0,96.201251,-0.922829,0,,1,0,0,0,83.798751,-0.922829,0.056905,1,1,-1,13.482933,13.46682,3.260415,-12.923548,-29.479418,6.314186,7.577524,5.603235,7.583348,0,13.923006,-6370.929414,148.368993,118.014022,,,0,,,,,,LandingBurn,0,0,13089.917558,127.649509,,,,,,,,,,,,,,,,,,,,,,,,0,None,,,,,,,,,,,,,,,,,,,,,,,,1,0,0,,,0.561053,,,,,,,,,,,,,,,,,,,,,,,
328.899993,-,0,0,0,,,,13056.722997,134.308214,454.564628,-128.327935,2492.670716,0.454236,,1872.399509,0.871479,0,102.123955,-0.975023,0,,1,0,0,0,77.87605,-0.975023,-0.022035,1,0.351998,-0.75168,14.960889,14.889549,-1.262531,-6.8781,-54.517544,7.116022,7.562198,5.583694,7.581456,0,13.898673,-6370.929701,148.291469,115.429142,,,0,,,,,,LandingBurn,0,0,13056.722997,128.327935,,,,,,,,,,,,,,,,,,,,,,,,0,None,,,,,,,,,,,,,,,,,,,,,,,,1,0,0,,,0.560608,,,,,,,,,,,,,,,,,,,,,,,
329.159993,-,0,0,0,,,,13023.359196,134.904332,455.093031,-128.821557,2528.423316,0.456288,,1872.399509,0.803711,0,110.778916,-1.156185,0,,1,0,0,0,69.221081,-1.156185,-0.106166,1,-0.369253,-1,21.740774,21.627988,-6.082885,-14.62265,-66.627182,7.422051,7.55604,5.580361,7.578512,0,13.871791,-6370.927987,148.257958,114.653772,,,0,,,,,,LandingBurn,0,0,13023.359196,128.821557,,,,,,,,,,,,,,,,,,,,,,,,0,None,,,,,,,,,,,,,,,,,,,,,,,,1,0,0,,,0.560162,,,,,,,,,,,,,,,,,,,,,,,
329.419993,-,0,0,0,,,,12989.933483,135.172907,455.752195,-128.890465,2555.294395,0.457507,,1872.399509,0.95824,0,119.814254,-1.252492,0,,1,0,0,0,60.185751,-1.252492,-0.218433,1,-0.939146,-0.271924,27.419055,27.342151,-12.515295,-2.482272,-71.149925,7.109652,7.565808,5.591988,7.586316,0,13.839261,-6370.925187,148.23725,114.222366,,,0,,,,,,LandingBurn,0,0,12989.933483,128.890465,,,,,,,,,,,,,,,,,,,,,,,,0,None,,,,,,,,,,,,,,,,,,,,,,,,1,0,0,,,0.559716,,,,,,,,,,,,,,,,,,,,,,,
329.679993,-,0,0,0,,,,12956.492983,135.19698,456.333191,-128.698595,2571.251681,0.457735,,1872.399509,1.086679,0,128.391834,-1.13943,0,,1,0,0,0,51.608183,-1.13943,-0.395731,1,-1,0.237659,25.012144,25.101866,-22.673706,2.268035,-47.502369,7.404819,7.555623,5.571076,7.568895,0,13.803302,-6370.922329,148.198364,113.48386,,,0,,,,,,LandingBurn,0,0,12956.492983,128.698595,,,,,,,,,,,,,,,,,,,,,,,,0,None,,,,,,,,,,,,,,,,,,,,,,,,1,0,0,,,0.559272,,,,,,,,,,,,,,,,,,,,,,,
329.939993,-,0,0,0,,,,12923.147039,135.055157,456.738272,-128.376702,2579.735045,0.457296,,1872.399509,1.138569,0,134.80647,-0.925377,0,,1,0,0,0,45.193536,-0.925377,-0.443319,1,-1,0.112033,18.089421,18.209513,-25.400295,1.086416,-35.200596,7.53485,7.563613,5.578859,7.576385,0,13.765725,-6370.920059,148.165901,112.922632,,,0,,,,,,LandingBurn,0,0,12923.147039,128.376703,,,,,,,,,,,,,,,,,,,,,,,,0,None,,,,,,,,,,,,,,,,,,,,,,,,1,0,0,,,0.558831,,,,,,,,,,,,,,,,,,,,,,,
330.199993,-,0,0,0,,,,12889.901203,134.759901,457.03983,-127.914763,2582.456331,0.45635,,1872.399509,1.178887,0,139.2217,-0.797953,0,,1,0,0,0,40.778309,-0.797953,-0.311314,1,0.238226,0.324548,14.822575,14.824386,-17.836954,3.190323,5.091802,7.674664,7.589909,5.605625,7.569693,0,13.726426,-6370.91808,148.149084,112.647833,,,0,,,,,,LandingBurn,0,0,12889.901203,127.914764,,,,,,,,,,,,,,,,,,,,,,,,0,None,,,,,,,,,,,,,,,,,,,,,,,,1,0,0,,,0.558393,,,,,,,,,,,,,,,,,,,,,,,
330.439993,-,0,0,0,,,,12856.795422,134.37072,456.985306,-127.479354,2579.748732,0.454932,,1872.399509,1.178061,0,143.74532,-0.736601,0,,1,0,0,0,36.254682,-0.736601,-0.215348,1,1,0.96713,14.355923,14.296512,-12.338527,9.826789,26.329494,7.908342,7.55846,5.588284,7.594119,0,13.687618,-6370.91775,148.139603,112.497123,,,0,,,,,,LandingBurn,0,0,12856.795422,127.479354,,,,,,,,,,,,,,,,,,,,,,,,0,None,,,,,,,,,,,,,,,,,,,,,,,,1,0,0,,,0.557959,,,,,,,,,,,,,,,,,,,,,,,
330.719993,-,0,0,0,,,,12823.748796,134.049463,456.657126,-127.22536,2577.412244,0.453555,,1872.399509,1.120433,0,143.751893,-0.772279,0,,1,0,0,0,36.248108,-0.772279,0.007994,1,1,0.2276,17.472461,17.396669,0.458042,2.240252,43.573261,7.633056,7.537969,5.567922,7.582885,0,13.651252,-6370.918853,148.110048,112.044739,,,0,,,,,,LandingBurn,0,0,12823.748796,127.225359,,,,,,,,,,,,,,,,,,,,,,,,0,None,,,,,,,,,,,,,,,,,,,,,,,,1,0,0,,,0.557529,,,,,,,,,,,,,,,,,,,,,,,
330.959993,-,0,0,0,,,,12790.785551,133.659663,456.210541,-126.932177,2575.793477,0.452247,,1872.399509,1.114763,0,138.942647,-0.841887,0,,1,0,0,0,41.057348,-0.841887,-0.158848,1,1,1,23.697853,23.567632,-9.101328,10.402929,48.052792,7.303955,7.573489,5.601498,7.587643,0,13.614456,-6370.920379,148.051635,111.216341,,,0,,,,,,LandingBurn,0,0,12790.785551,126.932177,,,,,,,,,,,,,,,,,,,,,,,,0,None,,,,,,,,,,,,,,,,,,,,,,,,1,0,0,,,0.557105,,,,,,,,,,,,,,,,,,,,,,,
331.239993,-,0,0,0,,,,12757.892963,133.079428,455.849573,-126.38159,2567.558874,0.450367,,1872.399509,1.196482,0,130.059028,-0.908011,0,,1,0,0,0,49.940972,-0.908011,0.075482,1,1,0.102955,27.638294,27.54137,4.324793,0.976348,47.258934,7.355457,7.536336,5.568923,7.584176,0,13.574425,-6370.921162,147.973658,110.216142,,,0,,,,,,LandingBurn,0,0,12757.892963,126.38159,,,,,,,,,,,,,,,,,,,,,,,,0,None,,,,,,,,,,,,,,,,,,,,,,,,1,0,0,,,0.556682,,,,,,,,,,,,,,,,,,,,,,,
331.499993,-,0,0,0,,,,12725.217,132.558048,455.936781,-125.72434,2556.690579,0.44827,,1872.399509,1.263102,0,121.290659,-0.913002,0,,1,0,0,0,58.709341,-0.913002,0.049142,1,1,-0.663667,27.502158,27.526469,2.81563,-6.363048,44.65744,7.434848,7.563287,5.567711,7.563372,0,13.533262,-6370.919772,147.872518,109.051807,,,0,,,,,,LandingBurn,0,0,12725.217,125.72434,,,,,,,,,,,,,,,,,,,,,,,,0,None,,,,,,,,,,,,,,,,,,,,,,,,1,0,0,,,0.556265,,,,,,,,,,,,,,,,,,,,,,,
331.759993,-,0,0,0,,,,12692.684239,132.252331,456.295654,-125.201035,2551.648828,0.446694,,1872.399509,1.261456,0,113.382045,-0.878304,0,,1,0,0,0,66.617952,-0.878304,0.18436,1,1,-0.560711,23.640894,23.800239,10.563059,-5.52241,28.586737,7.692951,7.5875,5.608191,7.578012,0,13.494007,-6370.917199,147.712553,107.427758,,,0,,,,,,LandingBurn,0,0,12692.684239,125.201034,,,,,,,,,,,,,,,,,,,,,,,,0,None,,,,,,,,,,,,,,,,,,,,,,,,1,0,0,,,0.555853,,,,,,,,,,,,,,,,,,,,,,,
332.019993,-,0,0,0,,,,12660.236655,132.188705,456.586461,-124.969458,2556.758921,0.446014,,1872.399509,1.180855,0,108.313661,-0.834229,0,,1,0,0,0,71.686342,-0.834229,0.233133,1,1,-0.232848,19.595268,19.711607,13.357553,-2.379266,7.693356,7.942962,7.563272,5.581247,7.576138,0,13.458593,-6370.915099,147.463547,105.256096,,,0,,,,,,LandingBurn,0,0,12660.236655,124.969459,,,,,,,,,,,,,,,,,,,,,,,,0,None,,,,,,,,,,,,,,,,,,,,,,,,1,0,0,,,0.555442,,,,,,,,,,,,,,,,,,,,,,,
332.279993,-,0,0,0,,,,12627.832801,132.281365,456.849954,-124.922016,2568.914811,0.445948,,1872.399509,1.10787,0,108.262289,-0.81534,0,,1,0,0,0,71.737714,-0.81534,0.102923,1,1,0.437257,18.464185,18.526702,5.897077,4.501881,-17.032669,8.039372,7.596303,5.606407,7.563693,0,13.425572,-6370.913241,147.17126,103.070705,,,0,,,,,,LandingBurn,0,0,12627.832801,124.922017,,,,,,,,,,,,,,,,,,,,,,,,0,None,,,,,,,,,,,,,,,,,,,,,,,,1,0,0,,,0.555029,,,,,,,,,,,,,,,,,,,,,,,
332.539993,-,0,0,0,,,,12595.412019,132.456632,457.248493,-124.926654,2585.482427,0.446258,,1872.399509,1.055183,0,111.875111,-0.882483,0,,1,0,0,0,68.124888,-0.882483,0.275384,1,1,-1,21.11708,21.08133,15.778333,-17.612211,-31.43722,8.227349,7.591431,5.609646,7.577616,0,13.393199,-6370.910929,146.953715,101.621901,,,0,,,,,,LandingBurn,0,0,12595.412019,124.926653,,,,,,,,,,,,,,,,,,,,,,,,0,None,,,,,,,,,,,,,,,,,,,,,,,,1,0,0,,,0.554616,,,,,,,,,,,,,,,,,,,,,,,
332.799993,-,0,0,0,,,,12562.99649,132.712391,457.783774,-124.999388,2605.994081,0.446898,,1872.399509,1.004861,0,116.996753,-1.030847,0,,1,0,0,0,63.003241,-1.030847,0.214569,1,0.952472,0.2255,26.722134,26.739961,12.293889,2.306189,-44.873005,7.982505,7.579199,5.604153,7.582935,0,13.361702,-6370.908393,146.919846,101.407313,,,0,,,,,,LandingBurn,0,0,12562.99649,124.999388,,,,,,,,,,,,,,,,,,,,,,,,0,None,,,,,,,,,,,,,,,,,,,,,,,,1,0,0,,,0.554201,,,,,,,,,,,,,,,,,,,,,,,
333.059993,-,0,0,0,,,,12530.567966,132.700101,458.27639,-124.794221,2622.142811,0.447154,,1872.399509,1.065923,0,122.331147,-1.126561,0,,1,0,0,0,57.668861,-1.126561,0.157933,1,0.472944,0.18981,30.247844,30.24952,9.048914,1.760393,-50.39901,7.203104,7.562221,5.57634,7.572054,0,13.326649,-6370.905941,147.017559,102.034021,,,0,,,,,,LandingBurn,0,0,12530.567966,124.794221,,,,,,,,,,,,,,,,,,,,,,,,0,None,,,,,,,,,,,,,,,,,,,,,,,,1,0,0,,,0.553785,,,,,,,,,,,,,,,,,,,,,,,
333.319993,-,0,0,0,,,,12498.233848,132.501191,458.543833,-124.471453,2627.300916,0.446472,,1872.399509,1.139529,0,128.262414,-1.090728,0,,1,0,0,0,51.737592,-1.090728,-0.13703,1,0.508152,1,28.958602,29.099069,-7.851225,14.121003,-40.078285,7.460539,7.549355,5.574219,7.589667,0,13.290195,-6370.904526,147.169265,103.056852,,,0,,,,,,LandingBurn,0,0,12498.233848,124.471453,,,,,,,,,,,,,,,,,,,,,,,,0,None,,,,,,,,,,,,,,,,,,,,,,,,1,0,0,,,0.55337,,,,,,,,,,,,,,,,,,,,,,,
333.579993,-,0,0,0,,,,12465.974609,132.160904,458.585427,-124.086729,2627.924487,0.44541,,1872.399509,1.164194,0,137.134544,-0.922436,0,,1,0,0,0,42.865456,-0.922436,-0.426174,1,0.655121,0.840523,24.508982,24.622044,-24.417992,8.899697,-27.632168,8.243727,7.571189,5.590074,7.586483,0,13.253048,-6370.904242,147.37484,104.558471,,,0,,,,,,LandingBurn,0,0,12465.974609,124.086728,,,,,,,,,,,,,,,,,,,,,,,,0,None,,,,,,,,,,,,,,,,,,,,,,,,1,0,0,,,0.552956,,,,,,,,,,,,,,,,,,,,,,,
333.839993,-,0,0,0,,,,12433.80813,131.587054,458.380067,-123.52358,2619.987789,0.443631,,1872.399509,1.223402,0,148.016955,-0.70564,0,,1,0,0,0,31.98305,-0.70564,-0.773792,-0.202942,1,-0.081277,20.20753,20.224402,-44.335003,-0.860481,-10.359883,8.214936,7.540646,5.571201,7.583867,0,13.213761,-6370.904852,147.545531,105.933201,,,0,,,,,,LandingBurn,0,0,12433.80813,123.523579,,,,,,,,,,,,,,,,,,,,,,,,0,None,,,,,,,,,,,,,,,,,,,,,,,,1,0,0,,,0.552546,,,,,,,,,,,,,,,,,,,,,,,
334.099993,-,0,0,0,,,,12401.779509,130.877396,457.942359,-122.903179,2604.547661,0.441226,,1872.399509,1.273199,0,156.34324,-0.500905,0,,1,0,0,0,23.656754,-0.500905,-0.593187,-0.302756,1,-1,18.386619,18.330366,-33.987099,-11.171216,10.479168,8.131836,7.559181,5.589384,7.582383,0,13.173915,-6370.906559,147.742906,107.719685,,,0,,,,,,LandingBurn,0,0,12401.779509,122.903179,,,,,,,,,,,,,,,,,,,,,,,,0,None,,,,,,,,,,,,,,,,,,,,,,,,1,0,0,,,0.552141,,,,,,,,,,,,,,,,,,,,,,,
334.359993,-,0,0,0,,,,12369.902501,130.3836,457.533313,-122.519306,2590.596316,0.438959,,1872.399509,1.226284,0,159.766744,-0.286952,0,,1,0,0,0,20.233253,-0.286952,-0.406574,-0.381378,1,-1,18.991339,18.902643,-23.294994,-23.616571,16.932966,7.2102,7.587471,5.603012,7.580022,0,13.137218,-6370.908339,147.903956,109.400817,,,0,,,,,,LandingBurn,0,0,12369.902501,122.519305,,,,,,,,,,,,,,,,,,,,,,,,0,None,,,,,,,,,,,,,,,,,,,,,,,,1,0,0,,,0.551742,,,,,,,,,,,,,,,,,,,,,,,
334.619993,-,0,0,0,,,,12338.103716,130.135349,457.317653,-122.32587,2588.149799,0.437674,,1872.399509,1.10495,0,156.250917,-0.253122,0,,1,0,0,0,23.749089,-0.253122,-0.044621,0.68615,1,-1,18.309628,18.241019,-2.556576,-28.033596,25.994595,6.816894,7.550678,5.565581,7.584417,0,13.102985,-6370.909225,147.962874,110.086372,,,0,,,,,,LandingBurn,0,0,12338.103716,122.325869,,,,,,,,,,,,,,,,,,,,,,,,0,None,,,,,,,,,,,,,,,,,,,,,,,,1,0,0,,,0.55135,,,,,,,,,,,,,,,,,,,,,,,
334.879993,-,0,0,0,,,,12306.401535,129.809726,457.078303,-122.036842,2588.746444,0.436653,,1872.399509,1.09805,0,147.40251,-0.392533,0,,1,0,0,0,32.597485,-0.392533,0.539254,1,1,-1,16.525332,16.599896,30.896952,-20.109127,30.136452,7.872438,7.547035,5.568967,7.588066,0,13.067655,-6370.909942,147.942782,109.847462,,,0,,,,,,LandingBurn,0,0,12306.401535,122.036843,,,,,,,,,,,,,,,,,,,,,,,,0,None,,,,,,,,,,,,,,,,,,,,,,,,1,0,0,,,0.550964,,,,,,,,,,,,,,,,,,,,,,,
335.139993,-,0,0,0,,,,12274.782502,129.308446,456.776047,-121.565635,2580.783342,0.434917,,1872.399509,1.167568,0,134.961033,-0.567384,0,,1,0,0,0,45.038974,-0.567384,0.71181,1,1,0.968355,19.151412,19.325255,40.78371,10.498101,38.179352,8.464398,7.57934,5.605826,7.585465,0,13.030147,-6370.910715,147.91745,109.553924,,,0,,,,,,LandingBurn,0,0,12274.782502,121.565634,,,,,,,,,,,,,,,,,,,,,,,,0,None,,,,,,,,,,,,,,,,,,,,,,,,1,0,0,,,0.550581,,,,,,,,,,,,,,,,,,,,,,,
335.379993,-,0,0,0,,,,12243.245234,129.206042,457.031863,-121.33639,2578.529692,0.433671,,1872.399509,1.121968,0,121.192156,-0.730433,0,,1,0,0,0,58.807844,-0.730433,0.838587,1,1,1,25.35741,25.624125,48.047504,24.848326,31.026258,7.917611,7.558465,5.579491,7.577179,0,12.995749,-6370.909223,147.921588,109.60132,,,0,,,,,,LandingBurn,0,0,12243.245234,121.336391,,,,,,,,,,,,,,,,,,,,,,,,0,None,,,,,,,,,,,,,,,,,,,,,,,,1,0,0,,,0.550201,,,,,,,,,,,,,,,,,,,,,,,
335.659992,-,0,0,0,,,,12211.711467,129.714778,457.540051,-121.722662,2599.811528,0.434399,,1872.399509,0.932008,0,109.24022,-0.810031,0,,1,0,0,0,70.759793,-0.810031,0.731356,1,1,0.157396,27.154814,27.368887,41.903599,1.607573,23.626892,7.972869,7.580113,5.604776,7.584388,0,12.968996,-6370.90729,147.922486,109.611637,,,0,,,,,,LandingBurn,0,0,12211.711467,121.722661,,,,,,,,,,,,,,,,,,,,,,,,0,None,,,,,,,,,,,,,,,,,,,,,,,,1,0,0,,,0.549814,,,,,,,,,,,,,,,,,,,,,,,
335.919992,-,0,0,0,,,,12179.993427,130.563567,457.842909,-122.592173,2639.935591,0.43667,,1872.399509,0.70927,0,99.820263,-0.849226,0,,1,0,0,0,80.179742,-0.849226,0.428721,1,1,-0.565758,24.268896,24.342304,24.563927,-6.05424,14.384276,8.318336,7.539375,5.581192,7.595883,0,12.948135,-6370.906858,147.879922,109.133457,,,0,,,,,,LandingBurn,0,0,12179.993427,122.592173,,,,,,,,,,,,,,,,,,,,,,,,0,None,,,,,,,,,,,,,,,,,,,,,,,,1,0,0,,,0.549417,,,,,,,,,,,,,,,,,,,,,,,
336.179992,-,0,0,0,,,,12148.003192,131.459186,457.799949,-123.667873,2687.855861,0.439532,,1872.399509,0.599131,0,95.337481,-0.855325,0,,1,0,0,0,84.662515,-0.855325,0.346296,1,1,0.761269,22.005285,22.006871,19.84129,7.930531,-4.421635,8.090351,7.55841,5.576004,7.577539,0,12.929677,-6370.908404,147.86452,108.9655,,,0,,,,,,LandingBurn,0,0,12148.003192,123.667873,,,,,,,,,,,,,,,,,,,,,,,,0,None,,,,,,,,,,,,,,,,,,,,,,,,1,0,0,,,0.549011,,,,,,,,,,,,,,,,,,,,,,,
336.439992,-,0,0,0,,,,12115.720049,132.356106,457.639136,-124.795169,2735.856644,0.44234,,1872.399509,0.590198,0,96.36882,-0.823344,0,,1,0,0,0,83.631177,-0.823344,0.131608,1,1,-0.001779,21.648941,21.601886,7.540587,-0.017745,-19.199162,7.751013,7.561349,5.579751,7.577857,0,12.911702,-6370.910627,147.876059,109.091103,,,0,,,,,,LandingBurn,0,0,12115.720049,124.795168,,,,,,,,,,,,,,,,,,,,,,,,0,None,,,,,,,,,,,,,,,,,,,,,,,,1,0,0,,,0.5486,,,,,,,,,,,,,,,,,,,,,,,
336.699992,-,0,0,0,,,,12083.156593,133.162659,457.677317,-125.733628,2783.371149,0.445049,,1872.399509,0.618559,0,102.660122,-0.831208,0,,1,0,0,0,77.33988,-0.831208,-0.193199,1,1,0.010428,23.130167,23.148281,-11.06949,0.109319,-30.343744,8.183972,7.581661,5.605251,7.585589,0,12.891149,-6370.911699,147.903688,109.397861,,,0,,,,,,LandingBurn,0,0,12083.156593,125.733628,,,,,,,,,,,,,,,,,,,,,,,,0,None,,,,,,,,,,,,,,,,,,,,,,,,1,0,0,,,0.548184,,,,,,,,,,,,,,,,,,,,,,,
336.959992,-,0,0,0,,,,12050.408767,133.657275,458.160828,-126.122704,2822.701194,0.447056,,1872.399509,0.788988,0,113.619996,-0.872394,0,,1,0,0,0,66.379996,-0.872394,-0.399932,1,1,0.433589,26.693732,26.810571,-22.914389,4.917036,-38.545322,8.856263,7.555209,5.607192,7.613664,0,12.863405,-6370.909963,147.925867,109.650623,,,0,,,,,,LandingBurn,0,0,12050.408767,126.122704,,,,,,,,,,,,,,,,,,,,,,,,0,None,,,,,,,,,,,,,,,,,,,,,,,,1,0,0,,,0.547766,,,,,,,,,,,,,,,,,,,,,,,
337.219992,-,0,0,0,,,,12017.675803,133.514851,458.683506,-125.739718,2840.908379,0.447369,,1872.399509,1.088851,0,126.771359,-0.811491,0,,1,0,0,0,53.228642,-0.811491,-0.688061,0.237392,1,-0.02059,31.436305,31.501091,-39.423,-0.225483,-38.759041,8.542987,7.576613,5.600972,7.581706,0,12.825742,-6370.906979,147.931595,109.716907,,,0,,,,,,LandingBurn,0,0,12017.675803,125.739719,,,,,,,,,,,,,,,,,,,,,,,,0,None,,,,,,,,,,,,,,,,,,,,,,,,1,0,0,,,0.547349,,,,,,,,,,,,,,,,,,,,,,,
337.479992,-,0,0,0,,,,11985.097868,132.888271,458.680326,-125.005839,2832.948327,0.445626,,1872.399509,1.267863,0,141.150336,-0.503951,0,,1,0,0,0,38.849669,-0.503951,-0.792697,-0.542691,0.930082,0.630804,32.054861,32.100385,-45.418179,6.817995,-31.257128,8.409349,7.549678,5.586246,7.59493,0,12.783759,-6370.906106,147.97267,110.205093,,,0,,,,,,LandingBurn,0,0,11985.097868,125.005839,,,,,,,,,,,,,,,,,,,,,,,,0,None,,,,,,,,,,,,,,,,,,,,,,,,1,0,0,,,0.546936,,,,,,,,,,,,,,,,,,,,,,,
337.739992,-,0,0,0,,,,11952.724011,132.07423,458.415575,-124.171966,2813.17038,0.442967,,1872.399509,1.327213,0,151.530107,-0.106906,0,,1,0,0,0,28.469895,-0.106906,-0.657856,-1,0.605094,1,26.964448,26.885435,-37.69236,17.536081,-32.136024,8.424751,7.574005,5.594647,7.581635,0,12.740773,-6370.906511,148.086265,111.699548,,,0,,,,,,LandingBurn,0,0,11952.724011,124.171967,,,,,,,,,,,,,,,,,,,,,,,,0,None,,,,,,,,,,,,,,,,,,,,,,,,1,0,0,,,0.54654,,,,,,,,,,,,,,,,,,,,,,,
337.999992,-,0,0,0,,,,11920.571241,131.11894,458.111337,-123.187829,2786.362144,0.439766,,1872.399509,1.40063,0,154.878548,0.221383,0,,1,0,0,0,25.121454,0.221383,-0.417692,-1,1,0.394864,22.259874,22.270519,-23.931988,3.904963,-1.279204,7.661541,7.548492,5.562454,7.57903,0,12.696178,-6370.906921,148.202051,113.553607,,,0,,,,,,LandingBurn,0,0,11920.571241,123.187828,,,,,,,,,,,,,,,,,,,,,,,,0,None,,,,,,,,,,,,,,,,,,,,,,,,1,0,0,,,0.546158,,,,,,,,,,,,,,,,,,,,,,,
338.239992,-,0,0,0,,,,11888.703529,130.226658,457.905565,-122.230114,2757.372369,0.436405,,1872.399509,1.408721,0,150.369241,0.484626,0,,1,0,0,0,29.630761,0.484626,-0.355251,-1,1,1,21.292237,21.204277,-20.354362,34.351631,21.023678,6.815261,7.538625,5.567273,7.589355,0,12.652282,-6370.906827,148.280679,115.172492,,,0,,,,,,LandingBurn,0,0,11888.703529,122.230115,,,,,,,,,,,,,,,,,,,,,,,,0,None,,,,,,,,,,,,,,,,,,,,,,,,1,0,0,,,0.545789,,,,,,,,,,,,,,,,,,,,,,,
338.519992,-,0,0,0,,,,11857.070166,129.663081,457.921751,-121.560519,2738.03983,0.43382,,1872.399509,1.311507,0,140.431552,0.641111,0,,1,0,0,0,39.568445,0.641111,-0.198947,-1,1,1,21.057337,20.839637,-11.39882,42.50444,45.121094,6.783887,7.560587,5.587213,7.587507,0,12.612288,-6370.905971,148.321039,116.235948,,,0,,,,,,LandingBurn,0,0,11857.070166,121.560519,,,,,,,,,,,,,,,,,,,,,,,,0,None,,,,,,,,,,,,,,,,,,,,,,,,1,0,0,,,0.545429,,,,,,,,,,,,,,,,,,,,,,,
338.759992,-,0,0,0,,,,11825.540314,129.445163,457.926126,-121.304702,2734.45291,0.432491,,1872.399509,1.154505,0,128.121024,0.745415,0,,1,0,0,0,51.878984,0.745415,0.07811,-1,1,1,21.730665,21.610753,4.47536,12.927364,62.126171,7.716096,7.553825,5.589073,7.589811,0,12.577563,-6370.905683,148.353529,117.34004,,,0,,,,,,LandingBurn,0,0,11825.540314,121.304703,,,,,,,,,,,,,,,,,,,,,,,,0,None,,,,,,,,,,,,,,,,,,,,,,,,1,0,0,,,0.545075,,,,,,,,,,,,,,,,,,,,,,,
339.039992,-,0,0,0,,,,11794.034462,129.344571,457.872743,-121.211258,2739.34013,0.431836,,1872.399509,1.060794,0,115.438957,0.737151,0,,1,0,0,0,64.561041,0.737151,0.231778,-1,1,-1,23.777724,23.841792,13.279908,-25.357603,68.871872,8.714485,7.570711,5.600045,7.581022,0,12.544883,-6370.905856,148.375508,118.386386,,,0,,,,,,LandingBurn,0,0,11794.034462,121.211257,,,,,,,,,,,,,,,,,,,,,,,,0,None,,,,,,,,,,,,,,,,,,,,,,,,1,0,0,,,0.54472,,,,,,,,,,,,,,,,,,,,,,,
339.299992,-,0,0,0,,,,11762.5034,129.768073,457.926097,-121.691373,2756.941471,0.432179,,1872.399509,0.889236,0,102.603906,0.533846,0,,1,0,0,0,77.396099,0.533846,0.369492,-0.390565,1,-1,25.452428,25.438806,21.170357,-46.731197,58.303883,8.621449,7.579503,5.594689,7.570845,0,12.519296,-6370.906209,148.379083,118.609234,,,0,,,,,,LandingBurn,0,0,11762.5034,121.691373,,,,,,,,,,,,,,,,,,,,,,,,0,None,,,,,,,,,,,,,,,,,,,,,,,,1,0,0,,,0.544361,,,,,,,,,,,,,,,,,,,,,,,
339.559992,-,0,0,0,,,,11730.740117,130.322379,457.060026,-122.712504,2793.64569,0.433993,,1872.399509,0.734173,0,91.683187,0.102291,0,,1,0,0,0,88.316813,0.102291,0.580955,1,1,-1,20.419009,20.533508,33.286293,-53.080742,38.378235,8.530924,7.574241,5.62137,7.599232,0,12.500286,-6370.911596,148.390903,119.686504,,,0,,,,,,LandingBurn,0,0,11730.740117,122.712503,,,,,,,,,,,,,,,,,,,,,,,,0,None,,,,,,,,,,,,,,,,,,,,,,,,1,0,0,,,0.543993,,,,,,,,,,,,,,,,,,,,,,,
339.819992,-,0,0,0,,,,11698.68778,130.580049,455.417342,-123.672818,2820.398343,0.435002,,1872.399509,0.956349,0,88.381506,-0.068582,0,,1,0,0,0,91.618503,-0.068582,0.463752,1,1,-0.888843,17.0876,16.960475,26.571056,-10.063585,-2.723684,8.812042,7.556411,5.588155,7.591157,0,12.480315,-6370.920253,148.393325,120.921692,,,0,,,,,,LandingBurn,0,0,11698.68778,123.672818,,,,,,,,,,,,,,,,,,,,,,,,0,None,,,,,,,,,,,,,,,,,,,,,,,,1,0,0,,,0.543622,,,,,,,,,,,,,,,,,,,,,,,
340.059992,-,0,0,0,,,,11666.512756,131.098838,454.194261,-124.738476,2847.042355,0.435982,,1872.399509,0.921556,0,93.342959,-0.011896,0,,1,0,0,0,86.657036,-0.011896,0.16642,0.636464,1,-0.997166,16.84479,16.830475,9.535176,-11.707843,-19.93326,9.032708,7.53434,5.523676,7.550375,0,12.46166,-6370.926845,148.383402,122.19293,,,0,,,,,,LandingBurn,0,0,11666.512756,124.738477,,,,,,,,,,,,,,,,,,,,,,,,0,None,,,,,,,,,,,,,,,,,,,,,,,,1,0,0,,,0.543251,,,,,,,,,,,,,,,,,,,,,,,
340.319992,-,0,0,0,,,,11634.006692,131.827686,453.777559,-125.730817,2889.181708,0.438111,,1872.399509,0.709623,0,102.34662,-0.082941,0,,1,0,0,0,77.653381,-0.082941,-0.010112,0.212737,1,0.230226,20.707597,20.654778,-0.579399,2.785472,-41.533146,9.446077,7.580015,5.60567,7.58171,0,12.441848,-6370.929754,148.371524,122.948997,,,0,,,,,,LandingBurn,0,0,11634.006692,125.730817,,,,,,,,,,,,,,,,,,,,,,,,0,None,,,,,,,,,,,,,,,,,,,,,,,,1,0,0,,,0.542878,,,,,,,,,,,,,,,,,,,,,,,
340.599992,-,0,0,0,,,,11601.283896,132.420806,454.15128,-126.279123,2930.892202,0.440165,,1872.399509,0.733875,0,112.448474,-0.018825,0,,1,0,0,0,67.551538,-0.018825,-0.266132,-0.54049,1,0.819689,27.535612,27.334703,-15.248247,9.861919,-42.345619,9.364668,7.541235,5.588557,7.58956,0,12.416193,-6370.928807,148.369626,123.048584,,,0,,,,,,LandingBurn,0,0,11601.283896,126.279124,,,,,,,,,,,,,,,,,,,,,,,,0,None,,,,,,,,,,,,,,,,,,,,,,,,1,0,0,,,0.542501,,,,,,,,,,,,,,,,,,,,,,,
340.859992,-,0,0,0,,,,11568.558057,132.492088,454.848077,-126.106462,2957.392172,0.44105,,1872.399509,1.017435,0,121.029331,0.080648,0,,1,0,0,0,58.970667,0.080648,-0.401064,-0.876332,1,-0.093769,32.9957,33.15245,-22.979279,-0.962633,-34.914188,7.911747,7.522035,5.53339,7.567058,0,12.381221,-6370.925616,148.373331,122.850133,,,0,,,,,,LandingBurn,0,0,11568.558057,126.106461,,,,,,,,,,,,,,,,,,,,,,,,0,None,,,,,,,,,,,,,,,,,,,,,,,,1,0,0,,,0.542123,,,,,,,,,,,,,,,,,,,,,,,
341.119992,-,0,0,0,,,,11535.937461,131.979833,455.442362,-125.288071,2957.507425,0.439967,,1872.399509,1.298645,0,128.7404,0.195967,0,,1,0,0,0,51.259599,0.195967,-0.395801,-1,1,-0.447424,35.389298,35.479293,-22.67775,-4.126044,-38.914818,7.183385,7.589686,5.592871,7.557174,0,12.338085,-6370.922026,148.373709,122.828885,,,0,,,,,,LandingBurn,0,0,11535.937461,125.288071,,,,,,,,,,,,,,,,,,,,,,,,0,None,,,,,,,,,,,,,,,,,,,,,,,,1,0,0,,,0.541747,,,,,,,,,,,,,,,,,,,,,,,
341.379992,-,0,0,0,,,,11503.632762,130.938713,455.660462,-123.990432,2931.966475,0.436989,,1872.399509,1.48475,0,135.021281,0.400845,0,,1,0,0,0,44.978724,0.400845,-0.550282,-1,1,-0.678505,34.454435,34.708119,-31.528839,-7.012139,-30.087725,8.069538,7.574886,5.606227,7.592035,0,12.289243,-6370.919485,148.380579,122.40098,,,0,,,,,,LandingBurn,0,0,11503.632762,123.990432,,,,,,,,,,,,,,,,,,,,,,,,0,None,,,,,,,,,,,,,,,,,,,,,,,,1,0,0,,,0.541379,,,,,,,,,,,,,,,,,,,,,,,
