met_s,mission_phase,mode_index,mode_holding,mode_flying,gate_id,gate_phase,crew_action,alt_m,speed_mps,srf_speed_mps,vspeed_mps,q_pa,mach,downrange_m,mass_kg,accel_g,thrust_n,att_err_deg,rate_cmd_rads,throttle,torque_cmd,rcs_on,trans_x,trans_y,trans_z,att_point_deg,att_rate_cmd,att_rate_meas,act_pitch,act_yaw,act_roll,ctrl_tq_pitch,ctrl_tq_yaw,rate_pitch_dps,rate_roll_dps,rate_yaw_dps,ctrl_tq_roll,moi_pitch,moi_roll,moi_yaw,rcs_thrust_n,ap_km,pe_km,inc_deg,raan_deg,ullage_stab,clamp_frac,clamp_held,upfg_tgo_s,upfg_vgo_mps,pitch_deg,azimuth_deg,ascent_phase,boost_phase,boost_aoa_deg,engine_mode,ignite_alt_m,descent_speed_mps,rv_phase,lvlh_rx,lvlh_ry,lvlh_rz,rv_range_m,rv_burn_dv,dock_phase,dock_range_m,close_speed_mps,dock_hold,dep_phase,deorbit_phase,entry_phase,bank_deg,com_descent_mode,chute_phase,drogue,main,dv_planned_mps,dv_delivered_mps,dv_residual_mps,fdir_fault,fdir_recovery,fdir_abort,abort_mode,cal_thrust_n,cal_beta,cal_invI,cal_ld,steer_sign,ker_avail,ker_remain_dv,ker_final_dv,ker_cur_twr,ker_cur_thrust_n,steer_loss_mps,grav_loss_mps,drag_loss_mps,cal_kaero,cal_kaero_p,qalpha_cap_deg,aero_ang_accel,aoa_signed_deg,rcsbal_torque_naive,rcsbal_torque_resid,rcsbal_force_frac,cc_dsigma_deg,cc_slope_m_per_rad,warp_rate,eng_ignited,eng_flameout,mmh_frac,nto_frac,skin_temp_frac,rcs_geo_pitch,rcs_geo_yaw,rcs_geo_roll
0,-,1,1,0,SuitLeakG2,Holding,1,92.586189,407.818431,0.00067,0.00067,0,0.000002,0,1573203.667618,0.998617,0,0,0,0,,0,0,0,0,0,0,0,0,0,0,0,0,-0.000634,-0.000309,0.000121,0,883654.1875,20242.806641,888364.0625,0,0.039901,-6362.530591,28.620268,213.83978,,,,,,,,,,,,,,,,,,,,,,,,,,,,,,,,,,,None,Continue,0,None,,,,,,1,6097.718811,432.371399,0.713823,11027861.328125,,,,,,,,,,,,,,1,0,0,1,1,0.621805,0,0,0
0,ASCENT,7,0,1,None,Holding,0,92.586192,407.818445,0,0,0,0.000002,0.000009,1573203.667618,,,,,,,0,,,,,,,,,,,,,,,,0,0,0,,0.0399,-6362.530591,28.620268,213.84303,,,,,,,,,,,,,,,,,,,,,,,,,,,,,,,,,,,None,Continue,0,None,,,,,,1,6097.718811,432.371399,0.713823,11027861.328125,,,,,,,,,,,,,,49.578247,0,0,1,1,0.621811,,,
0,ASCENT,7,0,1,None,Holding,0,92.586192,407.818445,0,0,0,0.000002,0.000009,1573203.667618,,,,,,,0,,,,,,,,,,,,,,,,0,0,0,,0.0399,-6362.530591,28.620268,213.847173,,,,,,,,,,,,,,,,,,,,,,,,,,,,,,,,,,,None,Continue,0,None,,,,,,1,6097.718811,432.371399,0.713823,11027861.328125,,,,,,,,,,,,,,69.397583,0,0,1,1,0.621826,,,
0,ASCENT,7,0,1,None,Holding,0,92.586192,407.818445,0,0,0,0.000002,0.000009,1573203.667618,,,,,,,0,,,,,,,,,,,,,,,,0,0,0,,0.0399,-6362.530591,28.620268,213.852972,,,,,,,,,,,,,,,,,,,,,,,,,,,,,,,,,,,None,Continue,0,None,,,,,,1,6097.718811,432.371399,0.713823,11027861.328125,,,,,,,,,,,,,,89.156494,0,0,1,1,0.621846,,,
0,ASCENT,7,0,1,None,Holding,0,92.586192,407.818445,0,0,0,0.000001,0.000009,1573203.667618,,,,,,,0,,,,,,,,,,,,,,,,0,0,0,,0.0399,-6362.530591,28.620268,213.860422,,,,,,,,,,,,,,,,,,,,,,,,,,,,,,,,,,,None,Continue,0,None,,,,,,1,6097.718811,432.371399,0.713823,11027861.328125,,,,,,,,,,,,,,108.97583,0,0,1,1,0.62187,,,
0,ASCENT,7,0,1,None,Holding,0,92.586192,407.818445,0,0,0,0.000001,0.000009,1573203.667618,,,,,,,0,,,,,,,,,,,,,,,,0,0,0,,0.0399,-6362.530591,28.620268,213.869528,,,,,,,,,,,,,,,,,,,,,,,,,,,,,,,,,,,None,Continue,0,None,,,,,,1,6097.718811,432.371399,0.713823,11027861.328125,,,,,,,,,,,,,,128.795166,0,0,1,1,0.621853,,,
0,ASCENT,7,0,1,None,Holding,0,92.586192,407.818445,0,0,0,0.000001,0.000009,1573203.667618,,,,,,,0,,,,,,,,,,,,,,,,0,0,0,,0.0399,-6362.530591,28.620268,213.880291,,,,,,,,,,,,,,,,,,,,,,,,,,,,,,,,,,,None,Continue,0,None,,,,,,1,6097.718811,432.371399,0.713823,11027861.328125,,,,,,,,,,,,,,148.554077,0,0,1,1,0.621833,,,
0,ASCENT,7,0,1,None,Holding,0,92.586192,407.818445,0,0,0,0.000001,0.000009,1573203.667618,,,,,,,0,,,,,,,,,,,,,,,,0,0,0,,0.0399,-6362.530591,28.620268,213.892704,,,,,,,,,,,,,,,,,,,,,,,,,,,,,,,,,,,None,Continue,0,None,,,,,,1,6097.718811,432.371399,0.713823,11027861.328125,,,,,,,,,,,,,,168.373413,0,0,1,1,0.62181,,,
0,ASCENT,7,0,1,None,Holding,0,92.586192,407.818445,0,0,0,0,0.000009,1573203.667618,,,,,,,0,,,,,,,,,,,,,,,,0,0,0,,0.0399,-6362.530591,28.620268,213.906774,,,,,,,,,,,,,,,,,,,,,,,,,,,,,,,,,,,None,Continue,0,None,,,,,,1,6097.718811,432.371399,0.713823,11027861.328125,,,,,,,,,,,,,,188.192749,0,0,1,1,0.621784,,,
0,ASCENT,7,0,1,None,Holding,0,92.586192,407.818445,0,0,0,0,0.000009,1573203.667618,,,,,,,0,,,,,,,,,,,,,,,,0,0,0,,0.0399,-6362.530591,28.620268,213.922499,,,,,,,,,,,,,,,,,,,,,,,,,,,,,,,,,,,None,Continue,0,None,,,,,,1,6097.718811,432.371399,0.713823,11027861.328125,,,,,,,,,,,,,,207.95166,0,0,1,1,0.621755,,,
0,ASCENT,7,0,1,None,Holding,0,92.586192,407.818445,0,0,0,0,0.000009,1573203.667618,,,,,,,0,,,,,,,,,,,,,,,,0,0,0,,0.0399,-6362.530591,28.620268,213.939876,,,,,,,,,,,,,,,,,,,,,,,,,,,,,,,,,,,None,Continue,0,None,,,,,,1,6097.718811,432.371399,0.713823,11027861.328125,,,,,,,,,,,,,,227.770996,0,0,1,1,0.621723,,,
0,ASCENT,7,0,1,None,Holding,0,92.586192,407.818445,0,0,0,0,0.000009,1573203.667618,,,,,,,0,,,,,,,,,,,,,,,,0,0,0,,0.0399,-6362.530591,28.620268,213.958909,,,,,,,,,,,,,,,,,,,,,,,,,,,,,,,,,,,None,Continue,0,None,,,,,,1,6097.718811,432.371399,0.713823,11027861.328125,,,,,,,,,,,,,,247.590332,0,0,1,1,0.621689,,,
0,ASCENT,7,0,1,None,Holding,0,92.586192,407.818445,0,0,0,0,0.000009,1573203.667618,,,,,,,0,,,,,,,,,,,,,,,,0,0,0,,0.0399,-6362.530591,28.620268,213.979598,,,,,,,,,,,,,,,,,,,,,,,,,,,,,,,,,,,None,Continue,0,None,,,,,,1,6097.718811,432.371399,0.713823,11027861.328125,,,,,,,,,,,,,,267.349243,0,0,1,1,0.621652,,,
0,ASCENT,7,0,1,None,Holding,0,92.586192,407.818445,0,0,0,0,0.000009,1573203.667618,,,,,,,0,,,,,,,,,,,,,,,,0,0,0,,0.0399,-6362.530591,28.620268,214.001938,,,,,,,,,,,,,,,,,,,,,,,,,,,,,,,,,,,None,Continue,0,None,,,,,,1,6097.718811,432.371399,0.713823,11027861.328125,,,,,,,,,,,,,,287.168579,0,0,1,1,0.621613,,,
0,ASCENT,7,0,1,None,Holding,0,92.586192,407.818445,0,0,0,0,0.000009,1573203.667618,,,,,,,0,,,,,,,,,,,,,,,,0,0,0,,0.0399,-6362.530591,28.620268,214.025934,,,,,,,,,,,,,,,,,,,,,,,,,,,,,,,,,,,None,Continue,0,None,,,,,,1,6097.718811,432.371399,0.713823,11027861.328125,,,,,,,,,,,,,,306.987915,0,0,1,1,0.621571,,,
0,ASCENT,7,0,1,None,Holding,0,92.586192,407.818445,0,0,0,0,0.000009,1573203.667618,,,,,,,0,,,,,,,,,,,,,,,,0,0,0,,0.0399,-6362.530591,28.620268,214.051587,,,,,,,,,,,,,,,,,,,,,,,,,,,,,,,,,,,None,Continue,0,None,,,,,,1,6097.718811,432.371399,0.713823,11027861.328125,,,,,,,,,,,,,,326.746826,0,0,1,1,0.621527,,,
0,ASCENT,7,0,1,None,Holding,0,92.586192,407.818445,0,0,0,0,0.000009,1573203.667618,,,,,,,0,,,,,,,,,,,,,,,,0,0,0,,0.0399,-6362.530591,28.620268,214.07889,,,,,,,,,,,,,,,,,,,,,,,,,,,,,,,,,,,None,Continue,0,None,,,,,,1,6097.718811,432.371399,0.713823,11027861.328125,,,,,,,,,,,,,,346.566162,0,0,1,1,0.621481,,,
0,ASCENT,7,0,1,None,Holding,0,92.586192,407.818445,0,0,0,0,0.000009,1573203.667618,,,,,,,0,,,,,,,,,,,,,,,,0,0,0,,0.0399,-6362.530591,28.620268,214.10785,,,,,,,,,,,,,,,,,,,,,,,,,,,,,,,,,,,None,Continue,0,None,,,,,,1,6097.718811,432.371399,0.713823,11027861.328125,,,,,,,,,,,,,,366.385498,0,0,1,1,0.621433,,,
0,ASCENT,7,0,1,None,Holding,0,92.586192,407.818445,0,0,0,0,0.000009,1573203.667618,,,,,,,0,,,,,,,,,,,,,,,,0,0,0,,0.0399,-6362.530591,28.620268,214.138465,,,,,,,,,,,,,,,,,,,,,,,,,,,,,,,,,,,None,Continue,0,None,,,,,,1,6097.718811,432.371399,0.713823,11027861.328125,,,,,,,,,,,,,,386.204834,0,0,1,1,0.621382,,,
0,ASCENT,7,0,1,None,Holding,0,92.586192,407.818445,0,0,0,0,0.000009,1573203.667618,,,,,,,0,,,,,,,,,,,,,,,,0,0,0,,0.0399,-6362.530591,28.620268,214.170737,,,,,,,,,,,,,,,,,,,,,,,,,,,,,,,,,,,None,Continue,0,None,,,,,,1,6097.718811,432.371399,0.713823,11027861.328125,,,,,,,,,,,,,,405.963745,0,0,1,1,0.62133,,,
0,ASCENT,7,0,1,None,Holding,0,92.586192,407.818445,0,0,0,0,0.000009,1573203.667618,,,,,,,0,,,,,,,,,,,,,,,,0,0,0,,0.0399,-6362.530591,28.620268,214.20466,,,,,,,,,,,,,,,,,,,,,,,,,,,,,,,,,,,None,Continue,0,None,,,,,,1,6097.718811,432.371399,0.713823,11027861.328125,,,,,,,,,,,,,,425.783081,0,0,1,1,0.621276,,,
0,ASCENT,7,0,1,None,Holding,0,92.586192,407.818445,0,0,0,0,0.000009,1573203.667618,,,,,,,0,,,,,,,,,,,,,,,,0,0,0,,0.0399,-6362.530591,28.620268,214.240239,,,,,,,,,,,,,,,,,,,,,,,,,,,,,,,,,,,None,Continue,0,None,,,,,,1,6097.718811,432.371399,0.713823,11027861.328125,,,,,,,,,,,,,,445.602417,0,0,1,1,0.621221,,,
0,ASCENT,7,0,1,None,Holding,0,92.586192,407.818445,0,0,0,0,0.000009,1573203.667618,,,,,,,0,,,,,,,,,,,,,,,,0,0,0,,0.0399,-6362.530591,28.620268,214.277474,,,,,,,,,,,,,,,,,,,,,,,,,,,,,,,,,,,None,Continue,0,None,,,,,,1,6097.718811,432.371399,0.713823,11027861.328125,,,,,,,,,,,,,,465.361328,0,0,1,1,0.621164,,,
0,ASCENT,7,0,1,None,Holding,0,92.586192,407.818445,0,0,0,0,0.000009,1573203.667618,,,,,,,0,,,,,,,,,,,,,,,,0,0,0,,0.0399,-6362.530591,28.620268,214.316361,,,,,,,,,,,,,,,,,,,,,,,,,,,,,,,,,,,None,Continue,0,None,,,,,,1,6097.718811,432.371399,0.713823,11027861.328125,,,,,,,,,,,,,,485.180664,0,0,1,1,0.621105,,,
0,ASCENT,7,0,1,None,Holding,0,92.586192,407.818445,0,0,0,0,0.000009,1573203.667618,,,,,,,0,,,,,,,,,,,,,,,,0,0,0,,0.0399,-6362.530591,28.620268,214.356903,,,,,,,,,,,,,,,,,,,,,,,,,,,,,,,,,,,None,Continue,0,None,,,,,,1,6097.718811,432.371399,0.713823,11027861.328125,,,,,,,,,,,,,,505,0,0,1,1,0.621046,,,
0,ASCENT,7,0,1,None,Holding,0,92.586192,407.818445,0,0,0,0,0.000009,1573203.667618,,,,,,,0,,,,,,,,,,,,,,,,0,0,0,,0.0399,-6362.530591,28.620268,214.399102,,,,,,,,,,,,,,,,,,,,,,,,,,,,,,,,,,,None,Continue,0,None,,,,,,1,6097.718811,432.371399,0.713823,11027861.328125,,,,,,,,,,,,,,524.758911,0,0,1,1,0.620986,,,
0,ASCENT,7,0,1,None,Holding,0,92.586192,407.818445,0,0,0,0,0.000009,1573203.667618,,,,,,,0,,,,,,,,,,,,,,,,0,0,0,,0.0399,-6362.530591,28.620268,214.442951,,,,,,,,,,,,,,,,,,,,,,,,,,,,,,,,,,,None,Continue,0,None,,,,,,1,6097.718811,432.371399,0.713823,11027861.328125,,,,,,,,,,,,,,544.578247,0,0,1,1,0.620925,,,
0,ASCENT,7,0,1,None,Holding,0,92.586192,407.818445,0,0,0,0,0.000009,1573203.667618,,,,,,,0,,,,,,,,,,,,,,,,0,0,0,,0.0399,-6362.530591,28.620268,214.488457,,,,,,,,,,,,,,,,,,,,,,,,,,,,,,,,,,,None,Continue,0,None,,,,,,1,6097.718811,432.371399,0.713823,11027861.328125,,,,,,,,,,,,,,564.397583,0,0,1,1,0.620863,,,
0,ASCENT,7,0,1,None,Holding,0,92.586192,407.818445,0,0,0,0,0.000009,1573203.667618,,,,,,,0,,,,,,,,,,,,,,,,0,0,0,,0.0399,-6362.530591,28.620268,214.535619,,,,,,,,,,,,,,,,,,,,,,,,,,,,,,,,,,,None,Continue,0,None,,,,,,1,6097.718811,432.371399,0.713823,11027861.328125,,,,,,,,,,,,,,584.156494,0,0,1,1,0.620801,,,
0,ASCENT,7,0,1,None,Holding,0,92.586192,407.818445,0,0,0,0,0.000009,1573203.667618,,,,,,,0,,,,,,,,,,,,,,,,0,0,0,,0.0399,-6362.530591,28.620268,214.584432,,,,,,,,,,,,,,,,,,,,,,,,,,,,,,,,,,,None,Continue,0,None,,,,,,1,6097.718811,432.371399,0.713823,11027861.328125,,,,,,,,,,,,,,603.97583,0,0,1,1,0.620738,,,
0,ASCENT,7,0,1,None,Holding,0,92.586192,407.818445,0,0,0,0,0.000009,1573203.667618,,,,,,,0,,,,,,,,,,,,,,,,0,0,0,,0.0399,-6362.530591,28.620268,214.634901,,,,,,,,,,,,,,,,,,,,,,,,,,,,,,,,,,,None,Continue,0,None,,,,,,1,6097.718811,432.371399,0.713823,11027861.328125,,,,,,,,,,,,,,623.795166,0,0,1,1,0.620675,,,
0,ASCENT,7,0,1,None,Holding,0,92.586192,407.818445,0,0,0,0,0.000009,1573203.667618,,,,,,,0,,,,,,,,,,,,,,,,0,0,0,,0.0399,-6362.530591,28.620268,214.687026,,,,,,,,,,,,,,,,,,,,,,,,,,,,,,,,,,,None,Continue,0,None,,,,,,1,6097.718811,432.371399,0.713823,11027861.328125,,,,,,,,,,,,,,643.554077,0,0,1,1,0.620611,,,
0,ASCENT,7,0,1,None,Holding,0,92.586192,407.818445,0,0,0,0,0.000009,1573203.667618,,,,,,,0,,,,,,,,,,,,,,,,0,0,0,,0.0399,-6362.530591,28.620268,214.740803,,,,,,,,,,,,,,,,,,,,,,,,,,,,,,,,,,,None,Continue,0,None,,,,,,1,6097.718811,432.371399,0.713823,11027861.328125,,,,,,,,,,,,,,663.373413,0,0,1,1,0.620547,,,
0,ASCENT,7,0,1,None,Holding,0,92.586192,407.818445,0,0,0,0,0.000009,1573203.667618,,,,,,,0,,,,,,,,,,,,,,,,0,0,0,,0.0399,-6362.530591,28.620268,214.796235,,,,,,,,,,,,,,,,,,,,,,,,,,,,,,,,,,,None,Continue,0,None,,,,,,1,6097.718811,432.371399,0.713823,11027861.328125,,,,,,,,,,,,,,683.192749,0,0,1,1,0.620483,,,
0,ASCENT,7,0,1,None,Holding,0,92.586192,407.818445,0,0,0,0,0.000009,1573203.667618,,,,,,,0,,,,,,,,,,,,,,,,0,0,0,,0.0399,-6362.530591,28.620268,214.853324,,,,,,,,,,,,,,,,,,,,,,,,,,,,,,,,,,,None,Continue,0,None,,,,,,1,6097.718811,432.371399,0.713823,11027861.328125,,,,,,,,,,,,,,702.95166,0,0,1,1,0.62042,,,
0,ASCENT,7,0,1,None,Holding,0,92.586192,407.818445,0,0,0,0,0.000009,1573203.667618,,,,,,,0,,,,,,,,,,,,,,,,0,0,0,,0.0399,-6362.530591,28.620268,214.912063,,,,,,,,,,,,,,,,,,,,,,,,,,,,,,,,,,,None,Continue,0,None,,,,,,1,6097.718811,432.371399,0.713823,11027861.328125,,,,,,,,,,,,,,722.770996,0,0,1,1,0.620357,,,
0,ASCENT,7,0,1,None,Holding,0,92.586192,407.818445,0,0,0,0,0.000009,1573203.667618,,,,,,,0,,,,,,,,,,,,,,,,0,0,0,,0.0399,-6362.530591,28.620268,214.972459,,,,,,,,,,,,,,,,,,,,,,,,,,,,,,,,,,,None,Continue,0,None,,,,,,1,6097.718811,432.371399,0.713823,11027861.328125,,,,,,,,,,,,,,742.590332,0,0,1,1,0.620295,,,
0,ASCENT,7,0,1,None,Holding,0,92.586192,407.818445,0,0,0,0,0.000009,1573203.667618,,,,,,,0,,,,,,,,,,,,,,,,0,0,0,,0.0399,-6362.530591,28.620268,215.034511,,,,,,,,,,,,,,,,,,,,,,,,,,,,,,,,,,,None,Continue,0,None,,,,,,1,6097.718811,432.371399,0.713823,11027861.328125,,,,,,,,,,,,,,762.349243,0,0,1,1,0.620234,,,
0,ASCENT,7,0,1,None,Holding,0,92.586192,407.818445,0,0,0,0,0.000009,1573203.667618,,,,,,,0,,,,,,,,,,,,,,,,0,0,0,,0.0399,-6362.530591,28.620268,215.098214,,,,,,,,,,,,,,,,,,,,,,,,,,,,,,,,,,,None,Continue,0,None,,,,,,1,6097.718811,432.371399,0.713823,11027861.328125,,,,,,,,,,,,,,782.168579,0,0,1,1,0.620173,,,
0,ASCENT,7,0,1,None,Holding,0,92.586192,407.818445,0,0,0,0,0.000009,1573203.667618,,,,,,,0,,,,,,,,,,,,,,,,0,0,0,,0.0399,-6362.530591,28.620268,215.163573,,,,,,,,,,,,,,,,,,,,,,,,,,,,,,,,,,,None,Continue,0,None,,,,,,1,6097.718811,432.371399,0.713823,11027861.328125,,,,,,,,,,,,,,801.987915,0,0,1,1,0.620113,,,
0,ASCENT,7,0,1,None,Holding,0,92.586192,407.818445,0,0,0,0,0.000009,1573203.667618,,,,,,,0,,,,,,,,,,,,,,,,0,0,0,,0.0399,-6362.530591,28.620268,215.230589,,,,,,,,,,,,,,,,,,,,,,,,,,,,,,,,,,,None,Continue,0,None,,,,,,1,6097.718811,432.371399,0.713823,11027861.328125,,,,,,,,,,,,,,821.746826,0,0,1,1,0.620053,,,
0,ASCENT,7,0,1,None,Holding,0,92.586192,407.818445,0,0,0,0,0.000009,1573203.667618,,,,,,,0,,,,,,,,,,,,,,,,0,0,0,,0.0399,-6362.530591,28.620268,215.299255,,,,,,,,,,,,,,,,,,,,,,,,,,,,,,,,,,,None,Continue,0,None,,,,,,1,6097.718811,432.371399,0.713823,11027861.328125,,,,,,,,,,,,,,841.566162,0,0,1,1,0.619995,,,
0,ASCENT,7,0,1,None,Holding,0,92.586192,407.818445,0,0,0,0,0.000009,1573203.667618,,,,,,,0,,,,,,,,,,,,,,,,0,0,0,,0.0399,-6362.530591,28.620268,215.369578,,,,,,,,,,,,,,,,,,,,,,,,,,,,,,,,,,,None,Continue,0,None,,,,,,1,6097.718811,432.371399,0.713823,11027861.328125,,,,,,,,,,,,,,861.385498,0,0,1,1,0.619938,,,
0,ASCENT,7,0,1,None,Holding,0,92.586192,407.818445,0,0,0,0,0.000009,1573203.667618,,,,,,,0,,,,,,,,,,,,,,,,0,0,0,,0.0399,-6362.530591,28.620268,215.441556,,,,,,,,,,,,,,,,,,,,,,,,,,,,,,,,,,,None,Continue,0,None,,,,,,1,6097.718811,432.371399,0.713823,11027861.328125,,,,,,,,,,,,,,881.204834,0,0,1,1,0.619881,,,
0,ASCENT,7,0,1,None,Holding,0,92.586192,407.818445,0,0,0,0,0.000009,1573203.667618,,,,,,,0,,,,,,,,,,,,,,,,0,0,0,,0.0399,-6362.530591,28.620268,215.515191,,,,,,,,,,,,,,,,,,,,,,,,,,,,,,,,,,,None,Continue,0,None,,,,,,1,6097.718811,432.371399,0.713823,11027861.328125,,,,,,,,,,,,,,900.963745,0,0,1,1,0.619826,,,
0,ASCENT,7,0,1,None,Holding,0,92.586192,407.818445,0,0,0,0,0.000009,1573203.667618,,,,,,,0,,,,,,,,,,,,,,,,0,0,0,,0.0399,-6362.530591,28.620268,215.590477,,,,,,,,,,,,,,,,,,,,,,,,,,,,,,,,,,,None,Continue,0,None,,,,,,1,6097.718811,432.371399,0.713823,11027861.328125,,,,,,,,,,,,,,920.783081,0,0,1,1,0.619773,,,
0,ASCENT,7,0,1,None,Holding,0,92.586192,407.818445,0,0,0,0,0.000009,1573203.667618,,,,,,,0,,,,,,,,,,,,,,,,0,0,0,,0.0399,-6362.530591,28.620268,215.667419,,,,,,,,,,,,,,,,,,,,,,,,,,,,,,,,,,,None,Continue,0,None,,,,,,1,6097.718811,432.371399,0.713823,11027861.328125,,,,,,,,,,,,,,940.602417,0,0,1,1,0.619722,,,
0,ASCENT,7,0,1,None,Holding,0,92.586192,407.818445,0,0,0,0,0.000009,1573203.667618,,,,,,,0,,,,,,,,,,,,,,,,0,0,0,,0.0399,-6362.530591,28.620268,215.746017,,,,,,,,,,,,,,,,,,,,,,,,,,,,,,,,,,,None,Continue,0,None,,,,,,1,6097.718811,432.371399,0.713823,11027861.328125,,,,,,,,,,,,,,960.361328,0,0,1,1,0.619672,,,
0,ASCENT,7,0,1,None,Holding,0,92.586192,407.818445,0,0,0,0,0.000009,1573203.667618,,,,,,,0,,,,,,,,,,,,,,,,0,0,0,,0.0399,-6362.530591,28.620268,215.826266,,,,,,,,,,,,,,,,,,,,,,,,,,,,,,,,,,,None,Continue,0,None,,,,,,1,6097.718811,432.371399,0.713823,11027861.328125,,,,,,,,,,,,,,980.180664,0,0,1,1,0.619624,,,
0,ASCENT,7,0,1,None,Holding,0,92.586192,407.818445,0,0,0,0,0.000009,1573203.667618,,,,,,,0,,,,,,,,,,,,,,,,0,0,0,,0.0399,-6362.530591,28.620268,215.908172,,,,,,,,,,,,,,,,,,,,,,,,,,,,,,,,,,,None,Continue,0,None,,,,,,1,6097.718811,432.371399,0.713823,11027861.328125,,,,,,,,,,,,,,1000,0,0,1,1,0.619578,,,
0,ASCENT,7,0,1,None,Holding,0,92.586192,407.818445,0,0,0,0,0.000009,1573203.667618,,,,,,,0,,,,,,,,,,,,,,,,0,0,0,,0.0399,-6362.530591,28.620268,215.991733,,,,,,,,,,,,,,,,,,,,,,,,,,,,,,,,,,,None,Continue,0,None,,,,,,1,6097.718811,432.371399,0.713823,11027861.328125,,,,,,,,,,,,,,1000,0,0,1,1,0.619533,,,
0,ASCENT,7,0,1,None,Holding,0,92.586192,407.818445,0,0,0,0,0.000009,1573203.667618,,,,,,,0,,,,,,,,,,,,,,,,0,0,0,,0.0399,-6362.530591,28.620268,216.075295,,,,,,,,,,,,,,,,,,,,,,,,,,,,,,,,,,,None,Continue,0,None,,,,,,1,6097.718811,432.371399,0.713823,11027861.328125,,,,,,,,,,,,,,1000,0,0,1,1,0.619491,,,
0,ASCENT,7,0,1,None,Holding,0,92.586192,407.818445,0,0,0,0,0.000009,1573203.667618,,,,,,,0,,,,,,,,,,,,,,,,0,0,0,,0.0399,-6362.530591,28.620268,216.158856,,,,,,,,,,,,,,,,,,,,,,,,,,,,,,,,,,,None,Continue,0,None,,,,,,1,6097.718811,432.371399,0.713823,11027861.328125,,,,,,,,,,,,,,1000,0,0,1,1,0.619449,,,
0,ASCENT,7,0,1,None,Holding,0,92.586192,407.818445,0,0,0,0,0.000009,1573203.667618,,,,,,,0,,,,,,,,,,,,,,,,0,0,0,,0.0399,-6362.530591,28.620268,216.242418,,,,,,,,,,,,,,,,,,,,,,,,,,,,,,,,,,,None,Continue,0,None,,,,,,1,6097.718811,432.371399,0.713823,11027861.328125,,,,,,,,,,,,,,1000,0,0,1,1,0.619411,,,
0,ASCENT,7,0,1,None,Holding,0,92.586192,407.818445,0,0,0,0,0.000009,1573203.667618,,,,,,,0,,,,,,,,,,,,,,,,0,0,0,,0.0399,-6362.530591,28.620268,216.325979,,,,,,,,,,,,,,,,,,,,,,,,,,,,,,,,,,,None,Continue,0,None,,,,,,1,6097.718811,432.371399,0.713823,11027861.328125,,,,,,,,,,,,,,1000,0,0,1,1,0.619377,,,
0,ASCENT,7,0,1,None,Holding,0,92.586192,407.818445,0,0,0,0,0.000009,1573203.667618,,,,,,,0,,,,,,,,,,,,,,,,0,0,0,,0.0399,-6362.530591,28.620268,216.409541,,,,,,,,,,,,,,,,,,,,,,,,,,,,,,,,,,,None,Continue,0,None,,,,,,1,6097.718811,432.371399,0.713823,11027861.328125,,,,,,,,,,,,,,1000,0,0,1,1,0.619345,,,
0,ASCENT,7,0,1,None,Holding,0,92.586192,407.818445,0,0,0,0,0.000009,1573203.667618,,,,,,,0,,,,,,,,,,,,,,,,0,0,0,,0.0399,-6362.530591,28.620268,216.493102,,,,,,,,,,,,,,,,,,,,,,,,,,,,,,,,,,,None,Continue,0,None,,,,,,1,6097.718811,432.371399,0.713823,11027861.328125,,,,,,,,,,,,,,1000,0,0,1,1,0.619315,,,
0,ASCENT,7,0,1,None,Holding,0,92.586192,407.818445,0,0,0,0,0.000009,1573203.667618,,,,,,,0,,,,,,,,,,,,,,,,0,0,0,,0.0399,-6362.530591,28.620268,216.576664,,,,,,,,,,,,,,,,,,,,,,,,,,,,,,,,,,,None,Continue,0,None,,,,,,1,6097.718811,432.371399,0.713823,11027861.328125,,,,,,,,,,,,,,1000,0,0,1,1,0.619287,,,
0,ASCENT,7,0,1,None,Holding,0,92.586192,407.818445,0,0,0,0,0.000009,1573203.667618,,,,,,,0,,,,,,,,,,,,,,,,0,0,0,,0.0399,-6362.530591,28.620268,216.660225,,,,,,,,,,,,,,,,,,,,,,,,,,,,,,,,,,,None,Continue,0,None,,,,,,1,6097.718811,432.371399,0.713823,11027861.328125,,,,,,,,,,,,,,1000,0,0,1,1,0.619261,,,
0,ASCENT,7,0,1,None,Holding,0,92.586192,407.818445,0,0,0,0,0.000009,1573203.667618,,,,,,,0,,,,,,,,,,,,,,,,0,0,0,,0.0399,-6362.530591,28.620268,216.743787,,,,,,,,,,,,,,,,,,,,,,,,,,,,,,,,,,,None,Continue,0,None,,,,,,1,6097.718811,432.371399,0.713823,11027861.328125,,,,,,,,,,,,,,1000,0,0,1,1,0.619237,,,
0,ASCENT,7,0,1,None,Holding,0,92.586192,407.818445,0,0,0,0,0.000009,1573203.667618,,,,,,,0,,,,,,,,,,,,,,,,0,0,0,,0.0399,-6362.530591,28.620268,216.827348,,,,,,,,,,,,,,,,,,,,,,,,,,,,,,,,,,,None,Continue,0,None,,,,,,1,6097.718811,432.371399,0.713823,11027861.328125,,,,,,,,,,,,,,1000,0,0,1,1,0.619215,,,
0,ASCENT,7,0,1,None,Holding,0,92.586192,407.818445,0,0,0,0,0.000009,1573203.667618,,,,,,,0,,,,,,,,,,,,,,,,0,0,0,,0.0399,-6362.530591,28.620268,216.91091,,,,,,,,,,,,,,,,,,,,,,,,,,,,,,,,,,,None,Continue,0,None,,,,,,1,6097.718811,432.371399,0.713823,11027861.328125,,,,,,,,,,,,,,1000,0,0,1,1,0.619194,,,
0,ASCENT,7,0,1,None,Holding,0,92.586192,407.818445,0,0,0,0,0.000009,1573203.667618,,,,,,,0,,,,,,,,,,,,,,,,0,0,0,,0.0399,-6362.530591,28.620268,216.994471,,,,,,,,,,,,,,,,,,,,,,,,,,,,,,,,,,,None,Continue,0,None,,,,,,1,6097.718811,432.371399,0.713823,11027861.328125,,,,,,,,,,,,,,1000,0,0,1,1,0.619176,,,
0,ASCENT,7,0,1,None,Holding,0,92.586192,407.818445,0,0,0,0,0.000009,1573203.667618,,,,,,,0,,,,,,,,,,,,,,,,0,0,0,,0.0399,-6362.530591,28.620268,217.078033,,,,,,,,,,,,,,,,,,,,,,,,,,,,,,,,,,,None,Continue,0,None,,,,,,1,6097.718811,432.371399,0.713823,11027861.328125,,,,,,,,,,,,,,1000,0,0,1,1,0.619159,,,
0,ASCENT,7,0,1,None,Holding,0,92.586192,407.818445,0,0,0,0,0.000009,1573203.667618,,,,,,,0,,,,,,,,,,,,,,,,0,0,0,,0.0399,-6362.530591,28.620268,217.161594,,,,,,,,,,,,,,,,,,,,,,,,,,,,,,,,,,,None,Continue,0,None,,,,,,1,6097.718811,432.371399,0.713823,11027861.328125,,,,,,,,,,,,,,1000,0,0,1,1,0.619143,,,
0,ASCENT,7,0,1,None,Holding,0,92.586192,407.818445,0,0,0,0,0.000009,1573203.667618,,,,,,,0,,,,,,,,,,,,,,,,0,0,0,,0.0399,-6362.530591,28.620268,217.245156,,,,,,,,,,,,,,,,,,,,,,,,,,,,,,,,,,,None,Continue,0,None,,,,,,1,6097.718811,432.371399,0.713823,11027861.328125,,,,,,,,,,,,,,1000,0,0,1,1,0.619129,,,
0,ASCENT,7,0,1,None,Holding,0,92.586192,407.818445,0,0,0,0,0.000009,1573203.667618,,,,,,,0,,,,,,,,,,,,,,,,0,0,0,,0.0399,-6362.530591,28.620268,217.328717,,,,,,,,,,,,,,,,,,,,,,,,,,,,,,,,,,,None,Continue,0,None,,,,,,1,6097.718811,432.371399,0.713823,11027861.328125,,,,,,,,,,,,,,1000,0,0,1,1,0.619117,,,
0,ASCENT,7,0,1,None,Holding,0,92.586192,407.818445,0,0,0,0,0.000009,1573203.667618,,,,,,,0,,,,,,,,,,,,,,,,0,0,0,,0.0399,-6362.530591,28.620268,217.412279,,,,,,,,,,,,,,,,,,,,,,,,,,,,,,,,,,,None,Continue,0,None,,,,,,1,6097.718811,432.371399,0.713823,11027861.328125,,,,,,,,,,,,,,1000,0,0,1,1,0.619106,,,
0,ASCENT,7,0,1,None,Holding,0,92.586192,407.818445,0,0,0,0,0.000009,1573203.667618,,,,,,,0,,,,,,,,,,,,,,,,0,0,0,,0.0399,-6362.530591,28.620268,217.49584,,,,,,,,,,,,,,,,,,,,,,,,,,,,,,,,,,,None,Continue,0,None,,,,,,1,6097.718811,432.371399,0.713823,11027861.328125,,,,,,,,,,,,,,1000,0,0,1,1,0.619096,,,
0,ASCENT,7,0,1,None,Holding,0,92.586192,407.818445,0,0,0,0,0.000009,1573203.667618,,,,,,,0,,,,,,,,,,,,,,,,0,0,0,,0.0399,-6362.530591,28.620268,217.579402,,,,,,,,,,,,,,,,,,,,,,,,,,,,,,,,,,,None,Continue,0,None,,,,,,1,6097.718811,432.371399,0.713823,11027861.328125,,,,,,,,,,,,,,1000,0,0,1,1,0.619085,,,
0,ASCENT,7,0,1,None,Holding,0,92.586192,407.818445,0,0,0,0,0.000009,1573203.667618,,,,,,,0,,,,,,,,,,,,,,,,0,0,0,,0.0399,-6362.530591,28.620268,217.662963,,,,,,,,,,,,,,,,,,,,,,,,,,,,,,,,,,,None,Continue,0,None,,,,,,1,6097.718811,432.371399,0.713823,11027861.328125,,,,,,,,,,,,,,1000,0,0,1,1,0.619077,,,
0,ASCENT,7,0,1,None,Holding,0,92.586192,407.818445,0,0,0,0,0.000009,1573203.667618,,,,,,,0,,,,,,,,,,,,,,,,0,0,0,,0.0399,-6362.530591,28.620268,217.746525,,,,,,,,,,,,,,,,,,,,,,,,,,,,,,,,,,,None,Continue,0,None,,,,,,1,6097.718811,432.371399,0.713823,11027861.328125,,,,,,,,,,,,,,1000,0,0,1,1,0.619071,,,
0,ASCENT,7,0,1,None,Holding,0,92.586192,407.818445,0,0,0,0,0.000009,1573203.667618,,,,,,,0,,,,,,,,,,,,,,,,0,0,0,,0.0399,-6362.530591,28.620268,217.830086,,,,,,,,,,,,,,,,,,,,,,,,,,,,,,,,,,,None,Continue,0,None,,,,,,1,6097.718811,432.371399,0.713823,11027861.328125,,,,,,,,,,,,,,1000,0,0,1,1,0.619067,,,
0,ASCENT,7,0,1,None,Holding,0,92.586192,407.818445,0,0,0,0,0.000009,1573203.667618,,,,,,,0,,,,,,,,,,,,,,,,0,0,0,,0.0399,-6362.530591,28.620268,217.913648,,,,,,,,,,,,,,,,,,,,,,,,,,,,,,,,,,,None,Continue,0,None,,,,,,1,6097.718811,432.371399,0.713823,11027861.328125,,,,,,,,,,,,,,1000,0,0,1,1,0.619063,,,
0,ASCENT,7,0,1,None,Holding,0,92.586192,407.818445,0,0,0,0,0.000009,1573203.667618,,,,,,,0,,,,,,,,,,,,,,,,0,0,0,,0.0399,-6362.530591,28.620268,217.997209,,,,,,,,,,,,,,,,,,,,,,,,,,,,,,,,,,,None,Continue,0,None,,,,,,1,6097.718811,432.371399,0.713823,11027861.328125,,,,,,,,,,,,,,1000,0,0,1,1,0.61906,,,
0,ASCENT,7,0,1,None,Holding,0,92.586192,407.818445,0,0,0,0,0.000009,1573203.667618,,,,,,,0,,,,,,,,,,,,,,,,0,0,0,,0.0399,-6362.530591,28.620268,218.080771,,,,,,,,,,,,,,,,,,,,,,,,,,,,,,,,,,,None,Continue,0,None,,,,,,1,6097.718811,432.371399,0.713823,11027861.328125,,,,,,,,,,,,,,1000,0,0,1,1,0.619058,,,
0,ASCENT,7,0,1,None,Holding,0,92.586192,407.818445,0,0,0,0,0.000009,1573203.667618,,,,,,,0,,,,,,,,,,,,,,,,0,0,0,,0.0399,-6362.530591,28.620268,218.164332,,,,,,,,,,,,,,,,,,,,,,,,,,,,,,,,,,,None,Continue,0,None,,,,,,1,6097.718811,432.371399,0.713823,11027861.328125,,,,,,,,,,,,,,1000,0,0,1,1,0.619058,,,
0,ASCENT,7,0,1,None,Holding,0,92.586192,407.818445,0,0,0,0,0.000009,1573203.667618,,,,,,,0,,,,,,,,,,,,,,,,0,0,0,,0.0399,-6362.530591,28.620268,218.247894,,,,,,,,,,,,,,,,,,,,,,,,,,,,,,,,,,,None,Continue,0,None,,,,,,1,6097.718811,432.371399,0.713823,11027861.328125,,,,,,,,,,,,,,1000,0,0,1,1,0.619058,,,
0,ASCENT,7,0,1,None,Holding,0,92.586192,407.818445,0,0,0,0,0.000009,1573203.667618,,,,,,,0,,,,,,,,,,,,,,,,0,0,0,,0.0399,-6362.530591,28.620268,218.331455,,,,,,,,,,,,,,,,,,,,,,,,,,,,,,,,,,,None,Continue,0,None,,,,,,1,6097.718811,432.371399,0.713823,11027861.328125,,,,,,,,,,,,,,1000,0,0,1,1,0.619059,,,
0,ASCENT,7,0,1,None,Holding,0,92.586192,407.818445,0,0,0,0,0.000009,1573203.667618,,,,,,,0,,,,,,,,,,,,,,,,0,0,0,,0.0399,-6362.530591,28.620268,218.415017,,,,,,,,,,,,,,,,,,,,,,,,,,,,,,,,,,,None,Continue,0,None,,,,,,1,6097.718811,432.371399,0.713823,11027861.328125,,,,,,,,,,,,,,1000,0,0,1,1,0.619061,,,
0,ASCENT,7,0,1,None,Holding,0,92.586192,407.818445,0,0,0,0,0.000009,1573203.667618,,,,,,,0,,,,,,,,,,,,,,,,0,0,0,,0.0399,-6362.530591,28.620268,218.498578,,,,,,,,,,,,,,,,,,,,,,,,,,,,,,,,,,,None,Continue,0,None,,,,,,1,6097.718811,432.371399,0.713823,11027861.328125,,,,,,,,,,,,,,1000,0,0,1,1,0.619063,,,
0,ASCENT,7,0,1,None,Holding,0,92.586192,407.818445,0,0,0,0,0.000009,1573203.667618,,,,,,,0,,,,,,,,,,,,,,,,0,0,0,,0.0399,-6362.530591,28.620268,218.58214,,,,,,,,,,,,,,,,,,,,,,,,,,,,,,,,,,,None,Continue,0,None,,,,,,1,6097.718811,432.371399,0.713823,11027861.328125,,,,,,,,,,,,,,1000,0,0,1,1,0.619067,,,
0,ASCENT,7,0,1,None,Holding,0,92.586192,407.818445,0,0,0,0,0.000009,1573203.667618,,,,,,,0,,,,,,,,,,,,,,,,0,0,0,,0.0399,-6362.530591,28.620268,218.665701,,,,,,,,,,,,,,,,,,,,,,,,,,,,,,,,,,,None,Continue,0,None,,,,,,1,6097.718811,432.371399,0.713823,11027861.328125,,,,,,,,,,,,,,1000,0,0,1,1,0.619071,,,
0,ASCENT,7,0,1,None,Holding,0,92.586192,407.818445,0,0,0,0,0.000009,1573203.667618,,,,,,,0,,,,,,,,,,,,,,,,0,0,0,,0.0399,-6362.530591,28.620268,218.749263,,,,,,,,,,,,,,,,,,,,,,,,,,,,,,,,,,,None,Continue,0,None,,,,,,1,6097.718811,432.371399,0.713823,11027861.328125,,,,,,,,,,,,,,1000,0,0,1,1,0.619076,,,
0,ASCENT,7,0,1,None,Holding,0,92.586192,407.818445,0,0,0,0,0.000009,1573203.667618,,,,,,,0,,,,,,,,,,,,,,,,0,0,0,,0.0399,-6362.530591,28.620268,218.832824,,,,,,,,,,,,,,,,,,,,,,,,,,,,,,,,,,,None,Continue,0,None,,,,,,1,6097.718811,432.371399,0.713823,11027861.328125,,,,,,,,,,,,,,1000,0,0,1,1,0.619082,,,
0,ASCENT,7,0,1,None,Holding,0,92.586192,407.818445,0,0,0,0,0.000009,1573203.667618,,,,,,,0,,,,,,,,,,,,,,,,0,0,0,,0.0399,-6362.530591,28.620268,218.916385,,,,,,,,,,,,,,,,,,,,,,,,,,,,,,,,,,,None,Continue,0,None,,,,,,1,6097.718811,432.371399,0.713823,11027861.328125,,,,,,,,,,,,,,1000,0,0,1,1,0.619088,,,
0,ASCENT,7,0,1,None,Holding,0,92.586192,407.818445,0,0,0,0,0.000009,1573203.667618,,,,,,,0,,,,,,,,,,,,,,,,0,0,0,,0.0399,-6362.530591,28.620268,218.999947,,,,,,,,,,,,,,,,,,,,,,,,,,,,,,,,,,,None,Continue,0,None,,,,,,1,6097.718811,432.371399,0.713823,11027861.328125,,,,,,,,,,,,,,1000,0,0,1,1,0.619095,,,
0,ASCENT,7,0,1,None,Holding,0,92.586192,407.818445,0,0,0,0,0.000009,1573203.667618,,,,,,,0,,,,,,,,,,,,,,,,0,0,0,,0.0399,-6362.530591,28.620268,219.083508,,,,,,,,,,,,,,,,,,,,,,,,,,,,,,,,,,,None,Continue,0,None,,,,,,1,6097.718811,432.371399,0.713823,11027861.328125,,,,,,,,,,,,,,1000,0,0,1,1,0.619102,,,
0,ASCENT,7,0,1,None,Holding,0,92.586192,407.818445,0,0,0,0,0.000009,1573203.667618,,,,,,,0,,,,,,,,,,,,,,,,0,0,0,,0.0399,-6362.530591,28.620268,219.16707,,,,,,,,,,,,,,,,,,,,,,,,,,,,,,,,,,,None,Continue,0,None,,,,,,1,6097.718811,432.371399,0.713823,11027861.328125,,,,,,,,,,,,,,1000,0,0,1,1,0.61911,,,
0,ASCENT,7,0,1,None,Holding,0,92.586192,407.818445,0,0,0,0,0.000009,1573203.667618,,,,,,,0,,,,,,,,,,,,,,,,0,0,0,,0.0399,-6362.530591,28.620268,219.250631,,,,,,,,,,,,,,,,,,,,,,,,,,,,,,,,,,,None,Continue,0,None,,,,,,1,6097.718811,432.371399,0.713823,11027861.328125,,,,,,,,,,,,,,1000,0,0,1,1,0.619119,,,
0,ASCENT,7,0,1,None,Holding,0,92.586192,407.818445,0,0,0,0,0.000009,1573203.667618,,,,,,,0,,,,,,,,,,,,,,,,0,0,0,,0.0399,-6362.530591,28.620268,219.334193,,,,,,,,,,,,,,,,,,,,,,,,,,,,,,,,,,,None,Continue,0,None,,,,,,1,6097.718811,432.371399,0.713823,11027861.328125,,,,,,,,,,,,,,1000,0,0,1,1,0.619128,,,
0,ASCENT,7,0,1,None,Holding,0,92.586192,407.818445,0,0,0,0,0.000009,1573203.667618,,,,,,,0,,,,,,,,,,,,,,,,0,0,0,,0.0399,-6362.530591,28.620268,219.417754,,,,,,,,,,,,,,,,,,,,,,,,,,,,,,,,,,,None,Continue,0,None,,,,,,1,6097.718811,432.371399,0.713823,11027861.328125,,,,,,,,,,,,,,1000,0,0,1,1,0.619138,,,
0,ASCENT,7,0,1,None,Holding,0,92.586192,407.818445,0,0,0,0,0.000009,1573203.667618,,,,,,,0,,,,,,,,,,,,,,,,0,0,0,,0.0399,-6362.530591,28.620268,219.501316,,,,,,,,,,,,,,,,,,,,,,,,,,,,,,,,,,,None,Continue,0,None,,,,,,1,6097.718811,432.371399,0.713823,11027861.328125,,,,,,,,,,,,,,1000,0,0,1,1,0.619148,,,
0,ASCENT,7,0,1,None,Holding,0,92.586192,407.818445,0,0,0,0,0.000009,1573203.667618,,,,,,,0,,,,,,,,,,,,,,,,0,0,0,,0.0399,-6362.530591,28.620268,219.584877,,,,,,,,,,,,,,,,,,,,,,,,,,,,,,,,,,,None,Continue,0,None,,,,,,1,6097.718811,432.371399,0.713823,11027861.328125,,,,,,,,,,,,,,1000,0,0,1,1,0.619159,,,
0,ASCENT,7,0,1,None,Holding,0,92.586192,407.818445,0,0,0,0,0.000009,1573203.667618,,,,,,,0,,,,,,,,,,,,,,,,0,0,0,,0.0399,-6362.530591,28.620268,219.668439,,,,,,,,,,,,,,,,,,,,,,,,,,,,,,,,,,,None,Continue,0,None,,,,,,1,6097.718811,432.371399,0.713823,11027861.328125,,,,,,,,,,,,,,1000,0,0,1,1,0.61917,,,
0,ASCENT,7,0,1,None,Holding,0,92.586192,407.818445,0,0,0,0,0.000009,1573203.667618,,,,,,,0,,,,,,,,,,,,,,,,0,0,0,,0.0399,-6362.530591,28.620268,219.752,,,,,,,,,,,,,,,,,,,,,,,,,,,,,,,,,,,None,Continue,0,None,,,,,,1,6097.718811,432.371399,0.713823,11027861.328125,,,,,,,,,,,,,,1000,0,0,1,1,0.619181,,,
0,ASCENT,7,0,1,None,Holding,0,92.586192,407.818445,0,0,0,0,0.000009,1573203.667618,,,,,,,0,,,,,,,,,,,,,,,,0,0,0,,0.0399,-6362.530591,28.620268,219.835562,,,,,,,,,,,,,,,,,,,,,,,,,,,,,,,,,,,None,Continue,0,None,,,,,,1,6097.718811,432.371399,0.713823,11027861.328125,,,,,,,,,,,,,,1000,0,0,1,1,0.619193,,,
0,ASCENT,7,0,1,None,Holding,0,92.586192,407.818445,0,0,0,0,0.000009,1573203.667618,,,,,,,0,,,,,,,,,,,,,,,,0,0,0,,0.0399,-6362.530591,28.620268,219.919123,,,,,,,,,,,,,,,,,,,,,,,,,,,,,,,,,,,None,Continue,0,None,,,,,,1,6097.718811,432.371399,0.713823,11027861.328125,,,,,,,,,,,,,,1000,0,0,1,1,0.619206,,,
0,ASCENT,7,0,1,None,Holding,0,92.586192,407.818445,0,0,0,0,0.000009,1573203.667618,,,,,,,0,,,,,,,,,,,,,,,,0,0,0,,0.0399,-6362.530591,28.620268,220.002685,,,,,,,,,,,,,,,,,,,,,,,,,,,,,,,,,,,None,Continue,0,None,,,,,,1,6097.718811,432.371399,0.713823,11027861.328125,,,,,,,,,,,,,,1000,0,0,1,1,0.619218,,,
0,ASCENT,7,0,1,None,Holding,0,92.586192,407.818445,0,0,0,0,0.000009,1573203.667618,,,,,,,0,,,,,,,,,,,,,,,,0,0,0,,0.0399,-6362.530591,28.620268,220.086246,,,,,,,,,,,,,,,,,,,,,,,,,,,,,,,,,,,None,Continue,0,None,,,,,,1,6097.718811,432.371399,0.713823,11027861.328125,,,,,,,,,,,,,,1000,0,0,1,1,0.619231,,,
0,ASCENT,7,0,1,None,Holding,0,92.586192,407.818445,0,0,0,0,0.000009,1573203.667618,,,,,,,0,,,,,,,,,,,,,,,,0,0,0,,0.0399,-6362.530591,28.620268,220.169808,,,,,,,,,,,,,,,,,,,,,,,,,,,,,,,,,,,None,Continue,0,None,,,,,,1,6097.718811,432.371399,0.713823,11027861.328125,,,,,,,,,,,,,,1000,0,0,1,1,0.619245,,,
0,ASCENT,7,0,1,None,Holding,0,92.586192,407.818445,0,0,0,0,0.000009,1573203.667618,,,,,,,0,,,,,,,,,,,,,,,,0,0,0,,0.0399,-6362.530591,28.620268,220.253369,,,,,,,,,,,,,,,,,,,,,,,,,,,,,,,,,,,None,Continue,0,None,,,,,,1,6097.718811,432.371399,0.713823,11027861.328125,,,,,,,,,,,,,,1000,0,0,1,1,0.619259,,,
0,ASCENT,7,0,1,None,Holding,0,92.586192,407.818445,0,0,0,0,0.000009,1573203.667618,,,,,,,0,,,,,,,,,,,,,,,,0,0,0,,0.0399,-6362.530591,28.620268,220.336931,,,,,,,,,,,,,,,,,,,,,,,,,,,,,,,,,,,None,Continue,0,None,,,,,,1,6097.718811,432.371399,0.713823,11027861.328125,,,,,,,,,,,,,,1000,0,0,1,1,0.619273,,,
0,ASCENT,7,0,1,None,Holding,0,92.586192,407.818445,0,0,0,0,0.000009,1573203.667618,,,,,,,0,,,,,,,,,,,,,,,,0,0,0,,0.0399,-6362.530591,28.620268,220.420492,,,,,,,,,,,,,,,,,,,,,,,,,,,,,,,,,,,None,Continue,0,None,,,,,,1,6097.718811,432.371399,0.713823,11027861.328125,,,,,,,,,,,,,,1000,0,0,1,1,0.619287,,,
0,ASCENT,7,0,1,None,Holding,0,92.586192,407.818445,0,0,0,0,0.000009,1573203.667618,,,,,,,0,,,,,,,,,,,,,,,,0,0,0,,0.0399,-6362.530591,28.620268,220.504054,,,,,,,,,,,,,,,,,,,,,,,,,,,,,,,,,,,None,Continue,0,None,,,,,,1,6097.718811,432.371399,0.713823,11027861.328125,,,,,,,,,,,,,,1000,0,0,1,1,0.619302,,,
0,ASCENT,7,0,1,None,Holding,0,92.586192,407.818445,0,0,0,0,0.000009,1573203.667618,,,,,,,0,,,,,,,,,,,,,,,,0,0,0,,0.0399,-6362.530591,28.620268,220.587615,,,,,,,,,,,,,,,,,,,,,,,,,,,,,,,,,,,None,Continue,0,None,,,,,,1,6097.718811,432.371399,0.713823,11027861.328125,,,,,,,,,,,,,,1000,0,0,1,1,0.619318,,,
0,ASCENT,7,0,1,None,Holding,0,92.586192,407.818445,0,0,0,0,0.000009,1573203.667618,,,,,,,0,,,,,,,,,,,,,,,,0,0,0,,0.0399,-6362.530591,28.620268,220.671177,,,,,,,,,,,,,,,,,,,,,,,,,,,,,,,,,,,None,Continue,0,None,,,,,,1,6097.718811,432.371399,0.713823,11027861.328125,,,,,,,,,,,,,,1000,0,0,1,1,0.619333,,,
0,ASCENT,7,0,1,None,Holding,0,92.586192,407.818445,0,0,0,0,0.000009,1573203.667618,,,,,,,0,,,,,,,,,,,,,,,,0,0,0,,0.0399,-6362.530591,28.620268,220.754738,,,,,,,,,,,,,,,,,,,,,,,,,,,,,,,,,,,None,Continue,0,None,,,,,,1,6097.718811,432.371399,0.713823,11027861.328125,,,,,,,,,,,,,,1000,0,0,1,1,0.619349,,,
0,ASCENT,7,0,1,None,Holding,0,92.586192,407.818445,0,0,0,0,0.000009,1573203.667618,,,,,,,0,,,,,,,,,,,,,,,,0,0,0,,0.0399,-6362.530591,28.620268,220.8383,,,,,,,,,,,,,,,,,,,,,,,,,,,,,,,,,,,None,Continue,0,None,,,,,,1,6097.718811,432.371399,0.713823,11027861.328125,,,,,,,,,,,,,,1000,0,0,1,1,0.619364,,,
0,ASCENT,7,0,1,None,Holding,0,92.586192,407.818445,0,0,0,0,0.000009,1573203.667618,,,,,,,0,,,,,,,,,,,,,,,,0,0,0,,0.0399,-6362.530591,28.620268,220.921861,,,,,,,,,,,,,,,,,,,,,,,,,,,,,,,,,,,None,Continue,0,None,,,,,,1,6097.718811,432.371399,0.713823,11027861.328125,,,,,,,,,,,,,,1000,0,0,1,1,0.61938,,,
0,ASCENT,7,0,1,None,Holding,0,92.586192,407.818445,0,0,0,0,0.000009,1573203.667618,,,,,,,0,,,,,,,,,,,,,,,,0,0,0,,0.0399,-6362.530591,28.620268,221.005423,,,,,,,,,,,,,,,,,,,,,,,,,,,,,,,,,,,None,Continue,0,None,,,,,,1,6097.718811,432.371399,0.713823,11027861.328125,,,,,,,,,,,,,,1000,0,0,1,1,0.619397,,,
0,ASCENT,7,0,1,None,Holding,0,92.586192,407.818445,0,0,0,0,0.000009,1573203.667618,,,,,,,0,,,,,,,,,,,,,,,,0,0,0,,0.0399,-6362.530591,28.620268,221.088984,,,,,,,,,,,,,,,,,,,,,,,,,,,,,,,,,,,None,Continue,0,None,,,,,,1,6097.718811,432.371399,0.713823,11027861.328125,,,,,,,,,,,,,,1000,0,0,1,1,0.619413,,,
0,ASCENT,7,0,1,None,Holding,0,92.586192,407.818445,0,0,0,0,0.000009,1573203.667618,,,,,,,0,,,,,,,,,,,,,,,,0,0,0,,0.0399,-6362.530591,28.620268,221.172546,,,,,,,,,,,,,,,,,,,,,,,,,,,,,,,,,,,None,Continue,0,None,,,,,,1,6097.718811,432.371399,0.713823,11027861.328125,,,,,,,,,,,,,,1000,0,0,1,1,0.61943,,,
0,ASCENT,7,0,1,None,Holding,0,92.586192,407.818445,0,0,0,0,0.000009,1573203.659989,,,,,,,0,,,,,,,,,,,,,,,,0,0,0,,0.0399,-6362.530591,28.620268,221.256107,,,,,,,,,,,,,,,,,,,,,,,,,,,,,,,,,,,None,Continue,0,None,,,,,,1,6097.718811,432.371399,0.713823,11027861.328125,,,,,,,,,,,,,,1000,0,0,1,1,0.619447,,,
0,ASCENT,7,0,1,None,Holding,0,92.586192,407.818445,0,0,0,0,0.000009,1573203.659989,,,,,,,0,,,,,,,,,,,,,,,,0,0,0,,0.0399,-6362.530591,28.620268,221.339669,,,,,,,,,,,,,,,,,,,,,,,,,,,,,,,,,,,None,Continue,0,None,,,,,,1,6097.718323,432.371399,0.713823,11027861.328125,,,,,,,,,,,,,,1000,0,0,1,1,0.619464,,,
0,ASCENT,7,0,1,None,Holding,0,92.586192,407.818445,0,0,0,0,0.000009,1573203.659989,,,,,,,0,,,,,,,,,,,,,,,,0,0,0,,0.0399,-6362.530591,28.620268,221.42323,,,,,,,,,,,,,,,,,,,,,,,,,,,,,,,,,,,None,Continue,0,None,,,,,,1,6097.718323,432.371399,0.713823,11027861.328125,,,,,,,,,,,,,,1000,0,0,1,1,0.619481,,,
0,ASCENT,7,0,1,None,Holding,0,92.586192,407.818445,0,0,0,0,0.000009,1573203.659989,,,,,,,0,,,,,,,,,,,,,,,,0,0,0,,0.0399,-6362.530591,28.620268,221.506792,,,,,,,,,,,,,,,,,,,,,,,,,,,,,,,,,,,None,Continue,0,None,,,,,,1,6097.718323,432.371399,0.713823,11027861.328125,,,,,,,,,,,,,,1000,0,0,1,1,0.619498,,,
0,ASCENT,7,0,1,None,Holding,0,92.586192,407.818445,0,0,0,0,0.000009,1573203.659989,,,,,,,0,,,,,,,,,,,,,,,,0,0,0,,0.0399,-6362.530591,28.620268,221.590353,,,,,,,,,,,,,,,,,,,,,,,,,,,,,,,,,,,None,Continue,0,None,,,,,,1,6097.718323,432.371399,0.713823,11027861.328125,,,,,,,,,,,,,,1000,0,0,1,1,0.619516,,,
0,ASCENT,7,0,1,None,Holding,0,92.586192,407.818445,0,0,0,0,0.000009,1573203.659989,,,,,,,0,,,,,,,,,,,,,,,,0,0,0,,0.0399,-6362.530591,28.620268,221.673915,,,,,,,,,,,,,,,,,,,,,,,,,,,,,,,,,,,None,Continue,0,None,,,,,,1,6097.718323,432.371399,0.713823,11027861.328125,,,,,,,,,,,,,,1000,0,0,1,1,0.619534,,,
0,ASCENT,7,0,1,None,Holding,0,92.586192,407.818445,0,0,0,0,0.000009,1573203.659989,,,,,,,0,,,,,,,,,,,,,,,,0,0,0,,0.0399,-6362.530591,28.620268,221.757476,,,,,,,,,,,,,,,,,,,,,,,,,,,,,,,,,,,None,Continue,0,None,,,,,,1,6097.718323,432.371399,0.713823,11027861.328125,,,,,,,,,,,,,,1000,0,0,1,1,0.619552,,,
0,ASCENT,7,0,1,None,Holding,0,92.586192,407.818445,0,0,0,0,0.000009,1573203.659989,,,,,,,0,,,,,,,,,,,,,,,,0,0,0,,0.0399,-6362.530591,28.620268,221.841038,,,,,,,,,,,,,,,,,,,,,,,,,,,,,,,,,,,None,Continue,0,None,,,,,,1,6097.718323,432.371399,0.713823,11027861.328125,,,,,,,,,,,,,,1000,0,0,1,1,0.61957,,,
0,ASCENT,7,0,1,None,Holding,0,92.586192,407.818445,0,0,0,0,0.000009,1573203.659989,,,,,,,0,,,,,,,,,,,,,,,,0,0,0,,0.0399,-6362.530591,28.620268,221.924599,,,,,,,,,,,,,,,,,,,,,,,,,,,,,,,,,,,None,Continue,0,None,,,,,,1,6097.718323,432.371399,0.713823,11027861.328125,,,,,,,,,,,,,,1000,0,0,1,1,0.619588,,,
0,ASCENT,7,0,1,None,Holding,0,92.586192,407.818445,0,0,0,0,0.000009,1573203.659989,,,,,,,0,,,,,,,,,,,,,,,,0,0,0,,0.0399,-6362.530591,28.620268,222.008161,,,,,,,,,,,,,,,,,,,,,,,,,,,,,,,,,,,None,Continue,0,None,,,,,,1,6097.718323,432.371399,0.713823,11027861.328125,,,,,,,,,,,,,,1000,0,0,1,1,0.619606,,,
0,ASCENT,7,0,1,None,Holding,0,92.586192,407.818445,0,0,0,0,0.000009,1573203.659989,,,,,,,0,,,,,,,,,,,,,,,,0,0,0,,0.0399,-6362.530591,28.620268,222.091722,,,,,,,,,,,,,,,,,,,,,,,,,,,,,,,,,,,None,Continue,0,None,,,,,,1,6097.718323,432.371399,0.713823,11027861.328125,,,,,,,,,,,,,,1000,0,0,1,1,0.619625,,,
0,ASCENT,7,0,1,None,Holding,0,92.586192,407.818445,0,0,0,0,0.000009,1573203.659989,,,,,,,0,,,,,,,,,,,,,,,,0,0,0,,0.0399,-6362.530591,28.620268,222.175284,,,,,,,,,,,,,,,,,,,,,,,,,,,,,,,,,,,None,Continue,0,None,,,,,,1,6097.718323,432.371399,0.713823,11027861.328125,,,,,,,,,,,,,,1000,0,0,1,1,0.619643,,,
0,ASCENT,7,0,1,None,Holding,0,92.586192,407.818445,0,0,0,0,0.000009,1573203.659989,,,,,,,0,,,,,,,,,,,,,,,,0,0,0,,0.0399,-6362.530591,28.620268,222.258845,,,,,,,,,,,,,,,,,,,,,,,,,,,,,,,,,,,None,Continue,0,None,,,,,,1,6097.718323,432.371399,0.713823,11027861.328125,,,,,,,,,,,,,,1000,0,0,1,1,0.619662,,,
0,ASCENT,7,0,1,None,Holding,0,92.586192,407.818445,0,0,0,0,0.000009,1573203.659989,,,,,,,0,,,,,,,,,,,,,,,,0,0,0,,0.0399,-6362.530591,28.620268,222.342407,,,,,,,,,,,,,,,,,,,,,,,,,,,,,,,,,,,None,Continue,0,None,,,,,,1,6097.718323,432.371399,0.713823,11027861.328125,,,,,,,,,,,,,,1000,0,0,1,1,0.619681,,,
0,ASCENT,7,0,1,None,Holding,0,92.586192,407.818445,0,0,0,0,0.000009,1573203.659989,,,,,,,0,,,,,,,,,,,,,,,,0,0,0,,0.0399,-6362.530591,28.620268,222.425968,,,,,,,,,,,,,,,,,,,,,,,,,,,,,,,,,,,None,Continue,0,None,,,,,,1,6097.718323,432.371399,0.713823,11027861.328125,,,,,,,,,,,,,,1000,0,0,1,1,0.6197,,,
0,ASCENT,7,0,1,None,Holding,0,92.586192,407.818445,0,0,0,0,0.000009,1573203.659989,,,,,,,0,,,,,,,,,,,,,,,,0,0,0,,0.0399,-6362.530591,28.620268,222.50953,,,,,,,,,,,,,,,,,,,,,,,,,,,,,,,,,,,None,Continue,0,None,,,,,,1,6097.718323,432.371399,0.713823,11027861.328125,,,,,,,,,,,,,,1000,0,0,1,1,0.619719,,,
0,ASCENT,7,0,1,None,Holding,0,92.586192,407.818445,0,0,0,0,0.000009,1573203.659989,,,,,,,0,,,,,,,,,,,,,,,,0,0,0,,0.0399,-6362.530591,28.620268,222.593091,,,,,,,,,,,,,,,,,,,,,,,,,,,,,,,,,,,None,Continue,0,None,,,,,,1,6097.718323,432.371399,0.713823,11027861.328125,,,,,,,,,,,,,,1000,0,0,1,1,0.619738,,,
0,ASCENT,7,0,1,None,Holding,0,92.586192,407.818445,0,0,0,0,0.000009,1573203.659989,,,,,,,0,,,,,,,,,,,,,,,,0,0,0,,0.0399,-6362.530591,28.620268,222.676653,,,,,,,,,,,,,,,,,,,,,,,,,,,,,,,,,,,None,Continue,0,None,,,,,,1,6097.718323,432.371399,0.713823,11027861.328125,,,,,,,,,,,,,,1000,0,0,1,1,0.619757,,,
0,ASCENT,7,0,1,None,Holding,0,92.586192,407.818445,0,0,0,0,0.000009,1573203.659989,,,,,,,0,,,,,,,,,,,,,,,,0,0,0,,0.0399,-6362.530591,28.620268,222.760214,,,,,,,,,,,,,,,,,,,,,,,,,,,,,,,,,,,None,Continue,0,None,,,,,,1,6097.718323,432.371399,0.713823,11027861.328125,,,,,,,,,,,,,,1000,0,0,1,1,0.619776,,,
0,ASCENT,7,0,1,None,Holding,0,92.586192,407.818445,0,0,0,0,0.000009,1573203.659989,,,,,,,0,,,,,,,,,,,,,,,,0,0,0,,0.0399,-6362.530591,28.620268,222.843776,,,,,,,,,,,,,,,,,,,,,,,,,,,,,,,,,,,None,Continue,0,None,,,,,,1,6097.718323,432.371399,0.713823,11027861.328125,,,,,,,,,,,,,,1000,0,0,1,1,0.619796,,,
0,ASCENT,7,0,1,None,Holding,0,92.586192,407.818445,0,0,0,0,0.000009,1573203.659989,,,,,,,0,,,,,,,,,,,,,,,,0,0,0,,0.0399,-6362.530591,28.620268,222.927337,,,,,,,,,,,,,,,,,,,,,,,,,,,,,,,,,,,None,Continue,0,None,,,,,,1,6097.718323,432.371399,0.713823,11027861.328125,,,,,,,,,,,,,,1000,0,0,1,1,0.619815,,,
0,ASCENT,7,0,1,None,Holding,0,92.586192,407.818445,0,0,0,0,0.000009,1573203.659989,,,,,,,0,,,,,,,,,,,,,,,,0,0,0,,0.0399,-6362.530591,28.620268,223.010899,,,,,,,,,,,,,,,,,,,,,,,,,,,,,,,,,,,None,Continue,0,None,,,,,,1,6097.718323,432.371399,0.713823,11027861.328125,,,,,,,,,,,,,,1000,0,0,1,1,0.619835,,,
0,ASCENT,7,0,1,None,Holding,0,92.586192,407.818445,0,0,0,0,0.000009,1573203.659989,,,,,,,0,,,,,,,,,,,,,,,,0,0,0,,0.0399,-6362.530591,28.620268,223.09446,,,,,,,,,,,,,,,,,,,,,,,,,,,,,,,,,,,None,Continue,0,None,,,,,,1,6097.718323,432.371399,0.713823,11027861.328125,,,,,,,,,,,,,,1000,0,0,1,1,0.619855,,,
0,ASCENT,7,0,1,None,Holding,0,92.586192,407.818445,0,0,0,0,0.000009,1573203.659989,,,,,,,0,,,,,,,,,,,,,,,,0,0,0,,0.0399,-6362.530591,28.620268,223.178022,,,,,,,,,,,,,,,,,,,,,,,,,,,,,,,,,,,None,Continue,0,None,,,,,,1,6097.718323,432.371399,0.713823,11027861.328125,,,,,,,,,,,,,,1000,0,0,1,1,0.619875,,,
0,ASCENT,7,0,1,None,Holding,0,92.586192,407.818445,0,0,0,0,0.000009,1573203.659989,,,,,,,0,,,,,,,,,,,,,,,,0,0,0,,0.0399,-6362.530591,28.620268,223.261583,,,,,,,,,,,,,,,,,,,,,,,,,,,,,,,,,,,None,Continue,0,None,,,,,,1,6097.718323,432.371399,0.713823,11027861.328125,,,,,,,,,,,,,,1000,0,0,1,1,0.619895,,,
0,ASCENT,7,0,1,None,Holding,0,92.586192,407.818445,0,0,0,0,0.000009,1573203.659989,,,,,,,0,,,,,,,,,,,,,,,,0,0,0,,0.0399,-6362.530591,28.620268,223.345145,,,,,,,,,,,,,,,,,,,,,,,,,,,,,,,,,,,None,Continue,0,None,,,,,,1,6097.717834,432.371399,0.713823,11027861.328125,,,,,,,,,,,,,,1000,0,0,1,1,0.619915,,,
0,ASCENT,7,0,1,None,Holding,0,92.586192,407.818445,0,0,0,0,0.000009,1573203.659989,,,,,,,0,,,,,,,,,,,,,,,,0,0,0,,0.0399,-6362.530591,28.620268,223.428706,,,,,,,,,,,,,,,,,,,,,,,,,,,,,,,,,,,None,Continue,0,None,,,,,,1,6097.717834,432.371399,0.713823,11027861.328125,,,,,,,,,,,,,,1000,0,0,1,1,0.619935,,,
0,ASCENT,7,0,1,None,Holding,0,92.586192,407.818445,0,0,0,0,0.000009,1573203.659989,,,,,,,0,,,,,,,,,,,,,,,,0,0,0,,0.0399,-6362.530591,28.620268,223.512268,,,,,,,,,,,,,,,,,,,,,,,,,,,,,,,,,,,None,Continue,0,None,,,,,,1,6097.717834,432.371399,0.713823,11027861.328125,,,,,,,,,,,,,,1000,0,0,1,1,0.619954,,,
0,ASCENT,7,0,1,None,Holding,0,92.586192,407.818445,0,0,0,0,0.000009,1573203.659989,,,,,,,0,,,,,,,,,,,,,,,,0,0,0,,0.0399,-6362.530591,28.620268,223.595829,,,,,,,,,,,,,,,,,,,,,,,,,,,,,,,,,,,None,Continue,0,None,,,,,,1,6097.717834,432.371399,0.713823,11027861.328125,,,,,,,,,,,,,,1000,0,0,1,1,0.619974,,,
0,ASCENT,7,0,1,None,Holding,0,92.586192,407.818445,0,0,0,0,0.000009,1573203.659989,,,,,,,0,,,,,,,,,,,,,,,,0,0,0,,0.0399,-6362.530591,28.620268,223.679391,,,,,,,,,,,,,,,,,,,,,,,,,,,,,,,,,,,None,Continue,0,None,,,,,,1,6097.717834,432.371399,0.713823,11027861.328125,,,,,,,,,,,,,,1000,0,0,1,1,0.619995,,,
0,ASCENT,7,0,1,None,Holding,0,92.586192,407.818445,0,0,0,0,0.000009,1573203.659989,,,,,,,0,,,,,,,,,,,,,,,,0,0,0,,0.0399,-6362.530591,28.620268,223.762952,,,,,,,,,,,,,,,,,,,,,,,,,,,,,,,,,,,None,Continue,0,None,,,,,,1,6097.717834,432.371399,0.713823,11027861.328125,,,,,,,,,,,,,,1000,0,0,1,1,0.620015,,,
0,ASCENT,7,0,1,None,Holding,0,92.586192,407.818445,0,0,0,0,0.000009,1573203.659989,,,,,,,0,,,,,,,,,,,,,,,,0,0,0,,0.0399,-6362.530591,28.620268,223.846514,,,,,,,,,,,,,,,,,,,,,,,,,,,,,,,,,,,None,Continue,0,None,,,,,,1,6097.717834,432.371399,0.713823,11027861.328125,,,,,,,,,,,,,,1000,0,0,1,1,0.620035,,,
0,ASCENT,7,0,1,None,Holding,0,92.586192,407.818445,0,0,0,0,0.000009,1573203.659989,,,,,,,0,,,,,,,,,,,,,,,,0,0,0,,0.0399,-6362.530591,28.620268,223.930075,,,,,,,,,,,,,,,,,,,,,,,,,,,,,,,,,,,None,Continue,0,None,,,,,,1,6097.717834,432.371399,0.713823,11027861.328125,,,,,,,,,,,,,,1000,0,0,1,1,0.620055,,,
0,ASCENT,7,0,1,None,Holding,0,92.586192,407.818445,0,0,0,0,0.000009,1573203.659989,,,,,,,0,,,,,,,,,,,,,,,,0,0,0,,0.0399,-6362.530591,28.620268,224.013637,,,,,,,,,,,,,,,,,,,,,,,,,,,,,,,,,,,None,Continue,0,None,,,,,,1,6097.717834,432.371399,0.713823,11027861.328125,,,,,,,,,,,,,,1000,0,0,1,1,0.620075,,,
0,ASCENT,7,0,1,None,Holding,0,92.586192,407.818445,0,0,0,0,0.000009,1573203.659989,,,,,,,0,,,,,,,,,,,,,,,,0,0,0,,0.0399,-6362.530591,28.620268,224.097198,,,,,,,,,,,,,,,,,,,,,,,,,,,,,,,,,,,None,Continue,0,None,,,,,,1,6097.717834,432.371399,0.713823,11027861.328125,,,,,,,,,,,,,,1000,0,0,1,1,0.620096,,,
0,ASCENT,7,0,1,None,Holding,0,92.586192,407.818445,0,0,0,0,0.000009,1573203.659989,,,,,,,0,,,,,,,,,,,,,,,,0,0,0,,0.0399,-6362.530591,28.620268,224.18076,,,,,,,,,,,,,,,,,,,,,,,,,,,,,,,,,,,None,Continue,0,None,,,,,,1,6097.717834,432.371399,0.713823,11027861.328125,,,,,,,,,,,,,,1000,0,0,1,1,0.620116,,,
0,ASCENT,7,0,1,None,Holding,0,92.586192,407.818445,0,0,0,0,0.000009,1573203.659989,,,,,,,0,,,,,,,,,,,,,,,,0,0,0,,0.0399,-6362.530591,28.620268,224.264321,,,,,,,,,,,,,,,,,,,,,,,,,,,,,,,,,,,None,Continue,0,None,,,,,,1,6097.717834,432.371399,0.713823,11027861.328125,,,,,,,,,,,,,,1000,0,0,1,1,0.620136,,,
0,ASCENT,7,0,1,None,Holding,0,92.586192,407.818445,0,0,0,0,0.000009,1573203.659989,,,,,,,0,,,,,,,,,,,,,,,,0,0,0,,0.0399,-6362.530591,28.620268,224.347882,,,,,,,,,,,,,,,,,,,,,,,,,,,,,,,,,,,None,Continue,0,None,,,,,,1,6097.717834,432.371399,0.713823,11027861.328125,,,,,,,,,,,,,,1000,0,0,1,1,0.620157,,,
0,ASCENT,7,0,1,None,Holding,0,92.586192,407.818445,0,0,0,0,0.000009,1573203.659989,,,,,,,0,,,,,,,,,,,,,,,,0,0,0,,0.0399,-6362.530591,28.620268,224.431444,,,,,,,,,,,,,,,,,,,,,,,,,,,,,,,,,,,None,Continue,0,None,,,,,,1,6097.717834,432.371399,0.713823,11027861.328125,,,,,,,,,,,,,,1000,0,0,1,1,0.620178,,,
0,ASCENT,7,0,1,None,Holding,0,92.586192,407.818445,0,0,0,0,0.000009,1573203.659989,,,,,,,0,,,,,,,,,,,,,,,,0,0,0,,0.0399,-6362.530591,28.620268,224.515005,,,,,,,,,,,,,,,,,,,,,,,,,,,,,,,,,,,None,Continue,0,None,,,,,,1,6097.717834,432.371399,0.713823,11027861.328125,,,,,,,,,,,,,,1000,0,0,1,1,0.620198,,,
0,ASCENT,7,0,1,None,Holding,0,92.586192,407.818445,0,0,0,0,0.000009,1573203.659989,,,,,,,0,,,,,,,,,,,,,,,,0,0,0,,0.0399,-6362.530591,28.620268,224.598567,,,,,,,,,,,,,,,,,,,,,,,,,,,,,,,,,,,None,Continue,0,None,,,,,,1,6097.717834,432.371399,0.713823,11027861.328125,,,,,,,,,,,,,,1000,0,0,1,1,0.620219,,,
0,ASCENT,7,0,1,None,Holding,0,92.586192,407.818445,0,0,0,0,0.000009,1573203.659989,,,,,,,0,,,,,,,,,,,,,,,,0,0,0,,0.0399,-6362.530591,28.620268,224.682128,,,,,,,,,,,,,,,,,,,,,,,,,,,,,,,,,,,None,Continue,0,None,,,,,,1,6097.717834,432.371399,0.713823,11027861.328125,,,,,,,,,,,,,,1000,0,0,1,1,0.620239,,,
0,ASCENT,7,0,1,None,Holding,0,92.586192,407.818445,0,0,0,0,0.000009,1573203.65236,,,,,,,0,,,,,,,,,,,,,,,,0,0,0,,0.0399,-6362.530591,28.620268,224.76569,,,,,,,,,,,,,,,,,,,,,,,,,,,,,,,,,,,None,Continue,0,None,,,,,,1,6097.717834,432.371399,0.713823,11027861.328125,,,,,,,,,,,,,,1000,0,0,1,1,0.62026,,,
0,ASCENT,7,0,1,None,Holding,0,92.586192,407.818445,0,0,0,0,0.000009,1573203.65236,,,,,,,0,,,,,,,,,,,,,,,,0,0,0,,0.0399,-6362.530591,28.620268,224.849251,,,,,,,,,,,,,,,,,,,,,,,,,,,,,,,,,,,None,Continue,0,None,,,,,,1,6097.717834,432.371399,0.713823,11027861.328125,,,,,,,,,,,,,,1000,0,0,1,1,0.62028,,,
0,ASCENT,7,0,1,None,Holding,0,92.586192,407.818445,0,0,0,0,0.000009,1573203.65236,,,,,,,0,,,,,,,,,,,,,,,,0,0,0,,0.0399,-6362.530591,28.620268,224.932813,,,,,,,,,,,,,,,,,,,,,,,,,,,,,,,,,,,None,Continue,0,None,,,,,,1,6097.717834,432.371399,0.713823,11027861.328125,,,,,,,,,,,,,,1000,0,0,1,1,0.620301,,,
0,ASCENT,7,0,1,None,Holding,0,92.586192,407.818445,0,0,0,0,0.000009,1573203.65236,,,,,,,0,,,,,,,,,,,,,,,,0,0,0,,0.0399,-6362.530591,28.620268,225.016374,,,,,,,,,,,,,,,,,,,,,,,,,,,,,,,,,,,None,Continue,0,None,,,,,,1,6097.717834,432.371399,0.713823,11027861.328125,,,,,,,,,,,,,,1000,0,0,1,1,0.620321,,,
0,ASCENT,7,0,1,None,Holding,0,92.586192,407.818445,0,0,0,0,0.000009,1573203.65236,,,,,,,0,,,,,,,,,,,,,,,,0,0,0,,0.0399,-6362.530591,28.620268,225.099936,,,,,,,,,,,,,,,,,,,,,,,,,,,,,,,,,,,None,Continue,0,None,,,,,,1,6097.717834,432.371399,0.713823,11027861.328125,,,,,,,,,,,,,,1000,0,0,1,1,0.620342,,,
0,ASCENT,7,0,1,None,Holding,0,92.586192,407.818445,0,0,0,0,0.000009,1573203.65236,,,,,,,0,,,,,,,,,,,,,,,,0,0,0,,0.0399,-6362.530591,28.620268,225.183497,,,,,,,,,,,,,,,,,,,,,,,,,,,,,,,,,,,None,Continue,0,None,,,,,,1,6097.717834,432.371399,0.713823,11027861.328125,,,,,,,,,,,,,,1000,0,0,1,1,0.620363,,,
0,ASCENT,7,0,1,None,Holding,0,92.586192,407.818445,0,0,0,0,0.000009,1573203.65236,,,,,,,0,,,,,,,,,,,,,,,,0,0,0,,0.0399,-6362.530591,28.620268,225.267059,,,,,,,,,,,,,,,,,,,,,,,,,,,,,,,,,,,None,Continue,0,None,,,,,,1,6097.717834,432.371399,0.713823,11027861.328125,,,,,,,,,,,,,,1000,0,0,1,1,0.620383,,,
0,ASCENT,7,0,1,None,Holding,0,92.586192,407.818445,0,0,0,0,0.000009,1573203.65236,,,,,,,0,,,,,,,,,,,,,,,,0,0,0,,0.0399,-6362.530591,28.620268,225.35062,,,,,,,,,,,,,,,,,,,,,,,,,,,,,,,,,,,None,Continue,0,None,,,,,,1,6097.717834,432.371399,0.713823,11027861.328125,,,,,,,,,,,,,,1000,0,0,1,1,0.620404,,,
0,ASCENT,7,0,1,None,Holding,0,92.586192,407.818445,0,0,0,0,0.000009,1573203.65236,,,,,,,0,,,,,,,,,,,,,,,,0,0,0,,0.0399,-6362.530591,28.620268,225.434182,,,,,,,,,,,,,,,,,,,,,,,,,,,,,,,,,,,None,Continue,0,None,,,,,,1,6097.717834,432.371399,0.713823,11027861.328125,,,,,,,,,,,,,,1000,0,0,1,1,0.620425,,,
0,ASCENT,7,0,1,None,Holding,0,92.586192,407.818445,0,0,0,0,0.000009,1573203.65236,,,,,,,0,,,,,,,,,,,,,,,,0,0,0,,0.0399,-6362.530591,28.620268,225.517743,,,,,,,,,,,,,,,,,,,,,,,,,,,,,,,,,,,None,Continue,0,None,,,,,,1,6097.717834,432.371399,0.713823,11027861.328125,,,,,,,,,,,,,,1000,0,0,1,1,0.620445,,,
0,ASCENT,7,0,1,None,Holding,0,92.586192,407.818445,0,0,0,0,0.000009,1573203.65236,,,,,,,0,,,,,,,,,,,,,,,,0,0,0,,0.0399,-6362.530591,28.620268,225.601305,,,,,,,,,,,,,,,,,,,,,,,,,,,,,,,,,,,None,Continue,0,None,,,,,,1,6097.717834,432.371399,0.713823,11027861.328125,,,,,,,,,,,,,,1000,0,0,1,1,0.620466,,,
0,ASCENT,7,0,1,None,Holding,0,92.586192,407.818445,0,0,0,0,0.000009,1573203.65236,,,,,,,0,,,,,,,,,,,,,,,,0,0,0,,0.0399,-6362.530591,28.620268,225.684866,,,,,,,,,,,,,,,,,,,,,,,,,,,,,,,,,,,None,Continue,0,None,,,,,,1,6097.717834,432.371399,0.713823,11027861.328125,,,,,,,,,,,,,,1000,0,0,1,1,0.620487,,,
0,ASCENT,7,0,1,None,Holding,0,92.586192,407.818445,0,0,0,0,0.000009,1573203.621842,,,,,,,0,,,,,,,,,,,,,,,,0,0,0,,0.0399,-6362.530591,28.620268,225.768428,,,,,,,,,,,,,,,,,,,,,,,,,,,,,,,,,,,None,Continue,0,None,,,,,,1,6097.717834,432.371399,0.713823,11027861.328125,,,,,,,,,,,,,,1000,0,0,1,1,0.620507,,,
0,ASCENT,7,0,1,None,Holding,0,92.586192,407.818445,0,0,0,0,0.000009,1573203.621842,,,,,,,0,,,,,,,,,,,,,,,,0,0,0,,0.0399,-6362.530591,28.620268,225.851989,,,,,,,,,,,,,,,,,,,,,,,,,,,,,,,,,,,None,Continue,0,None,,,,,,1,6097.717834,432.371399,0.713823,11027861.328125,,,,,,,,,,,,,,1000,0,0,1,1,0.620528,,,
0,ASCENT,7,0,1,None,Holding,0,92.586192,407.818445,0,0,0,0,0.000009,1573203.621842,,,,,,,0,,,,,,,,,,,,,,,,0,0,0,,0.0399,-6362.530591,28.620268,225.935551,,,,,,,,,,,,,,,,,,,,,,,,,,,,,,,,,,,None,Continue,0,None,,,,,,1,6097.717346,432.371399,0.713823,11027861.328125,,,,,,,,,,,,,,1000,0,0,1,1,0.620549,,,
0,ASCENT,7,0,1,None,Holding,0,92.586192,407.818445,0,0,0,0,0.000009,1573203.621842,,,,,,,0,,,,,,,,,,,,,,,,0,0,0,,0.0399,-6362.530591,28.620268,226.019112,,,,,,,,,,,,,,,,,,,,,,,,,,,,,,,,,,,None,Continue,0,None,,,,,,1,6097.717346,432.371399,0.713823,11027861.328125,,,,,,,,,,,,,,1000,0,0,1,1,0.62057,,,
0,ASCENT,7,0,1,None,Holding,0,92.586192,407.818445,0,0,0,0,0.000009,1573203.621842,,,,,,,0,,,,,,,,,,,,,,,,0,0,0,,0.0399,-6362.530591,28.620268,226.102674,,,,,,,,,,,,,,,,,,,,,,,,,,,,,,,,,,,None,Continue,0,None,,,,,,1,6097.717346,432.371399,0.713823,11027861.328125,,,,,,,,,,,,,,1000,0,0,1,1,0.62059,,,
0,ASCENT,7,0,1,None,Holding,0,92.586192,407.818445,0,0,0,0,0.000009,1573203.621842,,,,,,,0,,,,,,,,,,,,,,,,0,0,0,,0.0399,-6362.530591,28.620268,226.186235,,,,,,,,,,,,,,,,,,,,,,,,,,,,,,,,,,,None,Continue,0,None,,,,,,1,6097.717346,432.371399,0.713823,11027861.328125,,,,,,,,,,,,,,1000,0,0,1,1,0.620611,,,
0,ASCENT,7,0,1,None,Holding,0,92.586192,407.818445,0,0,0,0,0.000009,1573203.621842,,,,,,,0,,,,,,,,,,,,,,,,0,0,0,,0.0399,-6362.530591,28.620268,226.269797,,,,,,,,,,,,,,,,,,,,,,,,,,,,,,,,,,,None,Continue,0,None,,,,,,1,6097.717346,432.371399,0.713823,11027861.328125,,,,,,,,,,,,,,1000,0,0,1,1,0.620632,,,
0,ASCENT,7,0,1,None,Holding,0,92.586192,407.818445,0,0,0,0,0.000009,1573203.621842,,,,,,,0,,,,,,,,,,,,,,,,0,0,0,,0.0399,-6362.530591,28.620268,226.353358,,,,,,,,,,,,,,,,,,,,,,,,,,,,,,,,,,,None,Continue,0,None,,,,,,1,6097.717346,432.371399,0.713823,11027861.328125,,,,,,,,,,,,,,1000,0,0,1,1,0.620653,,,
0,ASCENT,7,0,1,None,Holding,0,92.586192,407.818445,0,0,0,0,0.000009,1573203.621842,,,,,,,0,,,,,,,,,,,,,,,,0,0,0,,0.0399,-6362.530591,28.620268,226.43692,,,,,,,,,,,,,,,,,,,,,,,,,,,,,,,,,,,None,Continue,0,None,,,,,,1,6097.717346,432.371399,0.713823,11027861.328125,,,,,,,,,,,,,,1000,0,0,1,1,0.620673,,,
0,ASCENT,7,0,1,None,Holding,0,92.586192,407.818445,0,0,0,0,0.000009,1573203.621842,,,,,,,0,,,,,,,,,,,,,,,,0,0,0,,0.0399,-6362.530591,28.620268,226.520481,,,,,,,,,,,,,,,,,,,,,,,,,,,,,,,,,,,None,Continue,0,None,,,,,,1,6097.717346,432.371399,0.713823,11027861.328125,,,,,,,,,,,,,,1000,0,0,1,1,0.620694,,,
0,ASCENT,7,0,1,None,Holding,0,92.586192,407.818445,0,0,0,0,0.000009,1573203.621842,,,,,,,0,,,,,,,,,,,,,,,,0,0,0,,0.0399,-6362.530591,28.620268,226.604043,,,,,,,,,,,,,,,,,,,,,,,,,,,,,,,,,,,None,Continue,0,None,,,,,,1,6097.717346,432.371399,0.713823,11027861.328125,,,,,,,,,,,,,,1000,0,0,1,1,0.620715,,,
0,ASCENT,7,0,1,None,Holding,0,92.586192,407.818445,0,0,0,0,0.000009,1573203.621842,,,,,,,0,,,,,,,,,,,,,,,,0,0,0,,0.0399,-6362.530591,28.620268,226.687604,,,,,,,,,,,,,,,,,,,,,,,,,,,,,,,,,,,None,Continue,0,None,,,,,,1,6097.717346,432.371399,0.713823,11027861.328125,,,,,,,,,,,,,,1000,0,0,1,1,0.620736,,,
0,ASCENT,7,0,1,None,Holding,0,92.586192,407.818445,0,0,0,0,0.000009,1573203.621842,,,,,,,0,,,,,,,,,,,,,,,,0,0,0,,0.0399,-6362.530591,28.620268,226.771166,,,,,,,,,,,,,,,,,,,,,,,,,,,,,,,,,,,None,Continue,0,None,,,,,,1,6097.717346,432.371399,0.713823,11027861.328125,,,,,,,,,,,,,,1000,0,0,1,1,0.620757,,,
0,ASCENT,7,0,1,None,Holding,0,92.586192,407.818445,0,0,0,0,0.000009,1573203.621842,,,,,,,0,,,,,,,,,,,,,,,,0,0,0,,0.0399,-6362.530591,28.620268,226.854727,,,,,,,,,,,,,,,,,,,,,,,,,,,,,,,,,,,None,Continue,0,None,,,,,,1,6097.717346,432.371399,0.713823,11027861.328125,,,,,,,,,,,,,,1000,0,0,1,1,0.620777,,,
0,ASCENT,7,0,1,None,Holding,0,92.586192,407.818445,0,0,0,0,0.000009,1573203.621842,,,,,,,0,,,,,,,,,,,,,,,,0,0,0,,0.0399,-6362.530591,28.620268,226.938289,,,,,,,,,,,,,,,,,,,,,,,,,,,,,,,,,,,None,Continue,0,None,,,,,,1,6097.717346,432.371399,0.713823,11027861.328125,,,,,,,,,,,,,,1000,0,0,1,1,0.620798,,,
0,ASCENT,7,0,1,None,Holding,0,92.586192,407.818445,0,0,0,0,0.000009,1573203.621842,,,,,,,0,,,,,,,,,,,,,,,,0,0,0,,0.0399,-6362.530591,28.620268,227.02185,,,,,,,,,,,,,,,,,,,,,,,,,,,,,,,,,,,None,Continue,0,None,,,,,,1,6097.717346,432.371399,0.713823,11027861.328125,,,,,,,,,,,,,,1000,0,0,1,1,0.620819,,,
0,ASCENT,7,0,1,None,Holding,0,92.586192,407.818445,0,0,0,0,0.000009,1573203.621842,,,,,,,0,,,,,,,,,,,,,,,,0,0,0,,0.0399,-6362.530591,28.620268,227.105412,,,,,,,,,,,,,,,,,,,,,,,,,,,,,,,,,,,None,Continue,0,None,,,,,,1,6097.717346,432.371399,0.713823,11027861.328125,,,,,,,,,,,,,,1000,0,0,1,1,0.62084,,,
0,ASCENT,7,0,1,None,Holding,0,92.586192,407.818445,0,0,0,0,0.000009,1573203.621842,,,,,,,0,,,,,,,,,,,,,,,,0,0,0,,0.0399,-6362.530591,28.620268,227.188973,,,,,,,,,,,,,,,,,,,,,,,,,,,,,,,,,,,None,Continue,0,None,,,,,,1,6097.717346,432.371399,0.713823,11027861.328125,,,,,,,,,,,,,,1000,0,0,1,1,0.62086,,,
0,ASCENT,7,0,1,None,Holding,0,92.586192,407.818445,0,0,0,0,0.000009,1573203.621842,,,,,,,0,,,,,,,,,,,,,,,,0,0,0,,0.0399,-6362.530591,28.620268,227.272535,,,,,,,,,,,,,,,,,,,,,,,,,,,,,,,,,,,None,Continue,0,None,,,,,,1,6097.717224,432.371399,0.713823,11027861.328125,,,,,,,,,,,,,,1000,0,0,1,1,0.620881,,,
0,ASCENT,7,0,1,None,Holding,0,92.586192,407.818445,0,0,0,0,0.000009,1573203.621842,,,,,,,0,,,,,,,,,,,,,,,,0,0,0,,0.0399,-6362.530591,28.620268,227.356096,,,,,,,,,,,,,,,,,,,,,,,,,,,,,,,,,,,None,Continue,0,None,,,,,,1,6097.717224,432.371399,0.713823,11027861.328125,,,,,,,,,,,,,,1000,0,0,1,1,0.620902,,,
0,ASCENT,7,0,1,None,Holding,0,92.586192,407.818445,0,0,0,0,0.000009,1573203.614213,,,,,,,0,,,,,,,,,,,,,,,,0,0,0,,0.0399,-6362.530591,28.620268,227.439658,,,,,,,,,,,,,,,,,,,,,,,,,,,,,,,,,,,None,Continue,0,None,,,,,,1,6097.717224,432.371399,0.713823,11027861.328125,,,,,,,,,,,,,,1000,0,0,1,1,0.620923,,,
0,ASCENT,7,0,1,None,Holding,0,92.586192,407.818445,0,0,0,0,0.000009,1573203.614213,,,,,,,0,,,,,,,,,,,,,,,,0,0,0,,0.0399,-6362.530591,28.620268,227.523219,,,,,,,,,,,,,,,,,,,,,,,,,,,,,,,,,,,None,Continue,0,None,,,,,,1,6097.717224,432.371399,0.713823,11027861.328125,,,,,,,,,,,,,,1000,0,0,1,1,0.620944,,,
0,ASCENT,7,0,1,None,Holding,0,92.586192,407.818445,0,0,0,0,0.000009,1573203.614213,,,,,,,0,,,,,,,,,,,,,,,,0,0,0,,0.0399,-6362.530591,28.620268,227.606781,,,,,,,,,,,,,,,,,,,,,,,,,,,,,,,,,,,None,Continue,0,None,,,,,,1,6097.717224,432.371399,0.713823,11027861.328125,,,,,,,,,,,,,,1000,0,0,1,1,0.620964,,,
0,ASCENT,7,0,1,None,Holding,0,92.586192,407.818445,0,0,0,0,0.000009,1573203.614213,,,,,,,0,,,,,,,,,,,,,,,,0,0,0,,0.0399,-6362.530591,28.620268,227.690342,,,,,,,,,,,,,,,,,,,,,,,,,,,,,,,,,,,None,Continue,0,None,,,,,,1,6097.717224,432.371399,0.713823,11027861.328125,,,,,,,,,,,,,,1000,0,0,1,1,0.620985,,,
0,ASCENT,7,0,1,None,Holding,0,92.586192,407.818445,0,0,0,0,0.000009,1573203.614213,,,,,,,0,,,,,,,,,,,,,,,,0,0,0,,0.0399,-6362.530591,28.620268,227.773904,,,,,,,,,,,,,,,,,,,,,,,,,,,,,,,,,,,None,Continue,0,None,,,,,,1,6097.717224,432.371399,0.713823,11027861.328125,,,,,,,,,,,,,,1000,0,0,1,1,0.621006,,,
0,ASCENT,7,0,1,None,Holding,0,92.586192,407.818445,0,0,0,0,0.000009,1573203.614213,,,,,,,0,,,,,,,,,,,,,,,,0,0,0,,0.0399,-6362.530591,28.620268,227.857465,,,,,,,,,,,,,,,,,,,,,,,,,,,,,,,,,,,None,Continue,0,None,,,,,,1,6097.717224,432.371399,0.713823,11027861.328125,,,,,,,,,,,,,,1000,0,0,1,1,0.621027,,,
0,ASCENT,7,0,1,None,Holding,0,92.586192,407.818445,0,0,0,0,0.000009,1573203.614213,,,,,,,0,,,,,,,,,,,,,,,,0,0,0,,0.0399,-6362.530591,28.620268,227.941027,,,,,,,,,,,,,,,,,,,,,,,,,,,,,,,,,,,None,Continue,0,None,,,,,,1,6097.717224,432.371399,0.713823,11027861.328125,,,,,,,,,,,,,,1000,0,0,1,1,0.621045,,,
0,ASCENT,7,0,1,None,Holding,0,92.586192,407.818445,0,0,0,0,0.000009,1573203.614213,,,,,,,0,,,,,,,,,,,,,,,,0,0,0,,0.0399,-6362.530591,28.620268,228.024588,,,,,,,,,,,,,,,,,,,,,,,,,,,,,,,,,,,None,Continue,0,None,,,,,,1,6097.717224,432.371399,0.713823,11027861.328125,,,,,,,,,,,,,,1000,0,0,1,1,0.621065,,,
0,ASCENT,7,0,1,None,Holding,0,92.586192,407.818445,0,0,0,0,0.000009,1573203.614213,,,,,,,0,,,,,,,,,,,,,,,,0,0,0,,0.0399,-6362.530591,28.620268,228.10815,,,,,,,,,,,,,,,,,,,,,,,,,,,,,,,,,,,None,Continue,0,None,,,,,,1,6097.717224,432.371399,0.713823,11027861.328125,,,,,,,,,,,,,,1000,0,0,1,1,0.621086,,,
0,ASCENT,7,0,1,None,Holding,0,92.586192,407.818445,0,0,0,0,0.000009,1573203.614213,,,,,,,0,,,,,,,,,,,,,,,,0,0,0,,0.0399,-6362.530591,28.620268,228.191711,,,,,,,,,,,,,,,,,,,,,,,,,,,,,,,,,,,None,Continue,0,None,,,,,,1,6097.717224,432.371399,0.713823,11027861.328125,,,,,,,,,,,,,,1000,0,0,1,1,0.621107,,,
0,ASCENT,7,0,1,None,Holding,0,92.586192,407.818445,0,0,0,0,0.000009,1573203.614213,,,,,,,0,,,,,,,,,,,,,,,,0,0,0,,0.0399,-6362.530591,28.620268,228.275273,,,,,,,,,,,,,,,,,,,,,,,,,,,,,,,,,,,None,Continue,0,None,,,,,,1,6097.716736,432.371399,0.713823,11027861.328125,,,,,,,,,,,,,,1000,0,0,1,1,0.621126,,,
0,ASCENT,7,0,1,None,Holding,0,92.586192,407.818445,0,0,0,0,0.000009,1573203.614213,,,,,,,0,,,,,,,,,,,,,,,,0,0,0,,0.0399,-6362.530591,28.620268,228.358834,,,,,,,,,,,,,,,,,,,,,,,,,,,,,,,,,,,None,Continue,0,None,,,,,,1,6097.716736,432.371399,0.713823,11027861.328125,,,,,,,,,,,,,,1000,0,0,1,1,0.621146,,,
0,ASCENT,7,0,1,None,Holding,0,92.586192,407.818445,0,0,0,0,0.000009,1573203.614213,,,,,,,0,,,,,,,,,,,,,,,,0,0,0,,0.0399,-6362.530591,28.620268,228.442396,,,,,,,,,,,,,,,,,,,,,,,,,,,,,,,,,,,None,Continue,0,None,,,,,,1,6097.716736,432.371399,0.713823,11027861.328125,,,,,,,,,,,,,,1000,0,0,1,1,0.621164,,,
0,ASCENT,7,0,1,None,Holding,0,92.586192,407.818445,0,0,0,0,0.000009,1573203.614213,,,,,,,0,,,,,,,,,,,,,,,,0,0,0,,0.0399,-6362.530591,28.620268,228.525957,,,,,,,,,,,,,,,,,,,,,,,,,,,,,,,,,,,None,Continue,0,None,,,,,,1,6097.716736,432.371399,0.713823,11027861.328125,,,,,,,,,,,,,,1000,0,0,1,1,0.621184,,,
0,ASCENT,7,0,1,None,Holding,0,92.586192,407.818445,0,0,0,0,0.000009,1573203.614213,,,,,,,0,,,,,,,,,,,,,,,,0,0,0,,0.0399,-6362.530591,28.620268,228.609519,,,,,,,,,,,,,,,,,,,,,,,,,,,,,,,,,,,None,Continue,0,None,,,,,,1,6097.716736,432.371399,0.713823,11027861.328125,,,,,,,,,,,,,,1000,0,0,1,1,0.621202,,,
0,ASCENT,7,0,1,None,Holding,0,92.586192,407.818445,0,0,0,0,0.000009,1573203.614213,,,,,,,0,,,,,,,,,,,,,,,,0,0,0,,0.0399,-6362.530591,28.620268,228.69308,,,,,,,,,,,,,,,,,,,,,,,,,,,,,,,,,,,None,Continue,0,None,,,,,,1,6097.716736,432.371399,0.713823,11027861.328125,,,,,,,,,,,,,,1000,0,0,1,1,0.621223,,,
0,ASCENT,7,0,1,None,Holding,0,92.586192,407.818445,0,0,0,0,0.000009,1573203.614213,,,,,,,0,,,,,,,,,,,,,,,,0,0,0,,0.0399,-6362.530591,28.620268,228.776642,,,,,,,,,,,,,,,,,,,,,,,,,,,,,,,,,,,None,Continue,0,None,,,,,,1,6097.716736,432.371399,0.713823,11027861.328125,,,,,,,,,,,,,,1000,0,0,1,1,0.621244,,,
0,ASCENT,7,0,1,None,Holding,0,92.586192,407.818445,0,0,0,0,0.000009,1573203.614213,,,,,,,0,,,,,,,,,,,,,,,,0,0,0,,0.0399,-6362.530591,28.620268,228.860203,,,,,,,,,,,,,,,,,,,,,,,,,,,,,,,,,,,None,Continue,0,None,,,,,,1,6097.716736,432.371399,0.713823,11027861.328125,,,,,,,,,,,,,,1000,0,0,1,1,0.621263,,,
0,ASCENT,7,0,1,None,Holding,0,92.586192,407.818445,0,0,0,0,0.000009,1573203.614213,,,,,,,0,,,,,,,,,,,,,,,,0,0,0,,0.0399,-6362.530591,28.620268,228.943765,,,,,,,,,,,,,,,,,,,,,,,,,,,,,,,,,,,None,Continue,0,None,,,,,,1,6097.716736,432.371399,0.713823,11027861.328125,,,,,,,,,,,,,,1000,0,0,1,1,0.621283,,,
0,ASCENT,7,0,1,None,Holding,0,92.586192,407.818445,0,0,0,0,0.000009,1573203.614213,,,,,,,0,,,,,,,,,,,,,,,,0,0,0,,0.0399,-6362.530591,28.620268,229.027326,,,,,,,,,,,,,,,,,,,,,,,,,,,,,,,,,,,None,Continue,0,None,,,,,,1,6097.716736,432.371399,0.713823,11027861.328125,,,,,,,,,,,,,,1000,0,0,1,1,0.621304,,,
0,ASCENT,7,0,1,None,Holding,0,92.586192,407.818445,0,0,0,0,0.000009,1573203.614213,,,,,,,0,,,,,,,,,,,,,,,,0,0,0,,0.0399,-6362.530591,28.620268,229.110888,,,,,,,,,,,,,,,,,,,,,,,,,,,,,,,,,,,None,Continue,0,None,,,,,,1,6097.716736,432.371399,0.713823,11027861.328125,,,,,,,,,,,,,,1000,0,0,1,1,0.621325,,,
0,ASCENT,7,0,1,None,Holding,0,92.586192,407.818445,0,0,0,0,0.000009,1573203.614213,,,,,,,0,,,,,,,,,,,,,,,,0,0,0,,0.0399,-6362.530591,28.620268,229.194449,,,,,,,,,,,,,,,,,,,,,,,,,,,,,,,,,,,None,Continue,0,None,,,,,,1,6097.716736,432.371399,0.713823,11027861.328125,,,,,,,,,,,,,,1000,0,0,1,1,0.621344,,,
0,ASCENT,7,0,1,None,Holding,0,92.586192,407.818445,0,0,0,0,0.000009,1573203.614213,,,,,,,0,,,,,,,,,,,,,,,,0,0,0,,0.0399,-6362.530591,28.620268,229.278011,,,,,,,,,,,,,,,,,,,,,,,,,,,,,,,,,,,None,Continue,0,None,,,,,,1,6097.716736,432.371399,0.713823,11027861.328125,,,,,,,,,,,,,,1000,0,0,1,1,0.621365,,,
0,ASCENT,7,0,1,None,Holding,0,92.586192,407.818445,0,0,0,0,0.000009,1573203.614213,,,,,,,0,,,,,,,,,,,,,,,,0,0,0,,0.0399,-6362.530591,28.620268,229.361572,,,,,,,,,,,,,,,,,,,,,,,,,,,,,,,,,,,None,Continue,0,None,,,,,,1,6097.716248,432.371399,0.713823,11027861.328125,,,,,,,,,,,,,,1000,0,0,1,1,0.621386,,,
0,ASCENT,7,0,1,None,Holding,0,92.586192,407.818445,0,0,0,0,0.000009,1573203.614213,,,,,,,0,,,,,,,,,,,,,,,,0,0,0,,0.0399,-6362.530591,28.620268,229.445134,,,,,,,,,,,,,,,,,,,,,,,,,,,,,,,,,,,None,Continue,0,None,,,,,,1,6097.716248,432.371399,0.713823,11027861.328125,,,,,,,,,,,,,,1000,0,0,1,1,0.621407,,,
0,ASCENT,7,0,1,None,Holding,0,92.586192,407.818445,0,0,0,0,0.000009,1573203.614213,,,,,,,0,,,,,,,,,,,,,,,,0,0,0,,0.0399,-6362.530591,28.620268,229.528695,,,,,,,,,,,,,,,,,,,,,,,,,,,,,,,,,,,None,Continue,0,None,,,,,,1,6097.716248,432.371399,0.713823,11027861.328125,,,,,,,,,,,,,,1000,0,0,1,1,0.621426,,,
0,ASCENT,7,0,1,None,Holding,0,92.586192,407.818445,0,0,0,0,0.000009,1573203.606583,,,,,,,0,,,,,,,,,,,,,,,,0,0,0,,0.0399,-6362.530591,28.620268,229.612257,,,,,,,,,,,,,,,,,,,,,,,,,,,,,,,,,,,None,Continue,0,None,,,,,,1,6097.716248,432.371399,0.713823,11027861.328125,,,,,,,,,,,,,,1000,0,0,1,1,0.621446,,,
0,ASCENT,7,0,1,None,Holding,0,92.586192,407.818445,0,0,0,0,0.000009,1573203.606583,,,,,,,0,,,,,,,,,,,,,,,,0,0,0,,0.0399,-6362.530591,28.620268,229.695818,,,,,,,,,,,,,,,,,,,,,,,,,,,,,,,,,,,None,Continue,0,None,,,,,,1,6097.716248,432.371399,0.713823,11027861.328125,,,,,,,,,,,,,,1000,0,0,1,1,0.621467,,,
0,ASCENT,7,0,1,None,Holding,0,92.586192,407.818445,0,0,0,0,0.000009,1573203.606583,,,,,,,0,,,,,,,,,,,,,,,,0,0,0,,0.0399,-6362.530591,28.620268,229.77938,,,,,,,,,,,,,,,,,,,,,,,,,,,,,,,,,,,None,Continue,0,None,,,,,,1,6097.716248,432.371399,0.713823,11027861.328125,,,,,,,,,,,,,,1000,0,0,1,1,0.621488,,,
0,ASCENT,7,0,1,None,Holding,0,92.586192,407.818445,0,0,0,0,0.000009,1573203.606583,,,,,,,0,,,,,,,,,,,,,,,,0,0,0,,0.0399,-6362.530591,28.620268,229.862941,,,,,,,,,,,,,,,,,,,,,,,,,,,,,,,,,,,None,Continue,0,None,,,,,,1,6097.716248,432.371399,0.713823,11027861.328125,,,,,,,,,,,,,,1000,0,0,1,1,0.621509,,,
0,ASCENT,7,0,1,None,Holding,0,92.586192,407.818445,0,0,0,0,0.000009,1573203.606583,,,,,,,0,,,,,,,,,,,,,,,,0,0,0,,0.0399,-6362.530591,28.620268,229.946502,,,,,,,,,,,,,,,,,,,,,,,,,,,,,,,,,,,None,Continue,0,None,,,,,,1,6097.716248,432.371399,0.713823,11027861.328125,,,,,,,,,,,,,,1000,0,0,1,1,0.621528,,,
0,ASCENT,7,0,1,None,Holding,0,92.586192,407.818445,0,0,0,0,0.000009,1573203.606583,,,,,,,0,,,,,,,,,,,,,,,,0,0,0,,0.0399,-6362.530591,28.620268,230.030064,,,,,,,,,,,,,,,,,,,,,,,,,,,,,,,,,,,None,Continue,0,None,,,,,,1,6097.716248,432.371399,0.713823,11027861.328125,,,,,,,,,,,,,,1000,0,0,1,1,0.621549,,,
0,ASCENT,7,0,1,None,Holding,0,92.586192,407.818445,0,0,0,0,0.000009,1573203.606583,,,,,,,0,,,,,,,,,,,,,,,,0,0,0,,0.0399,-6362.530591,28.620268,230.113625,,,,,,,,,,,,,,,,,,,,,,,,,,,,,,,,,,,None,Continue,0,None,,,,,,1,6097.716248,432.371399,0.713823,11027861.328125,,,,,,,,,,,,,,1000,0,0,1,1,0.62157,,,
0,ASCENT,7,0,1,None,Holding,0,92.586192,407.818445,0,0,0,0,0.000009,1573203.606583,,,,,,,0,,,,,,,,,,,,,,,,0,0,0,,0.0399,-6362.530591,28.620268,230.197187,,,,,,,,,,,,,,,,,,,,,,,,,,,,,,,,,,,None,Continue,0,None,,,,,,1,6097.716248,432.371399,0.713823,11027861.328125,,,,,,,,,,,,,,1000,0,0,1,1,0.621591,,,
0,ASCENT,7,0,1,None,Holding,0,92.586192,407.818445,0,0,0,0,0.000009,1573203.606583,,,,,,,0,,,,,,,,,,,,,,,,0,0,0,,0.0399,-6362.530591,28.620268,230.280748,,,,,,,,,,,,,,,,,,,,,,,,,,,,,,,,,,,None,Continue,0,None,,,,,,1,6097.716248,432.371399,0.713823,11027861.328125,,,,,,,,,,,,,,1000,0,0,1,1,0.62161,,,
0,ASCENT,7,0,1,None,Holding,0,92.586192,407.818445,0,0,0,0,0.000009,1573203.606583,,,,,,,0,,,,,,,,,,,,,,,,0,0,0,,0.0399,-6362.530591,28.620268,230.36431,,,,,,,,,,,,,,,,,,,,,,,,,,,,,,,,,,,None,Continue,0,None,,,,,,1,6097.716248,432.371399,0.713823,11027861.328125,,,,,,,,,,,,,,1000,0,0,1,1,0.62163,,,
0,ASCENT,7,0,1,None,Holding,0,92.586192,407.818445,0,0,0,0,0.000009,1573203.606583,,,,,,,0,,,,,,,,,,,,,,,,0,0,0,,0.0399,-6362.530591,28.620268,230.447871,,,,,,,,,,,,,,,,,,,,,,,,,,,,,,,,,,,None,Continue,0,None,,,,,,1,6097.716248,432.371399,0.713823,11027861.328125,,,,,,,,,,,,,,1000,0,0,1,1,0.621651,,,
0,ASCENT,7,0,1,None,Holding,0,92.586192,407.818445,0,0,0,0,0.000009,1573203.606583,,,,,,,0,,,,,,,,,,,,,,,,0,0,0,,0.0399,-6362.530591,28.620268,230.531433,,,,,,,,,,,,,,,,,,,,,,,,,,,,,,,,,,,None,Continue,0,None,,,,,,1,6097.716248,432.371399,0.713823,11027861.328125,,,,,,,,,,,,,,1000,0,0,1,1,0.621672,,,
0,ASCENT,7,0,1,None,Holding,0,92.586192,407.818445,0,0,0,0,0.000009,1573203.606583,,,,,,,0,,,,,,,,,,,,,,,,0,0,0,,0.0399,-6362.530591,28.620268,230.614994,,,,,,,,,,,,,,,,,,,,,,,,,,,,,,,,,,,None,Continue,0,None,,,,,,1,6097.716248,432.371399,0.713823,11027861.328125,,,,,,,,,,,,,,1000,0,0,1,1,0.621693,,,
0,ASCENT,7,0,1,None,Holding,0,92.586192,407.818445,0,0,0,0,0.000009,1573203.606583,,,,,,,0,,,,,,,,,,,,,,,,0,0,0,,0.0399,-6362.530591,28.620268,230.698556,,,,,,,,,,,,,,,,,,,,,,,,,,,,,,,,,,,None,Continue,0,None,,,,,,1,6097.716248,432.371399,0.713823,11027861.328125,,,,,,,,,,,,,,1000,0,0,1,1,0.621712,,,
0,ASCENT,7,0,1,None,Holding,0,92.586192,407.818445,0,0,0,0,0.000009,1573203.606583,,,,,,,0,,,,,,,,,,,,,,,,0,0,0,,0.0399,-6362.530591,28.620268,230.782117,,,,,,,,,,,,,,,,,,,,,,,,,,,,,,,,,,,None,Continue,0,None,,,,,,1,6097.716248,432.371399,0.713823,11027861.328125,,,,,,,,,,,,,,1000,0,0,1,1,0.621732,,,
0,ASCENT,7,0,1,None,Holding,0,92.586192,407.818445,0,0,0,0,0.000009,1573203.606583,,,,,,,0,,,,,,,,,,,,,,,,0,0,0,,0.0399,-6362.530591,28.620268,230.865679,,,,,,,,,,,,,,,,,,,,,,,,,,,,,,,,,,,None,Continue,0,None,,,,,,1,6097.716248,432.371399,0.713823,11027861.328125,,,,,,,,,,,,,,1000,0,0,1,1,0.621753,,,
0,ASCENT,7,0,1,None,Holding,0,92.586192,407.818445,0,0,0,0,0.000009,1573203.606583,,,,,,,0,,,,,,,,,,,,,,,,0,0,0,,0.0399,-6362.530591,28.620268,230.94924,,,,,,,,,,,,,,,,,,,,,,,,,,,,,,,,,,,None,Continue,0,None,,,,,,1,6097.716248,432.371399,0.713823,11027861.328125,,,,,,,,,,,,,,1000,0,0,1,1,0.621773,,,
0,ASCENT,7,0,1,None,Holding,0,92.586192,407.818445,0,0,0,0,0.000009,1573203.606583,,,,,,,0,,,,,,,,,,,,,,,,0,0,0,,0.0399,-6362.530591,28.620268,231.032802,,,,,,,,,,,,,,,,,,,,,,,,,,,,,,,,,,,None,Continue,0,None,,,,,,1,6097.716248,432.371399,0.713823,11027861.328125,,,,,,,,,,,,,,1000,0,0,1,1,0.621792,,,
0,ASCENT,7,0,1,None,Holding,0,92.586192,407.818445,0,0,0,0,0.000009,1573203.606583,,,,,,,0,,,,,,,,,,,,,,,,0,0,0,,0.0399,-6362.530591,28.620268,231.116363,,,,,,,,,,,,,,,,,,,,,,,,,,,,,,,,,,,None,Continue,0,None,,,,,,1,6097.716248,432.371399,0.713823,11027861.328125,,,,,,,,,,,,,,1000,0,0,1,1,0.621812,,,
0,ASCENT,7,0,1,None,Holding,0,92.586192,407.818445,0,0,0,0,0.000009,1573203.606583,,,,,,,0,,,,,,,,,,,,,,,,0,0,0,,0.0399,-6362.530591,28.620268,231.199925,,,,,,,,,,,,,,,,,,,,,,,,,,,,,,,,,,,None,Continue,0,None,,,,,,1,6097.716248,432.371399,0.713823,11027861.328125,,,,,,,,,,,,,,1000,0,0,1,1,0.621831,,,
0,ASCENT,7,0,1,None,Holding,0,92.586192,407.818445,0,0,0,0,0.000009,1573203.576066,,,,,,,0,,,,,,,,,,,,,,,,0,0,0,,0.0399,-6362.530591,28.620268,231.283486,,,,,,,,,,,,,,,,,,,,,,,,,,,,,,,,,,,None,Continue,0,None,,,,,,1,6097.715759,432.371399,0.713823,11027861.328125,,,,,,,,,,,,,,1000,0,0,1,1,0.621851,,,
0,ASCENT,7,0,1,None,Holding,0,92.586192,407.818445,0,0,0,0,0.000009,1573203.576066,,,,,,,0,,,,,,,,,,,,,,,,0,0,0,,0.0399,-6362.530591,28.620268,231.367048,,,,,,,,,,,,,,,,,,,,,,,,,,,,,,,,,,,None,Continue,0,None,,,,,,1,6097.715759,432.371399,0.713823,11027861.328125,,,,,,,,,,,,,,1000,0,0,1,1,0.621872,,,
0,ASCENT,7,0,1,None,Holding,0,92.586192,407.818445,0,0,0,0,0.000009,1573203.576066,,,,,,,0,,,,,,,,,,,,,,,,0,0,0,,0.0399,-6362.530591,28.620268,231.450609,,,,,,,,,,,,,,,,,,,,,,,,,,,,,,,,,,,None,Continue,0,None,,,,,,1,6097.715759,432.371399,0.713823,11027861.328125,,,,,,,,,,,,,,1000,0,0,1,1,0.621893,,,
0,ASCENT,7,0,1,None,Holding,0,92.586192,407.818445,0,0,0,0,0.000009,1573203.568436,,,,,,,0,,,,,,,,,,,,,,,,0,0,0,,0.0399,-6362.530591,28.620268,231.534171,,,,,,,,,,,,,,,,,,,,,,,,,,,,,,,,,,,None,Continue,0,None,,,,,,1,6097.715759,432.371399,0.713823,11027861.328125,,,,,,,,,,,,,,1000,0,0,1,1,0.621913,,,
0,ASCENT,7,0,1,None,Holding,0,92.586192,407.818445,0,0,0,0,0.000009,1573203.568436,,,,,,,0,,,,,,,,,,,,,,,,0,0,0,,0.0399,-6362.530591,28.620268,231.617732,,,,,,,,,,,,,,,,,,,,,,,,,,,,,,,,,,,None,Continue,0,None,,,,,,1,6097.715759,432.371399,0.713823,11027861.328125,,,,,,,,,,,,,,1000,0,0,1,1,0.621934,,,
0,ASCENT,7,0,1,None,Holding,0,92.586192,407.818445,0,0,0,0,0.000009,1573203.568436,,,,,,,0,,,,,,,,,,,,,,,,0,0,0,,0.0399,-6362.530591,28.620268,231.701294,,,,,,,,,,,,,,,,,,,,,,,,,,,,,,,,,,,None,Continue,0,None,,,,,,1,6097.715759,432.371399,0.713823,11027861.328125,,,,,,,,,,,,,,1000,0,0,1,1,0.621955,,,
0,ASCENT,7,0,1,None,Holding,0,92.586192,407.818445,0,0,0,0,0.000009,1573203.568436,,,,,,,0,,,,,,,,,,,,,,,,0,0,0,,0.0399,-6362.530591,28.620268,231.784855,,,,,,,,,,,,,,,,,,,,,,,,,,,,,,,,,,,None,Continue,0,None,,,,,,1,6097.715759,432.371399,0.713823,11027861.328125,,,,,,,,,,,,,,1000,0,0,1,1,0.621974,,,
0,ASCENT,7,0,1,None,Holding,0,92.586192,407.818445,0,0,0,0,0.000009,1573203.568436,,,,,,,0,,,,,,,,,,,,,,,,0,0,0,,0.0399,-6362.530591,28.620268,231.868417,,,,,,,,,,,,,,,,,,,,,,,,,,,,,,,,,,,None,Continue,0,None,,,,,,1,6097.715759,432.371399,0.713823,11027861.328125,,,,,,,,,,,,,,1000,0,0,1,1,0.621994,,,
0,ASCENT,7,0,1,None,Holding,0,92.586192,407.818445,0,0,0,0,0.000009,1573203.568436,,,,,,,0,,,,,,,,,,,,,,,,0,0,0,,0.0399,-6362.530591,28.620268,231.951978,,,,,,,,,,,,,,,,,,,,,,,,,,,,,,,,,,,None,Continue,0,None,,,,,,1,6097.715271,432.371399,0.713823,11027861.328125,,,,,,,,,,,,,,1000,0,0,1,1,0.622015,,,
0,ASCENT,7,0,1,None,Holding,0,92.586192,407.818445,0,0,0,0,0.000009,1573203.568436,,,,,,,0,,,,,,,,,,,,,,,,0,0,0,,0.0399,-6362.530591,28.620268,232.03554,,,,,,,,,,,,,,,,,,,,,,,,,,,,,,,,,,,None,Continue,0,None,,,,,,1,6097.715271,432.371399,0.713823,11027861.328125,,,,,,,,,,,,,,1000,0,0,1,1,0.622035,,,
0,ASCENT,7,0,1,None,Holding,0,92.586192,407.818445,0,0,0,0,0.000009,1573203.568436,,,,,,,0,,,,,,,,,,,,,,,,0,0,0,,0.0399,-6362.530591,28.620268,232.119101,,,,,,,,,,,,,,,,,,,,,,,,,,,,,,,,,,,None,Continue,0,None,,,,,,1,6097.715271,432.371399,0.713823,11027861.328125,,,,,,,,,,,,,,1000,0,0,1,1,0.622056,,,
0,ASCENT,7,0,1,None,Holding,0,92.586192,407.818445,0,0,0,0,0.000009,1573203.568436,,,,,,,0,,,,,,,,,,,,,,,,0,0,0,,0.0399,-6362.530591,28.620268,232.202663,,,,,,,,,,,,,,,,,,,,,,,,,,,,,,,,,,,None,Continue,0,None,,,,,,1,6097.715271,432.371399,0.713823,11027861.328125,,,,,,,,,,,,,,1000,0,0,1,1,0.622077,,,
0,ASCENT,7,0,1,None,Holding,0,92.586192,407.818445,0,0,0,0,0.000009,1573203.568436,,,,,,,0,,,,,,,,,,,,,,,,0,0,0,,0.0399,-6362.530591,28.620268,232.286224,,,,,,,,,,,,,,,,,,,,,,,,,,,,,,,,,,,None,Continue,0,None,,,,,,1,6097.715271,432.371399,0.713823,11027861.328125,,,,,,,,,,,,,,1000,0,0,1,1,0.622097,,,
0,ASCENT,7,0,1,None,Holding,0,92.586192,407.818445,0,0,0,0,0.000009,1573203.568436,,,,,,,0,,,,,,,,,,,,,,,,0,0,0,,0.0399,-6362.530591,28.620268,232.369786,,,,,,,,,,,,,,,,,,,,,,,,,,,,,,,,,,,None,Continue,0,None,,,,,,1,6097.715271,432.371399,0.713823,11027861.328125,,,,,,,,,,,,,,1000,0,0,1,1,0.622118,,,
0,ASCENT,7,0,1,None,Holding,0,92.586192,407.818445,0,0,0,0,0.000009,1573203.568436,,,,,,,0,,,,,,,,,,,,,,,,0,0,0,,0.0399,-6362.530591,28.620268,232.453347,,,,,,,,,,,,,,,,,,,,,,,,,,,,,,,,,,,None,Continue,0,None,,,,,,1,6097.715271,432.371399,0.713823,11027861.328125,,,,,,,,,,,,,,1000,0,0,1,1,0.622136,,,
0,ASCENT,7,0,1,None,Holding,0,92.586192,407.818445,0,0,0,0,0.000009,1573203.568436,,,,,,,0,,,,,,,,,,,,,,,,0,0,0,,0.0399,-6362.530591,28.620268,232.536909,,,,,,,,,,,,,,,,,,,,,,,,,,,,,,,,,,,None,Continue,0,None,,,,,,1,6097.715271,432.371399,0.713823,11027861.328125,,,,,,,,,,,,,,1000,0,0,1,1,0.622156,,,
0,ASCENT,7,0,1,None,Holding,0,92.586192,407.818445,0,0,0,0,0.000009,1573203.568436,,,,,,,0,,,,,,,,,,,,,,,,0,0,0,,0.0399,-6362.530591,28.620268,232.62047,,,,,,,,,,,,,,,,,,,,,,,,,,,,,,,,,,,None,Continue,0,None,,,,,,1,6097.715271,432.371399,0.713823,11027861.328125,,,,,,,,,,,,,,1000,0,0,1,1,0.622177,,,
0,ASCENT,7,0,1,None,Holding,0,92.586192,407.818445,0,0,0,0,0.000009,1573203.568436,,,,,,,0,,,,,,,,,,,,,,,,0,0,0,,0.0399,-6362.530591,28.620268,232.704032,,,,,,,,,,,,,,,,,,,,,,,,,,,,,,,,,,,None,Continue,0,None,,,,,,1,6097.715271,432.371399,0.713823,11027861.328125,,,,,,,,,,,,,,1000,0,0,1,1,0.622197,,,
0,ASCENT,7,0,1,None,Holding,0,92.586192,407.818445,0,0,0,0,0.000009,1573203.568436,,,,,,,0,,,,,,,,,,,,,,,,0,0,0,,0.0399,-6362.530591,28.620268,232.787593,,,,,,,,,,,,,,,,,,,,,,,,,,,,,,,,,,,None,Continue,0,None,,,,,,1,6097.715271,432.371399,0.713823,11027861.328125,,,,,,,,,,,,,,1000,0,0,1,1,0.622218,,,
0,ASCENT,7,0,1,None,Holding,0,92.586192,407.818445,0,0,0,0,0.000009,1573203.568436,,,,,,,0,,,,,,,,,,,,,,,,0,0,0,,0.0399,-6362.530591,28.620268,232.871155,,,,,,,,,,,,,,,,,,,,,,,,,,,,,,,,,,,None,Continue,0,None,,,,,,1,6097.715271,432.371399,0.713823,11027861.328125,,,,,,,,,,,,,,1000,0,0,1,1,0.622238,,,
0,ASCENT,7,0,1,None,Holding,0,92.586192,407.818445,0,0,0,0,0.000009,1573203.568436,,,,,,,0,,,,,,,,,,,,,,,,0,0,0,,0.0399,-6362.530591,28.620268,232.954716,,,,,,,,,,,,,,,,,,,,,,,,,,,,,,,,,,,None,Continue,0,None,,,,,,1,6097.715271,432.371399,0.713823,11027861.328125,,,,,,,,,,,,,,1000,0,0,1,1,0.622259,,,
0,ASCENT,7,0,1,None,Holding,0,92.586192,407.818445,0,0,0,0,0.000009,1573203.568436,,,,,,,0,,,,,,,,,,,,,,,,0,0,0,,0.0399,-6362.530591,28.620268,233.038278,,,,,,,,,,,,,,,,,,,,,,,,,,,,,,,,,,,None,Continue,0,None,,,,,,1,6097.715271,432.371399,0.713823,11027861.328125,,,,,,,,,,,,,,1000,0,0,1,1,0.622279,,,
0,ASCENT,7,0,1,None,Holding,0,92.586192,407.818445,0,0,0,0,0.000009,1573203.568436,,,,,,,0,,,,,,,,,,,,,,,,0,0,0,,0.0399,-6362.530591,28.620268,233.121839,,,,,,,,,,,,,,,,,,,,,,,,,,,,,,,,,,,None,Continue,0,None,,,,,,1,6097.715271,432.371399,0.713823,11027861.328125,,,,,,,,,,,,,,1000,0,0,1,1,0.622299,,,
0,ASCENT,7,0,1,None,Holding,0,92.586192,407.818445,0,0,0,0,0.000009,1573203.568436,,,,,,,0,,,,,,,,,,,,,,,,0,0,0,,0.0399,-6362.530591,28.620268,233.205401,,,,,,,,,,,,,,,,,,,,,,,,,,,,,,,,,,,None,Continue,0,None,,,,,,1,6097.71521,432.371399,0.713823,11027861.328125,,,,,,,,,,,,,,1000,0,0,1,1,0.62232,,,
0,ASCENT,7,0,1,None,Holding,0,92.586192,407.818445,0,0,0,0,0.000009,1573203.560807,,,,,,,0,,,,,,,,,,,,,,,,0,0,0,,0.0399,-6362.530591,28.620268,233.288962,,,,,,,,,,,,,,,,,,,,,,,,,,,,,,,,,,,None,Continue,0,None,,,,,,1,6097.71521,432.371399,0.713823,11027861.328125,,,,,,,,,,,,,,1000,0,0,1,1,0.62234,,,
0,ASCENT,7,0,1,None,Holding,0,92.586192,407.818445,0,0,0,0,0.000009,1573203.560807,,,,,,,0,,,,,,,,,,,,,,,,0,0,0,,0.0399,-6362.530591,28.620268,233.372524,,,,,,,,,,,,,,,,,,,,,,,,,,,,,,,,,,,None,Continue,0,None,,,,,,1,6097.71521,432.371399,0.713823,11027861.328125,,,,,,,,,,,,,,1000,0,0,1,1,0.622358,,,
0,ASCENT,7,0,1,None,Holding,0,92.586192,407.818445,0,0,0,0,0.000009,1573203.560807,,,,,,,0,,,,,,,,,,,,,,,,0,0,0,,0.0399,-6362.530591,28.620268,233.456085,,,,,,,,,,,,,,,,,,,,,,,,,,,,,,,,,,,None,Continue,0,None,,,,,,1,6097.71521,432.371399,0.713823,11027861.328125,,,,,,,,,,,,,,1000,0,0,1,1,0.622378,,,
0,ASCENT,7,0,1,None,Holding,0,92.586192,407.818445,0,0,0,0,0.000009,1573203.560807,,,,,,,0,,,,,,,,,,,,,,,,0,0,0,,0.0399,-6362.530591,28.620268,233.539647,,,,,,,,,,,,,,,,,,,,,,,,,,,,,,,,,,,None,Continue,0,None,,,,,,1,6097.71521,432.371399,0.713823,11027861.328125,,,,,,,,,,,,,,1000,0,0,1,1,0.622398,,,
0,ASCENT,7,0,1,None,Holding,0,92.586192,407.818445,0,0,0,0,0.000009,1573203.560807,,,,,,,0,,,,,,,,,,,,,,,,0,0,0,,0.0399,-6362.530591,28.620268,233.623208,,,,,,,,,,,,,,,,,,,,,,,,,,,,,,,,,,,None,Continue,0,None,,,,,,1,6097.71521,432.371399,0.713823,11027861.328125,,,,,,,,,,,,,,1000,0,0,1,1,0.622418,,,
0,ASCENT,7,0,1,None,Holding,0,92.586192,407.818445,0,0,0,0,0.000009,1573203.560807,,,,,,,0,,,,,,,,,,,,,,,,0,0,0,,0.0399,-6362.530591,28.620268,233.70677,,,,,,,,,,,,,,,,,,,,,,,,,,,,,,,,,,,None,Continue,0,None,,,,,,1,6097.71521,432.371399,0.713823,11027861.328125,,,,,,,,,,,,,,1000,0,0,1,1,0.622438,,,
0,ASCENT,7,0,1,None,Holding,0,92.586192,407.818445,0,0,0,0,0.000009,1573203.560807,,,,,,,0,,,,,,,,,,,,,,,,0,0,0,,0.0399,-6362.530591,28.620268,233.790331,,,,,,,,,,,,,,,,,,,,,,,,,,,,,,,,,,,None,Continue,0,None,,,,,,1,6097.71521,432.371399,0.713823,11027861.328125,,,,,,,,,,,,,,1000,0,0,1,1,0.622459,,,
0,ASCENT,7,0,1,None,Holding,0,92.586192,407.818445,0,0,0,0,0.000009,1573203.560807,,,,,,,0,,,,,,,,,,,,,,,,0,0,0,,0.0399,-6362.530591,28.620268,233.873893,,,,,,,,,,,,,,,,,,,,,,,,,,,,,,,,,,,None,Continue,0,None,,,,,,1,6097.714722,432.371399,0.713823,11027861.328125,,,,,,,,,,,,,,1000,0,0,1,1,0.622479,,,
0,ASCENT,7,0,1,None,Holding,0,92.586192,407.818445,0,0,0,0,0.000009,1573203.560807,,,,,,,0,,,,,,,,,,,,,,,,0,0,0,,0.0399,-6362.530591,28.620268,233.957454,,,,,,,,,,,,,,,,,,,,,,,,,,,,,,,,,,,None,Continue,0,None,,,,,,1,6097.714722,432.371399,0.713823,11027861.328125,,,,,,,,,,,,,,1000,0,0,1,1,0.622499,,,
0,ASCENT,7,0,1,None,Holding,0,92.586192,407.818445,0,0,0,0,0.000009,1573203.560807,,,,,,,0,,,,,,,,,,,,,,,,0,0,0,,0.0399,-6362.530591,28.620268,234.041016,,,,,,,,,,,,,,,,,,,,,,,,,,,,,,,,,,,None,Continue,0,None,,,,,,1,6097.714722,432.371399,0.713823,11027861.328125,,,,,,,,,,,,,,1000,0,0,1,1,0.622519,,,
0,ASCENT,7,0,1,None,Holding,0,92.586192,407.818445,0,0,0,0,0.000009,1573203.560807,,,,,,,0,,,,,,,,,,,,,,,,0,0,0,,0.0399,-6362.530591,28.620268,234.124577,,,,,,,,,,,,,,,,,,,,,,,,,,,,,,,,,,,None,Continue,0,None,,,,,,1,6097.714722,432.371399,0.713823,11027861.328125,,,,,,,,,,,,,,1000,0,0,1,1,0.622539,,,
0,ASCENT,7,0,1,None,Holding,0,92.586192,407.818445,0,0,0,0,0.000009,1573203.560807,,,,,,,0,,,,,,,,,,,,,,,,0,0,0,,0.0399,-6362.530591,28.620268,234.208139,,,,,,,,,,,,,,,,,,,,,,,,,,,,,,,,,,,None,Continue,0,None,,,,,,1,6097.714722,432.371399,0.713823,11027861.328125,,,,,,,,,,,,,,1000,0,0,1,1,0.622559,,,
0,ASCENT,7,0,1,None,Holding,0,92.586192,407.818445,0,0,0,0,0.000009,1573203.560807,,,,,,,0,,,,,,,,,,,,,,,,0,0,0,,0.0399,-6362.530591,28.620268,234.2917,,,,,,,,,,,,,,,,,,,,,,,,,,,,,,,,,,,None,Continue,0,None,,,,,,1,6097.714722,432.371399,0.713823,11027861.328125,,,,,,,,,,,,,,1000,0,0,1,1,0.622579,,,
0,ASCENT,7,0,1,None,Holding,0,92.586192,407.818445,0,0,0,0,0.000009,1573203.560807,,,,,,,0,,,,,,,,,,,,,,,,0,0,0,,0.0399,-6362.530591,28.620268,234.375262,,,,,,,,,,,,,,,,,,,,,,,,,,,,,,,,,,,None,Continue,0,None,,,,,,1,6097.714722,432.371399,0.713823,11027861.328125,,,,,,,,,,,,,,1000,0,0,1,1,0.622597,,,
0,ASCENT,7,0,1,None,Holding,0,92.586192,407.818445,0,0,0,0,0.000009,1573203.560807,,,,,,,0,,,,,,,,,,,,,,,,0,0,0,,0.0399,-6362.530591,28.620268,234.458823,,,,,,,,,,,,,,,,,,,,,,,,,,,,,,,,,,,None,Continue,0,None,,,,,,1,6097.714722,432.371399,0.713823,11027861.328125,,,,,,,,,,,,,,1000,0,0,1,1,0.622616,,,
0,ASCENT,7,0,1,None,Holding,0,92.586192,407.818445,0,0,0,0,0.000009,1573203.560807,,,,,,,0,,,,,,,,,,,,,,,,0,0,0,,0.0399,-6362.530591,28.620268,234.542385,,,,,,,,,,,,,,,,,,,,,,,,,,,,,,,,,,,None,Continue,0,None,,,,,,1,6097.714722,432.371399,0.713823,11027861.328125,,,,,,,,,,,,,,1000,0,0,1,1,0.622636,,,
0,ASCENT,7,0,1,None,Holding,0,92.586192,407.818445,0,0,0,0,0.000009,1573203.560807,,,,,,,0,,,,,,,,,,,,,,,,0,0,0,,0.0399,-6362.530591,28.620268,234.625946,,,,,,,,,,,,,,,,,,,,,,,,,,,,,,,,,,,None,Continue,0,None,,,,,,1,6097.714722,432.371399,0.713823,11027861.328125,,,,,,,,,,,,,,1000,0,0,1,1,0.622656,,,
0,ASCENT,7,0,1,None,Holding,0,92.586192,407.818445,0,0,0,0,0.000009,1573203.560807,,,,,,,0,,,,,,,,,,,,,,,,0,0,0,,0.0399,-6362.530591,28.620268,234.709508,,,,,,,,,,,,,,,,,,,,,,,,,,,,,,,,,,,None,Continue,0,None,,,,,,1,6097.714722,432.371399,0.713823,11027861.328125,,,,,,,,,,,,,,1000,0,0,1,1,0.622676,,,
0,ASCENT,7,0,1,None,Holding,0,92.586192,407.818445,0,0,0,0,0.000009,1573203.560807,,,,,,,0,,,,,,,,,,,,,,,,0,0,0,,0.0399,-6362.530591,28.620268,234.793069,,,,,,,,,,,,,,,,,,,,,,,,,,,,,,,,,,,None,Continue,0,None,,,,,,1,6097.714722,432.371399,0.713823,11027861.328125,,,,,,,,,,,,,,1000,0,0,1,1,0.622696,,,
0,ASCENT,7,0,1,None,Holding,0,92.586192,407.818445,0,0,0,0,0.000009,1573203.553177,,,,,,,0,,,,,,,,,,,,,,,,0,0,0,,0.0399,-6362.530591,28.620268,234.876631,,,,,,,,,,,,,,,,,,,,,,,,,,,,,,,,,,,None,Continue,0,None,,,,,,1,6097.714722,432.371399,0.713823,11027861.328125,,,,,,,,,,,,,,1000,0,0,1,1,0.622716,,,
0,ASCENT,7,0,1,None,Holding,0,92.586192,407.818445,0,0,0,0,0.000009,1573203.553177,,,,,,,0,,,,,,,,,,,,,,,,0,0,0,,0.0399,-6362.530591,28.620268,234.960192,,,,,,,,,,,,,,,,,,,,,,,,,,,,,,,,,,,None,Continue,0,None,,,,,,1,6097.714722,432.371399,0.713823,11027861.328125,,,,,,,,,,,,,,1000,0,0,1,1,0.622736,,,
0,ASCENT,7,0,1,None,Holding,0,92.586192,407.818445,0,0,0,0,0.000009,1573203.553177,,,,,,,0,,,,,,,,,,,,,,,,0,0,0,,0.0399,-6362.530591,28.620268,235.043754,,,,,,,,,,,,,,,,,,,,,,,,,,,,,,,,,,,None,Continue,0,None,,,,,,1,6097.714722,432.371399,0.713823,11027861.328125,,,,,,,,,,,,,,1000,0,0,1,1,0.622755,,,
0,ASCENT,7,0,1,None,Holding,0,92.586192,407.818445,0,0,0,0,0.000009,1573203.553177,,,,,,,0,,,,,,,,,,,,,,,,0,0,0,,0.0399,-6362.530591,28.620268,235.127315,,,,,,,,,,,,,,,,,,,,,,,,,,,,,,,,,,,None,Continue,0,None,,,,,,1,6097.714233,432.371399,0.713823,11027861.328125,,,,,,,,,,,,,,1000,0,0,1,1,0.622775,,,
0,ASCENT,7,0,1,None,Holding,0,92.586192,407.818445,0,0,0,0,0.000009,1573203.553177,,,,,,,0,,,,,,,,,,,,,,,,0,0,0,,0.0399,-6362.530591,28.620268,235.210877,,,,,,,,,,,,,,,,,,,,,,,,,,,,,,,,,,,None,Continue,0,None,,,,,,1,6097.714233,432.371399,0.713823,11027861.328125,,,,,,,,,,,,,,1000,0,0,1,1,0.622795,,,
0,ASCENT,7,0,1,None,Holding,0,92.586192,407.818445,0,0,0,0,0.000009,1573203.553177,,,,,,,0,,,,,,,,,,,,,,,,0,0,0,,0.0399,-6362.530591,28.620268,235.294438,,,,,,,,,,,,,,,,,,,,,,,,,,,,,,,,,,,None,Continue,0,None,,,,,,1,6097.714233,432.371399,0.713823,11027861.328125,,,,,,,,,,,,,,1000,0,0,1,1,0.622815,,,
0,ASCENT,7,0,1,None,Holding,0,92.586192,407.818445,0,0,0,0,0.000009,1573203.553177,,,,,,,0,,,,,,,,,,,,,,,,0,0,0,,0.0399,-6362.530591,28.620268,235.378,,,,,,,,,,,,,,,,,,,,,,,,,,,,,,,,,,,None,Continue,0,None,,,,,,1,6097.714233,432.371399,0.713823,11027861.328125,,,,,,,,,,,,,,1000,0,0,1,1,0.622832,,,
0,ASCENT,7,0,1,None,Holding,0,92.586192,407.818445,0,0,0,0,0.000009,1573203.52266,,,,,,,0,,,,,,,,,,,,,,,,0,0,0,,0.0399,-6362.530591,28.620268,235.461561,,,,,,,,,,,,,,,,,,,,,,,,,,,,,,,,,,,None,Continue,0,None,,,,,,1,6097.714233,432.371399,0.713823,11027861.328125,,,,,,,,,,,,,,1000,0,0,1,1,0.622851,,,
0,ASCENT,7,0,1,None,Holding,0,92.586192,407.818445,0,0,0,0,0.000009,1573203.52266,,,,,,,0,,,,,,,,,,,,,,,,0,0,0,,0.0399,-6362.530591,28.620268,235.545122,,,,,,,,,,,,,,,,,,,,,,,,,,,,,,,,,,,None,Continue,0,None,,,,,,1,6097.714233,432.371399,0.713823,11027861.328125,,,,,,,,,,,,,,1000,0,0,1,1,0.622871,,,
0,ASCENT,7,0,1,None,Holding,0,92.586192,407.818445,0,0,0,0,0.000009,1573203.52266,,,,,,,0,,,,,,,,,,,,,,,,0,0,0,,0.0399,-6362.530591,28.620268,235.628684,,,,,,,,,,,,,,,,,,,,,,,,,,,,,,,,,,,None,Continue,0,None,,,,,,1,6097.714233,432.371399,0.713823,11027861.328125,,,,,,,,,,,,,,1000,0,0,1,1,0.622891,,,
0,ASCENT,7,0,1,None,Holding,0,92.586192,407.818445,0,0,0,0,0.000009,1573203.52266,,,,,,,0,,,,,,,,,,,,,,,,0,0,0,,0.0399,-6362.530591,28.620268,235.712245,,,,,,,,,,,,,,,,,,,,,,,,,,,,,,,,,,,None,Continue,0,None,,,,,,1,6097.714233,432.371399,0.713823,11027861.328125,,,,,,,,,,,,,,1000,0,0,1,1,0.62291,,,
0,ASCENT,7,0,1,None,Holding,0,92.586192,407.818445,0,0,0,0,0.000009,1573203.52266,,,,,,,0,,,,,,,,,,,,,,,,0,0,0,,0.0399,-6362.530591,28.620268,235.795807,,,,,,,,,,,,,,,,,,,,,,,,,,,,,,,,,,,None,Continue,0,None,,,,,,1,6097.713745,432.371399,0.713823,11027861.328125,,,,,,,,,,,,,,1000,0,0,1,1,0.62293,,,
0,ASCENT,7,0,1,None,Holding,0,92.586192,407.818445,0,0,0,0,0.000009,1573203.52266,,,,,,,0,,,,,,,,,,,,,,,,0,0,0,,0.0399,-6362.530591,28.620268,235.879368,,,,,,,,,,,,,,,,,,,,,,,,,,,,,,,,,,,None,Continue,0,None,,,,,,1,6097.713745,432.371399,0.713823,11027861.328125,,,,,,,,,,,,,,1000,0,0,1,1,0.62295,,,
0,ASCENT,7,0,1,None,Holding,0,92.586192,407.818445,0,0,0,0,0.000009,1573203.52266,,,,,,,0,,,,,,,,,,,,,,,,0,0,0,,0.0399,-6362.530591,28.620268,235.96293,,,,,,,,,,,,,,,,,,,,,,,,,,,,,,,,,,,None,Continue,0,None,,,,,,1,6097.713745,432.371399,0.713823,11027861.328125,,,,,,,,,,,,,,1000,0,0,1,1,0.622969,,,
0,ASCENT,7,0,1,None,Holding,0,92.586192,407.818445,0,0,0,0,0.000009,1573203.52266,,,,,,,0,,,,,,,,,,,,,,,,0,0,0,,0.0399,-6362.530591,28.620268,236.046491,,,,,,,,,,,,,,,,,,,,,,,,,,,,,,,,,,,None,Continue,0,None,,,,,,1,6097.713745,432.371399,0.713823,11027861.328125,,,,,,,,,,,,,,1000,0,0,1,1,0.622987,,,
0,ASCENT,7,0,1,None,Holding,0,92.586192,407.818445,0,0,0,0,0.000009,1573203.52266,,,,,,,0,,,,,,,,,,,,,,,,0,0,0,,0.0399,-6362.530591,28.620268,236.130053,,,,,,,,,,,,,,,,,,,,,,,,,,,,,,,,,,,None,Continue,0,None,,,,,,1,6097.713745,432.371399,0.713823,11027861.328125,,,,,,,,,,,,,,1000,0,0,1,1,0.623006,,,
0,ASCENT,7,0,1,None,Holding,0,92.586192,407.818445,0,0,0,0,0.000009,1573203.52266,,,,,,,0,,,,,,,,,,,,,,,,0,0,0,,0.0399,-6362.530591,28.620268,236.213614,,,,,,,,,,,,,,,,,,,,,,,,,,,,,,,,,,,None,Continue,0,None,,,,,,1,6097.713745,432.371399,0.713823,11027861.328125,,,,,,,,,,,,,,1000,0,0,1,1,0.623025,,,
0,ASCENT,7,0,1,None,Holding,0,92.586192,407.818445,0,0,0,0,0.000009,1573203.52266,,,,,,,0,,,,,,,,,,,,,,,,0,0,0,,0.0399,-6362.530591,28.620268,236.297176,,,,,,,,,,,,,,,,,,,,,,,,,,,,,,,,,,,None,Continue,0,None,,,,,,1,6097.713745,432.371399,0.713823,11027861.328125,,,,,,,,,,,,,,1000,0,0,1,1,0.623045,,,
0,ASCENT,7,0,1,None,Holding,0,92.586192,407.818445,0,0,0,0,0.000009,1573203.51503,,,,,,,0,,,,,,,,,,,,,,,,0,0,0,,0.0399,-6362.530591,28.620268,236.380737,,,,,,,,,,,,,,,,,,,,,,,,,,,,,,,,,,,None,Continue,0,None,,,,,,1,6097.713745,432.371399,0.713823,11027861.328125,,,,,,,,,,,,,,1000,0,0,1,1,0.623064,,,
0,ASCENT,7,0,1,None,Holding,0,92.586192,407.818445,0,0,0,0,0.000009,1573203.51503,,,,,,,0,,,,,,,,,,,,,,,,0,0,0,,0.0399,-6362.530591,28.620268,236.464299,,,,,,,,,,,,,,,,,,,,,,,,,,,,,,,,,,,None,Continue,0,None,,,,,,1,6097.713745,432.371399,0.713823,11027861.328125,,,,,,,,,,,,,,1000,0,0,1,1,0.623084,,,
0,ASCENT,7,0,1,None,Holding,0,92.586192,407.818445,0,0,0,0,0.000009,1573203.51503,,,,,,,0,,,,,,,,,,,,,,,,0,0,0,,0.0399,-6362.530591,28.620268,236.54786,,,,,,,,,,,,,,,,,,,,,,,,,,,,,,,,,,,None,Continue,0,None,,,,,,1,6097.713745,432.371399,0.713823,11027861.328125,,,,,,,,,,,,,,1000,0,0,1,1,0.623103,,,
0,ASCENT,7,0,1,None,Holding,0,92.586192,407.818445,0,0,0,0,0.000009,1573203.51503,,,,,,,0,,,,,,,,,,,,,,,,0,0,0,,0.0399,-6362.530591,28.620268,236.631422,,,,,,,,,,,,,,,,,,,,,,,,,,,,,,,,,,,None,Continue,0,None,,,,,,1,6097.713745,432.371399,0.713823,11027861.328125,,,,,,,,,,,,,,1000,0,0,1,1,0.623123,,,
0,ASCENT,7,0,1,None,Holding,0,92.586192,407.818445,0,0,0,0,0.000009,1573203.51503,,,,,,,0,,,,,,,,,,,,,,,,0,0,0,,0.0399,-6362.530591,28.620268,236.714983,,,,,,,,,,,,,,,,,,,,,,,,,,,,,,,,,,,None,Continue,0,None,,,,,,1,6097.713745,432.371399,0.713823,11027861.328125,,,,,,,,,,,,,,1000,0,0,1,1,0.623142,,,
0,ASCENT,7,0,1,None,Holding,0,92.586192,407.818445,0,0,0,0,0.000009,1573203.51503,,,,,,,0,,,,,,,,,,,,,,,,0,0,0,,0.0399,-6362.530591,28.620268,236.798545,,,,,,,,,,,,,,,,,,,,,,,,,,,,,,,,,,,None,Continue,0,None,,,,,,1,6097.713745,432.371399,0.713823,11027861.328125,,,,,,,,,,,,,,1000,0,0,1,1,0.623161,,,
0,ASCENT,7,0,1,None,Holding,0,92.586192,407.818445,0,0,0,0,0.000009,1573203.51503,,,,,,,0,,,,,,,,,,,,,,,,0,0,0,,0.0399,-6362.530591,28.620268,236.882106,,,,,,,,,,,,,,,,,,,,,,,,,,,,,,,,,,,None,Continue,0,None,,,,,,1,6097.713745,432.371399,0.713823,11027861.328125,,,,,,,,,,,,,,1000,0,0,1,1,0.623181,,,
0,ASCENT,7,0,1,None,Holding,0,92.586192,407.818445,0,0,0,0,0.000009,1573203.51503,,,,,,,0,,,,,,,,,,,,,,,,0,0,0,,0.0399,-6362.530591,28.620268,236.965668,,,,,,,,,,,,,,,,,,,,,,,,,,,,,,,,,,,None,Continue,0,None,,,,,,1,6097.713745,432.371399,0.713823,11027861.328125,,,,,,,,,,,,,,1000,0,0,1,1,0.6232,,,
0,ASCENT,7,0,1,None,Holding,0,92.586192,407.818445,0,0,0,0,0.000009,1573203.51503,,,,,,,0,,,,,,,,,,,,,,,,0,0,0,,0.0399,-6362.530591,28.620268,237.049229,,,,,,,,,,,,,,,,,,,,,,,,,,,,,,,,,,,None,Continue,0,None,,,,,,1,6097.713745,432.371399,0.713823,11027861.328125,,,,,,,,,,,,,,1000,0,0,1,1,0.623219,,,
0,ASCENT,7,0,1,None,Holding,0,92.586192,407.818445,0,0,0,0,0.000009,1573203.51503,,,,,,,0,,,,,,,,,,,,,,,,0,0,0,,0.0399,-6362.530591,28.620268,237.132791,,,,,,,,,,,,,,,,,,,,,,,,,,,,,,,,,,,None,Continue,0,None,,,,,,1,6097.713135,432.371399,0.713823,11027861.328125,,,,,,,,,,,,,,1000,0,0,1,1,0.623237,,,
0,ASCENT,7,0,1,None,Holding,0,92.586192,407.818445,0,0,0,0,0.000009,1573203.51503,,,,,,,0,,,,,,,,,,,,,,,,0,0,0,,0.0399,-6362.530591,28.620268,237.216352,,,,,,,,,,,,,,,,,,,,,,,,,,,,,,,,,,,None,Continue,0,None,,,,,,1,6097.713135,432.371399,0.713823,11027861.328125,,,,,,,,,,,,,,1000,0,0,1,1,0.623255,,,
0,ASCENT,7,0,1,None,Holding,0,92.586192,407.818445,0,0,0,0,0.000009,1573203.51503,,,,,,,0,,,,,,,,,,,,,,,,0,0,0,,0.0399,-6362.530591,28.620268,237.299914,,,,,,,,,,,,,,,,,,,,,,,,,,,,,,,,,,,None,Continue,0,None,,,,,,1,6097.713135,432.371399,0.713823,11027861.328125,,,,,,,,,,,,,,1000,0,0,1,1,0.623274,,,
0,ASCENT,7,0,1,None,Holding,0,92.586192,407.818445,0,0,0,0,0.000009,1573203.51503,,,,,,,0,,,,,,,,,,,,,,,,0,0,0,,0.0399,-6362.530591,28.620268,237.383475,,,,,,,,,,,,,,,,,,,,,,,,,,,,,,,,,,,None,Continue,0,None,,,,,,1,6097.713135,432.371399,0.713823,11027861.328125,,,,,,,,,,,,,,1000,0,0,1,1,0.623294,,,
0,ASCENT,7,0,1,None,Holding,0,92.586192,407.818445,0,0,0,0,0.000009,1573203.51503,,,,,,,0,,,,,,,,,,,,,,,,0,0,0,,0.0399,-6362.530591,28.620268,237.467037,,,,,,,,,,,,,,,,,,,,,,,,,,,,,,,,,,,None,Continue,0,None,,,,,,1,6097.713135,432.371399,0.713823,11027861.328125,,,,,,,,,,,,,,1000,0,0,1,1,0.623313,,,
0,ASCENT,7,0,1,None,Holding,0,92.586192,407.818445,0,0,0,0,0.000009,1573203.51503,,,,,,,0,,,,,,,,,,,,,,,,0,0,0,,0.0399,-6362.530591,28.620268,237.550598,,,,,,,,,,,,,,,,,,,,,,,,,,,,,,,,,,,None,Continue,0,None,,,,,,1,6097.713135,432.371399,0.713823,11027861.328125,,,,,,,,,,,,,,1000,0,0,1,1,0.623332,,,
0,ASCENT,7,0,1,None,Holding,0,92.586192,407.818445,0,0,0,0,0.000009,1573203.51503,,,,,,,0,,,,,,,,,,,,,,,,0,0,0,,0.0399,-6362.530591,28.620268,237.63416,,,,,,,,,,,,,,,,,,,,,,,,,,,,,,,,,,,None,Continue,0,None,,,,,,1,6097.713135,432.371399,0.713823,11027861.328125,,,,,,,,,,,,,,1000,0,0,1,1,0.623351,,,
0,ASCENT,7,0,1,None,Holding,0,92.586192,407.818445,0,0,0,0,0.000009,1573203.51503,,,,,,,0,,,,,,,,,,,,,,,,0,0,0,,0.0399,-6362.530591,28.620268,237.717721,,,,,,,,,,,,,,,,,,,,,,,,,,,,,,,,,,,None,Continue,0,None,,,,,,1,6097.713135,432.371399,0.713823,11027861.328125,,,,,,,,,,,,,,1000,0,0,1,1,0.62337,,,
0,ASCENT,7,0,1,None,Holding,0,92.586192,407.818445,0,0,0,0,0.000009,1573203.507401,,,,,,,0,,,,,,,,,,,,,,,,0,0,0,,0.0399,-6362.530591,28.620268,237.801283,,,,,,,,,,,,,,,,,,,,,,,,,,,,,,,,,,,None,Continue,0,None,,,,,,1,6097.713135,432.371399,0.713823,11027861.328125,,,,,,,,,,,,,,1000,0,0,1,1,0.623389,,,
0,ASCENT,7,0,1,None,Holding,0,92.586192,407.818445,0,0,0,0,0.000009,1573203.507401,,,,,,,0,,,,,,,,,,,,,,,,0,0,0,,0.0399,-6362.530591,28.620268,237.884844,,,,,,,,,,,,,,,,,,,,,,,,,,,,,,,,,,,None,Continue,0,None,,,,,,1,6097.713135,432.371399,0.713823,11027861.328125,,,,,,,,,,,,,,1000,0,0,1,1,0.623408,,,
0,ASCENT,7,0,1,None,Holding,0,92.586192,407.818445,0,0,0,0,0.000009,1573203.507401,,,,,,,0,,,,,,,,,,,,,,,,0,0,0,,0.0399,-6362.530591,28.620268,237.968406,,,,,,,,,,,,,,,,,,,,,,,,,,,,,,,,,,,None,Continue,0,None,,,,,,1,6097.713135,432.371399,0.713823,11027861.328125,,,,,,,,,,,,,,1000,0,0,1,1,0.623427,,,
0,ASCENT,7,0,1,None,Holding,0,92.586192,407.818445,0,0,0,0,0.000009,1573203.507401,,,,,,,0,,,,,,,,,,,,,,,,0,0,0,,0.0399,-6362.530591,28.620268,238.051967,,,,,,,,,,,,,,,,,,,,,,,,,,,,,,,,,,,None,Continue,0,None,,,,,,1,6097.713135,432.371399,0.713823,11027861.328125,,,,,,,,,,,,,,1000,0,0,1,1,0.623447,,,
0,ASCENT,7,0,1,None,Holding,0,92.586192,407.818445,0,0,0,0,0.000009,1573203.507401,,,,,,,0,,,,,,,,,,,,,,,,0,0,0,,0.0399,-6362.530591,28.620268,238.135529,,,,,,,,,,,,,,,,,,,,,,,,,,,,,,,,,,,None,Continue,0,None,,,,,,1,6097.713135,432.371399,0.713823,11027861.328125,,,,,,,,,,,,,,1000,0,0,1,1,0.623465,,,
0,ASCENT,7,0,1,None,Holding,0,92.586192,407.818445,0,0,0,0,0.000009,1573203.507401,,,,,,,0,,,,,,,,,,,,,,,,0,0,0,,0.0399,-6362.530591,28.620268,238.21909,,,,,,,,,,,,,,,,,,,,,,,,,,,,,,,,,,,None,Continue,0,None,,,,,,1,6097.713135,432.371399,0.713823,11027861.328125,,,,,,,,,,,,,,1000,0,0,1,1,0.623483,,,
0,ASCENT,7,0,1,None,Holding,0,92.586192,407.818445,0,0,0,0,0.000009,1573203.507401,,,,,,,0,,,,,,,,,,,,,,,,0,0,0,,0.0399,-6362.530591,28.620268,238.302652,,,,,,,,,,,,,,,,,,,,,,,,,,,,,,,,,,,None,Continue,0,None,,,,,,1,6097.713135,432.371399,0.713823,11027861.328125,,,,,,,,,,,,,,1000,0,0,1,1,0.623501,,,
0,ASCENT,7,0,1,None,Holding,0,92.586192,407.818445,0,0,0,0,0.000009,1573203.507401,,,,,,,0,,,,,,,,,,,,,,,,0,0,0,,0.0399,-6362.530591,28.620268,238.386213,,,,,,,,,,,,,,,,,,,,,,,,,,,,,,,,,,,None,Continue,0,None,,,,,,1,6097.712646,432.371399,0.713823,11027861.328125,,,,,,,,,,,,,,1000,0,0,1,1,0.62352,,,
0,ASCENT,7,0,1,None,Holding,0,92.586192,407.818445,0,0,0,0,0.000009,1573203.507401,,,,,,,0,,,,,,,,,,,,,,,,0,0,0,,0.0399,-6362.530591,28.620268,238.469775,,,,,,,,,,,,,,,,,,,,,,,,,,,,,,,,,,,None,Continue,0,None,,,,,,1,6097.712646,432.371399,0.713823,11027861.328125,,,,,,,,,,,,,,1000,0,0,1,1,0.623539,,,
0,ASCENT,7,0,1,None,Holding,0,92.586192,407.818445,0,0,0,0,0.000009,1573203.507401,,,,,,,0,,,,,,,,,,,,,,,,0,0,0,,0.0399,-6362.530591,28.620268,238.553336,,,,,,,,,,,,,,,,,,,,,,,,,,,,,,,,,,,None,Continue,0,None,,,,,,1,6097.712646,432.371399,0.713823,11027861.328125,,,,,,,,,,,,,,1000,0,0,1,1,0.623558,,,
0,ASCENT,7,0,1,None,Holding,0,92.586192,407.818445,0,0,0,0,0.000009,1573203.507401,,,,,,,0,,,,,,,,,,,,,,,,0,0,0,,0.0399,-6362.530591,28.620268,238.636898,,,,,,,,,,,,,,,,,,,,,,,,,,,,,,,,,,,None,Continue,0,None,,,,,,1,6097.712646,432.371399,0.713823,11027861.328125,,,,,,,,,,,,,,1000,0,0,1,1,0.623577,,,
0,ASCENT,7,0,1,None,Holding,0,92.586192,407.818445,0,0,0,0,0.000009,1573203.507401,,,,,,,0,,,,,,,,,,,,,,,,0,0,0,,0.0399,-6362.530591,28.620268,238.720459,,,,,,,,,,,,,,,,,,,,,,,,,,,,,,,,,,,None,Continue,0,None,,,,,,1,6097.712646,432.371399,0.713823,11027861.328125,,,,,,,,,,,,,,1000,0,0,1,1,0.623596,,,
0,ASCENT,7,0,1,None,Holding,0,92.586192,407.818445,0,0,0,0,0.000009,1573203.507401,,,,,,,0,,,,,,,,,,,,,,,,0,0,0,,0.0399,-6362.530591,28.620268,238.804021,,,,,,,,,,,,,,,,,,,,,,,,,,,,,,,,,,,None,Continue,0,None,,,,,,1,6097.712646,432.371399,0.713823,11027861.328125,,,,,,,,,,,,,,1000,0,0,1,1,0.623614,,,
0,ASCENT,7,0,1,None,Holding,0,92.586192,407.818445,0,0,0,0,0.000009,1573203.507401,,,,,,,0,,,,,,,,,,,,,,,,0,0,0,,0.0399,-6362.530591,28.620268,238.887582,,,,,,,,,,,,,,,,,,,,,,,,,,,,,,,,,,,None,Continue,0,None,,,,,,1,6097.712646,432.371399,0.713823,11027861.328125,,,,,,,,,,,,,,1000,0,0,1,1,0.623633,,,
0,ASCENT,7,0,1,None,Holding,0,92.586192,407.818445,0,0,0,0,0.000009,1573203.476883,,,,,,,0,,,,,,,,,,,,,,,,0,0,0,,0.0399,-6362.530591,28.620268,238.971144,,,,,,,,,,,,,,,,,,,,,,,,,,,,,,,,,,,None,Continue,0,None,,,,,,1,6097.712646,432.371399,0.713823,11027861.328125,,,,,,,,,,,,,,1000,0,0,1,1,0.623652,,,
0,ASCENT,7,0,1,None,Holding,0,92.586192,407.818445,0,0,0,0,0.000009,1573203.476883,,,,,,,0,,,,,,,,,,,,,,,,0,0,0,,0.0399,-6362.530591,28.620268,239.054705,,,,,,,,,,,,,,,,,,,,,,,,,,,,,,,,,,,None,Continue,0,None,,,,,,1,6097.712158,432.371399,0.713823,11027861.328125,,,,,,,,,,,,,,1000,0,0,1,1,0.623671,,,
0,ASCENT,7,0,1,None,Holding,0,92.586192,407.818445,0,0,0,0,0.000009,1573203.469254,,,,,,,0,,,,,,,,,,,,,,,,0,0,0,,0.0399,-6362.530591,28.620268,239.138267,,,,,,,,,,,,,,,,,,,,,,,,,,,,,,,,,,,None,Continue,0,None,,,,,,1,6097.712158,432.371399,0.713823,11027861.328125,,,,,,,,,,,,,,1000,0,0,1,1,0.623689,,,
0,ASCENT,7,0,1,None,Holding,0,92.586192,407.818445,0,0,0,0,0.000009,1573203.469254,,,,,,,0,,,,,,,,,,,,,,,,0,0,0,,0.0399,-6362.530591,28.620268,239.221828,,,,,,,,,,,,,,,,,,,,,,,,,,,,,,,,,,,None,Continue,0,None,,,,,,1,6097.712158,432.371399,0.713823,11027861.328125,,,,,,,,,,,,,,1000,0,0,1,1,0.623708,,,
0,ASCENT,7,0,1,None,Holding,0,92.586192,407.818445,0,0,0,0,0.000009,1573203.469254,,,,,,,0,,,,,,,,,,,,,,,,0,0,0,,0.0399,-6362.530591,28.620268,239.30539,,,,,,,,,,,,,,,,,,,,,,,,,,,,,,,,,,,None,Continue,0,None,,,,,,1,6097.712158,432.371399,0.713823,11027861.328125,,,,,,,,,,,,,,1000,0,0,1,1,0.623725,,,
0,ASCENT,7,0,1,None,Holding,0,92.586192,407.818445,0,0,0,0,0.000009,1573203.469254,,,,,,,0,,,,,,,,,,,,,,,,0,0,0,,0.0399,-6362.530591,28.620268,239.388951,,,,,,,,,,,,,,,,,,,,,,,,,,,,,,,,,,,None,Continue,0,None,,,,,,1,6097.712158,432.371399,0.713823,11027861.328125,,,,,,,,,,,,,,1000,0,0,1,1,0.623743,,,
0,ASCENT,7,0,1,None,Holding,0,92.586192,407.818445,0,0,0,0,0.000009,1573203.469254,,,,,,,0,,,,,,,,,,,,,,,,0,0,0,,0.0399,-6362.530591,28.620268,239.472513,,,,,,,,,,,,,,,,,,,,,,,,,,,,,,,,,,,None,Continue,0,None,,,,,,1,6097.712158,432.371399,0.713823,11027861.328125,,,,,,,,,,,,,,1000,0,0,1,1,0.623762,,,
0,ASCENT,7,0,1,None,Holding,0,92.586192,407.818445,0,0,0,0,0.000009,1573203.469254,,,,,,,0,,,,,,,,,,,,,,,,0,0,0,,0.0399,-6362.530591,28.620268,239.556074,,,,,,,,,,,,,,,,,,,,,,,,,,,,,,,,,,,None,Continue,0,None,,,,,,1,6097.712158,432.371399,0.713823,11027861.328125,,,,,,,,,,,,,,1000,0,0,1,1,0.62378,,,
0,ASCENT,7,0,1,None,Holding,0,92.586192,407.818445,0,0,0,0,0.000009,1573203.469254,,,,,,,0,,,,,,,,,,,,,,,,0,0,0,,0.0399,-6362.530591,28.620268,239.639636,,,,,,,,,,,,,,,,,,,,,,,,,,,,,,,,,,,None,Continue,0,None,,,,,,1,6097.712158,432.371399,0.713823,11027861.328125,,,,,,,,,,,,,,1000,0,0,1,1,0.623799,,,
0,ASCENT,7,0,1,None,Holding,0,92.586192,407.818445,0,0,0,0,0.000009,1573203.469254,,,,,,,0,,,,,,,,,,,,,,,,0,0,0,,0.0399,-6362.530591,28.620268,239.723197,,,,,,,,,,,,,,,,,,,,,,,,,,,,,,,,,,,None,Continue,0,None,,,,,,1,6097.712158,432.371399,0.713823,11027861.328125,,,,,,,,,,,,,,1000,0,0,1,1,0.623818,,,
0,ASCENT,7,0,1,None,Holding,0,92.586192,407.818445,0,0,0,0,0.000009,1573203.469254,,,,,,,0,,,,,,,,,,,,,,,,0,0,0,,0.0399,-6362.530591,28.620268,239.806759,,,,,,,,,,,,,,,,,,,,,,,,,,,,,,,,,,,None,Continue,0,None,,,,,,1,6097.712158,432.371399,0.713823,11027861.328125,,,,,,,,,,,,,,1000,0,0,1,1,0.623836,,,
0,ASCENT,7,0,1,None,Holding,0,92.586192,407.818445,0,0,0,0,0.000009,1573203.469254,,,,,,,0,,,,,,,,,,,,,,,,0,0,0,,0.0399,-6362.530591,28.620268,239.89032,,,,,,,,,,,,,,,,,,,,,,,,,,,,,,,,,,,None,Continue,0,None,,,,,,1,6097.712158,432.371399,0.713823,11027861.328125,,,,,,,,,,,,,,1000,0,0,1,1,0.623855,,,
0,ASCENT,7,0,1,None,Holding,0,92.586192,407.818445,0,0,0,0,0.000009,1573203.469254,,,,,,,0,,,,,,,,,,,,,,,,0,0,0,,0.0399,-6362.530591,28.620268,239.973882,,,,,,,,,,,,,,,,,,,,,,,,,,,,,,,,,,,None,Continue,0,None,,,,,,1,6097.712158,432.371399,0.713823,11027861.328125,,,,,,,,,,,,,,1000,0,0,1,1,0.623873,,,
0,ASCENT,7,0,1,None,Holding,0,92.586192,407.818445,0,0,0,0,0.000009,1573203.469254,,,,,,,0,,,,,,,,,,,,,,,,0,0,0,,0.0399,-6362.530591,28.620268,240.057443,,,,,,,,,,,,,,,,,,,,,,,,,,,,,,,,,,,None,Continue,0,None,,,,,,1,6097.712158,432.371399,0.713823,11027861.328125,,,,,,,,,,,,,,1000,0,0,1,1,0.623892,,,
0,ASCENT,7,0,1,None,Holding,0,92.586192,407.818445,0,0,0,0,0.000009,1573203.469254,,,,,,,0,,,,,,,,,,,,,,,,0,0,0,,0.0399,-6362.530591,28.620268,240.141005,,,,,,,,,,,,,,,,,,,,,,,,,,,,,,,,,,,None,Continue,0,None,,,,,,1,6097.712158,432.371399,0.713823,11027861.328125,,,,,,,,,,,,,,1000,0,0,1,1,0.62391,,,
0,ASCENT,7,0,1,None,Holding,0,92.586192,407.818445,0,0,0,0,0.000009,1573203.469254,,,,,,,0,,,,,,,,,,,,,,,,0,0,0,,0.0399,-6362.530591,28.620268,240.224566,,,,,,,,,,,,,,,,,,,,,,,,,,,,,,,,,,,None,Continue,0,None,,,,,,1,6097.712158,432.371399,0.713823,11027861.328125,,,,,,,,,,,,,,1000,0,0,1,1,0.623929,,,
0,ASCENT,7,0,1,None,Holding,0,92.586192,407.818445,0,0,0,0,0.000009,1573203.461625,,,,,,,0,,,,,,,,,,,,,,,,0,0,0,,0.0399,-6362.530591,28.620268,240.308128,,,,,,,,,,,,,,,,,,,,,,,,,,,,,,,,,,,None,Continue,0,None,,,,,,1,6097.712158,432.371399,0.713823,11027861.328125,,,,,,,,,,,,,,1000,0,0,1,1,0.623947,,,
0,ASCENT,7,0,1,None,Holding,0,92.586192,407.818445,0,0,0,0,0.000009,1573203.461625,,,,,,,0,,,,,,,,,,,,,,,,0,0,0,,0.0399,-6362.530591,28.620268,240.391689,,,,,,,,,,,,,,,,,,,,,,,,,,,,,,,,,,,None,Continue,0,None,,,,,,1,6097.71167,432.371399,0.713823,11027861.328125,,,,,,,,,,,,,,1000,0,0,1,1,0.623965,,,
0,ASCENT,7,0,1,None,Holding,0,92.586192,407.818445,0,0,0,0,0.000009,1573203.461625,,,,,,,0,,,,,,,,,,,,,,,,0,0,0,,0.0399,-6362.530591,28.620268,240.475251,,,,,,,,,,,,,,,,,,,,,,,,,,,,,,,,,,,None,Continue,0,None,,,,,,1,6097.71167,432.371399,0.713823,11027861.328125,,,,,,,,,,,,,,1000,0,0,1,1,0.623984,,,
0,ASCENT,7,0,1,None,Holding,0,92.586192,407.818445,0,0,0,0,0.000009,1573203.461625,,,,,,,0,,,,,,,,,,,,,,,,0,0,0,,0.0399,-6362.530591,28.620268,240.558812,,,,,,,,,,,,,,,,,,,,,,,,,,,,,,,,,,,None,Continue,0,None,,,,,,1,6097.71167,432.371399,0.713823,11027861.328125,,,,,,,,,,,,,,1000,0,0,1,1,0.624,,,
0,ASCENT,7,0,1,None,Holding,0,92.586192,407.818445,0,0,0,0,0.000009,1573203.461625,,,,,,,0,,,,,,,,,,,,,,,,0,0,0,,0.0399,-6362.530591,28.620268,240.642374,,,,,,,,,,,,,,,,,,,,,,,,,,,,,,,,,,,None,Continue,0,None,,,,,,1,6097.71167,432.371399,0.713823,11027861.328125,,,,,,,,,,,,,,1000,0,0,1,1,0.624018,,,
0,ASCENT,7,0,1,None,Holding,0,92.586192,407.818445,0,0,0,0,0.000009,1573203.461625,,,,,,,0,,,,,,,,,,,,,,,,0,0,0,,0.0399,-6362.530591,28.620268,240.725935,,,,,,,,,,,,,,,,,,,,,,,,,,,,,,,,,,,None,Continue,0,None,,,,,,1,6097.71167,432.371399,0.713823,11027861.328125,,,,,,,,,,,,,,1000,0,0,1,1,0.624036,,,
0,ASCENT,7,0,1,None,Holding,0,92.586192,407.818445,0,0,0,0,0.000009,1573203.461625,,,,,,,0,,,,,,,,,,,,,,,,0,0,0,,0.0399,-6362.530591,28.620268,240.809497,,,,,,,,,,,,,,,,,,,,,,,,,,,,,,,,,,,None,Continue,0,None,,,,,,1,6097.71167,432.371399,0.713823,11027861.328125,,,,,,,,,,,,,,1000,0,0,1,1,0.624055,,,
0,ASCENT,7,0,1,None,Holding,0,92.586192,407.818445,0,0,0,0,0.000009,1573203.461625,,,,,,,0,,,,,,,,,,,,,,,,0,0,0,,0.0399,-6362.530591,28.620268,240.893058,,,,,,,,,,,,,,,,,,,,,,,,,,,,,,,,,,,None,Continue,0,None,,,,,,1,6097.71167,432.371399,0.713823,11027861.328125,,,,,,,,,,,,,,1000,0,0,1,1,0.624073,,,
0,ASCENT,7,0,1,None,Holding,0,92.586192,407.818445,0,0,0,0,0.000009,1573203.461625,,,,,,,0,,,,,,,,,,,,,,,,0,0,0,,0.0399,-6362.530591,28.620268,240.976619,,,,,,,,,,,,,,,,,,,,,,,,,,,,,,,,,,,None,Continue,0,None,,,,,,1,6097.71167,432.371399,0.713823,11027861.328125,,,,,,,,,,,,,,1000,0,0,1,1,0.624091,,,
0,ASCENT,7,0,1,None,Holding,0,92.586192,407.818445,0,0,0,0,0.000009,1573203.461625,,,,,,,0,,,,,,,,,,,,,,,,0,0,0,,0.0399,-6362.530591,28.620268,241.060181,,,,,,,,,,,,,,,,,,,,,,,,,,,,,,,,,,,None,Continue,0,None,,,,,,1,6097.71167,432.371399,0.713823,11027861.328125,,,,,,,,,,,,,,1000,0,0,1,1,0.62411,,,
0,ASCENT,7,0,1,None,Holding,0,92.586192,407.818445,0,0,0,0,0.000009,1573203.461625,,,,,,,0,,,,,,,,,,,,,,,,0,0,0,,0.0399,-6362.530591,28.620268,241.143742,,,,,,,,,,,,,,,,,,,,,,,,,,,,,,,,,,,None,Continue,0,None,,,,,,1,6097.711121,432.371399,0.713823,11027861.328125,,,,,,,,,,,,,,1000,0,0,1,1,0.624128,,,
0,ASCENT,7,0,1,None,Holding,0,92.586192,407.818445,0,0,0,0,0.000009,1573203.461625,,,,,,,0,,,,,,,,,,,,,,,,0,0,0,,0.0399,-6362.530591,28.620268,241.227304,,,,,,,,,,,,,,,,,,,,,,,,,,,,,,,,,,,None,Continue,0,None,,,,,,1,6097.711121,432.371399,0.713823,11027861.328125,,,,,,,,,,,,,,1000,0,0,1,1,0.624146,,,
0,ASCENT,7,0,1,None,Holding,0,92.586192,407.818445,0,0,0,0,0.000009,1573203.461625,,,,,,,0,,,,,,,,,,,,,,,,0,0,0,,0.0399,-6362.530591,28.620268,241.310865,,,,,,,,,,,,,,,,,,,,,,,,,,,,,,,,,,,None,Continue,0,None,,,,,,1,6097.711121,432.371399,0.713823,11027861.328125,,,,,,,,,,,,,,1000,0,0,1,1,0.624164,,,
0,ASCENT,7,0,1,None,Holding,0,92.586192,407.818445,0,0,0,0,0.000009,1573203.461625,,,,,,,0,,,,,,,,,,,,,,,,0,0,0,,0.0399,-6362.530591,28.620268,241.394427,,,,,,,,,,,,,,,,,,,,,,,,,,,,,,,,,,,None,Continue,0,None,,,,,,1,6097.711121,432.371399,0.713823,11027861.328125,,,,,,,,,,,,,,1000,0,0,1,1,0.624182,,,
0,ASCENT,7,0,1,None,Holding,0,92.586192,407.818445,0,0,0,0,0.000009,1573203.461625,,,,,,,0,,,,,,,,,,,,,,,,0,0,0,,0.0399,-6362.530591,28.620268,241.477988,,,,,,,,,,,,,,,,,,,,,,,,,,,,,,,,,,,None,Continue,0,None,,,,,,1,6097.711121,432.371399,0.713823,11027861.328125,,,,,,,,,,,,,,1000,0,0,1,1,0.6242,,,
0,ASCENT,7,0,1,None,Holding,0,92.586192,407.818445,0,0,0,0,0.000009,1573203.453995,,,,,,,0,,,,,,,,,,,,,,,,0,0,0,,0.0399,-6362.530591,28.620268,241.56155,,,,,,,,,,,,,,,,,,,,,,,,,,,,,,,,,,,None,Continue,0,None,,,,,,1,6097.711121,432.371399,0.713823,11027861.328125,,,,,,,,,,,,,,1000,0,0,1,1,0.624218,,,
0,ASCENT,7,0,1,None,Holding,0,92.586192,407.818445,0,0,0,0,0.000009,1573203.453995,,,,,,,0,,,,,,,,,,,,,,,,0,0,0,,0.0399,-6362.530591,28.620268,241.645111,,,,,,,,,,,,,,,,,,,,,,,,,,,,,,,,,,,None,Continue,0,None,,,,,,1,6097.711121,432.371399,0.713823,11027861.328125,,,,,,,,,,,,,,1000,0,0,1,1,0.624236,,,
0,ASCENT,7,0,1,None,Holding,0,92.586192,407.818445,0,0,0,0,0.000009,1573203.453995,,,,,,,0,,,,,,,,,,,,,,,,0,0,0,,0.0399,-6362.530591,28.620268,241.728673,,,,,,,,,,,,,,,,,,,,,,,,,,,,,,,,,,,None,Continue,0,None,,,,,,1,6097.711121,432.371399,0.713823,11027861.328125,,,,,,,,,,,,,,1000,0,0,1,1,0.624254,,,
0,ASCENT,7,0,1,None,Holding,0,92.586192,407.818445,0,0,0,0,0.000009,1573203.453995,,,,,,,0,,,,,,,,,,,,,,,,0,0,0,,0.0399,-6362.530591,28.620268,241.812234,,,,,,,,,,,,,,,,,,,,,,,,,,,,,,,,,,,None,Continue,0,None,,,,,,1,6097.710632,432.371399,0.713823,11027861.328125,,,,,,,,,,,,,,1000,0,0,1,1,0.624272,,,
0,ASCENT,7,0,1,None,Holding,0,92.586192,407.818445,0,0,0,0,0.000009,1573203.453995,,,,,,,0,,,,,,,,,,,,,,,,0,0,0,,0.0399,-6362.530591,28.620268,241.895796,,,,,,,,,,,,,,,,,,,,,,,,,,,,,,,,,,,None,Continue,0,None,,,,,,1,6097.710632,432.371399,0.713823,11027861.328125,,,,,,,,,,,,,,1000,0,0,1,1,0.62429,,,
0,ASCENT,7,0,1,None,Holding,0,92.586192,407.818445,0,0,0,0,0.000009,1573203.423478,,,,,,,0,,,,,,,,,,,,,,,,0,0,0,,0.0399,-6362.530591,28.620268,241.979357,,,,,,,,,,,,,,,,,,,,,,,,,,,,,,,,,,,None,Continue,0,None,,,,,,1,6097.710632,432.371399,0.713823,11027861.328125,,,,,,,,,,,,,,1000,0,0,1,1,0.624307,,,
0,ASCENT,7,0,1,None,Holding,0,92.586192,407.818445,0,0,0,0,0.000009,1573203.423478,,,,,,,0,,,,,,,,,,,,,,,,0,0,0,,0.0399,-6362.530591,28.620268,242.062919,,,,,,,,,,,,,,,,,,,,,,,,,,,,,,,,,,,None,Continue,0,None,,,,,,1,6097.710632,432.371399,0.713823,11027861.328125,,,,,,,,,,,,,,1000,0,0,1,1,0.624324,,,
0,ASCENT,7,0,1,None,Holding,0,92.586192,407.818445,0,0,0,0,0.000009,1573203.423478,,,,,,,0,,,,,,,,,,,,,,,,0,0,0,,0.0399,-6362.530591,28.620268,242.14648,,,,,,,,,,,,,,,,,,,,,,,,,,,,,,,,,,,None,Continue,0,None,,,,,,1,6097.710632,432.371399,0.713823,11027861.328125,,,,,,,,,,,,,,1000,0,0,1,1,0.624342,,,
0,ASCENT,7,0,1,None,Holding,0,92.586192,407.818445,0,0,0,0,0.000009,1573203.423478,,,,,,,0,,,,,,,,,,,,,,,,0,0,0,,0.0399,-6362.530591,28.620268,242.230042,,,,,,,,,,,,,,,,,,,,,,,,,,,,,,,,,,,None,Continue,0,None,,,,,,1,6097.710632,432.371399,0.713823,11027861.328125,,,,,,,,,,,,,,1000,0,0,1,1,0.62436,,,
0,ASCENT,7,0,1,None,Holding,0,92.586192,407.818445,0,0,0,0,0.000009,1573203.423478,,,,,,,0,,,,,,,,,,,,,,,,0,0,0,,0.0399,-6362.530591,28.620268,242.313603,,,,,,,,,,,,,,,,,,,,,,,,,,,,,,,,,,,None,Continue,0,None,,,,,,1,6097.710632,432.371399,0.713823,11027861.328125,,,,,,,,,,,,,,1000,0,0,1,1,0.624378,,,
0,ASCENT,7,0,1,None,Holding,0,92.586192,407.818445,0,0,0,0,0.000009,1573203.423478,,,,,,,0,,,,,,,,,,,,,,,,0,0,0,,0.0399,-6362.530591,28.620268,242.397165,,,,,,,,,,,,,,,,,,,,,,,,,,,,,,,,,,,None,Continue,0,None,,,,,,1,6097.710632,432.371399,0.713823,11027861.328125,,,,,,,,,,,,,,1000,0,0,1,1,0.624396,,,
0,ASCENT,7,0,1,None,Holding,0,92.586192,407.818445,0,0,0,0,0.000009,1573203.423478,,,,,,,0,,,,,,,,,,,,,,,,0,0,0,,0.0399,-6362.530591,28.620268,242.480726,,,,,,,,,,,,,,,,,,,,,,,,,,,,,,,,,,,None,Continue,0,None,,,,,,1,6097.710632,432.371399,0.713823,11027861.328125,,,,,,,,,,,,,,1000,0,0,1,1,0.624413,,,
0,ASCENT,7,0,1,None,Holding,0,92.586192,407.818445,0,0,0,0,0.000009,1573203.423478,,,,,,,0,,,,,,,,,,,,,,,,0,0,0,,0.0399,-6362.530591,28.620268,242.564288,,,,,,,,,,,,,,,,,,,,,,,,,,,,,,,,,,,None,Continue,0,None,,,,,,1,6097.710632,432.371399,0.713823,11027861.328125,,,,,,,,,,,,,,1000,0,0,1,1,0.624431,,,
0,ASCENT,7,0,1,None,Holding,0,92.586192,407.818445,0,0,0,0,0.000009,1573203.423478,,,,,,,0,,,,,,,,,,,,,,,,0,0,0,,0.0399,-6362.530591,28.620268,242.647849,,,,,,,,,,,,,,,,,,,,,,,,,,,,,,,,,,,None,Continue,0,None,,,,,,1,6097.710632,432.371399,0.713823,11027861.328125,,,,,,,,,,,,,,1000,0,0,1,1,0.624449,,,
0,ASCENT,7,0,1,None,Holding,0,92.586192,407.818445,0,0,0,0,0.000009,1573203.415848,,,,,,,0,,,,,,,,,,,,,,,,0,0,0,,0.0399,-6362.530591,28.620268,242.731411,,,,,,,,,,,,,,,,,,,,,,,,,,,,,,,,,,,None,Continue,0,None,,,,,,1,6097.710632,432.371399,0.713823,11027861.328125,,,,,,,,,,,,,,1000,0,0,1,1,0.624467,,,
0,ASCENT,7,0,1,None,Holding,0,92.586192,407.818445,0,0,0,0,0.000009,1573203.415848,,,,,,,0,,,,,,,,,,,,,,,,0,0,0,,0.0399,-6362.530591,28.620268,242.814972,,,,,,,,,,,,,,,,,,,,,,,,,,,,,,,,,,,None,Continue,0,None,,,,,,1,6097.710632,432.371399,0.713823,11027861.328125,,,,,,,,,,,,,,1000,0,0,1,1,0.624485,,,
0,ASCENT,7,0,1,None,Holding,0,92.586192,407.818445,0,0,0,0,0.000009,1573203.415848,,,,,,,0,,,,,,,,,,,,,,,,0,0,0,,0.0399,-6362.530591,28.620268,242.898534,,,,,,,,,,,,,,,,,,,,,,,,,,,,,,,,,,,None,Continue,0,None,,,,,,1,6097.710632,432.371399,0.713823,11027861.328125,,,,,,,,,,,,,,1000,0,0,1,1,0.624502,,,
0,ASCENT,7,0,1,None,Holding,0,92.586192,407.818445,0,0,0,0,0.000009,1573203.415848,,,,,,,0,,,,,,,,,,,,,,,,0,0,0,,0.0399,-6362.530591,28.620268,242.982095,,,,,,,,,,,,,,,,,,,,,,,,,,,,,,,,,,,None,Continue,0,None,,,,,,1,6097.710632,432.371399,0.713823,11027861.328125,,,,,,,,,,,,,,1000,0,0,1,1,0.62452,,,
0,ASCENT,7,0,1,None,Holding,0,92.586192,407.818445,0,0,0,0,0.000009,1573203.415848,,,,,,,0,,,,,,,,,,,,,,,,0,0,0,,0.0399,-6362.530591,28.620268,243.065657,,,,,,,,,,,,,,,,,,,,,,,,,,,,,,,,,,,None,Continue,0,None,,,,,,1,6097.710632,432.371399,0.713823,11027861.328125,,,,,,,,,,,,,,1000,0,0,1,1,0.624538,,,
0,ASCENT,7,0,1,None,Holding,0,92.586192,407.818445,0,0,0,0,0.000009,1573203.415848,,,,,,,0,,,,,,,,,,,,,,,,0,0,0,,0.0399,-6362.530591,28.620268,243.149218,,,,,,,,,,,,,,,,,,,,,,,,,,,,,,,,,,,None,Continue,0,None,,,,,,1,6097.710632,432.371399,0.713823,11027861.328125,,,,,,,,,,,,,,1000,0,0,1,1,0.624555,,,
0,ASCENT,7,0,1,None,Holding,0,92.586192,407.818445,0,0,0,0,0.000009,1573203.415848,,,,,,,0,,,,,,,,,,,,,,,,0,0,0,,0.0399,-6362.530591,28.620268,243.23278,,,,,,,,,,,,,,,,,,,,,,,,,,,,,,,,,,,None,Continue,0,None,,,,,,1,6097.710144,432.371399,0.713823,11027861.328125,,,,,,,,,,,,,,1000,0,0,1,1,0.624573,,,
0,ASCENT,7,0,1,None,Holding,0,92.586192,407.818445,0,0,0,0,0.000009,1573203.415848,,,,,,,0,,,,,,,,,,,,,,,,0,0,0,,0.0399,-6362.530591,28.620268,243.316341,,,,,,,,,,,,,,,,,,,,,,,,,,,,,,,,,,,None,Continue,0,None,,,,,,1,6097.710144,432.371399,0.713823,11027861.328125,,,,,,,,,,,,,,1000,0,0,1,1,0.62459,,,
0,ASCENT,7,0,1,None,Holding,0,92.586192,407.818445,0,0,0,0,0.000009,1573203.415848,,,,,,,0,,,,,,,,,,,,,,,,0,0,0,,0.0399,-6362.530591,28.620268,243.399903,,,,,,,,,,,,,,,,,,,,,,,,,,,,,,,,,,,None,Continue,0,None,,,,,,1,6097.710144,432.371399,0.713823,11027861.328125,,,,,,,,,,,,,,1000,0,0,1,1,0.624606,,,
0,ASCENT,7,0,1,None,Holding,0,92.586192,407.818445,0,0,0,0,0.000009,1573203.415848,,,,,,,0,,,,,,,,,,,,,,,,0,0,0,,0.0399,-6362.530591,28.620268,243.483464,,,,,,,,,,,,,,,,,,,,,,,,,,,,,,,,,,,None,Continue,0,None,,,,,,1,6097.710144,432.371399,0.713823,11027861.328125,,,,,,,,,,,,,,1000,0,0,1,1,0.624623,,,
0,ASCENT,7,0,1,None,Holding,0,92.586192,407.818445,0,0,0,0,0.000009,1573203.415848,,,,,,,0,,,,,,,,,,,,,,,,0,0,0,,0.0399,-6362.530591,28.620268,243.567026,,,,,,,,,,,,,,,,,,,,,,,,,,,,,,,,,,,None,Continue,0,None,,,,,,1,6097.710144,432.371399,0.713823,11027861.328125,,,,,,,,,,,,,,1000,0,0,1,1,0.624641,,,
0,ASCENT,7,0,1,None,Holding,0,92.586192,407.818445,0,0,0,0,0.000009,1573203.415848,,,,,,,0,,,,,,,,,,,,,,,,0,0,0,,0.0399,-6362.530591,28.620268,243.650587,,,,,,,,,,,,,,,,,,,,,,,,,,,,,,,,,,,None,Continue,0,None,,,,,,1,6097.710144,432.371399,0.713823,11027861.328125,,,,,,,,,,,,,,1000,0,0,1,1,0.624658,,,
0,ASCENT,7,0,1,None,Holding,0,92.586192,407.818445,0,0,0,0,0.000009,1573203.415848,,,,,,,0,,,,,,,,,,,,,,,,0,0,0,,0.0399,-6362.530591,28.620268,243.734149,,,,,,,,,,,,,,,,,,,,,,,,,,,,,,,,,,,None,Continue,0,None,,,,,,1,6097.710144,432.371399,0.713823,11027861.328125,,,,,,,,,,,,,,1000,0,0,1,1,0.624676,,,
0,ASCENT,7,0,1,None,Holding,0,92.586192,407.818445,0,0,0,0,0.000009,1573203.408219,,,,,,,0,,,,,,,,,,,,,,,,0,0,0,,0.0399,-6362.530591,28.620268,243.81771,,,,,,,,,,,,,,,,,,,,,,,,,,,,,,,,,,,None,Continue,0,None,,,,,,1,6097.710144,432.371399,0.713823,11027861.328125,,,,,,,,,,,,,,1000,0,0,1,1,0.624693,,,
0,ASCENT,7,0,1,None,Holding,0,92.586192,407.818445,0,0,0,0,0.000009,1573203.408219,,,,,,,0,,,,,,,,,,,,,,,,0,0,0,,0.0399,-6362.530591,28.620268,243.901272,,,,,,,,,,,,,,,,,,,,,,,,,,,,,,,,,,,None,Continue,0,None,,,,,,1,6097.709595,432.371399,0.713823,11027861.328125,,,,,,,,,,,,,,1000,0,0,1,1,0.624711,,,
0,ASCENT,7,0,1,None,Holding,0,92.586192,407.818445,0,0,0,0,0.000009,1573203.408219,,,,,,,0,,,,,,,,,,,,,,,,0,0,0,,0.0399,-6362.530591,28.620268,243.984833,,,,,,,,,,,,,,,,,,,,,,,,,,,,,,,,,,,None,Continue,0,None,,,,,,1,6097.709595,432.371399,0.713823,11027861.328125,,,,,,,,,,,,,,1000,0,0,1,1,0.624728,,,
0,ASCENT,7,0,1,None,Holding,0,92.586192,407.818445,0,0,0,0,0.000009,1573203.408219,,,,,,,0,,,,,,,,,,,,,,,,0,0,0,,0.0399,-6362.530591,28.620268,244.068395,,,,,,,,,,,,,,,,,,,,,,,,,,,,,,,,,,,None,Continue,0,None,,,,,,1,6097.709595,432.371399,0.713823,11027861.328125,,,,,,,,,,,,,,1000,0,0,1,1,0.624745,,,
0,ASCENT,7,0,1,None,Holding,0,92.586192,407.818445,0,0,0,0,0.000009,1573203.408219,,,,,,,0,,,,,,,,,,,,,,,,0,0,0,,0.0399,-6362.530591,28.620268,244.151956,,,,,,,,,,,,,,,,,,,,,,,,,,,,,,,,,,,None,Continue,0,None,,,,,,1,6097.709595,432.371399,0.713823,11027861.328125,,,,,,,,,,,,,,1000,0,0,1,1,0.624763,,,
0,ASCENT,7,0,1,None,Holding,0,92.586192,407.818445,0,0,0,0,0.000009,1573203.408219,,,,,,,0,,,,,,,,,,,,,,,,0,0,0,,0.0399,-6362.530591,28.620268,244.235518,,,,,,,,,,,,,,,,,,,,,,,,,,,,,,,,,,,None,Continue,0,None,,,,,,1,6097.709595,432.371399,0.713823,11027861.328125,,,,,,,,,,,,,,1000,0,0,1,1,0.62478,,,
0,ASCENT,7,0,1,None,Holding,0,92.586192,407.818445,0,0,0,0,0.000009,1573203.408219,,,,,,,0,,,,,,,,,,,,,,,,0,0,0,,0.0399,-6362.530591,28.620268,244.319079,,,,,,,,,,,,,,,,,,,,,,,,,,,,,,,,,,,None,Continue,0,None,,,,,,1,6097.709595,432.371399,0.713823,11027861.328125,,,,,,,,,,,,,,1000,0,0,1,1,0.624798,,,
0,ASCENT,7,0,1,None,Holding,0,92.586192,407.818445,0,0,0,0,0.000009,1573203.408219,,,,,,,0,,,,,,,,,,,,,,,,0,0,0,,0.0399,-6362.530591,28.620268,244.402641,,,,,,,,,,,,,,,,,,,,,,,,,,,,,,,,,,,None,Continue,0,None,,,,,,1,6097.709595,432.371399,0.713823,11027861.328125,,,,,,,,,,,,,,1000,0,0,1,1,0.624815,,,
0,ASCENT,7,0,1,None,Holding,0,92.586192,407.818445,0,0,0,0,0.000009,1573203.408219,,,,,,,0,,,,,,,,,,,,,,,,0,0,0,,0.0399,-6362.530591,28.620268,244.486202,,,,,,,,,,,,,,,,,,,,,,,,,,,,,,,,,,,None,Continue,0,None,,,,,,1,6097.709595,432.371399,0.713823,11027861.328125,,,,,,,,,,,,,,1000,0,0,1,1,0.624832,,,
0,ASCENT,7,0,1,None,Holding,0,92.586192,407.818445,0,0,0,0,0.000009,1573203.408219,,,,,,,0,,,,,,,,,,,,,,,,0,0,0,,0.0399,-6362.530591,28.620268,244.569764,,,,,,,,,,,,,,,,,,,,,,,,,,,,,,,,,,,None,Continue,0,None,,,,,,1,6097.709106,432.371399,0.713823,11027861.328125,,,,,,,,,,,,,,1000,0,0,1,1,0.624849,,,
0,ASCENT,7,0,1,None,Holding,0,92.586192,407.818445,0,0,0,0,0.000009,1573203.408219,,,,,,,0,,,,,,,,,,,,,,,,0,0,0,,0.0399,-6362.530591,28.620268,244.653325,,,,,,,,,,,,,,,,,,,,,,,,,,,,,,,,,,,None,Continue,0,None,,,,,,1,6097.709106,432.371399,0.713823,11027861.328125,,,,,,,,,,,,,,1000,0,0,1,1,0.624866,,,
0,ASCENT,7,0,1,None,Holding,0,92.586192,407.818445,0,0,0,0,0.000009,1573203.377701,,,,,,,0,,,,,,,,,,,,,,,,0,0,0,,0.0399,-6362.530591,28.620268,244.736887,,,,,,,,,,,,,,,,,,,,,,,,,,,,,,,,,,,None,Continue,0,None,,,,,,1,6097.709106,432.371399,0.713823,11027861.328125,,,,,,,,,,,,,,1000,0,0,1,1,0.624882,,,
0,ASCENT,7,0,1,None,Holding,0,92.586192,407.818445,0,0,0,0,0.000009,1573203.370072,,,,,,,0,,,,,,,,,,,,,,,,0,0,0,,0.0399,-6362.530591,28.620268,244.820448,,,,,,,,,,,,,,,,,,,,,,,,,,,,,,,,,,,None,Continue,0,None,,,,,,1,6097.709106,432.371399,0.713823,11027861.328125,,,,,,,,,,,,,,1000,0,0,1,1,0.624898,,,
0,ASCENT,7,0,1,None,Holding,0,92.586192,407.818445,0,0,0,0,0.000009,1573203.370072,,,,,,,0,,,,,,,,,,,,,,,,0,0,0,,0.0399,-6362.530591,28.620268,244.90401,,,,,,,,,,,,,,,,,,,,,,,,,,,,,,,,,,,None,Continue,0,None,,,,,,1,6097.709106,432.371399,0.713823,11027861.328125,,,,,,,,,,,,,,1000,0,0,1,1,0.624916,,,
0,ASCENT,7,0,1,None,Holding,0,92.586192,407.818445,0,0,0,0,0.000009,1573203.370072,,,,,,,0,,,,,,,,,,,,,,,,0,0,0,,0.0399,-6362.530591,28.620268,244.987571,,,,,,,,,,,,,,,,,,,,,,,,,,,,,,,,,,,None,Continue,0,None,,,,,,1,6097.709106,432.371399,0.713823,11027861.328125,,,,,,,,,,,,,,1000,0,0,1,1,0.624933,,,
0,ASCENT,7,0,1,None,Holding,0,92.586192,407.818445,0,0,0,0,0.000009,1573203.370072,,,,,,,0,,,,,,,,,,,,,,,,0,0,0,,0.0399,-6362.530591,28.620268,245.071133,,,,,,,,,,,,,,,,,,,,,,,,,,,,,,,,,,,None,Continue,0,None,,,,,,1,6097.709106,432.371399,0.713823,11027861.328125,,,,,,,,,,,,,,1000,0,0,1,1,0.624951,,,
0,ASCENT,7,0,1,None,Holding,0,92.586192,407.818445,0,0,0,0,0.000009,1573203.370072,,,,,,,0,,,,,,,,,,,,,,,,0,0,0,,0.0399,-6362.530591,28.620268,245.154694,,,,,,,,,,,,,,,,,,,,,,,,,,,,,,,,,,,None,Continue,0,None,,,,,,1,6097.709106,432.371399,0.713823,11027861.328125,,,,,,,,,,,,,,1000,0,0,1,1,0.624968,,,
0,ASCENT,7,0,1,None,Holding,0,92.586192,407.818445,0,0,0,0,0.000009,1573203.370072,,,,,,,0,,,,,,,,,,,,,,,,0,0,0,,0.0399,-6362.530591,28.620268,245.238256,,,,,,,,,,,,,,,,,,,,,,,,,,,,,,,,,,,None,Continue,0,None,,,,,,1,6097.709106,432.371399,0.713823,11027861.328125,,,,,,,,,,,,,,1000,0,0,1,1,0.624985,,,
0,ASCENT,7,0,1,None,Holding,0,92.586192,407.818445,0,0,0,0,0.000009,1573203.370072,,,,,,,0,,,,,,,,,,,,,,,,0,0,0,,0.0399,-6362.530591,28.620268,245.321817,,,,,,,,,,,,,,,,,,,,,,,,,,,,,,,,,,,None,Continue,0,None,,,,,,1,6097.709106,432.371399,0.713823,11027861.328125,,,,,,,,,,,,,,1000,0,0,1,1,0.625002,,,
0,ASCENT,7,0,1,None,Holding,0,92.586192,407.818445,0,0,0,0,0.000009,1573203.370072,,,,,,,0,,,,,,,,,,,,,,,,0,0,0,,0.0399,-6362.530591,28.620268,245.405379,,,,,,,,,,,,,,,,,,,,,,,,,,,,,,,,,,,None,Continue,0,None,,,,,,1,6097.709106,432.371399,0.713823,11027861.328125,,,,,,,,,,,,,,1000,0,0,1,1,0.625019,,,
0,ASCENT,7,0,1,None,Holding,0,92.586192,407.818445,0,0,0,0,0.000009,1573203.370072,,,,,,,0,,,,,,,,,,,,,,,,0,0,0,,0.0399,-6362.530591,28.620268,245.48894,,,,,,,,,,,,,,,,,,,,,,,,,,,,,,,,,,,None,Continue,0,None,,,,,,1,6097.709106,432.371399,0.713823,11027861.328125,,,,,,,,,,,,,,1000,0,0,1,1,0.625037,,,
0,ASCENT,7,0,1,None,Holding,0,92.586192,407.818445,0,0,0,0,0.000009,1573203.370072,,,,,,,0,,,,,,,,,,,,,,,,0,0,0,,0.0399,-6362.530591,28.620268,245.572502,,,,,,,,,,,,,,,,,,,,,,,,,,,,,,,,,,,None,Continue,0,None,,,,,,1,6097.709106,432.371399,0.713823,11027861.328125,,,,,,,,,,,,,,1000,0,0,1,1,0.625054,,,
0,ASCENT,7,0,1,None,Holding,0,92.586192,407.818445,0,0,0,0,0.000009,1573203.370072,,,,,,,0,,,,,,,,,,,,,,,,0,0,0,,0.0399,-6362.530591,28.620268,245.656063,,,,,,,,,,,,,,,,,,,,,,,,,,,,,,,,,,,None,Continue,0,None,,,,,,1,6097.709106,432.371399,0.713823,11027861.328125,,,,,,,,,,,,,,1000,0,0,1,1,0.62507,,,
0,ASCENT,7,0,1,None,Holding,0,92.586192,407.818445,0,0,0,0,0.000009,1573203.370072,,,,,,,0,,,,,,,,,,,,,,,,0,0,0,,0.0399,-6362.530591,28.620268,245.739625,,,,,,,,,,,,,,,,,,,,,,,,,,,,,,,,,,,None,Continue,0,None,,,,,,1,6097.709106,432.371399,0.713823,11027861.328125,,,,,,,,,,,,,,1000,0,0,1,1,0.625087,,,
0,ASCENT,7,0,1,None,Holding,0,92.586192,407.818445,0,0,0,0,0.000009,1573203.370072,,,,,,,0,,,,,,,,,,,,,,,,0,0,0,,0.0399,-6362.530591,28.620268,245.823186,,,,,,,,,,,,,,,,,,,,,,,,,,,,,,,,,,,None,Continue,0,None,,,,,,1,6097.709106,432.371399,0.713823,11027861.328125,,,,,,,,,,,,,,1000,0,0,1,1,0.625105,,,
0,ASCENT,7,0,1,None,Holding,0,92.586192,407.818445,0,0,0,0,0.000009,1573203.362443,,,,,,,0,,,,,,,,,,,,,,,,0,0,0,,0.0399,-6362.530591,28.620268,245.906748,,,,,,,,,,,,,,,,,,,,,,,,,,,,,,,,,,,None,Continue,0,None,,,,,,1,6097.709106,432.371399,0.713823,11027861.328125,,,,,,,,,,,,,,1000,0,0,1,1,0.625122,,,
0,ASCENT,7,0,1,None,Holding,0,92.586192,407.818445,0,0,0,0,0.000009,1573203.362443,,,,,,,0,,,,,,,,,,,,,,,,0,0,0,,0.0399,-6362.530591,28.620268,245.990309,,,,,,,,,,,,,,,,,,,,,,,,,,,,,,,,,,,None,Continue,0,None,,,,,,1,6097.70813,432.371399,0.713823,11027861.328125,,,,,,,,,,,,,,1000,0,0,1,1,0.625139,,,
0,ASCENT,7,0,1,None,Holding,0,92.586192,407.818445,0,0,0,0,0.000009,1573203.362443,,,,,,,0,,,,,,,,,,,,,,,,0,0,0,,0.0399,-6362.530591,28.620268,246.073871,,,,,,,,,,,,,,,,,,,,,,,,,,,,,,,,,,,None,Continue,0,None,,,,,,1,6097.70813,432.371399,0.713823,11027861.328125,,,,,,,,,,,,,,1000,0,0,1,1,0.625155,,,
0,ASCENT,7,0,1,None,Holding,0,92.586192,407.818445,0,0,0,0,0.000009,1573203.362443,,,,,,,0,,,,,,,,,,,,,,,,0,0,0,,0.0399,-6362.530591,28.620268,246.157432,,,,,,,,,,,,,,,,,,,,,,,,,,,,,,,,,,,None,Continue,0,None,,,,,,1,6097.70813,432.371399,0.713823,11027861.328125,,,,,,,,,,,,,,1000,0,0,1,1,0.625172,,,
0,ASCENT,7,0,1,None,Holding,0,92.586192,407.818445,0,0,0,0,0.000009,1573203.362443,,,,,,,0,,,,,,,,,,,,,,,,0,0,0,,0.0399,-6362.530591,28.620268,246.240994,,,,,,,,,,,,,,,,,,,,,,,,,,,,,,,,,,,None,Continue,0,None,,,,,,1,6097.70813,432.371399,0.713823,11027861.328125,,,,,,,,,,,,,,1000,0,0,1,1,0.625189,,,
0,ASCENT,7,0,1,None,Holding,0,92.586192,407.818445,0,0,0,0,0.000009,1573203.362443,,,,,,,0,,,,,,,,,,,,,,,,0,0,0,,0.0399,-6362.530591,28.620268,246.324555,,,,,,,,,,,,,,,,,,,,,,,,,,,,,,,,,,,None,Continue,0,None,,,,,,1,6097.70813,432.371399,0.713823,11027861.328125,,,,,,,,,,,,,,1000,0,0,1,1,0.625206,,,
0,ASCENT,7,0,1,None,Holding,0,92.586192,407.818445,0,0,0,0,0.000009,1573203.362443,,,,,,,0,,,,,,,,,,,,,,,,0,0,0,,0.0399,-6362.530591,28.620268,246.408117,,,,,,,,,,,,,,,,,,,,,,,,,,,,,,,,,,,None,Continue,0,None,,,,,,1,6097.70813,432.371399,0.713823,11027861.328125,,,,,,,,,,,,,,1000,0,0,1,1,0.625223,,,
0,ASCENT,7,0,1,None,Holding,0,92.586192,407.818445,0,0,0,0,0.000009,1573203.362443,,,,,,,0,,,,,,,,,,,,,,,,0,0,0,,0.0399,-6362.530591,28.620268,246.491678,,,,,,,,,,,,,,,,,,,,,,,,,,,,,,,,,,,None,Continue,0,None,,,,,,1,6097.70813,432.371399,0.713823,11027861.328125,,,,,,,,,,,,,,1000,0,0,1,1,0.62524,,,
0,ASCENT,7,0,1,None,Holding,0,92.586192,407.818445,0,0,0,0,0.000009,1573203.362443,,,,,,,0,,,,,,,,,,,,,,,,0,0,0,,0.0399,-6362.530591,28.620268,246.575239,,,,,,,,,,,,,,,,,,,,,,,,,,,,,,,,,,,None,Continue,0,None,,,,,,1,6097.70813,432.371399,0.713823,11027861.328125,,,,,,,,,,,,,,1000,0,0,1,1,0.625257,,,
0,ASCENT,7,0,1,None,Holding,0,92.586192,407.818445,0,0,0,0,0.000009,1573203.362443,,,,,,,0,,,,,,,,,,,,,,,,0,0,0,,0.0399,-6362.530591,28.620268,246.658801,,,,,,,,,,,,,,,,,,,,,,,,,,,,,,,,,,,None,Continue,0,None,,,,,,1,6097.708008,432.371399,0.713823,11027861.328125,,,,,,,,,,,,,,1000,0,0,1,1,0.625273,,,
0,ASCENT,7,0,1,None,Holding,0,92.586192,407.818445,0,0,0,0,0.000009,1573203.362443,,,,,,,0,,,,,,,,,,,,,,,,0,0,0,,0.0399,-6362.530591,28.620268,246.742362,,,,,,,,,,,,,,,,,,,,,,,,,,,,,,,,,,,None,Continue,0,None,,,,,,1,6097.708008,432.371399,0.713823,11027861.328125,,,,,,,,,,,,,,1000,0,0,1,1,0.62529,,,
0,ASCENT,7,0,1,None,Holding,0,92.586192,407.818445,0,0,0,0,0.000009,1573203.362443,,,,,,,0,,,,,,,,,,,,,,,,0,0,0,,0.0399,-6362.530591,28.620268,246.825924,,,,,,,,,,,,,,,,,,,,,,,,,,,,,,,,,,,None,Continue,0,None,,,,,,1,6097.708008,432.371399,0.713823,11027861.328125,,,,,,,,,,,,,,1000,0,0,1,1,0.625307,,,
0,ASCENT,7,0,1,None,Holding,0,92.586192,407.818445,0,0,0,0,0.000009,1573203.354813,,,,,,,0,,,,,,,,,,,,,,,,0,0,0,,0.0399,-6362.530591,28.620268,246.909485,,,,,,,,,,,,,,,,,,,,,,,,,,,,,,,,,,,None,Continue,0,None,,,,,,1,6097.708008,432.371399,0.713823,11027861.328125,,,,,,,,,,,,,,1000,0,0,1,1,0.625324,,,
0,ASCENT,7,0,1,None,Holding,0,92.586192,407.818445,0,0,0,0,0.000009,1573203.354813,,,,,,,0,,,,,,,,,,,,,,,,0,0,0,,0.0399,-6362.530591,28.620268,246.993047,,,,,,,,,,,,,,,,,,,,,,,,,,,,,,,,,,,None,Continue,0,None,,,,,,1,6097.708008,432.371399,0.713823,11027861.328125,,,,,,,,,,,,,,1000,0,0,1,1,0.62534,,,
0,ASCENT,7,0,1,None,Holding,0,92.586192,407.818445,0,0,0,0,0.000009,1573203.354813,,,,,,,0,,,,,,,,,,,,,,,,0,0,0,,0.0399,-6362.530591,28.620268,247.076608,,,,,,,,,,,,,,,,,,,,,,,,,,,,,,,,,,,None,Continue,0,None,,,,,,1,6097.708008,432.371399,0.713823,11027861.328125,,,,,,,,,,,,,,1000,0,0,1,1,0.625357,,,
0,ASCENT,7,0,1,None,Holding,0,92.586192,407.818445,0,0,0,0,0.000009,1573203.354813,,,,,,,0,,,,,,,,,,,,,,,,0,0,0,,0.0399,-6362.530591,28.620268,247.16017,,,,,,,,,,,,,,,,,,,,,,,,,,,,,,,,,,,None,Continue,0,None,,,,,,1,6097.708008,432.371399,0.713823,11027861.328125,,,,,,,,,,,,,,1000,0,0,1,1,0.625373,,,
0,ASCENT,7,0,1,None,Holding,0,92.586192,407.818445,0,0,0,0,0.000009,1573203.324296,,,,,,,0,,,,,,,,,,,,,,,,0,0,0,,0.0399,-6362.530591,28.620268,247.243731,,,,,,,,,,,,,,,,,,,,,,,,,,,,,,,,,,,None,Continue,0,None,,,,,,1,6097.707031,432.371399,0.713823,11027861.328125,,,,,,,,,,,,,,1000,0,0,1,1,0.62539,,,
0,ASCENT,7,0,1,None,Holding,0,92.586192,407.818445,0,0,0,0,0.000009,1573203.324296,,,,,,,0,,,,,,,,,,,,,,,,0,0,0,,0.0399,-6362.530591,28.620268,247.327293,,,,,,,,,,,,,,,,,,,,,,,,,,,,,,,,,,,None,Continue,0,None,,,,,,1,6097.707031,432.371399,0.713823,11027861.328125,,,,,,,,,,,,,,1000,0,0,1,1,0.625407,,,
0,ASCENT,7,0,1,None,Holding,0,92.586192,407.818445,0,0,0,0,0.000009,1573203.324296,,,,,,,0,,,,,,,,,,,,,,,,0,0,0,,0.0399,-6362.530591,28.620268,247.410854,,,,,,,,,,,,,,,,,,,,,,,,,,,,,,,,,,,None,Continue,0,None,,,,,,1,6097.707031,432.371399,0.713823,11027861.328125,,,,,,,,,,,,,,1000,0,0,1,1,0.625423,,,
0,ASCENT,7,0,1,None,Holding,0,92.586192,407.818445,0,0,0,0,0.000009,1573203.324296,,,,,,,0,,,,,,,,,,,,,,,,0,0,0,,0.0399,-6362.530591,28.620268,247.494416,,,,,,,,,,,,,,,,,,,,,,,,,,,,,,,,,,,None,Continue,0,None,,,,,,1,6097.707031,432.371399,0.713823,11027861.328125,,,,,,,,,,,,,,1000,0,0,1,1,0.62544,,,
0,ASCENT,7,0,1,None,Holding,0,92.586192,407.818445,0,0,0,0,0.000009,1573203.324296,,,,,,,0,,,,,,,,,,,,,,,,0,0,0,,0.0399,-6362.530591,28.620268,247.577977,,,,,,,,,,,,,,,,,,,,,,,,,,,,,,,,,,,None,Continue,0,None,,,,,,1,6097.707031,432.371399,0.713823,11027861.328125,,,,,,,,,,,,,,1000,0,0,1,1,0.625456,,,
0,ASCENT,7,0,1,None,Holding,0,92.586192,407.818445,0,0,0,0,0.000009,1573203.324296,,,,,,,0,,,,,,,,,,,,,,,,0,0,0,,0.0399,-6362.530591,28.620268,247.661539,,,,,,,,,,,,,,,,,,,,,,,,,,,,,,,,,,,None,Continue,0,None,,,,,,1,6097.707031,432.371399,0.713823,11027861.328125,,,,,,,,,,,,,,1000,0,0,1,1,0.625472,,,
0,ASCENT,7,0,1,None,Holding,0,92.586192,407.818445,0,0,0,0,0.000009,1573203.324296,,,,,,,0,,,,,,,,,,,,,,,,0,0,0,,0.0399,-6362.530591,28.620268,247.7451,,,,,,,,,,,,,,,,,,,,,,,,,,,,,,,,,,,None,Continue,0,None,,,,,,1,6097.707031,432.371399,0.713823,11027861.328125,,,,,,,,,,,,,,1000,0,0,1,1,0.625489,,,
0,ASCENT,7,0,1,None,Holding,0,92.586192,407.818445,0,0,0,0,0.000009,1573203.316666,,,,,,,0,,,,,,,,,,,,,,,,0,0,0,,0.0399,-6362.530591,28.620268,247.828662,,,,,,,,,,,,,,,,,,,,,,,,,,,,,,,,,,,None,Continue,0,None,,,,,,1,6097.707031,432.371399,0.713823,11027861.328125,,,,,,,,,,,,,,1000,0,0,1,1,0.625505,,,
0,ASCENT,7,0,1,None,Holding,0,92.586192,407.818445,0,0,0,0,0.000009,1573203.316666,,,,,,,0,,,,,,,,,,,,,,,,0,0,0,,0.0399,-6362.530591,28.620268,247.912223,,,,,,,,,,,,,,,,,,,,,,,,,,,,,,,,,,,None,Continue,0,None,,,,,,1,6097.707031,432.371399,0.713823,11027861.328125,,,,,,,,,,,,,,1000,0,0,1,1,0.625522,,,
0,ASCENT,7,0,1,None,Holding,0,92.586192,407.818445,0,0,0,0,0.000009,1573203.316666,,,,,,,0,,,,,,,,,,,,,,,,0,0,0,,0.0399,-6362.530591,28.620268,247.995785,,,,,,,,,,,,,,,,,,,,,,,,,,,,,,,,,,,None,Continue,0,None,,,,,,1,6097.707031,432.371399,0.713823,11027861.328125,,,,,,,,,,,,,,1000,0,0,1,1,0.625538,,,
0,ASCENT,7,0,1,None,Holding,0,92.586192,407.818445,0,0,0,0,0.000009,1573203.316666,,,,,,,0,,,,,,,,,,,,,,,,0,0,0,,0.0399,-6362.530591,28.620268,248.079346,,,,,,,,,,,,,,,,,,,,,,,,,,,,,,,,,,,None,Continue,0,None,,,,,,1,6097.707031,432.371399,0.713823,11027861.328125,,,,,,,,,,,,,,1000,0,0,1,1,0.625555,,,
0,ASCENT,7,0,1,None,Holding,0,92.586192,407.818445,0,0,0,0,0.000009,1573203.316666,,,,,,,0,,,,,,,,,,,,,,,,0,0,0,,0.0399,-6362.530591,28.620268,248.162908,,,,,,,,,,,,,,,,,,,,,,,,,,,,,,,,,,,None,Continue,0,None,,,,,,1,6097.707031,432.371399,0.713823,11027861.328125,,,,,,,,,,,,,,1000,0,0,1,1,0.625571,,,
0,ASCENT,7,0,1,None,Holding,0,92.586192,407.818445,0,0,0,0,0.000009,1573203.316666,,,,,,,0,,,,,,,,,,,,,,,,0,0,0,,0.0399,-6362.530591,28.620268,248.246469,,,,,,,,,,,,,,,,,,,,,,,,,,,,,,,,,,,None,Continue,0,None,,,,,,1,6097.707031,432.371399,0.713823,11027861.328125,,,,,,,,,,,,,,1000,0,0,1,1,0.625585,,,
0,ASCENT,7,0,1,None,Holding,0,92.586192,407.818445,0,0,0,0,0.000009,1573203.316666,,,,,,,0,,,,,,,,,,,,,,,,0,0,0,,0.0399,-6362.530591,28.620268,248.330031,,,,,,,,,,,,,,,,,,,,,,,,,,,,,,,,,,,None,Continue,0,None,,,,,,1,6097.707031,432.371399,0.713823,11027861.328125,,,,,,,,,,,,,,1000,0,0,1,1,0.625601,,,
0,ASCENT,7,0,1,None,Holding,0,92.586192,407.818445,0,0,0,0,0.000009,1573203.316666,,,,,,,0,,,,,,,,,,,,,,,,0,0,0,,0.0399,-6362.530591,28.620268,248.413592,,,,,,,,,,,,,,,,,,,,,,,,,,,,,,,,,,,None,Continue,0,None,,,,,,1,6097.707031,432.371399,0.713823,11027861.328125,,,,,,,,,,,,,,1000,0,0,1,1,0.625617,,,
0,ASCENT,7,0,1,None,Holding,0,92.586192,407.818445,0,0,0,0,0.000009,1573203.316666,,,,,,,0,,,,,,,,,,,,,,,,0,0,0,,0.0399,-6362.530591,28.620268,248.497154,,,,,,,,,,,,,,,,,,,,,,,,,,,,,,,,,,,None,Continue,0,None,,,,,,1,6097.707031,432.371399,0.713823,11027861.328125,,,,,,,,,,,,,,1000,0,0,1,1,0.625633,,,
0,ASCENT,7,0,1,None,Holding,0,92.586192,407.818445,0,0,0,0,0.000009,1573203.316666,,,,,,,0,,,,,,,,,,,,,,,,0,0,0,,0.0399,-6362.530591,28.620268,248.580715,,,,,,,,,,,,,,,,,,,,,,,,,,,,,,,,,,,None,Continue,0,None,,,,,,1,6097.706543,432.371399,0.713823,11027861.328125,,,,,,,,,,,,,,1000,0,0,1,1,0.62565,,,
0,ASCENT,7,0,1,None,Holding,0,92.586192,407.818445,0,0,0,0,0.000009,1573203.316666,,,,,,,0,,,,,,,,,,,,,,,,0,0,0,,0.0399,-6362.530591,28.620268,248.664277,,,,,,,,,,,,,,,,,,,,,,,,,,,,,,,,,,,None,Continue,0,None,,,,,,1,6097.706543,432.371399,0.713823,11027861.328125,,,,,,,,,,,,,,1000,0,0,1,1,0.625666,,,
0,ASCENT,7,0,1,None,Holding,0,92.586192,407.818445,0,0,0,0,0.000009,1573203.309037,,,,,,,0,,,,,,,,,,,,,,,,0,0,0,,0.0399,-6362.530591,28.620268,248.747838,,,,,,,,,,,,,,,,,,,,,,,,,,,,,,,,,,,None,Continue,0,None,,,,,,1,6097.706543,432.371399,0.713823,11027861.328125,,,,,,,,,,,,,,1000,0,0,1,1,0.625682,,,
0,ASCENT,7,0,1,None,Holding,0,92.586192,407.818445,0,0,0,0,0.000009,1573203.309037,,,,,,,0,,,,,,,,,,,,,,,,0,0,0,,0.0399,-6362.530591,28.620268,248.8314,,,,,,,,,,,,,,,,,,,,,,,,,,,,,,,,,,,None,Continue,0,None,,,,,,1,6097.706543,432.371399,0.713823,11027861.328125,,,,,,,,,,,,,,1000,0,0,1,1,0.625698,,,
0,ASCENT,7,0,1,None,Holding,0,92.586192,407.818445,0,0,0,0,0.000009,1573203.309037,,,,,,,0,,,,,,,,,,,,,,,,0,0,0,,0.0399,-6362.530591,28.620268,248.914961,,,,,,,,,,,,,,,,,,,,,,,,,,,,,,,,,,,None,Continue,0,None,,,,,,1,6097.706543,432.371399,0.713823,11027861.328125,,,,,,,,,,,,,,1000,0,0,1,1,0.625715,,,
0,ASCENT,7,0,1,None,Holding,0,92.586192,407.818445,0,0,0,0,0.000009,1573203.309037,,,,,,,0,,,,,,,,,,,,,,,,0,0,0,,0.0399,-6362.530591,28.620268,248.998523,,,,,,,,,,,,,,,,,,,,,,,,,,,,,,,,,,,None,Continue,0,None,,,,,,1,6097.706543,432.371399,0.713823,11027861.328125,,,,,,,,,,,,,,1000,0,0,1,1,0.625731,,,
0,ASCENT,7,0,1,None,Holding,0,92.586192,407.818445,0,0,0,0,0.000009,1573203.309037,,,,,,,0,,,,,,,,,,,,,,,,0,0,0,,0.0399,-6362.530591,28.620268,249.082084,,,,,,,,,,,,,,,,,,,,,,,,,,,,,,,,,,,None,Continue,0,None,,,,,,1,6097.706543,432.371399,0.713823,11027861.328125,,,,,,,,,,,,,,1000,0,0,1,1,0.625747,,,
0,ASCENT,7,0,1,None,Holding,0,92.586192,407.818445,0,0,0,0,0.000009,1573203.309037,,,,,,,0,,,,,,,,,,,,,,,,0,0,0,,0.0399,-6362.530591,28.620268,249.165646,,,,,,,,,,,,,,,,,,,,,,,,,,,,,,,,,,,None,Continue,0,None,,,,,,1,6097.706543,432.371399,0.713823,11027861.328125,,,,,,,,,,,,,,1000,0,0,1,1,0.625763,,,
0,ASCENT,7,0,1,None,Holding,0,92.586192,407.818445,0,0,0,0,0.000009,1573203.309037,,,,,,,0,,,,,,,,,,,,,,,,0,0,0,,0.0399,-6362.530591,28.620268,249.249207,,,,,,,,,,,,,,,,,,,,,,,,,,,,,,,,,,,None,Continue,0,None,,,,,,1,6097.705994,432.371399,0.713823,11027861.328125,,,,,,,,,,,,,,1000,0,0,1,1,0.625779,,,
0,ASCENT,7,0,1,None,Holding,0,92.586192,407.818445,0,0,0,0,0.000009,1573203.309037,,,,,,,0,,,,,,,,,,,,,,,,0,0,0,,0.0399,-6362.530591,28.620268,249.332769,,,,,,,,,,,,,,,,,,,,,,,,,,,,,,,,,,,None,Continue,0,None,,,,,,1,6097.705994,432.371399,0.713823,11027861.328125,,,,,,,,,,,,,,1000,0,0,1,1,0.625795,,,
0,ASCENT,7,0,1,None,Holding,0,92.586192,407.818445,0,0,0,0,0.000009,1573203.309037,,,,,,,0,,,,,,,,,,,,,,,,0,0,0,,0.0399,-6362.530591,28.620268,249.41633,,,,,,,,,,,,,,,,,,,,,,,,,,,,,,,,,,,None,Continue,0,None,,,,,,1,6097.705994,432.371399,0.713823,11027861.328125,,,,,,,,,,,,,,1000,0,0,1,1,0.625811,,,
0,ASCENT,7,0,1,None,Holding,0,92.586192,407.818445,0,0,0,0,0.000009,1573203.309037,,,,,,,0,,,,,,,,,,,,,,,,0,0,0,,0.0399,-6362.530591,28.620268,249.499892,,,,,,,,,,,,,,,,,,,,,,,,,,,,,,,,,,,None,Continue,0,None,,,,,,1,6097.705994,432.371399,0.713823,11027861.328125,,,,,,,,,,,,,,1000,0,0,1,1,0.625827,,,
0,ASCENT,7,0,1,None,Holding,0,92.586192,407.818445,0,0,0,0,0.000009,1573203.278519,,,,,,,0,,,,,,,,,,,,,,,,0,0,0,,0.0399,-6362.530591,28.620268,249.583453,,,,,,,,,,,,,,,,,,,,,,,,,,,,,,,,,,,None,Continue,0,None,,,,,,1,6097.705994,432.371399,0.713823,11027861.328125,,,,,,,,,,,,,,1000,0,0,1,1,0.625843,,,
0,ASCENT,7,0,1,None,Holding,0,92.586192,407.818445,0,0,0,0,0.000009,1573203.27089,,,,,,,0,,,,,,,,,,,,,,,,0,0,0,,0.0399,-6362.530591,28.620268,249.667015,,,,,,,,,,,,,,,,,,,,,,,,,,,,,,,,,,,None,Continue,0,None,,,,,,1,6097.705994,432.371399,0.713823,11027861.328125,,,,,,,,,,,,,,1000,0,0,1,1,0.625859,,,
0,ASCENT,7,0,1,None,Holding,0,92.586192,407.818445,0,0,0,0,0.000009,1573203.27089,,,,,,,0,,,,,,,,,,,,,,,,0,0,0,,0.0399,-6362.530591,28.620268,249.750576,,,,,,,,,,,,,,,,,,,,,,,,,,,,,,,,,,,None,Continue,0,None,,,,,,1,6097.705994,432.371399,0.713823,11027861.328125,,,,,,,,,,,,,,1000,0,0,1,1,0.625875,,,
0,ASCENT,7,0,1,None,Holding,0,92.586192,407.818445,0,0,0,0,0.000009,1573203.27089,,,,,,,0,,,,,,,,,,,,,,,,0,0,0,,0.0399,-6362.530591,28.620268,249.834138,,,,,,,,,,,,,,,,,,,,,,,,,,,,,,,,,,,None,Continue,0,None,,,,,,1,6097.705994,432.371399,0.713823,11027861.328125,,,,,,,,,,,,,,1000,0,0,1,1,0.625891,,,
0,ASCENT,7,0,1,None,Holding,0,92.586192,407.818445,0,0,0,0,0.000009,1573203.27089,,,,,,,0,,,,,,,,,,,,,,,,0,0,0,,0.0399,-6362.530591,28.620268,249.917699,,,,,,,,,,,,,,,,,,,,,,,,,,,,,,,,,,,None,Continue,0,None,,,,,,1,6097.705505,432.371399,0.713823,11027861.328125,,,,,,,,,,,,,,1000,0,0,1,1,0.625907,,,
0,ASCENT,7,0,1,None,Holding,0,92.586192,407.818445,0,0,0,0,0.000009,1573203.27089,,,,,,,0,,,,,,,,,,,,,,,,0,0,0,,0.0399,-6362.530591,28.620268,250.001261,,,,,,,,,,,,,,,,,,,,,,,,,,,,,,,,,,,None,Continue,0,None,,,,,,1,6097.705505,432.371399,0.713823,11027861.328125,,,,,,,,,,,,,,1000,0,0,1,1,0.625922,,,
0,ASCENT,7,0,1,None,Holding,0,92.586192,407.818445,0,0,0,0,0.000009,1573203.27089,,,,,,,0,,,,,,,,,,,,,,,,0,0,0,,0.0399,-6362.530591,28.620268,250.084822,,,,,,,,,,,,,,,,,,,,,,,,,,,,,,,,,,,None,Continue,0,None,,,,,,1,6097.705505,432.371399,0.713823,11027861.328125,,,,,,,,,,,,,,1000,0,0,1,1,0.625938,,,
0,ASCENT,7,0,1,None,Holding,0,92.586192,407.818445,0,0,0,0,0.000009,1573203.27089,,,,,,,0,,,,,,,,,,,,,,,,0,0,0,,0.0399,-6362.530591,28.620268,250.168384,,,,,,,,,,,,,,,,,,,,,,,,,,,,,,,,,,,None,Continue,0,None,,,,,,1,6097.705505,432.371399,0.713823,11027861.328125,,,,,,,,,,,,,,1000,0,0,1,1,0.625954,,,
0,ASCENT,7,0,1,None,Holding,0,92.586192,407.818445,0,0,0,0,0.000009,1573203.27089,,,,,,,0,,,,,,,,,,,,,,,,0,0,0,,0.0399,-6362.530591,28.620268,250.251945,,,,,,,,,,,,,,,,,,,,,,,,,,,,,,,,,,,None,Continue,0,None,,,,,,1,6097.705505,432.371399,0.713823,11027861.328125,,,,,,,,,,,,,,1000,0,0,1,1,0.625969,,,
0,ASCENT,7,0,1,None,Holding,0,92.586192,407.818445,0,0,0,0,0.000009,1573203.27089,,,,,,,0,,,,,,,,,,,,,,,,0,0,0,,0.0399,-6362.530591,28.620268,250.335507,,,,,,,,,,,,,,,,,,,,,,,,,,,,,,,,,,,None,Continue,0,None,,,,,,1,6097.705505,432.371399,0.713823,11027861.328125,,,,,,,,,,,,,,1000,0,0,1,1,0.625986,,,
0,ASCENT,7,0,1,None,Holding,0,92.586192,407.818445,0,0,0,0,0.000009,1573203.27089,,,,,,,0,,,,,,,,,,,,,,,,0,0,0,,0.0399,-6362.530591,28.620268,250.419068,,,,,,,,,,,,,,,,,,,,,,,,,,,,,,,,,,,None,Continue,0,None,,,,,,1,6097.705505,432.371399,0.713823,11027861.328125,,,,,,,,,,,,,,1000,0,0,1,1,0.626001,,,
0,ASCENT,7,0,1,None,Holding,0,92.586192,407.818445,0,0,0,0,0.000009,1573203.27089,,,,,,,0,,,,,,,,,,,,,,,,0,0,0,,0.0399,-6362.530591,28.620268,250.50263,,,,,,,,,,,,,,,,,,,,,,,,,,,,,,,,,,,None,Continue,0,None,,,,,,1,6097.705505,432.371399,0.713823,11027861.328125,,,,,,,,,,,,,,1000,0,0,1,1,0.626017,,,
0,ASCENT,7,0,1,None,Holding,0,92.586192,407.818445,0,0,0,0,0.000009,1573203.26326,,,,,,,0,,,,,,,,,,,,,,,,0,0,0,,0.0399,-6362.530591,28.620268,250.586191,,,,,,,,,,,,,,,,,,,,,,,,,,,,,,,,,,,None,Continue,0,None,,,,,,1,6097.705017,432.371399,0.713823,11027861.328125,,,,,,,,,,,,,,1000,0,0,1,1,0.626032,,,
0,ASCENT,7,0,1,None,Holding,0,92.586192,407.818445,0,0,0,0,0.000009,1573203.26326,,,,,,,0,,,,,,,,,,,,,,,,0,0,0,,0.0399,-6362.530591,28.620268,250.669753,,,,,,,,,,,,,,,,,,,,,,,,,,,,,,,,,,,None,Continue,0,None,,,,,,1,6097.705017,432.371399,0.713823,11027861.328125,,,,,,,,,,,,,,1000,0,0,1,1,0.626048,,,
0,ASCENT,7,0,1,None,Holding,0,92.586192,407.818445,0,0,0,0,0.000009,1573203.26326,,,,,,,0,,,,,,,,,,,,,,,,0,0,0,,0.0399,-6362.530591,28.620268,250.753314,,,,,,,,,,,,,,,,,,,,,,,,,,,,,,,,,,,None,Continue,0,None,,,,,,1,6097.705017,432.371399,0.713823,11027861.328125,,,,,,,,,,,,,,1000,0,0,1,1,0.626064,,,
0,ASCENT,7,0,1,None,Holding,0,92.586192,407.818445,0,0,0,0,0.000009,1573203.26326,,,,,,,0,,,,,,,,,,,,,,,,0,0,0,,0.0399,-6362.530591,28.620268,250.836876,,,,,,,,,,,,,,,,,,,,,,,,,,,,,,,,,,,None,Continue,0,None,,,,,,1,6097.705017,432.371399,0.713823,11027861.328125,,,,,,,,,,,,,,1000,0,0,1,1,0.626079,,,
0,ASCENT,7,0,1,None,Holding,0,92.586192,407.818445,0,0,0,0,0.000009,1573203.26326,,,,,,,0,,,,,,,,,,,,,,,,0,0,0,,0.0399,-6362.530591,28.620268,250.920437,,,,,,,,,,,,,,,,,,,,,,,,,,,,,,,,,,,None,Continue,0,None,,,,,,1,6097.705017,432.371399,0.713823,11027861.328125,,,,,,,,,,,,,,1000,0,0,1,1,0.626095,,,
0,ASCENT,7,0,1,None,Holding,0,92.586192,407.818445,0,0,0,0,0.000009,1573203.26326,,,,,,,0,,,,,,,,,,,,,,,,0,0,0,,0.0399,-6362.530591,28.620268,251.003999,,,,,,,,,,,,,,,,,,,,,,,,,,,,,,,,,,,None,Continue,0,None,,,,,,1,6097.705017,432.371399,0.713823,11027861.328125,,,,,,,,,,,,,,1000,0,0,1,1,0.62611,,,
0,ASCENT,7,0,1,None,Holding,0,92.586192,407.818445,0,0,0,0,0.000009,1573203.26326,,,,,,,0,,,,,,,,,,,,,,,,0,0,0,,0.0399,-6362.530591,28.620268,251.08756,,,,,,,,,,,,,,,,,,,,,,,,,,,,,,,,,,,None,Continue,0,None,,,,,,1,6097.705017,432.371399,0.713823,11027861.328125,,,,,,,,,,,,,,1000,0,0,1,1,0.626126,,,
0,ASCENT,7,0,1,None,Holding,0,92.586192,407.818445,0,0,0,0,0.000009,1573203.26326,,,,,,,0,,,,,,,,,,,,,,,,0,0,0,,0.0399,-6362.530591,28.620268,251.171122,,,,,,,,,,,,,,,,,,,,,,,,,,,,,,,,,,,None,Continue,0,None,,,,,,1,6097.705017,432.371399,0.713823,11027861.328125,,,,,,,,,,,,,,1000,0,0,1,1,0.626141,,,
0,ASCENT,7,0,1,None,Holding,0,92.586192,407.818445,0,0,0,0,0.000009,1573203.26326,,,,,,,0,,,,,,,,,,,,,,,,0,0,0,,0.0399,-6362.530591,28.620268,251.254683,,,,,,,,,,,,,,,,,,,,,,,,,,,,,,,,,,,None,Continue,0,None,,,,,,1,6097.704529,432.371399,0.713823,11027861.328125,,,,,,,,,,,,,,1000,0,0,1,1,0.626157,,,
0,ASCENT,7,0,1,None,Holding,0,92.586192,407.818445,0,0,0,0,0.000009,1573203.26326,,,,,,,0,,,,,,,,,,,,,,,,0,0,0,,0.0399,-6362.530591,28.620268,251.338245,,,,,,,,,,,,,,,,,,,,,,,,,,,,,,,,,,,None,Continue,0,None,,,,,,1,6097.704529,432.371399,0.713823,11027861.328125,,,,,,,,,,,,,,1000,0,0,1,1,0.626172,,,
0,ASCENT,7,0,1,None,Holding,0,92.586192,407.818445,0,0,0,0,0.000009,1573203.26326,,,,,,,0,,,,,,,,,,,,,,,,0,0,0,,0.0399,-6362.530591,28.620268,251.421806,,,,,,,,,,,,,,,,,,,,,,,,,,,,,,,,,,,None,Continue,0,None,,,,,,1,6097.704529,432.371399,0.713823,11027861.328125,,,,,,,,,,,,,,1000,0,0,1,1,0.626187,,,
0,ASCENT,7,0,1,None,Holding,0,92.586192,407.818445,0,0,0,0,0.000009,1573203.255631,,,,,,,0,,,,,,,,,,,,,,,,0,0,0,,0.0399,-6362.530591,28.620268,251.505368,,,,,,,,,,,,,,,,,,,,,,,,,,,,,,,,,,,None,Continue,0,None,,,,,,1,6097.704529,432.371399,0.713823,11027861.328125,,,,,,,,,,,,,,1000,0,0,1,1,0.626203,,,
0,ASCENT,7,0,1,None,Holding,0,92.586192,407.818445,0,0,0,0,0.000009,1573203.255631,,,,,,,0,,,,,,,,,,,,,,,,0,0,0,,0.0399,-6362.530591,28.620268,251.588929,,,,,,,,,,,,,,,,,,,,,,,,,,,,,,,,,,,None,Continue,0,None,,,,,,1,6097.704529,432.371399,0.713823,11027861.328125,,,,,,,,,,,,,,1000,0,0,1,1,0.626218,,,
0,ASCENT,7,0,1,None,Holding,0,92.586192,407.818445,0,0,0,0,0.000009,1573203.255631,,,,,,,0,,,,,,,,,,,,,,,,0,0,0,,0.0399,-6362.530591,28.620268,251.672491,,,,,,,,,,,,,,,,,,,,,,,,,,,,,,,,,,,None,Continue,0,None,,,,,,1,6097.704529,432.371399,0.713823,11027861.328125,,,,,,,,,,,,,,1000,0,0,1,1,0.626233,,,
0,ASCENT,7,0,1,None,Holding,0,92.586192,407.818445,0,0,0,0,0.000009,1573203.225113,,,,,,,0,,,,,,,,,,,,,,,,0,0,0,,0.0399,-6362.530591,28.620268,251.756052,,,,,,,,,,,,,,,,,,,,,,,,,,,,,,,,,,,None,Continue,0,None,,,,,,1,6097.704529,432.371399,0.713823,11027861.328125,,,,,,,,,,,,,,1000,0,0,1,1,0.626249,,,
0,ASCENT,7,0,1,None,Holding,0,92.586192,407.818445,0,0,0,0,0.000009,1573203.225113,,,,,,,0,,,,,,,,,,,,,,,,0,0,0,,0.0399,-6362.530591,28.620268,251.839614,,,,,,,,,,,,,,,,,,,,,,,,,,,,,,,,,,,None,Continue,0,None,,,,,,1,6097.704529,432.371399,0.713823,11027861.328125,,,,,,,,,,,,,,1000,0,0,1,1,0.626264,,,
0,ASCENT,7,0,1,None,Holding,0,92.586192,407.818445,0,0,0,0,0.000009,1573203.225113,,,,,,,0,,,,,,,,,,,,,,,,0,0,0,,0.0399,-6362.530591,28.620268,251.923175,,,,,,,,,,,,,,,,,,,,,,,,,,,,,,,,,,,None,Continue,0,None,,,,,,1,6097.703979,432.371399,0.713823,11027861.328125,,,,,,,,,,,,,,1000,0,0,1,1,0.626279,,,
0,ASCENT,7,0,1,None,Holding,0,92.586192,407.818445,0,0,0,0,0.000009,1573203.225113,,,,,,,0,,,,,,,,,,,,,,,,0,0,0,,0.0399,-6362.530591,28.620268,252.006736,,,,,,,,,,,,,,,,,,,,,,,,,,,,,,,,,,,None,Continue,0,None,,,,,,1,6097.703979,432.371399,0.713823,11027861.328125,,,,,,,,,,,,,,1000,0,0,1,1,0.626294,,,
0,ASCENT,7,0,1,None,Holding,0,92.586192,407.818445,0,0,0,0,0.000009,1573203.225113,,,,,,,0,,,,,,,,,,,,,,,,0,0,0,,0.0399,-6362.530591,28.620268,252.090298,,,,,,,,,,,,,,,,,,,,,,,,,,,,,,,,,,,None,Continue,0,None,,,,,,1,6097.703979,432.371399,0.713823,11027861.328125,,,,,,,,,,,,,,1000,0,0,1,1,0.626309,,,
0,ASCENT,7,0,1,None,Holding,0,92.586192,407.818445,0,0,0,0,0.000009,1573203.225113,,,,,,,0,,,,,,,,,,,,,,,,0,0,0,,0.0399,-6362.530591,28.620268,252.173859,,,,,,,,,,,,,,,,,,,,,,,,,,,,,,,,,,,None,Continue,0,None,,,,,,1,6097.703979,432.371399,0.713823,11027861.328125,,,,,,,,,,,,,,1000,0,0,1,1,0.626324,,,
0,ASCENT,7,0,1,None,Holding,0,92.586192,407.818445,0,0,0,0,0.000009,1573203.225113,,,,,,,0,,,,,,,,,,,,,,,,0,0,0,,0.0399,-6362.530591,28.620268,252.257421,,,,,,,,,,,,,,,,,,,,,,,,,,,,,,,,,,,None,Continue,0,None,,,,,,1,6097.703979,432.371399,0.713823,11027861.328125,,,,,,,,,,,,,,1000,0,0,1,1,0.626339,,,
0,ASCENT,7,0,1,None,Holding,0,92.586192,407.818445,0,0,0,0,0.000009,1573203.217484,,,,,,,0,,,,,,,,,,,,,,,,0,0,0,,0.0399,-6362.530591,28.620268,252.340982,,,,,,,,,,,,,,,,,,,,,,,,,,,,,,,,,,,None,Continue,0,None,,,,,,1,6097.703979,432.371399,0.713823,11027861.328125,,,,,,,,,,,,,,1000,0,0,1,1,0.626355,,,
0,ASCENT,7,0,1,None,Holding,0,92.586192,407.818445,0,0,0,0,0.000009,1573203.217484,,,,,,,0,,,,,,,,,,,,,,,,0,0,0,,0.0399,-6362.530591,28.620268,252.424544,,,,,,,,,,,,,,,,,,,,,,,,,,,,,,,,,,,None,Continue,0,None,,,,,,1,6097.703979,432.371399,0.713823,11027861.328125,,,,,,,,,,,,,,1000,0,0,1,1,0.62637,,,
0,ASCENT,7,0,1,None,Holding,0,92.586192,407.818445,0,0,0,0,0.000009,1573203.217484,,,,,,,0,,,,,,,,,,,,,,,,0,0,0,,0.0399,-6362.530591,28.620268,252.508105,,,,,,,,,,,,,,,,,,,,,,,,,,,,,,,,,,,None,Continue,0,None,,,,,,1,6097.703979,432.371399,0.713823,11027861.328125,,,,,,,,,,,,,,1000,0,0,1,1,0.626385,,,
0,ASCENT,7,0,1,None,Holding,0,92.586192,407.818445,0,0,0,0,0.000009,1573203.217484,,,,,,,0,,,,,,,,,,,,,,,,0,0,0,,0.0399,-6362.530591,28.620268,252.591667,,,,,,,,,,,,,,,,,,,,,,,,,,,,,,,,,,,None,Continue,0,None,,,,,,1,6097.703491,432.371399,0.713823,11027861.328125,,,,,,,,,,,,,,1000,0,0,1,1,0.6264,,,
0,ASCENT,7,0,1,None,Holding,0,92.586192,407.818445,0,0,0,0,0.000009,1573203.217484,,,,,,,0,,,,,,,,,,,,,,,,0,0,0,,0.0399,-6362.530591,28.620268,252.675228,,,,,,,,,,,,,,,,,,,,,,,,,,,,,,,,,,,None,Continue,0,None,,,,,,1,6097.703491,432.371399,0.713823,11027861.328125,,,,,,,,,,,,,,1000,0,0,1,1,0.626414,,,
0,ASCENT,7,0,1,None,Holding,0,92.586192,407.818445,0,0,0,0,0.000009,1573203.217484,,,,,,,0,,,,,,,,,,,,,,,,0,0,0,,0.0399,-6362.530591,28.620268,252.75879,,,,,,,,,,,,,,,,,,,,,,,,,,,,,,,,,,,None,Continue,0,None,,,,,,1,6097.703491,432.371399,0.713823,11027861.328125,,,,,,,,,,,,,,1000,0,0,1,1,0.62643,,,
0,ASCENT,7,0,1,None,Holding,0,92.586192,407.818445,0,0,0,0,0.000009,1573203.217484,,,,,,,0,,,,,,,,,,,,,,,,0,0,0,,0.0399,-6362.530591,28.620268,252.842351,,,,,,,,,,,,,,,,,,,,,,,,,,,,,,,,,,,None,Continue,0,None,,,,,,1,6097.703491,432.371399,0.713823,11027861.328125,,,,,,,,,,,,,,1000,0,0,1,1,0.626445,,,
0,ASCENT,7,0,1,None,Holding,0,92.586192,407.818445,0,0,0,0,0.000009,1573203.217484,,,,,,,0,,,,,,,,,,,,,,,,0,0,0,,0.0399,-6362.530591,28.620268,252.925913,,,,,,,,,,,,,,,,,,,,,,,,,,,,,,,,,,,None,Continue,0,None,,,,,,1,6097.703491,432.371399,0.713823,11027861.328125,,,,,,,,,,,,,,1000,0,0,1,1,0.626459,,,
0,ASCENT,7,0,1,None,Holding,0,92.586192,407.818445,0,0,0,0,0.000009,1573203.217484,,,,,,,0,,,,,,,,,,,,,,,,0,0,0,,0.0399,-6362.530591,28.620268,253.009474,,,,,,,,,,,,,,,,,,,,,,,,,,,,,,,,,,,None,Continue,0,None,,,,,,1,6097.703491,432.371399,0.713823,11027861.328125,,,,,,,,,,,,,,1000,0,0,1,1,0.626474,,,
0,ASCENT,7,0,1,None,Holding,0,92.586192,407.818445,0,0,0,0,0.000009,1573203.217484,,,,,,,0,,,,,,,,,,,,,,,,0,0,0,,0.0399,-6362.530591,28.620268,253.093036,,,,,,,,,,,,,,,,,,,,,,,,,,,,,,,,,,,None,Continue,0,None,,,,,,1,6097.703491,432.371399,0.713823,11027861.328125,,,,,,,,,,,,,,1000,0,0,1,1,0.626489,,,
0,ASCENT,7,0,1,None,Holding,0,92.586192,407.818445,0,0,0,0,0.000009,1573203.209855,,,,,,,0,,,,,,,,,,,,,,,,0,0,0,,0.0399,-6362.530591,28.620268,253.176597,,,,,,,,,,,,,,,,,,,,,,,,,,,,,,,,,,,None,Continue,0,None,,,,,,1,6097.703003,432.371399,0.713823,11027861.328125,,,,,,,,,,,,,,1000,0,0,1,1,0.626504,,,
0,ASCENT,7,0,1,None,Holding,0,92.586192,407.818445,0,0,0,0,0.000009,1573203.209855,,,,,,,0,,,,,,,,,,,,,,,,0,0,0,,0.0399,-6362.530591,28.620268,253.260159,,,,,,,,,,,,,,,,,,,,,,,,,,,,,,,,,,,None,Continue,0,None,,,,,,1,6097.703003,432.371399,0.713823,11027861.328125,,,,,,,,,,,,,,1000,0,0,1,1,0.626519,,,
0,ASCENT,7,0,1,None,Holding,0,92.586192,407.818445,0,0,0,0,0.000009,1573203.209855,,,,,,,0,,,,,,,,,,,,,,,,0,0,0,,0.0399,-6362.530591,28.620268,253.34372,,,,,,,,,,,,,,,,,,,,,,,,,,,,,,,,,,,None,Continue,0,None,,,,,,1,6097.703003,432.371399,0.713823,11027861.328125,,,,,,,,,,,,,,1000,0,0,1,1,0.626533,,,
0,ASCENT,7,0,1,None,Holding,0,92.586192,407.818445,0,0,0,0,0.000009,1573203.209855,,,,,,,0,,,,,,,,,,,,,,,,0,0,0,,0.0399,-6362.530591,28.620268,253.427282,,,,,,,,,,,,,,,,,,,,,,,,,,,,,,,,,,,None,Continue,0,None,,,,,,1,6097.703003,432.371399,0.713823,11027861.328125,,,,,,,,,,,,,,1000,0,0,1,1,0.626548,,,
0,ASCENT,7,0,1,None,Holding,0,92.586192,407.818445,0,0,0,0,0.000009,1573203.209855,,,,,,,0,,,,,,,,,,,,,,,,0,0,0,,0.0399,-6362.530591,28.620268,253.510843,,,,,,,,,,,,,,,,,,,,,,,,,,,,,,,,,,,None,Continue,0,None,,,,,,1,6097.703003,432.371399,0.713823,11027861.328125,,,,,,,,,,,,,,1000,0,0,1,1,0.626562,,,
0,ASCENT,7,0,1,None,Holding,0,92.586192,407.818445,0,0,0,0,0.000009,1573203.209855,,,,,,,0,,,,,,,,,,,,,,,,0,0,0,,0.0399,-6362.530591,28.620268,253.594405,,,,,,,,,,,,,,,,,,,,,,,,,,,,,,,,,,,None,Continue,0,None,,,,,,1,6097.703003,432.371399,0.713823,11027861.328125,,,,,,,,,,,,,,1000,0,0,1,1,0.626577,,,
0,ASCENT,7,0,1,None,Holding,0,92.586192,407.818445,0,0,0,0,0.000009,1573203.209855,,,,,,,0,,,,,,,,,,,,,,,,0,0,0,,0.0399,-6362.530591,28.620268,253.677966,,,,,,,,,,,,,,,,,,,,,,,,,,,,,,,,,,,None,Continue,0,None,,,,,,1,6097.703003,432.371399,0.713823,11027861.328125,,,,,,,,,,,,,,1000,0,0,1,1,0.626592,,,
0,ASCENT,7,0,1,None,Holding,0,92.586192,407.818445,0,0,0,0,0.000009,1573203.209855,,,,,,,0,,,,,,,,,,,,,,,,0,0,0,,0.0399,-6362.530591,28.620268,253.761528,,,,,,,,,,,,,,,,,,,,,,,,,,,,,,,,,,,None,Continue,0,None,,,,,,1,6097.703003,432.371399,0.713823,11027861.328125,,,,,,,,,,,,,,1000,0,0,1,1,0.626607,,,
0,ASCENT,7,0,1,None,Holding,0,92.586192,407.818445,0,0,0,0,0.000009,1573203.179337,,,,,,,0,,,,,,,,,,,,,,,,0,0,0,,0.0399,-6362.530591,28.620268,253.845089,,,,,,,,,,,,,,,,,,,,,,,,,,,,,,,,,,,None,Continue,0,None,,,,,,1,6097.703003,432.371399,0.713823,11027861.328125,,,,,,,,,,,,,,1000,0,0,1,1,0.626621,,,
0,ASCENT,7,0,1,None,Holding,0,92.586192,407.818445,0,0,0,0,0.000009,1573203.171708,,,,,,,0,,,,,,,,,,,,,,,,0,0,0,,0.0399,-6362.530591,28.620268,253.928651,,,,,,,,,,,,,,,,,,,,,,,,,,,,,,,,,,,None,Continue,0,None,,,,,,1,6097.702393,432.371399,0.713823,11027861.328125,,,,,,,,,,,,,,1000,0,0,1,1,0.626635,,,
0,ASCENT,7,0,1,None,Holding,0,92.586192,407.818445,0,0,0,0,0.000009,1573203.171708,,,,,,,0,,,,,,,,,,,,,,,,0,0,0,,0.0399,-6362.530591,28.620268,254.012212,,,,,,,,,,,,,,,,,,,,,,,,,,,,,,,,,,,None,Continue,0,None,,,,,,1,6097.702393,432.371399,0.713823,11027861.328125,,,,,,,,,,,,,,1000,0,0,1,1,0.62665,,,
0,ASCENT,7,0,1,None,Holding,0,92.586192,407.818445,0,0,0,0,0.000009,1573203.171708,,,,,,,0,,,,,,,,,,,,,,,,0,0,0,,0.0399,-6362.530591,28.620268,254.095774,,,,,,,,,,,,,,,,,,,,,,,,,,,,,,,,,,,None,Continue,0,None,,,,,,1,6097.702393,432.371399,0.713823,11027861.328125,,,,,,,,,,,,,,1000,0,0,1,1,0.626665,,,
0,ASCENT,7,0,1,None,Holding,0,92.586192,407.818445,0,0,0,0,0.000009,1573203.171708,,,,,,,0,,,,,,,,,,,,,,,,0,0,0,,0.0399,-6362.530591,28.620268,254.179335,,,,,,,,,,,,,,,,,,,,,,,,,,,,,,,,,,,None,Continue,0,None,,,,,,1,6097.702393,432.371399,0.713823,11027861.328125,,,,,,,,,,,,,,1000,0,0,1,1,0.626679,,,
0,ASCENT,7,0,1,None,Holding,0,92.586192,407.818445,0,0,0,0,0.000009,1573203.171708,,,,,,,0,,,,,,,,,,,,,,,,0,0,0,,0.0399,-6362.530591,28.620268,254.262897,,,,,,,,,,,,,,,,,,,,,,,,,,,,,,,,,,,None,Continue,0,None,,,,,,1,6097.702393,432.371399,0.713823,11027861.328125,,,,,,,,,,,,,,1000,0,0,1,1,0.626694,,,
0,ASCENT,7,0,1,None,Holding,0,92.586192,407.818445,0,0,0,0,0.000009,1573203.171708,,,,,,,0,,,,,,,,,,,,,,,,0,0,0,,0.0399,-6362.530591,28.620268,254.346458,,,,,,,,,,,,,,,,,,,,,,,,,,,,,,,,,,,None,Continue,0,None,,,,,,1,6097.702393,432.371399,0.713823,11027861.328125,,,,,,,,,,,,,,1000,0,0,1,1,0.626708,,,
0,ASCENT,7,0,1,None,Holding,0,92.586192,407.818445,0,0,0,0,0.000009,1573203.171708,,,,,,,0,,,,,,,,,,,,,,,,0,0,0,,0.0399,-6362.530591,28.620268,254.43002,,,,,,,,,,,,,,,,,,,,,,,,,,,,,,,,,,,None,Continue,0,None,,,,,,1,6097.702393,432.371399,0.713823,11027861.328125,,,,,,,,,,,,,,1000,0,0,1,1,0.626723,,,
0,ASCENT,7,0,1,None,Holding,0,92.586192,407.818445,0,0,0,0,0.000009,1573203.171708,,,,,,,0,,,,,,,,,,,,,,,,0,0,0,,0.0399,-6362.530591,28.620268,254.513581,,,,,,,,,,,,,,,,,,,,,,,,,,,,,,,,,,,None,Continue,0,None,,,,,,1,6097.701904,432.371399,0.713823,11027861.328125,,,,,,,,,,,,,,1000,0,0,1,1,0.626737,,,
0,ASCENT,7,0,1,None,Holding,0,92.586192,407.818445,0,0,0,0,0.000009,1573203.171708,,,,,,,0,,,,,,,,,,,,,,,,0,0,0,,0.0399,-6362.530591,28.620268,254.597143,,,,,,,,,,,,,,,,,,,,,,,,,,,,,,,,,,,None,Continue,0,None,,,,,,1,6097.701904,432.371399,0.713823,11027861.328125,,,,,,,,,,,,,,1000,0,0,1,1,0.626751,,,
0,ASCENT,7,0,1,None,Holding,0,92.586192,407.818445,0,0,0,0,0.000009,1573203.171708,,,,,,,0,,,,,,,,,,,,,,,,0,0,0,,0.0399,-6362.530591,28.620268,254.680704,,,,,,,,,,,,,,,,,,,,,,,,,,,,,,,,,,,None,Continue,0,None,,,,,,1,6097.701904,432.371399,0.713823,11027861.328125,,,,,,,,,,,,,,1000,0,0,1,1,0.626765,,,
0,ASCENT,7,0,1,None,Holding,0,92.586192,407.818445,0,0,0,0,0.000009,1573203.164078,,,,,,,0,,,,,,,,,,,,,,,,0,0,0,,0.0399,-6362.530591,28.620268,254.764266,,,,,,,,,,,,,,,,,,,,,,,,,,,,,,,,,,,None,Continue,0,None,,,,,,1,6097.701904,432.371399,0.713823,11027861.328125,,,,,,,,,,,,,,1000,0,0,1,1,0.626779,,,
0,ASCENT,7,0,1,None,Holding,0,92.586192,407.818445,0,0,0,0,0.000009,1573203.164078,,,,,,,0,,,,,,,,,,,,,,,,0,0,0,,0.0399,-6362.530591,28.620268,254.847827,,,,,,,,,,,,,,,,,,,,,,,,,,,,,,,,,,,None,Continue,0,None,,,,,,1,6097.701904,432.371399,0.713823,11027861.328125,,,,,,,,,,,,,,1000,0,0,1,1,0.626794,,,
0,ASCENT,7,0,1,None,Holding,0,92.586192,407.818445,0,0,0,0,0.000009,1573203.164078,,,,,,,0,,,,,,,,,,,,,,,,0,0,0,,0.0399,-6362.530591,28.620268,254.931389,,,,,,,,,,,,,,,,,,,,,,,,,,,,,,,,,,,None,Continue,0,None,,,,,,1,6097.701904,432.371399,0.713823,11027861.328125,,,,,,,,,,,,,,1000,0,0,1,1,0.626808,,,
0,ASCENT,7,0,1,None,Holding,0,92.586192,407.818445,0,0,0,0,0.000009,1573203.164078,,,,,,,0,,,,,,,,,,,,,,,,0,0,0,,0.0399,-6362.530591,28.620268,255.01495,,,,,,,,,,,,,,,,,,,,,,,,,,,,,,,,,,,None,Continue,0,None,,,,,,1,6097.701904,432.371399,0.713823,11027861.328125,,,,,,,,,,,,,,1000,0,0,1,1,0.626822,,,
0,ASCENT,7,0,1,None,Holding,0,92.586192,407.818445,0,0,0,0,0.000009,1573203.164078,,,,,,,0,,,,,,,,,,,,,,,,0,0,0,,0.0399,-6362.530591,28.620268,255.098512,,,,,,,,,,,,,,,,,,,,,,,,,,,,,,,,,,,None,Continue,0,None,,,,,,1,6097.701904,432.371399,0.713823,11027861.328125,,,,,,,,,,,,,,1000,0,0,1,1,0.626836,,,
0,ASCENT,7,0,1,None,Holding,0,92.586192,407.818445,0,0,0,0,0.000009,1573203.164078,,,,,,,0,,,,,,,,,,,,,,,,0,0,0,,0.0399,-6362.530591,28.620268,255.182073,,,,,,,,,,,,,,,,,,,,,,,,,,,,,,,,,,,None,Continue,0,None,,,,,,1,6097.701416,432.371399,0.713823,11027861.328125,,,,,,,,,,,,,,1000,0,0,1,1,0.62685,,,
0,ASCENT,7,0,1,None,Holding,0,92.586192,407.818445,0,0,0,0,0.000009,1573203.164078,,,,,,,0,,,,,,,,,,,,,,,,0,0,0,,0.0399,-6362.530591,28.620268,255.265635,,,,,,,,,,,,,,,,,,,,,,,,,,,,,,,,,,,None,Continue,0,None,,,,,,1,6097.701416,432.371399,0.713823,11027861.328125,,,,,,,,,,,,,,1000,0,0,1,1,0.626865,,,
0,ASCENT,7,0,1,None,Holding,0,92.586192,407.818445,0,0,0,0,0.000009,1573203.164078,,,,,,,0,,,,,,,,,,,,,,,,0,0,0,,0.0399,-6362.530591,28.620268,255.349196,,,,,,,,,,,,,,,,,,,,,,,,,,,,,,,,,,,None,Continue,0,None,,,,,,1,6097.701416,432.371399,0.713823,11027861.328125,,,,,,,,,,,,,,1000,0,0,1,1,0.626879,,,
0,ASCENT,7,0,1,None,Holding,0,92.586192,407.818445,0,0,0,0,0.000009,1573203.164078,,,,,,,0,,,,,,,,,,,,,,,,0,0,0,,0.0399,-6362.530591,28.620268,255.432758,,,,,,,,,,,,,,,,,,,,,,,,,,,,,,,,,,,None,Continue,0,None,,,,,,1,6097.701416,432.371399,0.713823,11027861.328125,,,,,,,,,,,,,,1000,0,0,1,1,0.626893,,,
0,ASCENT,7,0,1,None,Holding,0,92.586192,407.818445,0,0,0,0,0.000009,1573203.156449,,,,,,,0,,,,,,,,,,,,,,,,0,0,0,,0.0399,-6362.530591,28.620268,255.516319,,,,,,,,,,,,,,,,,,,,,,,,,,,,,,,,,,,None,Continue,0,None,,,,,,1,6097.701416,432.371399,0.713823,11027861.328125,,,,,,,,,,,,,,1000,0,0,1,1,0.626907,,,
0,ASCENT,7,0,1,None,Holding,0,92.586192,407.818445,0,0,0,0,0.000009,1573203.156449,,,,,,,0,,,,,,,,,,,,,,,,0,0,0,,0.0399,-6362.530591,28.620268,255.599881,,,,,,,,,,,,,,,,,,,,,,,,,,,,,,,,,,,None,Continue,0,None,,,,,,1,6097.701416,432.371399,0.713823,11027861.328125,,,,,,,,,,,,,,1000,0,0,1,1,0.626921,,,
0,ASCENT,7,0,1,None,Holding,0,92.586192,407.818445,0,0,0,0,0.000009,1573203.156449,,,,,,,0,,,,,,,,,,,,,,,,0,0,0,,0.0399,-6362.530591,28.620268,255.683442,,,,,,,,,,,,,,,,,,,,,,,,,,,,,,,,,,,None,Continue,0,None,,,,,,1,6097.701416,432.371399,0.713823,11027861.328125,,,,,,,,,,,,,,1000,0,0,1,1,0.626935,,,
0,ASCENT,7,0,1,None,Holding,0,92.586192,407.818445,0,0,0,0,0.000009,1573203.125931,,,,,,,0,,,,,,,,,,,,,,,,0,0,0,,0.0399,-6362.530591,28.620268,255.767004,,,,,,,,,,,,,,,,,,,,,,,,,,,,,,,,,,,None,Continue,0,None,,,,,,1,6097.701416,432.371399,0.713823,11027861.328125,,,,,,,,,,,,,,1000,0,0,1,1,0.626949,,,
0,ASCENT,7,0,1,None,Holding,0,92.586192,407.818445,0,0,0,0,0.000009,1573203.125931,,,,,,,0,,,,,,,,,,,,,,,,0,0,0,,0.0399,-6362.530591,28.620268,255.850565,,,,,,,,,,,,,,,,,,,,,,,,,,,,,,,,,,,None,Continue,0,None,,,,,,1,6097.700928,432.371399,0.713823,11027861.328125,,,,,,,,,,,,,,1000,0,0,1,1,0.626963,,,
0,ASCENT,7,0,1,None,Holding,0,92.586192,407.818445,0,0,0,0,0.000009,1573203.125931,,,,,,,0,,,,,,,,,,,,,,,,0,0,0,,0.0399,-6362.530591,28.620268,255.934127,,,,,,,,,,,,,,,,,,,,,,,,,,,,,,,,,,,None,Continue,0,None,,,,,,1,6097.700928,432.371399,0.713823,11027861.328125,,,,,,,,,,,,,,1000,0,0,1,1,0.626976,,,
0,ASCENT,7,0,1,None,Holding,0,92.586192,407.818445,0,0,0,0,0.000009,1573203.125931,,,,,,,0,,,,,,,,,,,,,,,,0,0,0,,0.0399,-6362.530591,28.620268,256.017688,,,,,,,,,,,,,,,,,,,,,,,,,,,,,,,,,,,None,Continue,0,None,,,,,,1,6097.700928,432.371399,0.713823,11027861.328125,,,,,,,,,,,,,,1000,0,0,1,1,0.62699,,,
0,ASCENT,7,0,1,None,Holding,0,92.586192,407.818445,0,0,0,0,0.000009,1573203.125931,,,,,,,0,,,,,,,,,,,,,,,,0,0,0,,0.0399,-6362.530591,28.620268,256.10125,,,,,,,,,,,,,,,,,,,,,,,,,,,,,,,,,,,None,Continue,0,None,,,,,,1,6097.700928,432.371399,0.713823,11027861.328125,,,,,,,,,,,,,,1000,0,0,1,1,0.627004,,,
0,ASCENT,7,0,1,None,Holding,0,92.586192,407.818445,0,0,0,0,0.000009,1573203.125931,,,,,,,0,,,,,,,,,,,,,,,,0,0,0,,0.0399,-6362.530591,28.620268,256.184811,,,,,,,,,,,,,,,,,,,,,,,,,,,,,,,,,,,None,Continue,0,None,,,,,,1,6097.700928,432.371399,0.713823,11027861.328125,,,,,,,,,,,,,,1000,0,0,1,1,0.627018,,,
0,ASCENT,7,0,1,None,Holding,0,92.586192,407.818445,0,0,0,0,0.000009,1573203.125931,,,,,,,0,,,,,,,,,,,,,,,,0,0,0,,0.0399,-6362.530591,28.620268,256.268373,,,,,,,,,,,,,,,,,,,,,,,,,,,,,,,,,,,None,Continue,0,None,,,,,,1,6097.700928,432.371399,0.713823,11027861.328125,,,,,,,,,,,,,,1000,0,0,1,1,0.627031,,,
0,ASCENT,7,0,1,None,Holding,0,92.586192,407.818445,0,0,0,0,0.000009,1573203.118302,,,,,,,0,,,,,,,,,,,,,,,,0,0,0,,0.0399,-6362.530591,28.620268,256.351934,,,,,,,,,,,,,,,,,,,,,,,,,,,,,,,,,,,None,Continue,0,None,,,,,,1,6097.700928,432.371399,0.713823,11027861.328125,,,,,,,,,,,,,,1000,0,0,1,1,0.627045,,,
0,ASCENT,7,0,1,None,Holding,0,92.586192,407.818445,0,0,0,0,0.000009,1573203.118302,,,,,,,0,,,,,,,,,,,,,,,,0,0,0,,0.0399,-6362.530591,28.620268,256.435496,,,,,,,,,,,,,,,,,,,,,,,,,,,,,,,,,,,None,Continue,0,None,,,,,,1,6097.700928,432.371399,0.713823,11027861.328125,,,,,,,,,,,,,,1000,0,0,1,1,0.627059,,,
0,ASCENT,7,0,1,None,Holding,0,92.586192,407.818445,0,0,0,0,0.000009,1573203.118302,,,,,,,0,,,,,,,,,,,,,,,,0,0,0,,0.0399,-6362.530591,28.620268,256.519057,,,,,,,,,,,,,,,,,,,,,,,,,,,,,,,,,,,None,Continue,0,None,,,,,,1,6097.69989,432.371399,0.713823,11027861.328125,,,,,,,,,,,,,,1000,0,0,1,1,0.627072,,,
0,ASCENT,7,0,1,None,Holding,0,92.586192,407.818445,0,0,0,0,0.000009,1573203.118302,,,,,,,0,,,,,,,,,,,,,,,,0,0,0,,0.0399,-6362.530591,28.620268,256.602619,,,,,,,,,,,,,,,,,,,,,,,,,,,,,,,,,,,None,Continue,0,None,,,,,,1,6097.69989,432.371399,0.713823,11027861.328125,,,,,,,,,,,,,,1000,0,0,1,1,0.627086,,,
0,ASCENT,7,0,1,None,Holding,0,92.586192,407.818445,0,0,0,0,0.000009,1573203.118302,,,,,,,0,,,,,,,,,,,,,,,,0,0,0,,0.0399,-6362.530591,28.620268,256.68618,,,,,,,,,,,,,,,,,,,,,,,,,,,,,,,,,,,None,Continue,0,None,,,,,,1,6097.69989,432.371399,0.713823,11027861.328125,,,,,,,,,,,,,,1000,0,0,1,1,0.6271,,,
0,ASCENT,7,0,1,None,Holding,0,92.586192,407.818445,0,0,0,0,0.000009,1573203.118302,,,,,,,0,,,,,,,,,,,,,,,,0,0,0,,0.0399,-6362.530591,28.620268,256.769742,,,,,,,,,,,,,,,,,,,,,,,,,,,,,,,,,,,None,Continue,0,None,,,,,,1,6097.69989,432.371399,0.713823,11027861.328125,,,,,,,,,,,,,,1000,0,0,1,1,0.627113,,,
0,ASCENT,7,0,1,None,Holding,0,92.586192,407.818445,0,0,0,0,0.000009,1573203.118302,,,,,,,0,,,,,,,,,,,,,,,,0,0,0,,0.0399,-6362.530591,28.620268,256.853303,,,,,,,,,,,,,,,,,,,,,,,,,,,,,,,,,,,None,Continue,0,None,,,,,,1,6097.69989,432.371399,0.713823,11027861.328125,,,,,,,,,,,,,,1000,0,0,1,1,0.627127,,,
0,ASCENT,7,0,1,None,Holding,0,92.586192,407.818445,0,0,0,0,0.000009,1573203.118302,,,,,,,0,,,,,,,,,,,,,,,,0,0,0,,0.0399,-6362.530591,28.620268,256.936865,,,,,,,,,,,,,,,,,,,,,,,,,,,,,,,,,,,None,Continue,0,None,,,,,,1,6097.69989,432.371399,0.713823,11027861.328125,,,,,,,,,,,,,,1000,0,0,1,1,0.627141,,,
0,ASCENT,7,0,1,None,Holding,0,92.586192,407.818445,0,0,0,0,0.000009,1573203.118302,,,,,,,0,,,,,,,,,,,,,,,,0,0,0,,0.0399,-6362.530591,28.620268,257.020426,,,,,,,,,,,,,,,,,,,,,,,,,,,,,,,,,,,None,Continue,0,None,,,,,,1,6097.69989,432.371399,0.713823,11027861.328125,,,,,,,,,,,,,,1000,0,0,1,1,0.627154,,,
0,ASCENT,7,0,1,None,Holding,0,92.586192,407.818445,0,0,0,0,0.000009,1573203.110673,,,,,,,0,,,,,,,,,,,,,,,,0,0,0,,0.0399,-6362.530591,28.620268,257.103988,,,,,,,,,,,,,,,,,,,,,,,,,,,,,,,,,,,None,Continue,0,None,,,,,,1,6097.69989,432.371399,0.713823,11027861.328125,,,,,,,,,,,,,,1000,0,0,1,1,0.627168,,,
0,ASCENT,7,0,1,None,Holding,0,92.586192,407.818445,0,0,0,0,0.000009,1573203.110673,,,,,,,0,,,,,,,,,,,,,,,,0,0,0,,0.0399,-6362.530591,28.620268,257.187549,,,,,,,,,,,,,,,,,,,,,,,,,,,,,,,,,,,None,Continue,0,None,,,,,,1,6097.699402,432.371399,0.713823,11027861.328125,,,,,,,,,,,,,,1000,0,0,1,1,0.627181,,,
0,ASCENT,7,0,1,None,Holding,0,92.586192,407.818445,0,0,0,0,0.000009,1573203.110673,,,,,,,0,,,,,,,,,,,,,,,,0,0,0,,0.0399,-6362.530591,28.620268,257.271111,,,,,,,,,,,,,,,,,,,,,,,,,,,,,,,,,,,None,Continue,0,None,,,,,,1,6097.699402,432.371399,0.713823,11027861.328125,,,,,,,,,,,,,,1000,0,0,1,1,0.627195,,,
0,ASCENT,7,0,1,None,Holding,0,92.586192,407.818445,0,0,0,0,0.000009,1573203.110673,,,,,,,0,,,,,,,,,,,,,,,,0,0,0,,0.0399,-6362.530591,28.620268,257.354672,,,,,,,,,,,,,,,,,,,,,,,,,,,,,,,,,,,None,Continue,0,None,,,,,,1,6097.699402,432.371399,0.713823,11027861.328125,,,,,,,,,,,,,,1000,0,0,1,1,0.627208,,,
0,ASCENT,7,0,1,None,Holding,0,92.586192,407.818445,0,0,0,0,0.000009,1573203.110673,,,,,,,0,,,,,,,,,,,,,,,,0,0,0,,0.0399,-6362.530591,28.620268,257.438234,,,,,,,,,,,,,,,,,,,,,,,,,,,,,,,,,,,None,Continue,0,None,,,,,,1,6097.699402,432.371399,0.713823,11027861.328125,,,,,,,,,,,,,,1000,0,0,1,1,0.627222,,,
0,ASCENT,7,0,1,None,Holding,0,92.586192,407.818445,0,0,0,0,0.000009,1573203.110673,,,,,,,0,,,,,,,,,,,,,,,,0,0,0,,0.0399,-6362.530591,28.620268,257.521795,,,,,,,,,,,,,,,,,,,,,,,,,,,,,,,,,,,None,Continue,0,None,,,,,,1,6097.699402,432.371399,0.713823,11027861.328125,,,,,,,,,,,,,,1000,0,0,1,1,0.627235,,,
0,ASCENT,7,0,1,None,Holding,0,92.586192,407.818445,0,0,0,0,0.000009,1573203.110673,,,,,,,0,,,,,,,,,,,,,,,,0,0,0,,0.0399,-6362.530591,28.620268,257.605356,,,,,,,,,,,,,,,,,,,,,,,,,,,,,,,,,,,None,Continue,0,None,,,,,,1,6097.699402,432.371399,0.713823,11027861.328125,,,,,,,,,,,,,,1000,0,0,1,1,0.627248,,,
0,ASCENT,7,0,1,None,Holding,0,92.586192,407.818445,0,0,0,0,0.000009,1573203.080155,,,,,,,0,,,,,,,,,,,,,,,,0,0,0,,0.0399,-6362.530591,28.620268,257.688918,,,,,,,,,,,,,,,,,,,,,,,,,,,,,,,,,,,None,Continue,0,None,,,,,,1,6097.699402,432.371399,0.713823,11027861.328125,,,,,,,,,,,,,,1000,0,0,1,1,0.627262,,,
0,ASCENT,7,0,1,None,Holding,0,92.586192,407.818445,0,0,0,0,0.000009,1573203.080155,,,,,,,0,,,,,,,,,,,,,,,,0,0,0,,0.0399,-6362.530591,28.620268,257.772479,,,,,,,,,,,,,,,,,,,,,,,,,,,,,,,,,,,None,Continue,0,None,,,,,,1,6097.699402,432.371399,0.713823,11027861.328125,,,,,,,,,,,,,,1000,0,0,1,1,0.627275,,,
0,ASCENT,7,0,1,None,Holding,0,92.586192,407.818445,0,0,0,0,0.000009,1573203.072526,,,,,,,0,,,,,,,,,,,,,,,,0,0,0,,0.0399,-6362.530591,28.620268,257.856041,,,,,,,,,,,,,,,,,,,,,,,,,,,,,,,,,,,None,Continue,0,None,,,,,,1,6097.698914,432.371399,0.713823,11027861.328125,,,,,,,,,,,,,,1000,0,0,1,1,0.627288,,,
0,ASCENT,7,0,1,None,Holding,0,92.586192,407.818445,0,0,0,0,0.000009,1573203.072526,,,,,,,0,,,,,,,,,,,,,,,,0,0,0,,0.0399,-6362.530591,28.620268,257.939602,,,,,,,,,,,,,,,,,,,,,,,,,,,,,,,,,,,None,Continue,0,None,,,,,,1,6097.698914,432.371399,0.713823,11027861.328125,,,,,,,,,,,,,,1000,0,0,1,1,0.627301,,,
0,ASCENT,7,0,1,None,Holding,0,92.586192,407.818445,0,0,0,0,0.000009,1573203.072526,,,,,,,0,,,,,,,,,,,,,,,,0,0,0,,0.0399,-6362.530591,28.620268,258.023164,,,,,,,,,,,,,,,,,,,,,,,,,,,,,,,,,,,None,Continue,0,None,,,,,,1,6097.698914,432.371399,0.713823,11027861.328125,,,,,,,,,,,,,,1000,0,0,1,1,0.627314,,,
0,ASCENT,7,0,1,None,Holding,0,92.586192,407.818445,0,0,0,0,0.000009,1573203.072526,,,,,,,0,,,,,,,,,,,,,,,,0,0,0,,0.0399,-6362.530591,28.620268,258.106725,,,,,,,,,,,,,,,,,,,,,,,,,,,,,,,,,,,None,Continue,0,None,,,,,,1,6097.698914,432.371399,0.713823,11027861.328125,,,,,,,,,,,,,,1000,0,0,1,1,0.627327,,,
0,ASCENT,7,0,1,None,Holding,0,92.586192,407.818445,0,0,0,0,0.000009,1573203.072526,,,,,,,0,,,,,,,,,,,,,,,,0,0,0,,0.0399,-6362.530591,28.620268,258.190287,,,,,,,,,,,,,,,,,,,,,,,,,,,,,,,,,,,None,Continue,0,None,,,,,,1,6097.698914,432.371399,0.713823,11027861.328125,,,,,,,,,,,,,,1000,0,0,1,1,0.627341,,,
0,ASCENT,7,0,1,None,Holding,0,92.586192,407.818445,0,0,0,0,0.000009,1573203.072526,,,,,,,0,,,,,,,,,,,,,,,,0,0,0,,0.0399,-6362.530591,28.620268,258.273848,,,,,,,,,,,,,,,,,,,,,,,,,,,,,,,,,,,None,Continue,0,None,,,,,,1,6097.698914,432.371399,0.713823,11027861.328125,,,,,,,,,,,,,,1000,0,0,1,1,0.627354,,,
0,ASCENT,7,0,1,None,Holding,0,92.586192,407.818445,0,0,0,0,0.000009,1573203.072526,,,,,,,0,,,,,,,,,,,,,,,,0,0,0,,0.0399,-6362.530591,28.620268,258.35741,,,,,,,,,,,,,,,,,,,,,,,,,,,,,,,,,,,None,Continue,0,None,,,,,,1,6097.698914,432.371399,0.713823,11027861.328125,,,,,,,,,,,,,,1000,0,0,1,1,0.627367,,,
0,ASCENT,7,0,1,None,Holding,0,92.586192,407.818445,0,0,0,0,0.000009,1573203.072526,,,,,,,0,,,,,,,,,,,,,,,,0,0,0,,0.0399,-6362.530591,28.620268,258.440971,,,,,,,,,,,,,,,,,,,,,,,,,,,,,,,,,,,None,Continue,0,None,,,,,,1,6097.698914,432.371399,0.713823,11027861.328125,,,,,,,,,,,,,,1000,0,0,1,1,0.62738,,,
0,ASCENT,7,0,1,None,Holding,0,92.586192,407.818445,0,0,0,0,0.000009,1573203.064896,,,,,,,0,,,,,,,,,,,,,,,,0,0,0,,0.0399,-6362.530591,28.620268,258.524533,,,,,,,,,,,,,,,,,,,,,,,,,,,,,,,,,,,None,Continue,0,None,,,,,,1,6097.698364,432.371399,0.713823,11027861.328125,,,,,,,,,,,,,,1000,0,0,1,1,0.627393,,,
0,ASCENT,7,0,1,None,Holding,0,92.586192,407.818445,0,0,0,0,0.000009,1573203.064896,,,,,,,0,,,,,,,,,,,,,,,,0,0,0,,0.0399,-6362.530591,28.620268,258.608094,,,,,,,,,,,,,,,,,,,,,,,,,,,,,,,,,,,None,Continue,0,None,,,,,,1,6097.698364,432.371399,0.713823,11027861.328125,,,,,,,,,,,,,,1000,0,0,1,1,0.627406,,,
0,ASCENT,7,0,1,None,Holding,0,92.586192,407.818445,0,0,0,0,0.000009,1573203.064896,,,,,,,0,,,,,,,,,,,,,,,,0,0,0,,0.0399,-6362.530591,28.620268,258.691656,,,,,,,,,,,,,,,,,,,,,,,,,,,,,,,,,,,None,Continue,0,None,,,,,,1,6097.698364,432.371399,0.713823,11027861.328125,,,,,,,,,,,,,,1000,0,0,1,1,0.627419,,,
0,ASCENT,7,0,1,None,Holding,0,92.586192,407.818445,0,0,0,0,0.000009,1573203.064896,,,,,,,0,,,,,,,,,,,,,,,,0,0,0,,0.0399,-6362.530591,28.620268,258.775217,,,,,,,,,,,,,,,,,,,,,,,,,,,,,,,,,,,None,Continue,0,None,,,,,,1,6097.698364,432.371399,0.713823,11027861.328125,,,,,,,,,,,,,,1000,0,0,1,1,0.627432,,,
0,ASCENT,7,0,1,None,Holding,0,92.586192,407.818445,0,0,0,0,0.000009,1573203.064896,,,,,,,0,,,,,,,,,,,,,,,,0,0,0,,0.0399,-6362.530591,28.620268,258.858779,,,,,,,,,,,,,,,,,,,,,,,,,,,,,,,,,,,None,Continue,0,None,,,,,,1,6097.698364,432.371399,0.713823,11027861.328125,,,,,,,,,,,,,,1000,0,0,1,1,0.627445,,,
0,ASCENT,7,0,1,None,Holding,0,92.586192,407.818445,0,0,0,0,0.000009,1573203.064896,,,,,,,0,,,,,,,,,,,,,,,,0,0,0,,0.0399,-6362.530591,28.620268,258.94234,,,,,,,,,,,,,,,,,,,,,,,,,,,,,,,,,,,None,Continue,0,None,,,,,,1,6097.698364,432.371399,0.713823,11027861.328125,,,,,,,,,,,,,,1000,0,0,1,1,0.627458,,,
0,ASCENT,7,0,1,None,Holding,0,92.586192,407.818445,0,0,0,0,0.000009,1573203.064896,,,,,,,0,,,,,,,,,,,,,,,,0,0,0,,0.0399,-6362.530591,28.620268,259.025902,,,,,,,,,,,,,,,,,,,,,,,,,,,,,,,,,,,None,Continue,0,None,,,,,,1,6097.698364,432.371399,0.713823,11027861.328125,,,,,,,,,,,,,,1000,0,0,1,1,0.62747,,,
0,ASCENT,7,0,1,None,Holding,0,92.586192,407.818445,0,0,0,0,0.000009,1573203.064896,,,,,,,0,,,,,,,,,,,,,,,,0,0,0,,0.0399,-6362.530591,28.620268,259.109463,,,,,,,,,,,,,,,,,,,,,,,,,,,,,,,,,,,None,Continue,0,None,,,,,,1,6097.698364,432.371399,0.713823,11027861.328125,,,,,,,,,,,,,,1000,0,0,1,1,0.627483,,,
0,ASCENT,7,0,1,None,Holding,0,92.586192,407.818445,0,0,0,0,0.000009,1573203.064896,,,,,,,0,,,,,,,,,,,,,,,,0,0,0,,0.0399,-6362.530591,28.620268,259.193025,,,,,,,,,,,,,,,,,,,,,,,,,,,,,,,,,,,None,Continue,0,None,,,,,,1,6097.697876,432.371399,0.713823,11027861.328125,,,,,,,,,,,,,,1000,0,0,1,1,0.627496,,,
0,ASCENT,7,0,1,None,Holding,0,92.586192,407.818445,0,0,0,0,0.000009,1573203.057267,,,,,,,0,,,,,,,,,,,,,,,,0,0,0,,0.0399,-6362.530591,28.620268,259.276586,,,,,,,,,,,,,,,,,,,,,,,,,,,,,,,,,,,None,Continue,0,None,,,,,,1,6097.697876,432.371399,0.713823,11027861.328125,,,,,,,,,,,,,,1000,0,0,1,1,0.627509,,,
0,ASCENT,7,0,1,None,Holding,0,92.586192,407.818445,0,0,0,0,0.000009,1573203.057267,,,,,,,0,,,,,,,,,,,,,,,,0,0,0,,0.0399,-6362.530591,28.620268,259.360148,,,,,,,,,,,,,,,,,,,,,,,,,,,,,,,,,,,None,Continue,0,None,,,,,,1,6097.697876,432.371399,0.713823,11027861.328125,,,,,,,,,,,,,,1000,0,0,1,1,0.627522,,,
0,ASCENT,7,0,1,None,Holding,0,92.586192,407.818445,0,0,0,0,0.000009,1573203.026749,,,,,,,0,,,,,,,,,,,,,,,,0,0,0,,0.0399,-6362.530591,28.620268,259.443709,,,,,,,,,,,,,,,,,,,,,,,,,,,,,,,,,,,None,Continue,0,None,,,,,,1,6097.697876,432.371399,0.713823,11027861.328125,,,,,,,,,,,,,,1000,0,0,1,1,0.627534,,,
0,ASCENT,7,0,1,None,Holding,0,92.586192,407.818445,0,0,0,0,0.000009,1573203.026749,,,,,,,0,,,,,,,,,,,,,,,,0,0,0,,0.0399,-6362.530591,28.620268,259.527271,,,,,,,,,,,,,,,,,,,,,,,,,,,,,,,,,,,None,Continue,0,None,,,,,,1,6097.697876,432.371399,0.713823,11027861.328125,,,,,,,,,,,,,,1000,0,0,1,1,0.627547,,,
0,ASCENT,7,0,1,None,Holding,0,92.586192,407.818445,0,0,0,0,0.000009,1573203.026749,,,,,,,0,,,,,,,,,,,,,,,,0,0,0,,0.0399,-6362.530591,28.620268,259.610832,,,,,,,,,,,,,,,,,,,,,,,,,,,,,,,,,,,None,Continue,0,None,,,,,,1,6097.697876,432.371399,0.713823,11027861.328125,,,,,,,,,,,,,,1000,0,0,1,1,0.627559,,,
0,ASCENT,7,0,1,None,Holding,0,92.586192,407.818445,0,0,0,0,0.000009,1573203.026749,,,,,,,0,,,,,,,,,,,,,,,,0,0,0,,0.0399,-6362.530591,28.620268,259.694394,,,,,,,,,,,,,,,,,,,,,,,,,,,,,,,,,,,None,Continue,0,None,,,,,,1,6097.697876,432.371399,0.713823,11027861.328125,,,,,,,,,,,,,,1000,0,0,1,1,0.627572,,,
0,ASCENT,7,0,1,None,Holding,0,92.586192,407.818445,0,0,0,0,0.000009,1573203.026749,,,,,,,0,,,,,,,,,,,,,,,,0,0,0,,0.0399,-6362.530591,28.620268,259.777955,,,,,,,,,,,,,,,,,,,,,,,,,,,,,,,,,,,None,Continue,0,None,,,,,,1,6097.697876,432.371399,0.713823,11027861.328125,,,,,,,,,,,,,,1000,0,0,1,1,0.627585,,,
0,ASCENT,7,0,1,None,Holding,0,92.586192,407.818445,0,0,0,0,0.000009,1573203.026749,,,,,,,0,,,,,,,,,,,,,,,,0,0,0,,0.0399,-6362.530591,28.620268,259.861517,,,,,,,,,,,,,,,,,,,,,,,,,,,,,,,,,,,None,Continue,0,None,,,,,,1,6097.697388,432.371399,0.713823,11027861.328125,,,,,,,,,,,,,,1000,0,0,1,1,0.627597,,,
0,ASCENT,7,0,1,None,Holding,0,92.586192,407.818445,0,0,0,0,0.000009,1573203.01912,,,,,,,0,,,,,,,,,,,,,,,,0,0,0,,0.0399,-6362.530591,28.620268,259.945078,,,,,,,,,,,,,,,,,,,,,,,,,,,,,,,,,,,None,Continue,0,None,,,,,,1,6097.697388,432.371399,0.713823,11027861.328125,,,,,,,,,,,,,,1000,0,0,1,1,0.62761,,,
0,ASCENT,7,0,1,None,Holding,0,92.586192,407.818445,0,0,0,0,0.000009,1573203.01912,,,,,,,0,,,,,,,,,,,,,,,,0,0,0,,0.0399,-6362.530591,28.620268,260.02864,,,,,,,,,,,,,,,,,,,,,,,,,,,,,,,,,,,None,Continue,0,None,,,,,,1,6097.697388,432.371399,0.713823,11027861.328125,,,,,,,,,,,,,,1000,0,0,1,1,0.627623,,,
0,ASCENT,7,0,1,None,Holding,0,92.586192,407.818445,0,0,0,0,0.000009,1573203.01912,,,,,,,0,,,,,,,,,,,,,,,,0,0,0,,0.0399,-6362.530591,28.620268,260.112201,,,,,,,,,,,,,,,,,,,,,,,,,,,,,,,,,,,None,Continue,0,None,,,,,,1,6097.697388,432.371399,0.713823,11027861.328125,,,,,,,,,,,,,,1000,0,0,1,1,0.627635,,,
0,ASCENT,7,0,1,None,Holding,0,92.586192,407.818445,0,0,0,0,0.000009,1573203.01912,,,,,,,0,,,,,,,,,,,,,,,,0,0,0,,0.0399,-6362.530591,28.620268,260.195763,,,,,,,,,,,,,,,,,,,,,,,,,,,,,,,,,,,None,Continue,0,None,,,,,,1,6097.697388,432.371399,0.713823,11027861.328125,,,,,,,,,,,,,,1000,0,0,1,1,0.627647,,,
0,ASCENT,7,0,1,None,Holding,0,92.586192,407.818445,0,0,0,0,0.000009,1573203.01912,,,,,,,0,,,,,,,,,,,,,,,,0,0,0,,0.0399,-6362.530591,28.620268,260.279324,,,,,,,,,,,,,,,,,,,,,,,,,,,,,,,,,,,None,Continue,0,None,,,,,,1,6097.697388,432.371399,0.713823,11027861.328125,,,,,,,,,,,,,,1000,0,0,1,1,0.62766,,,
0,ASCENT,7,0,1,None,Holding,0,92.586192,407.818445,0,0,0,0,0.000009,1573203.01912,,,,,,,0,,,,,,,,,,,,,,,,0,0,0,,0.0399,-6362.530591,28.620268,260.362886,,,,,,,,,,,,,,,,,,,,,,,,,,,,,,,,,,,None,Continue,0,None,,,,,,1,6097.697388,432.371399,0.713823,11027861.328125,,,,,,,,,,,,,,1000,0,0,1,1,0.627672,,,
0,ASCENT,7,0,1,None,Holding,0,92.586192,407.818445,0,0,0,0,0.000009,1573203.01912,,,,,,,0,,,,,,,,,,,,,,,,0,0,0,,0.0399,-6362.530591,28.620268,260.446447,,,,,,,,,,,,,,,,,,,,,,,,,,,,,,,,,,,None,Continue,0,None,,,,,,1,6097.697388,432.371399,0.713823,11027861.328125,,,,,,,,,,,,,,1000,0,0,1,1,0.627685,,,
0,ASCENT,7,0,1,None,Holding,0,92.586192,407.818445,0,0,0,0,0.000009,1573203.01912,,,,,,,0,,,,,,,,,,,,,,,,0,0,0,,0.0399,-6362.530591,28.620268,260.530009,,,,,,,,,,,,,,,,,,,,,,,,,,,,,,,,,,,None,Continue,0,None,,,,,,1,6097.696777,432.371399,0.713823,11027861.328125,,,,,,,,,,,,,,1000,0,0,1,1,0.627697,,,
0,ASCENT,7,0,1,None,Holding,0,92.586192,407.818445,0,0,0,0,0.000009,1573203.01912,,,,,,,0,,,,,,,,,,,,,,,,0,0,0,,0.0399,-6362.530591,28.620268,260.61357,,,,,,,,,,,,,,,,,,,,,,,,,,,,,,,,,,,None,Continue,0,None,,,,,,1,6097.696777,432.371399,0.713823,11027861.328125,,,,,,,,,,,,,,1000,0,0,1,1,0.627709,,,
0,ASCENT,7,0,1,None,Holding,0,92.586192,407.818445,0,0,0,0,0.000009,1573203.01149,,,,,,,0,,,,,,,,,,,,,,,,0,0,0,,0.0399,-6362.530591,28.620268,260.697132,,,,,,,,,,,,,,,,,,,,,,,,,,,,,,,,,,,None,Continue,0,None,,,,,,1,6097.696777,432.371399,0.713823,11027861.328125,,,,,,,,,,,,,,1000,0,0,1,1,0.627721,,,
0,ASCENT,7,0,1,None,Holding,0,92.586192,407.818445,0,0,0,0,0.000009,1573203.01149,,,,,,,0,,,,,,,,,,,,,,,,0,0,0,,0.0399,-6362.530591,28.620268,260.780693,,,,,,,,,,,,,,,,,,,,,,,,,,,,,,,,,,,None,Continue,0,None,,,,,,1,6097.696777,432.371399,0.713823,11027861.328125,,,,,,,,,,,,,,1000,0,0,1,1,0.627734,,,
0,ASCENT,7,0,1,None,Holding,0,92.586192,407.818445,0,0,0,0,0.000009,1573203.01149,,,,,,,0,,,,,,,,,,,,,,,,0,0,0,,0.0399,-6362.530591,28.620268,260.864255,,,,,,,,,,,,,,,,,,,,,,,,,,,,,,,,,,,None,Continue,0,None,,,,,,1,6097.696777,432.371399,0.713823,11027861.328125,,,,,,,,,,,,,,1000,0,0,1,1,0.627746,,,
0,ASCENT,7,0,1,None,Holding,0,92.586192,407.818445,0,0,0,0,0.000009,1573203.01149,,,,,,,0,,,,,,,,,,,,,,,,0,0,0,,0.0399,-6362.530591,28.620268,260.947816,,,,,,,,,,,,,,,,,,,,,,,,,,,,,,,,,,,None,Continue,0,None,,,,,,1,6097.696777,432.371399,0.713823,11027861.328125,,,,,,,,,,,,,,1000,0,0,1,1,0.627758,,,
0,ASCENT,7,0,1,None,Holding,0,92.586192,407.818445,0,0,0,0,0.000009,1573203.01149,,,,,,,0,,,,,,,,,,,,,,,,0,0,0,,0.0399,-6362.530591,28.620268,261.031378,,,,,,,,,,,,,,,,,,,,,,,,,,,,,,,,,,,None,Continue,0,None,,,,,,1,6097.696777,432.371399,0.713823,11027861.328125,,,,,,,,,,,,,,1000,0,0,1,1,0.62777,,,
0,ASCENT,7,0,1,None,Holding,0,92.586192,407.818445,0,0,0,0,0.000009,1573203.01149,,,,,,,0,,,,,,,,,,,,,,,,0,0,0,,0.0399,-6362.530591,28.620268,261.114939,,,,,,,,,,,,,,,,,,,,,,,,,,,,,,,,,,,None,Continue,0,None,,,,,,1,6097.696777,432.371399,0.713823,11027861.328125,,,,,,,,,,,,,,1000,0,0,1,1,0.627783,,,
0,ASCENT,7,0,1,None,Holding,0,92.586192,407.818445,0,0,0,0,0.000009,1573202.980973,,,,,,,0,,,,,,,,,,,,,,,,0,0,0,,0.0399,-6362.530591,28.620268,261.198501,,,,,,,,,,,,,,,,,,,,,,,,,,,,,,,,,,,None,Continue,0,None,,,,,,1,6097.695801,432.371399,0.713823,11027861.328125,,,,,,,,,,,,,,1000,0,0,1,1,0.627795,,,
0,ASCENT,7,0,1,None,Holding,0,92.586192,407.818445,0,0,0,0,0.000009,1573202.980973,,,,,,,0,,,,,,,,,,,,,,,,0,0,0,,0.0399,-6362.530591,28.620268,261.282062,,,,,,,,,,,,,,,,,,,,,,,,,,,,,,,,,,,None,Continue,0,None,,,,,,1,6097.695801,432.371399,0.713823,11027861.328125,,,,,,,,,,,,,,1000,0,0,1,1,0.627807,,,
0,ASCENT,7,0,1,None,Holding,0,92.586192,407.818445,0,0,0,0,0.000009,1573202.973343,,,,,,,0,,,,,,,,,,,,,,,,0,0,0,,0.0399,-6362.530591,28.620268,261.365624,,,,,,,,,,,,,,,,,,,,,,,,,,,,,,,,,,,None,Continue,0,None,,,,,,1,6097.695801,432.371399,0.713823,11027861.328125,,,,,,,,,,,,,,1000,0,0,1,1,0.627818,,,
0,ASCENT,7,0,1,None,Holding,0,92.586192,407.818445,0,0,0,0,0.000009,1573202.973343,,,,,,,0,,,,,,,,,,,,,,,,0,0,0,,0.0399,-6362.530591,28.620268,261.449185,,,,,,,,,,,,,,,,,,,,,,,,,,,,,,,,,,,None,Continue,0,None,,,,,,1,6097.695801,432.371399,0.713823,11027861.328125,,,,,,,,,,,,,,1000,0,0,1,1,0.62783,,,
0,ASCENT,7,0,1,None,Holding,0,92.586192,407.818445,0,0,0,0,0.000009,1573202.973343,,,,,,,0,,,,,,,,,,,,,,,,0,0,0,,0.0399,-6362.530591,28.620268,261.532747,,,,,,,,,,,,,,,,,,,,,,,,,,,,,,,,,,,None,Continue,0,None,,,,,,1,6097.695801,432.371399,0.713823,11027861.328125,,,,,,,,,,,,,,1000,0,0,1,1,0.627843,,,
0,ASCENT,7,0,1,None,Holding,0,92.586192,407.818445,0,0,0,0,0.000009,1573202.973343,,,,,,,0,,,,,,,,,,,,,,,,0,0,0,,0.0399,-6362.530591,28.620268,261.616308,,,,,,,,,,,,,,,,,,,,,,,,,,,,,,,,,,,None,Continue,0,None,,,,,,1,6097.695801,432.371399,0.713823,11027861.328125,,,,,,,,,,,,,,1000,0,0,1,1,0.627855,,,
0,ASCENT,7,0,1,None,Holding,0,92.586192,407.818445,0,0,0,0,0.000009,1573202.973343,,,,,,,0,,,,,,,,,,,,,,,,0,0,0,,0.0399,-6362.530591,28.620268,261.69987,,,,,,,,,,,,,,,,,,,,,,,,,,,,,,,,,,,None,Continue,0,None,,,,,,1,6097.695801,432.371399,0.713823,11027861.328125,,,,,,,,,,,,,,1000,0,0,1,1,0.627866,,,
0,ASCENT,7,0,1,None,Holding,0,92.586192,407.818445,0,0,0,0,0.000009,1573202.973343,,,,,,,0,,,,,,,,,,,,,,,,0,0,0,,0.0399,-6362.530591,28.620268,261.783431,,,,,,,,,,,,,,,,,,,,,,,,,,,,,,,,,,,None,Continue,0,None,,,,,,1,6097.695801,432.371399,0.713823,11027861.328125,,,,,,,,,,,,,,1000,0,0,1,1,0.627878,,,
0,ASCENT,7,0,1,None,Holding,0,92.586192,407.818445,0,0,0,0,0.000009,1573202.973343,,,,,,,0,,,,,,,,,,,,,,,,0,0,0,,0.0399,-6362.530591,28.620268,261.866993,,,,,,,,,,,,,,,,,,,,,,,,,,,,,,,,,,,None,Continue,0,None,,,,,,1,6097.695313,432.371399,0.713823,11027861.328125,,,,,,,,,,,,,,1000,0,0,1,1,0.62789,,,
0,ASCENT,7,0,1,None,Holding,0,92.586192,407.818445,0,0,0,0,0.000009,1573202.973343,,,,,,,0,,,,,,,,,,,,,,,,0,0,0,,0.0399,-6362.530591,28.620268,261.950554,,,,,,,,,,,,,,,,,,,,,,,,,,,,,,,,,,,None,Continue,0,None,,,,,,1,6097.695313,432.371399,0.713823,11027861.328125,,,,,,,,,,,,,,1000,0,0,1,1,0.627902,,,
0,ASCENT,7,0,1,None,Holding,0,92.586192,407.818445,0,0,0,0,0.000009,1573202.965714,,,,,,,0,,,,,,,,,,,,,,,,0,0,0,,0.0399,-6362.530591,28.620268,262.034116,,,,,,,,,,,,,,,,,,,,,,,,,,,,,,,,,,,None,Continue,0,None,,,,,,1,6097.695313,432.371399,0.713823,11027861.328125,,,,,,,,,,,,,,1000,0,0,1,1,0.627914,,,
0,ASCENT,7,0,1,None,Holding,0,92.586192,407.818445,0,0,0,0,0.000009,1573202.965714,,,,,,,0,,,,,,,,,,,,,,,,0,0,0,,0.0399,-6362.530591,28.620268,262.117677,,,,,,,,,,,,,,,,,,,,,,,,,,,,,,,,,,,None,Continue,0,None,,,,,,1,6097.695313,432.371399,0.713823,11027861.328125,,,,,,,,,,,,,,1000,0,0,1,1,0.627925,,,
0,ASCENT,7,0,1,None,Holding,0,92.586192,407.818445,0,0,0,0,0.000009,1573202.965714,,,,,,,0,,,,,,,,,,,,,,,,0,0,0,,0.0399,-6362.530591,28.620268,262.201239,,,,,,,,,,,,,,,,,,,,,,,,,,,,,,,,,,,None,Continue,0,None,,,,,,1,6097.695313,432.371399,0.713823,11027861.328125,,,,,,,,,,,,,,1000,0,0,1,1,0.627937,,,
0,ASCENT,7,0,1,None,Holding,0,92.586192,407.818445,0,0,0,0,0.000009,1573202.965714,,,,,,,0,,,,,,,,,,,,,,,,0,0,0,,0.0399,-6362.530591,28.620268,262.2848,,,,,,,,,,,,,,,,,,,,,,,,,,,,,,,,,,,None,Continue,0,None,,,,,,1,6097.695313,432.371399,0.713823,11027861.328125,,,,,,,,,,,,,,1000,0,0,1,1,0.627949,,,
0,ASCENT,7,0,1,None,Holding,0,92.586192,407.818445,0,0,0,0,0.000009,1573202.965714,,,,,,,0,,,,,,,,,,,,,,,,0,0,0,,0.0399,-6362.530591,28.620268,262.368362,,,,,,,,,,,,,,,,,,,,,,,,,,,,,,,,,,,None,Continue,0,None,,,,,,1,6097.695313,432.371399,0.713823,11027861.328125,,,,,,,,,,,,,,1000,0,0,1,1,0.627961,,,
0,ASCENT,7,0,1,None,Holding,0,92.586192,407.818445,0,0,0,0,0.000009,1573202.965714,,,,,,,0,,,,,,,,,,,,,,,,0,0,0,,0.0399,-6362.530591,28.620268,262.451923,,,,,,,,,,,,,,,,,,,,,,,,,,,,,,,,,,,None,Continue,0,None,,,,,,1,6097.695313,432.371399,0.713823,11027861.328125,,,,,,,,,,,,,,1000,0,0,1,1,0.627972,,,
0,ASCENT,7,0,1,None,Holding,0,92.586192,407.818445,0,0,0,0,0.000009,1573202.965714,,,,,,,0,,,,,,,,,,,,,,,,0,0,0,,0.0399,-6362.530591,28.620268,262.535485,,,,,,,,,,,,,,,,,,,,,,,,,,,,,,,,,,,None,Continue,0,None,,,,,,1,6097.694275,432.371399,0.713823,11027861.328125,,,,,,,,,,,,,,1000,0,0,1,1,0.627984,,,
0,ASCENT,7,0,1,None,Holding,0,92.586192,407.818445,0,0,0,0,0.000009,1573202.965714,,,,,,,0,,,,,,,,,,,,,,,,0,0,0,,0.0399,-6362.530591,28.620268,262.619046,,,,,,,,,,,,,,,,,,,,,,,,,,,,,,,,,,,None,Continue,0,None,,,,,,1,6097.694275,432.371399,0.713823,11027861.328125,,,,,,,,,,,,,,1000,0,0,1,1,0.627995,,,
0,ASCENT,7,0,1,None,Holding,0,92.586192,407.818445,0,0,0,0,0.000009,1573202.958085,,,,,,,0,,,,,,,,,,,,,,,,0,0,0,,0.0399,-6362.530591,28.620268,262.702608,,,,,,,,,,,,,,,,,,,,,,,,,,,,,,,,,,,None,Continue,0,None,,,,,,1,6097.694275,432.371399,0.713823,11027861.328125,,,,,,,,,,,,,,1000,0,0,1,1,0.628007,,,
0,ASCENT,7,0,1,None,Holding,0,92.586192,407.818445,0,0,0,0,0.000009,1573202.958085,,,,,,,0,,,,,,,,,,,,,,,,0,0,0,,0.0399,-6362.530591,28.620268,262.786169,,,,,,,,,,,,,,,,,,,,,,,,,,,,,,,,,,,None,Continue,0,None,,,,,,1,6097.694275,432.371399,0.713823,11027861.328125,,,,,,,,,,,,,,1000,0,0,1,1,0.628019,,,
0,ASCENT,7,0,1,None,Holding,0,92.586192,407.818445,0,0,0,0,0.000009,1573202.927567,,,,,,,0,,,,,,,,,,,,,,,,0,0,0,,0.0399,-6362.530591,28.620268,262.869731,,,,,,,,,,,,,,,,,,,,,,,,,,,,,,,,,,,None,Continue,0,None,,,,,,1,6097.694275,432.371399,0.713823,11027861.328125,,,,,,,,,,,,,,1000,0,0,1,1,0.62803,,,
0,ASCENT,7,0,1,None,Holding,0,92.586192,407.818445,0,0,0,0,0.000009,1573202.927567,,,,,,,0,,,,,,,,,,,,,,,,0,0,0,,0.0399,-6362.530591,28.620268,262.953292,,,,,,,,,,,,,,,,,,,,,,,,,,,,,,,,,,,None,Continue,0,None,,,,,,1,6097.694275,432.371399,0.713823,11027861.328125,,,,,,,,,,,,,,1000,0,0,1,1,0.628041,,,
0,ASCENT,7,0,1,None,Holding,0,92.586192,407.818445,0,0,0,0,0.000009,1573202.927567,,,,,,,0,,,,,,,,,,,,,,,,0,0,0,,0.0399,-6362.530591,28.620268,263.036853,,,,,,,,,,,,,,,,,,,,,,,,,,,,,,,,,,,None,Continue,0,None,,,,,,1,6097.694275,432.371399,0.713823,11027861.328125,,,,,,,,,,,,,,1000,0,0,1,1,0.628053,,,
0,ASCENT,7,0,1,None,Holding,0,92.586192,407.818445,0,0,0,0,0.000009,1573202.927567,,,,,,,0,,,,,,,,,,,,,,,,0,0,0,,0.0399,-6362.530591,28.620268,263.120415,,,,,,,,,,,,,,,,,,,,,,,,,,,,,,,,,,,None,Continue,0,None,,,,,,1,6097.694275,432.371399,0.713823,11027861.328125,,,,,,,,,,,,,,1000,0,0,1,1,0.628064,,,
0,ASCENT,7,0,1,None,Holding,0,92.586192,407.818445,0,0,0,0,0.000009,1573202.927567,,,,,,,0,,,,,,,,,,,,,,,,0,0,0,,0.0399,-6362.530591,28.620268,263.203976,,,,,,,,,,,,,,,,,,,,,,,,,,,,,,,,,,,None,Continue,0,None,,,,,,1,6097.693787,432.371399,0.713823,11027861.328125,,,,,,,,,,,,,,1000,0,0,1,1,0.628076,,,
0,ASCENT,7,0,1,None,Holding,0,92.586192,407.818445,0,0,0,0,0.000009,1573202.927567,,,,,,,0,,,,,,,,,,,,,,,,0,0,0,,0.0399,-6362.530591,28.620268,263.287538,,,,,,,,,,,,,,,,,,,,,,,,,,,,,,,,,,,None,Continue,0,None,,,,,,1,6097.693787,432.371399,0.713823,11027861.328125,,,,,,,,,,,,,,1000,0,0,1,1,0.628087,,,
0,ASCENT,7,0,1,None,Holding,0,92.586192,407.818445,0,0,0,0,0.000009,1573202.919938,,,,,,,0,,,,,,,,,,,,,,,,0,0,0,,0.0399,-6362.530591,28.620268,263.371099,,,,,,,,,,,,,,,,,,,,,,,,,,,,,,,,,,,None,Continue,0,None,,,,,,1,6097.693787,432.371399,0.713823,11027861.328125,,,,,,,,,,,,,,1000,0,0,1,1,0.628098,,,
0,ASCENT,7,0,1,None,Holding,0,92.586192,407.818445,0,0,0,0,0.000009,1573202.919938,,,,,,,0,,,,,,,,,,,,,,,,0,0,0,,0.0399,-6362.530591,28.620268,263.454661,,,,,,,,,,,,,,,,,,,,,,,,,,,,,,,,,,,None,Continue,0,None,,,,,,1,6097.693787,432.371399,0.713823,11027861.328125,,,,,,,,,,,,,,1000,0,0,1,1,0.628109,,,
0,ASCENT,7,0,1,None,Holding,0,92.586192,407.818445,0,0,0,0,0.000009,1573202.919938,,,,,,,0,,,,,,,,,,,,,,,,0,0,0,,0.0399,-6362.530591,28.620268,263.538222,,,,,,,,,,,,,,,,,,,,,,,,,,,,,,,,,,,None,Continue,0,None,,,,,,1,6097.693787,432.371399,0.713823,11027861.328125,,,,,,,,,,,,,,1000,0,0,1,1,0.628121,,,
0,ASCENT,7,0,1,None,Holding,0,92.586192,407.818445,0,0,0,0,0.000009,1573202.919938,,,,,,,0,,,,,,,,,,,,,,,,0,0,0,,0.0399,-6362.530591,28.620268,263.621784,,,,,,,,,,,,,,,,,,,,,,,,,,,,,,,,,,,None,Continue,0,None,,,,,,1,6097.693787,432.371399,0.713823,11027861.328125,,,,,,,,,,,,,,1000,0,0,1,1,0.628132,,,
0,ASCENT,7,0,1,None,Holding,0,92.586192,407.818445,0,0,0,0,0.000009,1573202.919938,,,,,,,0,,,,,,,,,,,,,,,,0,0,0,,0.0399,-6362.530591,28.620268,263.705345,,,,,,,,,,,,,,,,,,,,,,,,,,,,,,,,,,,None,Continue,0,None,,,,,,1,6097.693787,432.371399,0.713823,11027861.328125,,,,,,,,,,,,,,1000,0,0,1,1,0.628143,,,
0,ASCENT,7,0,1,None,Holding,0,92.586192,407.818445,0,0,0,0,0.000009,1573202.919938,,,,,,,0,,,,,,,,,,,,,,,,0,0,0,,0.0399,-6362.530591,28.620268,263.788907,,,,,,,,,,,,,,,,,,,,,,,,,,,,,,,,,,,None,Continue,0,None,,,,,,1,6097.693787,432.371399,0.713823,11027861.328125,,,,,,,,,,,,,,1000,0,0,1,1,0.628154,,,
0,ASCENT,7,0,1,None,Holding,0,92.586192,407.818445,0,0,0,0,0.000009,1573202.919938,,,,,,,0,,,,,,,,,,,,,,,,0,0,0,,0.0399,-6362.530591,28.620268,263.872468,,,,,,,,,,,,,,,,,,,,,,,,,,,,,,,,,,,None,Continue,0,None,,,,,,1,6097.693787,432.371399,0.713823,11027861.328125,,,,,,,,,,,,,,1000,0,0,1,1,0.628165,,,
0,ASCENT,7,0,1,None,Holding,0,92.586192,407.818445,0,0,0,0,0.000009,1573202.919938,,,,,,,0,,,,,,,,,,,,,,,,0,0,0,,0.0399,-6362.530591,28.620268,263.95603,,,,,,,,,,,,,,,,,,,,,,,,,,,,,,,,,,,None,Continue,0,None,,,,,,1,6097.693237,432.371399,0.713823,11027861.328125,,,,,,,,,,,,,,1000,0,0,1,1,0.628176,,,
0,ASCENT,7,0,1,None,Holding,0,92.586192,407.818445,0,0,0,0,0.000009,1573202.912308,,,,,,,0,,,,,,,,,,,,,,,,0,0,0,,0.0399,-6362.530591,28.620268,264.039591,,,,,,,,,,,,,,,,,,,,,,,,,,,,,,,,,,,None,Continue,0,None,,,,,,1,6097.693237,432.371399,0.713823,11027861.328125,,,,,,,,,,,,,,1000,0,0,1,1,0.628187,,,
0,ASCENT,7,0,1,None,Holding,0,92.586192,407.818445,0,0,0,0,0.000009,1573202.912308,,,,,,,0,,,,,,,,,,,,,,,,0,0,0,,0.0399,-6362.530591,28.620268,264.123153,,,,,,,,,,,,,,,,,,,,,,,,,,,,,,,,,,,None,Continue,0,None,,,,,,1,6097.693237,432.371399,0.713823,11027861.328125,,,,,,,,,,,,,,1000,0,0,1,1,0.628199,,,
0,ASCENT,7,0,1,None,Holding,0,92.586192,407.818445,0,0,0,0,0.000009,1573202.912308,,,,,,,0,,,,,,,,,,,,,,,,0,0,0,,0.0399,-6362.530591,28.620268,264.206714,,,,,,,,,,,,,,,,,,,,,,,,,,,,,,,,,,,None,Continue,0,None,,,,,,1,6097.693237,432.371399,0.713823,11027861.328125,,,,,,,,,,,,,,1000,0,0,1,1,0.62821,,,
0,ASCENT,7,0,1,None,Holding,0,92.586192,407.818445,0,0,0,0,0.000009,1573202.912308,,,,,,,0,,,,,,,,,,,,,,,,0,0,0,,0.0399,-6362.530591,28.620268,264.290276,,,,,,,,,,,,,,,,,,,,,,,,,,,,,,,,,,,None,Continue,0,None,,,,,,1,6097.693237,432.371399,0.713823,11027861.328125,,,,,,,,,,,,,,1000,0,0,1,1,0.628221,,,
0,ASCENT,7,0,1,None,Holding,0,92.586192,407.818445,0,0,0,0,0.000009,1573202.912308,,,,,,,0,,,,,,,,,,,,,,,,0,0,0,,0.0399,-6362.530591,28.620268,264.373837,,,,,,,,,,,,,,,,,,,,,,,,,,,,,,,,,,,None,Continue,0,None,,,,,,1,6097.693237,432.371399,0.713823,11027861.328125,,,,,,,,,,,,,,1000,0,0,1,1,0.628231,,,
0,ASCENT,7,0,1,None,Holding,0,92.586192,407.818445,0,0,0,0,0.000009,1573202.881791,,,,,,,0,,,,,,,,,,,,,,,,0,0,0,,0.0399,-6362.530591,28.620268,264.457399,,,,,,,,,,,,,,,,,,,,,,,,,,,,,,,,,,,None,Continue,0,None,,,,,,1,6097.693237,432.371399,0.713823,11027861.328125,,,,,,,,,,,,,,1000,0,0,1,1,0.628243,,,
0,ASCENT,7,0,1,None,Holding,0,92.586192,407.818445,0,0,0,0,0.000009,1573202.881791,,,,,,,0,,,,,,,,,,,,,,,,0,0,0,,0.0399,-6362.530591,28.620268,264.54096,,,,,,,,,,,,,,,,,,,,,,,,,,,,,,,,,,,None,Continue,0,None,,,,,,1,6097.692749,432.371399,0.713823,11027861.328125,,,,,,,,,,,,,,1000,0,0,1,1,0.628253,,,
0,ASCENT,7,0,1,None,Holding,0,92.586192,407.818445,0,0,0,0,0.000009,1573202.874161,,,,,,,0,,,,,,,,,,,,,,,,0,0,0,,0.0399,-6362.530591,28.620268,264.624522,,,,,,,,,,,,,,,,,,,,,,,,,,,,,,,,,,,None,Continue,0,None,,,,,,1,6097.692749,432.371399,0.713823,11027861.328125,,,,,,,,,,,,,,1000,0,0,1,1,0.628264,,,
0,ASCENT,7,0,1,None,Holding,0,92.586192,407.818445,0,0,0,0,0.000009,1573202.874161,,,,,,,0,,,,,,,,,,,,,,,,0,0,0,,0.0399,-6362.530591,28.620268,264.708083,,,,,,,,,,,,,,,,,,,,,,,,,,,,,,,,,,,None,Continue,0,None,,,,,,1,6097.692749,432.371399,0.713823,11027861.328125,,,,,,,,,,,,,,1000,0,0,1,1,0.628275,,,
0,ASCENT,7,0,1,None,Holding,0,92.586192,407.818445,0,0,0,0,0.000009,1573202.874161,,,,,,,0,,,,,,,,,,,,,,,,0,0,0,,0.0399,-6362.530591,28.620268,264.791645,,,,,,,,,,,,,,,,,,,,,,,,,,,,,,,,,,,None,Continue,0,None,,,,,,1,6097.692749,432.371399,0.713823,11027861.328125,,,,,,,,,,,,,,1000,0,0,1,1,0.628286,,,
0,ASCENT,7,0,1,None,Holding,0,92.586192,407.818445,0,0,0,0,0.000009,1573202.874161,,,,,,,0,,,,,,,,,,,,,,,,0,0,0,,0.0399,-6362.530591,28.620268,264.875206,,,,,,,,,,,,,,,,,,,,,,,,,,,,,,,,,,,None,Continue,0,None,,,,,,1,6097.692749,432.371399,0.713823,11027861.328125,,,,,,,,,,,,,,1000,0,0,1,1,0.628297,,,
0,ASCENT,7,0,1,None,Holding,0,92.586192,407.818445,0,0,0,0,0.000009,1573202.874161,,,,,,,0,,,,,,,,,,,,,,,,0,0,0,,0.0399,-6362.530591,28.620268,264.958768,,,,,,,,,,,,,,,,,,,,,,,,,,,,,,,,,,,None,Continue,0,None,,,,,,1,6097.692749,432.371399,0.713823,11027861.328125,,,,,,,,,,,,,,1000,0,0,1,1,0.628307,,,
0,ASCENT,7,0,1,None,Holding,0,92.586192,407.818445,0,0,0,0,0.000009,1573202.874161,,,,,,,0,,,,,,,,,,,,,,,,0,0,0,,0.0399,-6362.530591,28.620268,265.042329,,,,,,,,,,,,,,,,,,,,,,,,,,,,,,,,,,,None,Continue,0,None,,,,,,1,6097.692749,432.371399,0.713823,11027861.328125,,,,,,,,,,,,,,1000,0,0,1,1,0.628318,,,
0,ASCENT,7,0,1,None,Holding,0,92.586192,407.818445,0,0,0,0,0.000009,1573202.874161,,,,,,,0,,,,,,,,,,,,,,,,0,0,0,,0.0399,-6362.530591,28.620268,265.125891,,,,,,,,,,,,,,,,,,,,,,,,,,,,,,,,,,,None,Continue,0,None,,,,,,1,6097.692749,432.371399,0.713823,11027861.328125,,,,,,,,,,,,,,1000,0,0,1,1,0.628329,,,
0,ASCENT,7,0,1,None,Holding,0,92.586192,407.818445,0,0,0,0,0.000009,1573202.874161,,,,,,,0,,,,,,,,,,,,,,,,0,0,0,,0.0399,-6362.530591,28.620268,265.209452,,,,,,,,,,,,,,,,,,,,,,,,,,,,,,,,,,,None,Continue,0,None,,,,,,1,6097.691772,432.371399,0.713823,11027861.328125,,,,,,,,,,,,,,1000,0,0,1,1,0.628339,,,
0,ASCENT,7,0,1,None,Holding,0,92.586192,407.818445,0,0,0,0,0.000009,1573202.866532,,,,,,,0,,,,,,,,,,,,,,,,0,0,0,,0.0399,-6362.530591,28.620268,265.293014,,,,,,,,,,,,,,,,,,,,,,,,,,,,,,,,,,,None,Continue,0,None,,,,,,1,6097.691772,432.371399,0.713823,11027861.328125,,,,,,,,,,,,,,1000,0,0,1,1,0.62835,,,
0,ASCENT,7,0,1,None,Holding,0,92.586192,407.818445,0,0,0,0,0.000009,1573202.866532,,,,,,,0,,,,,,,,,,,,,,,,0,0,0,,0.0399,-6362.530591,28.620268,265.376575,,,,,,,,,,,,,,,,,,,,,,,,,,,,,,,,,,,None,Continue,0,None,,,,,,1,6097.691772,432.371399,0.713823,11027861.328125,,,,,,,,,,,,,,1000,0,0,1,1,0.628361,,,
0,ASCENT,7,0,1,None,Holding,0,92.586192,407.818445,0,0,0,0,0.000009,1573202.866532,,,,,,,0,,,,,,,,,,,,,,,,0,0,0,,0.0399,-6362.530591,28.620268,265.460137,,,,,,,,,,,,,,,,,,,,,,,,,,,,,,,,,,,None,Continue,0,None,,,,,,1,6097.691772,432.371399,0.713823,11027861.328125,,,,,,,,,,,,,,1000,0,0,1,1,0.628371,,,
0,ASCENT,7,0,1,None,Holding,0,92.586192,407.818445,0,0,0,0,0.000009,1573202.866532,,,,,,,0,,,,,,,,,,,,,,,,0,0,0,,0.0399,-6362.530591,28.620268,265.543698,,,,,,,,,,,,,,,,,,,,,,,,,,,,,,,,,,,None,Continue,0,None,,,,,,1,6097.691772,432.371399,0.713823,11027861.328125,,,,,,,,,,,,,,1000,0,0,1,1,0.628381,,,
0,ASCENT,7,0,1,None,Holding,0,92.586192,407.818445,0,0,0,0,0.000009,1573202.866532,,,,,,,0,,,,,,,,,,,,,,,,0,0,0,,0.0399,-6362.530591,28.620268,265.62726,,,,,,,,,,,,,,,,,,,,,,,,,,,,,,,,,,,None,Continue,0,None,,,,,,1,6097.691772,432.371399,0.713823,11027861.328125,,,,,,,,,,,,,,1000,0,0,1,1,0.628392,,,
0,ASCENT,7,0,1,None,Holding,0,92.586192,407.818445,0,0,0,0,0.000009,1573202.866532,,,,,,,0,,,,,,,,,,,,,,,,0,0,0,,0.0399,-6362.530591,28.620268,265.710821,,,,,,,,,,,,,,,,,,,,,,,,,,,,,,,,,,,None,Continue,0,None,,,,,,1,6097.691772,432.371399,0.713823,11027861.328125,,,,,,,,,,,,,,1000,0,0,1,1,0.628402,,,
0,ASCENT,7,0,1,None,Holding,0,92.586192,407.818445,0,0,0,0,0.000009,1573202.866532,,,,,,,0,,,,,,,,,,,,,,,,0,0,0,,0.0399,-6362.530591,28.620268,265.794383,,,,,,,,,,,,,,,,,,,,,,,,,,,,,,,,,,,None,Continue,0,None,,,,,,1,6097.691772,432.371399,0.713823,11027861.328125,,,,,,,,,,,,,,1000,0,0,1,1,0.628413,,,
0,ASCENT,7,0,1,None,Holding,0,92.586192,407.818445,0,0,0,0,0.000009,1573202.866532,,,,,,,0,,,,,,,,,,,,,,,,0,0,0,,0.0399,-6362.530591,28.620268,265.877944,,,,,,,,,,,,,,,,,,,,,,,,,,,,,,,,,,,None,Continue,0,None,,,,,,1,6097.691162,432.371399,0.713823,11027861.328125,,,,,,,,,,,,,,1000,0,0,1,1,0.628423,,,
0,ASCENT,7,0,1,None,Holding,0,92.586192,407.818445,0,0,0,0,0.000009,1573202.858903,,,,,,,0,,,,,,,,,,,,,,,,0,0,0,,0.0399,-6362.530591,28.620268,265.961506,,,,,,,,,,,,,,,,,,,,,,,,,,,,,,,,,,,None,Continue,0,None,,,,,,1,6097.691162,432.371399,0.713823,11027861.328125,,,,,,,,,,,,,,1000,0,0,1,1,0.628433,,,
0,ASCENT,7,0,1,None,Holding,0,92.586192,407.818445,0,0,0,0,0.000009,1573202.828385,,,,,,,0,,,,,,,,,,,,,,,,0,0,0,,0.0399,-6362.530591,28.620268,266.045067,,,,,,,,,,,,,,,,,,,,,,,,,,,,,,,,,,,None,Continue,0,None,,,,,,1,6097.691162,432.371399,0.713823,11027861.328125,,,,,,,,,,,,,,1000,0,0,1,1,0.628444,,,
0,ASCENT,7,0,1,None,Holding,0,92.586192,407.818445,0,0,0,0,0.000009,1573202.828385,,,,,,,0,,,,,,,,,,,,,,,,0,0,0,,0.0399,-6362.530591,28.620268,266.128629,,,,,,,,,,,,,,,,,,,,,,,,,,,,,,,,,,,None,Continue,0,None,,,,,,1,6097.691162,432.371399,0.713823,11027861.328125,,,,,,,,,,,,,,1000,0,0,1,1,0.628454,,,
0,ASCENT,7,0,1,None,Holding,0,92.586192,407.818445,0,0,0,0,0.000009,1573202.828385,,,,,,,0,,,,,,,,,,,,,,,,0,0,0,,0.0399,-6362.530591,28.620268,266.21219,,,,,,,,,,,,,,,,,,,,,,,,,,,,,,,,,,,None,Continue,0,None,,,,,,1,6097.691162,432.371399,0.713823,11027861.328125,,,,,,,,,,,,,,1000,0,0,1,1,0.628464,,,
0,ASCENT,7,0,1,None,Holding,0,92.586192,407.818445,0,0,0,0,0.000009,1573202.828385,,,,,,,0,,,,,,,,,,,,,,,,0,0,0,,0.0399,-6362.530591,28.620268,266.295752,,,,,,,,,,,,,,,,,,,,,,,,,,,,,,,,,,,None,Continue,0,None,,,,,,1,6097.691162,432.371399,0.713823,11027861.328125,,,,,,,,,,,,,,1000,0,0,1,1,0.628474,,,
0,ASCENT,7,0,1,None,Holding,0,92.586192,407.818445,0,0,0,0,0.000009,1573202.828385,,,,,,,0,,,,,,,,,,,,,,,,0,0,0,,0.0399,-6362.530591,28.620268,266.379313,,,,,,,,,,,,,,,,,,,,,,,,,,,,,,,,,,,None,Continue,0,None,,,,,,1,6097.691162,432.371399,0.713823,11027861.328125,,,,,,,,,,,,,,1000,0,0,1,1,0.628485,,,
0,ASCENT,7,0,1,None,Holding,0,92.586192,407.818445,0,0,0,0,0.000009,1573202.828385,,,,,,,0,,,,,,,,,,,,,,,,0,0,0,,0.0399,-6362.530591,28.620268,266.462875,,,,,,,,,,,,,,,,,,,,,,,,,,,,,,,,,,,None,Continue,0,None,,,,,,1,6097.691162,432.371399,0.713823,11027861.328125,,,,,,,,,,,,,,1000,0,0,1,1,0.628495,,,
0,ASCENT,7,0,1,None,Holding,0,92.586192,407.818445,0,0,0,0,0.000009,1573202.820756,,,,,,,0,,,,,,,,,,,,,,,,0,0,0,,0.0399,-6362.530591,28.620268,266.546436,,,,,,,,,,,,,,,,,,,,,,,,,,,,,,,,,,,None,Continue,0,None,,,,,,1,6097.690186,432.371399,0.713823,11027861.328125,,,,,,,,,,,,,,1000,0,0,1,1,0.628505,,,
0,ASCENT,7,0,1,None,Holding,0,92.586192,407.818445,0,0,0,0,0.000009,1573202.820756,,,,,,,0,,,,,,,,,,,,,,,,0,0,0,,0.0399,-6362.530591,28.620268,266.629998,,,,,,,,,,,,,,,,,,,,,,,,,,,,,,,,,,,None,Continue,0,None,,,,,,1,6097.690186,432.371399,0.713823,11027861.328125,,,,,,,,,,,,,,1000,0,0,1,1,0.628516,,,
0,ASCENT,7,0,1,None,Holding,0,92.586192,407.818445,0,0,0,0,0.000009,1573202.820756,,,,,,,0,,,,,,,,,,,,,,,,0,0,0,,0.0399,-6362.530591,28.620268,266.713559,,,,,,,,,,,,,,,,,,,,,,,,,,,,,,,,,,,None,Continue,0,None,,,,,,1,6097.690186,432.371399,0.713823,11027861.328125,,,,,,,,,,,,,,1000,0,0,1,1,0.628526,,,
0,ASCENT,7,0,1,None,Holding,0,92.586192,407.818445,0,0,0,0,0.000009,1573202.820756,,,,,,,0,,,,,,,,,,,,,,,,0,0,0,,0.0399,-6362.530591,28.620268,266.797121,,,,,,,,,,,,,,,,,,,,,,,,,,,,,,,,,,,None,Continue,0,None,,,,,,1,6097.690186,432.371399,0.713823,11027861.328125,,,,,,,,,,,,,,1000,0,0,1,1,0.628536,,,
0,ASCENT,7,0,1,None,Holding,0,92.586192,407.818445,0,0,0,0,0.000009,1573202.820756,,,,,,,0,,,,,,,,,,,,,,,,0,0,0,,0.0399,-6362.530591,28.620268,266.880682,,,,,,,,,,,,,,,,,,,,,,,,,,,,,,,,,,,None,Continue,0,None,,,,,,1,6097.690186,432.371399,0.713823,11027861.328125,,,,,,,,,,,,,,1000,0,0,1,1,0.628546,,,
0,ASCENT,7,0,1,None,Holding,0,92.586192,407.818445,0,0,0,0,0.000009,1573202.820756,,,,,,,0,,,,,,,,,,,,,,,,0,0,0,,0.0399,-6362.530591,28.620268,266.964244,,,,,,,,,,,,,,,,,,,,,,,,,,,,,,,,,,,None,Continue,0,None,,,,,,1,6097.690186,432.371399,0.713823,11027861.328125,,,,,,,,,,,,,,1000,0,0,1,1,0.628555,,,
0,ASCENT,7,0,1,None,Holding,0,92.586192,407.818445,0,0,0,0,0.000009,1573202.820756,,,,,,,0,,,,,,,,,,,,,,,,0,0,0,,0.0399,-6362.530591,28.620268,267.047805,,,,,,,,,,,,,,,,,,,,,,,,,,,,,,,,,,,None,Continue,0,None,,,,,,1,6097.690186,432.371399,0.713823,11027861.328125,,,,,,,,,,,,,,1000,0,0,1,1,0.628566,,,
0,ASCENT,7,0,1,None,Holding,0,92.586192,407.818445,0,0,0,0,0.000009,1573202.813126,,,,,,,0,,,,,,,,,,,,,,,,0,0,0,,0.0399,-6362.530591,28.620268,267.131367,,,,,,,,,,,,,,,,,,,,,,,,,,,,,,,,,,,None,Continue,0,None,,,,,,1,6097.690186,432.371399,0.713823,11027861.328125,,,,,,,,,,,,,,1000,0,0,1,1,0.628576,,,
0,ASCENT,7,0,1,None,Holding,0,92.586192,407.818445,0,0,0,0,0.000009,1573202.813126,,,,,,,0,,,,,,,,,,,,,,,,0,0,0,,0.0399,-6362.530591,28.620268,267.214928,,,,,,,,,,,,,,,,,,,,,,,,,,,,,,,,,,,None,Continue,0,None,,,,,,1,6097.689697,432.371399,0.713823,11027861.328125,,,,,,,,,,,,,,1000,0,0,1,1,0.628585,,,
0,ASCENT,7,0,1,None,Holding,0,92.586192,407.818445,0,0,0,0,0.000009,1573202.813126,,,,,,,0,,,,,,,,,,,,,,,,0,0,0,,0.0399,-6362.530591,28.620268,267.29849,,,,,,,,,,,,,,,,,,,,,,,,,,,,,,,,,,,None,Continue,0,None,,,,,,1,6097.689697,432.371399,0.713823,11027861.328125,,,,,,,,,,,,,,1000,0,0,1,1,0.628595,,,
0,ASCENT,7,0,1,None,Holding,0,92.586192,407.818445,0,0,0,0,0.000009,1573202.813126,,,,,,,0,,,,,,,,,,,,,,,,0,0,0,,0.0399,-6362.530591,28.620268,267.382051,,,,,,,,,,,,,,,,,,,,,,,,,,,,,,,,,,,None,Continue,0,None,,,,,,1,6097.689697,432.371399,0.713823,11027861.328125,,,,,,,,,,,,,,1000,0,0,1,1,0.628605,,,
0,ASCENT,7,0,1,None,Holding,0,92.586192,407.818445,0,0,0,0,0.000009,1573202.813126,,,,,,,0,,,,,,,,,,,,,,,,0,0,0,,0.0399,-6362.530591,28.620268,267.465613,,,,,,,,,,,,,,,,,,,,,,,,,,,,,,,,,,,None,Continue,0,None,,,,,,1,6097.689697,432.371399,0.713823,11027861.328125,,,,,,,,,,,,,,1000,0,0,1,1,0.628615,,,
0,ASCENT,7,0,1,None,Holding,0,92.586192,407.818445,0,0,0,0,0.000009,1573202.782609,,,,,,,0,,,,,,,,,,,,,,,,0,0,0,,0.0399,-6362.530591,28.620268,267.549174,,,,,,,,,,,,,,,,,,,,,,,,,,,,,,,,,,,None,Continue,0,None,,,,,,1,6097.689697,432.371399,0.713823,11027861.328125,,,,,,,,,,,,,,1000,0,0,1,1,0.628625,,,
0,ASCENT,7,0,1,None,Holding,0,92.586192,407.818445,0,0,0,0,0.000009,1573202.782609,,,,,,,0,,,,,,,,,,,,,,,,0,0,0,,0.0399,-6362.530591,28.620268,267.632736,,,,,,,,,,,,,,,,,,,,,,,,,,,,,,,,,,,None,Continue,0,None,,,,,,1,6097.689697,432.371399,0.713823,11027861.328125,,,,,,,,,,,,,,1000,0,0,1,1,0.628634,,,
0,ASCENT,7,0,1,None,Holding,0,92.586192,407.818445,0,0,0,0,0.000009,1573202.782609,,,,,,,0,,,,,,,,,,,,,,,,0,0,0,,0.0399,-6362.530591,28.620268,267.716297,,,,,,,,,,,,,,,,,,,,,,,,,,,,,,,,,,,None,Continue,0,None,,,,,,1,6097.689697,432.371399,0.713823,11027861.328125,,,,,,,,,,,,,,1000,0,0,1,1,0.628644,,,
0,ASCENT,7,0,1,None,Holding,0,92.586192,407.818445,0,0,0,0,0.000009,1573202.774979,,,,,,,0,,,,,,,,,,,,,,,,0,0,0,,0.0399,-6362.530591,28.620268,267.799859,,,,,,,,,,,,,,,,,,,,,,,,,,,,,,,,,,,None,Continue,0,None,,,,,,1,6097.689697,432.371399,0.713823,11027861.328125,,,,,,,,,,,,,,1000,0,0,1,1,0.628654,,,
0,ASCENT,7,0,1,None,Holding,0,92.586192,407.818445,0,0,0,0,0.000009,1573202.774979,,,,,,,0,,,,,,,,,,,,,,,,0,0,0,,0.0399,-6362.530591,28.620268,267.88342,,,,,,,,,,,,,,,,,,,,,,,,,,,,,,,,,,,None,Continue,0,None,,,,,,1,6097.68866,432.371399,0.713823,11027861.328125,,,,,,,,,,,,,,1000,0,0,1,1,0.628664,,,
0,ASCENT,7,0,1,None,Holding,0,92.586192,407.818445,0,0,0,0,0.000009,1573202.774979,,,,,,,0,,,,,,,,,,,,,,,,0,0,0,,0.0399,-6362.530591,28.620268,267.966982,,,,,,,,,,,,,,,,,,,,,,,,,,,,,,,,,,,None,Continue,0,None,,,,,,1,6097.68866,432.371399,0.713823,11027861.328125,,,,,,,,,,,,,,1000,0,0,1,1,0.628673,,,
0,ASCENT,7,0,1,None,Holding,0,92.586192,407.818445,0,0,0,0,0.000009,1573202.774979,,,,,,,0,,,,,,,,,,,,,,,,0,0,0,,0.0399,-6362.530591,28.620268,268.050543,,,,,,,,,,,,,,,,,,,,,,,,,,,,,,,,,,,None,Continue,0,None,,,,,,1,6097.68866,432.371399,0.713823,11027861.328125,,,,,,,,,,,,,,1000,0,0,1,1,0.628683,,,
0,ASCENT,7,0,1,None,Holding,0,92.586192,407.818445,0,0,0,0,0.000009,1573202.774979,,,,,,,0,,,,,,,,,,,,,,,,0,0,0,,0.0399,-6362.530591,28.620268,268.134105,,,,,,,,,,,,,,,,,,,,,,,,,,,,,,,,,,,None,Continue,0,None,,,,,,1,6097.68866,432.371399,0.713823,11027861.328125,,,,,,,,,,,,,,1000,0,0,1,1,0.628692,,,
0,ASCENT,7,0,1,None,Holding,0,92.586192,407.818445,0,0,0,0,0.000009,1573202.774979,,,,,,,0,,,,,,,,,,,,,,,,0,0,0,,0.0399,-6362.530591,28.620268,268.217666,,,,,,,,,,,,,,,,,,,,,,,,,,,,,,,,,,,None,Continue,0,None,,,,,,1,6097.68866,432.371399,0.713823,11027861.328125,,,,,,,,,,,,,,1000,0,0,1,1,0.628702,,,
0,ASCENT,7,0,1,None,Holding,0,92.586192,407.818445,0,0,0,0,0.000009,1573202.774979,,,,,,,0,,,,,,,,,,,,,,,,0,0,0,,0.0399,-6362.530591,28.620268,268.301228,,,,,,,,,,,,,,,,,,,,,,,,,,,,,,,,,,,None,Continue,0,None,,,,,,1,6097.68866,432.371399,0.713823,11027861.328125,,,,,,,,,,,,,,1000,0,0,1,1,0.628711,,,
0,ASCENT,7,0,1,None,Holding,0,92.586192,407.818445,0,0,0,0,0.000009,1573202.76735,,,,,,,0,,,,,,,,,,,,,,,,0,0,0,,0.0399,-6362.530591,28.620268,268.384789,,,,,,,,,,,,,,,,,,,,,,,,,,,,,,,,,,,None,Continue,0,None,,,,,,1,6097.68866,432.371399,0.713823,11027861.328125,,,,,,,,,,,,,,1000,0,0,1,1,0.628721,,,
0,ASCENT,7,0,1,None,Holding,0,92.586192,407.818445,0,0,0,0,0.000009,1573202.76735,,,,,,,0,,,,,,,,,,,,,,,,0,0,0,,0.0399,-6362.530591,28.620268,268.468351,,,,,,,,,,,,,,,,,,,,,,,,,,,,,,,,,,,None,Continue,0,None,,,,,,1,6097.68866,432.371399,0.713823,11027861.328125,,,,,,,,,,,,,,1000,0,0,1,1,0.62873,,,
0,ASCENT,7,0,1,None,Holding,0,92.586192,407.818445,0,0,0,0,0.000009,1573202.76735,,,,,,,0,,,,,,,,,,,,,,,,0,0,0,,0.0399,-6362.530591,28.620268,268.551912,,,,,,,,,,,,,,,,,,,,,,,,,,,,,,,,,,,None,Continue,0,None,,,,,,1,6097.688171,432.371399,0.713824,11027861.328125,,,,,,,,,,,,,,1000,0,0,1,1,0.628739,,,
0,ASCENT,7,0,1,None,Holding,0,92.586192,407.818445,0,0,0,0,0.000009,1573202.76735,,,,,,,0,,,,,,,,,,,,,,,,0,0,0,,0.0399,-6362.530591,28.620268,268.635473,,,,,,,,,,,,,,,,,,,,,,,,,,,,,,,,,,,None,Continue,0,None,,,,,,1,6097.688171,432.371399,0.713824,11027861.328125,,,,,,,,,,,,,,1000,0,0,1,1,0.628749,,,
0,ASCENT,7,0,1,None,Holding,0,92.586192,407.818445,0,0,0,0,0.000009,1573202.76735,,,,,,,0,,,,,,,,,,,,,,,,0,0,0,,0.0399,-6362.530591,28.620268,268.719035,,,,,,,,,,,,,,,,,,,,,,,,,,,,,,,,,,,None,Continue,0,None,,,,,,1,6097.688171,432.371399,0.713824,11027861.328125,,,,,,,,,,,,,,1000,0,0,1,1,0.628758,,,
0,ASCENT,7,0,1,None,Holding,0,92.586192,407.818445,0,0,0,0,0.000009,1573202.76735,,,,,,,0,,,,,,,,,,,,,,,,0,0,0,,0.0399,-6362.530591,28.620268,268.802596,,,,,,,,,,,,,,,,,,,,,,,,,,,,,,,,,,,None,Continue,0,None,,,,,,1,6097.688171,432.371399,0.713824,11027861.328125,,,,,,,,,,,,,,1000,0,0,1,1,0.628768,,,
0,ASCENT,7,0,1,None,Holding,0,92.586192,407.818445,0,0,0,0,0.000009,1573202.76735,,,,,,,0,,,,,,,,,,,,,,,,0,0,0,,0.0399,-6362.530591,28.620268,268.886158,,,,,,,,,,,,,,,,,,,,,,,,,,,,,,,,,,,None,Continue,0,None,,,,,,1,6097.688171,432.371399,0.713824,11027861.328125,,,,,,,,,,,,,,1000,0,0,1,1,0.628777,,,
0,ASCENT,7,0,1,None,Holding,0,92.586192,407.818445,0,0,0,0,0.000009,1573202.75972,,,,,,,0,,,,,,,,,,,,,,,,0,0,0,,0.0399,-6362.530591,28.620268,268.969719,,,,,,,,,,,,,,,,,,,,,,,,,,,,,,,,,,,None,Continue,0,None,,,,,,1,6097.688171,432.371399,0.713824,11027861.328125,,,,,,,,,,,,,,1000,0,0,1,1,0.628786,,,
0,ASCENT,7,0,1,None,Holding,0,92.586192,407.818445,0,0,0,0,0.000009,1573202.729203,,,,,,,0,,,,,,,,,,,,,,,,0,0,0,,0.0399,-6362.530591,28.620268,269.053281,,,,,,,,,,,,,,,,,,,,,,,,,,,,,,,,,,,None,Continue,0,None,,,,,,1,6097.688171,432.371399,0.713824,11027861.328125,,,,,,,,,,,,,,1000,0,0,1,1,0.628795,,,
0,ASCENT,7,0,1,None,Holding,0,92.586192,407.818445,0,0,0,0,0.000009,1573202.729203,,,,,,,0,,,,,,,,,,,,,,,,0,0,0,,0.0399,-6362.530591,28.620268,269.136842,,,,,,,,,,,,,,,,,,,,,,,,,,,,,,,,,,,None,Continue,0,None,,,,,,1,6097.688171,432.371399,0.713824,11027861.328125,,,,,,,,,,,,,,1000,0,0,1,1,0.628804,,,
0,ASCENT,7,0,1,None,Holding,0,92.586192,407.818445,0,0,0,0,0.000009,1573202.729203,,,,,,,0,,,,,,,,,,,,,,,,0,0,0,,0.0399,-6362.530591,28.620268,269.220404,,,,,,,,,,,,,,,,,,,,,,,,,,,,,,,,,,,None,Continue,0,None,,,,,,1,6097.687134,432.371399,0.713824,11027861.328125,,,,,,,,,,,,,,1000,0,0,1,1,0.628813,,,
0,ASCENT,7,0,1,None,Holding,0,92.586192,407.818445,0,0,0,0,0.000009,1573202.729203,,,,,,,0,,,,,,,,,,,,,,,,0,0,0,,0.0399,-6362.530591,28.620268,269.303965,,,,,,,,,,,,,,,,,,,,,,,,,,,,,,,,,,,None,Continue,0,None,,,,,,1,6097.687134,432.371399,0.713824,11027861.328125,,,,,,,,,,,,,,1000,0,0,1,1,0.628822,,,
0,ASCENT,7,0,1,None,Holding,0,92.586192,407.818445,0,0,0,0,0.000009,1573202.729203,,,,,,,0,,,,,,,,,,,,,,,,0,0,0,,0.0399,-6362.530591,28.620268,269.387527,,,,,,,,,,,,,,,,,,,,,,,,,,,,,,,,,,,None,Continue,0,None,,,,,,1,6097.687134,432.371399,0.713824,11027861.328125,,,,,,,,,,,,,,1000,0,0,1,1,0.628831,,,
0,ASCENT,7,0,1,None,Holding,0,92.586192,407.818445,0,0,0,0,0.000009,1573202.729203,,,,,,,0,,,,,,,,,,,,,,,,0,0,0,,0.0399,-6362.530591,28.620268,269.471088,,,,,,,,,,,,,,,,,,,,,,,,,,,,,,,,,,,None,Continue,0,None,,,,,,1,6097.687134,432.371399,0.713824,11027861.328125,,,,,,,,,,,,,,1000,0,0,1,1,0.62884,,,
0,ASCENT,7,0,1,None,Holding,0,92.586192,407.818445,0,0,0,0,0.000009,1573202.721573,,,,,,,0,,,,,,,,,,,,,,,,0,0,0,,0.0399,-6362.530591,28.620268,269.55465,,,,,,,,,,,,,,,,,,,,,,,,,,,,,,,,,,,None,Continue,0,None,,,,,,1,6097.687134,432.371399,0.713824,11027861.328125,,,,,,,,,,,,,,1000,0,0,1,1,0.62885,,,
0,ASCENT,7,0,1,None,Holding,0,92.586192,407.818445,0,0,0,0,0.000009,1573202.721573,,,,,,,0,,,,,,,,,,,,,,,,0,0,0,,0.0399,-6362.530591,28.620268,269.638211,,,,,,,,,,,,,,,,,,,,,,,,,,,,,,,,,,,None,Continue,0,None,,,,,,1,6097.687134,432.371399,0.713824,11027861.328125,,,,,,,,,,,,,,1000,0,0,1,1,0.628859,,,
0,ASCENT,7,0,1,None,Holding,0,92.586192,407.818445,0,0,0,0,0.000009,1573202.721573,,,,,,,0,,,,,,,,,,,,,,,,0,0,0,,0.0399,-6362.530591,28.620268,269.721773,,,,,,,,,,,,,,,,,,,,,,,,,,,,,,,,,,,None,Continue,0,None,,,,,,1,6097.687134,432.371399,0.713824,11027861.328125,,,,,,,,,,,,,,1000,0,0,1,1,0.628868,,,
0,ASCENT,7,0,1,None,Holding,0,92.586192,407.818445,0,0,0,0,0.000009,1573202.721573,,,,,,,0,,,,,,,,,,,,,,,,0,0,0,,0.0399,-6362.530591,28.620268,269.805334,,,,,,,,,,,,,,,,,,,,,,,,,,,,,,,,,,,None,Continue,0,None,,,,,,1,6097.687134,432.371399,0.713824,11027861.328125,,,,,,,,,,,,,,1000,0,0,1,1,0.628877,,,
0,ASCENT,7,0,1,None,Holding,0,92.586192,407.818445,0,0,0,0,0.000009,1573202.721573,,,,,,,0,,,,,,,,,,,,,,,,0,0,0,,0.0399,-6362.530591,28.620268,269.888896,,,,,,,,,,,,,,,,,,,,,,,,,,,,,,,,,,,None,Continue,0,None,,,,,,1,6097.686646,432.371399,0.713824,11027861.328125,,,,,,,,,,,,,,1000,0,0,1,1,0.628885,,,
0,ASCENT,7,0,1,None,Holding,0,92.586192,407.818445,0,0,0,0,0.000009,1573202.721573,,,,,,,0,,,,,,,,,,,,,,,,0,0,0,,0.0399,-6362.530591,28.620268,269.972457,,,,,,,,,,,,,,,,,,,,,,,,,,,,,,,,,,,None,Continue,0,None,,,,,,1,6097.686646,432.371399,0.713824,11027861.328125,,,,,,,,,,,,,,1000,0,0,1,1,0.628895,,,
0,ASCENT,7,0,1,None,Holding,0,92.586192,407.818445,0,0,0,0,0.000009,1573202.721573,,,,,,,0,,,,,,,,,,,,,,,,0,0,0,,0.0399,-6362.530591,28.620268,270.056019,,,,,,,,,,,,,,,,,,,,,,,,,,,,,,,,,,,None,Continue,0,None,,,,,,1,6097.686646,432.371399,0.713824,11027861.328125,,,,,,,,,,,,,,1000,0,0,1,1,0.628903,,,
0,ASCENT,7,0,1,None,Holding,0,92.586192,407.818445,0,0,0,0,0.000009,1573202.713944,,,,,,,0,,,,,,,,,,,,,,,,0,0,0,,0.0399,-6362.530591,28.620268,270.13958,,,,,,,,,,,,,,,,,,,,,,,,,,,,,,,,,,,None,Continue,0,None,,,,,,1,6097.686646,432.371399,0.713824,11027861.328125,,,,,,,,,,,,,,1000,0,0,1,1,0.628912,,,
0,ASCENT,7,0,1,None,Holding,0,92.586192,407.818445,0,0,0,0,0.000009,1573202.713944,,,,,,,0,,,,,,,,,,,,,,,,0,0,0,,0.0399,-6362.530591,28.620268,270.223142,,,,,,,,,,,,,,,,,,,,,,,,,,,,,,,,,,,None,Continue,0,None,,,,,,1,6097.686646,432.371399,0.713824,11027861.328125,,,,,,,,,,,,,,1000,0,0,1,1,0.628921,,,
0,ASCENT,7,0,1,None,Holding,0,92.586192,407.818445,0,0,0,0,0.000009,1573202.713944,,,,,,,0,,,,,,,,,,,,,,,,0,0,0,,0.0399,-6362.530591,28.620268,270.306703,,,,,,,,,,,,,,,,,,,,,,,,,,,,,,,,,,,None,Continue,0,None,,,,,,1,6097.686646,432.371399,0.713824,11027861.328125,,,,,,,,,,,,,,1000,0,0,1,1,0.62893,,,
0,ASCENT,7,0,1,None,Holding,0,92.586192,407.818445,0,0,0,0,0.000009,1573202.713944,,,,,,,0,,,,,,,,,,,,,,,,0,0,0,,0.0399,-6362.530591,28.620268,270.390265,,,,,,,,,,,,,,,,,,,,,,,,,,,,,,,,,,,None,Continue,0,None,,,,,,1,6097.686646,432.371399,0.713824,11027861.328125,,,,,,,,,,,,,,1000,0,0,1,1,0.628938,,,
0,ASCENT,7,0,1,None,Holding,0,92.586192,407.818445,0,0,0,0,0.000009,1573202.683426,,,,,,,0,,,,,,,,,,,,,,,,0,0,0,,0.0399,-6362.530591,28.620268,270.473826,,,,,,,,,,,,,,,,,,,,,,,,,,,,,,,,,,,None,Continue,0,None,,,,,,1,6097.686646,432.371399,0.713824,11027861.328125,,,,,,,,,,,,,,1000,0,0,1,1,0.628947,,,
0,ASCENT,7,0,1,None,Holding,0,92.586192,407.818445,0,0,0,0,0.000009,1573202.683426,,,,,,,0,,,,,,,,,,,,,,,,0,0,0,,0.0399,-6362.530591,28.620268,270.557388,,,,,,,,,,,,,,,,,,,,,,,,,,,,,,,,,,,None,Continue,0,None,,,,,,1,6097.685547,432.371399,0.713824,11027861.328125,,,,,,,,,,,,,,1000,0,0,1,1,0.628956,,,
0,ASCENT,7,0,1,None,Holding,0,92.586192,407.818445,0,0,0,0,0.000009,1573202.683426,,,,,,,0,,,,,,,,,,,,,,,,0,0,0,,0.0399,-6362.530591,28.620268,270.640949,,,,,,,,,,,,,,,,,,,,,,,,,,,,,,,,,,,None,Continue,0,None,,,,,,1,6097.685547,432.371399,0.713824,11027861.328125,,,,,,,,,,,,,,1000,0,0,1,1,0.628964,,,
0,ASCENT,7,0,1,None,Holding,0,92.586192,407.818445,0,0,0,0,0.000009,1573202.675797,,,,,,,0,,,,,,,,,,,,,,,,0,0,0,,0.0399,-6362.530591,28.620268,270.724511,,,,,,,,,,,,,,,,,,,,,,,,,,,,,,,,,,,None,Continue,0,None,,,,,,1,6097.685547,432.371399,0.713824,11027861.328125,,,,,,,,,,,,,,1000,0,0,1,1,0.628973,,,
0,ASCENT,7,0,1,None,Holding,0,92.586192,407.818445,0,0,0,0,0.000009,1573202.675797,,,,,,,0,,,,,,,,,,,,,,,,0,0,0,,0.0399,-6362.530591,28.620268,270.808072,,,,,,,,,,,,,,,,,,,,,,,,,,,,,,,,,,,None,Continue,0,None,,,,,,1,6097.685547,432.371399,0.713824,11027861.328125,,,,,,,,,,,,,,1000,0,0,1,1,0.628981,,,
0,ASCENT,7,0,1,None,Holding,0,92.586192,407.818445,0,0,0,0,0.000009,1573202.675797,,,,,,,0,,,,,,,,,,,,,,,,0,0,0,,0.0399,-6362.530591,28.620268,270.891634,,,,,,,,,,,,,,,,,,,,,,,,,,,,,,,,,,,None,Continue,0,None,,,,,,1,6097.685547,432.371399,0.713824,11027861.328125,,,,,,,,,,,,,,1000,0,0,1,1,0.62899,,,
0,ASCENT,7,0,1,None,Holding,0,92.586192,407.818445,0,0,0,0,0.000009,1573202.675797,,,,,,,0,,,,,,,,,,,,,,,,0,0,0,,0.0399,-6362.530591,28.620268,270.975195,,,,,,,,,,,,,,,,,,,,,,,,,,,,,,,,,,,None,Continue,0,None,,,,,,1,6097.685547,432.371399,0.713824,11027861.328125,,,,,,,,,,,,,,1000,0,0,1,1,0.628999,,,
0,ASCENT,7,0,1,None,Holding,0,92.586192,407.818445,0,0,0,0,0.000009,1573202.675797,,,,,,,0,,,,,,,,,,,,,,,,0,0,0,,0.0399,-6362.530591,28.620268,271.058757,,,,,,,,,,,,,,,,,,,,,,,,,,,,,,,,,,,None,Continue,0,None,,,,,,1,6097.685547,432.371399,0.713824,11027861.328125,,,,,,,,,,,,,,1000,0,0,1,1,0.629007,,,
0,ASCENT,7,0,1,None,Holding,0,92.586192,407.818445,0,0,0,0,0.000009,1573202.675797,,,,,,,0,,,,,,,,,,,,,,,,0,0,0,,0.0399,-6362.530591,28.620268,271.142318,,,,,,,,,,,,,,,,,,,,,,,,,,,,,,,,,,,None,Continue,0,None,,,,,,1,6097.685547,432.371399,0.713824,11027861.328125,,,,,,,,,,,,,,1000,0,0,1,1,0.629015,,,
0,ASCENT,7,0,1,None,Holding,0,92.586192,407.818445,0,0,0,0,0.000009,1573202.668168,,,,,,,0,,,,,,,,,,,,,,,,0,0,0,,0.0399,-6362.530591,28.620268,271.22588,,,,,,,,,,,,,,,,,,,,,,,,,,,,,,,,,,,None,Continue,0,None,,,,,,1,6097.685059,432.371399,0.713824,11027861.328125,,,,,,,,,,,,,,1000,0,0,1,1,0.629024,,,
0,ASCENT,7,0,1,None,Holding,0,92.586192,407.818445,0,0,0,0,0.000009,1573202.668168,,,,,,,0,,,,,,,,,,,,,,,,0,0,0,,0.0399,-6362.530591,28.620268,271.309441,,,,,,,,,,,,,,,,,,,,,,,,,,,,,,,,,,,None,Continue,0,None,,,,,,1,6097.685059,432.371399,0.713824,11027861.328125,,,,,,,,,,,,,,1000,0,0,1,1,0.629032,,,
0,ASCENT,7,0,1,None,Holding,0,92.586192,407.818445,0,0,0,0,0.000009,1573202.668168,,,,,,,0,,,,,,,,,,,,,,,,0,0,0,,0.0399,-6362.530591,28.620268,271.393003,,,,,,,,,,,,,,,,,,,,,,,,,,,,,,,,,,,None,Continue,0,None,,,,,,1,6097.685059,432.371399,0.713824,11027861.328125,,,,,,,,,,,,,,1000,0,0,1,1,0.629041,,,
0,ASCENT,7,0,1,None,Holding,0,92.586192,407.818445,0,0,0,0,0.000009,1573202.668168,,,,,,,0,,,,,,,,,,,,,,,,0,0,0,,0.0399,-6362.530591,28.620268,271.476564,,,,,,,,,,,,,,,,,,,,,,,,,,,,,,,,,,,None,Continue,0,None,,,,,,1,6097.685059,432.371399,0.713824,11027861.328125,,,,,,,,,,,,,,1000,0,0,1,1,0.629049,,,
0,ASCENT,7,0,1,None,Holding,0,92.586192,407.818445,0,0,0,0,0.000009,1573202.668168,,,,,,,0,,,,,,,,,,,,,,,,0,0,0,,0.0399,-6362.530591,28.620268,271.560126,,,,,,,,,,,,,,,,,,,,,,,,,,,,,,,,,,,None,Continue,0,None,,,,,,1,6097.685059,432.371399,0.713824,11027861.328125,,,,,,,,,,,,,,1000,0,0,1,1,0.629057,,,
0,ASCENT,7,0,1,None,Holding,0,92.586192,407.818445,0,0,0,0,0.000009,1573202.668168,,,,,,,0,,,,,,,,,,,,,,,,0,0,0,,0.0399,-6362.530591,28.620268,271.643687,,,,,,,,,,,,,,,,,,,,,,,,,,,,,,,,,,,None,Continue,0,None,,,,,,1,6097.685059,432.371399,0.713824,11027861.328125,,,,,,,,,,,,,,1000,0,0,1,1,0.629066,,,
0,ASCENT,7,0,1,None,Holding,0,92.586192,407.818445,0,0,0,0,0.000009,1573202.668168,,,,,,,0,,,,,,,,,,,,,,,,0,0,0,,0.0399,-6362.530591,28.620268,271.727249,,,,,,,,,,,,,,,,,,,,,,,,,,,,,,,,,,,None,Continue,0,None,,,,,,1,6097.685059,432.371399,0.713824,11027861.328125,,,,,,,,,,,,,,1000,0,0,1,1,0.629074,,,
0,ASCENT,7,0,1,None,Holding,0,92.586192,407.818445,0,0,0,0,0.000009,1573202.660538,,,,,,,0,,,,,,,,,,,,,,,,0,0,0,,0.0399,-6362.530591,28.620268,271.81081,,,,,,,,,,,,,,,,,,,,,,,,,,,,,,,,,,,None,Continue,0,None,,,,,,1,6097.685059,432.371399,0.713824,11027861.328125,,,,,,,,,,,,,,1000,0,0,1,1,0.629082,,,
0,ASCENT,7,0,1,None,Holding,0,92.586192,407.818445,0,0,0,0,0.000009,1573202.630021,,,,,,,0,,,,,,,,,,,,,,,,0,0,0,,0.0399,-6362.530591,28.620268,271.894372,,,,,,,,,,,,,,,,,,,,,,,,,,,,,,,,,,,None,Continue,0,None,,,,,,1,6097.684082,432.371399,0.713824,11027861.328125,,,,,,,,,,,,,,1000,0,0,1,1,0.62909,,,
0,ASCENT,7,0,1,None,Holding,0,92.586192,407.818445,0,0,0,0,0.000009,1573202.630021,,,,,,,0,,,,,,,,,,,,,,,,0,0,0,,0.0399,-6362.530591,28.620268,271.977933,,,,,,,,,,,,,,,,,,,,,,,,,,,,,,,,,,,None,Continue,0,None,,,,,,1,6097.684082,432.371399,0.713824,11027861.328125,,,,,,,,,,,,,,1000,0,0,1,1,0.629098,,,
0,ASCENT,7,0,1,None,Holding,0,92.586192,407.818445,0,0,0,0,0.000009,1573202.630021,,,,,,,0,,,,,,,,,,,,,,,,0,0,0,,0.0399,-6362.530591,28.620268,272.061495,,,,,,,,,,,,,,,,,,,,,,,,,,,,,,,,,,,None,Continue,0,None,,,,,,1,6097.684082,432.371399,0.713824,11027861.328125,,,,,,,,,,,,,,1000,0,0,1,1,0.629106,,,
0,ASCENT,7,0,1,None,Holding,0,92.586192,407.818445,0,0,0,0,0.000009,1573202.630021,,,,,,,0,,,,,,,,,,,,,,,,0,0,0,,0.0399,-6362.530591,28.620268,272.145056,,,,,,,,,,,,,,,,,,,,,,,,,,,,,,,,,,,None,Continue,0,None,,,,,,1,6097.684082,432.371399,0.713824,11027861.328125,,,,,,,,,,,,,,1000,0,0,1,1,0.629114,,,
0,ASCENT,7,0,1,None,Holding,0,92.586192,407.818445,0,0,0,0,0.000009,1573202.630021,,,,,,,0,,,,,,,,,,,,,,,,0,0,0,,0.0399,-6362.530591,28.620268,272.228618,,,,,,,,,,,,,,,,,,,,,,,,,,,,,,,,,,,None,Continue,0,None,,,,,,1,6097.684082,432.371399,0.713824,11027861.328125,,,,,,,,,,,,,,1000,0,0,1,1,0.629122,,,
0,ASCENT,7,0,1,None,Holding,0,92.586192,407.818445,0,0,0,0,0.000009,1573202.630021,,,,,,,0,,,,,,,,,,,,,,,,0,0,0,,0.0399,-6362.530591,28.620268,272.312179,,,,,,,,,,,,,,,,,,,,,,,,,,,,,,,,,,,None,Continue,0,None,,,,,,1,6097.684082,432.371399,0.713824,11027861.328125,,,,,,,,,,,,,,1000,0,0,1,1,0.62913,,,
0,ASCENT,7,0,1,None,Holding,0,92.586192,407.818445,0,0,0,0,0.000009,1573202.622391,,,,,,,0,,,,,,,,,,,,,,,,0,0,0,,0.0399,-6362.530591,28.620268,272.395741,,,,,,,,,,,,,,,,,,,,,,,,,,,,,,,,,,,None,Continue,0,None,,,,,,1,6097.684082,432.371399,0.713824,11027861.328125,,,,,,,,,,,,,,1000,0,0,1,1,0.629138,,,
0,ASCENT,7,0,1,None,Holding,0,92.586192,407.818445,0,0,0,0,0.000009,1573202.622391,,,,,,,0,,,,,,,,,,,,,,,,0,0,0,,0.0399,-6362.530591,28.620268,272.479302,,,,,,,,,,,,,,,,,,,,,,,,,,,,,,,,,,,None,Continue,0,None,,,,,,1,6097.684082,432.371399,0.713824,11027861.328125,,,,,,,,,,,,,,1000,0,0,1,1,0.629146,,,
0,ASCENT,7,0,1,None,Holding,0,92.586192,407.818445,0,0,0,0,0.000009,1573202.622391,,,,,,,0,,,,,,,,,,,,,,,,0,0,0,,0.0399,-6362.530591,28.620268,272.562864,,,,,,,,,,,,,,,,,,,,,,,,,,,,,,,,,,,None,Continue,0,None,,,,,,1,6097.683533,432.371399,0.713824,11027861.328125,,,,,,,,,,,,,,1000,0,0,1,1,0.629154,,,
0,ASCENT,7,0,1,None,Holding,0,92.586192,407.818445,0,0,0,0,0.000009,1573202.622391,,,,,,,0,,,,,,,,,,,,,,,,0,0,0,,0.0399,-6362.530591,28.620268,272.646425,,,,,,,,,,,,,,,,,,,,,,,,,,,,,,,,,,,None,Continue,0,None,,,,,,1,6097.683533,432.371399,0.713824,11027861.328125,,,,,,,,,,,,,,1000,0,0,1,1,0.629162,,,
0,ASCENT,7,0,1,None,Holding,0,92.586192,407.818445,0,0,0,0,0.000009,1573202.622391,,,,,,,0,,,,,,,,,,,,,,,,0,0,0,,0.0399,-6362.530591,28.620268,272.729987,,,,,,,,,,,,,,,,,,,,,,,,,,,,,,,,,,,None,Continue,0,None,,,,,,1,6097.683533,432.371399,0.713824,11027861.328125,,,,,,,,,,,,,,1000,0,0,1,1,0.629169,,,
0,ASCENT,7,0,1,None,Holding,0,92.586192,407.818445,0,0,0,0,0.000009,1573202.622391,,,,,,,0,,,,,,,,,,,,,,,,0,0,0,,0.0399,-6362.530591,28.620268,272.813548,,,,,,,,,,,,,,,,,,,,,,,,,,,,,,,,,,,None,Continue,0,None,,,,,,1,6097.683533,432.371399,0.713824,11027861.328125,,,,,,,,,,,,,,1000,0,0,1,1,0.629177,,,
0,ASCENT,7,0,1,None,Holding,0,92.586192,407.818445,0,0,0,0,0.000009,1573202.614762,,,,,,,0,,,,,,,,,,,,,,,,0,0,0,,0.0399,-6362.530591,28.620268,272.89711,,,,,,,,,,,,,,,,,,,,,,,,,,,,,,,,,,,None,Continue,0,None,,,,,,1,6097.683533,432.371399,0.713824,11027861.328125,,,,,,,,,,,,,,1000,0,0,1,1,0.629185,,,
0,ASCENT,7,0,1,None,Holding,0,92.586192,407.818445,0,0,0,0,0.000009,1573202.614762,,,,,,,0,,,,,,,,,,,,,,,,0,0,0,,0.0399,-6362.530591,28.620268,272.980671,,,,,,,,,,,,,,,,,,,,,,,,,,,,,,,,,,,None,Continue,0,None,,,,,,1,6097.683533,432.371399,0.713824,11027861.328125,,,,,,,,,,,,,,1000,0,0,1,1,0.629193,,,
0,ASCENT,7,0,1,None,Holding,0,92.586192,407.818445,0,0,0,0,0.000009,1573202.614762,,,,,,,0,,,,,,,,,,,,,,,,0,0,0,,0.0399,-6362.530591,28.620268,273.064233,,,,,,,,,,,,,,,,,,,,,,,,,,,,,,,,,,,None,Continue,0,None,,,,,,1,6097.683533,432.371399,0.713824,11027861.328125,,,,,,,,,,,,,,1000,0,0,1,1,0.6292,,,
0,ASCENT,7,0,1,None,Holding,0,92.586192,407.818445,0,0,0,0,0.000009,1573202.614762,,,,,,,0,,,,,,,,,,,,,,,,0,0,0,,0.0399,-6362.530591,28.620268,273.147794,,,,,,,,,,,,,,,,,,,,,,,,,,,,,,,,,,,None,Continue,0,None,,,,,,1,6097.683533,432.371399,0.713824,11027861.328125,,,,,,,,,,,,,,1000,0,0,1,1,0.629208,,,
0,ASCENT,7,0,1,None,Holding,0,92.586192,407.818445,0,0,0,0,0.000009,1573202.584244,,,,,,,0,,,,,,,,,,,,,,,,0,0,0,,0.0399,-6362.530591,28.620268,273.231356,,,,,,,,,,,,,,,,,,,,,,,,,,,,,,,,,,,None,Continue,0,None,,,,,,1,6097.682556,432.371399,0.713824,11027861.328125,,,,,,,,,,,,,,1000,0,0,1,1,0.629216,,,
0,ASCENT,7,0,1,None,Holding,0,92.586192,407.818445,0,0,0,0,0.000009,1573202.584244,,,,,,,0,,,,,,,,,,,,,,,,0,0,0,,0.0399,-6362.530591,28.620268,273.314917,,,,,,,,,,,,,,,,,,,,,,,,,,,,,,,,,,,None,Continue,0,None,,,,,,1,6097.682556,432.371399,0.713824,11027861.328125,,,,,,,,,,,,,,1000,0,0,1,1,0.629223,,,
0,ASCENT,7,0,1,None,Holding,0,92.586192,407.818445,0,0,0,0,0.000009,1573202.584244,,,,,,,0,,,,,,,,,,,,,,,,0,0,0,,0.0399,-6362.530591,28.620268,273.398479,,,,,,,,,,,,,,,,,,,,,,,,,,,,,,,,,,,None,Continue,0,None,,,,,,1,6097.682556,432.371399,0.713824,11027861.328125,,,,,,,,,,,,,,1000,0,0,1,1,0.629231,,,
0,ASCENT,7,0,1,None,Holding,0,92.586192,407.818445,0,0,0,0,0.000009,1573202.576615,,,,,,,0,,,,,,,,,,,,,,,,0,0,0,,0.0399,-6362.530591,28.620268,273.48204,,,,,,,,,,,,,,,,,,,,,,,,,,,,,,,,,,,None,Continue,0,None,,,,,,1,6097.682556,432.371399,0.713824,11027861.328125,,,,,,,,,,,,,,1000,0,0,1,1,0.629238,,,
0,ASCENT,7,0,1,None,Holding,0,92.586192,407.818445,0,0,0,0,0.000009,1573202.576615,,,,,,,0,,,,,,,,,,,,,,,,0,0,0,,0.0399,-6362.530591,28.620268,273.565602,,,,,,,,,,,,,,,,,,,,,,,,,,,,,,,,,,,None,Continue,0,None,,,,,,1,6097.682556,432.371399,0.713824,11027861.328125,,,,,,,,,,,,,,1000,0,0,1,1,0.629246,,,
0,ASCENT,7,0,1,None,Holding,0,92.586192,407.818445,0,0,0,0,0.000009,1573202.576615,,,,,,,0,,,,,,,,,,,,,,,,0,0,0,,0.0399,-6362.530591,28.620268,273.649163,,,,,,,,,,,,,,,,,,,,,,,,,,,,,,,,,,,None,Continue,0,None,,,,,,1,6097.682556,432.371399,0.713824,11027861.328125,,,,,,,,,,,,,,1000,0,0,1,1,0.629253,,,
0,ASCENT,7,0,1,None,Holding,0,92.586192,407.818445,0,0,0,0,0.000009,1573202.576615,,,,,,,0,,,,,,,,,,,,,,,,0,0,0,,0.0399,-6362.530591,28.620268,273.732725,,,,,,,,,,,,,,,,,,,,,,,,,,,,,,,,,,,None,Continue,0,None,,,,,,1,6097.682556,432.371399,0.713824,11027861.328125,,,,,,,,,,,,,,1000,0,0,1,1,0.629261,,,
0,ASCENT,7,0,1,None,Holding,0,92.586192,407.818445,0,0,0,0,0.000009,1573202.576615,,,,,,,0,,,,,,,,,,,,,,,,0,0,0,,0.0399,-6362.530591,28.620268,273.816286,,,,,,,,,,,,,,,,,,,,,,,,,,,,,,,,,,,None,Continue,0,None,,,,,,1,6097.682556,432.371399,0.713824,11027861.328125,,,,,,,,,,,,,,1000,0,0,1,1,0.629268,,,
0,ASCENT,7,0,1,None,Holding,0,92.586192,407.818445,0,0,0,0,0.000009,1573202.576615,,,,,,,0,,,,,,,,,,,,,,,,0,0,0,,0.0399,-6362.530591,28.620268,273.899848,,,,,,,,,,,,,,,,,,,,,,,,,,,,,,,,,,,None,Continue,0,None,,,,,,1,6097.682007,432.371399,0.713824,11027861.328125,,,,,,,,,,,,,,1000,0,0,1,1,0.629275,,,
0,ASCENT,7,0,1,None,Holding,0,92.586192,407.818445,0,0,0,0,0.000009,1573202.568986,,,,,,,0,,,,,,,,,,,,,,,,0,0,0,,0.0399,-6362.530591,28.620268,273.983409,,,,,,,,,,,,,,,,,,,,,,,,,,,,,,,,,,,None,Continue,0,None,,,,,,1,6097.682007,432.371399,0.713824,11027861.328125,,,,,,,,,,,,,,1000,0,0,1,1,0.629283,,,
0,ASCENT,7,0,1,None,Holding,0,92.586192,407.818445,0,0,0,0,0.000009,1573202.568986,,,,,,,0,,,,,,,,,,,,,,,,0,0,0,,0.0399,-6362.530591,28.620268,274.06697,,,,,,,,,,,,,,,,,,,,,,,,,,,,,,,,,,,None,Continue,0,None,,,,,,1,6097.682007,432.371399,0.713824,11027861.328125,,,,,,,,,,,,,,1000,0,0,1,1,0.62929,,,
0,ASCENT,7,0,1,None,Holding,0,92.586192,407.818445,0,0,0,0,0.000009,1573202.568986,,,,,,,0,,,,,,,,,,,,,,,,0,0,0,,0.0399,-6362.530591,28.620268,274.150532,,,,,,,,,,,,,,,,,,,,,,,,,,,,,,,,,,,None,Continue,0,None,,,,,,1,6097.682007,432.371399,0.713824,11027861.328125,,,,,,,,,,,,,,1000,0,0,1,1,0.629297,,,
0,ASCENT,7,0,1,None,Holding,0,92.586192,407.818445,0,0,0,0,0.000009,1573202.568986,,,,,,,0,,,,,,,,,,,,,,,,0,0,0,,0.0399,-6362.530591,28.620268,274.234093,,,,,,,,,,,,,,,,,,,,,,,,,,,,,,,,,,,None,Continue,0,None,,,,,,1,6097.682007,432.371399,0.713824,11027861.328125,,,,,,,,,,,,,,1000,0,0,1,1,0.629304,,,
0,ASCENT,7,0,1,None,Holding,0,92.586192,407.818445,0,0,0,0,0.000009,1573202.568986,,,,,,,0,,,,,,,,,,,,,,,,0,0,0,,0.0399,-6362.530591,28.620268,274.317655,,,,,,,,,,,,,,,,,,,,,,,,,,,,,,,,,,,None,Continue,0,None,,,,,,1,6097.682007,432.371399,0.713824,11027861.328125,,,,,,,,,,,,,,1000,0,0,1,1,0.629312,,,
0,ASCENT,7,0,1,None,Holding,0,92.586192,407.818445,0,0,0,0,0.000009,1573202.568986,,,,,,,0,,,,,,,,,,,,,,,,0,0,0,,0.0399,-6362.530591,28.620268,274.401216,,,,,,,,,,,,,,,,,,,,,,,,,,,,,,,,,,,None,Continue,0,None,,,,,,1,6097.682007,432.371399,0.713824,11027861.328125,,,,,,,,,,,,,,1000,0,0,1,1,0.629319,,,
0,ASCENT,7,0,1,None,Holding,0,92.586192,407.818445,0,0,0,0,0.000009,1573202.568986,,,,,,,0,,,,,,,,,,,,,,,,0,0,0,,0.0399,-6362.530591,28.620268,274.484778,,,,,,,,,,,,,,,,,,,,,,,,,,,,,,,,,,,None,Continue,0,None,,,,,,1,6097.682007,432.371399,0.713824,11027861.328125,,,,,,,,,,,,,,1000,0,0,1,1,0.629326,,,
0,ASCENT,7,0,1,None,Holding,0,92.586192,407.818445,0,0,0,0,0.000009,1573202.530839,,,,,,,0,,,,,,,,,,,,,,,,0,0,0,,0.0399,-6362.530591,28.620268,274.568339,,,,,,,,,,,,,,,,,,,,,,,,,,,,,,,,,,,None,Continue,0,None,,,,,,1,6097.68103,432.371399,0.713824,11027861.328125,,,,,,,,,,,,,,1000,0,0,1,1,0.629333,,,
0,ASCENT,7,0,1,None,Holding,0,92.586192,407.818445,0,0,0,0,0.000009,1573202.530839,,,,,,,0,,,,,,,,,,,,,,,,0,0,0,,0.0399,-6362.530591,28.620268,274.651901,,,,,,,,,,,,,,,,,,,,,,,,,,,,,,,,,,,None,Continue,0,None,,,,,,1,6097.68103,432.371399,0.713824,11027861.328125,,,,,,,,,,,,,,1000,0,0,1,1,0.62934,,,
0,ASCENT,7,0,1,None,Holding,0,92.586192,407.818445,0,0,0,0,0.000009,1573202.530839,,,,,,,0,,,,,,,,,,,,,,,,0,0,0,,0.0399,-6362.530591,28.620268,274.735462,,,,,,,,,,,,,,,,,,,,,,,,,,,,,,,,,,,None,Continue,0,None,,,,,,1,6097.68103,432.371399,0.713824,11027861.328125,,,,,,,,,,,,,,1000,0,0,1,1,0.629347,,,
0,ASCENT,7,0,1,None,Holding,0,92.586192,407.818445,0,0,0,0,0.000009,1573202.530839,,,,,,,0,,,,,,,,,,,,,,,,0,0,0,,0.0399,-6362.530591,28.620268,274.819024,,,,,,,,,,,,,,,,,,,,,,,,,,,,,,,,,,,None,Continue,0,None,,,,,,1,6097.68103,432.371399,0.713824,11027861.328125,,,,,,,,,,,,,,1000,0,0,1,1,0.629354,,,
0,ASCENT,7,0,1,None,Holding,0,92.586192,407.818445,0,0,0,0,0.000009,1573202.530839,,,,,,,0,,,,,,,,,,,,,,,,0,0,0,,0.0399,-6362.530591,28.620268,274.902585,,,,,,,,,,,,,,,,,,,,,,,,,,,,,,,,,,,None,Continue,0,None,,,,,,1,6097.68103,432.371399,0.713824,11027861.328125,,,,,,,,,,,,,,1000,0,0,1,1,0.629361,,,
0,ASCENT,7,0,1,None,Holding,0,92.586192,407.818445,0,0,0,0,0.000009,1573202.530839,,,,,,,0,,,,,,,,,,,,,,,,0,0,0,,0.0399,-6362.530591,28.620268,274.986147,,,,,,,,,,,,,,,,,,,,,,,,,,,,,,,,,,,None,Continue,0,None,,,,,,1,6097.68103,432.371399,0.713824,11027861.328125,,,,,,,,,,,,,,1000,0,0,1,1,0.629368,,,
0,ASCENT,7,0,1,None,Holding,0,92.586192,407.818445,0,0,0,0,0.000009,1573202.523209,,,,,,,0,,,,,,,,,,,,,,,,0,0,0,,0.0399,-6362.530591,28.620268,275.069708,,,,,,,,,,,,,,,,,,,,,,,,,,,,,,,,,,,None,Continue,0,None,,,,,,1,6097.68103,432.371399,0.713824,11027861.328125,,,,,,,,,,,,,,1000,0,0,1,1,0.629375,,,
0,ASCENT,7,0,1,None,Holding,0,92.586192,407.818445,0,0,0,0,0.000009,1573202.523209,,,,,,,0,,,,,,,,,,,,,,,,0,0,0,,0.0399,-6362.530591,28.620268,275.15327,,,,,,,,,,,,,,,,,,,,,,,,,,,,,,,,,,,None,Continue,0,None,,,,,,1,6097.68103,432.371399,0.713824,11027861.328125,,,,,,,,,,,,,,1000,0,0,1,1,0.629382,,,
0,ASCENT,7,0,1,None,Holding,0,92.586192,407.818445,0,0,0,0,0.000009,1573202.523209,,,,,,,0,,,,,,,,,,,,,,,,0,0,0,,0.0399,-6362.530591,28.620268,275.236831,,,,,,,,,,,,,,,,,,,,,,,,,,,,,,,,,,,None,Continue,0,None,,,,,,1,6097.679932,432.371399,0.713824,11027861.328125,,,,,,,,,,,,,,1000,0,0,1,1,0.629389,,,
0,ASCENT,7,0,1,None,Holding,0,92.586192,407.818445,0,0,0,0,0.000009,1573202.523209,,,,,,,0,,,,,,,,,,,,,,,,0,0,0,,0.0399,-6362.530591,28.620268,275.320393,,,,,,,,,,,,,,,,,,,,,,,,,,,,,,,,,,,None,Continue,0,None,,,,,,1,6097.679932,432.371399,0.713824,11027861.328125,,,,,,,,,,,,,,1000,0,0,1,1,0.629396,,,
0,ASCENT,7,0,1,None,Holding,0,92.586192,407.818445,0,0,0,0,0.000009,1573202.523209,,,,,,,0,,,,,,,,,,,,,,,,0,0,0,,0.0399,-6362.530591,28.620268,275.403954,,,,,,,,,,,,,,,,,,,,,,,,,,,,,,,,,,,None,Continue,0,None,,,,,,1,6097.679932,432.371399,0.713824,11027861.328125,,,,,,,,,,,,,,1000,0,0,1,1,0.629402,,,
0,ASCENT,7,0,1,None,Holding,0,92.586192,407.818445,0,0,0,0,0.000009,1573202.523209,,,,,,,0,,,,,,,,,,,,,,,,0,0,0,,0.0399,-6362.530591,28.620268,275.487516,,,,,,,,,,,,,,,,,,,,,,,,,,,,,,,,,,,None,Continue,0,None,,,,,,1,6097.679932,432.371399,0.713824,11027861.328125,,,,,,,,,,,,,,1000,0,0,1,1,0.629409,,,
0,ASCENT,7,0,1,None,Holding,0,92.586192,407.818445,0,0,0,0,0.000009,1573202.523209,,,,,,,0,,,,,,,,,,,,,,,,0,0,0,,0.0399,-6362.530591,28.620268,275.571077,,,,,,,,,,,,,,,,,,,,,,,,,,,,,,,,,,,None,Continue,0,None,,,,,,1,6097.679932,432.371399,0.713824,11027861.328125,,,,,,,,,,,,,,1000,0,0,1,1,0.629416,,,
0,ASCENT,7,0,1,None,Holding,0,92.586192,407.818445,0,0,0,0,0.000009,1573202.51558,,,,,,,0,,,,,,,,,,,,,,,,0,0,0,,0.0399,-6362.530591,28.620268,275.654639,,,,,,,,,,,,,,,,,,,,,,,,,,,,,,,,,,,None,Continue,0,None,,,,,,1,6097.679932,432.371399,0.713824,11027861.328125,,,,,,,,,,,,,,1000,0,0,1,1,0.629422,,,
0,ASCENT,7,0,1,None,Holding,0,92.586192,407.818445,0,0,0,0,0.000009,1573202.51558,,,,,,,0,,,,,,,,,,,,,,,,0,0,0,,0.0399,-6362.530591,28.620268,275.7382,,,,,,,,,,,,,,,,,,,,,,,,,,,,,,,,,,,None,Continue,0,None,,,,,,1,6097.679932,432.371399,0.713824,11027861.328125,,,,,,,,,,,,,,1000,0,0,1,1,0.629429,,,
0,ASCENT,7,0,1,None,Holding,0,92.586192,407.818445,0,0,0,0,0.000009,1573202.51558,,,,,,,0,,,,,,,,,,,,,,,,0,0,0,,0.0399,-6362.530591,28.620268,275.821762,,,,,,,,,,,,,,,,,,,,,,,,,,,,,,,,,,,None,Continue,0,None,,,,,,1,6097.679932,432.371399,0.713824,11027861.328125,,,,,,,,,,,,,,1000,0,0,1,1,0.629436,,,
0,ASCENT,7,0,1,None,Holding,0,92.586192,407.818445,0,0,0,0,0.000009,1573202.485062,,,,,,,0,,,,,,,,,,,,,,,,0,0,0,,0.0399,-6362.530591,28.620268,275.905323,,,,,,,,,,,,,,,,,,,,,,,,,,,,,,,,,,,None,Continue,0,None,,,,,,1,6097.679443,432.371399,0.713824,11027861.328125,,,,,,,,,,,,,,1000,0,0,1,1,0.629442,,,
0,ASCENT,7,0,1,None,Holding,0,92.586192,407.818445,0,0,0,0,0.000009,1573202.485062,,,,,,,0,,,,,,,,,,,,,,,,0,0,0,,0.0399,-6362.530591,28.620268,275.988885,,,,,,,,,,,,,,,,,,,,,,,,,,,,,,,,,,,None,Continue,0,None,,,,,,1,6097.679443,432.371399,0.713824,11027861.328125,,,,,,,,,,,,,,1000,0,0,1,1,0.629449,,,
0,ASCENT,7,0,1,None,Holding,0,92.586192,407.818445,0,0,0,0,0.000009,1573202.485062,,,,,,,0,,,,,,,,,,,,,,,,0,0,0,,0.0399,-6362.530591,28.620268,276.072446,,,,,,,,,,,,,,,,,,,,,,,,,,,,,,,,,,,None,Continue,0,None,,,,,,1,6097.679443,432.371399,0.713824,11027861.328125,,,,,,,,,,,,,,1000,0,0,1,1,0.629455,,,
0,ASCENT,7,0,1,None,Holding,0,92.586192,407.818445,0,0,0,0,0.000009,1573202.477433,,,,,,,0,,,,,,,,,,,,,,,,0,0,0,,0.0399,-6362.530591,28.620268,276.156008,,,,,,,,,,,,,,,,,,,,,,,,,,,,,,,,,,,None,Continue,0,None,,,,,,1,6097.679443,432.371399,0.713824,11027861.328125,,,,,,,,,,,,,,1000,0,0,1,1,0.629462,,,
0,ASCENT,7,0,1,None,Holding,0,92.586192,407.818445,0,0,0,0,0.000009,1573202.477433,,,,,,,0,,,,,,,,,,,,,,,,0,0,0,,0.0399,-6362.530591,28.620268,276.239569,,,,,,,,,,,,,,,,,,,,,,,,,,,,,,,,,,,None,Continue,0,None,,,,,,1,6097.679443,432.371399,0.713824,11027861.328125,,,,,,,,,,,,,,1000,0,0,1,1,0.629468,,,
0,ASCENT,7,0,1,None,Holding,0,92.586192,407.818445,0,0,0,0,0.000009,1573202.477433,,,,,,,0,,,,,,,,,,,,,,,,0,0,0,,0.0399,-6362.530591,28.620268,276.323131,,,,,,,,,,,,,,,,,,,,,,,,,,,,,,,,,,,None,Continue,0,None,,,,,,1,6097.679443,432.371399,0.713824,11027861.328125,,,,,,,,,,,,,,1000,0,0,1,1,0.629474,,,
0,ASCENT,7,0,1,None,Holding,0,92.586192,407.818445,0,0,0,0,0.000009,1573202.477433,,,,,,,0,,,,,,,,,,,,,,,,0,0,0,,0.0399,-6362.530591,28.620268,276.406692,,,,,,,,,,,,,,,,,,,,,,,,,,,,,,,,,,,None,Continue,0,None,,,,,,1,6097.679443,432.371399,0.713824,11027861.328125,,,,,,,,,,,,,,1000,0,0,1,1,0.629481,,,
0,ASCENT,7,0,1,None,Holding,0,92.586192,407.818445,0,0,0,0,0.000009,1573202.477433,,,,,,,0,,,,,,,,,,,,,,,,0,0,0,,0.0399,-6362.530591,28.620268,276.490254,,,,,,,,,,,,,,,,,,,,,,,,,,,,,,,,,,,None,Continue,0,None,,,,,,1,6097.679443,432.371399,0.713824,11027861.328125,,,,,,,,,,,,,,1000,0,0,1,1,0.629487,,,
0,ASCENT,7,0,1,None,Holding,0,92.586192,407.818445,0,0,0,0,0.000009,1573202.477433,,,,,,,0,,,,,,,,,,,,,,,,0,0,0,,0.0399,-6362.530591,28.620268,276.573815,,,,,,,,,,,,,,,,,,,,,,,,,,,,,,,,,,,None,Continue,0,None,,,,,,1,6097.678406,432.371399,0.713824,11027861.328125,,,,,,,,,,,,,,1000,0,0,1,1,0.629494,,,
0,ASCENT,7,0,1,None,Holding,0,92.586192,407.818445,0,0,0,0,0.000009,1573202.469803,,,,,,,0,,,,,,,,,,,,,,,,0,0,0,,0.0399,-6362.530591,28.620268,276.657377,,,,,,,,,,,,,,,,,,,,,,,,,,,,,,,,,,,None,Continue,0,None,,,,,,1,6097.678406,432.371399,0.713824,11027861.328125,,,,,,,,,,,,,,1000,0,0,1,1,0.6295,,,
0,ASCENT,7,0,1,None,Holding,0,92.586192,407.818445,0,0,0,0,0.000009,1573202.469803,,,,,,,0,,,,,,,,,,,,,,,,0,0,0,,0.0399,-6362.530591,28.620268,276.740938,,,,,,,,,,,,,,,,,,,,,,,,,,,,,,,,,,,None,Continue,0,None,,,,,,1,6097.678406,432.371399,0.713824,11027861.328125,,,,,,,,,,,,,,1000,0,0,1,1,0.629506,,,
0,ASCENT,7,0,1,None,Holding,0,92.586192,407.818445,0,0,0,0,0.000009,1573202.469803,,,,,,,0,,,,,,,,,,,,,,,,0,0,0,,0.0399,-6362.530591,28.620268,276.8245,,,,,,,,,,,,,,,,,,,,,,,,,,,,,,,,,,,None,Continue,0,None,,,,,,1,6097.678406,432.371399,0.713824,11027861.328125,,,,,,,,,,,,,,1000,0,0,1,1,0.629512,,,
0,ASCENT,7,0,1,None,Holding,0,92.586192,407.818445,0,0,0,0,0.000009,1573202.469803,,,,,,,0,,,,,,,,,,,,,,,,0,0,0,,0.0399,-6362.530591,28.620268,276.908061,,,,,,,,,,,,,,,,,,,,,,,,,,,,,,,,,,,None,Continue,0,None,,,,,,1,6097.678406,432.371399,0.713824,11027861.328125,,,,,,,,,,,,,,1000,0,0,1,1,0.629518,,,
0,ASCENT,7,0,1,None,Holding,0,92.586192,407.818445,0,0,0,0,0.000009,1573202.469803,,,,,,,0,,,,,,,,,,,,,,,,0,0,0,,0.0399,-6362.530591,28.620268,276.991623,,,,,,,,,,,,,,,,,,,,,,,,,,,,,,,,,,,None,Continue,0,None,,,,,,1,6097.678406,432.371399,0.713824,11027861.328125,,,,,,,,,,,,,,1000,0,0,1,1,0.629525,,,
0,ASCENT,7,0,1,None,Holding,0,92.586192,407.818445,0,0,0,0,0.000009,1573202.469803,,,,,,,0,,,,,,,,,,,,,,,,0,0,0,,0.0399,-6362.530591,28.620268,277.075184,,,,,,,,,,,,,,,,,,,,,,,,,,,,,,,,,,,None,Continue,0,None,,,,,,1,6097.678406,432.371399,0.713824,11027861.328125,,,,,,,,,,,,,,1000,0,0,1,1,0.629531,,,
0,ASCENT,7,0,1,None,Holding,0,92.586192,407.818445,0,0,0,0,0.000009,1573202.431656,,,,,,,0,,,,,,,,,,,,,,,,0,0,0,,0.0399,-6362.530591,28.620268,277.158746,,,,,,,,,,,,,,,,,,,,,,,,,,,,,,,,,,,None,Continue,0,None,,,,,,1,6097.678406,432.371399,0.713824,11027861.328125,,,,,,,,,,,,,,1000,0,0,1,1,0.629537,,,
0,ASCENT,7,0,1,None,Holding,0,92.586192,407.818445,0,0,0,0,0.000009,1573202.431656,,,,,,,0,,,,,,,,,,,,,,,,0,0,0,,0.0399,-6362.530591,28.620268,277.242307,,,,,,,,,,,,,,,,,,,,,,,,,,,,,,,,,,,None,Continue,0,None,,,,,,1,6097.677429,432.371399,0.713824,11027861.328125,,,,,,,,,,,,,,1000,0,0,1,1,0.629543,,,
0,ASCENT,7,0,1,None,Holding,0,92.586192,407.818445,0,0,0,0,0.000009,1573202.431656,,,,,,,0,,,,,,,,,,,,,,,,0,0,0,,0.0399,-6362.530591,28.620268,277.325869,,,,,,,,,,,,,,,,,,,,,,,,,,,,,,,,,,,None,Continue,0,None,,,,,,1,6097.677429,432.371399,0.713824,11027861.328125,,,,,,,,,,,,,,1000,0,0,1,1,0.629549,,,
0,ASCENT,7,0,1,None,Holding,0,92.586192,407.818445,0,0,0,0,0.000009,1573202.431656,,,,,,,0,,,,,,,,,,,,,,,,0,0,0,,0.0399,-6362.530591,28.620268,277.40943,,,,,,,,,,,,,,,,,,,,,,,,,,,,,,,,,,,None,Continue,0,None,,,,,,1,6097.677429,432.371399,0.713824,11027861.328125,,,,,,,,,,,,,,1000,0,0,1,1,0.629555,,,
0,ASCENT,7,0,1,None,Holding,0,92.586192,407.818445,0,0,0,0,0.000009,1573202.431656,,,,,,,0,,,,,,,,,,,,,,,,0,0,0,,0.0399,-6362.530591,28.620268,277.492992,,,,,,,,,,,,,,,,,,,,,,,,,,,,,,,,,,,None,Continue,0,None,,,,,,1,6097.677429,432.371399,0.713824,11027861.328125,,,,,,,,,,,,,,1000,0,0,1,1,0.629561,,,
0,ASCENT,7,0,1,None,Holding,0,92.586192,407.818445,0,0,0,0,0.000009,1573202.431656,,,,,,,0,,,,,,,,,,,,,,,,0,0,0,,0.0399,-6362.530591,28.620268,277.576553,,,,,,,,,,,,,,,,,,,,,,,,,,,,,,,,,,,None,Continue,0,None,,,,,,1,6097.677429,432.371399,0.713824,11027861.328125,,,,,,,,,,,,,,1000,0,0,1,1,0.629567,,,
0,ASCENT,7,0,1,None,Holding,0,92.586192,407.818445,0,0,0,0,0.000009,1573202.424027,,,,,,,0,,,,,,,,,,,,,,,,0,0,0,,0.0399,-6362.530591,28.620268,277.660115,,,,,,,,,,,,,,,,,,,,,,,,,,,,,,,,,,,None,Continue,0,None,,,,,,1,6097.677429,432.371399,0.713824,11027861.328125,,,,,,,,,,,,,,1000,0,0,1,1,0.629572,,,
0,ASCENT,7,0,1,None,Holding,0,92.586192,407.818445,0,0,0,0,0.000009,1573202.424027,,,,,,,0,,,,,,,,,,,,,,,,0,0,0,,0.0399,-6362.530591,28.620268,277.743676,,,,,,,,,,,,,,,,,,,,,,,,,,,,,,,,,,,None,Continue,0,None,,,,,,1,6097.677429,432.371399,0.713824,11027861.328125,,,,,,,,,,,,,,1000,0,0,1,1,0.629578,,,
0,ASCENT,7,0,1,None,Holding,0,92.586192,407.818445,0,0,0,0,0.000009,1573202.424027,,,,,,,0,,,,,,,,,,,,,,,,0,0,0,,0.0399,-6362.530591,28.620268,277.827238,,,,,,,,,,,,,,,,,,,,,,,,,,,,,,,,,,,None,Continue,0,None,,,,,,1,6097.677429,432.371399,0.713824,11027861.328125,,,,,,,,,,,,,,1000,0,0,1,1,0.629584,,,
0,ASCENT,7,0,1,None,Holding,0,92.586192,407.818445,0,0,0,0,0.000009,1573202.424027,,,,,,,0,,,,,,,,,,,,,,,,0,0,0,,0.0399,-6362.530591,28.620268,277.910799,,,,,,,,,,,,,,,,,,,,,,,,,,,,,,,,,,,None,Continue,0,None,,,,,,1,6097.676392,432.371399,0.713824,11027861.328125,,,,,,,,,,,,,,1000,0,0,1,1,0.62959,,,
0,ASCENT,7,0,1,None,Holding,0,92.586192,407.818445,0,0,0,0,0.000009,1573202.424027,,,,,,,0,,,,,,,,,,,,,,,,0,0,0,,0.0399,-6362.530591,28.620268,277.994361,,,,,,,,,,,,,,,,,,,,,,,,,,,,,,,,,,,None,Continue,0,None,,,,,,1,6097.676392,432.371399,0.713824,11027861.328125,,,,,,,,,,,,,,1000,0,0,1,1,0.629596,,,
0,ASCENT,7,0,1,None,Holding,0,92.586192,407.818445,0,0,0,0,0.000009,1573202.424027,,,,,,,0,,,,,,,,,,,,,,,,0,0,0,,0.0399,-6362.530591,28.620268,278.077922,,,,,,,,,,,,,,,,,,,,,,,,,,,,,,,,,,,None,Continue,0,None,,,,,,1,6097.676392,432.371399,0.713824,11027861.328125,,,,,,,,,,,,,,1000,0,0,1,1,0.629601,,,
0,ASCENT,7,0,1,None,Holding,0,92.586192,407.818445,0,0,0,0,0.000009,1573202.416398,,,,,,,0,,,,,,,,,,,,,,,,0,0,0,,0.0399,-6362.530591,28.620268,278.161484,,,,,,,,,,,,,,,,,,,,,,,,,,,,,,,,,,,None,Continue,0,None,,,,,,1,6097.676392,432.371399,0.713824,11027861.328125,,,,,,,,,,,,,,1000,0,0,1,1,0.629607,,,
0,ASCENT,7,0,1,None,Holding,0,92.586192,407.818445,0,0,0,0,0.000009,1573202.416398,,,,,,,0,,,,,,,,,,,,,,,,0,0,0,,0.0399,-6362.530591,28.620268,278.245045,,,,,,,,,,,,,,,,,,,,,,,,,,,,,,,,,,,None,Continue,0,None,,,,,,1,6097.676392,432.371399,0.713824,11027861.328125,,,,,,,,,,,,,,1000,0,0,1,1,0.629613,,,
0,ASCENT,7,0,1,None,Holding,0,92.586192,407.818445,0,0,0,0,0.000009,1573202.416398,,,,,,,0,,,,,,,,,,,,,,,,0,0,0,,0.0399,-6362.530591,28.620268,278.328607,,,,,,,,,,,,,,,,,,,,,,,,,,,,,,,,,,,None,Continue,0,None,,,,,,1,6097.676392,432.371399,0.713824,11027861.328125,,,,,,,,,,,,,,1000,0,0,1,1,0.629618,,,
0,ASCENT,7,0,1,None,Holding,0,92.586192,407.818445,0,0,0,0,0.000009,1573202.38588,,,,,,,0,,,,,,,,,,,,,,,,0,0,0,,0.0399,-6362.530591,28.620268,278.412168,,,,,,,,,,,,,,,,,,,,,,,,,,,,,,,,,,,None,Continue,0,None,,,,,,1,6097.676392,432.371399,0.713824,11027861.328125,,,,,,,,,,,,,,1000,0,0,1,1,0.629624,,,
0,ASCENT,7,0,1,None,Holding,0,92.586192,407.818445,0,0,0,0,0.000009,1573202.38588,,,,,,,0,,,,,,,,,,,,,,,,0,0,0,,0.0399,-6362.530591,28.620268,278.49573,,,,,,,,,,,,,,,,,,,,,,,,,,,,,,,,,,,None,Continue,0,None,,,,,,1,6097.676392,432.371399,0.713824,11027861.328125,,,,,,,,,,,,,,1000,0,0,1,1,0.629629,,,
0,ASCENT,7,0,1,None,Holding,0,92.586192,407.818445,0,0,0,0,0.000009,1573202.38588,,,,,,,0,,,,,,,,,,,,,,,,0,0,0,,0.0399,-6362.530591,28.620268,278.579291,,,,,,,,,,,,,,,,,,,,,,,,,,,,,,,,,,,None,Continue,0,None,,,,,,1,6097.675903,432.371399,0.713824,11027861.328125,,,,,,,,,,,,,,1000,0,0,1,1,0.629635,,,
0,ASCENT,7,0,1,None,Holding,0,92.586192,407.818445,0,0,0,0,0.000009,1573202.378251,,,,,,,0,,,,,,,,,,,,,,,,0,0,0,,0.0399,-6362.530591,28.620268,278.662853,,,,,,,,,,,,,,,,,,,,,,,,,,,,,,,,,,,None,Continue,0,None,,,,,,1,6097.675903,432.371399,0.713824,11027861.328125,,,,,,,,,,,,,,1000,0,0,1,1,0.62964,,,
0,ASCENT,7,0,1,None,Holding,0,92.586192,407.818445,0,0,0,0,0.000009,1573202.378251,,,,,,,0,,,,,,,,,,,,,,,,0,0,0,,0.0399,-6362.530591,28.620268,278.746414,,,,,,,,,,,,,,,,,,,,,,,,,,,,,,,,,,,None,Continue,0,None,,,,,,1,6097.675903,432.371399,0.713824,11027861.328125,,,,,,,,,,,,,,1000,0,0,1,1,0.629646,,,
0,ASCENT,7,0,1,None,Holding,0,92.586192,407.818445,0,0,0,0,0.000009,1573202.378251,,,,,,,0,,,,,,,,,,,,,,,,0,0,0,,0.0399,-6362.530591,28.620268,278.829976,,,,,,,,,,,,,,,,,,,,,,,,,,,,,,,,,,,None,Continue,0,None,,,,,,1,6097.675903,432.371399,0.713824,11027861.328125,,,,,,,,,,,,,,1000,0,0,1,1,0.629651,,,
0,ASCENT,7,0,1,None,Holding,0,92.586192,407.818445,0,0,0,0,0.000009,1573202.378251,,,,,,,0,,,,,,,,,,,,,,,,0,0,0,,0.0399,-6362.530591,28.620268,278.913537,,,,,,,,,,,,,,,,,,,,,,,,,,,,,,,,,,,None,Continue,0,None,,,,,,1,6097.675903,432.371399,0.713824,11027861.328125,,,,,,,,,,,,,,1000,0,0,1,1,0.629657,,,
0,ASCENT,7,0,1,None,Holding,0,92.586192,407.818445,0,0,0,0,0.000009,1573202.378251,,,,,,,0,,,,,,,,,,,,,,,,0,0,0,,0.0399,-6362.530591,28.620268,278.997099,,,,,,,,,,,,,,,,,,,,,,,,,,,,,,,,,,,None,Continue,0,None,,,,,,1,6097.675903,432.371399,0.713824,11027861.328125,,,,,,,,,,,,,,1000,0,0,1,1,0.629662,,,
0,ASCENT,7,0,1,None,Holding,0,92.586192,407.818445,0,0,0,0,0.000009,1573202.378251,,,,,,,0,,,,,,,,,,,,,,,,0,0,0,,0.0399,-6362.530591,28.620268,279.08066,,,,,,,,,,,,,,,,,,,,,,,,,,,,,,,,,,,None,Continue,0,None,,,,,,1,6097.675903,432.371399,0.713824,11027861.328125,,,,,,,,,,,,,,1000,0,0,1,1,0.629667,,,
0,ASCENT,7,0,1,None,Holding,0,92.586192,407.818445,0,0,0,0,0.000009,1573202.370621,,,,,,,0,,,,,,,,,,,,,,,,0,0,0,,0.0399,-6362.530591,28.620268,279.164222,,,,,,,,,,,,,,,,,,,,,,,,,,,,,,,,,,,None,Continue,0,None,,,,,,1,6097.675903,432.371399,0.713824,11027861.328125,,,,,,,,,,,,,,1000,0,0,1,1,0.629673,,,
0,ASCENT,7,0,1,None,Holding,0,92.586192,407.818445,0,0,0,0,0.000009,1573202.370621,,,,,,,0,,,,,,,,,,,,,,,,0,0,0,,0.0399,-6362.530591,28.620268,279.247783,,,,,,,,,,,,,,,,,,,,,,,,,,,,,,,,,,,None,Continue,0,None,,,,,,1,6097.674805,432.371399,0.713824,11027861.328125,,,,,,,,,,,,,,1000,0,0,1,1,0.629678,,,
0,ASCENT,7,0,1,None,Holding,0,92.586192,407.818445,0,0,0,0,0.000009,1573202.370621,,,,,,,0,,,,,,,,,,,,,,,,0,0,0,,0.0399,-6362.530591,28.620268,279.331345,,,,,,,,,,,,,,,,,,,,,,,,,,,,,,,,,,,None,Continue,0,None,,,,,,1,6097.674805,432.371399,0.713824,11027861.328125,,,,,,,,,,,,,,1000,0,0,1,1,0.629683,,,
0,ASCENT,7,0,1,None,Holding,0,92.586192,407.818445,0,0,0,0,0.000009,1573202.370621,,,,,,,0,,,,,,,,,,,,,,,,0,0,0,,0.0399,-6362.530591,28.620268,279.414906,,,,,,,,,,,,,,,,,,,,,,,,,,,,,,,,,,,None,Continue,0,None,,,,,,1,6097.674805,432.371399,0.713824,11027861.328125,,,,,,,,,,,,,,1000,0,0,1,1,0.629688,,,
0,ASCENT,7,0,1,None,Holding,0,92.586192,407.818445,0,0,0,0,0.000009,1573202.370621,,,,,,,0,,,,,,,,,,,,,,,,0,0,0,,0.0399,-6362.530591,28.620268,279.498468,,,,,,,,,,,,,,,,,,,,,,,,,,,,,,,,,,,None,Continue,0,None,,,,,,1,6097.674805,432.371399,0.713824,11027861.328125,,,,,,,,,,,,,,1000,0,0,1,1,0.629694,,,
0,ASCENT,7,0,1,None,Holding,0,92.586192,407.818445,0,0,0,0,0.000009,1573202.370621,,,,,,,0,,,,,,,,,,,,,,,,0,0,0,,0.0399,-6362.530591,28.620268,279.582029,,,,,,,,,,,,,,,,,,,,,,,,,,,,,,,,,,,None,Continue,0,None,,,,,,1,6097.674805,432.371399,0.713824,11027861.328125,,,,,,,,,,,,,,1000,0,0,1,1,0.629699,,,
0,ASCENT,7,0,1,None,Holding,0,92.586192,407.818445,0,0,0,0,0.000009,1573202.332474,,,,,,,0,,,,,,,,,,,,,,,,0,0,0,,0.0399,-6362.530591,28.620268,279.66559,,,,,,,,,,,,,,,,,,,,,,,,,,,,,,,,,,,None,Continue,0,None,,,,,,1,6097.674805,432.371399,0.713824,11027861.328125,,,,,,,,,,,,,,1000,0,0,1,1,0.629704,,,
0,ASCENT,7,0,1,None,Holding,0,92.586192,407.818445,0,0,0,0,0.000009,1573202.332474,,,,,,,0,,,,,,,,,,,,,,,,0,0,0,,0.0399,-6362.530591,28.620268,279.749152,,,,,,,,,,,,,,,,,,,,,,,,,,,,,,,,,,,None,Continue,0,None,,,,,,1,6097.674805,432.371399,0.713824,11027861.328125,,,,,,,,,,,,,,1000,0,0,1,1,0.629709,,,
0,ASCENT,7,0,1,None,Holding,0,92.586192,407.818445,0,0,0,0,0.000009,1573202.332474,,,,,,,0,,,,,,,,,,,,,,,,0,0,0,,0.0399,-6362.530591,28.620268,279.832713,,,,,,,,,,,,,,,,,,,,,,,,,,,,,,,,,,,None,Continue,0,None,,,,,,1,6097.674805,432.371399,0.713824,11027861.328125,,,,,,,,,,,,,,1000,0,0,1,1,0.629714,,,
0,ASCENT,7,0,1,None,Holding,0,92.586192,407.818445,0,0,0,0,0.000009,1573202.332474,,,,,,,0,,,,,,,,,,,,,,,,0,0,0,,0.0399,-6362.530591,28.620268,279.916275,,,,,,,,,,,,,,,,,,,,,,,,,,,,,,,,,,,None,Continue,0,None,,,,,,1,6097.673828,432.371399,0.713824,11027861.328125,,,,,,,,,,,,,,1000,0,0,1,1,0.629719,,,
0,ASCENT,7,0,1,None,Holding,0,92.586192,407.818445,0,0,0,0,0.000009,1573202.332474,,,,,,,0,,,,,,,,,,,,,,,,0,0,0,,0.0399,-6362.530591,28.620268,279.999836,,,,,,,,,,,,,,,,,,,,,,,,,,,,,,,,,,,None,Continue,0,None,,,,,,1,6097.673828,432.371399,0.713824,11027861.328125,,,,,,,,,,,,,,1000,0,0,1,1,0.629724,,,
0,ASCENT,7,0,1,None,Holding,0,92.586192,407.818445,0,0,0,0,0.000009,1573202.332474,,,,,,,0,,,,,,,,,,,,,,,,0,0,0,,0.0399,-6362.530591,28.620268,280.083398,,,,,,,,,,,,,,,,,,,,,,,,,,,,,,,,,,,None,Continue,0,None,,,,,,1,6097.673828,432.371399,0.713824,11027861.328125,,,,,,,,,,,,,,1000,0,0,1,1,0.629729,,,
0,ASCENT,7,0,1,None,Holding,0,92.586192,407.818445,0,0,0,0,0.000009,1573202.324845,,,,,,,0,,,,,,,,,,,,,,,,0,0,0,,0.0399,-6362.530591,28.620268,280.166959,,,,,,,,,,,,,,,,,,,,,,,,,,,,,,,,,,,None,Continue,0,None,,,,,,1,6097.673828,432.371399,0.713824,11027861.328125,,,,,,,,,,,,,,1000,0,0,1,1,0.629733,,,
0,ASCENT,7,0,1,None,Holding,0,92.586192,407.818445,0,0,0,0,0.000009,1573202.324845,,,,,,,0,,,,,,,,,,,,,,,,0,0,0,,0.0399,-6362.530591,28.620268,280.250521,,,,,,,,,,,,,,,,,,,,,,,,,,,,,,,,,,,None,Continue,0,None,,,,,,1,6097.673828,432.371399,0.713824,11027861.328125,,,,,,,,,,,,,,1000,0,0,1,1,0.629738,,,
0,ASCENT,7,0,1,None,Holding,0,92.586192,407.818445,0,0,0,0,0.000009,1573202.324845,,,,,,,0,,,,,,,,,,,,,,,,0,0,0,,0.0399,-6362.530591,28.620268,280.334082,,,,,,,,,,,,,,,,,,,,,,,,,,,,,,,,,,,None,Continue,0,None,,,,,,1,6097.673828,432.371399,0.713824,11027861.328125,,,,,,,,,,,,,,1000,0,0,1,1,0.629743,,,
0,ASCENT,7,0,1,None,Holding,0,92.586192,407.818445,0,0,0,0,0.000009,1573202.324845,,,,,,,0,,,,,,,,,,,,,,,,0,0,0,,0.0399,-6362.530591,28.620268,280.417644,,,,,,,,,,,,,,,,,,,,,,,,,,,,,,,,,,,None,Continue,0,None,,,,,,1,6097.673828,432.371399,0.713824,11027861.328125,,,,,,,,,,,,,,1000,0,0,1,1,0.629748,,,
0,ASCENT,7,0,1,None,Holding,0,92.586192,407.818445,0,0,0,0,0.000009,1573202.324845,,,,,,,0,,,,,,,,,,,,,,,,0,0,0,,0.0399,-6362.530591,28.620268,280.501205,,,,,,,,,,,,,,,,,,,,,,,,,,,,,,,,,,,None,Continue,0,None,,,,,,1,6097.673828,432.371399,0.713824,11027861.328125,,,,,,,,,,,,,,1000,0,0,1,1,0.629753,,,
0,ASCENT,7,0,1,None,Holding,0,92.586192,407.818445,0,0,0,0,0.000009,1573202.324845,,,,,,,0,,,,,,,,,,,,,,,,0,0,0,,0.0399,-6362.530591,28.620268,280.584767,,,,,,,,,,,,,,,,,,,,,,,,,,,,,,,,,,,None,Continue,0,None,,,,,,1,6097.673828,432.371399,0.713824,11027861.328125,,,,,,,,,,,,,,1000,0,0,1,1,0.629757,,,
0,ASCENT,7,0,1,None,Holding,0,92.586192,407.818445,0,0,0,0,0.000009,1573202.317216,,,,,,,0,,,,,,,,,,,,,,,,0,0,0,,0.0399,-6362.530591,28.620268,280.668328,,,,,,,,,,,,,,,,,,,,,,,,,,,,,,,,,,,None,Continue,0,None,,,,,,1,6097.673279,432.371399,0.713824,11027861.328125,,,,,,,,,,,,,,1000,0,0,1,1,0.629762,,,
0,ASCENT,7,0,1,None,Holding,0,92.586192,407.818445,0,0,0,0,0.000009,1573202.317216,,,,,,,0,,,,,,,,,,,,,,,,0,0,0,,0.0399,-6362.530591,28.620268,280.75189,,,,,,,,,,,,,,,,,,,,,,,,,,,,,,,,,,,None,Continue,0,None,,,,,,1,6097.673279,432.371399,0.713824,11027861.328125,,,,,,,,,,,,,,1000,0,0,1,1,0.629767,,,
0,ASCENT,7,0,1,None,Holding,0,92.586192,407.818445,0,0,0,0,0.000009,1573202.286698,,,,,,,0,,,,,,,,,,,,,,,,0,0,0,,0.0399,-6362.530591,28.620268,280.835451,,,,,,,,,,,,,,,,,,,,,,,,,,,,,,,,,,,None,Continue,0,None,,,,,,1,6097.673279,432.371399,0.713824,11027861.328125,,,,,,,,,,,,,,1000,0,0,1,1,0.629771,,,
0,ASCENT,7,0,1,None,Holding,0,92.586192,407.818445,0,0,0,0,0.000009,1573202.286698,,,,,,,0,,,,,,,,,,,,,,,,0,0,0,,0.0399,-6362.530591,28.620268,280.919013,,,,,,,,,,,,,,,,,,,,,,,,,,,,,,,,,,,None,Continue,0,None,,,,,,1,6097.673279,432.371399,0.713824,11027861.328125,,,,,,,,,,,,,,1000,0,0,1,1,0.629776,,,
0,ASCENT,7,0,1,None,Holding,0,92.586192,407.818445,0,0,0,0,0.000009,1573202.286698,,,,,,,0,,,,,,,,,,,,,,,,0,0,0,,0.0399,-6362.530591,28.620268,281.002574,,,,,,,,,,,,,,,,,,,,,,,,,,,,,,,,,,,None,Continue,0,None,,,,,,1,6097.673279,432.371399,0.713824,11027861.328125,,,,,,,,,,,,,,1000,0,0,1,1,0.62978,,,
0,ASCENT,7,0,1,None,Holding,0,92.586192,407.818445,0,0,0,0,0.000009,1573202.286698,,,,,,,0,,,,,,,,,,,,,,,,0,0,0,,0.0399,-6362.530591,28.620268,281.086136,,,,,,,,,,,,,,,,,,,,,,,,,,,,,,,,,,,None,Continue,0,None,,,,,,1,6097.673279,432.371399,0.713824,11027861.328125,,,,,,,,,,,,,,1000,0,0,1,1,0.629785,,,
0,ASCENT,7,0,1,None,Holding,0,92.586192,407.818445,0,0,0,0,0.000009,1573202.279069,,,,,,,0,,,,,,,,,,,,,,,,0,0,0,,0.0399,-6362.530591,28.620268,281.169697,,,,,,,,,,,,,,,,,,,,,,,,,,,,,,,,,,,None,Continue,0,None,,,,,,1,6097.673279,432.371399,0.713824,11027861.328125,,,,,,,,,,,,,,1000,0,0,1,1,0.629789,,,
0,ASCENT,7,0,1,None,Holding,0,92.586192,407.818445,0,0,0,0,0.000009,1573202.279069,,,,,,,0,,,,,,,,,,,,,,,,0,0,0,,0.0399,-6362.530591,28.620268,281.253259,,,,,,,,,,,,,,,,,,,,,,,,,,,,,,,,,,,None,Continue,0,None,,,,,,1,6097.672302,432.371399,0.713824,11027861.328125,,,,,,,,,,,,,,1000,0,0,1,1,0.629794,,,
0,ASCENT,7,0,1,None,Holding,0,92.586192,407.818445,0,0,0,0,0.000009,1573202.279069,,,,,,,0,,,,,,,,,,,,,,,,0,0,0,,0.0399,-6362.530591,28.620268,281.33682,,,,,,,,,,,,,,,,,,,,,,,,,,,,,,,,,,,None,Continue,0,None,,,,,,1,6097.672302,432.371399,0.713824,11027861.328125,,,,,,,,,,,,,,1000,0,0,1,1,0.629798,,,
0,ASCENT,7,0,1,None,Holding,0,92.586192,407.818445,0,0,0,0,0.000009,1573202.279069,,,,,,,0,,,,,,,,,,,,,,,,0,0,0,,0.0399,-6362.530591,28.620268,281.420382,,,,,,,,,,,,,,,,,,,,,,,,,,,,,,,,,,,None,Continue,0,None,,,,,,1,6097.672302,432.371399,0.713824,11027861.328125,,,,,,,,,,,,,,1000,0,0,1,1,0.629803,,,
0,ASCENT,7,0,1,None,Holding,0,92.586192,407.818445,0,0,0,0,0.000009,1573202.279069,,,,,,,0,,,,,,,,,,,,,,,,0,0,0,,0.0399,-6362.530591,28.620268,281.503943,,,,,,,,,,,,,,,,,,,,,,,,,,,,,,,,,,,None,Continue,0,None,,,,,,1,6097.672302,432.371399,0.713824,11027861.328125,,,,,,,,,,,,,,1000,0,0,1,1,0.629807,,,
0,ASCENT,7,0,1,None,Holding,0,92.586192,407.818445,0,0,0,0,0.000009,1573202.279069,,,,,,,0,,,,,,,,,,,,,,,,0,0,0,,0.0399,-6362.530591,28.620268,281.587505,,,,,,,,,,,,,,,,,,,,,,,,,,,,,,,,,,,None,Continue,0,None,,,,,,1,6097.672302,432.371399,0.713824,11027861.328125,,,,,,,,,,,,,,1000,0,0,1,1,0.629811,,,
0,ASCENT,7,0,1,None,Holding,0,92.586192,407.818445,0,0,0,0,0.000009,1573202.271439,,,,,,,0,,,,,,,,,,,,,,,,0,0,0,,0.0399,-6362.530591,28.620268,281.671066,,,,,,,,,,,,,,,,,,,,,,,,,,,,,,,,,,,None,Continue,0,None,,,,,,1,6097.672302,432.371399,0.713824,11027861.328125,,,,,,,,,,,,,,1000,0,0,1,1,0.629816,,,
0,ASCENT,7,0,1,None,Holding,0,92.586192,407.818445,0,0,0,0,0.000009,1573202.271439,,,,,,,0,,,,,,,,,,,,,,,,0,0,0,,0.0399,-6362.530591,28.620268,281.754628,,,,,,,,,,,,,,,,,,,,,,,,,,,,,,,,,,,None,Continue,0,None,,,,,,1,6097.672302,432.371399,0.713824,11027861.328125,,,,,,,,,,,,,,1000,0,0,1,1,0.62982,,,
0,ASCENT,7,0,1,None,Holding,0,92.586192,407.818445,0,0,0,0,0.000009,1573202.271439,,,,,,,0,,,,,,,,,,,,,,,,0,0,0,,0.0399,-6362.530591,28.620268,281.838189,,,,,,,,,,,,,,,,,,,,,,,,,,,,,,,,,,,None,Continue,0,None,,,,,,1,6097.672302,432.371399,0.713824,11027861.328125,,,,,,,,,,,,,,1000,0,0,1,1,0.629824,,,
0,ASCENT,7,0,1,None,Holding,0,92.586192,407.818445,0,0,0,0,0.000009,1573202.271439,,,,,,,0,,,,,,,,,,,,,,,,0,0,0,,0.0399,-6362.530591,28.620268,281.921751,,,,,,,,,,,,,,,,,,,,,,,,,,,,,,,,,,,None,Continue,0,None,,,,,,1,6097.671265,432.371399,0.713824,11027861.328125,,,,,,,,,,,,,,1000,0,0,1,1,0.629828,,,
0,ASCENT,7,0,1,None,Holding,0,92.586192,407.818445,0,0,0,0,0.000009,1573202.271439,,,,,,,0,,,,,,,,,,,,,,,,0,0,0,,0.0399,-6362.530591,28.620268,282.005312,,,,,,,,,,,,,,,,,,,,,,,,,,,,,,,,,,,None,Continue,0,None,,,,,,1,6097.671265,432.371399,0.713824,11027861.328125,,,,,,,,,,,,,,1000,0,0,1,1,0.629832,,,
0,ASCENT,7,0,1,None,Holding,0,92.586192,407.818445,0,0,0,0,0.000009,1573202.233292,,,,,,,0,,,,,,,,,,,,,,,,0,0,0,,0.0399,-6362.530591,28.620268,282.088874,,,,,,,,,,,,,,,,,,,,,,,,,,,,,,,,,,,None,Continue,0,None,,,,,,1,6097.671265,432.371399,0.713824,11027861.328125,,,,,,,,,,,,,,1000,0,0,1,1,0.629836,,,
0,ASCENT,7,0,1,None,Holding,0,92.586192,407.818445,0,0,0,0,0.000009,1573202.233292,,,,,,,0,,,,,,,,,,,,,,,,0,0,0,,0.0399,-6362.530591,28.620268,282.172435,,,,,,,,,,,,,,,,,,,,,,,,,,,,,,,,,,,None,Continue,0,None,,,,,,1,6097.671265,432.371399,0.713824,11027861.328125,,,,,,,,,,,,,,1000,0,0,1,1,0.62984,,,
0,ASCENT,7,0,1,None,Holding,0,92.586192,407.818445,0,0,0,0,0.000009,1573202.233292,,,,,,,0,,,,,,,,,,,,,,,,0,0,0,,0.0399,-6362.530591,28.620268,282.255997,,,,,,,,,,,,,,,,,,,,,,,,,,,,,,,,,,,None,Continue,0,None,,,,,,1,6097.671265,432.371399,0.713824,11027861.328125,,,,,,,,,,,,,,1000,0,0,1,1,0.629844,,,
0,ASCENT,7,0,1,None,Holding,0,92.586192,407.818445,0,0,0,0,0.000009,1573202.233292,,,,,,,0,,,,,,,,,,,,,,,,0,0,0,,0.0399,-6362.530591,28.620268,282.339558,,,,,,,,,,,,,,,,,,,,,,,,,,,,,,,,,,,None,Continue,0,None,,,,,,1,6097.671265,432.371399,0.713824,11027861.328125,,,,,,,,,,,,,,1000,0,0,1,1,0.629848,,,
0,ASCENT,7,0,1,None,Holding,0,92.586192,407.818445,0,0,0,0,0.000009,1573202.233292,,,,,,,0,,,,,,,,,,,,,,,,0,0,0,,0.0399,-6362.530591,28.620268,282.42312,,,,,,,,,,,,,,,,,,,,,,,,,,,,,,,,,,,None,Continue,0,None,,,,,,1,6097.671265,432.371399,0.713824,11027861.328125,,,,,,,,,,,,,,1000,0,0,1,1,0.629852,,,
0,ASCENT,7,0,1,None,Holding,0,92.586192,407.818445,0,0,0,0,0.000009,1573202.233292,,,,,,,0,,,,,,,,,,,,,,,,0,0,0,,0.0399,-6362.530591,28.620268,282.506681,,,,,,,,,,,,,,,,,,,,,,,,,,,,,,,,,,,None,Continue,0,None,,,,,,1,6097.671265,432.371399,0.713824,11027861.328125,,,,,,,,,,,,,,1000,0,0,1,1,0.629856,,,
0,ASCENT,7,0,1,None,Holding,0,92.586192,407.818445,0,0,0,0,0.000009,1573202.225663,,,,,,,0,,,,,,,,,,,,,,,,0,0,0,,0.0399,-6362.530591,28.620268,282.590243,,,,,,,,,,,,,,,,,,,,,,,,,,,,,,,,,,,None,Continue,0,None,,,,,,1,6097.670288,432.371399,0.713824,11027861.328125,,,,,,,,,,,,,,1000,0,0,1,1,0.62986,,,
0,ASCENT,7,0,1,None,Holding,0,92.586192,407.818445,0,0,0,0,0.000009,1573202.225663,,,,,,,0,,,,,,,,,,,,,,,,0,0,0,,0.0399,-6362.530591,28.620268,282.673804,,,,,,,,,,,,,,,,,,,,,,,,,,,,,,,,,,,None,Continue,0,None,,,,,,1,6097.670288,432.371399,0.713824,11027861.328125,,,,,,,,,,,,,,1000,0,0,1,1,0.629864,,,
0,ASCENT,7,0,1,None,Holding,0,92.586192,407.818445,0,0,0,0,0.000009,1573202.225663,,,,,,,0,,,,,,,,,,,,,,,,0,0,0,,0.0399,-6362.530591,28.620268,282.757366,,,,,,,,,,,,,,,,,,,,,,,,,,,,,,,,,,,None,Continue,0,None,,,,,,1,6097.670288,432.371399,0.713824,11027861.328125,,,,,,,,,,,,,,1000,0,0,1,1,0.629868,,,
0,ASCENT,7,0,1,None,Holding,0,92.586192,407.818445,0,0,0,0,0.000009,1573202.225663,,,,,,,0,,,,,,,,,,,,,,,,0,0,0,,0.0399,-6362.530591,28.620268,282.840927,,,,,,,,,,,,,,,,,,,,,,,,,,,,,,,,,,,None,Continue,0,None,,,,,,1,6097.670288,432.371399,0.713824,11027861.328125,,,,,,,,,,,,,,1000,0,0,1,1,0.629872,,,
0,ASCENT,7,0,1,None,Holding,0,92.586192,407.818445,0,0,0,0,0.000009,1573202.225663,,,,,,,0,,,,,,,,,,,,,,,,0,0,0,,0.0399,-6362.530591,28.620268,282.924489,,,,,,,,,,,,,,,,,,,,,,,,,,,,,,,,,,,None,Continue,0,None,,,,,,1,6097.670288,432.371399,0.713824,11027861.328125,,,,,,,,,,,,,,1000,0,0,1,1,0.629876,,,
0,ASCENT,7,0,1,None,Holding,0,92.586192,407.818445,0,0,0,0,0.000009,1573202.225663,,,,,,,0,,,,,,,,,,,,,,,,0,0,0,,0.0399,-6362.530591,28.620268,283.00805,,,,,,,,,,,,,,,,,,,,,,,,,,,,,,,,,,,None,Continue,0,None,,,,,,1,6097.670288,432.371399,0.713824,11027861.328125,,,,,,,,,,,,,,1000,0,0,1,1,0.629879,,,
0,ASCENT,7,0,1,None,Holding,0,92.586192,407.818445,0,0,0,0,0.000009,1573202.218033,,,,,,,0,,,,,,,,,,,,,,,,0,0,0,,0.0399,-6362.530591,28.620268,283.091612,,,,,,,,,,,,,,,,,,,,,,,,,,,,,,,,,,,None,Continue,0,None,,,,,,1,6097.670288,432.371399,0.713824,11027861.328125,,,,,,,,,,,,,,1000,0,0,1,1,0.629883,,,
0,ASCENT,7,0,1,None,Holding,0,92.586192,407.818445,0,0,0,0,0.000009,1573202.218033,,,,,,,0,,,,,,,,,,,,,,,,0,0,0,,0.0399,-6362.530591,28.620268,283.175173,,,,,,,,,,,,,,,,,,,,,,,,,,,,,,,,,,,None,Continue,0,None,,,,,,1,6097.670288,432.371399,0.713824,11027861.328125,,,,,,,,,,,,,,1000,0,0,1,1,0.629887,,,
0,ASCENT,7,0,1,None,Holding,0,92.586192,407.818445,0,0,0,0,0.000009,1573202.187516,,,,,,,0,,,,,,,,,,,,,,,,0,0,0,,0.0399,-6362.530591,28.620268,283.258735,,,,,,,,,,,,,,,,,,,,,,,,,,,,,,,,,,,None,Continue,0,None,,,,,,1,6097.669189,432.371399,0.713824,11027861.328125,,,,,,,,,,,,,,1000,0,0,1,1,0.62989,,,
0,ASCENT,7,0,1,None,Holding,0,92.586192,407.818445,0,0,0,0,0.000009,1573202.187516,,,,,,,0,,,,,,,,,,,,,,,,0,0,0,,0.0399,-6362.530591,28.620268,283.342296,,,,,,,,,,,,,,,,,,,,,,,,,,,,,,,,,,,None,Continue,0,None,,,,,,1,6097.669189,432.371399,0.713824,11027861.328125,,,,,,,,,,,,,,1000,0,0,1,1,0.629894,,,
0,ASCENT,7,0,1,None,Holding,0,92.586192,407.818445,0,0,0,0,0.000009,1573202.187516,,,,,,,0,,,,,,,,,,,,,,,,0,0,0,,0.0399,-6362.530591,28.620268,283.425858,,,,,,,,,,,,,,,,,,,,,,,,,,,,,,,,,,,None,Continue,0,None,,,,,,1,6097.669189,432.371399,0.713824,11027861.328125,,,,,,,,,,,,,,1000,0,0,1,1,0.629897,,,
0,ASCENT,7,0,1,None,Holding,0,92.586192,407.818445,0,0,0,0,0.000009,1573202.179886,,,,,,,0,,,,,,,,,,,,,,,,0,0,0,,0.0399,-6362.530591,28.620268,283.509419,,,,,,,,,,,,,,,,,,,,,,,,,,,,,,,,,,,None,Continue,0,None,,,,,,1,6097.669189,432.371399,0.713824,11027861.328125,,,,,,,,,,,,,,1000,0,0,1,1,0.629901,,,
0,ASCENT,7,0,1,None,Holding,0,92.586192,407.818445,0,0,0,0,0.000009,1573202.179886,,,,,,,0,,,,,,,,,,,,,,,,0,0,0,,0.0399,-6362.530591,28.620268,283.592981,,,,,,,,,,,,,,,,,,,,,,,,,,,,,,,,,,,None,Continue,0,None,,,,,,1,6097.669189,432.371399,0.713824,11027861.328125,,,,,,,,,,,,,,1000,0,0,1,1,0.629904,,,
0,ASCENT,7,0,1,None,Holding,0,92.586192,407.818445,0,0,0,0,0.000009,1573202.179886,,,,,,,0,,,,,,,,,,,,,,,,0,0,0,,0.0399,-6362.530591,28.620268,283.676542,,,,,,,,,,,,,,,,,,,,,,,,,,,,,,,,,,,None,Continue,0,None,,,,,,1,6097.669189,432.371399,0.713824,11027861.328125,,,,,,,,,,,,,,1000,0,0,1,1,0.629908,,,
0,ASCENT,7,0,1,None,Holding,0,92.586192,407.818445,0,0,0,0,0.000009,1573202.179886,,,,,,,0,,,,,,,,,,,,,,,,0,0,0,,0.0399,-6362.530591,28.620268,283.760104,,,,,,,,,,,,,,,,,,,,,,,,,,,,,,,,,,,None,Continue,0,None,,,,,,1,6097.669189,432.371399,0.713824,11027861.328125,,,,,,,,,,,,,,1000,0,0,1,1,0.629911,,,
0,ASCENT,7,0,1,None,Holding,0,92.586192,407.818445,0,0,0,0,0.000009,1573202.179886,,,,,,,0,,,,,,,,,,,,,,,,0,0,0,,0.0399,-6362.530591,28.620268,283.843665,,,,,,,,,,,,,,,,,,,,,,,,,,,,,,,,,,,None,Continue,0,None,,,,,,1,6097.669189,432.371399,0.713824,11027861.328125,,,,,,,,,,,,,,1000,0,0,1,1,0.629915,,,
0,ASCENT,7,0,1,None,Holding,0,92.586192,407.818445,0,0,0,0,0.000009,1573202.179886,,,,,,,0,,,,,,,,,,,,,,,,0,0,0,,0.0399,-6362.530591,28.620268,283.927227,,,,,,,,,,,,,,,,,,,,,,,,,,,,,,,,,,,None,Continue,0,None,,,,,,1,6097.669189,432.371399,0.713824,11027861.328125,,,,,,,,,,,,,,1000,0,0,1,1,0.629918,,,
0,ASCENT,7,0,1,None,Holding,0,92.586192,407.818445,0,0,0,0,0.000009,1573202.172257,,,,,,,0,,,,,,,,,,,,,,,,0,0,0,,0.0399,-6362.530591,28.620268,284.010788,,,,,,,,,,,,,,,,,,,,,,,,,,,,,,,,,,,None,Continue,0,None,,,,,,1,6097.668213,432.371399,0.713824,11027861.328125,,,,,,,,,,,,,,1000,0,0,1,1,0.629921,,,
0,ASCENT,7,0,1,None,Holding,0,92.586192,407.818445,0,0,0,0,0.000009,1573202.172257,,,,,,,0,,,,,,,,,,,,,,,,0,0,0,,0.0399,-6362.530591,28.620268,284.09435,,,,,,,,,,,,,,,,,,,,,,,,,,,,,,,,,,,None,Continue,0,None,,,,,,1,6097.668213,432.371399,0.713824,11027861.328125,,,,,,,,,,,,,,1000,0,0,1,1,0.629925,,,
0,ASCENT,7,0,1,None,Holding,0,92.586192,407.818445,0,0,0,0,0.000009,1573202.172257,,,,,,,0,,,,,,,,,,,,,,,,0,0,0,,0.0399,-6362.530591,28.620268,284.177911,,,,,,,,,,,,,,,,,,,,,,,,,,,,,,,,,,,None,Continue,0,None,,,,,,1,6097.668213,432.371399,0.713824,11027861.328125,,,,,,,,,,,,,,1000,0,0,1,1,0.629928,,,
0,ASCENT,7,0,1,None,Holding,0,92.586192,407.818445,0,0,0,0,0.000009,1573202.172257,,,,,,,0,,,,,,,,,,,,,,,,0,0,0,,0.0399,-6362.530591,28.620268,284.261473,,,,,,,,,,,,,,,,,,,,,,,,,,,,,,,,,,,None,Continue,0,None,,,,,,1,6097.668213,432.371399,0.713824,11027861.328125,,,,,,,,,,,,,,1000,0,0,1,1,0.629931,,,
0,ASCENT,7,0,1,None,Holding,0,92.586192,407.818445,0,0,0,0,0.000009,1573202.141739,,,,,,,0,,,,,,,,,,,,,,,,0,0,0,,0.0399,-6362.530591,28.620268,284.345034,,,,,,,,,,,,,,,,,,,,,,,,,,,,,,,,,,,None,Continue,0,None,,,,,,1,6097.668213,432.371399,0.713824,11027861.328125,,,,,,,,,,,,,,1000,0,0,1,1,0.629934,,,
0,ASCENT,7,0,1,None,Holding,0,92.586192,407.818445,0,0,0,0,0.000009,1573202.13411,,,,,,,0,,,,,,,,,,,,,,,,0,0,0,,0.0399,-6362.530591,28.620268,284.428596,,,,,,,,,,,,,,,,,,,,,,,,,,,,,,,,,,,None,Continue,0,None,,,,,,1,6097.668213,432.371399,0.713824,11027861.328125,,,,,,,,,,,,,,1000,0,0,1,1,0.629938,,,
0,ASCENT,7,0,1,None,Holding,0,92.586192,407.818445,0,0,0,0,0.000009,1573202.13411,,,,,,,0,,,,,,,,,,,,,,,,0,0,0,,0.0399,-6362.530591,28.620268,284.512157,,,,,,,,,,,,,,,,,,,,,,,,,,,,,,,,,,,None,Continue,0,None,,,,,,1,6097.668213,432.371399,0.713824,11027861.328125,,,,,,,,,,,,,,1000,0,0,1,1,0.629941,,,
0,ASCENT,7,0,1,None,Holding,0,92.586192,407.818445,0,0,0,0,0.000009,1573202.13411,,,,,,,0,,,,,,,,,,,,,,,,0,0,0,,0.0399,-6362.530591,28.620268,284.595719,,,,,,,,,,,,,,,,,,,,,,,,,,,,,,,,,,,None,Continue,0,None,,,,,,1,6097.667664,432.371399,0.713824,11027861.328125,,,,,,,,,,,,,,1000,0,0,1,1,0.629944,,,
0,ASCENT,7,0,1,None,Holding,0,92.586192,407.818445,0,0,0,0,0.000009,1573202.13411,,,,,,,0,,,,,,,,,,,,,,,,0,0,0,,0.0399,-6362.530591,28.620268,284.67928,,,,,,,,,,,,,,,,,,,,,,,,,,,,,,,,,,,None,Continue,0,None,,,,,,1,6097.667664,432.371399,0.713824,11027861.328125,,,,,,,,,,,,,,1000,0,0,1,1,0.629947,,,
0,ASCENT,7,0,1,None,Holding,0,92.586192,407.818445,0,0,0,0,0.000009,1573202.13411,,,,,,,0,,,,,,,,,,,,,,,,0,0,0,,0.0399,-6362.530591,28.620268,284.762842,,,,,,,,,,,,,,,,,,,,,,,,,,,,,,,,,,,None,Continue,0,None,,,,,,1,6097.667664,432.371399,0.713824,11027861.328125,,,,,,,,,,,,,,1000,0,0,1,1,0.62995,,,
0,ASCENT,7,0,1,None,Holding,0,92.586192,407.818445,0,0,0,0,0.000009,1573202.13411,,,,,,,0,,,,,,,,,,,,,,,,0,0,0,,0.0399,-6362.530591,28.620268,284.846403,,,,,,,,,,,,,,,,,,,,,,,,,,,,,,,,,,,None,Continue,0,None,,,,,,1,6097.667664,432.371399,0.713824,11027861.328125,,,,,,,,,,,,,,1000,0,0,1,1,0.629953,,,
0,ASCENT,7,0,1,None,Holding,0,92.586192,407.818445,0,0,0,0,0.000009,1573202.126481,,,,,,,0,,,,,,,,,,,,,,,,0,0,0,,0.0399,-6362.530591,28.620268,284.929965,,,,,,,,,,,,,,,,,,,,,,,,,,,,,,,,,,,None,Continue,0,None,,,,,,1,6097.667664,432.371399,0.713824,11027861.328125,,,,,,,,,,,,,,1000,0,0,1,1,0.629956,,,
0,ASCENT,7,0,1,None,Holding,0,92.586192,407.818445,0,0,0,0,0.000009,1573202.126481,,,,,,,0,,,,,,,,,,,,,,,,0,0,0,,0.0399,-6362.530591,28.620268,285.013526,,,,,,,,,,,,,,,,,,,,,,,,,,,,,,,,,,,None,Continue,0,None,,,,,,1,6097.667664,432.371399,0.713824,11027861.328125,,,,,,,,,,,,,,1000,0,0,1,1,0.629959,,,
0,ASCENT,7,0,1,None,Holding,0,92.586192,407.818445,0,0,0,0,0.000009,1573202.126481,,,,,,,0,,,,,,,,,,,,,,,,0,0,0,,0.0399,-6362.530591,28.620268,285.097088,,,,,,,,,,,,,,,,,,,,,,,,,,,,,,,,,,,None,Continue,0,None,,,,,,1,6097.667664,432.371399,0.713824,11027861.328125,,,,,,,,,,,,,,1000,0,0,1,1,0.629962,,,
0,ASCENT,7,0,1,None,Holding,0,92.586192,407.818445,0,0,0,0,0.000009,1573202.126481,,,,,,,0,,,,,,,,,,,,,,,,0,0,0,,0.0399,-6362.530591,28.620268,285.180649,,,,,,,,,,,,,,,,,,,,,,,,,,,,,,,,,,,None,Continue,0,None,,,,,,1,6097.667664,432.371399,0.713824,11027861.328125,,,,,,,,,,,,,,1000,0,0,1,1,0.629964,,,
0,ASCENT,7,0,1,None,Holding,0,92.586192,407.818445,0,0,0,0,0.000009,1573202.126481,,,,,,,0,,,,,,,,,,,,,,,,0,0,0,,0.0399,-6362.530591,28.620268,285.26421,,,,,,,,,,,,,,,,,,,,,,,,,,,,,,,,,,,None,Continue,0,None,,,,,,1,6097.666687,432.371399,0.713824,11027861.328125,,,,,,,,,,,,,,1000,0,0,1,1,0.629967,,,
0,ASCENT,7,0,1,None,Holding,0,92.586192,407.818445,0,0,0,0,0.000009,1573202.118851,,,,,,,0,,,,,,,,,,,,,,,,0,0,0,,0.0399,-6362.530591,28.620268,285.347772,,,,,,,,,,,,,,,,,,,,,,,,,,,,,,,,,,,None,Continue,0,None,,,,,,1,6097.666687,432.371399,0.713824,11027861.328125,,,,,,,,,,,,,,1000,0,0,1,1,0.62997,,,
0,ASCENT,7,0,1,None,Holding,0,92.586192,407.818445,0,0,0,0,0.000009,1573202.118851,,,,,,,0,,,,,,,,,,,,,,,,0,0,0,,0.0399,-6362.530591,28.620268,285.431333,,,,,,,,,,,,,,,,,,,,,,,,,,,,,,,,,,,None,Continue,0,None,,,,,,1,6097.666687,432.371399,0.713824,11027861.328125,,,,,,,,,,,,,,1000,0,0,1,1,0.629973,,,
0,ASCENT,7,0,1,None,Holding,0,92.586192,407.818445,0,0,0,0,0.000009,1573202.088334,,,,,,,0,,,,,,,,,,,,,,,,0,0,0,,0.0399,-6362.530591,28.620268,285.514895,,,,,,,,,,,,,,,,,,,,,,,,,,,,,,,,,,,None,Continue,0,None,,,,,,1,6097.666687,432.371399,0.713824,11027861.328125,,,,,,,,,,,,,,1000,0,0,1,1,0.629976,,,
0,ASCENT,7,0,1,None,Holding,0,92.586192,407.818445,0,0,0,0,0.000009,1573202.088334,,,,,,,0,,,,,,,,,,,,,,,,0,0,0,,0.0399,-6362.530591,28.620268,285.598456,,,,,,,,,,,,,,,,,,,,,,,,,,,,,,,,,,,None,Continue,0,None,,,,,,1,6097.666687,432.371399,0.713824,11027861.328125,,,,,,,,,,,,,,1000,0,0,1,1,0.629978,,,
0,ASCENT,7,0,1,None,Holding,0,92.586192,407.818445,0,0,0,0,0.000009,1573202.088334,,,,,,,0,,,,,,,,,,,,,,,,0,0,0,,0.0399,-6362.530591,28.620268,285.682018,,,,,,,,,,,,,,,,,,,,,,,,,,,,,,,,,,,None,Continue,0,None,,,,,,1,6097.666687,432.371399,0.713824,11027861.328125,,,,,,,,,,,,,,1000,0,0,1,1,0.629981,,,
0,ASCENT,7,0,1,None,Holding,0,92.586192,407.818445,0,0,0,0,0.000009,1573202.088334,,,,,,,0,,,,,,,,,,,,,,,,0,0,0,,0.0399,-6362.530591,28.620268,285.765579,,,,,,,,,,,,,,,,,,,,,,,,,,,,,,,,,,,None,Continue,0,None,,,,,,1,6097.666687,432.371399,0.713824,11027861.328125,,,,,,,,,,,,,,1000,0,0,1,1,0.629983,,,
0,ASCENT,7,0,1,None,Holding,0,92.586192,407.818445,0,0,0,0,0.000009,1573202.080704,,,,,,,0,,,,,,,,,,,,,,,,0,0,0,,0.0399,-6362.530591,28.620268,285.849141,,,,,,,,,,,,,,,,,,,,,,,,,,,,,,,,,,,None,Continue,0,None,,,,,,1,6097.666687,432.371399,0.713824,11027861.328125,,,,,,,,,,,,,,1000,0,0,1,1,0.629986,,,
0,ASCENT,7,0,1,None,Holding,0,92.586192,407.818445,0,0,0,0,0.000009,1573202.080704,,,,,,,0,,,,,,,,,,,,,,,,0,0,0,,0.0399,-6362.530591,28.620268,285.932702,,,,,,,,,,,,,,,,,,,,,,,,,,,,,,,,,,,None,Continue,0,None,,,,,,1,6097.665588,432.371399,0.713824,11027861.328125,,,,,,,,,,,,,,1000,0,0,1,1,0.629989,,,
0,ASCENT,7,0,1,None,Holding,0,92.586192,407.818445,0,0,0,0,0.000009,1573202.080704,,,,,,,0,,,,,,,,,,,,,,,,0,0,0,,0.0399,-6362.530591,28.620268,286.016264,,,,,,,,,,,,,,,,,,,,,,,,,,,,,,,,,,,None,Continue,0,None,,,,,,1,6097.665588,432.371399,0.713824,11027861.328125,,,,,,,,,,,,,,1000,0,0,1,1,0.629991,,,
0,ASCENT,7,0,1,None,Holding,0,92.586192,407.818445,0,0,0,0,0.000009,1573202.080704,,,,,,,0,,,,,,,,,,,,,,,,0,0,0,,0.0399,-6362.530591,28.620268,286.099825,,,,,,,,,,,,,,,,,,,,,,,,,,,,,,,,,,,None,Continue,0,None,,,,,,1,6097.665588,432.371399,0.713824,11027861.328125,,,,,,,,,,,,,,1000,0,0,1,1,0.629994,,,
0,ASCENT,7,0,1,None,Holding,0,92.586192,407.818445,0,0,0,0,0.000009,1573202.080704,,,,,,,0,,,,,,,,,,,,,,,,0,0,0,,0.0399,-6362.530591,28.620268,286.183387,,,,,,,,,,,,,,,,,,,,,,,,,,,,,,,,,,,None,Continue,0,None,,,,,,1,6097.665588,432.371399,0.713824,11027861.328125,,,,,,,,,,,,,,1000,0,0,1,1,0.629996,,,
0,ASCENT,7,0,1,None,Holding,0,92.586192,407.818445,0,0,0,0,0.000009,1573202.073075,,,,,,,0,,,,,,,,,,,,,,,,0,0,0,,0.0399,-6362.530591,28.620268,286.266948,,,,,,,,,,,,,,,,,,,,,,,,,,,,,,,,,,,None,Continue,0,None,,,,,,1,6097.665588,432.371399,0.713824,11027861.328125,,,,,,,,,,,,,,1000,0,0,1,1,0.629998,,,
0,ASCENT,7,0,1,None,Holding,0,92.586192,407.818445,0,0,0,0,0.000009,1573202.073075,,,,,,,0,,,,,,,,,,,,,,,,0,0,0,,0.0399,-6362.530591,28.620268,286.35051,,,,,,,,,,,,,,,,,,,,,,,,,,,,,,,,,,,None,Continue,0,None,,,,,,1,6097.665588,432.371399,0.713824,11027861.328125,,,,,,,,,,,,,,1000,0,0,1,1,0.630001,,,
0,ASCENT,7,0,1,None,Holding,0,92.586192,407.818445,0,0,0,0,0.000009,1573202.073075,,,,,,,0,,,,,,,,,,,,,,,,0,0,0,,0.0399,-6362.530591,28.620268,286.434071,,,,,,,,,,,,,,,,,,,,,,,,,,,,,,,,,,,None,Continue,0,None,,,,,,1,6097.665588,432.371399,0.713824,11027861.328125,,,,,,,,,,,,,,1000,0,0,1,1,0.630003,,,
0,ASCENT,7,0,1,None,Holding,0,92.586192,407.818445,0,0,0,0,0.000009,1573202.073075,,,,,,,0,,,,,,,,,,,,,,,,0,0,0,,0.0399,-6362.530591,28.620268,286.517633,,,,,,,,,,,,,,,,,,,,,,,,,,,,,,,,,,,None,Continue,0,None,,,,,,1,6097.665588,432.371399,0.713824,11027861.328125,,,,,,,,,,,,,,1000,0,0,1,1,0.630005,,,
0,ASCENT,7,0,1,None,Holding,0,92.586192,407.818445,0,0,0,0,0.000009,1573202.042557,,,,,,,0,,,,,,,,,,,,,,,,0,0,0,,0.0399,-6362.530591,28.620268,286.601194,,,,,,,,,,,,,,,,,,,,,,,,,,,,,,,,,,,None,Continue,0,None,,,,,,1,6097.664124,432.371399,0.713824,11027861.328125,,,,,,,,,,,,,,1000,0,0,1,1,0.630008,,,
0,ASCENT,7,0,1,None,Holding,0,92.586192,407.818445,0,0,0,0,0.000009,1573202.034928,,,,,,,0,,,,,,,,,,,,,,,,0,0,0,,0.0399,-6362.530591,28.620268,286.684756,,,,,,,,,,,,,,,,,,,,,,,,,,,,,,,,,,,None,Continue,0,None,,,,,,1,6097.664124,432.371399,0.713824,11027861.328125,,,,,,,,,,,,,,1000,0,0,1,1,0.63001,,,
0,ASCENT,7,0,1,None,Holding,0,92.586192,407.818445,0,0,0,0,0.000009,1573202.034928,,,,,,,0,,,,,,,,,,,,,,,,0,0,0,,0.0399,-6362.530591,28.620268,286.768317,,,,,,,,,,,,,,,,,,,,,,,,,,,,,,,,,,,None,Continue,0,None,,,,,,1,6097.664124,432.371399,0.713824,11027861.328125,,,,,,,,,,,,,,1000,0,0,1,1,0.630012,,,
0,ASCENT,7,0,1,None,Holding,0,92.586192,407.818445,0,0,0,0,0.000009,1573202.034928,,,,,,,0,,,,,,,,,,,,,,,,0,0,0,,0.0399,-6362.530591,28.620268,286.851879,,,,,,,,,,,,,,,,,,,,,,,,,,,,,,,,,,,None,Continue,0,None,,,,,,1,6097.664124,432.371399,0.713824,11027861.328125,,,,,,,,,,,,,,1000,0,0,1,1,0.630014,,,
0,ASCENT,7,0,1,None,Holding,0,92.586192,407.818445,0,0,0,0,0.000009,1573202.034928,,,,,,,0,,,,,,,,,,,,,,,,0,0,0,,0.0399,-6362.530591,28.620268,286.93544,,,,,,,,,,,,,,,,,,,,,,,,,,,,,,,,,,,None,Continue,0,None,,,,,,1,6097.664124,432.371399,0.713824,11027861.328125,,,,,,,,,,,,,,1000,0,0,1,1,0.630016,,,
0,ASCENT,7,0,1,None,Holding,0,92.586192,407.818445,0,0,0,0,0.000009,1573202.034928,,,,,,,0,,,,,,,,,,,,,,,,0,0,0,,0.0399,-6362.530591,28.620268,287.019002,,,,,,,,,,,,,,,,,,,,,,,,,,,,,,,,,,,None,Continue,0,None,,,,,,1,6097.664124,432.371399,0.713824,11027861.328125,,,,,,,,,,,,,,1000,0,0,1,1,0.630019,,,
0,ASCENT,7,0,1,None,Holding,0,92.586192,407.818445,0,0,0,0,0.000009,1573202.034928,,,,,,,0,,,,,,,,,,,,,,,,0,0,0,,0.0399,-6362.530591,28.620268,287.102563,,,,,,,,,,,,,,,,,,,,,,,,,,,,,,,,,,,None,Continue,0,None,,,,,,1,6097.664124,432.371399,0.713824,11027861.328125,,,,,,,,,,,,,,1000,0,0,1,1,0.630021,,,
0,ASCENT,7,0,1,None,Holding,0,92.586192,407.818445,0,0,0,0,0.000009,1573202.027299,,,,,,,0,,,,,,,,,,,,,,,,0,0,0,,0.0399,-6362.530591,28.620268,287.186125,,,,,,,,,,,,,,,,,,,,,,,,,,,,,,,,,,,None,Continue,0,None,,,,,,1,6097.664124,432.371399,0.713824,11027861.328125,,,,,,,,,,,,,,1000,0,0,1,1,0.630023,,,
0,ASCENT,7,0,1,None,Holding,0,92.586192,407.818445,0,0,0,0,0.000009,1573202.027299,,,,,,,0,,,,,,,,,,,,,,,,0,0,0,,0.0399,-6362.530591,28.620268,287.269686,,,,,,,,,,,,,,,,,,,,,,,,,,,,,,,,,,,None,Continue,0,None,,,,,,1,6097.664124,432.371399,0.713824,11027861.328125,,,,,,,,,,,,,,1000,0,0,1,1,0.630025,,,
0,ASCENT,7,0,1,None,Holding,0,92.586192,407.818445,0,0,0,0,0.000009,1573202.027299,,,,,,,0,,,,,,,,,,,,,,,,0,0,0,,0.0399,-6362.530591,28.620268,287.353248,,,,,,,,,,,,,,,,,,,,,,,,,,,,,,,,,,,None,Continue,0,None,,,,,,1,6097.663574,432.371399,0.713824,11027861.328125,,,,,,,,,,,,,,1000,0,0,1,1,0.630027,,,
0,ASCENT,7,0,1,None,Holding,0,92.586192,407.818445,0,0,0,0,0.000009,1573202.027299,,,,,,,0,,,,,,,,,,,,,,,,0,0,0,,0.0399,-6362.530591,28.620268,287.436809,,,,,,,,,,,,,,,,,,,,,,,,,,,,,,,,,,,None,Continue,0,None,,,,,,1,6097.663574,432.371399,0.713824,11027861.328125,,,,,,,,,,,,,,1000,0,0,1,1,0.630029,,,
0,ASCENT,7,0,1,None,Holding,0,92.586192,407.818445,0,0,0,0,0.000009,1573202.027299,,,,,,,0,,,,,,,,,,,,,,,,0,0,0,,0.0399,-6362.530591,28.620268,287.520371,,,,,,,,,,,,,,,,,,,,,,,,,,,,,,,,,,,None,Continue,0,None,,,,,,1,6097.663574,432.371399,0.713824,11027861.328125,,,,,,,,,,,,,,1000,0,0,1,1,0.63003,,,
0,ASCENT,7,0,1,None,Holding,0,92.586192,407.818445,0,0,0,0,0.000009,1573202.019669,,,,,,,0,,,,,,,,,,,,,,,,0,0,0,,0.0399,-6362.530591,28.620268,287.603932,,,,,,,,,,,,,,,,,,,,,,,,,,,,,,,,,,,None,Continue,0,None,,,,,,1,6097.663574,432.371399,0.713824,11027861.328125,,,,,,,,,,,,,,1000,0,0,1,1,0.630032,,,
0,ASCENT,7,0,1,None,Holding,0,92.586192,407.818445,0,0,0,0,0.000009,1573201.989152,,,,,,,0,,,,,,,,,,,,,,,,0,0,0,,0.0399,-6362.530591,28.620268,287.687494,,,,,,,,,,,,,,,,,,,,,,,,,,,,,,,,,,,None,Continue,0,None,,,,,,1,6097.663574,432.371399,0.713824,11027861.328125,,,,,,,,,,,,,,1000,0,0,1,1,0.630034,,,
0,ASCENT,7,0,1,None,Holding,0,92.586192,407.818445,0,0,0,0,0.000009,1573201.989152,,,,,,,0,,,,,,,,,,,,,,,,0,0,0,,0.0399,-6362.530591,28.620268,287.771055,,,,,,,,,,,,,,,,,,,,,,,,,,,,,,,,,,,None,Continue,0,None,,,,,,1,6097.663574,432.371399,0.713824,11027861.328125,,,,,,,,,,,,,,1000,0,0,1,1,0.630036,,,
0,ASCENT,7,0,1,None,Holding,0,92.586192,407.818445,0,0,0,0,0.000009,1573201.989152,,,,,,,0,,,,,,,,,,,,,,,,0,0,0,,0.0399,-6362.530591,28.620268,287.854617,,,,,,,,,,,,,,,,,,,,,,,,,,,,,,,,,,,None,Continue,0,None,,,,,,1,6097.663574,432.371399,0.713824,11027861.328125,,,,,,,,,,,,,,1000,0,0,1,1,0.630038,,,
0,ASCENT,7,0,1,None,Holding,0,92.586192,407.818445,0,0,0,0,0.000009,1573201.989152,,,,,,,0,,,,,,,,,,,,,,,,0,0,0,,0.0399,-6362.530591,28.620268,287.938178,,,,,,,,,,,,,,,,,,,,,,,,,,,,,,,,,,,None,Continue,0,None,,,,,,1,6097.663574,432.371399,0.713824,11027861.328125,,,,,,,,,,,,,,1000,0,0,1,1,0.630039,,,
0,ASCENT,7,0,1,None,Holding,0,92.586192,407.818445,0,0,0,0,0.000009,1573201.981522,,,,,,,0,,,,,,,,,,,,,,,,0,0,0,,0.0399,-6362.530591,28.620268,288.02174,,,,,,,,,,,,,,,,,,,,,,,,,,,,,,,,,,,None,Continue,0,None,,,,,,1,6097.662598,432.371399,0.713824,11027861.328125,,,,,,,,,,,,,,1000,0,0,1,1,0.630041,,,
0,ASCENT,7,0,1,None,Holding,0,92.586192,407.818445,0,0,0,0,0.000009,1573201.981522,,,,,,,0,,,,,,,,,,,,,,,,0,0,0,,0.0399,-6362.530591,28.620268,288.105301,,,,,,,,,,,,,,,,,,,,,,,,,,,,,,,,,,,None,Continue,0,None,,,,,,1,6097.662598,432.371399,0.713824,11027861.328125,,,,,,,,,,,,,,1000,0,0,1,1,0.630043,,,
0,ASCENT,7,0,1,None,Holding,0,92.586192,407.818445,0,0,0,0,0.000009,1573201.981522,,,,,,,0,,,,,,,,,,,,,,,,0,0,0,,0.0399,-6362.530591,28.620268,288.188863,,,,,,,,,,,,,,,,,,,,,,,,,,,,,,,,,,,None,Continue,0,None,,,,,,1,6097.662598,432.371399,0.713824,11027861.328125,,,,,,,,,,,,,,1000,0,0,1,1,0.630044,,,
0,ASCENT,7,0,1,None,Holding,0,92.586192,407.818445,0,0,0,0,0.000009,1573201.981522,,,,,,,0,,,,,,,,,,,,,,,,0,0,0,,0.0399,-6362.530591,28.620268,288.272424,,,,,,,,,,,,,,,,,,,,,,,,,,,,,,,,,,,None,Continue,0,None,,,,,,1,6097.662598,432.371399,0.713824,11027861.328125,,,,,,,,,,,,,,1000,0,0,1,1,0.630046,,,
0,ASCENT,7,0,1,None,Holding,0,92.586192,407.818445,0,0,0,0,0.000009,1573201.981522,,,,,,,0,,,,,,,,,,,,,,,,0,0,0,,0.0399,-6362.530591,28.620268,288.355986,,,,,,,,,,,,,,,,,,,,,,,,,,,,,,,,,,,None,Continue,0,None,,,,,,1,6097.662598,432.371399,0.713824,11027861.328125,,,,,,,,,,,,,,1000,0,0,1,1,0.630048,,,
0,ASCENT,7,0,1,None,Holding,0,92.586192,407.818445,0,0,0,0,0.000009,1573201.973893,,,,,,,0,,,,,,,,,,,,,,,,0,0,0,,0.0399,-6362.530591,28.620268,288.439547,,,,,,,,,,,,,,,,,,,,,,,,,,,,,,,,,,,None,Continue,0,None,,,,,,1,6097.662598,432.371399,0.713824,11027861.328125,,,,,,,,,,,,,,1000,0,0,1,1,0.630049,,,
0,ASCENT,7,0,1,None,Holding,0,92.586192,407.818445,0,0,0,0,0.000009,1573201.973893,,,,,,,0,,,,,,,,,,,,,,,,0,0,0,,0.0399,-6362.530591,28.620268,288.523109,,,,,,,,,,,,,,,,,,,,,,,,,,,,,,,,,,,None,Continue,0,None,,,,,,1,6097.662598,432.371399,0.713824,11027861.328125,,,,,,,,,,,,,,1000,0,0,1,1,0.63005,,,
0,ASCENT,7,0,1,None,Holding,0,92.586192,407.818445,0,0,0,0,0.000009,1573201.973893,,,,,,,0,,,,,,,,,,,,,,,,0,0,0,,0.0399,-6362.530591,28.620268,288.60667,,,,,,,,,,,,,,,,,,,,,,,,,,,,,,,,,,,None,Continue,0,None,,,,,,1,6097.662598,432.371399,0.713824,11027861.328125,,,,,,,,,,,,,,1000,0,0,1,1,0.630052,,,
0,ASCENT,7,0,1,None,Holding,0,92.586192,407.818445,0,0,0,0,0.000009,1573201.973893,,,,,,,0,,,,,,,,,,,,,,,,0,0,0,,0.0399,-6362.530591,28.620268,288.690232,,,,,,,,,,,,,,,,,,,,,,,,,,,,,,,,,,,None,Continue,0,None,,,,,,1,6097.661072,432.371399,0.713824,11027861.328125,,,,,,,,,,,,,,1000,0,0,1,1,0.630053,,,
0,ASCENT,7,0,1,None,Holding,0,92.586192,407.818445,0,0,0,0,0.000009,1573201.943375,,,,,,,0,,,,,,,,,,,,,,,,0,0,0,,0.0399,-6362.530591,28.620268,288.773793,,,,,,,,,,,,,,,,,,,,,,,,,,,,,,,,,,,None,Continue,0,None,,,,,,1,6097.661072,432.371399,0.713824,11027861.328125,,,,,,,,,,,,,,1000,0,0,1,1,0.630055,,,
0,ASCENT,7,0,1,None,Holding,0,92.586192,407.818445,0,0,0,0,0.000009,1573201.943375,,,,,,,0,,,,,,,,,,,,,,,,0,0,0,,0.0399,-6362.530591,28.620268,288.857355,,,,,,,,,,,,,,,,,,,,,,,,,,,,,,,,,,,None,Continue,0,None,,,,,,1,6097.661072,432.371399,0.713824,11027861.328125,,,,,,,,,,,,,,1000,0,0,1,1,0.630056,,,
0,ASCENT,7,0,1,None,Holding,0,92.586192,407.818445,0,0,0,0,0.000009,1573201.935746,,,,,,,0,,,,,,,,,,,,,,,,0,0,0,,0.0399,-6362.530591,28.620268,288.940916,,,,,,,,,,,,,,,,,,,,,,,,,,,,,,,,,,,None,Continue,0,None,,,,,,1,6097.661072,432.371399,0.713824,11027861.328125,,,,,,,,,,,,,,1000,0,0,1,1,0.630057,,,
0,ASCENT,7,0,1,None,Holding,0,92.586192,407.818445,0,0,0,0,0.000009,1573201.935746,,,,,,,0,,,,,,,,,,,,,,,,0,0,0,,0.0399,-6362.530591,28.620268,289.024478,,,,,,,,,,,,,,,,,,,,,,,,,,,,,,,,,,,None,Continue,0,None,,,,,,1,6097.661072,432.371399,0.713824,11027861.328125,,,,,,,,,,,,,,1000,0,0,1,1,0.630059,,,
0,ASCENT,7,0,1,None,Holding,0,92.586192,407.818445,0,0,0,0,0.000009,1573201.935746,,,,,,,0,,,,,,,,,,,,,,,,0,0,0,,0.0399,-6362.530591,28.620268,289.108039,,,,,,,,,,,,,,,,,,,,,,,,,,,,,,,,,,,None,Continue,0,None,,,,,,1,6097.661072,432.371399,0.713824,11027861.328125,,,,,,,,,,,,,,1000,0,0,1,1,0.63006,,,
0,ASCENT,7,0,1,None,Holding,0,92.586192,407.818445,0,0,0,0,0.000009,1573201.935746,,,,,,,0,,,,,,,,,,,,,,,,0,0,0,,0.0399,-6362.530591,28.620268,289.191601,,,,,,,,,,,,,,,,,,,,,,,,,,,,,,,,,,,None,Continue,0,None,,,,,,1,6097.661072,432.371399,0.713824,11027861.328125,,,,,,,,,,,,,,1000,0,0,1,1,0.630061,,,
0,ASCENT,7,0,1,None,Holding,0,92.586192,407.818445,0,0,0,0,0.000009,1573201.935746,,,,,,,0,,,,,,,,,,,,,,,,0,0,0,,0.0399,-6362.530591,28.620268,289.275162,,,,,,,,,,,,,,,,,,,,,,,,,,,,,,,,,,,None,Continue,0,None,,,,,,1,6097.661072,432.371399,0.713824,11027861.328125,,,,,,,,,,,,,,1000,0,0,1,1,0.630062,,,
0,ASCENT,7,0,1,None,Holding,0,92.586192,407.818445,0,0,0,0,0.000009,1573201.928116,,,,,,,0,,,,,,,,,,,,,,,,0,0,0,,0.0399,-6362.530591,28.620268,289.358724,,,,,,,,,,,,,,,,,,,,,,,,,,,,,,,,,,,None,Continue,0,None,,,,,,1,6097.659973,432.371399,0.713824,11027861.328125,,,,,,,,,,,,,,1000,0,0,1,1,0.630063,,,
0,ASCENT,7,0,1,None,Holding,0,92.586192,407.818445,0,0,0,0,0.000009,1573201.928116,,,,,,,0,,,,,,,,,,,,,,,,0,0,0,,0.0399,-6362.530591,28.620268,289.442285,,,,,,,,,,,,,,,,,,,,,,,,,,,,,,,,,,,None,Continue,0,None,,,,,,1,6097.659973,432.371399,0.713824,11027861.328125,,,,,,,,,,,,,,1000,0,0,1,1,0.630065,,,
0,ASCENT,7,0,1,None,Holding,0,92.586192,407.818445,0,0,0,0,0.000009,1573201.928116,,,,,,,0,,,,,,,,,,,,,,,,0,0,0,,0.0399,-6362.530591,28.620268,289.525847,,,,,,,,,,,,,,,,,,,,,,,,,,,,,,,,,,,None,Continue,0,None,,,,,,1,6097.659973,432.371399,0.713824,11027861.328125,,,,,,,,,,,,,,1000,0,0,1,1,0.630066,,,
0,ASCENT,7,0,1,None,Holding,0,92.586192,407.818445,0,0,0,0,0.000009,1573201.928116,,,,,,,0,,,,,,,,,,,,,,,,0,0,0,,0.0399,-6362.530591,28.620268,289.609408,,,,,,,,,,,,,,,,,,,,,,,,,,,,,,,,,,,None,Continue,0,None,,,,,,1,6097.659973,432.371399,0.713824,11027861.328125,,,,,,,,,,,,,,1000,0,0,1,1,0.630067,,,
0,ASCENT,7,0,1,None,Holding,0,92.586192,407.818445,0,0,0,0,0.000009,1573201.928116,,,,,,,0,,,,,,,,,,,,,,,,0,0,0,,0.0399,-6362.530591,28.620268,289.69297,,,,,,,,,,,,,,,,,,,,,,,,,,,,,,,,,,,None,Continue,0,None,,,,,,1,6097.659973,432.371399,0.713824,11027861.328125,,,,,,,,,,,,,,1000,0,0,1,1,0.630068,,,
0,ASCENT,7,0,1,None,Holding,0,92.586192,407.818445,0,0,0,0,0.000009,1573201.920487,,,,,,,0,,,,,,,,,,,,,,,,0,0,0,,0.0399,-6362.530591,28.620268,289.776531,,,,,,,,,,,,,,,,,,,,,,,,,,,,,,,,,,,None,Continue,0,None,,,,,,1,6097.659973,432.371399,0.713824,11027861.328125,,,,,,,,,,,,,,1000,0,0,1,1,0.630069,,,
0,ASCENT,7,0,1,None,Holding,0,92.586192,407.818445,0,0,0,0,0.000009,1573201.889969,,,,,,,0,,,,,,,,,,,,,,,,0,0,0,,0.0399,-6362.530591,28.620268,289.860093,,,,,,,,,,,,,,,,,,,,,,,,,,,,,,,,,,,None,Continue,0,None,,,,,,1,6097.659973,432.371399,0.713824,11027861.328125,,,,,,,,,,,,,,1000,0,0,1,1,0.63007,,,
0,ASCENT,7,0,1,None,Holding,0,92.586192,407.818445,0,0,0,0,0.000009,1573201.889969,,,,,,,0,,,,,,,,,,,,,,,,0,0,0,,0.0399,-6362.530591,28.620268,289.943654,,,,,,,,,,,,,,,,,,,,,,,,,,,,,,,,,,,None,Continue,0,None,,,,,,1,6097.659485,432.371399,0.713824,11027861.328125,,,,,,,,,,,,,,1000,0,0,1,1,0.63007,,,
0,ASCENT,7,0,1,None,Holding,0,92.586192,407.818445,0,0,0,0,0.000009,1573201.889969,,,,,,,0,,,,,,,,,,,,,,,,0,0,0,,0.0399,-6362.530591,28.620268,290.027216,,,,,,,,,,,,,,,,,,,,,,,,,,,,,,,,,,,None,Continue,0,None,,,,,,1,6097.659485,432.371399,0.713824,11027861.328125,,,,,,,,,,,,,,1000,0,0,1,1,0.630071,,,
0,ASCENT,7,0,1,None,Holding,0,92.586192,407.818445,0,0,0,0,0.000009,1573201.889969,,,,,,,0,,,,,,,,,,,,,,,,0,0,0,,0.0399,-6362.530591,28.620268,290.110777,,,,,,,,,,,,,,,,,,,,,,,,,,,,,,,,,,,None,Continue,0,None,,,,,,1,6097.659485,432.371399,0.713824,11027861.328125,,,,,,,,,,,,,,1000,0,0,1,1,0.630072,,,
0,ASCENT,7,0,1,None,Holding,0,92.586192,407.818445,0,0,0,0,0.000009,1573201.88234,,,,,,,0,,,,,,,,,,,,,,,,0,0,0,,0.0399,-6362.530591,28.620268,290.194339,,,,,,,,,,,,,,,,,,,,,,,,,,,,,,,,,,,None,Continue,0,None,,,,,,1,6097.659485,432.371399,0.713824,11027861.328125,,,,,,,,,,,,,,1000,0,0,1,1,0.630073,,,
0,ASCENT,7,0,1,None,Holding,0,92.586192,407.818445,0,0,0,0,0.000009,1573201.88234,,,,,,,0,,,,,,,,,,,,,,,,0,0,0,,0.0399,-6362.530591,28.620268,290.2779,,,,,,,,,,,,,,,,,,,,,,,,,,,,,,,,,,,None,Continue,0,None,,,,,,1,6097.659485,432.371399,0.713824,11027861.328125,,,,,,,,,,,,,,1000,0,0,1,1,0.630074,,,
0,ASCENT,7,0,1,None,Holding,0,92.586192,407.818445,0,0,0,0,0.000009,1573201.88234,,,,,,,0,,,,,,,,,,,,,,,,0,0,0,,0.0399,-6362.530591,28.620268,290.361462,,,,,,,,,,,,,,,,,,,,,,,,,,,,,,,,,,,None,Continue,0,None,,,,,,1,6097.659485,432.371399,0.713824,11027861.328125,,,,,,,,,,,,,,1000,0,0,1,1,0.630074,,,
0,ASCENT,7,0,1,None,Holding,0,92.586192,407.818445,0,0,0,0,0.000009,1573201.88234,,,,,,,0,,,,,,,,,,,,,,,,0,0,0,,0.0399,-6362.530591,28.620268,290.445023,,,,,,,,,,,,,,,,,,,,,,,,,,,,,,,,,,,None,Continue,0,None,,,,,,1,6097.659485,432.371399,0.713824,11027861.328125,,,,,,,,,,,,,,1000,0,0,1,1,0.630075,,,
0,ASCENT,7,0,1,None,Holding,0,92.586192,407.818445,0,0,0,0,0.000009,1573201.88234,,,,,,,0,,,,,,,,,,,,,,,,0,0,0,,0.0399,-6362.530591,28.620268,290.528585,,,,,,,,,,,,,,,,,,,,,,,,,,,,,,,,,,,None,Continue,0,None,,,,,,1,6097.659485,432.371399,0.713824,11027861.328125,,,,,,,,,,,,,,1000,0,0,1,1,0.630076,,,
0,ASCENT,7,0,1,None,Holding,0,92.586192,407.818445,0,0,0,0,0.000009,1573201.874711,,,,,,,0,,,,,,,,,,,,,,,,0,0,0,,0.0399,-6362.530591,28.620268,290.612146,,,,,,,,,,,,,,,,,,,,,,,,,,,,,,,,,,,None,Continue,0,None,,,,,,1,6097.659485,432.371399,0.713824,11027861.328125,,,,,,,,,,,,,,1000,0,0,1,1,0.630076,,,
0,ASCENT,7,0,1,None,Holding,0,92.586192,407.818445,0,0,0,0,0.000009,1573201.874711,,,,,,,0,,,,,,,,,,,,,,,,0,0,0,,0.0399,-6362.530591,28.620268,290.695707,,,,,,,,,,,,,,,,,,,,,,,,,,,,,,,,,,,None,Continue,0,None,,,,,,1,6097.657959,432.371399,0.713824,11027861.328125,,,,,,,,,,,,,,1000,0,0,1,1,0.630077,,,
0,ASCENT,7,0,1,None,Holding,0,92.586192,407.818445,0,0,0,0,0.000009,1573201.874711,,,,,,,0,,,,,,,,,,,,,,,,0,0,0,,0.0399,-6362.530591,28.620268,290.779269,,,,,,,,,,,,,,,,,,,,,,,,,,,,,,,,,,,None,Continue,0,None,,,,,,1,6097.657959,432.371399,0.713824,11027861.328125,,,,,,,,,,,,,,1000,0,0,1,1,0.630078,,,
0,ASCENT,7,0,1,None,Holding,0,92.586192,407.818445,0,0,0,0,0.000009,1573201.874711,,,,,,,0,,,,,,,,,,,,,,,,0,0,0,,0.0399,-6362.530591,28.620268,290.86283,,,,,,,,,,,,,,,,,,,,,,,,,,,,,,,,,,,None,Continue,0,None,,,,,,1,6097.657959,432.371399,0.713824,11027861.328125,,,,,,,,,,,,,,1000,0,0,1,1,0.630078,,,
0,ASCENT,7,0,1,None,Holding,0,92.586192,407.818445,0,0,0,0,0.000009,1573201.844193,,,,,,,0,,,,,,,,,,,,,,,,0,0,0,,0.0399,-6362.530591,28.620268,290.946392,,,,,,,,,,,,,,,,,,,,,,,,,,,,,,,,,,,None,Continue,0,None,,,,,,1,6097.657959,432.371399,0.713824,11027861.328125,,,,,,,,,,,,,,1000,0,0,1,1,0.630079,,,
0,ASCENT,7,0,1,None,Holding,0,92.586192,407.818445,0,0,0,0,0.000009,1573201.836564,,,,,,,0,,,,,,,,,,,,,,,,0,0,0,,0.0399,-6362.530591,28.620268,291.029953,,,,,,,,,,,,,,,,,,,,,,,,,,,,,,,,,,,None,Continue,0,None,,,,,,1,6097.657959,432.371399,0.713824,11027861.328125,,,,,,,,,,,,,,1000,0,0,1,1,0.630079,,,
0,ASCENT,7,0,1,None,Holding,0,92.586192,407.818445,0,0,0,0,0.000009,1573201.836564,,,,,,,0,,,,,,,,,,,,,,,,0,0,0,,0.0399,-6362.530591,28.620268,291.113515,,,,,,,,,,,,,,,,,,,,,,,,,,,,,,,,,,,None,Continue,0,None,,,,,,1,6097.657959,432.371399,0.713824,11027861.328125,,,,,,,,,,,,,,1000,0,0,1,1,0.63008,,,
0,ASCENT,7,0,1,None,Holding,0,92.586192,407.818445,0,0,0,0,0.000009,1573201.836564,,,,,,,0,,,,,,,,,,,,,,,,0,0,0,,0.0399,-6362.530591,28.620268,291.197076,,,,,,,,,,,,,,,,,,,,,,,,,,,,,,,,,,,None,Continue,0,None,,,,,,1,6097.657959,432.371399,0.713824,11027861.328125,,,,,,,,,,,,,,1000,0,0,1,1,0.63008,,,
0,ASCENT,7,0,1,None,Holding,0,92.586192,407.818445,0,0,0,0,0.000009,1573201.836564,,,,,,,0,,,,,,,,,,,,,,,,0,0,0,,0.0399,-6362.530591,28.620268,291.280638,,,,,,,,,,,,,,,,,,,,,,,,,,,,,,,,,,,None,Continue,0,None,,,,,,1,6097.656982,432.371399,0.713824,11027861.328125,,,,,,,,,,,,,,1000,0,0,1,1,0.63008,,,
0,ASCENT,7,0,1,None,Holding,0,92.586192,407.818445,0,0,0,0,0.000009,1573201.836564,,,,,,,0,,,,,,,,,,,,,,,,0,0,0,,0.0399,-6362.530591,28.620268,291.364199,,,,,,,,,,,,,,,,,,,,,,,,,,,,,,,,,,,None,Continue,0,None,,,,,,1,6097.656982,432.371399,0.713824,11027861.328125,,,,,,,,,,,,,,1000,0,0,1,1,0.630081,,,
0,ASCENT,7,0,1,None,Holding,0,92.586192,407.818445,0,0,0,0,0.000009,1573201.828934,,,,,,,0,,,,,,,,,,,,,,,,0,0,0,,0.0399,-6362.530591,28.620268,291.447761,,,,,,,,,,,,,,,,,,,,,,,,,,,,,,,,,,,None,Continue,0,None,,,,,,1,6097.656982,432.371399,0.713824,11027861.328125,,,,,,,,,,,,,,1000,0,0,1,1,0.630081,,,
0,ASCENT,7,0,1,None,Holding,0,92.586192,407.818445,0,0,0,0,0.000009,1573201.828934,,,,,,,0,,,,,,,,,,,,,,,,0,0,0,,0.0399,-6362.530591,28.620268,291.531322,,,,,,,,,,,,,,,,,,,,,,,,,,,,,,,,,,,None,Continue,0,None,,,,,,1,6097.656982,432.371399,0.713824,11027861.328125,,,,,,,,,,,,,,1000,0,0,1,1,0.630081,,,
0,ASCENT,7,0,1,None,Holding,0,92.586192,407.818445,0,0,0,0,0.000009,1573201.828934,,,,,,,0,,,,,,,,,,,,,,,,0,0,0,,0.0399,-6362.530591,28.620268,291.614884,,,,,,,,,,,,,,,,,,,,,,,,,,,,,,,,,,,None,Continue,0,None,,,,,,1,6097.656982,432.371399,0.713824,11027861.328125,,,,,,,,,,,,,,1000,0,0,1,1,0.630081,,,
0,ASCENT,7,0,1,None,Holding,0,92.586192,407.818445,0,0,0,0,0.000009,1573201.828934,,,,,,,0,,,,,,,,,,,,,,,,0,0,0,,0.0399,-6362.530591,28.620268,291.698445,,,,,,,,,,,,,,,,,,,,,,,,,,,,,,,,,,,None,Continue,0,None,,,,,,1,6097.656982,432.371399,0.713824,11027861.328125,,,,,,,,,,,,,,1000,0,0,1,1,0.630081,,,
0,ASCENT,7,0,1,None,Holding,0,92.586192,407.818445,0,0,0,0,0.000009,1573201.828934,,,,,,,0,,,,,,,,,,,,,,,,0,0,0,,0.0399,-6362.530591,28.620268,291.782007,,,,,,,,,,,,,,,,,,,,,,,,,,,,,,,,,,,None,Continue,0,None,,,,,,1,6097.656982,432.371399,0.713824,11027861.328125,,,,,,,,,,,,,,1000,0,0,1,1,0.630082,,,
0,ASCENT,7,0,1,None,Holding,0,92.586192,407.818445,0,0,0,0,0.000009,1573201.821305,,,,,,,0,,,,,,,,,,,,,,,,0,0,0,,0.0399,-6362.530591,28.620268,291.865568,,,,,,,,,,,,,,,,,,,,,,,,,,,,,,,,,,,None,Continue,0,None,,,,,,1,6097.656982,432.371399,0.713824,11027861.328125,,,,,,,,,,,,,,1000,0,0,1,1,0.630082,,,
0,ASCENT,7,0,1,None,Holding,0,92.586192,407.818445,0,0,0,0,0.000009,1573201.790787,,,,,,,0,,,,,,,,,,,,,,,,0,0,0,,0.0399,-6362.530591,28.620268,291.94913,,,,,,,,,,,,,,,,,,,,,,,,,,,,,,,,,,,None,Continue,0,None,,,,,,1,6097.655945,432.371399,0.713824,11027861.328125,,,,,,,,,,,,,,1000,0,0,1,1,0.630082,,,
0,ASCENT,7,0,1,None,Holding,0,92.586192,407.818445,0,0,0,0,0.000009,1573201.790787,,,,,,,0,,,,,,,,,,,,,,,,0,0,0,,0.0399,-6362.530591,28.620268,292.032691,,,,,,,,,,,,,,,,,,,,,,,,,,,,,,,,,,,None,Continue,0,None,,,,,,1,6097.655945,432.371399,0.713824,11027861.328125,,,,,,,,,,,,,,1000,0,0,1,1,0.630082,,,
0,ASCENT,7,0,1,None,Holding,0,92.586192,407.818445,0,0,0,0,0.000009,1573201.790787,,,,,,,0,,,,,,,,,,,,,,,,0,0,0,,0.0399,-6362.530591,28.620268,292.116253,,,,,,,,,,,,,,,,,,,,,,,,,,,,,,,,,,,None,Continue,0,None,,,,,,1,6097.655945,432.371399,0.713824,11027861.328125,,,,,,,,,,,,,,1000,0,0,1,1,0.630082,,,
0,ASCENT,7,0,1,None,Holding,0,92.586192,407.818445,0,0,0,0,0.000009,1573201.790787,,,,,,,0,,,,,,,,,,,,,,,,0,0,0,,0.0399,-6362.530591,28.620268,292.199814,,,,,,,,,,,,,,,,,,,,,,,,,,,,,,,,,,,None,Continue,0,None,,,,,,1,6097.655945,432.371399,0.713824,11027861.328125,,,,,,,,,,,,,,1000,0,0,1,1,0.630082,,,
0,ASCENT,7,0,1,None,Holding,0,92.586192,407.818445,0,0,0,0,0.000009,1573201.783158,,,,,,,0,,,,,,,,,,,,,,,,0,0,0,,0.0399,-6362.530591,28.620268,292.283376,,,,,,,,,,,,,,,,,,,,,,,,,,,,,,,,,,,None,Continue,0,None,,,,,,1,6097.655945,432.371399,0.713824,11027861.328125,,,,,,,,,,,,,,1000,0,0,1,1,0.630082,,,
0,ASCENT,7,0,1,None,Holding,0,92.586192,407.818445,0,0,0,0,0.000009,1573201.783158,,,,,,,0,,,,,,,,,,,,,,,,0,0,0,,0.0399,-6362.530591,28.620268,292.366937,,,,,,,,,,,,,,,,,,,,,,,,,,,,,,,,,,,None,Continue,0,None,,,,,,1,6097.655945,432.371399,0.713824,11027861.328125,,,,,,,,,,,,,,1000,0,0,1,1,0.630082,,,
0,ASCENT,7,0,1,None,Holding,0,92.586192,407.818445,0,0,0,0,0.000009,1573201.783158,,,,,,,0,,,,,,,,,,,,,,,,0,0,0,,0.0399,-6362.530591,28.620268,292.450499,,,,,,,,,,,,,,,,,,,,,,,,,,,,,,,,,,,None,Continue,0,None,,,,,,1,6097.655945,432.371399,0.713824,11027861.328125,,,,,,,,,,,,,,1000,0,0,1,1,0.630082,,,
0,ASCENT,7,0,1,None,Holding,0,92.586192,407.818445,0,0,0,0,0.000009,1573201.783158,,,,,,,0,,,,,,,,,,,,,,,,0,0,0,,0.0399,-6362.530591,28.620268,292.53406,,,,,,,,,,,,,,,,,,,,,,,,,,,,,,,,,,,None,Continue,0,None,,,,,,1,6097.655945,432.371399,0.713824,11027861.328125,,,,,,,,,,,,,,1000,0,0,1,1,0.630081,,,
0,ASCENT,7,0,1,None,Holding,0,92.586192,407.818445,0,0,0,0,0.000009,1573201.783158,,,,,,,0,,,,,,,,,,,,,,,,0,0,0,,0.0399,-6362.530591,28.620268,292.617622,,,,,,,,,,,,,,,,,,,,,,,,,,,,,,,,,,,None,Continue,0,None,,,,,,1,6097.655457,432.371399,0.713824,11027861.328125,,,,,,,,,,,,,,1000,0,0,1,1,0.630081,,,
0,ASCENT,7,0,1,None,Holding,0,92.586192,407.818445,0,0,0,0,0.000009,1573201.775528,,,,,,,0,,,,,,,,,,,,,,,,0,0,0,,0.0399,-6362.530591,28.620268,292.701183,,,,,,,,,,,,,,,,,,,,,,,,,,,,,,,,,,,None,Continue,0,None,,,,,,1,6097.655457,432.371399,0.713824,11027861.328125,,,,,,,,,,,,,,1000,0,0,1,1,0.630081,,,
0,ASCENT,7,0,1,None,Holding,0,92.586192,407.818445,0,0,0,0,0.000009,1573201.775528,,,,,,,0,,,,,,,,,,,,,,,,0,0,0,,0.0399,-6362.530591,28.620268,292.784745,,,,,,,,,,,,,,,,,,,,,,,,,,,,,,,,,,,None,Continue,0,None,,,,,,1,6097.655457,432.371399,0.713824,11027861.328125,,,,,,,,,,,,,,1000,0,0,1,1,0.630081,,,
0,ASCENT,7,0,1,None,Holding,0,92.586192,407.818445,0,0,0,0,0.000009,1573201.775528,,,,,,,0,,,,,,,,,,,,,,,,0,0,0,,0.0399,-6362.530591,28.620268,292.868306,,,,,,,,,,,,,,,,,,,,,,,,,,,,,,,,,,,None,Continue,0,None,,,,,,1,6097.655457,432.371399,0.713824,11027861.328125,,,,,,,,,,,,,,1000,0,0,1,1,0.63008,,,
0,ASCENT,7,0,1,None,Holding,0,92.586192,407.818445,0,0,0,0,0.000009,1573201.745011,,,,,,,0,,,,,,,,,,,,,,,,0,0,0,,0.0399,-6362.530591,28.620268,292.951868,,,,,,,,,,,,,,,,,,,,,,,,,,,,,,,,,,,None,Continue,0,None,,,,,,1,6097.655457,432.371399,0.713824,11027861.328125,,,,,,,,,,,,,,1000,0,0,1,1,0.63008,,,
0,ASCENT,7,0,1,None,Holding,0,92.586192,407.818445,0,0,0,0,0.000009,1573201.745011,,,,,,,0,,,,,,,,,,,,,,,,0,0,0,,0.0399,-6362.530591,28.620268,293.035429,,,,,,,,,,,,,,,,,,,,,,,,,,,,,,,,,,,None,Continue,0,None,,,,,,1,6097.655457,432.371399,0.713824,11027861.328125,,,,,,,,,,,,,,1000,0,0,1,1,0.63008,,,
0,ASCENT,7,0,1,None,Holding,0,92.586192,407.818445,0,0,0,0,0.000009,1573201.737382,,,,,,,0,,,,,,,,,,,,,,,,0,0,0,,0.0399,-6362.530591,28.620268,293.118991,,,,,,,,,,,,,,,,,,,,,,,,,,,,,,,,,,,None,Continue,0,None,,,,,,1,6097.655457,432.371399,0.713824,11027861.328125,,,,,,,,,,,,,,1000,0,0,1,1,0.630079,,,
0,ASCENT,7,0,1,None,Holding,0,92.586192,407.818445,0,0,0,0,0.000009,1573201.737382,,,,,,,0,,,,,,,,,,,,,,,,0,0,0,,0.0399,-6362.530591,28.620268,293.202552,,,,,,,,,,,,,,,,,,,,,,,,,,,,,,,,,,,None,Continue,0,None,,,,,,1,6097.655457,432.371399,0.713824,11027861.328125,,,,,,,,,,,,,,1000,0,0,1,1,0.630079,,,
0,ASCENT,7,0,1,None,Holding,0,92.586192,407.818445,0,0,0,0,0.000009,1573201.737382,,,,,,,0,,,,,,,,,,,,,,,,0,0,0,,0.0399,-6362.530591,28.620268,293.286114,,,,,,,,,,,,,,,,,,,,,,,,,,,,,,,,,,,None,Continue,0,None,,,,,,1,6097.65387,432.371399,0.713824,11027861.328125,,,,,,,,,,,,,,1000,0,0,1,1,0.630078,,,
0,ASCENT,7,0,1,None,Holding,0,92.586192,407.818445,0,0,0,0,0.000009,1573201.737382,,,,,,,0,,,,,,,,,,,,,,,,0,0,0,,0.0399,-6362.530591,28.620268,293.369675,,,,,,,,,,,,,,,,,,,,,,,,,,,,,,,,,,,None,Continue,0,None,,,,,,1,6097.65387,432.371399,0.713824,11027861.328125,,,,,,,,,,,,,,1000,0,0,1,1,0.630078,,,
0,ASCENT,7,0,1,None,Holding,0,92.586192,407.818445,0,0,0,0,0.000009,1573201.737382,,,,,,,0,,,,,,,,,,,,,,,,0,0,0,,0.0399,-6362.530591,28.620268,293.453237,,,,,,,,,,,,,,,,,,,,,,,,,,,,,,,,,,,None,Continue,0,None,,,,,,1,6097.65387,432.371399,0.713824,11027861.328125,,,,,,,,,,,,,,1000,0,0,1,1,0.630077,,,
0,ASCENT,7,0,1,None,Holding,0,92.586192,407.818445,0,0,0,0,0.000009,1573201.729752,,,,,,,0,,,,,,,,,,,,,,,,0,0,0,,0.0399,-6362.530591,28.620268,293.536798,,,,,,,,,,,,,,,,,,,,,,,,,,,,,,,,,,,None,Continue,0,None,,,,,,1,6097.65387,432.371399,0.713824,11027861.328125,,,,,,,,,,,,,,1000,0,0,1,1,0.630077,,,
0,ASCENT,7,0,1,None,Holding,0,92.586192,407.818445,0,0,0,0,0.000009,1573201.729752,0.99871,0,0,0,0,,0,0,0,0,0,0,0,0,0,0,0,0,0,0,0,0,0,0,0,0,0.0399,-6362.530591,28.620268,293.585937,,,,,,,,,,,,,,,,,,,,,,,,,,,,,,,,,,,None,Continue,0,None,,,,,,1,6097.65387,432.371399,0.713824,11027861.328125,,,,,,,,,,,,,,960.000977,0,0,1,1,0.630076,0,0,0
0,ASCENT,7,0,1,None,Holding,0,92.586192,407.818445,0,0,0,0,0.000009,1573201.729752,0.99871,0,0,0,0,,0,0,0,0,0,0,0,0,0,0,0,0,0,0,0,0,0,0,0,0,0.0399,-6362.530591,28.620268,293.666156,,,,,,,,,,,,,,,,,,,,,,,,,,,,,,,,,,,None,Continue,0,None,,,,,,1,6097.65387,432.371399,0.713824,11027861.328125,,,,,,,,,,,,,,940.062439,0,0,1,1,0.630075,0,0,0
0,ASCENT,7,0,1,None,Holding,0,92.586192,407.818445,0,0,0,0,0.000009,1573201.729752,0.99871,0,0,0,0,,0,0,0,0,0,0,0,0,0,0,0,0,0,0,0,0,0,0,0,0,0.0399,-6362.530591,28.620268,293.744709,,,,,,,,,,,,,,,,,,,,,,,,,,,,,,,,,,,None,Continue,0,None,,,,,,1,6097.65387,432.371399,0.713824,11027861.328125,,,,,,,,,,,,,,920.062927,0,0,1,1,0.630074,0,0,0
0,ASCENT,7,0,1,None,Holding,0,92.586192,407.818445,0,0,0,0,0.000009,1573201.691605,0.99871,0,0,0,0,,0,0,0,0,0,0,0,0,0,0,0,0,0,0,0,0,0,0,0,0,0.0399,-6362.530591,28.620268,293.821591,,,,,,,,,,,,,,,,,,,,,,,,,,,,,,,,,,,None,Continue,0,None,,,,,,1,6097.652832,432.371399,0.713824,11027861.328125,,,,,,,,,,,,,,900.063416,0,0,1,1,0.630074,0,0,0
0,ASCENT,7,0,1,None,Holding,0,92.586192,407.818445,0,0,0,0,0.000009,1573201.691605,0.99871,0,0,0,0,,0,0,0,0,0,0,0,0,0,0,0,0,0,0,0,0,0,0,0,0,0.0399,-6362.530591,28.620268,293.896801,,,,,,,,,,,,,,,,,,,,,,,,,,,,,,,,,,,None,Continue,0,None,,,,,,1,6097.652832,432.371399,0.713824,11027861.328125,,,,,,,,,,,,,,880.124878,0,0,1,1,0.630073,0,0,0
0,ASCENT,7,0,1,None,Holding,0,92.586192,407.818445,0,0,0,0,0.000009,1573201.691605,0.99871,0,0,0,0,,0,0,0,0,0,0,0,0,0,0,0,0,0,0,0,0,0,0,0,0,0.0399,-6362.530591,28.620268,293.970346,,,,,,,,,,,,,,,,,,,,,,,,,,,,,,,,,,,None,Continue,0,None,,,,,,1,6097.652832,432.371399,0.713824,11027861.328125,,,,,,,,,,,,,,860.125366,0,0,1,1,0.630072,0,0,0
0,ASCENT,7,0,1,None,Holding,0,92.586192,407.818445,0,0,0,0,0.000009,1573201.691605,0.99871,0,0,0,0,,0,0,0,0,0,0,0,0,0,0,0,0,0,0,0,0,0,0,0,0,0.0399,-6362.530591,28.620268,294.042219,,,,,,,,,,,,,,,,,,,,,,,,,,,,,,,,,,,None,Continue,0,None,,,,,,1,6097.652832,432.371399,0.713824,11027861.328125,,,,,,,,,,,,,,840.125854,0,0,1,1,0.630072,0,0,0
0,ASCENT,7,0,1,None,Holding,0,92.586192,407.818445,0,0,0,0,0.000009,1573201.691605,0.99871,0,0,0,0,,0,0,0,0,0,0,0,0,0,0,0,0,0,0,0,0,0,0,0,0,0.0399,-6362.530591,28.620268,294.112422,,,,,,,,,,,,,,,,,,,,,,,,,,,,,,,,,,,None,Continue,0,None,,,,,,1,6097.652832,432.371399,0.713824,11027861.328125,,,,,,,,,,,,,,820.187317,0,0,1,1,0.630071,0,0,0
0,ASCENT,7,0,1,None,Holding,0,92.586192,407.818445,0,0,0,0,0.000009,1573201.683976,0.99871,0,0,0,0,,0,0,0,0,0,0,0,0,0,0,0,0,0,0,0,0,0,0,0,0,0.0399,-6362.530591,28.620268,294.180958,,,,,,,,,,,,,,,,,,,,,,,,,,,,,,,,,,,None,Continue,0,None,,,,,,1,6097.652832,432.371399,0.713824,11027861.328125,,,,,,,,,,,,,,800.187805,0,0,1,1,0.63007,0,0,0
0,ASCENT,7,0,1,None,Holding,0,92.586192,407.818445,0,0,0,0,0.000009,1573201.683976,0.99871,0,0,0,0,,0,0,0,0,0,0,0,0,0,0,0,0,0,0,0,0,0,0,0,0,0.0399,-6362.530591,28.620268,294.247823,,,,,,,,,,,,,,,,,,,,,,,,,,,,,,,,,,,None,Continue,0,None,,,,,,1,6097.652832,432.371399,0.713824,11027861.328125,,,,,,,,,,,,,,780.188293,0,0,1,1,0.63007,0,0,0
0,ASCENT,7,0,1,None,Holding,0,92.586192,407.818445,0,0,0,0,0.000009,1573201.683976,0.99871,0,0,0,0,,0,0,0,0,0,0,0,0,0,0,0,0,0,0,0,0,0,0,0,0,0.0399,-6362.530591,28.620268,294.313016,,,,,,,,,,,,,,,,,,,,,,,,,,,,,,,,,,,None,Continue,0,None,,,,,,1,6097.652832,432.371399,0.713824,11027861.328125,,,,,,,,,,,,,,760.249756,0,0,1,1,0.630069,0,0,0
0,ASCENT,7,0,1,None,Holding,0,92.586192,407.818445,0,0,0,0,0.000009,1573201.683976,0.99871,0,0,0,0,,0,0,0,0,0,0,0,0,0,0,0,0,0,0,0,0,0,0,0,0,0.0399,-6362.530591,28.620268,294.376544,,,,,,,,,,,,,,,,,,,,,,,,,,,,,,,,,,,None,Continue,0,None,,,,,,1,6097.651855,432.371399,0.713824,11027861.328125,,,,,,,,,,,,,,740.250244,0,0,1,1,0.630068,0,0,0
0,ASCENT,7,0,1,None,Holding,0,92.586192,407.818445,0,0,0,0,0.000009,1573201.683976,0.99871,0,0,0,0,,0,0,0,0,0,0,0,0,0,0,0,0,0,0,0,0,0,0,0,0,0.0399,-6362.530591,28.620268,294.4384,,,,,,,,,,,,,,,,,,,,,,,,,,,,,,,,,,,None,Continue,0,None,,,,,,1,6097.651855,432.371399,0.713824,11027861.328125,,,,,,,,,,,,,,720.250732,0,0,1,1,0.630068,0,0,0
0,ASCENT,7,0,1,None,Holding,0,92.586192,407.818445,0,0,0,0,0.000009,1573201.683976,0.99871,0,0,0,0,,0,0,0,0,0,0,0,0,0,0,0,0,0,0,0,0,0,0,0,0,0.0399,-6362.530591,28.620268,294.498585,,,,,,,,,,,,,,,,,,,,,,,,,,,,,,,,,,,None,Continue,0,None,,,,,,1,6097.651855,432.371399,0.713824,11027861.328125,,,,,,,,,,,,,,700.251221,0,0,1,1,0.630067,0,0,0
0,ASCENT,7,0,1,None,Holding,0,92.586192,407.818445,0,0,0,0,0.000009,1573201.676346,0.99871,0,0,0,0,,0,0,0,0,0,0,0,0,0,0,0,0,0,0,0,0,0,0,0,0,0.0399,-6362.530591,28.620268,294.5571,,,,,,,,,,,,,,,,,,,,,,,,,,,,,,,,,,,None,Continue,0,None,,,,,,1,6097.651855,432.371399,0.713824,11027861.328125,,,,,,,,,,,,,,680.312683,0,0,1,1,0.630066,0,0,0
0,ASCENT,7,0,1,None,Holding,0,92.586192,407.818445,0,0,0,0,0.000009,1573201.676346,0.99871,0,0,0,0,,0,0,0,0,0,0,0,0,0,0,0,0,0,0,0,0,0,0,0,0,0.0399,-6362.530591,28.620268,294.613947,,,,,,,,,,,,,,,,,,,,,,,,,,,,,,,,,,,None,Continue,0,None,,,,,,1,6097.651855,432.371399,0.713824,11027861.328125,,,,,,,,,,,,,,660.313171,0,0,1,1,0.630065,0,0,0
0,ASCENT,7,0,1,None,Holding,0,92.586192,407.818445,0,0,0,0,0.000009,1573201.676346,0.99871,0,0,0,0,,0,0,0,0,0,0,0,0,0,0,0,0,0,0,0,0,0,0,0,0,0.0399,-6362.530591,28.620268,294.669124,,,,,,,,,,,,,,,,,,,,,,,,,,,,,,,,,,,None,Continue,0,None,,,,,,1,6097.651855,432.371399,0.713824,11027861.328125,,,,,,,,,,,,,,640.31366,0,0,1,1,0.630065,0,0,0
0,ASCENT,7,0,1,None,Holding,0,92.586192,407.818445,0,0,0,0,0.000009,1573201.676346,0.99871,0,0,0,0,,0,0,0,0,0,0,0,0,0,0,0,0,0,0,0,0,0,0,0,0,0.0399,-6362.530591,28.620268,294.72263,,,,,,,,,,,,,,,,,,,,,,,,,,,,,,,,,,,None,Continue,0,None,,,,,,1,6097.651855,432.371399,0.713824,11027861.328125,,,,,,,,,,,,,,620.375122,0,0,1,1,0.630064,0,0,0
0,ASCENT,7,0,1,None,Holding,0,92.586192,407.818445,0,0,0,0,0.000009,1573201.645829,0.99871,0,0,0,0,,0,0,0,0,0,0,0,0,0,0,0,0,0,0,0,0,0,0,0,0,0.0399,-6362.530591,28.620268,294.774469,,,,,,,,,,,,,,,,,,,,,,,,,,,,,,,,,,,None,Continue,0,None,,,,,,1,6097.651367,432.371399,0.713824,11027861.328125,,,,,,,,,,,,,,600.37561,0,0,1,1,0.630063,0,0,0
0,ASCENT,7,0,1,None,Holding,0,92.586192,407.818445,0,0,0,0,0.000009,1573201.645829,0.99871,0,0,0,0,,0,0,0,0,0,0,0,0,0,0,0,0,0,0,0,0,0,0,0,0,0.0399,-6362.530591,28.620268,294.824638,,,,,,,,,,,,,,,,,,,,,,,,,,,,,,,,,,,None,Continue,0,None,,,,,,1,6097.651367,432.371399,0.713824,11027861.328125,,,,,,,,,,,,,,580.376099,0,0,1,1,0.630063,0,0,0
0,ASCENT,7,0,1,None,Holding,0,92.586192,407.818445,0,0,0,0,0.000009,1573201.645829,0.99871,0,0,0,0,,0,0,0,0,0,0,0,0,0,0,0,0,0,0,0,0,0,0,0,0,0.0399,-6362.530591,28.620268,294.873135,,,,,,,,,,,,,,,,,,,,,,,,,,,,,,,,,,,None,Continue,0,None,,,,,,1,6097.651367,432.371399,0.713824,11027861.328125,,,,,,,,,,,,,,560.437561,0,0,1,1,0.630062,0,0,0
0,ASCENT,7,0,1,None,Holding,0,92.586192,407.818445,0,0,0,0,0.000009,1573201.638199,0.99871,0,0,0,0,,0,0,0,0,0,0,0,0,0,0,0,0,0,0,0,0,0,0,0,0,0.0399,-6362.530591,28.620268,294.919966,,,,,,,,,,,,,,,,,,,,,,,,,,,,,,,,,,,None,Continue,0,None,,,,,,1,6097.651367,432.371399,0.713824,11027861.328125,,,,,,,,,,,,,,540.438049,0,0,1,1,0.630061,0,0,0
0,ASCENT,7,0,1,None,Holding,0,92.586192,407.818445,0,0,0,0,0.000009,1573201.638199,0.99871,0,0,0,0,,0,0,0,0,0,0,0,0,0,0,0,0,0,0,0,0,0,0,0,0,0.0399,-6362.530591,28.620268,294.965125,,,,,,,,,,,,,,,,,,,,,,,,,,,,,,,,,,,None,Continue,0,None,,,,,,1,6097.651367,432.371399,0.713824,11027861.328125,,,,,,,,,,,,,,520.438538,0,0,1,1,0.630061,0,0,0
0,ASCENT,7,0,1,None,Holding,0,92.586192,407.818445,0,0,0,0,0.000009,1573201.638199,0.99871,0,0,0,0,,0,0,0,0,0,0,0,0,0,0,0,0,0,0,0,0,0,0,0,0,0.0399,-6362.530591,28.620268,295.008614,,,,,,,,,,,,,,,,,,,,,,,,,,,,,,,,,,,None,Continue,0,None,,,,,,1,6097.651367,432.371399,0.713824,11027861.328125,,,,,,,,,,,,,,500.5,0,0,1,1,0.63006,0,0,0
0,ASCENT,7,0,1,None,Holding,0,92.586192,407.818445,0,0,0,0,0.000009,1573201.638199,0.99871,0,0,0,0,,0,0,0,0,0,0,0,0,0,0,0,0,0,0,0,0,0,0,0,0,0.0399,-6362.530591,28.620268,295.050437,,,,,,,,,,,,,,,,,,,,,,,,,,,,,,,,,,,None,Continue,0,None,,,,,,1,6097.651367,432.371399,0.713824,11027861.328125,,,,,,,,,,,,,,480.500488,0,0,1,1,0.630059,0,0,0
0,ASCENT,7,0,1,None,Holding,0,92.586192,407.818445,0,0,0,0,0.000009,1573201.638199,0.99871,0,0,0,0,,0,0,0,0,0,0,0,0,0,0,0,0,0,0,0,0,0,0,0,0,0.0399,-6362.530591,28.620268,295.090588,,,,,,,,,,,,,,,,,,,,,,,,,,,,,,,,,,,None,Continue,0,None,,,,,,1,6097.651367,432.371399,0.713824,11027861.328125,,,,,,,,,,,,,,460.500977,0,0,1,1,0.630059,0,0,0
0,ASCENT,7,0,1,None,Holding,0,92.586192,407.818445,0,0,0,0,0.000009,1573201.638199,0.99871,0,0,0,0,,0,0,0,0,0,0,0,0,0,0,0,0,0,0,0,0,0,0,0,0,0.0399,-6362.530591,28.620268,295.129068,,,,,,,,,,,,,,,,,,,,,,,,,,,,,,,,,,,None,Continue,0,None,,,,,,1,6097.650818,432.371399,0.713824,11027861.328125,,,,,,,,,,,,,,440.562439,0,0,1,1,0.630058,0,0,0
0,ASCENT,7,0,1,None,Holding,0,92.586192,407.818445,0,0,0,0,0.000009,1573201.638199,0.99871,0,0,0,0,,0,0,0,0,0,0,0,0,0,0,0,0,0,0,0,0,0,0,0,0,0.0399,-6362.530591,28.620268,295.165882,,,,,,,,,,,,,,,,,,,,,,,,,,,,,,,,,,,None,Continue,0,None,,,,,,1,6097.650818,432.371399,0.713824,11027861.328125,,,,,,,,,,,,,,420.562927,0,0,1,1,0.630058,0,0,0
0,ASCENT,7,0,1,None,Holding,0,92.586192,407.818445,0,0,0,0,0.000009,1573201.638199,0.99871,0,0,0,0,,0,0,0,0,0,0,0,0,0,0,0,0,0,0,0,0,0,0,0,0,0.0399,-6362.530591,28.620268,295.201025,,,,,,,,,,,,,,,,,,,,,,,,,,,,,,,,,,,None,Continue,0,None,,,,,,1,6097.650818,432.371399,0.713824,11027861.328125,,,,,,,,,,,,,,400.563416,0,0,1,1,0.630057,0,0,0
0,ASCENT,7,0,1,None,Holding,0,92.586192,407.818445,0,0,0,0,0.000009,1573201.638199,0.99871,0,0,0,0,,0,0,0,0,0,0,0,0,0,0,0,0,0,0,0,0,0,0,0,0,0.0399,-6362.530591,28.620268,295.234497,,,,,,,,,,,,,,,,,,,,,,,,,,,,,,,,,,,None,Continue,0,None,,,,,,1,6097.650818,432.371399,0.713824,11027861.328125,,,,,,,,,,,,,,380.624878,0,0,1,1,0.630057,0,0,0
0,ASCENT,7,0,1,None,Holding,0,92.586192,407.818445,0,0,0,0,0.000009,1573201.638199,0.99871,0,0,0,0,,0,0,0,0,0,0,0,0,0,0,0,0,0,0,0,0,0,0,0,0,0.0399,-6362.530591,28.620268,295.266302,,,,,,,,,,,,,,,,,,,,,,,,,,,,,,,,,,,None,Continue,0,None,,,,,,1,6097.650818,432.371399,0.713824,11027861.328125,,,,,,,,,,,,,,360.625366,0,0,1,1,0.630056,0,0,0
0,ASCENT,7,0,1,None,Holding,0,92.586192,407.818445,0,0,0,0,0.000009,1573201.63057,0.99871,0,0,0,0,,0,0,0,0,0,0,0,0,0,0,0,0,0,0,0,0,0,0,0,0,0.0399,-6362.530591,28.620268,295.296437,,,,,,,,,,,,,,,,,,,,,,,,,,,,,,,,,,,None,Continue,0,None,,,,,,1,6097.650818,432.371399,0.713824,11027861.328125,,,,,,,,,,,,,,340.625854,0,0,1,1,0.630056,0,0,0
0,ASCENT,7,0,1,None,Holding,0,92.586192,407.818445,0,0,0,0,0.000009,1573201.63057,0.99871,0,0,0,0,,0,0,0,0,0,0,0,0,0,0,0,0,0,0,0,0,0,0,0,0,0.0399,-6362.530591,28.620268,295.3249,,,,,,,,,,,,,,,,,,,,,,,,,,,,,,,,,,,None,Continue,0,None,,,,,,1,6097.650818,432.371399,0.713824,11027861.328125,,,,,,,,,,,,,,320.687317,0,0,1,1,0.630055,0,0,0
0,ASCENT,7,0,1,None,Holding,0,92.586192,407.818445,0,0,0,0,0.000009,1573201.63057,0.99871,0,0,0,0,,0,0,0,0,0,0,0,0,0,0,0,0,0,0,0,0,0,0,0,0,0.0399,-6362.530591,28.620268,295.351697,,,,,,,,,,,,,,,,,,,,,,,,,,,,,,,,,,,None,Continue,0,None,,,,,,1,6097.650818,432.371399,0.713824,11027861.328125,,,,,,,,,,,,,,300.687805,0,0,1,1,0.630055,0,0,0
0,ASCENT,7,0,1,None,Holding,0,92.586192,407.818445,0,0,0,0,0.000009,1573201.63057,0.99871,0,0,0,0,,0,0,0,0,0,0,0,0,0,0,0,0,0,0,0,0,0,0,0,0,0.0399,-6362.530591,28.620268,295.376823,,,,,,,,,,,,,,,,,,,,,,,,,,,,,,,,,,,None,Continue,0,None,,,,,,1,6097.65033,432.371399,0.713824,11027861.328125,,,,,,,,,,,,,,280.688293,0,0,1,1,0.630054,0,0,0
0,ASCENT,7,0,1,None,Holding,0,92.586192,407.818445,0,0,0,0,0.000009,1573201.63057,0.99871,0,0,0,0,,0,0,0,0,0,0,0,0,0,0,0,0,0,0,0,0,0,0,0,0,0.0399,-6362.530591,28.620268,295.400278,,,,,,,,,,,,,,,,,,,,,,,,,,,,,,,,,,,None,Continue,0,None,,,,,,1,6097.65033,432.371399,0.713824,11027861.328125,,,,,,,,,,,,,,260.749756,0,0,1,1,0.630054,0,0,0
0,ASCENT,7,0,1,None,Holding,0,92.586192,407.818445,0,0,0,0,0.000009,1573201.63057,0.99871,0,0,0,0,,0,0,0,0,0,0,0,0,0,0,0,0,0,0,0,0,0,0,0,0,0.0399,-6362.530591,28.620268,295.422066,,,,,,,,,,,,,,,,,,,,,,,,,,,,,,,,,,,None,Continue,0,None,,,,,,1,6097.65033,432.371399,0.713824,11027861.328125,,,,,,,,,,,,,,240.750244,0,0,1,1,0.630053,0,0,0
0,ASCENT,7,0,1,None,Holding,0,92.586192,407.818445,0,0,0,0,0.000009,1573201.63057,0.99871,0,0,0,0,,0,0,0,0,0,0,0,0,0,0,0,0,0,0,0,0,0,0,0,0,0.0399,-6362.530591,28.620268,295.442184,,,,,,,,,,,,,,,,,,,,,,,,,,,,,,,,,,,None,Continue,0,None,,,,,,1,6097.65033,432.371399,0.713824,11027861.328125,,,,,,,,,,,,,,220.750732,0,0,1,1,0.630053,0,0,0
0,ASCENT,7,0,1,None,Holding,0,92.586192,407.818445,0,0,0,0,0.000009,1573201.63057,0.99871,0,0,0,0,,0,0,0,0,0,0,0,0,0,0,0,0,0,0,0,0,0,0,0,0,0.0399,-6362.530591,28.620268,295.46063,,,,,,,,,,,,,,,,,,,,,,,,,,,,,,,,,,,None,Continue,0,None,,,,,,1,6097.65033,432.371399,0.713824,11027861.328125,,,,,,,,,,,,,,200.751221,0,0,1,1,0.630053,0,0,0
0,ASCENT,7,0,1,None,Holding,0,92.586192,407.818445,0,0,0,0,0.000009,1573201.63057,0.99871,0,0,0,0,,0,0,0,0,0,0,0,0,0,0,0,0,0,0,0,0,0,0,0,0,0.0399,-6362.530591,28.620268,295.477405,,,,,,,,,,,,,,,,,,,,,,,,,,,,,,,,,,,None,Continue,0,None,,,,,,1,6097.65033,432.371399,0.713824,11027861.328125,,,,,,,,,,,,,,180.812683,0,0,1,1,0.630052,0,0,0
0,ASCENT,7,0,1,None,Holding,0,92.586192,407.818445,0,0,0,0,0.000009,1573201.63057,0.99871,0,0,0,0,,0,0,0,0,0,0,0,0,0,0,0,0,0,0,0,0,0,0,0,0,0.0399,-6362.530591,28.620268,295.492514,,,,,,,,,,,,,,,,,,,,,,,,,,,,,,,,,,,None,Continue,0,None,,,,,,1,6097.65033,432.371399,0.713824,11027861.328125,,,,,,,,,,,,,,160.813171,0,0,1,1,0.630052,0,0,0
0,ASCENT,7,0,1,None,Holding,0,92.586192,407.818445,0,0,0,0,0.000009,1573201.63057,0.99871,0,0,0,0,,0,0,0,0,0,0,0,0,0,0,0,0,0,0,0,0,0,0,0,0,0.0399,-6362.530591,28.620268,295.505952,,,,,,,,,,,,,,,,,,,,,,,,,,,,,,,,,,,None,Continue,0,None,,,,,,1,6097.65033,432.371399,0.713824,11027861.328125,,,,,,,,,,,,,,140.81366,0,0,1,1,0.630052,0,0,0
0,ASCENT,7,0,1,None,Holding,0,92.586192,407.818445,0,0,0,0,0.000009,1573201.63057,0.99871,0,0,0,0,,0,0,0,0,0,0,0,0,0,0,0,0,0,0,0,0,0,0,0,0,0.0399,-6362.530591,28.620268,295.517718,,,,,,,,,,,,,,,,,,,,,,,,,,,,,,,,,,,None,Continue,0,None,,,,,,1,6097.649841,432.371399,0.713824,11027861.328125,,,,,,,,,,,,,,120.875122,0,0,1,1,0.630052,0,0,0
0,ASCENT,7,0,1,None,Holding,0,92.586192,407.818445,0,0,0,0,0.000009,1573201.63057,0.99871,0,0,0,0,,0,0,0,0,0,0,0,0,0,0,0,0,0,0,0,0,0,0,0,0,0.0399,-6362.530591,28.620268,295.527819,,,,,,,,,,,,,,,,,,,,,,,,,,,,,,,,,,,None,Continue,0,None,,,,,,1,6097.649841,432.371399,0.713824,11027861.328125,,,,,,,,,,,,,,100.87561,0,0,1,1,0.630051,0,0,0
0,ASCENT,7,0,1,None,Holding,0,92.586192,407.818445,0,0,0,0,0.000009,1573201.63057,0.99871,0,0,0,0,,0,0,0,0,0,0,0,0,0,0,0,0,0,0,0,0,0,0,0,0,0.0399,-6362.530591,28.620268,295.536248,,,,,,,,,,,,,,,,,,,,,,,,,,,,,,,,,,,None,Continue,0,None,,,,,,1,6097.649841,432.371399,0.713824,11027861.328125,,,,,,,,,,,,,,80.876099,0,0,1,1,0.630051,0,0,0
0,ASCENT,7,0,1,None,Holding,0,92.586192,407.818445,0,0,0,0,0.000009,1573201.63057,0.99871,0,0,0,0,,0,0,0,0,0,0,0,0,0,0,0,0,0,0,0,0,0,0,0,0,0.0399,-6362.530591,28.620268,295.543006,,,,,,,,,,,,,,,,,,,,,,,,,,,,,,,,,,,None,Continue,0,None,,,,,,1,6097.649841,432.371399,0.713824,11027861.328125,,,,,,,,,,,,,,60.937561,0,0,1,1,0.631236,0,0,0
0,ASCENT,7,0,1,None,Holding,0,92.586192,407.818445,0,0,0,0,0.000009,1573201.63057,0.99871,0,0,0,0,,0,0,0,0,0,0,0,0,0,0,0,0,0,0,0,0,0,0,0,0,0.0399,-6362.530591,28.620268,295.548098,,,,,,,,,,,,,,,,,,,,,,,,,,,,,,,,,,,None,Continue,0,None,,,,,,1,6097.649841,432.371399,0.713824,11027861.328125,,,,,,,,,,,,,,40.938049,0,0,1,1,0.631742,0,0,0
0,ASCENT,7,0,1,None,Holding,0,92.586192,407.818445,0,0,0,0,0.000009,1573201.63057,0.99871,0,0,0,0,,0,0,0,0,0,0,0,0,0,0,0,0,0,0,0,0,0,0,0,0,0.0399,-6362.530591,28.620268,295.551519,,,,,,,,,,,,,,,,,,,,,,,,,,,,,,,,,,,None,Continue,0,None,,,,,,1,6097.649841,432.371399,0.713824,11027861.328125,,,,,,,,,,,,,,20.938538,0,0,1,1,0.631987,0,0,0
0,ASCENT,7,0,1,None,Holding,0,92.586192,407.818445,0,0,0,0,0.000009,1573201.63057,0.99871,0,0,0,0,,0,0,0,0,0,0,0,0,0,0,0,0,0,0,0,0,0,0,0,0,0.0399,-6362.530591,28.620268,295.553269,,,,,,,,,,,,,,,,,,,,,,,,,,,,,,,,,,,None,Continue,0,None,,,,,,1,6097.649841,432.371399,0.713824,11027861.328125,,,,,,,,,,,,,,1,0,0,1,1,0.632091,0,0,0
0,ASCENT,7,0,1,None,Holding,0,92.58792,407.818433,0.002269,-0.002249,0,0.000002,0.000781,1573201.63057,0.99871,0,0,0,0,,0,0,0,0,0,0,0,0,0,0,0,0,-0.002962,-0.000816,0.001106,0,883663,20242.822266,888372.9375,0,0.039901,-6362.530591,28.620268,295.554183,,,,,,,,,,,,,,,,,,,,,,,,,,,,,,,,,,,None,Continue,0,None,,,,,,1,6097.650818,432.371399,0.713824,11027861.328125,,,,,,,,,,,,,,1,0,0,1,1,0.632149,0,0,0
0,ASCENT,7,0,1,None,Holding,0,92.58788,407.818495,0.000342,0.000273,0,0.000001,0.00076,1573201.63057,0.998577,0,0,0,0,,0,0,0,0,0,0,0,0,0,0,0,0,0.004728,0.001333,-0.000677,0,883651.5625,20242.791016,888361.5,0,0.039901,-6362.530588,28.620268,295.555417,,,,,,,,,,,,,,,,,,,,,,,,,,,,,,,,,,,None,Continue,0,None,,,,,,1,6097.649841,432.371399,0.713824,11027861.328125,,,,,,,,,,,,,,1,0,0,1,1,0.632129,0,0,0
0,ASCENT,7,0,1,None,Holding,0,92.587882,407.818311,0.000321,0.000189,0,0.000001,0.000786,1573201.63057,0.998555,0,0,0,0,,0,0,0,0,0,0,0,0,0,0,0,0,-0.004315,-0.000403,0.002126,0,883651.8125,20242.802734,888361.75,0,0.039901,-6362.530596,28.620268,295.556379,,,,,,,,,,,,,,,,,,,,,,,,,,,,,,,,,,,None,Continue,0,None,,,,,,1,6097.649841,432.371399,0.713824,11027861.328125,,,,,,,,,,,,,,1,0,0,1,1,0.632186,0,0,0
0,ASCENT,7,0,1,None,Holding,0,92.587878,407.81853,0.000386,0.000281,0,0.000001,0.000761,1573201.63057,0.998689,0,0,0,0,,0,0,0,0,0,0,0,0,0,0,0,0,0.004785,0.001297,-0.001103,0,883651.875,20242.789063,888361.8125,0,0.039901,-6362.530587,28.620268,295.557604,,,,,,,,,,,,,,,,,,,,,,,,,,,,,,,,,,,None,Continue,0,None,,,,,,1,6097.649841,432.371399,0.713824,11027861.328125,,,,,,,,,,,,,,1,0,0,1,1,0.632239,0,0,0
0,ASCENT,7,0,1,None,Holding,0,92.587884,407.818347,0.000392,0.000274,0,0.000001,0.000779,1573201.63057,0.998711,0,0,0,0,,0,0,0,0,0,0,0,0,0,0,0,0,-0.004785,-0.00076,0.001776,0,883651.875,20242.798828,888361.8125,0,0.039901,-6362.530595,28.620268,295.55854,,,,,,,,,,,,,,,,,,,,,,,,,,,,,,,,,,,None,Continue,0,None,,,,,,1,6097.649841,432.371399,0.713824,11027861.328125,,,,,,,,,,,,,,1,0,0,1,1,0.632287,0,0,0
0,ASCENT,7,0,1,None,Holding,0,92.587887,407.818582,0.000416,0.000305,0,0.000001,0.000754,1573201.63057,0.998739,0,0,0,0,,0,0,0,0,0,0,0,0,0,0,0,0,0.004267,0.00128,-0.001325,0,883651.8125,20242.785156,888361.75,0,0.039901,-6362.530585,28.620268,295.559776,,,,,,,,,,,,,,,,,,,,,,,,,,,,,,,,,,,None,Continue,0,None,,,,,,1,6097.649841,432.371399,0.713824,11027861.328125,,,,,,,,,,,,,,1,0,0,1,1,0.632331,0,0,0
0,ASCENT,7,0,1,None,Holding,0,92.587882,407.818375,0.000289,0.000258,0,0.000001,0.000773,1573201.63057,0.998674,0,0,0,0,,0,0,0,0,0,0,0,0,0,0,0,0,-0.004107,-0.000913,0.002165,0,883651.6875,20242.792969,888361.6875,0,0.039901,-6362.530593,28.620268,295.560758,,,,,,,,,,,,,,,,,,,,,,,,,,,,,,,,,,,None,Continue,0,None,,,,,,1,6097.649841,432.371399,0.713824,11027861.328125,,,,,,,,,,,,,,1,0,0,1,1,0.632372,0,0,0
0,ASCENT,7,0,1,None,Holding,0,92.587873,407.818503,0.000288,0.000189,0,0.000001,0.000767,1573201.63057,0.998676,0,0,0,0,,0,0,0,0,0,0,0,0,0,0,0,0,0.004792,0.001508,-0.000855,0,883651.625,20242.791016,888361.625,0,0.039901,-6362.530588,28.620268,295.561937,,,,,,,,,,,,,,,,,,,,,,,,,,,,,,,,,,,None,Continue,0,None,,,,,,1,6097.649841,432.371399,0.713824,11027861.328125,,,,,,,,,,,,,,1,0,0,1,1,0.632396,0,0,0
0,ASCENT,7,0,1,None,Holding,0,92.587877,407.818355,0.000574,0.000421,0,0.000001,0.000779,1573201.63057,0.998774,0,0,0,0,,0,0,0,0,0,0,0,0,0,0,0,0,-0.00594,-0.000723,0.001675,0,883651.5625,20242.796875,888361.5,0,0.039901,-6362.530594,28.620268,295.562851,,,,,,,,,,,,,,,,,,,,,,,,,,,,,,,,,,,None,Continue,0,None,,,,,,1,6097.649841,432.371399,0.713824,11027861.328125,,,,,,,,,,,,,,1,0,0,1,1,0.632432,0,0,0
0,ASCENT,7,0,1,None,Holding,0,92.587878,407.818525,0.000381,0.000275,0,0.000001,0.000764,1573201.63057,0.998705,0,0,0,0,,0,0,0,0,0,0,0,0,0,0,0,0,0.004994,0.001456,-0.000999,0,883652,20242.796875,888361.9375,0,0.039901,-6362.530587,28.620268,295.564122,,,,,,,,,,,,,,,,,,,,,,,,,,,,,,,,,,,None,Continue,0,None,,,,,,1,6097.649841,432.371399,0.713824,11027861.328125,,,,,,,,,,,,,,1,0,0,1,1,0.632466,0,0,0
0,ASCENT,7,0,1,None,Holding,0,92.587872,407.818377,0.000351,0.000232,0,0.000001,0.000769,1573201.63057,0.99872,0,0,0,0,,0,0,0,0,0,0,0,0,0,0,0,0,-0.00436,-0.000985,0.001677,0,883651.5625,20242.792969,888361.5,0,0.039901,-6362.530593,28.620268,295.56506,,,,,,,,,,,,,,,,,,,,,,,,,,,,,,,,,,,None,Continue,0,None,,,,,,1,6097.649841,432.371399,0.713824,11027861.328125,,,,,,,,,,,,,,1,0,0,1,1,0.632497,0,0,0
0,ASCENT,7,0,1,None,Holding,0,92.58788,407.818513,0.000376,0.000254,0,0.000001,0.000764,1573201.63057,0.998741,0,0,0,0,,0,0,0,0,0,0,0,0,0,0,0,0,0.005037,0.001768,-0.00105,0,883651.9375,20242.800781,888361.875,0,0.039901,-6362.530588,28.620268,295.5663,,,,,,,,,,,,,,,,,,,,,,,,,,,,,,,,,,,None,Continue,0,None,,,,,,1,6097.649841,432.371399,0.713824,11027861.328125,,,,,,,,,,,,,,1,0,0,1,1,0.632525,0,0,0
0,ASCENT,7,0,1,None,Holding,0,92.58787,407.818454,0.000251,0.000153,0,0.000001,0.000753,1573201.63057,0.998657,0,0,0,0,,0,0,0,0,0,0,0,0,0,0,0,0,0.004165,0.00144,-0.000894,0,883651.875,20242.78125,888361.8125,0,0.039901,-6362.53059,28.620268,295.567365,,,,,,,,,,,,,,,,,,,,,,,,,,,,,,,,,,,None,Continue,0,None,,,,,,1,6097.649841,432.371399,0.713824,11027861.328125,,,,,,,,,,,,,,1,0,0,1,1,0.632552,0,0,0
0,ASCENT,7,0,1,None,Holding,0,92.587881,407.81837,0.000459,0.000291,0,0.000001,0.000771,1573201.63057,0.998728,0,0,0,0,,0,0,0,0,0,0,0,0,0,0,0,0,-0.006469,-0.00132,0.00163,0,883651.625,20242.792969,888361.5625,0,0.039901,-6362.530594,28.620268,295.568292,,,,,,,,,,,,,,,,,,,,,,,,,,,,,,,,,,,None,Continue,0,None,,,,,,1,6097.649841,432.371399,0.713824,11027861.328125,,,,,,,,,,,,,,1,0,0,1,1,0.632577,0,0,0
0,ASCENT,7,0,1,None,Holding,0,92.587879,407.818509,0.000349,0.000242,0,0.000001,0.000767,1573201.63057,0.998691,0,0,0,0,,0,0,0,0,0,0,0,0,0,0,0,0,0.005076,0.00162,-0.000987,0,883652,20242.798828,888361.9375,0,0.039901,-6362.530588,28.620268,295.569551,,,,,,,,,,,,,,,,,,,,,,,,,,,,,,,,,,,None,Continue,0,None,,,,,,1,6097.649841,432.371399,0.713824,11027861.328125,,,,,,,,,,,,,,1,0,0,1,1,0.6326,0,0,0
0,ASCENT,7,0,1,None,Holding,0,92.587893,407.818389,0.000483,0.000418,0,0.000001,0.000772,1573201.63057,0.998746,0,0,0,1,,0,0,0,0,0.012537,0,-0.000072,-1,1,-1,0,0,-0.00411,-0.000743,0.001608,0,883652.0625,20242.794922,888362,0,0.039901,-6362.530593,28.620268,295.570497,1,0,0,0,0,90,42.787855,VerticalRise,,,,,,,,,,,,,,,,,,,,,,,,,,,None,Continue,0,None,0,,0,0,1,1,6097.649841,432.371399,0.713824,11027861.328125,0,0,0,,,,0,0,,,,,,1,0,0,1,1,0.632614,0,0,0
0,ASCENT,7,0,1,None,Holding,0,92.587883,407.818507,0.000402,0.000285,0,0.000001,0.00077,1573201.63057,0.998734,0,0,0,1,,0,0,0,0,0.012593,0,0.000087,1,-1,1,0,0,0.004983,0.001391,-0.000975,0,883652.0625,20242.791016,888362,0,0.039901,-6362.530588,28.620268,295.571733,1,0,0,0,0,90,42.787855,VerticalRise,,,,,,,,,,,,,,,,,,,,,,,,,,,None,Continue,0,None,0,,0,0,1,1,6097.649841,432.371399,0.713824,11027861.328125,0,0,0,,,,0,0,,,,,,1,0,0,1,1,0.632635,0,0,0
0,ASCENT,7,0,1,None,Holding,0,92.587878,407.818342,0.000329,0.000269,0,0.000001,0.000782,1573201.63057,0.998709,0,0,0,1,,0,0,0,0,0.012565,0,-0.000068,-1,1,-1,0,0,-0.003885,-0.000287,0.001773,0,883651.8125,20242.808594,888361.75,0,0.039901,-6362.530595,28.620268,295.572692,1,0,0,0,0,90,42.787855,VerticalRise,,,,,,,,,,,,,,,,,,,,,,,,,,,None,Continue,0,None,0,,0,0,1,1,6097.649841,432.371399,0.713824,11027861.328125,0,0,0,,,,0,0,,,,,,1,0,0,1,1,0.632646,0,0,0
0,ASCENT,7,0,1,None,Holding,0,92.58789,407.818558,0.000419,0.000339,0,0.000001,0.000756,1573201.63057,0.998724,0,0,0,1,,0,0,0,0,0.01259,0,0.00008,1,-1,1,0,0,0.00457,0.001492,-0.001286,0,883651.875,20242.791016,888361.875,0,0.039901,-6362.530586,28.620268,295.573889,1,0,0,0,0,90,42.787855,VerticalRise,,,,,,,,,,,,,,,,,,,,,,,,,,,None,Continue,0,None,0,,0,0,1,1,6097.649841,432.371399,0.713824,11027861.328125,0,0,0,,,,0,0,,,,,,1,0,0,1,1,0.632665,0,0,0
0,ASCENT,7,0,1,None,Holding,0,92.587892,407.818356,0.000478,0.000407,0,0.000001,0.000775,1573201.63057,0.998728,0,0,0,1,,0,0,0,0,0.01254,0,-0.000077,-1,1,-1,0,0,-0.004433,-0.000855,0.001761,0,883652.1875,20242.796875,888362.125,0,0.039901,-6362.530594,28.620268,295.574842,1,0,0,0,0,90,42.787855,VerticalRise,,,,,,,,,,,,,,,,,,,,,,,,,,,None,Continue,0,None,0,,0,0,1,1,6097.649841,432.371399,0.713824,11027861.328125,0,0,0,,,,0,0,,,,,,1,0,0,1,1,0.632683,0,0,0
0,ASCENT,7,0,1,None,Holding,0,92.587886,407.818527,0.000254,0.000169,0,0.000001,0.000761,1573201.63057,0.998679,0,0,0,1,,0,0,0,0,0.012581,0,0.000103,1,-1,1,0,0,0.00592,0.001576,-0.001124,0,883651.9375,20242.804688,888361.875,0,0.039901,-6362.530587,28.620268,295.576048,1,0,0,0,0,90,42.787855,VerticalRise,,,,,,,,,,,,,,,,,,,,,,,,,,,None,Continue,0,None,0,,0,0,1,1,6097.649841,432.371399,0.713824,11027861.328125,0,0,0,,,,0,0,,,,,,1,0,0,1,1,0.632699,0,0,0
0,ASCENT,7,0,1,None,Holding,0,92.587891,407.818523,0.00051,0.000412,0,0.000001,0.000766,1573201.63057,0.998737,0,0,0,1,,0,0,0,0,0.012593,0,0.000088,1,-1,1,0,0,0.005043,0.001534,-0.000983,0,883652.0625,20242.802734,888362,0,0.039901,-6362.530587,28.620268,295.577169,1,0,0,0,0,90,42.787855,VerticalRise,,,,,,,,,,,,,,,,,,,,,,,,,,,None,Continue,0,None,0,,0,0,1,1,6097.649841,432.371399,0.713824,11027861.328125,0,0,0,,,,0,0,,,,,,1,0,0,1,1,0.632714,0,0,0
0,ASCENT,7,0,1,None,Holding,0,92.587882,407.81837,0.000368,0.000277,0,0.000001,0.000774,1573201.63057,0.998712,0,0,0,1,,0,0,0,0,0.012543,0,-0.000082,-1,1,-1,0,0,-0.004714,-0.000954,0.001595,0,883651.75,20242.792969,888361.6875,0,0.039901,-6362.530594,28.620268,295.578103,1,0,0,0,0,90,42.787855,VerticalRise,,,,,,,,,,,,,,,,,,,,,,,,,,,None,Continue,0,None,0,,0,0,1,1,6097.649841,432.371399,0.713824,11027861.328125,0,0,0,,,,0,0,,,,,,1,0,0,1,1,0.632729,0,0,0
0,ASCENT,7,0,1,None,Holding,0,92.587881,407.81849,0.000308,0.000195,0,0.000001,0.000771,1573201.63057,0.998673,0,0,0,1,,0,0,0,0,0.012596,0,0.000108,1,-1,1,0,0,0.006164,0.001394,-0.000972,0,883651.8125,20242.798828,888361.75,0,0.039901,-6362.530589,28.620268,295.579325,1,0,0,0,0,90,42.787855,VerticalRise,,,,,,,,,,,,,,,,,,,,,,,,,,,None,Continue,0,None,0,,0,0,1,1,6097.649841,432.371399,0.713824,11027861.328125,0,0,0,,,,0,0,,,,,,1,0,0,1,1,0.632742,0,0,0
0,ASCENT,7,0,1,None,Holding,0,92.587876,407.818368,0.000361,0.000197,0,0.000001,0.000776,1573201.63057,0.998698,0,0,0,1,,0,0,0,0,0.012543,0,-0.000082,-1,1,-1,0,0,-0.004678,-0.001267,0.002094,0,883651.75,20242.791016,888361.6875,0,0.039901,-6362.530594,28.620268,295.580257,1,0,0,0,0,90,42.787855,VerticalRise,,,,,,,,,,,,,,,,,,,,,,,,,,,None,Continue,0,None,0,,0,0,1,1,6097.649841,432.371399,0.713824,11027861.328125,0,0,0,,,,0,0,,,,,,1,0,0,1,1,0.632754,0,0,0
0,ASCENT,7,0,1,None,Holding,0,92.58788,407.818545,0.000373,0.000206,0,0.000001,0.000764,1573201.63057,0.998694,0,0,0,1,,0,0,0,0,0.012596,0,0.000083,1,-1,1,0,0,0.00475,0.001403,-0.001055,0,883651.875,20242.785156,888361.8125,0,0.039901,-6362.530586,28.620268,295.581515,1,0,0,0,0,90,42.787855,VerticalRise,,,,,,,,,,,,,,,,,,,,,,,,,,,None,Continue,0,None,0,,0,0,1,1,6097.649841,432.371399,0.713824,11027861.328125,0,0,0,,,,0,0,,,,,,1,0,0,1,1,0.632766,0,0,0
0,ASCENT,7,0,1,None,Holding,0,92.587874,407.818392,0.00048,0.000354,0,0.000001,0.000772,1573201.63057,0.998738,0,0,0,1,,0,0,0,0,0.012515,0,-0.00011,-1,1,-1,0,0,-0.006304,-0.001119,0.001485,0,883652,20242.800781,888361.9375,0,0.039901,-6362.530593,28.620268,295.582421,1,0,0,0,0,90,42.787855,VerticalRise,,,,,,,,,,,,,,,,,,,,,,,,,,,None,Continue,0,None,0,,0,0,1,1,6097.649841,432.371399,0.713824,11027861.328125,0,0,0,,,,0,0,,,,,,1,0,0,1,1,0.632777,0,0,0
0,ASCENT,7,0,1,None,Holding,0,92.587878,407.818485,0.000269,0.000218,0,0.000001,0.000758,1573201.63057,0.998697,0,0,0,1,,0,0,0,0,0.012593,0,0.000104,1,-1,1,0,0,0.005955,0.001319,-0.001168,0,883652.0625,20242.798828,888362,0,0.039901,-6362.530589,28.620268,295.583646,1,0,0,0,0,90,42.787855,VerticalRise,,,,,,,,,,,,,,,,,,,,,,,,,,,None,Continue,0,None,0,,0,0,1,1,6097.649841,432.371399,0.713824,11027861.328125,0,0,0,,,,0,0,,,,,,1,0,0,1,1,0.632787,0,0,0
0,ASCENT,7,0,1,None,Holding,0,92.587889,407.818343,0.000415,0.000293,0,0.000001,0.000775,1573201.63057,0.998697,0,0,0,1,,0,0,0,0,0.012541,0,-0.000082,-1,1,-1,0,0,-0.004687,-0.000991,0.001698,0,883652.1875,20242.796875,888362.125,0,0.039901,-6362.530595,28.620268,295.584607,1,0,0,0,0,90,42.787855,VerticalRise,,,,,,,,,,,,,,,,,,,,,,,,,,,None,Continue,0,None,0,,0,0,1,1,6097.649841,432.371399,0.713824,11027861.328125,0,0,0,,,,0,0,,,,,,1,0,0,1,1,0.632797,0,0,0
0,ASCENT,7,0,1,None,Holding,0,92.587888,407.818473,0.000298,0.000207,0,0.000001,0.000764,1573201.63057,0.998715,0,0,0,1,,0,0,0,0,0.012595,0,0.000113,1,-1,1,0,0,0.006484,0.001809,-0.000982,0,883651.75,20242.804688,888361.6875,0,0.039901,-6362.530589,28.620268,295.585837,1,0,0,0,0,90,42.787855,VerticalRise,,,,,,,,,,,,,,,,,,,,,,,,,,,None,Continue,0,None,0,,0,0,1,1,6097.649841,432.371399,0.713824,11027861.328125,0,0,0,,,,0,0,,,,,,1,0,0,1,1,0.632806,0,0,0
0,ASCENT,7,0,1,None,Holding,0,92.587876,407.818451,0.000354,0.000316,0,0.000001,0.000762,1573201.63057,0.998719,0,0,0,1,,0,0,0,0,0.012596,0,0.000086,1,-1,1,0,0,0.004912,0.001374,-0.000547,0,883652,20242.794922,888361.9375,0,0.039901,-6362.53059,28.620268,295.586907,1,0,0,0,0,90,42.787855,VerticalRise,,,,,,,,,,,,,,,,,,,,,,,,,,,None,Continue,0,None,0,,0,0,1,1,6097.649841,432.371399,0.713824,11027861.328125,0,0,0,,,,0,0,,,,,,1,0,0,1,1,0.632808,0,0,0
0,ASCENT,7,0,1,None,Holding,0,92.587887,407.818347,0.000371,0.000252,0,0.000001,0.00078,1573201.63057,0.998692,0,0,0,1,,0,0,0,0,0.012541,0,-0.000084,-1,1,-1,0,0,-0.00484,-0.001193,0.002056,0,883651.9375,20242.794922,888361.875,0,0.039901,-6362.530595,28.620268,295.587873,1,0,0,0,0,90,42.787855,VerticalRise,,,,,,,,,,,,,,,,,,,,,,,,,,,None,Continue,0,None,0,,0,0,1,1,6097.649841,432.371399,0.713824,11027861.328125,0,0,0,,,,0,0,,,,,,1,0,0,1,1,0.63282,0,0,0
0,ASCENT,7,0,1,None,Holding,0,92.587877,407.818494,0.000397,0.000323,0,0.000001,0.000766,1573201.63057,0.998741,0,0,0,1,,0,0,0,0,0.0126,0,0.000084,1,-1,1,0,0,0.004838,0.001425,-0.001183,0,883652.0625,20242.794922,888362,0,0.039901,-6362.530588,28.620268,295.589099,1,0,0,0,0,90,42.787855,VerticalRise,,,,,,,,,,,,,,,,,,,,,,,,,,,None,Continue,0,None,0,,0,0,1,1,6097.649841,432.371399,0.713824,11027861.328125,0,0,0,,,,0,0,,,,,,1,0,0,1,1,0.632832,0,0,0
0,ASCENT,7,0,1,None,Holding,0,92.587875,407.818394,0.000403,0.000277,0,0.000001,0.000768,1573201.63057,0.998719,0,0,0,1,,0,0,0,0,0.012533,0,-0.000079,-1,1,-1,0,0,-0.004532,-0.00089,0.001618,0,883651.875,20242.796875,888361.8125,0,0.039901,-6362.530593,28.620268,295.590035,1,0,0,0,0,90,42.787855,VerticalRise,,,,,,,,,,,,,,,,,,,,,,,,,,,None,Continue,0,None,0,,0,0,1,1,6097.649841,432.371399,0.713824,11027861.328125,0,0,0,,,,0,0,,,,,,1,0,0,1,1,0.632842,0,0,0
0,ASCENT,7,0,1,None,Holding,0,92.599562,407.797662,0.265045,0.263417,0.00097,0.000117,0.000603,572932.009198,1.065813,7593122.558594,0,-0.000247,1,,0,0,0,0,0.008218,-0.000247,-0.000334,-0.033133,-0.129751,0.029869,3309.183312,3309.246947,-0.019145,0.028803,-0.029805,130.708924,156884.625,973.237427,156885.359375,0,0.058657,-6362.531409,28.620268,295.596871,1,0.998718,0,0,0,90,42.787855,VerticalRise,,,,,,,,,,,,,,,,,,,,,,,,,,,None,Continue,0,None,8403571.889195,,0,0,1,1,6097.553284,6097.553284,0.713849,11027861.328125,0,1.374809,0.245346,,,,0,0,,,,,,1,1,0,1,1,0.632837,0,0,0
0,ASCENT,7,0,1,None,Holding,0,92.795301,407.80226,1.173202,1.172953,0.365542,0.002278,0.005562,572232.363202,1.297625,7605884.765625,1.178833,0.00002,1,,0,0,0,0,0.006047,0.00002,-0.000261,-0.046322,0.011825,0.000265,7580.456552,7580.493851,-0.014954,0.000531,-0.009942,271.219775,156769.421875,972.061768,156770.140625,0,0.058927,-6362.531284,28.620268,295.596748,1,0.998718,0,0,0,90,42.787855,VerticalRise,,,,,,,,,,,,,,,,,,,,,,,,,,,None,Continue,0,None,7040552.873432,,0,0,1,1,9039.119232,9039.119232,1.962268,11029767.578125,0.000198,3.927872,0.665741,,,,0,0,,,,,,1,1,0,1,1,0.632835,0,0,0
0,ASCENT,7,0,1,None,Holding,0,93.228054,407.805377,2.086719,2.086609,1.699615,0.004912,0.009223,571532.686688,1.356728,7598591.796875,0.584883,0.000063,1,,0,0,0,0,0.003508,0.000063,0.000014,-0.007004,-0.006525,-0.000664,8667.950671,8667.959001,0.000809,-0.0015,-0.011449,306.433516,156654.046875,970.885925,156654.765625,0,0.059519,-6362.531305,28.620268,295.595923,1,0.998718,0,0,0,90,42.787855,VerticalRise,,,,,,,,,,,,,,,,,,,,,,,,,,,None,Continue,0,None,7457599.770198,,0,0,1,1,9037.046692,9037.046692,1.963749,11029789.0625,0.000547,6.480822,0.682889,,,,0,0,,,,,,1,1,0,1,1,0.632826,0,0,0
0.14,ASCENT,7,0,1,None,Holding,0,93.899404,407.811715,3.006934,3.00687,4.030468,0.007565,0.013282,570832.796551,1.358914,7599435.058594,0.372859,0.000051,1,,0,0,0,0,0.001581,0.000051,0.00004,-0.001528,-0.006252,-0.000284,8949.685964,8949.688024,0.002278,-0.000661,-0.006954,315.468046,156538.515625,969.709778,156539.25,0,0.060437,-6362.531279,28.620268,295.595716,1,0.998718,0,0,0,90,42.787855,VerticalRise,,,,,,,,,,,,,,,,,,,,,,,,,,,None,Continue,0,None,7569037.633054,,0,0,1,1,9032.979279,9032.979279,1.966723,11029855.46875,0.000658,9.033949,0.687486,,,,0,0,,,,,,1,1,0,1,1,0.632795,0,0,0
0.4,ASCENT,7,0,1,None,Holding,0,94.810304,407.82013,3.930256,3.930212,7.366492,0.010228,0.017455,570132.997967,1.360468,7606904.296875,0.272171,0.000037,1,,0,0,0,0,0.001344,0.000037,0.000028,-0.001159,-0.004586,-0.00026,9022.305016,9022.305519,0.001626,-0.000606,-0.003499,317.731308,156423.046875,968.533875,156423.78125,0,0.061683,-6362.531253,28.620268,295.595706,1,0.998718,0,0,0,90,42.787855,VerticalRise,,,,,,,,,,,,,,,,,,,,,,,,,,,None,Continue,0,None,7592569.908149,,0,0,1,1,9028.776733,9028.776733,1.9699,11029967.773438,0.000711,11.587119,0.690804,,,,0,0,,,,,,1,1,0,1,1,0.63275,0,0,0
0.66,ASCENT,7,0,1,None,Holding,0,95.962141,407.830515,4.859231,4.859195,11.729434,0.012907,0.021652,569433.046795,1.36262,7616056.640625,0.220397,0.000028,1,,0,0,0,0,0.001642,0.000028,0.000015,-0.001749,-0.002733,-0.000263,9044.456834,9044.457032,0.000874,-0.000616,-0.001193,318.367237,156307.515625,967.357666,156308.25,0,0.063259,-6362.531234,28.620268,295.5957,1,0.998718,0,0,0,90,42.787855,VerticalRise,,,,,,,,,,,,,,,,,,,,,,,,,,,None,Continue,0,None,7599208.403434,,0,0,1,1,9026.839722,9026.839722,1.971402,11030034.179688,0.000742,14.140304,0.694949,,,,0,0,,,,,,1,1,0,1,1,0.632711,0,0,0
0.92,ASCENT,7,0,1,None,Holding,0,97.355863,407.842898,5.791156,5.791124,17.124407,0.015596,0.025928,568733.339764,1.363852,7606691.40625,0.193881,0.000022,1,,0,0,0,0,0.001732,0.000022,0.000006,-0.002165,-0.001785,-0.000266,9049.608627,9049.608842,0.000364,-0.000628,-0.000025,318.444823,156191.890625,966.181702,156192.625,0,0.065167,-6362.531222,28.620268,295.595689,1,0.998718,0,0,0,90,42.787855,VerticalRise,,,,,,,,,,,,,,,,,,,,,,,,,,,None,Continue,0,None,7602136.507471,,0,0,1,1,9023.05072,9023.05072,1.974416,11030195.3125,0.000764,16.693495,0.697873,,,,0,0,,,,,,1,1,0,1,1,0.632679,0,0,0
1.18,ASCENT,7,0,1,None,Holding,0,98.992273,407.857332,6.725269,6.725236,23.55744,0.018295,0.030387,568033.876874,1.364997,7597167.480469,0.180949,0.000019,1,,0,0,0,0,0.001663,0.000019,0.000002,-0.00227,-0.001414,-0.000257,9047.934161,9047.934382,0.000139,-0.00061,0.000487,318.294684,156076.296875,965.006287,156077.03125,0,0.067408,-6362.531213,28.620268,295.595673,1,0.998718,0,0,0,90,42.787855,VerticalRise,,,,,,,,,,,,,,,,,,,,,,,,,,,None,Continue,0,None,7603001.358677,,0,0,1,1,9019.374725,9019.374725,1.977445,11030394.53125,0.000782,19.246687,0.700129,,,,0,0,,,,,,1,1,0,1,1,0.632651,0,0,0
1.44,ASCENT,7,0,1,None,Holding,0,100.872414,407.873945,7.665533,7.665498,31.04821,0.021005,0.035159,567334.169842,1.366768,7602928.710938,0.175264,0.000016,1,,0,0,0,0,0.001505,0.000016,0.000001,-0.002086,-0.000994,-0.000237,9052.783956,9052.784011,0.000065,-0.000559,0.000789,318.378841,155960.53125,963.830383,155961.25,0,0.069986,-6362.531207,28.620268,295.595653,1,0.998718,0,0,0,90,42.787855,VerticalRise,,,,,,,,,,,,,,,,,,,,,,,,,,,None,Continue,0,None,7603123.083617,,0,0,1,1,9017.355377,9017.355377,1.979157,11030522.460938,0.000799,21.799879,0.704835,,,,0,0,,,,,,1,1,0,1,1,0.632626,0,0,0
1.7,ASCENT,7,0,1,None,Holding,0,102.99708,407.892705,8.60752,8.607481,39.594151,0.023723,0.040389,566634.798504,1.367941,7608061.523438,0.173513,0.000015,1,,0,0,0,0,0.00133,0.000015,0,-0.00206,-0.000816,-0.000256,9052.844222,9052.844642,-0.000009,-0.000607,0.000896,318.296497,155844.78125,962.655212,155845.515625,0,0.072901,-6362.531203,28.620268,295.595633,1,0.998718,0,0,0,90,42.787855,VerticalRise,,,,,,,,,,,,,,,,,,,,,,,,,,,None,Continue,0,None,7602958.825103,,0,0,1,1,9013.851471,9013.851471,1.982211,11030778.320313,0.000815,24.35307,0.707751,,,,0,0,,,,,,1,1,0,1,1,0.632603,0,0,0
1.96,ASCENT,7,0,1,None,Holding,0,105.367474,407.913686,9.553275,9.553231,49.230551,0.026457,0.046215,565935.457684,1.369531,7590433.105469,0.173775,0.000014,1,,0,0,0,0,0.001123,0.000014,-0.000003,-0.002338,-0.000739,-0.00024,9050.657182,9050.657406,-0.000153,-0.00057,0.000839,318.135644,155728.9375,961.479858,155729.65625,0,0.076156,-6362.531199,28.620268,295.595611,1,0.998718,0,0,0,90,42.787854,VerticalRise,,,,,,,,,,,,,,,,,,,,,,,,,,,None,Continue,0,None,7602555.238382,,0,0,1,1,9012.141266,9012.141266,1.983744,11030920.898438,0.000831,26.906259,0.711083,,,,0,0,,,,,,1,1,0,1,1,0.632581,0,0,0
2.22,ASCENT,7,0,1,None,Holding,0,107.984606,407.936993,10.505622,10.505573,59.954105,0.029201,0.052742,565235.872723,1.371302,7611490.722656,0.175062,0.000014,1,,0,0,0,0,0.000965,0.000014,-0.000004,-0.002444,-0.000894,-0.000245,9057.325773,9057.326242,-0.000224,-0.000578,0.000733,318.286082,155613,960.304382,155613.71875,0,0.079756,-6362.531197,28.620268,295.595589,1,0.998718,0,0,0,90,42.787854,VerticalRise,,,,,,,,,,,,,,,,,,,,,,,,,,,None,Continue,0,None,7602273.737312,,0,0,1,1,9008.601318,9008.601318,1.987016,11031253.90625,0.000847,29.459446,0.715513,,,,0,0,,,,,,1,1,0,1,1,0.632559,0,0,0
2.48,ASCENT,7,0,1,None,Holding,0,110.84993,407.962605,11.461794,11.46174,71.801126,0.031962,0.060084,564536.379315,1.373182,7603600.585938,0.176818,0.000013,1,,0,0,0,0,0.000802,0.000013,-0.000003,-0.002273,-0.00077,-0.000261,9059.235717,9059.235908,-0.00019,-0.000618,0.000691,318.269134,155497.078125,959.128845,155497.8125,0,0.083701,-6362.531195,28.620268,295.595567,1,0.998718,0,0,0,90,42.787854,VerticalRise,,,,,,,,,,,,,,,,,,,,,,,,,,,None,Continue,0,None,7602348.821483,,0,0,1,1,9006.977753,9006.977753,1.988562,11031426.757813,0.000864,32.01263,0.719053,,,,0,0,,,,,,1,1,0,1,1,0.632536,0,0,0
2.74,ASCENT,7,0,1,None,Holding,0,113.964084,407.990537,12.421542,12.421482,84.740841,0.034729,0.068313,563837.007977,1.37466,7619202.148438,0.178759,0.000014,1,,0,0,0,0,0.000659,0.000014,-0.000004,-0.00249,-0.000635,-0.000254,9062.981784,9062.981776,-0.000247,-0.000606,0.000649,318.316181,155381.046875,957.953674,155381.78125,0,0.087993,-6362.531193,28.620268,295.595546,1,0.998718,0,0,0,90,42.787854,VerticalRise,,,,,,,,,,,,,,,,,,,,,,,,,,,None,Continue,0,None,7602083.29184,,0,0,1,1,9003.815521,9003.815521,1.991666,11031796.875,0.000881,34.565812,0.722687,,,,0,0,,,,,,1,1,0,1,1,0.632511,0,0,0
3,ASCENT,7,0,1,None,Holding,0,117.328438,408.020855,13.385885,13.385818,98.831799,0.037513,0.07747,563137.606122,1.376528,7622514.648438,0.180775,0.000013,1,,0,0,0,0,0.000551,0.000013,-0.000004,-0.002257,-0.00072,-0.000251,9065.686827,9065.686791,-0.000229,-0.000594,0.000562,318.326675,155265.046875,956.77832,155265.765625,0,0.092636,-6362.531192,28.620268,295.595525,1,0.998718,0,0,0,90,42.787854,VerticalRise,,,,,,,,,,,,,,,,,,,,,,,,,,,None,Continue,0,None,7601843.06423,,0,0,1,1,9000.579132,9000.579132,1.994983,11032235.351563,0.000898,37.11899,0.726744,,,,0,0,,,,,,1,1,0,1,1,0.632484,0,0,0
3.26,ASCENT,7,0,1,None,Holding,0,120.944204,408.053537,14.353383,14.35331,114.074566,0.04031,0.087612,562438.356854,1.378075,7594647.460938,0.182695,0.000013,1,,0,0,0,0,0.000455,0.000013,-0.000003,-0.002219,-0.000755,-0.000259,9063.261052,9063.260719,-0.000178,-0.00062,0.000486,318.156686,155148.890625,955.603027,155149.609375,0,0.097629,-6362.53119,28.620268,295.595505,1,0.998718,0,0,0,90,42.787854,VerticalRise,,,,,,,,,,,,,,,,,,,,,,,,,,,None,Continue,0,None,7601877.576381,,0,0,1,1,8999.098328,8999.098328,1.99655,11032455.078125,0.000916,39.672166,0.729353,,,,0,0,,,,,,1,1,0,1,1,0.632457,0,0,0
3.5,ASCENT,7,0,1,None,Holding,0,124.812464,408.088766,15.328274,15.328194,130.469487,0.04312,0.098753,561738.68034,1.379982,7613722.65625,0.184522,0.000013,1,,0,0,0,0,0.000366,0.000013,-0.000003,-0.002095,-0.000754,-0.000242,9071.528256,9071.52817,-0.000156,-0.000583,0.000417,318.361792,155032.59375,954.427368,155033.3125,0,0.102983,-6362.531189,28.620268,295.595568,1,0.998718,0,0,0,90,42.787854,VerticalRise,,,,,,,,,,,,,,,,,,,,,,,,,,,None,Continue,0,None,7601814.097031,,0,0,1,1,8996.224091,8996.224091,1.999697,11032923.828125,0.000934,42.225339,0.734763,,,,0,0,,,,,,1,1,0,1,1,0.632438,0,0,0
3.78,ASCENT,7,0,1,None,Holding,0,128.935015,408.126522,16.308703,16.308617,148.085825,0.04595,0.11091,561038.942792,1.382622,7618836.425781,0.18621,0.000012,1,,0,0,0,0,0.000304,0.000012,-0.000004,-0.002253,-0.000538,-0.000274,9077.02043,9077.020116,-0.000237,-0.00065,0.000472,318.469378,154916.25,953.251526,154916.984375,0,0.108697,-6362.531189,28.620268,295.595466,1,0.998718,0,0,0,90,42.787854,VerticalRise,,,,,,,,,,,,,,,,,,,,,,,,,,,None,Continue,0,None,7602341.667489,,0,0,1,1,8994.828156,8994.828156,2.001278,11033173.828125,0.000952,44.778508,0.739668,,,,0,0,,,,,,1,1,0,1,1,0.632414,0,0,0
4.04,ASCENT,7,0,1,None,Holding,0,133.312855,408.166752,17.292457,17.292364,166.875773,0.048791,0.124102,560339.357831,1.384118,7622559.570313,0.18776,0.000012,1,,0,0,0,0,0.000258,0.000012,-0.000005,-0.002356,-0.000752,-0.000257,9079.390121,9079.389804,-0.000287,-0.00061,0.00036,318.46703,154799.90625,952.075928,154800.640625,0,0.11477,-6362.531188,28.620268,295.595448,1,0.998718,0,0,0,90,42.787854,VerticalRise,,,,,,,,,,,,,,,,,,,,,,,,,,,None,Continue,0,None,7602934.71258,,0,0,1,1,8992.123047,8992.123047,2.00445,11033701.171875,0.000971,47.331673,0.743482,,,,0,0,,,,,,1,1,0,1,1,0.63239,0,0,0
4.3,ASCENT,7,0,1,None,Holding,0,137.946841,408.209449,18.278723,18.278623,186.84974,0.051642,0.138334,559640.047528,1.385306,7612233.886719,0.189202,0.000012,1,,0,0,0,0,0.000229,0.000012,-0.000005,-0.002245,-0.000943,-0.000254,9077.624274,9077.624222,-0.000259,-0.000605,0.000282,318.319311,154683.484375,950.900635,154684.21875,0,0.121203,-6362.531187,28.620268,295.595433,1,0.998718,0,0,0,90,42.787854,VerticalRise,,,,,,,,,,,,,,,,,,,,,,,,,,,None,Continue,0,None,7603057.88449,,0,0,1,1,8989.374908,8989.374908,2.00784,11034302.734375,0.00099,49.884834,0.74658,,,,0,0,,,,,,1,1,0,1,1,0.632367,0,0,0
4.56,ASCENT,7,0,1,None,Holding,0,142.837615,408.254615,19.267243,19.267137,207.985583,0.0545,0.15361,558940.981366,1.38604,7613420.898438,0.190516,0.000013,1,,0,0,0,0,0.000158,0.000013,-0.000005,-0.002406,-0.000705,-0.000265,9074.510474,9074.510469,-0.000291,-0.000634,0.000292,318.12451,154567.078125,949.725891,154567.796875,0,0.127996,-6362.531186,28.620268,295.595416,1,0.998718,0,0,0,90,42.787854,VerticalRise,,,,,,,,,,,,,,,,,,,,,,,,,,,None,Continue,0,None,7602680.813414,,0,0,1,1,8988.127747,8988.127747,2.009441,11034602.539063,0.00101,52.437992,0.748917,,,,0,0,,,,,,1,1,0,1,1,0.632351,0,0,0
4.82,ASCENT,7,0,1,None,Holding,0,147.98651,408.302551,20.26409,20.263977,230.362356,0.057375,0.169924,558241.518475,1.388603,7619846.191406,0.19174,0.000013,1,,0,0,0,0,0.000137,0.000013,-0.000004,-0.002309,-0.000825,-0.000254,9083.545545,9083.545615,-0.000255,-0.000609,0.000238,318.355222,154450.40625,948.550476,154451.140625,0,0.135165,-6362.531186,28.620268,295.595398,1,0.998718,0,0,0,90,42.787854,VerticalRise,,,,,,,,,,,,,,,,,,,,,,,,,,,None,Continue,0,None,7602311.585452,,0,0,1,1,8985.719025,8985.719025,2.012656,11035227.539063,0.001029,54.991145,0.754515,,,,0,0,,,,,,1,1,0,1,1,0.632329,0,0,0
5.08,ASCENT,7,0,1,None,Holding,0,153.394842,408.353055,21.26381,21.263689,253.977489,0.060263,0.187278,557542.177655,1.390531,7627879.394531,0.19282,0.000013,1,,0,0,0,0,0.000117,0.000013,-0.000004,-0.002363,-0.001006,-0.00025,9086.296207,9086.295707,-0.000239,-0.000598,0.000151,318.365393,154333.875,947.375366,154334.609375,0,0.1427,-6362.531185,28.620268,295.595384,1,0.998718,0,0,0,90,42.787854,VerticalRise,,,,,,,,,,,,,,,,,,,,,,,,,,,None,Continue,0,None,7602271.52857,,0,0,1,1,8984.558472,8984.558472,2.014271,11035555.664063,0.001049,57.544294,0.758084,,,,0,0,,,,,,1,1,0,1,1,0.632306,0,0,0
5.34,ASCENT,7,0,1,None,Holding,0,159.064165,408.406428,22.271675,22.271548,278.887108,0.06317,0.205663,556842.379071,1.393129,7628584.960938,0.193754,0.000013,1,,0,0,0,0,0.000066,0.000013,-0.000006,-0.002522,-0.00085,-0.000254,9096.238767,9096.238715,-0.00034,-0.000608,0.000141,318.626972,154217.125,946.199341,154217.859375,0,0.150618,-6362.531185,28.620268,295.595375,1,0.998718,0,0,0,90,42.787854,VerticalRise,,,,,,,,,,,,,,,,,,,,,,,,,,,None,Continue,0,None,7602499.570208,,0,0,1,1,8982.318939,8982.318939,2.017513,11036240.234375,0.00107,60.097438,0.764082,,,,0,0,,,,,,1,1,0,1,1,0.632291,0,0,0
5.6,ASCENT,7,0,1,None,Holding,0,164.995995,408.462322,23.280667,23.280533,305.09126,0.066095,0.225088,556143.068768,1.39489,7603865.722656,0.194687,0.000012,1,,0,0,0,0,0.00009,0.000012,-0.000006,-0.002368,-0.000896,-0.00024,9091.458973,9091.459102,-0.000328,-0.000572,0.000184,318.373059,154100.359375,945.023987,154101.09375,0,0.158904,-6362.531184,28.620268,295.595364,1,0.998718,0,0,0,90,42.787854,VerticalRise,,,,,,,,,,,,,,,,,,,,,,,,,,,None,Continue,0,None,7603221.965173,,0,0,1,1,8980.195557,8980.195557,2.020774,11036963.867188,0.00109,62.650577,0.76597,,,,0,0,,,,,,1,1,0,1,1,0.632269,0,0,0
5.86,ASCENT,7,0,1,None,Holding,0,171.191164,408.521207,24.298261,24.29812,332.537581,0.069029,0.245547,555443.300702,1.396642,7608770.996094,0.19544,0.000012,1,,0,0,0,0,0.000089,0.000012,-0.000003,-0.001971,-0.000837,-0.000268,9101.613336,9101.613281,-0.000152,-0.000644,0.000229,318.641751,153983.40625,943.848022,153984.140625,0,0.167579,-6362.531184,28.620268,295.595356,1,0.998718,0,0,0,90,42.787853,VerticalRise,,,,,,,,,,,,,,,,,,,,,,,,,,,None,Continue,0,None,7603544.308189,,0,0,1,1,8979.178253,8979.178253,2.02241,11037340.820313,0.001111,65.203712,0.771846,,,,0,0,,,,,,1,1,0,1,1,0.632246,0,0,0
6.12,ASCENT,7,0,1,None,Holding,0,177.651745,408.582914,25.320904,25.320756,361.371306,0.071987,0.267055,554743.463971,1.399469,7615331.054688,0.196144,0.000011,1,,0,0,0,0,0.000075,0.000011,-0.000003,-0.001975,-0.000916,-0.000265,9105.98019,9105.980174,-0.000182,-0.000639,0.000181,318.707513,153866.453125,942.671997,153867.1875,0,0.176638,-6362.531183,28.620268,295.595347,1,0.998718,0,0,0,90,42.787853,VerticalRise,,,,,,,,,,,,,,,,,,,,,,,,,,,None,Continue,0,None,7604562.957582,,0,0,1,1,8977.224579,8977.224579,2.025698,11038125,0.001131,67.756841,0.776055,,,,0,0,,,,,,1,1,0,1,1,0.63223,0,0,0
6.38,ASCENT,7,0,1,None,Holding,0,184.378379,408.647286,26.345738,26.345582,391.438673,0.074951,0.289586,554044.00108,1.400493,7610936.035156,0.196805,0.000011,1,,0,0,0,0,0.000071,0.000011,-0.000003,-0.001839,-0.000582,-0.000241,9105.809357,9105.808991,-0.000177,-0.000581,0.000303,318.614314,153749.53125,941.496521,153750.25,0,0.186076,-6362.531182,28.620268,295.59534,1,0.998718,0,0,0,90,42.787853,VerticalRise,,,,,,,,,,,,,,,,,,,,,,,,,,,None,Continue,0,None,7605295.824167,,0,0,1,1,8975.392395,8975.392395,2.029003,11038948.242188,0.001152,70.309965,0.779104,,,,0,0,,,,,,1,1,0,1,1,0.632207,0,0,0
6.64,ASCENT,7,0,1,None,Holding,0,191.372891,408.714753,27.378695,27.378533,422.913836,0.077939,0.313146,553344.049908,1.402997,7617789.0625,0.197318,0.000011,1,,0,0,0,0,0.000056,0.000011,-0.000004,-0.002023,-0.000689,-0.000273,9111.831055,9111.831111,-0.000241,-0.000658,0.000251,318.737517,153632.34375,940.320374,153633.078125,0,0.195912,-6362.531182,28.620268,295.595338,1,0.998718,0,0,0,90,42.787853,VerticalRise,,,,,,,,,,,,,,,,,,,,,,,,,,,None,Continue,0,None,7606151.904932,,0,0,1,1,8974.519409,8974.519409,2.030663,11039375,0.001174,72.863083,0.784331,,,,0,0,,,,,,1,1,0,1,1,0.632184,0,0,0
6.9,ASCENT,7,0,1,None,Holding,0,198.636076,408.784933,28.413534,28.413365,455.652413,0.080934,0.337753,552644.495465,1.404275,7614472.65625,0.197807,0.000012,1,,0,0,0,0,0.000056,0.000012,-0.000004,-0.002185,-0.001162,-0.000247,9111.620425,9111.620278,-0.00024,-0.000594,0.000091,318.642639,153515.234375,939.144714,153515.96875,0,0.20613,-6362.531181,28.620268,295.595333,1,0.998718,0,0,0,90,42.787853,VerticalRise,,,,,,,,,,,,,,,,,,,,,,,,,,,None,Continue,0,None,7606976.107077,,0,0,1,1,8972.861145,8972.861145,2.033995,11040257.8125,0.001195,75.416195,0.786902,,,,0,0,,,,,,1,1,0,1,1,0.632167,0,0,0
7.16,ASCENT,7,0,1,None,Holding,0,206.169089,408.858087,29.453967,29.453791,489.726313,0.083943,0.363373,551944.818951,1.406104,7609541.503906,0.198288,0.000011,1,,0,0,0,0,0.000024,0.000011,-0.000002,-0.001839,-0.000676,-0.000276,9115.666169,9115.666081,-0.000132,-0.000669,0.000223,318.696095,153398.015625,937.968872,153398.734375,0,0.216745,-6362.531181,28.620268,295.595328,1,0.998718,0,0,0,90,42.787853,VerticalRise,,,,,,,,,,,,,,,,,,,,,,,,,,,None,Continue,0,None,7607394.042217,,0,0,1,1,8972.075653,8972.075653,2.035667,11040712.890625,0.001216,77.969302,0.791332,,,,0,0,,,,,,1,1,0,1,1,0.632143,0,0,0
7.42,ASCENT,7,0,1,None,Holding,0,213.973458,408.934343,30.500704,30.500521,525.20528,0.086971,0.390027,551244.98985,1.408578,7626058.59375,0.19867,0.000011,1,,0,0,0,0,0.000041,0.000011,-0.000005,-0.002157,-0.000858,-0.000233,9122.144903,9122.144877,-0.000292,-0.000561,0.000181,318.834312,153280.6875,936.792969,153281.421875,0,0.227762,-6362.53118,28.620268,295.595331,1,0.998718,0,0,0,90,42.787853,VerticalRise,,,,,,,,,,,,,,,,,,,,,,,,,,,None,Continue,0,None,7608090.580618,,0,0,1,1,8970.593323,8970.593323,2.039027,11041656.25,0.001238,80.522402,0.796528,,,,0,0,,,,,,1,1,0,1,1,0.632125,0,0,0
7.68,ASCENT,7,0,1,None,Holding,0,222.050801,409.013585,31.55184,31.55165,562.103319,0.090017,0.417695,550545.221783,1.410474,7621514.648438,0.199027,0.00001,1,,0,0,0,0,0.000062,0.00001,-0.000005,-0.002031,-0.001002,-0.000253,9123.129674,9123.129708,-0.000305,-0.000615,0.000117,318.78036,153163.1875,935.616943,153163.921875,0,0.239177,-6362.531179,28.620268,295.595334,1,0.998718,0,0,0,90,42.787853,VerticalRise,,,,,,,,,,,,,,,,,,,,,,,,,,,None,Continue,0,None,7609145.195538,,0,0,1,1,8969.22937,8969.22937,2.042404,11042638.671875,0.00126,83.075495,0.800168,,,,0,0,,,,,,1,1,0,1,1,0.6321,0,0,0
7.94,ASCENT,7,0,1,None,Holding,0,230.401692,409.09571,32.605731,32.605534,600.274928,0.093069,0.446393,549845.636822,1.41153,7604450.195313,0.199285,0.000011,1,,0,0,0,0,0.000031,0.000011,-0.000004,-0.002004,-0.000926,-0.000247,9123.114675,9123.11473,-0.000234,-0.000596,0.00005,318.691223,153045.796875,934.441162,153046.515625,0,0.250989,-6362.531179,28.620268,295.59534,1,0.998718,0,0,0,90,42.787852,VerticalRise,,,,,,,,,,,,,,,,,,,,,,,,,,,None,Continue,0,None,7609741.516205,,0,0,1,1,8968.592621,8968.592621,2.0441,11043146.484375,0.001281,85.628582,0.803159,,,,0,0,,,,,,1,1,0,1,1,0.632074,0,0,0
8.2,ASCENT,7,0,1,None,Holding,0,239.027141,409.180813,33.663329,33.663125,639.810003,0.096134,0.476161,549146.234967,1.413144,7603759.277344,0.199487,0.000013,1,,0,0,0,0,0.000077,0.000013,-0.000008,-0.002909,-0.000641,-0.000262,9123.144062,9123.144328,-0.000487,-0.000628,0.000092,318.603776,152928.46875,933.265808,152929.203125,0,0.2632,-6362.531179,28.620268,295.595345,1,0.998718,0,0,0,90,42.787852,VerticalRise,,,,,,,,,,,,,,,,,,,,,,,,,,,None,Continue,0,None,7609823.424284,,0,0,1,1,8967.406769,8967.406769,2.047503,11044188.476563,0.001303,88.181663,0.806391,,,,0,0,,,,,,1,1,0,1,1,0.632055,0,0,0
8.46,ASCENT,7,0,1,None,Holding,0,247.928703,409.26927,34.728681,34.72847,680.797175,0.099218,0.506898,548446.405865,1.415462,7611902.832031,0.199795,0.000012,1,,0,0,0,0,0.00004,0.000012,-0.000001,-0.001715,-0.000846,-0.000251,9130.312875,9130.312952,-0.000038,-0.000611,0.000038,318.765637,152810.78125,932.089905,152811.53125,0,0.27583,-6362.531179,28.620268,295.595345,1,0.998718,0,0,0,90,42.787852,VerticalRise,,,,,,,,,,,,,,,,,,,,,,,,,,,None,Continue,0,None,7610139.576926,,0,0,1,1,8966.338348,8966.338348,2.050927,11045273.4375,0.001325,90.734736,0.811809,,,,0,0,,,,,,1,1,0,1,1,0.632029,0,0,0
8.72,ASCENT,7,0,1,None,Holding,0,257.107571,409.360776,35.797275,35.797057,723.164511,0.102314,0.53868,547746.851422,1.417321,7617024.414063,0.200016,0.000011,1,,0,0,0,0,0.000024,0.000011,-0.000003,-0.001875,-0.000684,-0.000256,9133.3201,9133.320277,-0.000194,-0.000622,0.000194,318.781114,152693.15625,930.914368,152693.890625,0,0.288865,-6362.531177,28.620268,295.595358,1,0.998718,0,0,0,90,42.787852,VerticalRise,,,,,,,,,,,,,,,,,,,,,,,,,,,None,Continue,0,None,7610584.733993,,0,0,1,1,8965.849579,8965.849579,2.052645,11045830.078125,0.001347,93.287802,0.815297,,,,0,0,,,,,,1,1,0,1,1,0.632001,0,0,0
8.98,ASCENT,7,0,1,None,Holding,0,266.565012,409.455527,36.871538,36.871313,766.977867,0.105427,0.571475,547047.205426,1.41947,7628238.769531,0.20017,0.000011,1,,0,0,0,0,0.00003,0.000011,-0.000002,-0.001639,-0.000652,-0.000208,9138.052707,9138.052594,-0.000101,-0.000509,0.000158,318.85696,152575.375,929.738647,152576.109375,0,0.302316,-6362.531177,28.620268,295.595371,1,0.998718,0,0,0,90,42.787852,VerticalRise,,,,,,,,,,,,,,,,,,,,,,,,,,,None,Continue,0,None,7610934.024902,,0,0,1,1,8964.960541,8964.960541,2.056096,11046974.609375,0.001369,95.84086,0.819841,,,,0,0,,,,,,1,1,0,1,1,0.631981,0,0,0
9.24,ASCENT,7,0,1,None,Holding,0,276.302538,409.553453,37.950012,37.94978,812.260701,0.108557,0.605291,546347.650982,1.42128,7616104.003906,0.200316,0.00001,1,,0,0,0,0,0.000047,0.00001,-0.000003,-0.0017,-0.001399,-0.000263,9138.79988,9138.799942,-0.000145,-0.000642,-0.000042,318.793589,152457.59375,928.562988,152458.328125,0,0.316182,-6362.531176,28.620268,295.595387,1,0.998718,0,0,0,90,42.787852,VerticalRise,,,,,,,,,,,,,,,,,,,,,,,,,,,None,Continue,0,None,7611517.352137,,0,0,1,1,8964.55957,8964.55957,2.057828,11047560.546875,0.001391,98.39391,0.823153,,,,0,0,,,,,,1,1,0,1,1,0.631953,0,0,0
9.48,ASCENT,7,0,1,None,Holding,0,286.320842,409.654563,39.032525,39.032287,858.890513,0.111696,0.64013,545648.218609,1.4226,7612502.441406,0.200387,0.000011,1,,0,0,0,0,0.000013,0.000011,-0.000007,-0.002309,-0.000934,-0.000268,9141.266238,9141.266319,-0.000387,-0.000649,0.000099,318.790023,152339.765625,927.387573,152340.5,0,0.330464,-6362.531175,28.620268,295.595488,1,0.998718,0,0,0,90,42.787851,VerticalRise,,,,,,,,,,,,,,,,,,,,,,,,,,,None,Continue,0,None,7611749.809482,,0,0,1,1,8963.851196,8963.851196,2.061306,11048766.601563,0.001414,100.946953,0.827037,,,,0,0,,,,,,1,1,0,1,1,0.631924,0,0,0
9.76,ASCENT,7,0,1,None,Holding,0,296.621193,409.75888,40.119079,40.118834,906.965224,0.114849,0.676002,544948.847272,1.424429,7623623.046875,0.20051,0.000009,1,,0,0,0,0,0.000049,0.000009,-0.000005,-0.00194,-0.000789,-0.000258,9142.802905,9142.802756,-0.000308,-0.00063,0.000118,318.753969,152221.890625,926.212341,152222.609375,0,0.345163,-6362.531174,28.620268,295.595422,1,0.998718,0,0,0,90,42.787851,VerticalRise,,,,,,,,,,,,,,,,,,,,,,,,,,,None,Continue,0,None,7611797.560875,,0,0,1,1,8963.431793,8963.431793,2.063708,11049619.140625,0.001436,103.499987,0.830372,,,,0,0,,,,,,1,1,0,1,1,0.631882,0,0,0
10,ASCENT,7,0,1,None,Holding,0,307.20479,409.866588,41.211057,41.210804,956.498797,0.118018,0.712882,544249.475934,1.426317,7605986.816406,0.20058,0.000009,1,,0,0,0,0,0.000053,0.000009,-0.000004,-0.0017,-0.001339,-0.000252,9146.333161,9146.333217,-0.000207,-0.000613,-0.000012,318.786591,152103.9375,925.036926,152104.6875,0,0.36029,-6362.531173,28.620268,295.595526,1,0.998718,0,0,0,90,42.787851,VerticalRise,,,,,,,,,,,,,,,,,,,,,,,,,,,None,Continue,0,None,7611834.282825,,0,0,1,1,8962.923065,8962.923065,2.067217,11050892.578125,0.001458,106.053013,0.834865,,,,0,0,,,,,,1,1,0,1,1,0.631849,0,0,0
10.26,ASCENT,7,0,1,None,Holding,0,318.073123,409.977619,42.307749,42.30749,1007.549818,0.121204,0.750804,543550.165631,1.428356,7608783.691406,0.200584,0.000011,1,,0,0,0,0,0.000019,0.000011,-0.000002,-0.001697,-0.000983,-0.000209,9147.387653,9147.387551,-0.00009,-0.000514,0.000083,318.733379,151985.90625,923.861755,151986.640625,0,0.375843,-6362.531173,28.620268,295.595546,1,0.998718,0,0,0,90,42.787851,VerticalRise,,,,,,,,,,,,,,,,,,,,,,,,,,,None,Continue,0,None,7612128.572783,,0,0,1,1,8962.553497,8962.553497,2.070525,11052124.023438,0.00148,108.606031,0.838652,,,,0,0,,,,,,1,1,0,1,1,0.631795,0,0,0
10.54,ASCENT,7,0,1,None,Holding,0,329.227013,410.092038,43.409031,43.408765,1059.972745,0.1244,0.78972,542850.855328,1.430036,7630129.394531,0.200669,0.000011,1,,0,0,0,0,0.000035,0.000011,-0.000001,-0.00155,-0.001007,-0.0003,9151.932425,9151.932457,-0.000064,-0.000736,0.000135,318.8013,151867.78125,922.686707,151868.53125,0,0.391825,-6362.531172,28.620268,295.595481,1,0.998718,0,0,0,90,42.787851,VerticalRise,,,,,,,,,,,,,,,,,,,,,,,,,,,None,Continue,0,None,7612199.176546,,0,0,1,1,8962.400513,8962.400513,2.072295,11052794.921875,0.001503,111.15904,0.843088,,,,0,0,,,,,,1,1,0,1,1,0.631758,0,0,0
10.8,ASCENT,7,0,1,None,Holding,0,340.668117,410.20993,44.515493,44.51522,1113.978816,0.127616,0.829687,542151.545025,1.432318,7638556.152344,0.200622,0.000011,1,,0,0,0,0,0.000035,0.000011,-0.000002,-0.001647,-0.000454,-0.000294,9154.66301,9154.663276,-0.000099,-0.000725,0.000234,318.805789,151749.546875,921.511658,151750.28125,0,0.408242,-6362.531171,28.620268,295.595514,1,0.998718,0,0,0,90,42.78785,VerticalRise,,,,,,,,,,,,,,,,,,,,,,,,,,,None,Continue,0,None,7612313.115735,,0,0,1,1,8962.183228,8962.183228,2.075851,11054167.96875,0.001525,113.712039,0.847408,,,,0,0,,,,,,1,1,0,1,1,0.631727,0,0,0
11.06,ASCENT,7,0,1,None,Holding,0,352.397253,410.331215,45.626153,45.625874,1169.38132,0.130842,0.870649,541452.356793,1.433782,7612559.570313,0.200634,0.00001,1,,0,0,0,0,0.000022,0.00001,-0.000005,-0.002016,-0.00121,-0.000252,9158.123556,9158.123916,-0.000301,-0.00062,0.000011,318.835548,151631.359375,920.336548,151632.078125,0,0.425092,-6362.53117,28.620268,295.595547,1,0.998718,0,0,0,90,42.78785,VerticalRise,,,,,,,,,,,,,,,,,,,,,,,,,,,None,Continue,0,None,7612325.141214,,0,0,1,1,8962.121185,8962.121185,2.077636,11054871.09375,0.001548,116.265029,0.851786,,,,0,0,,,,,,1,1,0,1,1,0.631689,0,0,0
11.32,ASCENT,7,0,1,None,Holding,0,364.416022,410.456086,46.742266,46.741979,1226.373827,0.134088,0.912638,540753.138043,1.436148,7620344.238281,0.200664,0.000008,1,,0,0,0,0,0.000108,0.000008,-0.000002,-0.001255,-0.001021,-0.000276,9161.196762,9161.197228,-0.0001,-0.000676,0.000228,318.851499,151513.03125,919.161438,151513.765625,0,0.442383,-6362.531169,28.620268,295.595582,1,0.998718,0,0,0,90,42.78785,VerticalRise,,,,,,,,,,,,,,,,,,,,,,,,,,,None,Continue,0,None,7612523.71634,,0,0,1,1,8962.085571,8962.085571,2.081446,11056395.507813,0.00157,118.81801,0.856172,,,,0,0,,,,,,1,1,0,1,1,0.631659,0,0,0
11.56,ASCENT,7,0,1,None,Holding,0,376.726643,410.585054,47.867874,47.867581,1285.07902,0.13736,0.955639,540053.431012,1.439148,7622895.507813,0.200543,0.000009,1,,0,0,0,0,0.000073,0.000009,-0.000001,-0.001205,-0.000642,-0.000267,9169.861207,9169.861437,-0.000031,-0.000661,0.000377,319.061609,151394.546875,917.985657,151395.28125,0,0.46014,-6362.531167,28.620268,295.595705,1,0.998718,0,0,0,90,42.78785,VerticalRise,,,,,,,,,,,,,,,,,,,,,,,,,,,None,Continue,0,None,7613416.213435,,0,0,1,1,8962.171326,8962.171326,2.085053,11057874.023438,0.001593,121.370981,0.862353,,,,0,0,,,,,,1,1,0,1,1,0.631628,0,0,0
11.84,ASCENT,7,0,1,None,Holding,0,389.330495,410.717809,49.000065,48.999765,1345.322101,0.140648,0.999702,539353.540875,1.441648,7641164.550781,0.200462,0.000008,1,,0,0,0,0,0.000041,0.000008,0,-0.001154,-0.000639,-0.00023,9180.614603,9180.614762,-0.000023,-0.000566,0.000298,319.344057,151275.9375,916.809631,151276.671875,0,0.478352,-6362.531166,28.620268,295.595657,1,0.998718,0,0,0,90,42.78785,VerticalRise,,,,,,,,,,,,,,,,,,,,,,,,,,,None,Continue,0,None,7614773.953846,,0,0,1,1,8962.272278,8962.272278,2.08709,11058723.632813,0.001615,123.923942,0.868252,,,,0,0,,,,,,1,1,0,1,1,0.631589,0,0,0
12.1,ASCENT,7,0,1,None,Holding,0,402.229407,410.854185,50.13681,50.136503,1407.242431,0.143958,1.044781,538653.742291,1.444162,7638976.074219,0.200288,0.000011,1,,0,0,0,0,0.000037,0.000011,-0.000008,-0.002434,-0.000373,-0.000218,9184.001339,9184.001481,-0.000445,-0.000536,0.000351,319.370273,151157.46875,915.633606,151158.203125,0,0.497014,-6362.531165,28.620268,295.595697,1,0.998718,0,0,0,90,42.787849,VerticalRise,,,,,,,,,,,,,,,,,,,,,,,,,,,None,Continue,0,None,7616412.19252,,0,0,1,1,8962.564178,8962.564178,2.090956,11060363.28125,0.001638,126.476893,0.872513,,,,0,0,,,,,,1,1,0,1,1,0.63155,0,0,0
12.34,ASCENT,7,0,1,None,Holding,0,415.424618,410.994264,51.278814,51.2785,1470.689834,0.147283,1.090856,537953.913189,1.445993,7651406.738281,0.200277,0.000008,1,,0,0,0,0,0.00004,0.000008,-0.000003,-0.001503,-0.001261,-0.00026,9188.030154,9188.030627,-0.000189,-0.000641,-0.000018,319.418346,151038.640625,914.457642,151039.359375,0,0.516131,-6362.531165,28.620268,295.595822,1,0.998718,0,0,0,90,42.787849,VerticalRise,,,,,,,,,,,,,,,,,,,,,,,,,,,None,Continue,0,None,7618068.794043,,0,0,1,1,8962.725159,8962.725159,2.092556,11061053.710938,0.00166,129.029833,0.876485,,,,0,0,,,,,,1,1,0,1,1,0.631518,0,0,0
12.62,ASCENT,7,0,1,None,Holding,0,428.917752,411.138445,52.42829,52.42797,1535.788543,0.150628,1.137923,537253.80943,1.448481,7650586.425781,0.20019,0.000005,1,,0,0,0,0,0.000122,0.000005,-0.000008,-0.001735,-0.000721,-0.000295,9196.249761,9196.249886,-0.000473,-0.000733,0.000202,319.612116,150919.65625,913.281128,150920.390625,0,0.53572,-6362.531163,28.620268,295.595794,1,0.998718,0,0,0,90,42.787849,VerticalRise,,,,,,,,,,,,,,,,,,,,,,,,,,,None,Continue,0,None,7619784.210205,,0,0,1,1,8963.208374,8963.208374,2.096454,11062758.789063,0.001683,131.582762,0.882104,,,,0,0,,,,,,1,1,0,1,1,0.631485,0,0,0
12.88,ASCENT,7,0,1,None,Holding,0,442.710328,411.28626,53.58167,53.581344,1602.486674,0.15399,1.186031,536553.919293,1.450628,7644228.515625,0.200079,0.000004,1,,0,0,0,0,0.000136,0.000004,-0.000004,-0.001001,-0.000752,-0.000272,9198.779418,9198.779034,-0.00021,-0.000681,0.000167,319.607625,150800.84375,912.10498,150801.5625,0,0.555765,-6362.531162,28.620268,295.595844,1,0.998718,0,0,0,90,42.787849,VerticalRise,,,,,,,,,,,,,,,,,,,,,,,,,,,None,Continue,0,None,7621671.221289,,0,0,1,1,8963.483734,8963.483734,2.098297,11063578.125,0.001705,134.135681,0.886159,,,,0,0,,,,,,1,1,0,1,1,0.631451,0,0,0
13.14,ASCENT,7,0,1,None,Holding,0,456.803081,411.437583,54.737561,54.737228,1670.662013,0.157363,1.235183,535854.303814,1.451984,7652442.382813,0.199914,0.000004,1,,0,0,0,0,0.000108,0.000004,-0.000006,-0.00138,-0.001023,-0.000257,9197.535576,9197.535386,-0.000349,-0.000636,0.000093,319.471084,150681.890625,910.929382,150682.625,0,0.57626,-6362.531161,28.620268,295.5959,1,0.998718,0,0,0,90,42.787848,VerticalRise,,,,,,,,,,,,,,,,,,,,,,,,,,,None,Continue,0,None,7622972.182444,,0,0,1,1,8964.169281,8964.169281,2.102228,11065352.539063,0.001728,136.688588,0.889222,,,,0,0,,,,,,1,1,0,1,1,0.631423,0,0,0
13.4,ASCENT,7,0,1,None,Holding,0,471.197325,411.567089,55.898768,55.898302,1740.417296,0.160752,1.27992,535154.627301,1.453457,7650980.46875,0.24734,0.02143,1,,0,0,0,0,1.316912,0.02143,0.002681,-1,1,-1,9198.817341,9199.076789,0.153582,0.963807,-0.154411,320.938752,150562.921875,909.75354,150563.65625,0,0.597222,-6362.532239,28.620271,295.588371,1,0.998718,0,0,0,88.668857,42.787848,GravityTurn,,,,,,,,,,,,,,,,,,,,,,,,,,,None,Continue,0,None,7623786.565501,,0,0,1,1,8964.99176,8964.99176,2.106181,11067173.828125,0.001753,139.241483,0.89349,,,8,0,0,,,,,,1,1,0,1,1,0.631392,0,0,0
13.66,ASCENT,7,0,1,None,Holding,0,485.893638,411.646613,57.062845,57.061837,1811.66103,0.164152,1.27368,534455.011822,1.455197,7614902.34375,0.502595,0.026058,1,,0,0,0,0,1.85113,0.026058,0.011275,-1,1,-1,9198.552741,9199.352526,0.646025,4.031626,-0.642997,322.749433,150444.03125,908.577637,150444.765625,0,0.618639,-6362.535568,28.620284,295.565254,1,0.998718,0,0,0,87.983333,42.787848,GravityTurn,,,,,,,,,,,,,,,,,,,,,,,,,,,None,Continue,0,None,7624406.133888,,0,0,1,1,8965.482483,8965.482483,2.108282,11068156.25,0.001833,141.79435,0.897939,,,8,0,0,,,,,,1,1,0,1,1,0.631361,0,0,0
13.92,ASCENT,7,0,1,None,Holding,0,500.89198,411.734684,58.231249,58.229556,1884.392069,0.167564,1.197966,533755.579449,1.456665,7620532.226563,0.937892,0.027771,1,,0,0,0,0,2.019082,0.027771,0.020617,-0.932994,0.671037,-1,9198.995801,9199.843635,1.181246,7.295733,-1.147749,323.33939,150324.765625,907.402283,150325.5,0,0.640522,-6362.5387,28.620299,295.544283,1,0.998718,0,0,0,87.476019,42.787848,GravityTurn,,,,,,,,,,,,,,,,,,,,,,,,,,,None,Continue,0,None,7624627.904575,,0,0,1,1,8966.449921,8966.449921,2.112035,11069935.546875,0.002138,144.347177,0.902448,,,8,0,0,,,,,,1,1,0,1,1,0.631331,0,0,0
14.18,ASCENT,7,0,1,None,Holding,0,516.191755,411.894,59.403588,59.401744,1958.638739,0.170989,1.065762,533056.360699,1.457845,7638693.359375,1.44734,0.027894,1,,0,0,0,0,1.945575,0.027894,0.026882,-0.131824,0.048678,-1,9200.98961,9200.952878,1.540213,11.592487,-1.338362,326.796881,150205.375,906.227417,150206.109375,0,0.662875,-6362.538999,28.620303,295.538693,1,0.998718,0,0,0,87.053515,42.787849,GravityTurn,,,,,,,,,,,,,,,,,,,,,,,,,,,None,Continue,0,None,7624352.487558,,0,0,1,1,8967.048706,8967.048706,2.114153,11070956.054688,0.002988,146.899972,0.907133,,,8,0,0,,,,,,1,1,0,1,1,0.631301,0,0,0
14.44,ASCENT,7,0,1,None,Holding,0,531.794093,412.123379,60.580205,60.578917,2034.492511,0.17443,0.924723,532357.019879,1.459908,7632408.691406,1.902434,0.027441,1,,0,0,0,0,1.781423,0.027441,0.028234,0.103231,-0.124784,-0.790856,9203.845066,9203.845057,1.617713,16.691284,-1.264504,329.178827,150086.28125,905.052551,150087.015625,0,0.685706,-6362.536519,28.620291,295.554462,1,0.998718,0,0,0,86.683149,42.78785,GravityTurn,,,,,,,,,,,,,,,,,,,,,,,,,,,None,Continue,0,None,7623929.83481,,0,0,1,1,8968.205353,8968.205353,2.117937,11072799.804688,0.004633,149.452768,0.913543,-0.09187,1.050649,8,-0.004381,-1.869543,,,,,,1,1,0,1,1,0.631274,0,0,0
14.7,ASCENT,7,0,1,None,Holding,0,547.700051,412.39895,61.759617,61.759029,2111.723848,0.177878,0.806245,531657.953717,1.461794,7642421.386719,2.288249,0.026758,1,,0,0,0,0,1.600214,0.026758,0.027856,0.142737,-0.155143,0.218982,9206.977073,9207.000431,1.596013,17.847752,-1.082671,323.937461,149967.140625,903.877991,149967.875,0,0.709003,-6362.532246,28.620273,295.581937,1,0.998718,0,0,0,86.34942,42.78785,GravityTurn,,,,,,,,,,,,,,,,,,,,,,,,,,,None,Continue,0,None,7623534.122868,,0,0,1,1,8968.831696,8968.831696,2.119835,11073738.28125,0.007184,152.005581,0.918627,-0.084634,1.273197,8,-0.01178,-2.261216,,,,,,1,1,0,1,1,0.631248,0,0,0
14.96,ASCENT,7,0,1,None,Holding,0,563.91188,412.708396,62.944015,62.94386,2190.58328,0.181344,0.73664,530958.82652,1.464454,7646850.585938,2.60606,0.025848,1,,0,0,0,0,1.432272,0.025848,0.026904,0.137025,-0.175007,0.215277,9211.573375,9211.629001,1.54147,16.435158,-0.879119,322.393618,149847.59375,902.703003,149848.328125,0,0.732781,-6362.52671,28.620259,295.616321,1,0.998718,0,0,0,86.0425,42.787851,GravityTurn,,,,,,,,,,,,,,,,,,,,,,,,,,,None,Continue,0,None,7623486.058632,,0,0,1,1,8970.167786,8970.167786,2.123647,11075642.578125,0.010644,154.558406,0.92348,-0.072206,1.574989,8,-0.012332,-2.583864,,,,,,1,1,0,1,1,0.63122,0,0,0
15.22,ASCENT,7,0,1,None,Holding,0,580.431433,413.04813,64.134928,64.134653,2271.100882,0.184828,0.744707,530259.516217,1.467103,7642676.269531,2.862491,0.024782,1,,0,0,0,0,1.283944,0.024782,0.025811,0.133327,-0.209322,0.213995,9219.203582,9219.327568,1.478852,15.060426,-0.665834,322.082102,149728.0625,901.527588,149728.796875,0,0.75705,-6362.520069,28.620253,295.655852,1,0.998718,0,0,0,85.756215,42.787852,GravityTurn,,,,,,,,,,,,,,,,,,,,,,,,,,,None,Continue,0,None,7623871.153238,,0,0,1,1,8971.715851,8971.715851,2.127722,11077711.914063,0.014955,157.111224,0.929317,-0.055227,1.912767,8,-0.01203,-2.844875,,,,,,1,1,0,1,1,0.631189,0,0,0
15.48,ASCENT,7,0,1,None,Holding,0,597.260937,413.416037,65.332292,65.331096,2353.375153,0.188335,0.851682,529559.961773,1.470053,7645252.929688,3.062263,0.023622,1,,0,0,0,0,1.15568,0.023622,0.024592,0.125509,-0.184266,0.2146,9226.314479,9226.517972,1.408991,13.692226,-0.435664,322.096736,149608.5,900.35199,149609.21875,0,0.781813,-6362.512407,28.620259,295.699896,1,0.998718,0,0,0,85.486648,42.787853,GravityTurn,,,,,,,,,,,,,,,,,,,,,,,,,,,None,Continue,0,None,7625033.095146,,0,0,1,1,8972.489227,8972.489227,2.129648,11078702.148438,0.02001,159.664008,0.934649,-0.034115,2.254315,8,-0.012385,-3.048784,,,,,,1,1,0,1,1,0.631154,0,0,0
15.74,ASCENT,7,0,1,None,Holding,0,614.401907,413.797798,66.536091,66.533017,2437.289736,0.191859,1.060552,528860.224225,1.472472,7655376.953125,3.217228,0.022431,1,,0,0,0,0,1.043952,0.022431,0.023329,0.116014,-0.099195,0.214817,9234.572661,9234.657005,1.336665,12.319007,-0.264037,322.336138,149488.796875,899.176147,149489.53125,0,0.80707,-6362.504329,28.620283,295.749741,1,0.998718,0,0,0,85.230968,42.787854,GravityTurn,,,,,,,,,,,,,,,,,,,,,,,,,,,None,Continue,0,None,7626520.625442,,0,0,1,1,8974.230194,8974.230194,2.133758,11080838.867188,0.025683,162.216724,0.940136,-0.010801,2.550139,8,-0.011637,-3.2066,,,,,,1,1,0,1,1,0.631113,0,0,0
16,ASCENT,7,0,1,None,Holding,0,631.85566,414.190651,67.745523,67.739461,2522.91385,0.195403,1.367136,528160.486676,1.475125,7648181.640625,3.33743,0.021249,1,,0,0,0,0,0.944389,0.021249,0.022086,0.10794,-0.05331,0.216174,9240.932181,9240.912802,1.265453,10.937083,-0.154311,322.556993,149368.921875,898.000061,149369.65625,0,0.83282,-6362.495945,28.620332,295.805569,1,0.998718,0,0,0,84.987208,42.787855,GravityTurn,,,,,,,,,,,,,,,,,,,,,,,,,,,None,Continue,0,None,7628234.648027,,0,0,1,1,8975.095337,8975.095337,2.1357,11081861.328125,0.031866,164.769334,0.945113,0.012439,2.767086,8,-0.011449,-3.329363,,,,,,1,1,0,1,1,0.631067,0,0,0
16.26,ASCENT,7,0,1,None,Holding,0,649.623448,414.596889,68.959324,68.948979,2610.238591,0.198967,1.764245,527460.84068,1.477309,7638268.554688,3.428011,0.020094,1,,0,0,0,0,0.854819,0.020094,0.020896,0.103239,-0.028034,0.21926,9242.334725,9242.264633,1.197227,9.543251,-0.083015,322.597353,149249.15625,896.824219,149249.890625,0,0.859055,-6362.487148,28.62041,295.86678,1,0.998718,0,0,0,84.753942,42.787857,GravityTurn,,,,,,,,,,,,,,,,,,,,,,,,,,,None,Continue,0,None,7630111.559049,,0,0,1,1,8976.910675,8976.910675,2.139602,11083934.570313,0.038453,167.321796,0.948637,0.033884,2.900626,8,-0.011819,-3.421936,,,,,,1,1,0,1,1,0.631016,0,0,0
16.52,ASCENT,7,0,1,None,Holding,0,667.706703,415.018626,70.182763,70.166652,2699.324292,0.202552,2.247834,526760.73692,1.480082,7658559.570313,3.492097,0.019012,1,,0,0,0,0,0.775543,0.019012,0.019765,0.096835,-0.011286,0.221024,9253.822511,9253.733111,1.132428,8.133686,-0.035724,322.96986,149129.234375,895.647827,149129.96875,0,0.885814,-6362.477884,28.620526,295.933023,1,0.998718,0,0,0,84.52888,42.787859,GravityTurn,,,,,,,,,,,,,,,,,,,,,,,,,,,None,Continue,0,None,7632176.705234,,0,0,1,1,8977.982544,8977.982544,2.141806,11085119.140625,0.045356,169.874063,0.955464,0.052334,2.962397,8,-0.010648,-3.487902,,,,,,1,1,0,1,1,0.63096,0,0,0
16.78,ASCENT,7,0,1,None,Holding,0,686.106878,415.45482,71.409838,71.386322,2790.180157,0.206159,2.817205,526060.846783,1.482315,7651070.3125,3.532697,0.017983,1,,0,0,0,0,0.705119,0.017983,0.018707,0.093046,-0.002038,0.22577,9255.325471,9255.233247,1.071817,6.704005,-0.005012,322.994998,149008.984375,894.471497,149009.71875,0,0.913055,-6362.468153,28.620684,296.003777,1,0.998718,0,0,0,84.312086,42.787861,GravityTurn,,,,,,,,,,,,,,,,,,,,,,,,,,,None,Continue,0,None,7634645.11934,,0,0,1,1,8979.981628,8979.981628,2.145741,11087257.8125,0.052471,172.426085,0.95989,0.067325,2.973558,8,-0.010142,-3.530265,,,,,,1,1,0,1,1,0.630901,0,0,0
17.04,ASCENT,7,0,1,None,Holding,0,704.824631,415.906293,72.643659,72.610935,2882.616321,0.20978,3.473946,525360.865094,1.484333,7656550.292969,3.552033,0.017035,1,,0,0,0,0,0.643491,0.017035,0.017721,0.087981,0.001867,0.230712,9262.047485,9261.960598,1.015325,5.241561,0.013096,323.206384,148888.8125,893.295044,148889.546875,0,0.940803,-6362.457941,28.620891,296.078757,1,0.998718,0,0,0,84.10213,42.787863,GravityTurn,,,,,,,,,,,,,,,,,,,,,,,,,,,None,Continue,0,None,7636740.620409,,0,0,1,1,8982.23465,8982.23465,2.149944,11089573.242188,0.059718,174.977808,0.965278,0.078994,2.955623,8,-0.008428,-3.551393,,,,,,1,1,0,1,1,0.630839,0,0,0
17.3,ASCENT,7,0,1,None,Holding,0,723.861116,416.371887,73.880815,73.836957,2976.780303,0.213421,4.220909,524661.127545,1.486198,7652295.410156,3.552628,0.016156,1,,0,0,0,0,0.589527,0.016156,0.016811,0.083966,0.007162,0.243172,9261.291144,9261.211684,0.963187,3.731681,0.02357,323.189288,148768.734375,892.119324,148769.46875,0,0.969034,-6362.447271,28.621153,296.157556,1,0.998718,0,0,0,83.898857,42.787866,GravityTurn,,,,,,,,,,,,,,,,,,,,,,,,,,,None,Continue,0,None,7638572.960789,,0,0,1,1,8983.341949,8983.341949,2.151931,11090678.710938,0.067007,177.529177,0.968924,0.087589,2.923979,8,-0.007958,-3.553239,,,,,,1,1,0,1,1,0.630776,0,0,0
17.56,ASCENT,7,0,1,None,Holding,0,743.216568,416.851664,75.12263,75.065582,3072.425834,0.217073,5.061339,523961.603619,1.487836,7665958.984375,3.536346,0.015359,1,,0,0,0,0,0.542905,0.015359,0.015965,0.0776,0.007355,0.162164,9263.236301,9263.165765,0.914745,2.22835,0.026099,323.022608,148648.421875,890.943787,148649.15625,0,0.997758,-6362.436148,28.621475,296.239958,1,0.998718,0,0,0,83.701412,42.787869,GravityTurn,,,,,,,,,,,,,,,,,,,,,,,,,,,None,Continue,0,None,7639575.748592,,0,0,1,1,8985.793427,8985.793427,2.156167,11093062.5,0.074269,180.080134,0.973079,0.093798,2.890833,8,-0.007489,-3.538133,,,,,,1,1,0,1,1,0.630711,0,0,0
17.82,ASCENT,7,0,1,None,Holding,0,762.891755,417.344809,76.367561,76.295163,3169.644419,0.22074,5.999161,523262.445904,1.489039,7656599.609375,3.505212,0.014638,1,,0,0,0,0,0.502736,0.014638,0.015199,0.071785,0.009801,0.099878,9261.388829,9261.337167,0.870812,1.318709,0.025083,321.905716,148527.90625,889.768616,148528.640625,0,1.026963,-6362.424591,28.621862,296.325672,1,0.998718,0,0,0,83.509497,42.787873,GravityTurn,,,,,,,,,,,,,,,,,,,,,,,,,,,None,Continue,0,None,7639846.753715,,0,0,1,1,8986.993164,8986.993164,2.158169,11094199.21875,0.081435,182.63062,0.976277,0.097822,2.862798,8,-0.007308,-3.508076,,,,,,1,1,0,1,1,0.630647,0,0,0
18.08,ASCENT,7,0,1,None,Holding,0,782.887716,417.85226,77.620448,77.530432,3268.672856,0.22443,7.038273,522563.135602,1.49147,7655845.703125,3.460895,0.014008,1,,0,0,0,0,0.469101,0.014008,0.014532,0.067066,0.00659,0.061695,9265.237597,9265.200055,0.832646,0.754517,0.02085,321.218747,148407.6875,888.593445,148408.421875,0,1.056689,-6362.412598,28.622319,296.414525,1,0.998718,0,0,0,83.321922,42.787877,GravityTurn,,,,,,,,,,,,,,,,,,,,,,,,,,,None,Continue,0,None,7640100.14303,,0,0,1,1,8989.478638,8989.478638,2.162188,11096502.929688,0.088459,185.180578,0.981416,0.09979,2.843878,8,-0.006347,-3.464853,,,,,,1,1,0,1,1,0.630584,0,0,0
18.34,ASCENT,7,0,1,None,Holding,0,803.205603,418.373647,78.880755,78.770757,3369.441925,0.22814,8.182666,521863.703229,1.493772,7663821.777344,3.4054,0.013457,1,,0,0,0,0,0.440818,0.013457,0.013908,0.057555,0.005873,0.037592,9272.727963,9272.700475,0.796842,0.406514,0.017617,320.927204,148287.203125,887.418091,148287.9375,0,1.086933,-6362.400179,28.622852,296.506358,1,0.998718,0,0,0,83.138408,42.787881,GravityTurn,,,,,,,,,,,,,,,,,,,,,,,,,,,None,Continue,0,None,7640535.658914,,0,0,1,1,8990.92749,8990.92749,2.164457,11097816.40625,0.095294,187.729947,0.987064,0.100691,2.836881,8,-0.00765,-3.410076,,,,,,1,1,0,1,1,0.630521,0,0,0
18.6,ASCENT,7,0,1,None,Holding,0,823.846558,418.908325,80.147473,80.015057,3472.134284,0.231876,9.436442,521164.301373,1.496217,7668091.796875,3.34054,0.01297,1,,0,0,0,0,0.416909,0.01297,0.01341,0.056097,0.003703,0.0222,9276.555981,9276.535856,0.768335,0.194835,0.014132,320.700223,148166.6875,886.242554,148167.421875,0,1.11769,-6362.387351,28.623465,296.600965,1,0.998718,0,0,0,82.958778,42.787885,GravityTurn,,,,,,,,,,,,,,,,,,,,,,,,,,,None,Continue,0,None,7641358.504538,,0,0,1,1,8993.592712,8993.592712,2.168511,11100182.617188,0.101898,190.278669,0.991711,0.099963,2.842788,8,-0.005568,-3.346017,,,,,,1,1,0,1,1,0.630459,0,0,0
18.86,ASCENT,7,0,1,None,Holding,0,844.8119,419.456285,81.421136,81.263781,3576.618549,0.235634,10.803333,520464.930035,1.498216,7658578.613281,3.267422,0.012548,1,,0,0,0,0,0.396939,0.012548,0.012961,0.052483,0.002818,0.012729,9279.932973,9279.916363,0.742585,0.070253,0.0115,320.601235,148046.09375,885.067139,148046.828125,0,1.148967,-6362.37412,28.624163,296.698263,1,0.998718,0,0,0,82.782669,42.787891,GravityTurn,,,,,,,,,,,,,,,,,,,,,,,,,,,None,Continue,0,None,7642274.318006,,0,0,1,1,8996.544434,8996.544434,2.172841,11102739.257813,0.108243,192.826686,0.996132,0.098625,2.862998,8,-0.004448,-3.273256,,,,,,1,1,0,1,1,0.630398,0,0,0
19.12,ASCENT,7,0,1,None,Holding,0,866.102729,420.017562,82.702934,82.518037,3682.961588,0.239416,12.287299,519765.375592,1.500882,7675780.273438,3.187688,0.01218,1,,0,0,0,0,0.379998,0.01218,0.01254,0.045798,0.001038,0.006704,9286.398593,9286.384662,0.718508,-0.001009,0.008862,320.665534,147925.109375,883.892029,147925.84375,0,1.180775,-6362.360491,28.624951,296.798192,1,0.998718,0,0,0,82.609671,42.787896,GravityTurn,,,,,,,,,,,,,,,,,,,,,,,,,,,None,Continue,0,None,7643470.948002,,0,0,1,1,8997.976624,8997.976624,2.174888,11103958.984375,0.114308,195.373938,1.000982,0.097046,2.896408,8,-0.005872,-3.194013,,,,,,1,1,0,1,1,0.630338,0,0,0
19.38,ASCENT,7,0,1,None,Holding,0,887.720279,420.591453,83.991016,83.77592,3791.132208,0.243221,13.891777,519065.882184,1.503135,7653217.773438,3.101992,0.011861,1,,0,0,0,0,0.365803,0.011861,0.012203,0.043396,0.00137,0.003141,9290.282135,9290.270098,0.699196,-0.038494,0.00759,320.660737,147804.4375,882.716125,147805.171875,0,1.213102,-6362.346478,28.625835,296.900605,1,0.998718,0,0,0,82.439812,42.787902,GravityTurn,,,,,,,,,,,,,,,,,,,,,,,,,,,None,Continue,0,None,7644584.403976,,0,0,1,1,9001.11673,9001.11673,2.179253,11106582.03125,0.120073,197.920369,1.005373,0.094818,2.943878,8,-0.004833,-3.109103,,,,,,1,1,0,1,1,0.630278,0,0,0
19.64,ASCENT,7,0,1,None,Holding,0,909.665589,421.178125,85.286591,85.038558,3901.186932,0.24705,15.620568,518366.358258,1.505475,7649595.214844,3.012098,0.011569,1,,0,0,0,0,0.353116,0.011569,0.011901,0.04204,0.000512,0.001185,9294.622621,9294.612605,0.681853,-0.055648,0.006035,320.686275,147683.375,881.540833,147684.109375,0,1.24596,-6362.332084,28.626818,297.005482,1,0.998718,0,0,0,82.27273,42.787909,GravityTurn,,,,,,,,,,,,,,,,,,,,,,,,,,,None,Continue,0,None,7645877.810567,,0,0,1,1,9002.637146,9002.637146,2.181317,11107831.054688,0.125528,200.465922,1.009955,0.092499,3.004856,8,-0.004348,-3.019169,,,,,,1,1,0,1,1,0.630218,0,0,0
19.9,ASCENT,7,0,1,None,Holding,0,931.939863,421.778076,86.591471,86.307684,4013.08379,0.250902,17.477001,517666.620709,1.508344,7656883.789063,2.917819,0.011325,1,,0,0,0,0,0.342664,0.011325,0.011629,0.038566,0.002056,-0.000181,9305.741556,9305.732278,0.666317,-0.061709,0.005475,320.951794,147562.125,880.364868,147562.859375,0,1.279368,-6362.317302,28.627908,297.112801,1,0.998718,0,0,0,82.108023,42.787916,GravityTurn,,,,,,,,,,,,,,,,,,,,,,,,,,,None,Continue,0,None,7647214.640433,,0,0,1,1,9005.764221,9005.764221,2.18546,11110359.375,0.130668,203.010541,1.016787,0.090186,3.080219,8,-0.004061,-2.92499,,,,,,1,1,0,1,1,0.630158,0,0,0
20.16,ASCENT,7,0,1,None,Holding,0,954.544621,422.389772,87.901611,87.579235,4127.055927,0.254785,19.464449,516967.066266,1.510989,7670757.324219,2.820406,0.011097,1,,0,0,0,0,0.333279,0.011097,0.011375,0.035101,0.001929,-0.000959,9306.470848,9306.463098,0.651721,-0.061035,0.004623,320.861598,147440.984375,879.188965,147441.71875,0,1.313293,-6362.302161,28.629106,297.222378,1,0.998718,0,0,0,81.94604,42.787923,GravityTurn,,,,,,,,,,,,,,,,,,,,,,,,,,,None,Continue,0,None,7648940.041318,,0,0,1,1,9009.00174,9009.00174,2.189626,11112928.710938,0.135486,205.55417,1.020531,0.08795,3.170524,8,-0.004945,-2.828191,,,,,,1,1,0,1,1,0.630098,0,0,0
20.42,ASCENT,7,0,1,None,Holding,0,977.480575,423.013862,89.218886,88.854993,4242.681222,0.258685,21.586221,516267.572857,1.51256,7677491.699219,2.720248,0.01089,1,,0,0,0,0,0.324871,0.01089,0.011175,0.035956,-0.00028,-0.000985,9310.710477,9310.703582,0.640264,-0.055925,0.002706,320.899877,147319.96875,878.013916,147320.703125,0,1.347752,-6362.286648,28.63042,297.334255,1,0.998718,0,0,0,81.786395,42.787931,GravityTurn,,,,,,,,,,,,,,,,,,,,,,,,,,,None,Continue,0,None,7650339.641423,,0,0,1,1,9010.662262,9010.662262,2.191716,11114226.5625,0.139984,208.096757,1.024804,0.085649,3.276083,8,-0.00318,-2.728005,,,,,,1,1,0,1,1,0.630033,0,0,0
20.68,ASCENT,7,0,1,None,Holding,0,1000.749294,423.651485,90.547468,90.139058,4360.453691,0.262616,23.845424,515567.621686,1.51592,7673209.472656,2.61766,0.010718,1,,0,0,0,0,0.317943,0.010718,0.010981,0.033081,0.000964,-0.001038,9322.231504,9322.225907,0.629159,-0.049778,0.002737,321.181723,147198.765625,876.837646,147199.5,0,1.382788,-6362.270752,28.631855,297.448415,1,0.998718,0,0,0,81.628463,42.787939,GravityTurn,,,,,,,,,,,,,,,,,,,,,,,,,,,None,Continue,0,None,7651996.709053,,0,0,1,1,9014.279572,9014.279572,2.196178,11117018.554688,0.144169,210.638247,1.032078,0.083437,3.398087,8,-0.002504,-2.62528,,,,,,1,1,0,1,1,0.629974,0,0,0
20.94,ASCENT,7,0,1,None,Holding,0,1024.352699,424.301935,91.885553,91.429587,4480.386082,0.266581,26.24541,514867.426373,1.519572,7685070.3125,2.513364,0.010564,1,,0,0,0,0,0.31183,0.010564,0.010802,0.029899,-0.000333,-0.001304,9332.914774,9332.909815,0.618914,-0.044041,0.001993,321.439152,147077.140625,875.661011,147077.875,0,1.418387,-6362.254486,28.633415,297.564799,1,0.998718,0,0,0,81.472357,42.787949,GravityTurn,,,,,,,,,,,,,,,,,,,,,,,,,,,None,Continue,0,None,7654663.048905,,0,0,1,1,9016.025146,9016.025146,2.198288,11118347.65625,0.148042,213.178589,1.038378,0.081429,3.537239,8,-0.003327,-2.521509,,,,,,1,1,0,1,1,0.629916,0,0,0
21.2,ASCENT,7,0,1,None,Holding,0,1048.291849,424.963654,93.227974,92.721394,4602.246497,0.27057,28.789334,514167.566754,1.521298,7684362.304688,2.407777,0.010407,1,,0,0,0,0,0.305799,0.010407,0.01065,0.030526,0.000922,-0.001143,9332.347227,9332.342802,0.610187,-0.037487,0.002259,321.310732,146955.609375,874.485168,146956.34375,0,1.454506,-6362.237868,28.635104,297.683226,1,0.998718,0,0,0,81.318565,42.787958,GravityTurn,,,,,,,,,,,,,,,,,,,,,,,,,,,None,Continue,0,None,7657527.423138,,0,0,1,1,9019.596802,9019.596802,2.202522,11121033.203125,0.151608,215.717731,1.041494,0.079486,3.696252,8,-0.002265,-2.415865,,,,,,1,1,0,1,1,0.629857,0,0,0
21.46,ASCENT,7,0,1,None,Holding,0,1072.567072,425.636783,94.5756,94.015289,4725.670657,0.274574,31.479825,513467.951275,1.522321,7667881.835938,2.300808,0.010258,1,,0,0,0,0,0.300193,0.010258,0.01051,0.031627,0.000554,-0.001114,9331.51577,9331.511538,0.602178,-0.031962,0.001611,321.176925,146834.015625,873.309265,146834.75,0,1.491151,-6362.220899,28.636927,297.803705,1,0.998718,0,0,0,81.16687,42.787968,GravityTurn,,,,,,,,,,,,,,,,,,,,,,,,,,,None,Continue,0,None,7659258.510486,,0,0,1,1,9021.656677,9021.656677,2.204913,11122561.523438,0.154874,218.255624,1.0449,0.077789,3.876267,8,-0.000334,-2.308987,,,,,,1,1,0,1,1,0.629797,0,0,0
21.72,ASCENT,7,0,1,None,Holding,0,1097.179237,426.321663,95.929668,95.312454,4850.934694,0.2786,34.319984,512768.579938,1.524213,7683316.894531,2.1931,0.010109,1,,0,0,0,0,0.29465,0.010109,0.010334,0.028191,0.000956,-0.000924,9332.01599,9332.012334,0.592076,-0.026595,0.001355,321.088349,146712.5,872.133789,146713.234375,0,1.528336,-6362.203573,28.638889,297.926212,1,0.998718,0,0,0,81.017029,42.787979,GravityTurn,,,,,,,,,,,,,,,,,,,,,,,,,,,None,Continue,0,None,7660301.835722,,0,0,1,1,9025.641144,9025.641144,2.209446,11125481.445313,0.157853,220.792219,1.049259,0.076728,4.07983,8,-0.002811,-2.20127,,,,,,1,1,0,1,1,0.629737,0,0,0
21.98,ASCENT,7,0,1,None,Holding,0,1122.129177,427.018701,97.291796,96.614455,4977.996021,0.282648,37.312455,512069.117047,1.526237,7679889.160156,2.083926,0.00999,1,,0,0,0,0,0.290257,0.00999,0.010188,0.024719,0.000825,-0.00082,9337.089767,9337.086301,0.583706,-0.022017,0.001095,321.153402,146590.8125,870.958618,146591.546875,0,1.56608,-6362.185888,28.640996,298.05073,1,0.998718,0,0,0,80.868777,42.78799,GravityTurn,,,,,,,,,,,,,,,,,,,,,,,,,,,None,Continue,0,None,7660993.880827,,0,0,1,1,9029.504181,9029.504181,2.213737,11128266.601563,0.160555,223.327469,1.054664,0.075568,4.308442,8,-0.00285,-2.09238,,,,,,1,1,0,1,1,0.629676,0,0,0
22.24,ASCENT,7,0,1,None,Holding,0,1147.41797,427.72742,98.660947,97.920231,5107.000172,0.286723,40.460209,511369.776227,1.528545,7676174.804688,1.974093,0.009882,1,,0,0,0,0,0.286297,0.009882,0.010079,0.024649,0.002835,-0.000839,9341.099902,9341.097185,0.577471,-0.018583,0.002433,321.181377,146469,869.783203,146469.734375,0,1.604374,-6362.167852,28.643251,298.177191,1,0.998718,0,0,0,80.722148,42.788002,GravityTurn,,,,,,,,,,,,,,,,,,,,,,,,,,,None,Continue,0,None,7661740.736085,,0,0,1,1,9031.475067,9031.475067,2.21589,11129673.828125,0.162991,225.861326,1.059368,0.074269,4.566483,8,-0.000829,-1.982941,,,,,,1,1,0,1,1,0.629614,0,0,0
22.499999,ASCENT,7,0,1,None,Holding,0,1173.047427,428.449074,100.041011,99.233592,5238.194361,0.29083,43.766311,510670.069195,1.531839,7686265.136719,1.864412,0.009778,1,,0,0,0,0,0.282507,0.009778,0.009949,0.021385,0.002698,-0.000779,9350.181482,9350.179126,0.570027,-0.015336,0.001278,321.383731,146346.984375,868.607727,146347.734375,0,1.64326,-6362.149448,28.645662,298.305667,1,0.998718,0,0,0,80.576658,42.788015,GravityTurn,,,,,,,,,,,,,,,,,,,,,,,,,,,None,Continue,0,None,7662997.226284,,0,0,1,1,9035.750854,9035.750854,2.220485,11132695.3125,0.165175,228.393746,1.065662,0.073294,4.857129,8,-0.001138,-1.873146,,,,,,1,1,0,1,1,0.629552,0,0,0
22.759999,ASCENT,7,0,1,None,Holding,0,1199.018631,429.181989,101.426973,100.549529,5371.241011,0.294961,47.233555,509970.636822,1.534053,7695676.757813,1.754689,0.009667,1,,0,0,0,0,0.278589,0.009667,0.009849,0.022664,0.002575,-0.000793,9353.795091,9353.792805,0.564302,-0.012841,0.001825,321.398558,146225.046875,867.432068,146225.78125,0,1.682692,-6362.130699,28.648231,298.435986,1,0.998718,0,0,0,80.432774,42.788028,GravityTurn,,,,,,,,,,,,,,,,,,,,,,,,,,,None,Continue,0,None,7664364.48403,,0,0,1,1,9037.80426,9037.80426,2.222656,11134131.835938,0.167118,230.924685,1.070016,0.072289,5.185039,8,-0.001358,-1.762987,,,,,,1,1,0,1,1,0.62949,0,0,0
23.019999,ASCENT,7,0,1,None,Holding,0,1225.332987,429.927676,102.823574,101.872708,5506.450631,0.299123,50.864643,509270.838238,1.537147,7699113.28125,1.644524,0.009585,1,,0,0,0,0,0.275666,0.009585,0.009761,0.021928,-0.001464,-0.000714,9361.941615,9361.939962,0.559275,-0.010475,-0.00026,321.563261,146102.828125,866.256226,146103.5625,0,1.722719,-6362.111585,28.650964,298.568228,1,0.998718,0,0,0,80.289941,42.788042,GravityTurn,,,,,,,,,,,,,,,,,,,,,,,,,,,None,Continue,0,None,7665960.351502,,0,0,1,1,9042.254425,9042.254425,2.227289,11137216.796875,0.168835,233.4541,1.076598,0.071252,5.555018,8,-0.001904,-1.652942,,,,,,1,1,0,1,1,0.629429,0,0,0
23.279999,ASCENT,7,0,1,None,Holding,0,1251.991681,430.684706,104.226319,103.198621,5643.537627,0.30331,54.662378,508571.283795,1.539192,7698363.28125,1.534392,0.009503,1,,0,0,0,0,0.272809,0.009503,0.009656,0.019067,0.000183,-0.000383,9365.429064,9365.427351,0.553276,-0.008024,0.000115,321.578162,145980.875,865.0802,145981.609375,0,1.763299,-6362.092122,28.653865,298.702264,1,0.998718,0,0,0,80.148564,42.788057,GravityTurn,,,,,,,,,,,,,,,,,,,,,,,,,,,None,Continue,0,None,7667724.407342,,0,0,1,1,9044.388214,9044.388214,2.229478,11138682.617188,0.170338,235.981949,1.080586,0.070614,5.973724,8,-0.001195,-1.542881,,,,,,1,1,0,1,1,0.629368,0,0,0
23.519999,ASCENT,7,0,1,None,Holding,0,1278.995257,431.453062,105.635452,104.527477,5782.459712,0.30752,58.629645,507871.912457,1.541028,7692999.023438,1.42483,0.009408,1,,0,0,0,0,0.269543,0.009408,0.00955,0.017665,0.000886,-0.000616,9366.889216,9366.887607,0.547177,-0.007243,0.000671,321.52025,145858.578125,863.905151,145859.3125,0,1.804436,-6362.07231,28.656938,298.838164,1,0.998718,0,0,0,80.008557,42.788072,GravityTurn,,,,,,,,,,,,,,,,,,,,,,,,,,,None,Continue,0,None,7668965.19309,,0,0,1,1,9049.011963,9049.011963,2.234147,11141827.148438,0.171642,238.508191,1.084804,0.070245,6.452047,8,-0.00297,-1.433366,,,,,,1,1,0,1,1,0.629306,0,0,0
23.799999,ASCENT,7,0,1,None,Holding,0,1306.345163,432.233064,107.052248,105.860525,5923.246433,0.311754,62.768747,507172.632672,1.543246,7695220.214844,1.315113,0.009331,1,,0,0,0,0,0.266937,0.009331,0.009469,0.017054,0.000675,-0.000356,9370.180612,9370.179435,0.542527,-0.005295,0.000965,321.524294,145736.34375,862.730042,145737.078125,0,1.846146,-6362.052148,28.660189,298.975642,1,0.998718,0,0,0,79.86974,42.788087,GravityTurn,,,,,,,,,,,,,,,,,,,,,,,,,,,None,Continue,0,None,7669955.933669,,0,0,1,1,9053.470764,9053.470764,2.238564,11144825.195313,0.172761,241.032786,1.089611,0.069728,6.996479,8,-0.000222,-1.323681,,,,,,1,1,0,1,1,0.629245,0,0,0
24.059999,ASCENT,7,0,1,None,Holding,0,1334.041807,433.024471,108.475801,107.196807,6065.846941,0.316012,67.082571,506473.413922,1.545228,7688179.6875,1.206256,0.009241,1,,0,0,0,0,0.263894,0.009241,0.009366,0.015459,0.000118,-0.000472,9373.165891,9373.164831,0.536613,-0.004777,0.000436,321.518772,145613.640625,861.555115,145614.375,0,1.88842,-6362.031635,28.663621,299.114934,1,0.998718,0,0,0,79.73215,42.788104,GravityTurn,,,,,,,,,,,,,,,,,,,,,,,,,,,None,Continue,0,None,7670667.775096,,0,0,1,1,9056.023712,9056.023712,2.241058,11146526.367188,0.173709,243.555697,1.093822,0.069631,7.621764,8,-0.002446,-1.214645,,,,,,1,1,0,1,1,0.629176,0,0,0
24.319999,ASCENT,7,0,1,None,Holding,0,1362.086747,433.827876,109.908471,108.538665,6210.457238,0.320298,71.573531,505774.134137,1.547899,7697631.347656,1.09709,0.009185,1,,0,0,0,0,0.261997,0.009185,0.009299,0.014092,-0.001362,-0.0004,9379.556212,9379.55542,0.532779,-0.003807,-0.000221,321.624427,145491.515625,860.379822,145492.25,0,1.931287,-6362.010768,28.667242,299.255958,1,0.998718,0,0,0,79.595516,42.788121,GravityTurn,,,,,,,,,,,,,,,,,,,,,,,,,,,None,Continue,0,None,7671439.630075,,0,0,1,1,9060.935547,9060.935547,2.245789,11149773.4375,0.174501,246.076886,1.099425,0.069156,8.329911,8,-0.000208,-1.105441,,,,,,1,1,0,1,1,0.629115,0,0,0
24.579999,ASCENT,7,0,1,None,Holding,0,1390.480769,434.641888,111.345832,109.881665,6356.99636,0.32461,76.244683,505075.25108,1.549525,7672135.742188,0.989219,0.009101,1,,0,0,0,0,0.259248,0.009101,0.009211,0.01365,0.000915,-0.000253,9376.392061,9376.391111,0.527762,-0.002728,0.000394,321.408621,145369.140625,859.205383,145369.875,0,1.974701,-6361.989561,28.671051,299.398562,1,0.998718,0,0,0,79.460215,42.788139,GravityTurn,,,,,,,,,,,,,,,,,,,,,,,,,,,None,Continue,0,None,7672211.419652,,0,0,1,1,9063.286591,9063.286591,2.248025,11151316.40625,0.175152,248.596317,1.102334,0.069137,9.14259,8,-0.000277,-0.997687,,,,,,1,1,0,1,1,0.629054,0,0,0
24.839999,ASCENT,7,0,1,None,Holding,0,1419.224749,435.468837,112.7951,111.232942,6505.441563,0.328949,81.098329,504375.940777,1.55209,7690901.855469,0.881505,0.009051,1,,0,0,0,0,0.257578,0.009051,0.009141,0.011087,-0.001208,-0.000354,9385.974106,9385.973975,0.523729,-0.002383,-0.000066,321.620734,145245.953125,858.030029,145246.703125,0,2.018744,-6361.967986,28.675058,299.542919,1,0.998718,0,0,0,79.325529,42.788158,GravityTurn,,,,,,,,,,,,,,,,,,,,,,,,,,,None,Continue,0,None,7672938.713578,,0,0,1,1,9068.063416,9068.063416,2.252512,11154424.804688,0.175676,251.113954,1.108922,0.068864,10.079409,8,0.000441,-0.889611,,,,,,1,1,0,1,1,0.628994,0,0,0
25.099999,ASCENT,7,0,1,None,Holding,0,1448.32097,436.308129,114.253927,112.590109,6656.06766,0.33332,86.137364,503676.538922,1.555381,7701854.492188,0.775086,0.008996,1,,0,0,0,0,0.255766,0.008996,0.009068,0.00887,-0.002111,-0.00026,9395.462978,9395.462953,0.519567,-0.00182,-0.000751,321.83459,145123.140625,856.855408,145123.875,0,2.063394,-6361.946045,28.679268,299.688954,1,0.998718,0,0,0,79.191649,42.788177,GravityTurn,,,,,,,,,,,,,,,,,,,,,,,,,,,None,Continue,0,None,7674194.909697,,0,0,1,1,9070.792267,9070.792267,2.255047,11156189.453125,0.176087,253.629765,1.115464,0.068845,11.160488,8,-0.002989,-0.783122,,,,,,1,1,0,1,1,0.628934,0,0,0
25.359999,ASCENT,7,0,1,None,Holding,0,1477.770752,437.159386,115.721608,113.952444,6808.733568,0.337722,91.364354,502977.045514,1.558479,7683862.304688,0.670017,0.008934,1,,0,0,0,0,0.253744,0.008934,0.009008,0.009065,0.001798,-0.000412,9403.931381,9403.931121,0.516105,-0.001912,0.001075,322.013845,145000.546875,855.679199,145001.28125,0,2.108647,-6361.923744,28.683685,299.836636,1,0.998718,0,0,0,79.05861,42.788197,GravityTurn,,,,,,,,,,,,,,,,,,,,,,,,,,,None,Continue,0,None,7675853.734925,,0,0,1,1,9075.721436,9075.721436,2.259572,11159355.46875,0.1764,256.143715,1.121467,0.068774,12.411394,8,-0.000081,-0.67779,,,,,,1,1,0,1,1,0.628875,0,0,0
25.619999,ASCENT,7,0,1,None,Holding,0,1507.575324,438.022059,117.196871,115.318702,6963.580111,0.342156,96.781789,502277.643658,1.561246,7708679.199219,0.565497,0.008897,1,,0,0,0,0,0.252553,0.008897,0.008929,0.003948,0.00064,-0.000223,9406.398917,9406.399076,0.511612,-0.001122,0.001026,321.984628,144877.375,854.504089,144878.109375,0,2.154492,-6361.901092,28.68831,299.985836,1,0.998718,0,0,0,78.926494,42.788218,GravityTurn,,,,,,,,,,,,,,,,,,,,,,,,,,,None,Continue,0,None,7677855.178005,,0,0,1,1,9078.535187,9078.535187,2.262128,11161151.367188,0.176629,258.655774,1.125717,0.068834,13.868252,8,-0.001223,-0.573696,,,,,,1,1,0,1,1,0.628818,0,0,0
25.879999,ASCENT,7,0,1,None,Holding,0,1537.736133,438.89808,118.684777,116.693798,7120.47035,0.346621,102.392821,501577.814557,1.564196,7712687.5,0.463551,0.00885,1,,0,0,0,0,0.251007,0.00885,0.00891,0.007371,0.001246,-0.000717,9418.964692,9418.964749,0.510487,-0.002067,0.00067,322.301508,144754.84375,853.327942,144755.578125,0,2.20099,-6361.87806,28.693156,300.136794,1,0.998718,0,0,0,78.794824,42.788239,GravityTurn,,,,,,,,,,,,,,,,,,,,,,,,,,,None,Continue,0,None,7680115.243324,,0,0,1,1,9083.933868,9083.933868,2.266973,11164573.242188,0.176788,261.165909,1.133303,0.068551,15.578744,8,0.001632,-0.471154,,,,,,1,1,0,1,1,0.628762,0,0,0
26.119999,ASCENT,7,0,1,None,Holding,0,1568.255016,439.786,120.18163,118.074122,7279.614732,0.351121,108.199757,500877.92442,1.567479,7714075.195313,0.363461,0.008828,1,,0,0,0,0,0.250302,0.008828,0.008863,0.004282,0.000689,0.000137,9426.925407,9426.92541,0.507825,0.000186,0.000284,322.455811,144631.28125,852.152161,144632.015625,0,2.248103,-6361.85467,28.698221,300.289335,1,0.998718,0,0,0,78.663905,42.788261,GravityTurn,,,,,,,,,,,,,,,,,,,,,,,,,,,None,Continue,0,None,7683127.597004,,0,0,1,1,9086.509796,9086.509796,2.269266,11166198.242188,0.17689,263.674093,1.139282,0.068429,17.553016,8,-0.00062,-0.371456,,,,,,1,1,0,1,1,0.628708,0,0,0
26.399999,ASCENT,7,0,1,None,Holding,0,1599.133462,440.685423,121.685791,119.457957,7440.681766,0.355648,114.205191,500178.217389,1.56991,7698157.714844,0.268501,0.008775,1,,0,0,0,0,0.248624,0.008775,0.008791,0.001955,-0.000635,-0.000131,9430.431389,9430.431755,0.50368,-0.000352,-0.000464,322.466185,144508.25,850.976501,144508.984375,0,2.295815,-6361.830917,28.70351,300.443217,1,0.998718,0,0,0,78.533853,42.788284,GravityTurn,,,,,,,,,,,,,,,,,,,,,,,,,,,None,Continue,0,None,7686281.007735,,0,0,1,1,9092.064636,9092.064636,2.274153,11169677.734375,0.17695,266.180295,1.14387,0.068613,19.865394,8,-0.000407,-0.275373,,,,,,1,1,0,1,1,0.628649,0,0,0
26.659999,ASCENT,7,0,1,None,Holding,0,1630.372211,441.596691,123.198688,120.846741,7603.660999,0.360203,120.411745,499478.449322,1.57233,7694604.003906,0.183147,0.008722,1,,0,0,0,0,0.246958,0.008722,0.008744,0.002782,0.001381,-0.000513,9435.256941,9435.257048,0.501014,-0.001199,0.000904,322.519797,144384.703125,849.800171,144385.4375,0,2.344144,-6361.806802,28.709026,300.598654,1,0.998718,0,0,0,78.404516,42.788308,GravityTurn,,,,,,,,,,,,,,,,,,,,,,,,,,,None,Continue,0,None,7689043.577625,,0,0,1,1,9097.726257,9097.726257,2.279066,11173195.3125,0.17698,268.684488,1.149218,0.068623,22.552121,8,0.000207,-0.188484,,,,,,1,1,0,1,1,0.628599,0,0,0
26.919999,ASCENT,7,0,1,None,Holding,0,1661.972398,442.519383,124.719363,122.239511,7768.530997,0.364786,126.821691,498778.803326,1.574699,7698698.730469,0.12603,0.008699,1,,0,0,0,0,0.246252,0.008699,0.008682,-0.002164,-0.000708,-0.000236,9439.335649,9439.336116,0.497413,-0.000338,-0.000288,322.548911,144260.796875,848.624512,144261.546875,0,2.393083,-6361.782331,28.714774,300.755517,1,0.998718,0,0,0,78.275952,42.788333,GravityTurn,,,,,,,,,,,,,,,,,,,,,,,,,,,None,Continue,0,None,7691581.546115,,0,0,1,1,9100.427307,9100.427307,2.281387,11174864.257813,0.176994,271.186645,1.154152,0.068687,25.663384,8,0.001329,-0.128124,,,,,,1,1,0,1,1,0.62855,0,0,0
27.179999,ASCENT,7,0,1,None,Holding,0,1693.935606,443.454039,126.24875,123.637113,7935.329202,0.369396,133.43784,498079.065777,1.577073,7716905.273438,0.137073,0.008656,1,,0,0,0,0,0.244912,0.008656,0.008645,-0.001326,0.001895,-0.000016,9444.413154,9444.413633,0.495326,0.000321,0.001012,322.611693,144137.4375,847.448425,144138.171875,0,2.442645,-6361.757488,28.720761,300.913849,1,0.998718,0,0,0,78.148059,42.788358,GravityTurn,,,,,,,,,,,,,,,,,,,,,,,,,,,None,Continue,0,None,7693751.390099,,0,0,1,1,9106.244446,9106.244446,2.286339,11178438.476563,0.177004,273.68674,1.160115,0.068497,29.209571,8,0.0005,0.133723,,,,,,1,1,0,1,1,0.628504,0,0,0
27.419999,ASCENT,7,0,1,None,Holding,0,1726.262233,444.399487,127.784578,125.037371,8103.803635,0.37403,140.262237,497379.602887,1.579078,7706908.691406,0.204143,0.008623,1,,0,0,0,0,0.243905,0.008623,0.0086,-0.002851,0.001087,-0.000639,9446.899964,9446.899971,0.492732,-0.001158,0.000575,322.586656,144013.890625,846.272766,144014.640625,0,2.492805,-6361.732298,28.726984,301.073558,1,0.998718,0,0,0,78.021,42.788384,GravityTurn,,,,,,,,,,,,,,,,,,,,,,,,,,,None,Continue,0,None,7695397.378226,,0,0,1,1,9109.017273,9109.017273,2.288677,11180132.8125,0.177022,276.184748,1.164498,0.068359,33.181131,8,0.000761,0.198192,,,,,,1,1,0,1,1,0.628461,0,0,0
27.699999,ASCENT,7,0,1,None,Holding,0,1758.953523,445.356697,129.329299,126.442634,8274.132504,0.378691,147.297592,496680.139996,1.581562,7701293.945313,0.289543,0.008589,1,,0,0,0,0,0.242866,0.008589,0.008535,-0.006581,-0.001418,-0.000492,9452.513488,9452.513431,0.489031,-0.001172,-0.000406,322.674308,143890.0625,845.097412,143890.8125,0,2.543596,-6361.706744,28.733453,301.234532,1,0.998718,0,0,0,77.894552,42.788412,GravityTurn,,,,,,,,,,,,,,,,,,,,,,,,,,,None,Continue,0,None,7696672.872717,,0,0,1,1,9114.986969,9114.986969,2.293666,11183761.71875,0.17706,278.680644,1.170322,0.067878,37.521104,8,0.000337,0.2829,,,,,,1,1,0,1,1,0.628413,0,0,0
27.959999,ASCENT,7,0,1,None,Holding,0,1792.010785,446.325783,130.882673,127.852657,8446.503069,0.383384,154.546479,495980.707623,1.584385,7704767.089844,0.380375,0.008552,1,,0,0,0,0,0.241736,0.008552,0.008512,-0.004905,0.002688,-0.00038,9456.56757,9456.567655,0.487687,-0.000557,0.001095,322.713306,143766.140625,843.921997,143766.875,0,2.595018,-6361.680818,28.740171,301.396905,1,0.998718,0,0,0,77.768713,42.788439,GravityTurn,,,,,,,,,,,,,,,,,,,,,,,,,,,None,Continue,0,None,7698176.458558,,0,0,1,1,9118.189392,9118.189392,2.296318,11185697.265625,0.177131,281.174406,1.175299,0.067728,42.069693,8,0.001576,0.373567,,,,,,1,1,0,1,1,0.628374,0,0,0
28.219999,ASCENT,7,0,1,None,Holding,0,1825.435409,447.307392,132.446634,129.269313,8620.711697,0.388106,162.011371,495281.092145,1.587317,7722155.761719,0.47284,0.008526,1,,0,0,0,0,0.24093,0.008526,0.008446,-0.00962,-0.002294,-0.000352,9466.675695,9466.675635,0.483944,-0.000465,-0.001014,322.957403,143642.5,842.747131,143643.234375,0,2.647099,-6361.654512,28.747145,301.560696,1,0.998718,0,0,0,77.64331,42.788468,GravityTurn,,,,,,,,,,,,,,,,,,,,,,,,,,,None,Continue,0,None,7699644.697593,,0,0,1,1,9124.31366,9124.31366,2.301345,11189383.789063,0.177246,283.666012,1.182396,0.06668,46.468759,8,-0.000638,0.465939,,,,,,1,1,0,1,1,0.628338,0,0,0
28.479999,ASCENT,7,0,1,None,Holding,0,1859.229593,448.30268,134.02375,130.695115,8797.390734,0.392869,169.69505,494580.957867,1.591403,7740860.839844,0.566061,0.00853,1,,0,0,0,0,0.241029,0.00853,0.008431,-0.012029,0.000709,-0.00002,9479.855693,9479.855426,0.483034,0.000569,0.000481,323.311524,143518,841.570251,143518.734375,0,2.699878,-6361.627806,28.754383,301.725938,1,0.998718,0,0,0,77.518129,42.788498,GravityTurn,,,,,,,,,,,,,,,,,,,,,,,,,,,None,Continue,0,None,7702210.156004,,0,0,1,1,9127.228027,9127.228027,2.303725,11191129.882813,0.177415,286.155439,1.190548,0.066924,50.364175,8,0.002124,0.558197,,,,,,1,1,0,1,1,0.628305,0,0,0
28.739999,ASCENT,7,0,1,None,Holding,0,1893.39431,449.308398,135.606154,132.122267,8975.7367,0.397657,177.600019,493881.281354,1.593672,7742857.421875,0.657946,0.008487,1,,0,0,0,0,0.239739,0.008487,0.008386,-0.01212,0.001641,-0.000504,9482.827014,9482.826657,0.480502,-0.000779,0.000895,323.309748,143394.25,840.394531,143394.984375,0,2.753255,-6361.600744,28.761879,301.892392,1,0.998718,0,0,0,77.393778,42.788528,GravityTurn,,,,,,,,,,,,,,,,,,,,,,,,,,,None,Continue,0,None,7705062.123236,,0,0,1,1,9133.495239,9133.495239,2.308795,11194867.1875,0.17765,288.642668,1.194733,0.065733,53.199166,8,0.000839,0.650984,,,,,,1,1,0,1,1,0.628275,0,0,0
28.979999,ASCENT,7,0,1,None,Holding,0,1927.930734,450.325011,137.195364,133.552304,9155.920548,0.402474,185.728427,493181.757428,1.595647,7717355.957031,0.749661,0.008455,1,,0,0,0,0,0.238793,0.008455,0.008326,-0.015473,0.001045,0.000008,9480.873202,9480.872752,0.477071,0.000538,0.000293,323.144888,143269.890625,839.218628,143270.640625,0,2.807252,-6361.573323,28.769637,302.060113,1,0.998718,0,0,0,77.270114,42.788559,GravityTurn,,,,,,,,,,,,,,,,,,,,,,,,,,,None,Continue,0,None,7707296.886217,,0,0,1,1,9136.478851,9136.478851,2.311191,11196639.648438,0.177961,291.127678,1.198425,0.064271,54.566664,8,0.000719,0.742826,,,,,,1,1,0,1,1,0.628249,0,0,0
29.259999,ASCENT,7,0,1,None,Holding,0,1962.839642,451.353414,138.793081,134.986836,9337.519433,0.407311,194.082535,492482.355572,1.597407,7717709.472656,0.840708,0.008427,1,,0,0,0,0,0.237963,0.008427,0.008311,-0.013879,0.003295,-0.000214,9484.267056,9484.266314,0.476212,-0.000006,0.001261,323.160001,143144.953125,838.043213,143145.6875,0,2.861895,-6361.545521,28.777664,302.228905,1,0.998718,0,0,0,77.146987,42.788591,GravityTurn,,,,,,,,,,,,,,,,,,,,,,,,,,,None,Continue,0,None,7708790.013202,,0,0,1,1,9142.892487,9142.892487,2.316298,11200429.6875,0.178357,293.610449,1.20313,0.064104,54.299266,8,0.001554,0.833456,,,,,,1,1,0,1,1,0.628219,0,0,0
29.519999,ASCENT,7,0,1,None,Holding,0,1998.122228,452.394157,140.400864,136.427404,9520.932797,0.412178,202.66493,491782.831647,1.600425,7733109.863281,0.930501,0.008394,1,,0,0,0,0,0.236999,0.008394,0.008249,-0.017462,0.001385,-0.00021,9492.703249,9492.702537,0.472616,0.000291,0.001278,323.347786,143020.84375,836.866821,143021.578125,0,2.917206,-6361.517334,28.785966,302.39904,1,0.998718,0,0,0,77.024264,42.788624,GravityTurn,,,,,,,,,,,,,,,,,,,,,,,,,,,None,Continue,0,None,7710068.815996,,0,0,1,1,9149.015472,9149.015472,2.321128,11204030.273438,0.17885,296.090963,1.209824,0.062495,52.469547,8,-0.000668,0.92409,,,,,,1,1,0,1,1,0.628195,0,0,0
29.779999,ASCENT,7,0,1,None,Holding,0,2033.780083,453.446458,142.017147,137.872475,9706.390211,0.417079,211.478139,491083.307721,1.603122,7712954.589844,1.019652,0.008371,1,,0,0,0,0,0.236335,0.008371,0.008262,-0.013126,-0.002266,-0.000491,9496.061603,9496.060612,0.473375,-0.000464,-0.000836,323.364367,142896.234375,835.69165,142896.96875,0,2.97317,-6361.488774,28.794544,302.570355,1,0.998718,0,0,0,76.902051,42.788658,GravityTurn,,,,,,,,,,,,,,,,,,,,,,,,,,,None,Continue,0,None,7711846.551089,,0,0,1,1,9152.10788,9152.10788,2.323553,11205839.84375,0.179447,298.569203,1.215263,0.064684,49.463334,8,0.002601,1.01337,,,,,,1,1,0,1,1,0.628176,0,0,0
30.039999,ASCENT,7,0,1,None,Holding,0,2069.813226,454.50876,143.637873,139.317995,9892.955444,0.421995,220.524375,490384.272076,1.604545,7731844.726563,1.108694,0.008366,1,,0,0,0,0,0.236176,0.008366,0.00818,-0.022278,-0.002213,-0.000368,9495.427245,9495.426452,0.468691,-0.000296,-0.000921,323.238035,142771.59375,834.517517,142772.328125,0,3.02973,-6361.459853,28.803395,302.742695,1,0.998718,0,0,0,76.780637,42.788693,GravityTurn,,,,,,,,,,,,,,,,,,,,,,,,,,,None,Continue,0,None,7712846.27714,,0,0,1,1,9158.35672,9158.35672,2.328418,11209486.328125,0.180158,301.045151,1.218748,0.062001,45.601166,8,0.000254,1.101584,,,,,,1,1,0,1,1,0.628161,0,0,0
30.299999,ASCENT,7,0,1,None,Holding,0,2106.223347,455.583686,145.269321,140.770168,10081.258283,0.426941,229.806523,489685.083844,1.607237,7738929.199219,1.195389,0.008323,1,,0,0,0,0,0.234944,0.008323,0.008138,-0.022175,0.003016,-0.00042,9502.205847,9502.204156,0.466279,-0.000305,0.00143,323.373379,142646.890625,833.342224,142647.625,0,3.086978,-6361.430537,28.812531,302.91621,1,0.998718,0,0,0,76.659536,42.788729,GravityTurn,,,,,,,,,,,,,,,,,,,,,,,,,,,None,Continue,0,None,7713380.624967,,0,0,1,1,9164.290497,9164.290497,2.333001,11212930.664063,0.180992,303.51879,1.225713,0.062635,41.384902,8,-0.000396,1.188913,,,,,,1,1,0,1,1,0.628144,0,0,0
30.559999,ASCENT,7,0,1,None,Holding,0,2143.011666,456.669644,146.908335,142.225856,10271.36685,0.431918,239.326206,488986.048199,1.609727,7736726.5625,1.282355,0.008325,1,,0,0,0,0,0.234995,0.008325,0.008126,-0.023778,-0.004862,-0.000164,9503.625854,9503.624252,0.46561,0.000382,-0.002098,323.320509,142522.109375,832.16803,142522.84375,0,3.144872,-6361.400853,28.821955,303.090865,1,0.998718,0,0,0,76.538969,42.788766,GravityTurn,,,,,,,,,,,,,,,,,,,,,,,,,,,None,Continue,0,None,7714358.034662,,0,0,1,1,9167.483063,9167.483063,2.335457,11214779.296875,0.181958,305.990106,1.230548,0.064453,37.222751,8,0.002295,1.27579,,,,,,1,1,0,1,1,0.628147,0,0,0
30.819999,ASCENT,7,0,1,None,Holding,0,2180.178746,457.767665,148.556477,143.686586,10462.720871,0.436914,249.086363,488286.95152,1.611973,7723430.175781,1.367139,0.00829,1,,0,0,0,0,0.233978,0.00829,0.008088,-0.024121,0.002435,-0.000694,9510.959773,9510.957817,0.463394,-0.001142,0.000517,323.468153,142397.015625,830.994019,142397.75,0,3.203437,-6361.370772,28.831667,303.266574,1,0.998718,0,0,0,76.418811,42.788803,GravityTurn,,,,,,,,,,,,,,,,,,,,,,,,,,,None,Continue,0,None,7714978.489323,,0,0,1,1,9174.33374,9174.33374,2.340687,11218728.515625,0.183063,308.459083,1.236608,0.064966,33.254789,8,0.002383,1.360832,,,,,,1,1,0,1,1,0.628154,0,0,0
31.079999,ASCENT,7,0,1,None,Holding,0,2217.726825,458.878456,150.215899,145.154475,10656.145735,0.441949,259.089203,487587.702252,1.61571,7744441.40625,1.451695,0.008296,1,,0,0,0,0,0.234151,0.008296,0.00803,-0.031663,-0.003412,-0.000683,9520.365446,9520.362442,0.460103,-0.001338,-0.002275,323.690829,142272.84375,829.817688,142273.578125,0,3.262708,-6361.340291,28.841678,303.443447,1,0.998718,0,0,0,76.298895,42.788842,GravityTurn,,,,,,,,,,,,,,,,,,,,,,,,,,,None,Continue,0,None,7716069.926111,,0,0,1,1,9177.585327,9177.585327,2.343158,11220598.632813,0.184317,310.925707,1.243725,0.065576,29.620335,8,0.001253,1.445218,,,,,,1,1,0,1,1,0.628165,0,0,0
31.339999,ASCENT,7,0,1,None,Holding,0,2255.657298,460.002214,151.886739,146.629582,10851.54353,0.447019,269.337433,486888.269879,1.619093,7741580.078125,1.534735,0.008296,1,,0,0,0,0,0.234153,0.008296,0.008061,-0.028014,-0.002443,0.000274,9529.759803,9529.756053,0.461841,0.001264,-0.001468,323.910325,142147.4375,828.642517,142148.1875,0,3.322692,-6361.3094,28.851995,303.621517,1,0.998718,0,0,0,76.179205,42.788881,GravityTurn,,,,,,,,,,,,,,,,,,,,,,,,,,,None,Continue,0,None,7718041.554853,,0,0,1,1,9184.557648,9184.557648,2.348429,11224597.65625,0.185726,313.389966,1.250608,0.069297,26.405734,8,0.004483,1.528553,,,,,,1,1,0,1,1,0.628182,0,0,0
31.599999,ASCENT,7,0,1,None,Holding,0,2293.972064,461.138825,153.56889,148.111856,11048.660209,0.452121,279.833402,486188.562848,1.622733,7756717.285156,1.616504,0.0083,1,,0,0,0,0,0.234269,0.0083,0.008,-0.035663,0.000968,-0.000273,9541.632377,9541.628212,0.458361,-0.000068,-0.000029,324.2125,142021.6875,827.467285,142022.421875,0,3.383393,-6361.278104,28.862617,303.800691,1,0.998718,0,0,0,76.059742,42.788922,GravityTurn,,,,,,,,,,,,,,,,,,,,,,,,,,,None,Continue,0,None,7720604.725456,,0,0,1,1,9191.195313,9191.195313,2.35342,11228389.648438,0.187298,315.851846,1.258003,0.069368,23.568012,8,0.000714,1.610129,,,,,,1,1,0,1,1,0.628206,0,0,0
31.859999,ASCENT,7,0,1,None,Holding,0,2332.673183,462.288441,155.262145,149.601013,11247.928001,0.457264,290.580129,485488.672711,1.62634,7768630.371094,1.696758,0.008298,1,,0,0,0,0,0.234204,0.008298,0.008016,-0.033431,-0.001368,-0.000096,9551.133288,9551.128611,0.459277,0.000478,-0.000553,324.434218,141896.609375,826.291992,141897.34375,0,3.444812,-6361.246388,28.87355,303.980959,1,0.998718,0,0,0,75.940517,42.788963,GravityTurn,,,,,,,,,,,,,,,,,,,,,,,,,,,None,Continue,0,None,7724002.215122,,0,0,1,1,9194.540039,9194.540039,2.355925,11230295.898438,0.18904,318.311337,1.265299,0.072225,21.12807,8,0.003422,1.690954,,,,,,1,1,0,1,1,0.628241,0,0,0
32.119999,ASCENT,7,0,1,None,Holding,0,2371.761685,463.447823,156.962137,151.09329,11448.875547,0.462438,301.580169,484788.996197,1.628727,7750486.816406,1.774434,0.008975,1,,0,0,0,0,0.233167,0.008975,0.008203,-0.091417,-0.001181,-0.000565,9552.781782,9552.765958,0.470002,-0.000953,-0.000032,324.477249,141770.90625,825.114685,141771.640625,0,3.506895,-6361.214347,28.884765,304.161817,1,0.998718,0,0,0,75.821825,42.789006,GravityTurn,,,,,,,,,,,,,,,,,,,,,,,,,,,None,Continue,0,None,7727779.747613,,0,0,1,1,9201.710388,9201.710388,2.361265,11234370.117188,0.190953,320.768429,1.269133,0.089456,19.052964,8,0.010935,1.768423,,,,,,1,1,0,1,1,0.628284,0,0,0
32.379999,ASCENT,7,0,1,None,Holding,0,2411.23826,464.616777,158.6733,152.594125,11651.46954,0.467643,312.838681,484089.136578,1.631423,7754638.671875,1.839547,0.009685,1,,0,0,0,0,0.222975,0.009685,0.008947,-0.087225,0.002623,-0.000089,9561.363032,9561.324077,0.512637,0.000445,0.001747,324.81814,141645.390625,823.938354,141646.140625,0,3.56973,-6361.182073,28.89623,304.34271,1,0.998718,0,0,0,75.703349,42.789049,GravityTurn,,,,,,,,,,,,,,,,,,,,,,,,,,,None,Continue,0,None,7731038.65986,,0,0,1,1,9205.112366,9205.112366,2.363788,11236299.804688,0.193032,323.223133,1.276258,0.131393,17.43037,8,0.006607,1.834741,,,,,,1,1,0,1,1,0.628332,0,0,0
32.639999,ASCENT,7,0,1,None,Holding,0,2451.10426,465.800437,160.394281,154.099453,11856.041472,0.472888,324.359377,483389.246441,1.634676,7752725.097656,1.895199,0.009975,1,,0,0,0,0,0.202965,0.009975,0.009468,-0.059812,0.000995,0.000156,9567.480666,9567.451854,0.542478,0.001092,-0.000084,324.860139,141519.640625,822.761902,141520.375,0,3.633258,-6361.149258,28.908058,304.525344,1,0.998718,0,0,0,75.585175,42.789093,GravityTurn,,,,,,,,,,,,,,,,,,,,,,,,,,,None,Continue,0,None,7734548.108937,,0,0,1,1,9212.401245,9212.401245,2.36917,11240417.96875,0.195253,325.67544,1.282613,0.146507,15.875271,8,0.004632,1.890844,,,,,,1,1,0,1,1,0.628384,0,0,0
32.899999,ASCENT,7,0,1,None,Holding,0,2491.361142,466.999889,162.125645,155.609387,12062.121691,0.478162,336.142647,482689.203717,1.6377,7768191.40625,1.946551,0.00998,1,,0,0,0,0,0.177968,0.00998,0.009606,-0.043981,0.000952,0.000002,9578.079706,9578.063825,0.550411,0.000526,0.000775,325.003488,141393.546875,821.586487,141394.28125,0,3.697485,-6361.115848,28.92027,304.709926,1,0.998718,0,0,0,75.467257,42.789139,GravityTurn,,,,,,,,,,,,,,,,,,,,,,,,,,,None,Continue,0,None,7737815.214827,,0,0,1,1,9215.859863,9215.859863,2.371711,11242368.164063,0.197606,328.125315,1.289473,0.139494,14.519665,8,0.002585,1.94261,,,,,,1,1,0,1,1,0.628441,0,0,0
33.159999,ASCENT,7,0,1,None,Holding,0,2532.0104,468.211933,163.86258,157.119597,12269.798336,0.483468,348.189609,481989.679791,1.64006,7771190.917969,1.998015,0.009849,1,,0,0,0,0,0.152524,0.009849,0.009549,-0.03523,-0.001303,-0.000183,9579.393066,9579.384735,0.54714,-0.000055,0.000295,324.864974,141267.65625,820.410339,141268.390625,0,3.762344,-6361.081924,28.93284,304.895954,1,0.998718,0,0,0,75.349914,42.789185,GravityTurn,,,,,,,,,,,,,,,,,,,,,,,,,,,None,Continue,0,None,7740401.642552,,0,0,1,1,9223.266022,9223.266022,2.377132,11246532.226563,0.200088,330.572729,1.293794,0.12502,13.385886,8,0.000679,1.994025,,,,,,1,1,0,1,1,0.628502,0,0,0
33.399999,ASCENT,7,0,1,None,Holding,0,2573.052871,469.437023,165.60758,158.632761,12478.993387,0.488806,360.502531,481290.247418,1.642051,7766270.019531,2.050353,0.009633,1,,0,0,0,0,0.127961,0.009633,0.009392,-0.028269,0.005723,-0.000124,9579.932923,9579.927848,0.538137,0.000279,0.001945,324.737625,141141.953125,819.235107,141142.6875,0,3.827879,-6361.047502,28.94577,305.083442,1,0.998718,0,0,0,75.232965,42.789233,GravityTurn,,,,,,,,,,,,,,,,,,,,,,,,,,,None,Continue,0,None,7742230.877347,,0,0,1,1,9226.779114,9226.779114,2.379692,11248501.953125,0.202706,333.017655,1.298325,0.109891,12.4191,8,0.000037,2.046341,,,,,,1,1,0,1,1,0.628567,0,0,0
33.659999,ASCENT,7,0,1,None,Holding,0,2614.490078,470.676873,167.364734,160.153011,12689.850786,0.494178,373.083685,480590.570904,1.645012,7778515.136719,2.105673,0.009442,1,,0,0,0,0,0.107123,0.009442,0.00911,-0.03892,-0.001959,-0.000512,9589.342428,9589.33815,0.521991,-0.000722,-0.000077,324.92886,141015.921875,818.058716,141016.65625,0,3.89416,-6361.012564,28.959067,305.272221,1,0.998718,0,0,0,75.11613,42.789281,GravityTurn,,,,,,,,,,,,,,,,,,,,,,,,,,,None,Continue,0,None,7743907.249491,,0,0,1,1,9234.296692,9234.296692,2.385151,11252707.03125,0.205471,335.460075,1.305504,0.094977,11.58767,8,-0.000349,2.101156,,,,,,1,1,0,1,1,0.628636,0,0,0
33.919999,ASCENT,7,0,1,None,Holding,0,2656.322985,471.929147,169.130391,161.677032,12902.299188,0.499585,385.935735,479891.016461,1.647989,7766700.195313,2.163112,0.009258,1,,0,0,0,0,0.089052,0.009258,0.008964,-0.034462,-0.000187,-0.000058,9595.932272,9595.927452,0.51361,0.000822,0.001034,325.047169,140888.984375,816.883911,140889.71875,0,3.961137,-6360.977165,28.972713,305.462038,1,0.998718,0,0,0,74.999646,42.789331,GravityTurn,,,,,,,,,,,,,,,,,,,,,,,,,,,None,Continue,0,None,7745630.666763,,0,0,1,1,9241.438293,9241.438293,2.390315,11256692.382813,0.208393,337.899972,1.311826,0.086368,10.809559,7.958599,0.003463,2.158529,,,,,,1,1,0,1,1,0.628707,0,0,0
34.199999,ASCENT,7,0,1,None,Holding,0,2698.553948,473.195317,170.907541,163.207708,13116.846164,0.505036,399.061726,479191.248395,1.651567,7770798.339844,2.222216,0.009088,1,,0,0,0,0,0.073578,0.009088,0.008763,-0.038047,-0.000966,-0.000599,9602.548147,9602.542284,0.502088,-0.001016,-0.000239,325.170048,140762.765625,815.707703,140763.5,0,4.028863,-6360.94128,28.98672,305.652912,1,0.998718,0,0,0,74.88331,42.789382,GravityTurn,,,,,,,,,,,,,,,,,,,,,,,,,,,None,Continue,0,None,7747964.481938,,0,0,1,1,9245.482666,9245.482666,2.393229,11258944.335938,0.211484,340.337332,1.31835,0.079001,10.115615,7.840702,0.003497,2.217234,,,,,,1,1,0,1,1,0.628769,0,0,0
34.439999,ASCENT,7,0,1,None,Holding,0,2741.184075,474.474782,172.695346,164.744339,13332.976635,0.510522,412.464965,478491.449811,1.654355,7771221.191406,2.282399,0.008928,1,,0,0,0,0,0.060229,0.008928,0.008615,-0.036504,-0.002121,-0.000513,9610.497643,9610.490216,0.493605,-0.000402,-0.001107,325.339289,140636.40625,814.532349,140637.140625,0,4.097329,-6360.904923,29.001082,305.844934,1,0.998718,0,0,0,74.767173,42.789433,GravityTurn,,,,,,,,,,,,,,,,,,,,,,,,,,,None,Continue,0,None,7750615.669195,,0,0,1,1,9252.72049,9252.72049,2.398434,11262967.773438,0.214752,342.772145,1.32473,0.074768,9.475037,7.727251,0.003796,2.27802,,,,,,1,1,0,1,1,0.628846,0,0,0
34.719999,ASCENT,7,0,1,None,Holding,0,2784.214097,475.766032,174.49111,166.284241,13550.709741,0.516044,426.147466,477791.742779,1.657104,7760044.433594,2.34468,0.008813,1,,0,0,0,0,0.049735,0.008813,0.00841,-0.046913,0.00365,-0.000551,9613.124532,9613.116003,0.481877,-0.000553,0.001531,325.326081,140510.15625,813.355591,140510.890625,0,4.166494,-6360.86812,29.015799,306.037722,1,0.998718,0,0,0,74.651404,42.789486,GravityTurn,,,,,,,,,,,,,,,,,,,,,,,,,,,None,Continue,0,None,7753250.138213,,0,0,1,1,9256.819611,9256.819611,2.401372,11265241.210938,0.218205,345.204397,1.329452,0.070753,8.898377,7.613178,0.002792,2.339783,,,,,,1,1,0,1,1,0.62891,0,0,0
34.979999,ASCENT,7,0,1,None,Holding,0,2827.645662,477.06978,176.296029,167.82872,13769.795946,0.521598,440.112257,477092.096783,1.659398,7761755.371094,2.407157,0.008696,1,,0,0,0,0,0.040498,0.008696,0.008262,-0.050546,0.000038,-0.000153,9617.146585,9617.13713,0.473358,0.000456,0.001053,325.362687,140383.40625,812.180298,140384.15625,0,4.236383,-6360.830855,29.030863,306.231336,1,0.998718,0,0,0,74.535918,42.78954,GravityTurn,,,,,,,,,,,,,,,,,,,,,,,,,,,None,Continue,0,None,7755397.147393,,0,0,1,1,9264.154083,9264.154083,2.406612,11269301.757813,0.221852,347.63408,1.334976,0.069,8.374683,7.501824,-0.001382,2.402469,,,,,,1,1,0,1,1,0.628983,0,0,0
35.239999,ASCENT,7,0,1,None,Holding,0,2871.479655,478.387317,178.113481,169.381038,13990.458432,0.527189,454.362105,476392.237164,1.662776,7784072.753906,2.471537,0.008654,1,,0,0,0,0,0.034445,0.008654,0.008175,-0.055657,-0.001506,-0.000051,9629.451634,9629.439696,0.468418,0.000819,-0.000979,325.683851,140256.90625,811.004395,140257.640625,0,4.307057,-6360.793118,29.046297,306.425956,1,0.998718,0,0,0,74.420494,42.789595,GravityTurn,,,,,,,,,,,,,,,,,,,,,,,,,,,None,Continue,0,None,7757486.235005,,0,0,1,1,9268.30719,9268.30719,2.409567,11271596.679688,0.225705,350.061186,1.343193,0.069625,7.884879,7.397979,0.002506,2.465564,,,,,,1,1,0,1,1,0.629059,0,0,0
35.499999,ASCENT,7,0,1,None,Holding,0,2915.717176,479.714479,179.934983,170.932958,14212.450593,0.532813,468.900012,475692.957379,1.665122,7778675.292969,2.534073,0.00854,1,,0,0,0,0,0.02719,0.00854,0.008066,-0.055041,-0.00133,-0.000322,9627.878693,9627.866292,0.462151,-0.000199,0.000659,325.522375,140129.875,809.829224,140130.609375,0,4.378375,-6360.754969,29.06207,306.62111,1,0.998718,0,0,0,74.305666,42.789651,GravityTurn,,,,,,,,,,,,,,,,,,,,,,,,,,,None,Continue,0,None,7759464.333545,,0,0,1,1,9275.733307,9275.733307,2.414848,11275693.359375,0.229762,352.485707,1.346502,0.069777,7.448279,7.288016,0.001209,2.529004,,,,,,1,1,0,1,1,0.629136,0,0,0
35.759999,ASCENT,7,0,1,None,Holding,0,2960.359101,481.054632,181.767179,172.490952,14435.598856,0.538468,483.727991,474993.555523,1.66755,7784430.175781,2.597098,0.008456,1,,0,0,0,0,0.021585,0.008456,0.008035,-0.048791,-0.001296,-0.000551,9634.385232,9634.370234,0.460389,-0.000931,-0.000351,325.644781,140003.640625,808.65387,140004.375,0,4.450454,-6360.716351,29.078203,306.817042,1,0.998718,0,0,0,74.191004,42.789709,GravityTurn,,,,,,,,,,,,,,,,,,,,,,,,,,,None,Continue,0,None,7760574.6258,,0,0,1,1,9283.685822,9283.685822,2.420481,11280070.3125,0.234036,354.907635,1.353005,0.071845,7.054689,7.186369,0.003668,2.592889,,,,,,1,1,0,1,1,0.629216,0,0,0
36.019999,ASCENT,7,0,1,None,Holding,0,3005.407075,482.408207,183.611053,174.055959,14660.575906,0.544166,498.848552,474293.970563,1.671113,7789731.933594,2.660649,0.008415,1,,0,0,0,0,0.017792,0.008415,0.007857,-0.064575,-0.002416,-0.001034,9643.216964,9643.200691,0.450195,-0.002398,-0.001158,325.840834,139875.40625,807.478638,139876.140625,0,4.523313,-6360.677258,29.094705,307.013801,1,0.998718,0,0,0,74.076446,42.789767,GravityTurn,,,,,,,,,,,,,,,,,,,,,,,,,,,None,Continue,0,None,7762206.368733,,0,0,1,1,9287.44989,9287.44989,2.423142,11282137.695313,0.238533,357.326963,1.360326,0.071745,6.682985,7.088873,0.001982,2.655833,,,,,,1,1,0,1,1,0.629299,0,0,0
36.279999,ASCENT,7,0,1,None,Holding,0,3050.862801,483.774356,185.465055,175.626541,14887.139284,0.549905,514.265015,473594.324566,1.674372,7773632.324219,2.723239,0.008368,1,,0,0,0,0,0.014256,0.008368,0.007892,-0.055021,-0.003652,0.000325,9649.848509,9649.829744,0.45216,0.001543,-0.002077,325.962474,139747.6875,806.30249,139748.4375,0,4.596934,-6360.637703,29.111569,307.211232,1,0.998718,0,0,0,73.962083,42.789827,GravityTurn,,,,,,,,,,,,,,,,,,,,,,,,,,,None,Continue,0,None,7764419.042687,,0,0,1,1,9295.493103,9295.493103,2.428815,11286551.757813,0.243258,359.743689,1.366789,0.075096,6.346461,6.994052,0.004865,2.718741,,,,,,1,1,0,1,1,0.629385,0,0,0
36.539999,ASCENT,7,0,1,None,Holding,0,3096.727807,485.151662,187.326327,177.199794,15114.853941,0.555676,529.978752,472894.983746,1.676435,7769741.699219,2.786421,0.008357,1,,0,0,0,0,0.012179,0.008357,0.007803,-0.063895,-0.003551,-0.000071,9651.754659,9651.735029,0.447098,0.000411,-0.000939,325.916335,139621.15625,805.125854,139621.90625,0,4.671266,-6360.597701,29.128792,307.40928,1,0.998718,0,0,0,73.848086,42.789887,GravityTurn,,,,,,,,,,,,,,,,,,,,,,,,,,,None,Continue,0,None,7766429.821387,,0,0,1,1,9299.299347,9299.299347,2.431498,11288636.71875,0.248211,362.157805,1.371853,0.076143,6.028656,6.896578,0.007346,2.782113,,,,,,1,1,0,1,1,0.629474,0,0,0
36.799999,ASCENT,7,0,1,None,Holding,0,3143.002604,486.541931,189.198603,178.779554,15343.77354,0.561482,545.993096,472195.45982,1.679332,7795675.78125,2.848752,0.008354,1,,0,0,0,0,0.010582,0.008354,0.007834,-0.059879,-0.000522,-0.000798,9660.348703,9660.326364,0.448856,-0.001273,-0.000321,326.112782,139494.390625,803.951477,139495.125,0,4.746383,-6360.557229,29.146375,307.607911,1,0.998718,0,0,0,73.734221,42.789949,GravityTurn,,,,,,,,,,,,,,,,,,,,,,,,,,,None,Continue,0,None,7767967.891818,,0,0,1,1,9306.951447,9306.951447,2.436874,11292823.242188,0.253401,364.569307,1.379071,0.079723,5.75142,6.803839,0.011756,2.844689,,,,,,1,1,0,1,1,0.629567,0,0,0
37.059999,ASCENT,7,0,1,None,Holding,0,3189.688888,487.946112,191.083366,180.367084,15574.311673,0.567331,562.310548,471495.691754,1.683278,7807013.183594,2.909525,0.008336,1,,0,0,0,0,0.008783,0.008336,0.007745,-0.067962,0.000557,0.00025,9673.426688,9673.402098,0.44376,0.001117,0.000768,326.449407,139366.59375,802.77655,139367.34375,0,4.822313,-6360.516261,29.164336,307.807287,1,0.998718,0,0,0,73.620396,42.790012,GravityTurn,,,,,,,,,,,,,,,,,,,,,,,,,,,None,Continue,0,None,7769884.057228,,0,0,1,1,9311.274902,9311.274902,2.439911,11295186.523438,0.258834,366.978194,1.388081,0.080884,5.470287,6.717952,0.001184,2.904748,,,,,,1,1,0,1,1,0.629662,0,0,0
37.319999,ASCENT,7,0,1,None,Holding,0,3236.788139,489.360767,192.974189,181.956126,15806.406106,0.573223,578.933692,470796.350934,1.685945,7787678.710938,2.969375,0.008306,1,,0,0,0,0,0.00684,0.008306,0.007686,-0.071169,-0.000229,-0.000248,9671.977096,9671.951782,0.440385,-0.000169,0.000988,326.283201,139239,801.600952,139239.734375,0,4.898944,-6360.47485,29.182654,308.007119,1,0.998718,0,0,0,73.506995,42.790076,GravityTurn,,,,,,,,,,,,,,,,,,,,,,,,,,,None,Continue,0,None,7772443.845163,,0,0,1,1,9319.000275,9319.000275,2.44533,11299406.25,0.264502,369.38446,1.392105,0.08216,5.213783,6.625852,0.001864,2.964845,,,,,,1,1,0,1,1,0.629762,0,0,0
37.579999,ASCENT,7,0,1,None,Holding,0,3284.301611,490.789947,194.878399,183.553746,16039.619137,0.57915,595.864764,470096.67442,1.688797,7790649.414063,3.029077,0.008311,1,,0,0,0,0,0.006058,0.008311,0.007679,-0.072492,0.002203,-0.000673,9682.04977,9682.023371,0.439947,-0.001043,0.001434,326.512942,139111.25,800.424011,139112,0,4.976411,-6360.432921,29.201358,308.207694,1,0.998718,0,0,0,73.393573,42.790142,GravityTurn,,,,,,,,,,,,,,,,,,,,,,,,,,,None,Continue,0,None,7774725.351999,,0,0,1,1,9327.261444,9327.261444,2.451112,11303908.203125,0.270418,371.788102,1.399849,0.083993,4.973108,6.542536,0.002749,3.024719,,,,,,1,1,0,1,1,0.629864,0,0,0
37.839999,ASCENT,7,0,1,None,Holding,0,3332.230738,492.229442,196.789168,185.153572,16273.896096,0.585112,613.105849,469397.272564,1.691584,7809183.105469,3.088689,0.008345,1,,0,0,0,0,0.006225,0.008345,0.007655,-0.079002,-0.002317,-0.000441,9685.360778,9685.330077,0.438578,-0.000034,-0.00015,326.527092,138983.484375,799.24884,138984.21875,0,5.054599,-6360.390564,29.220413,308.408608,1,0.998718,0,0,0,73.280534,42.790209,GravityTurn,,,,,,,,,,,,,,,,,,,,,,,,,,,None,Continue,0,None,7776843.154646,,0,0,1,1,9331.166901,9331.166901,2.453843,11306035.15625,0.276576,374.189118,1.405357,0.086225,4.750569,6.454746,0.007329,3.084135,,,,,,1,1,0,1,1,0.629971,0,0,0
38.099999,ASCENT,7,0,1,None,Holding,0,3380.576616,493.680803,198.708739,186.757552,16509.228227,0.59111,630.660329,468697.992779,1.693947,7795154.785156,3.145755,0.00832,1,,0,0,0,0,0.004806,0.00832,0.007662,-0.075238,-0.00085,-0.000294,9688.366263,9688.335917,0.439002,-0.000505,0.000523,326.512608,138855.5,798.074951,138856.234375,0,5.133549,-6360.347734,29.23984,308.610038,1,0.998718,0,0,0,73.167739,42.790276,GravityTurn,,,,,,,,,,,,,,,,,,,,,,,,,,,None,Continue,0,None,7778492.129536,,0,0,1,1,9339.504211,9339.504211,2.459665,11310570.3125,0.28298,376.587504,1.410992,0.088025,4.534525,6.371813,0.003689,3.142235,,,,,,1,1,0,1,1,0.63008,0,0,0
38.359999,ASCENT,7,0,1,None,Holding,0,3429.340024,495.145322,200.639462,188.368004,16745.615409,0.597146,648.529728,467998.590924,1.6969,7794402.34375,3.202274,0.008315,1,,0,0,0,0,0.004053,0.008315,0.007705,-0.069645,-0.00301,-0.000001,9697.322017,9697.288579,0.441439,0.000756,-0.0018,326.71168,138725.90625,796.8974,138726.640625,0,5.213306,-6360.304406,29.259645,308.812013,1,0.998718,0,0,0,73.055046,42.790345,GravityTurn,,,,,,,,,,,,,,,,,,,,,,,,,,,None,Continue,0,None,7779932.353213,,0,0,1,1,9343.443542,9343.443542,2.462415,11312711.914063,0.289635,378.983259,1.418979,0.090434,4.361077,6.29395,0.010287,3.19759,,,,,,1,1,0,1,1,0.630193,0,0,0
38.619999,ASCENT,7,0,1,None,Holding,0,3478.523324,496.62388,202.582236,189.98555,16983.546779,0.603227,666.716683,467298.944928,1.700687,7809412.109375,3.258794,0.008345,1,,0,0,0,0,0.004421,0.008345,0.007565,-0.088865,-0.002283,-0.000466,9707.95614,9707.922023,0.43343,-0.000243,-0.000251,326.953133,138598.265625,795.723572,138599,0,5.293889,-6360.260546,29.279843,309.014652,1,0.998718,0,0,0,72.942401,42.790416,GravityTurn,,,,,,,,,,,,,,,,,,,,,,,,,,,None,Continue,0,None,7781930.898941,,0,0,1,1,9351.850311,9351.850311,2.468279,11317276.367188,0.296541,381.37638,1.427875,0.090132,4.175268,6.217507,0.007261,3.254231,,,,,,1,1,0,1,1,0.630315,0,0,0
38.859999,ASCENT,7,0,1,None,Holding,0,3528.127624,498.114517,204.534452,191.60797,17222.703873,0.609351,685.224029,466599.390484,1.704009,7798681.152344,3.312632,0.008317,1,,0,0,0,0,0.003191,0.008317,0.007531,-0.089482,-0.006363,0.000221,9714.65907,9714.623032,0.431474,0.001511,-0.003096,327.071529,138470.125,794.547974,138470.859375,0,5.375259,-6360.216206,29.300412,309.217776,1,0.998718,0,0,0,72.829953,42.790487,GravityTurn,,,,,,,,,,,,,,,,,,,,,,,,,,,None,Continue,0,None,7784388.961102,,0,0,1,1,9356.319733,9356.319733,2.471392,11319702.148438,0.303697,383.766866,1.435289,0.091233,4.01071,6.14218,0.004316,3.308511,,,,,,1,1,0,1,1,0.630445,0,0,0
39.139999,ASCENT,7,0,1,None,Holding,0,3578.154424,499.616723,206.49513,193.234327,17462.584093,0.615508,704.054015,465899.927594,1.706591,7797033.203125,3.365768,0.008301,1,,0,0,0,0,0.002324,0.008301,0.007585,-0.081322,0.00251,-0.000378,9720.742376,9720.703369,0.434578,-0.00023,0.000835,327.173337,138341.90625,793.36969,138342.640625,0,5.457402,-6360.171391,29.321344,309.421039,1,0.998718,0,0,0,72.717753,42.79056,GravityTurn,,,,,,,,,,,,,,,,,,,,,,,,,,,None,Continue,0,None,7786462.716954,,0,0,1,1,9364.296692,9364.296692,2.476954,11324027.34375,0.311103,386.154715,1.442844,0.093533,3.859009,6.067615,0.005278,3.36187,,,,,,1,1,0,1,1,0.630578,0,0,0
39.399999,ASCENT,7,0,1,None,Holding,0,3628.604769,501.131876,208.466196,194.866288,17703.754712,0.62171,723.20905,465200.342633,1.709619,7819871.582031,3.419407,0.008337,1,,0,0,0,0,0.003112,0.008337,0.007559,-0.08827,-0.003391,-0.000233,9726.763483,9726.723058,0.4331,0.00014,-0.000338,327.265695,138213.34375,792.197266,138214.09375,0,5.540354,-6360.126061,29.342657,309.624829,1,0.998718,0,0,0,72.605689,42.790634,GravityTurn,,,,,,,,,,,,,,,,,,,,,,,,,,,None,Continue,0,None,7788501.760572,,0,0,1,1,9368.29715,9368.29715,2.479744,11326195.3125,0.31876,388.539927,1.451312,0.094736,3.734979,5.992446,0.00864,3.415522,,,,,,1,1,0,1,1,0.630723,0,0,0
39.659999,ASCENT,7,0,1,None,Holding,0,3679.479777,502.659699,210.447177,196.503366,17945.693864,0.627949,742.692402,464500.818707,1.712239,7808899.902344,3.469531,0.008283,1,,0,0,0,0,0.001163,0.008283,0.007589,-0.078614,0.005307,0.000288,9734.125012,9734.085516,0.434807,0.001843,0.002698,327.386468,138083.765625,791.018494,138084.5,0,5.624109,-6360.080216,29.36435,309.829037,1,0.998718,0,0,0,72.493784,42.79071,GravityTurn,,,,,,,,,,,,,,,,,,,,,,,,,,,None,Continue,0,None,7790478.858733,,0,0,1,1,9376.833435,9376.833435,2.48569,11330817.382813,0.326669,390.922501,1.460444,0.095934,3.594426,5.922795,0.008617,3.465839,,,,,,1,1,0,1,1,0.630874,0,0,0
39.919999,ASCENT,7,0,1,None,Holding,0,3730.78184,504.200299,212.438787,198.146241,18188.801822,0.634232,762.504625,463801.172711,1.715581,7816440.917969,3.520837,0.008304,1,,0,0,0,0,0.001846,0.008304,0.007469,-0.094326,-0.005496,-0.000037,9741.822954,9741.779577,0.427959,0.000136,-0.000755,327.539138,137955.390625,789.845398,137956.140625,0,5.708686,-6360.033862,29.38644,310.033769,1,0.998718,0,0,0,72.381995,42.790786,GravityTurn,,,,,,,,,,,,,,,,,,,,,,,,,,,None,Continue,0,None,7792597.320685,,0,0,1,1,9385.406647,9385.406647,2.491665,11335457.03125,0.334828,393.302434,1.470301,0.095782,3.466513,5.853351,0.006021,3.515647,,,,,,1,1,0,1,1,0.631031,0,0,0
40.179999,ASCENT,7,0,1,None,Holding,0,3782.510824,505.753116,214.439717,199.793814,18432.637281,0.640553,782.64978,463101.557232,1.718446,7821172.363281,3.571912,0.008353,1,,0,0,0,0,0.002778,0.008353,0.007433,-0.103716,0.002738,0.000902,9749.167619,9749.12123,0.425906,0.003374,0.000674,327.677439,137826.234375,788.669128,137826.96875,0,5.794066,-6359.987001,29.408897,310.238732,1,0.998718,0,0,0,72.270393,42.790864,GravityTurn,,,,,,,,,,,,,,,,,,,,,,,,,,,None,Continue,0,None,7794629.779776,,0,0,1,1,9389.454987,9389.454987,2.494487,11337647.460938,0.343238,395.679726,1.480308,0.096741,3.348317,5.785528,0.00273,3.567945,,,,,,1,1,0,1,1,0.631192,0,0,0
40.439999,ASCENT,7,0,1,None,Holding,0,3834.66889,507.316837,216.448223,201.444379,18677.241649,0.646913,803.129784,462402.124859,1.721135,7827558.59375,3.620373,0.008344,1,,0,0,0,0,0.002253,0.008344,0.007544,-0.090161,0.001247,-0.000535,9751.874022,9751.826047,0.43225,-0.000575,0.000472,327.652378,137697.78125,787.492981,137698.53125,0,5.880217,-6359.939663,29.431724,310.443942,1,0.998718,0,0,0,72.15907,42.790943,GravityTurn,,,,,,,,,,,,,,,,,,,,,,,,,,,None,Continue,0,None,7796337.664174,,0,0,1,1,9398.084015,9398.084015,2.500503,11342311.523438,0.351898,398.05438,1.489531,0.099346,3.248396,5.716188,0.012775,3.616856,,,,,,1,1,0,1,1,0.631359,0,0,0
40.699999,ASCENT,7,0,1,None,Holding,0,3887.256867,508.893968,218.468153,203.101577,18922.577179,0.653313,823.946659,461702.539898,1.723804,7825580.078125,3.669022,0.008385,1,,0,0,0,0,0.00324,0.008385,0.007532,-0.095928,0.003001,-0.000248,9759.821644,9759.770954,0.431553,-0.000149,0.003421,327.81159,137568.546875,786.317871,137569.28125,0,5.967218,-6359.89179,29.454937,310.649506,1,0.998718,0,0,0,72.04781,42.791024,GravityTurn,,,,,,,,,,,,,,,,,,,,,,,,,,,None,Continue,0,None,7797877.606472,,0,0,1,1,9402.157043,9402.157043,2.503345,11344513.671875,0.360814,400.426393,1.501542,0.100394,3.147121,5.652336,0.007607,3.663581,,,,,,1,1,0,1,1,0.63153,0,0,0
40.959999,ASCENT,7,0,1,None,Holding,0,3940.275656,510.483059,220.496595,204.762452,19168.4569,0.65975,845.103882,461003.077008,1.726749,7822176.757813,3.714642,0.008346,1,,0,0,0,0,0.001729,0.008346,0.007521,-0.092607,-0.001684,-0.001399,9766.774522,9766.724039,0.430935,-0.003912,-0.001709,327.922475,137439.859375,785.14325,137440.609375,0,6.055012,-6359.843391,29.478526,310.855315,1,0.998718,0,0,0,71.936771,42.791106,GravityTurn,,,,,,,,,,,,,,,,,,,,,,,,,,,None,Continue,0,None,7799275.859337,,0,0,1,1,9410.837097,9410.837097,2.509401,11349202.148438,0.369978,402.795767,1.51342,0.101222,3.040909,5.589554,0.007963,3.710904,,,,,,1,1,0,1,1,0.631706,0,0,0
41.219999,ASCENT,7,0,1,None,Holding,0,3993.727205,512.085207,222.535582,206.428913,19415.119588,0.66623,866.6026,460303.461529,1.729866,7827964.355469,3.761103,0.008368,1,,0,0,0,0,0.002069,0.008368,0.007464,-0.101369,0.005594,-0.000101,9775.551451,9775.49704,0.427634,0.000323,0.002579,328.108651,137309.21875,783.96759,137309.96875,0,6.143642,-6359.794447,29.502508,311.061494,1,0.998718,0,0,0,71.825838,42.791189,GravityTurn,,,,,,,,,,,,,,,,,,,,,,,,,,,None,Continue,0,None,7800526.12566,,0,0,1,1,9414.931793,9414.931793,2.512262,11351414.0625,0.379391,405.162499,1.527359,0.101636,2.957551,5.528562,0.004066,3.758129,,,,,,1,1,0,1,1,0.631886,0,0,0
41.479999,ASCENT,7,0,1,None,Holding,0,4047.613018,513.699154,224.583447,208.09958,19662.52226,0.672754,888.446263,459603.937604,1.732819,7827283.691406,3.805613,0.008355,1,,0,0,0,0,0.001562,0.008355,0.007458,-0.100443,-0.006783,0.000207,9780.839898,9780.785427,0.427288,0.00155,-0.002359,328.161856,137180.375,782.791565,137181.109375,0,6.233084,-6359.744989,29.526863,311.267845,1,0.998718,0,0,0,71.7151,42.791273,GravityTurn,,,,,,,,,,,,,,,,,,,,,,,,,,,None,Continue,0,None,7801990.118864,,0,0,1,1,9423.654297,9423.654297,2.518361,11356125.976563,0.38905,407.526592,1.540579,0.102323,2.867292,5.467264,0.004867,3.802139,,,,,,1,1,0,1,1,0.632066,0,0,0
41.719999,ASCENT,7,0,1,None,Holding,0,4101.933564,515.326879,226.642886,209.776686,19910.505228,0.679318,910.636462,458904.200055,1.735844,7829045.898438,3.849096,0.008334,1,,0,0,0,0,0.000755,0.008334,0.007383,-0.106242,0.004692,-0.000383,9791.046079,9790.989226,0.42302,0.000155,0.00247,328.383681,137050.40625,781.615662,137051.140625,0,6.323388,-6359.694959,29.551622,311.474709,1,0.998718,0,0,0,71.604408,42.791359,GravityTurn,,,,,,,,,,,,,,,,,,,,,,,,,,,None,Continue,0,None,7803451.247432,,0,0,1,1,9427.769623,9427.769623,2.521241,11358348.632813,0.398957,409.888044,1.556446,0.102315,2.7848,5.410181,0.006813,3.846239,,,,,,1,1,0,1,1,0.632217,0,0,0
41.979999,ASCENT,7,0,1,None,Holding,0,4156.690125,516.962029,228.704147,211.451408,20158.561121,0.685917,933.176264,458205.378033,1.737194,7810870.117188,3.892468,0.00833,0.996829,,0,0,0,0,0.000793,0.00833,0.007367,-0.107531,0.005221,-0.000024,9784.290148,9784.229806,0.422086,0.00073,0.001481,328.051256,136919.984375,780.441406,136920.734375,0,6.414368,-6359.644496,29.576701,311.681185,1,0.998718,0,0,0,71.494281,42.791446,GravityTurn,,,,,,,,,,,,,,,,,,,,,,,,,,,None,Continue,0,None,7804431.272878,,0,0,1,1,9436.535645,9436.535645,2.527381,11363081.054688,0.409095,412.246855,1.566969,0.103255,2.717245,5.345721,0.002397,3.889602,,,,,,1,1,0,1,1,0.632381,0,0,0
42.239999,ASCENT,7,0,1,None,Holding,0,4211.882229,518.604173,230.766259,213.122433,20405.481121,0.69253,956.066779,457508.020855,1.736327,7802784.667969,3.936186,0.008343,0.99189,,0,0,0,0,0.000786,0.008343,0.007396,-0.105748,0.001437,0.00019,9773.492262,9773.429662,0.423779,0.001102,0.000262,327.568806,136791.53125,779.267883,136792.28125,0,6.505994,-6359.593592,29.60212,311.887524,1,0.998718,0,0,0,71.384761,42.791535,GravityTurn,,,,,,,,,,,,,,,,,,,,,,,,,,,None,Continue,0,None,7803440.215933,,0,0,1,1,9444.822845,9444.822845,2.533172,11367547.851563,0.419459,414.603025,1.576985,0.104458,2.638752,5.279961,0.00626,3.932967,,,,,,1,1,0,1,1,0.632555,0,0,0
42.499999,ASCENT,7,0,1,None,Holding,0,4267.507025,520.249939,232.823835,214.78469,20650.752527,0.699149,979.309462,456812.891461,1.734232,7769043.945313,3.978959,0.008315,0.986985,,0,0,0,0,0.000977,0.008315,0.007347,-0.108267,-0.006166,-0.000485,9751.989121,9751.926676,0.420935,-0.000345,-0.001113,326.724889,136661.171875,778.100403,136661.90625,0,6.598148,-6359.542307,29.627838,312.093401,1,0.998718,0,0,0,71.27612,42.791625,GravityTurn,,,,,,,,,,,,,,,,,,,,,,,,,,,None,Continue,0,None,7799442.667397,,0,0,1,1,9449.502655,9449.502655,2.536434,11370065.429688,0.430036,416.956549,1.58495,0.1046,2.573284,5.211646,0.006054,3.974813,,,,,,1,1,0,1,1,0.632736,0,0,0
42.779999,ASCENT,7,0,1,None,Holding,0,4323.562275,521.897864,234.874828,216.436303,20893.329789,0.705759,1002.905319,456120.172955,1.731014,7766506.347656,4.02181,0.008274,0.982133,,0,0,0,0,0.001076,0.008274,0.007372,-0.101057,0.008406,-0.000016,9728.069336,9728.006332,0.422369,0.000993,0.004829,325.802838,136533.96875,776.935486,136534.703125,0,6.690784,-6359.490672,29.653835,312.298591,1,0.998718,0,0,0,71.16845,42.791716,GravityTurn,,,,,,,,,,,,,,,,,,,,,,,,,,,None,Continue,0,None,7787686.299064,,0,0,1,1,9457.854736,9457.854736,2.542234,11374547.851563,0.440823,419.307423,1.592957,0.105441,2.515387,5.141985,0.015481,4.018374,,,,,,1,1,0,1,1,0.632916,0,0,0
43.039999,ASCENT,7,0,1,None,Holding,0,4380.04621,523.549322,236.921371,218.07933,21133.818645,0.712371,1026.855982,455429.59068,1.728305,7752101.074219,4.064271,0.008212,0.977324,,0,0,0,0,0.002501,0.008212,0.007289,-0.103508,0.000465,-0.000333,9703.841395,9703.776145,0.417633,-0.000779,0.000318,324.879965,136404.625,775.775391,136405.375,0,6.783939,-6359.438654,29.680112,312.503268,1,0.998718,0,0,0,71.061624,42.791809,GravityTurn,,,,,,,,,,,,,,,,,,,,,,,,,,,None,Continue,0,None,7760551.536537,,0,0,1,1,9462.567261,9462.567261,2.545497,11377074.21875,0.451828,421.655643,1.602967,0.105353,2.449208,5.074985,0.010736,4.059957,,,,,,1,1,0,1,1,0.633106,0,0,0
43.299999,ASCENT,7,0,1,None,Holding,0,4436.955791,525.203316,238.962552,219.712849,21371.979497,0.718982,1051.161887,454741.20567,1.725305,7701905.273438,4.106335,0.008124,0.97256,,0,0,0,0,0.004548,0.008124,0.007121,-0.112639,-0.003487,-0.00038,9677.784824,9677.717652,0.408011,-0.000391,-0.002545,323.89029,136275.609375,774.618652,136276.34375,0,6.877587,-6359.386279,29.706678,312.707439,1,0.998718,0,0,0,70.955675,42.791903,GravityTurn,,,,,,,,,,,,,,,,,,,,,,,,,,,None,Continue,0,None,7728925.146746,,0,0,1,1,9470.970978,9470.970978,2.551311,11381572.265625,0.46305,424.001206,1.613386,0.104532,2.387795,5.011602,0.007757,4.103527,,,,,,1,1,0,1,1,0.633298,0,0,0
43.539999,ASCENT,7,0,1,None,Holding,0,4494.289606,526.860706,240.999852,221.338563,21607.68394,0.725591,1075.824362,454054.895855,1.722609,7682522.949219,4.15086,0.008123,0.967846,,0,0,0,0,0.004033,0.008123,0.007119,-0.112989,-0.001041,-0.00127,9654.774669,9654.705903,0.407876,-0.002932,-0.001645,323.005576,136147.875,773.464417,136148.609375,0,6.971758,-6359.333532,29.733508,312.911012,1,0.998718,0,0,0,70.850512,42.791999,GravityTurn,,,,,,,,,,,,,,,,,,,,,,,,,,,None,Continue,0,None,7702206.469709,,0,0,1,1,9475.183258,9475.183258,2.554219,11383823.242188,0.474499,426.344109,1.62609,0.105341,2.33175,5,0.008852,4.147345,,,,,,1,1,0,1,1,0.633498,0,0,0
43.819999,ASCENT,7,0,1,None,Holding,0,4552.045009,528.522327,243.03503,222.958012,21841.115052,0.732202,1100.844725,453370.447613,1.720544,7680534.179688,4.193675,0.008064,0.963178,,0,0,0,0,0.005097,0.008064,0.007049,-0.114361,-0.006947,-0.000263,9637.206181,9637.132892,0.403869,-0.000234,-0.001938,322.31354,136020.453125,772.314026,136021.1875,0,7.066481,-6359.280399,29.76063,313.11396,1,0.998718,0,0,0,70.746032,42.792095,GravityTurn,,,,,,,,,,,,,,,,,,,,,,,,,,,None,Continue,0,None,7679435.690778,,0,0,1,1,9484.158691,9484.158691,2.560402,11388613.28125,0.486182,428.68435,1.642001,0.105669,2.285081,5,0.004772,4.191298,,,,,,1,1,0,1,1,0.633688,0,0,0
44.079999,ASCENT,7,0,1,None,Holding,0,4610.219822,530.187721,245.067086,224.57007,22072.548516,0.738821,1126.22453,452687.921979,1.718816,7666584.472656,4.236978,0.008018,0.958549,,0,0,0,0,0.005649,0.008018,0.006948,-0.120625,-0.002677,-0.000507,9617.935637,9617.861277,0.398085,-0.000422,-0.001028,321.552404,135893.109375,771.168579,135893.84375,0,7.161727,-6359.226872,29.788042,313.31652,1,0.998718,0,0,0,70.642275,42.792194,GravityTurn,,,,,,,,,,,,,,,,,,,,,,,,,,,None,Continue,0,None,7659431.455267,,0,0,1,1,9493.159607,9493.159607,2.566594,11393411.132813,0.498098,431.021927,1.658726,0.105562,2.244542,5,0.00596,4.233906,,,,,,1,1,0,1,1,0.633885,0,0,0
44.339999,ASCENT,7,0,1,None,Holding,0,4668.813914,531.856891,247.09619,226.17514,22301.677797,0.745444,1151.964798,452007.349469,1.716594,7636535.15625,4.281301,0.008007,0.953966,,0,0,0,0,0.005131,0.008007,0.006834,-0.132432,-0.001975,0.000804,9598.744375,9598.666393,0.391548,0.003609,-0.001241,320.799391,135765.5,770.024414,135766.25,0,7.2575,-6359.172956,29.815717,313.518432,1,0.998718,0,0,0,70.53922,42.792293,GravityTurn,,,,,,,,,,,,,,,,,,,,,,,,,,,None,Continue,0,None,7639911.563349,,0,0,1,1,9497.402069,9497.402069,2.569511,11395670.898438,0.510248,433.356837,1.676746,0.105537,2.213772,5,0.00234,4.276389,,,,,,1,1,0,1,1,0.634084,0,0,0
44.599999,ASCENT,7,0,1,None,Holding,0,4727.823532,533.526849,249.118655,227.769957,22528.100767,0.752066,1178.066182,451329.03526,1.713806,7615790.039063,4.324616,0.007962,0.949438,,0,0,0,0,0.005645,0.007962,0.006834,-0.127461,0.004462,-0.000081,9574.387879,9574.3072,0.391564,0.000581,0.002497,319.878824,135638.375,768.884033,135639.109375,0,7.353716,-6359.118732,29.84363,313.71953,1,0.998718,0,0,0,70.437043,42.792394,GravityTurn,,,,,,,,,,,,,,,,,,,,,,,,,,,None,Continue,0,None,7618538.121303,,0,0,1,1,9506.438843,9506.438843,2.575712,11400477.539063,0.522629,435.689081,1.693808,0.106861,2.152445,5,0.007271,4.321288,,,,,,1,1,0,1,1,0.634283,0,0,0
44.859999,ASCENT,7,0,1,None,Holding,0,4787.246459,535.199578,251.137059,229.356647,22751.796776,0.758686,1204.530559,450652.674176,1.710808,7596333.496094,4.367534,0.007899,0.944964,,0,0,0,0,0.006595,0.007899,0.006846,-0.119183,-0.002082,0.000061,9552.072033,9551.98913,0.392269,0.001162,-0.000829,319.015998,135511.984375,767.745789,135512.71875,0,7.450419,-6359.064136,29.871807,313.92001,1,0.998718,0,0,0,70.3356,42.792497,GravityTurn,,,,,,,,,,,,,,,,,,,,,,,,,,,None,Continue,0,None,7594220.545747,,0,0,1,1,9510.699402,9510.699402,2.578633,11402740.234375,0.535248,438.018656,1.713849,0.107826,2.102316,5,0.010099,4.363764,,,,,,1,1,0,1,1,0.634521,0,0,0
45.119999,ASCENT,7,0,1,None,Holding,0,4847.080846,536.873423,253.149121,230.933161,22972.655067,0.765305,1231.357404,449978.540875,1.707807,7566199.707031,4.411862,0.007878,0.940547,,0,0,0,0,0.006322,0.007878,0.006839,-0.117803,-0.01078,-0.000648,9526.728557,9526.64276,0.391872,-0.001439,-0.004361,318.061593,135385.1875,766.613281,135385.921875,0,7.547555,-6359.009204,29.900222,314.119711,1,0.998718,0,0,0,70.234995,42.792601,GravityTurn,,,,,,,,,,,,,,,,,,,,,,,,,,,None,Continue,0,None,7569475.631498,,0,0,1,1,9519.763397,9519.763397,2.584843,11407552.734375,0.548099,440.345558,1.734028,0.108879,2.059478,5,0.016253,4.408571,,,,,,1,1,0,1,1,0.634757,0,0,0
45.379999,ASCENT,7,0,1,None,Holding,0,4907.32406,538.550956,255.158672,232.5032,23190.663738,0.771922,1258.549289,449306.177594,1.70538,7550643.554688,4.455842,0.007851,0.936187,,0,0,0,0,0.006244,0.007851,0.006721,-0.128196,-0.011538,-0.001188,9508.004427,9507.917507,0.385103,-0.002013,-0.004359,317.325964,135257.578125,765.481201,135258.3125,0,7.645203,-6358.953879,29.92888,314.318688,1,0.998718,0,0,0,70.135023,42.792706,GravityTurn,,,,,,,,,,,,,,,,,,,,,,,,,,,None,Continue,0,None,7544984.57773,,0,0,1,1,9524.035431,9524.035431,2.587767,11409819.335938,0.5612,442.669788,1.758441,0.108804,2.020449,5,0.011408,4.451955,,,,,,1,1,0,1,1,0.634977,0,0,0
45.639999,ASCENT,7,0,1,None,Holding,0,4967.974555,540.228797,257.161485,234.062727,23405.916569,0.778541,1286.106517,448636.072613,1.702641,7541869.140625,4.499235,0.007795,0.931882,,0,0,0,0,0.006853,0.007795,0.006612,-0.134508,0.010374,0.000427,9483.714421,9483.622205,0.37883,0.002082,0.004157,316.411178,135132.296875,764.356873,135133.03125,0,7.743262,-6358.898244,29.957779,314.516943,1,0.998718,0,0,0,70.035885,42.792813,GravityTurn,,,,,,,,,,,,,,,,,,,,,,,,,,,None,Continue,0,None,7522418.50916,,0,0,1,1,9533.124786,9533.124786,2.593984,11414634.765625,0.574536,444.991344,1.781649,0.108934,1.985925,5,0.005783,4.495729,,,,,,1,1,0,1,1,0.635187,0,0,0
45.899999,ASCENT,7,0,1,None,Holding,0,5029.029445,541.908484,259.159647,235.613912,23618.124262,0.785158,1314.029739,447967.951275,1.699353,7519840.332031,4.542599,0.007742,0.927638,,0,0,0,0,0.007592,0.007742,0.006661,-0.123022,0.006415,0.000216,9460.541012,9460.449296,0.381669,0.001428,0.006509,315.520115,135006.828125,763.233704,135007.5625,0,7.841778,-6358.842261,29.986898,314.714347,1,0.998718,0,0,0,69.937465,42.792921,GravityTurn,,,,,,,,,,,,,,,,,,,,,,,,,,,None,Continue,0,None,7498186.314614,,0,0,1,1,9541.685638,9541.685638,2.599842,11419167.96875,0.58812,447.310224,1.807821,0.110363,1.944471,5,0.014919,4.539552,,,,,,1,1,0,1,1,0.63539,0,0,0
46.139999,ASCENT,7,0,1,None,Holding,0,5090.485956,543.591745,261.156119,237.159443,23827.567747,0.791779,1342.320293,447301.508404,1.697479,7509812.988281,4.585984,0.007697,0.923449,,0,0,0,0,0.007808,0.007697,0.006613,-0.12354,-0.013771,-0.001077,9444.112472,9444.018141,0.378896,-0.00295,-0.005593,314.859529,134881.421875,762.112305,134882.171875,0,7.940808,-6358.785895,30.016271,314.911231,1,0.998718,0,0,0,69.839608,42.79303,GravityTurn,,,,,,,,,,,,,,,,,,,,,,,,,,,None,Continue,0,None,7475900.775678,,0,0,1,1,9546.505188,9546.505188,2.603139,11421718.75,0.601962,449.626428,1.837482,0.110949,1.897737,5,0.011157,4.583608,,,,,,1,1,0,1,1,0.635589,0,0,0
46.399999,ASCENT,7,0,1,None,Holding,0,5152.343576,545.275679,263.146532,238.695141,24034.320054,0.798405,1370.978874,446637.140729,1.694955,7481432.617188,4.629722,0.007658,0.919314,,0,0,0,0,0.007938,0.007658,0.006506,-0.13152,0.008738,-0.000225,9420.081733,9419.982539,0.372787,0.000683,0.004955,313.951145,134755.859375,760.995056,134756.59375,0,8.040248,-6358.729201,30.045866,315.10724,1,0.998718,0,0,0,69.742518,42.793141,GravityTurn,,,,,,,,,,,,,,,,,,,,,,,,,,,None,Continue,0,None,7455027.581095,,0,0,1,1,9555.075073,9555.075073,2.609005,11426251.953125,0.616047,451.939955,1.866167,0.111186,1.873205,5,0.012687,4.626695,,,,,,1,1,0,1,1,0.635785,0,0,0
46.659999,ASCENT,7,0,1,None,Holding,0,5214.599376,546.961649,265.133177,240.223381,24237.644474,0.805025,1400.005863,445974.665143,1.692054,7472484.375,4.675057,0.007682,0.915247,,0,0,0,0,0.006349,0.007682,0.006447,-0.141109,-0.003485,0.000032,9401.602122,9401.496775,0.36941,0.001697,-0.001783,313.238899,134630.390625,759.882385,134631.125,0,8.140147,-6358.672156,30.07568,315.302438,1,0.998718,0,0,0,69.646075,42.793254,GravityTurn,,,,,,,,,,,,,,,,,,,,,,,,,,,None,Continue,0,None,7432323.676909,,0,0,1,1,9559.897736,9559.897736,2.612305,11428801.757813,0.630389,454.250803,1.898114,0.111751,1.831333,5,0.008878,4.670267,,,,,,1,1,0,1,1,0.635978,0,0,0
46.939999,ASCENT,7,0,1,None,Holding,0,5277.251409,548.650209,267.116817,241.744749,24438.52826,0.811657,1429.403162,445313.868023,1.690249,7441905.761719,4.719742,0.00769,0.911229,,0,0,0,0,0.005301,0.00769,0.006363,-0.151914,0.011388,-0.000391,9381.643806,9381.537051,0.364545,-0.000483,0.005342,312.469012,134506.28125,758.771179,134507.03125,0,8.240516,-6358.614739,30.10572,315.496822,1,0.998718,0,0,0,69.550231,42.793368,GravityTurn,,,,,,,,,,,,,,,,,,,,,,,,,,,None,Continue,0,None,7410794.951234,,0,0,1,1,9568.468719,9568.468719,2.61818,11433333.007813,0.644993,456.558974,1.93205,0.112343,1.80365,5,0.009853,4.716769,,,,,,1,1,0,1,1,0.636164,0,0,0
47.179999,ASCENT,7,0,1,None,Holding,0,5340.298656,550.340926,269.097638,243.259759,24636.567512,0.818294,1459.171511,444654.810406,1.688089,7414423.828125,4.762437,0.00764,0.907269,,0,0,0,0,0.006012,0.00764,0.006406,-0.141373,0.000741,0.000072,9361.939002,9361.828614,0.367016,0.000601,0.002566,311.702852,134381.21875,757.662659,134381.953125,0,8.341363,-6358.556981,30.135975,315.690587,1,0.998718,0,0,0,69.454969,42.793483,GravityTurn,,,,,,,,,,,,,,,,,,,,,,,,,,,None,Continue,0,None,7391425.492259,,0,0,1,1,9573.287567,9573.287567,2.621484,11435882.8125,0.659859,458.864468,1.967212,0.113788,1.7663,5,0.014801,4.759331,,,,,,1,1,0,1,1,0.636361,0,0,0
47.459999,ASCENT,7,0,1,None,Holding,0,5403.739222,552.03584,271.078194,244.770348,24831.782068,0.824938,1489.311827,443997.24815,1.686431,7418541.015625,4.805276,0.007603,0.903364,,0,0,0,0,0.006371,0.007603,0.006411,-0.136538,-0.008538,-0.000866,9349.010615,9348.896565,0.367327,-0.001857,-0.001337,311.165193,134255.5625,756.559814,134256.296875,0,8.442731,-6358.498814,30.166489,315.883678,1,0.998718,0,0,0,69.36016,42.7936,GravityTurn,,,,,,,,,,,,,,,,,,,,,,,,,,,None,Continue,0,None,7372450.348015,,0,0,1,1,9581.848175,9581.848175,2.627371,11440408.203125,0.674996,461.167285,2.006551,0.114666,1.733956,5,0.013586,4.802425,,,,,,1,1,0,1,1,0.636545,0,0,0
47.719999,ASCENT,7,0,1,None,Holding,0,5467.571527,553.733136,273.055246,246.273619,25024.270699,0.831592,1519.824939,443341.425397,1.684668,7391756.347656,4.849222,0.007606,0.899515,,0,0,0,0,0.005418,0.007606,0.006361,-0.14275,0.009548,-0.000745,9331.760632,9331.643868,0.364483,-0.001097,0.006214,310.478551,134132.671875,755.456543,134133.421875,0,8.544545,-6358.440261,30.197196,316.075962,1,0.998718,0,0,0,69.26595,42.793718,GravityTurn,,,,,,,,,,,,,,,,,,,,,,,,,,,None,Continue,0,None,7354352.857095,,0,0,1,1,9586.66098,9586.66098,2.63068,11442954.101563,0.690392,463.467426,2.045984,0.115041,1.699195,5,0.012578,4.846122,,,,,,1,1,0,1,1,0.636736,0,0,0
47.979999,ASCENT,7,0,1,None,Holding,0,5531.793677,555.432713,275.030183,247.770989,25213.76529,0.838251,1550.712355,442687.250592,1.682922,7392314.453125,4.891903,0.00757,0.895725,,0,0,0,0,0.005626,0.00757,0.006258,-0.150648,-0.001511,-0.000777,9317.0443,9316.9257,0.358546,-0.001493,-0.000974,309.876231,134008.109375,754.358032,134008.84375,0,8.646834,-6358.38136,30.228143,316.267659,1,0.998718,0,0,0,69.172267,42.793838,GravityTurn,,,,,,,,,,,,,,,,,,,,,,,,,,,None,Continue,0,None,7335776.594026,,0,0,1,1,9595.208618,9595.208618,2.636578,11447475.585938,0.706052,465.764888,2.087838,0.114987,1.658334,5,0.010269,4.888555,,,,,,1,1,0,1,1,0.636925,0,0,0
48.239999,ASCENT,7,0,1,None,Holding,0,5596.404871,557.135015,277.003051,249.262626,25400.547967,0.844922,1581.974606,442034.723736,1.681353,7359867.1875,4.935001,0.007561,0.891989,,0,0,0,0,0.005256,0.007561,0.006127,-0.164726,0.011079,0.001183,9301.3135,9301.192963,0.351048,0.004047,0.003793,309.245813,133884.125,753.259338,133884.859375,0,8.749599,-6358.322086,30.259292,316.458539,1,0.998718,0,0,0,69.079101,42.793959,GravityTurn,,,,,,,,,,,,,,,,,,,,,,,,,,,None,Continue,0,None,7317476.913607,,0,0,1,1,9604.274841,9604.274841,2.642847,11452275.390625,0.721982,468.059676,2.131432,0.114934,1.623404,5,0.006223,4.93092,,,,,,1,1,0,1,1,0.637115,0,0,0
48.499999,ASCENT,7,0,1,None,Holding,0,5661.401798,558.838148,278.97142,250.746273,25584.337531,0.8516,1613.612869,441383.9669,1.678953,7334612.792969,4.977705,0.007542,0.888313,,0,0,0,0,0.005229,0.007542,0.00631,-0.141669,0.00483,-0.000289,9279.904659,9279.777074,0.361561,-0.000332,-0.000528,308.433767,133760.125,752.167175,133760.859375,0,8.852777,-6358.262486,30.290627,316.648536,1,0.998718,0,0,0,68.986559,42.794081,GravityTurn,,,,,,,,,,,,,,,,,,,,,,,,,,,None,Continue,0,None,7299153.369194,,0,0,1,1,9608.536072,9608.536072,2.6458,11454532.226563,0.738172,470.351788,2.174564,0.117247,1.603245,5,0.015454,4.974349,,,,,,1,1,0,1,1,0.637305,0,0,0
48.759999,ASCENT,7,0,1,None,Holding,0,5726.783758,560.54116,280.934347,252.22142,25764.473849,0.858275,1645.627899,440735.102154,1.675957,7323418.457031,5.01699,0.008327,0.884711,,0,0,0,0,0.016986,0.008327,0.006329,-0.230173,0.004358,-0.000221,9257.686274,9257.518594,0.362622,0.000896,0.001737,307.68097,133637.25,751.075928,133638,0,8.956351,-6358.202596,30.322115,316.837464,1,0.998718,0,0,0,68.894677,42.794205,GravityTurn,,,,,,,,,,,,,,,,,,,,,,,,,,,None,Continue,0,None,7278298.580249,,0,0,1,1,9617.582642,9617.582642,2.652075,11459320.3125,0.754612,472.641225,2.218576,0.120646,1.580793,5,0.016224,5.01465,,,,,,1,1,0,1,1,0.637495,0,0,0
49.019999,ASCENT,7,0,1,None,Holding,0,5792.547373,562.240691,282.893326,253.693628,25941.191193,0.864951,1678.023749,440087.915875,1.673492,7299845.703125,5.045885,0.009508,0.881176,,0,0,0,0,0.045888,0.009508,0.007416,-0.241299,0.001794,0.000958,9238.400268,9238.125076,0.424884,0.004751,-0.000679,307.175265,133513.953125,749.987976,133514.6875,0,9.060458,-6358.142751,30.353589,317.024369,1,0.998718,0,0,0,68.803377,42.794331,GravityTurn,,,,,,,,,,,,,,,,,,,,,,,,,,,None,Continue,0,None,7255386.878704,,0,0,1,1,9621.831757,9621.831757,2.655031,11461571.289063,0.771271,474.928016,2.26631,0.137769,1.61617,5,0.017924,5.044148,,,,,,1,1,0,1,1,0.637692,0,0,0
49.259999,ASCENT,7,0,1,None,Holding,0,5858.68805,563.945288,284.850912,255.158622,26114.539126,0.871632,1710.804592,439442.224957,1.67182,7310229.492188,5.057193,0.010155,0.877709,,0,0,0,0,0.05719,0.010155,0.008373,-0.205619,0.00452,0.000396,9224.611516,9224.352664,0.479765,0.004133,0.001301,306.577344,133390.265625,748.903809,133391,0,9.164984,-6358.082346,30.385353,317.211156,1,0.998718,0,0,0,68.712533,42.794458,GravityTurn,,,,,,,,,,,,,,,,,,,,,,,,,,,None,Continue,0,None,7234227.333159,,0,0,1,1,9630.846436,9630.846436,2.661315,11466348.632813,0.788045,477.212171,2.317056,0.148671,1.618743,5,0.012984,5.05686,,,,,,1,1,0,1,1,0.6379,0,0,0
49.539999,ASCENT,7,0,1,None,Holding,0,5925.207537,565.657576,286.80945,256.617474,26285.569794,0.878333,1743.969399,438797.876813,1.671025,7272717.285156,5.060416,0.010546,0.874289,,0,0,0,0,0.06041,0.010546,0.009042,-0.173654,0.003051,0.000494,9211.78569,9211.571551,0.51807,0.004516,0.000996,305.932205,133267.21875,747.821106,133267.953125,0,9.269954,-6358.02125,30.417468,317.397939,1,0.998718,0,0,0,68.622032,42.794586,GravityTurn,,,,,,,,,,,,,,,,,,,,,,,,,,,None,Continue,0,None,7217037.796669,,0,0,1,1,9635.607788,9635.607788,2.664642,11468874.023438,0.804857,479.493665,2.370345,0.153178,1.590394,5,0.021531,5.05988,,,,,,1,1,0,1,1,0.638111,0,0,0
49.799999,ASCENT,7,0,1,None,Holding,0,5992.103338,567.374815,288.765863,258.067622,26453.405594,0.885043,1777.518027,438155.1461,1.669276,7267274.902344,5.05708,0.010704,0.870932,,0,0,0,0,0.057084,0.010704,0.009162,-0.178054,-0.00277,0.000538,9197.871058,9197.688577,0.524959,0.004279,-0.00076,305.283915,133145.5625,746.739441,133146.296875,0,9.375294,-6357.959549,30.449904,317.584774,1,0.998718,0,0,0,68.532009,42.794716,GravityTurn,,,,,,,,,,,,,,,,,,,,,,,,,,,None,Continue,0,None,7200863.594025,,0,0,1,1,9644.054565,9644.054565,2.670571,11473358.398438,0.821653,481.772472,2.42417,0.151761,1.559088,5,0.009469,5.058607,,,,,,1,1,0,1,1,0.638332,0,0,0
50.059999,ASCENT,7,0,1,None,Holding,0,6059.374833,569.100695,290.725699,259.514478,26618.874538,0.891775,1811.452061,437513.483502,1.669137,7264041.503906,5.051397,0.010758,0.867623,,0,0,0,0,0.051396,0.010758,0.009303,-0.168065,0.00916,-0.00078,9190.543754,9190.381044,0.533014,0.001065,0.003664,304.874671,133023.46875,745.662354,133024.21875,0,9.481144,-6357.897165,30.482679,317.77168,1,0.998718,0,0,0,68.442205,42.794848,GravityTurn,,,,,,,,,,,,,,,,,,,,,,,,,,,None,Continue,0,None,7185793.13686,,0,0,1,1,9648.791595,9648.791595,2.673904,11475876.953125,0.838429,484.048569,2.482819,0.149738,1.52937,5,0.012426,5.053022,,,,,,1,1,0,1,1,0.638557,0,0,0
50.319999,ASCENT,7,0,1,None,Holding,0,6127.021677,570.831853,292.685184,260.954889,26781.896782,0.898528,1845.772726,436873.25523,1.668474,7253830.078125,5.047507,0.010851,0.864362,,0,0,0,0,0.047504,0.010851,0.009492,-0.157095,-0.003863,0.00044,9177.880248,9177.726015,0.543843,0.004217,-0.00207,304.3182,132901.09375,744.586548,132901.828125,0,9.587415,-6357.834204,30.515762,317.958463,1,0.998718,0,0,0,68.352791,42.794981,GravityTurn,,,,,,,,,,,,,,,,,,,,,,,,,,,None,Continue,0,None,7172978.036999,,0,0,1,1,9657.190796,9657.190796,2.679847,11480346.679688,0.855165,486.321939,2.540548,0.148092,1.504779,5,0.015361,5.047076,,,,,,1,1,0,1,1,0.638785,0,0,0
50.579999,ASCENT,7,0,1,None,Holding,0,6195.041693,572.568529,294.644186,262.388494,26941.902364,0.905295,1880.482549,436234.40025,1.667101,7230253.90625,5.038901,0.01075,0.861162,,0,0,0,0,0.038898,0.01075,0.009512,-0.143119,-0.003503,-0.001121,9164.473178,9164.325529,0.545006,-0.000308,-0.002684,303.741054,132778.046875,743.513428,132778.796875,0,9.694095,-6357.770637,30.549144,318.145082,1,0.998718,0,0,0,68.263765,42.795115,GravityTurn,,,,,,,,,,,,,,,,,,,,,,,,,,,None,Continue,0,None,7159388.737282,,0,0,1,1,9666.079529,9666.079529,2.686164,11485083.007813,0.871854,488.592561,2.599473,0.145369,1.48743,5,0.014291,5.040675,,,,,,1,1,0,1,1,0.639015,0,0,0
50.839999,ASCENT,7,0,1,None,Holding,0,6263.432771,574.309055,296.600431,263.813419,27098.864561,0.912074,1915.582655,435597.071148,1.664841,7201668.945313,5.034977,0.010788,0.858023,,0,0,0,0,0.034972,0.010788,0.009382,-0.162739,-0.027264,0.000517,9145.509312,9145.365321,0.537547,0.003369,-0.01373,302.990324,132656.265625,742.441711,132657,0,9.801127,-6357.706504,30.582779,318.331273,1,0.998718,0,0,0,68.175228,42.795251,GravityTurn,,,,,,,,,,,,,,,,,,,,,,,,,,,None,Continue,0,None,7143901.631503,,0,0,1,1,9670.771118,9670.771118,2.689507,11487585.9375,0.888492,490.860418,2.658378,0.142042,1.488726,5,0.007301,5.036156,,,,,,1,1,0,1,1,0.639247,0,0,0
51.079999,ASCENT,7,0,1,None,Holding,0,6332.193718,576.052544,298.553328,265.229155,27252.143391,0.918856,1951.07514,434961.512066,1.66254,7184430.175781,5.029148,0.010734,0.854957,,0,0,0,0,0.029172,0.010734,0.009385,-0.156275,0.00624,0.000397,9126.390029,9126.250746,0.537748,0.002975,-0.000006,302.241425,132533.9375,741.37262,132534.671875,0,9.908491,-6357.641839,30.616675,318.517165,1,0.998718,0,0,0,68.087199,42.795389,GravityTurn,,,,,,,,,,,,,,,,,,,,,,,,,,,None,Continue,0,None,7125380.616034,,0,0,1,1,9679.090057,9679.090057,2.695463,11492027.34375,0.905076,493.125492,2.718161,0.139943,1.471021,5,0.008011,5.030337,,,,,,1,1,0,1,1,0.63948,0,0,0
51.339999,ASCENT,7,0,1,None,Holding,0,6401.321469,577.803817,300.509448,266.641602,27402.461736,0.925654,1986.961657,434327.0211,1.661875,7187180.664063,5.025177,0.010722,0.851951,,0,0,0,0,0.025175,0.010722,0.009461,-0.146155,-0.014282,-0.000711,9118.536653,9118.397091,0.542076,-0.000153,-0.007397,301.863203,132411.671875,740.305542,132412.40625,0,10.016343,-6357.576511,30.650884,318.702887,1,0.998718,0,0,0,67.999378,42.795528,GravityTurn,,,,,,,,,,,,,,,,,,,,,,,,,,,None,Continue,0,None,7105792.519634,,0,0,1,1,9683.752716,9683.752716,2.698814,11494520.507813,0.921635,495.387766,2.784755,0.138715,1.480608,5,0.024425,5.025324,,,,,,1,1,0,1,1,0.639714,0,0,0
51.619999,ASCENT,7,0,1,None,Holding,0,6470.815622,579.556525,302.460312,268.043227,27549.684515,0.932465,2023.245299,433694.269635,1.660193,7162166.992188,5.022821,0.010749,0.849006,,0,0,0,0,0.022821,0.010749,0.009212,-0.178333,-0.000304,-0.003625,9098.559683,9098.414052,0.527818,-0.007643,-0.001137,301.106394,132289.828125,739.246033,132290.5625,0,10.124473,-6357.510685,30.685315,318.887939,1,0.998718,0,0,0,67.91214,42.795669,GravityTurn,,,,,,,,,,,,,,,,,,,,,,,,,,,None,Continue,0,None,7089243.905735,,0,0,1,1,9692.015656,9692.015656,2.704775,11498942.382813,0.938142,497.647223,2.847027,0.135658,1.564512,5,0.003236,5.020999,,,,,,1,1,0,1,1,0.639946,0,0,0
51.879999,ASCENT,7,0,1,None,Holding,0,6540.672025,581.315286,304.412818,269.440108,27693.486514,0.939286,2059.927574,433062.738873,1.658624,7169449.707031,5.017486,0.010653,0.84613,,0,0,0,0,0.017487,0.010653,0.009273,-0.160164,0.000167,0.0004,9087.69644,9087.555839,0.531283,0.002473,-0.000249,300.608378,132169.203125,738.178406,132169.953125,0,10.233041,-6357.444249,30.720064,319.073006,1,0.998718,0,0,0,67.825173,42.795811,GravityTurn,,,,,,,,,,,,,,,,,,,,,,,,,,,None,Continue,0,None,7071537.084321,,0,0,1,1,9696.645844,9696.645844,2.70813,11501423.828125,0.954624,499.903848,2.91486,0.134625,1.590958,5,0.010332,5.018307,,,,,,1,1,0,1,1,0.640184,0,0,0
52.139999,ASCENT,7,0,1,None,Holding,0,6610.89193,583.081457,306.367698,270.83291,27835.044398,0.946136,2097.010155,432432.276227,1.658483,7140377.441406,5.015759,0.010667,0.843299,,0,0,0,0,0.015766,0.010667,0.009104,-0.181533,0.0053,0.00189,9075.973031,9075.839499,0.521596,0.005549,0.002551,300.087125,132048.203125,737.119446,132048.953125,0,10.342064,-6357.377133,30.755079,319.257724,1,0.998718,0,0,0,67.73844,42.795954,GravityTurn,,,,,,,,,,,,,,,,,,,,,,,,,,,None,Continue,0,None,7057489.928833,,0,0,1,1,9705.353851,9705.353851,2.714473,11506100.585938,0.971086,502.157624,2.983918,0.132104,1.573975,5,0.007337,5.015296,,,,,,1,1,0,1,1,0.640423,0,0,0
52.399999,ASCENT,7,0,1,None,Holding,0,6681.472505,584.85026,308.320432,272.217973,27973.027962,0.952994,2134.495009,431803.308941,1.656692,7124623.046875,5.014417,0.010684,0.840539,,0,0,0,0,0.014419,0.010684,0.009136,-0.179912,-0.009814,-0.001097,9061.692826,9061.540803,0.523426,-0.002287,-0.00659,299.551693,131925.3125,736.067749,131926.0625,0,10.451435,-6357.309517,30.790356,319.442078,1,0.998718,0,0,0,67.652138,42.7961,GravityTurn,,,,,,,,,,,,,,,,,,,,,,,,,,,None,Continue,0,None,7043820.504578,,0,0,1,1,9709.436157,9709.436157,2.717465,11508294.921875,0.987519,504.408535,3.052011,0.132365,1.593704,5,0.005348,5.014199,,,,,,1,1,0,1,1,0.640665,0,0,0
52.659999,ASCENT,7,0,1,None,Holding,0,6752.412181,586.625566,310.274888,273.598455,28108.105042,0.959872,2172.385727,431175.501324,1.656073,7117207.519531,5.009079,0.010553,0.837838,,0,0,0,0,0.009125,0.010553,0.009285,-0.147344,0.003309,-0.000473,9050.810296,9050.666652,0.532,-0.000197,-0.001149,299.057007,131806.8125,735.011292,131807.546875,0,10.561239,-6357.241252,30.825891,319.626055,1,0.998718,0,0,0,67.566093,42.796247,GravityTurn,,,,,,,,,,,,,,,,,,,,,,,,,,,None,Continue,0,None,7029211.526676,,0,0,1,1,9717.564636,9717.564636,2.723447,11512673.828125,1.003941,506.65657,3.123579,0.132695,1.634281,5,0.018517,5.011072,,,,,,1,1,0,1,1,0.640909,0,0,0
52.919999,ASCENT,7,0,1,None,Holding,0,6823.710369,588.406544,312.230465,274.973721,28240.391812,0.966771,2210.682515,430548.91441,1.655247,7099670.898438,5.009087,0.010601,0.835192,,0,0,0,0,0.009087,0.010601,0.009214,-0.161263,-0.006833,-0.001124,9038.421712,9038.271989,0.527924,-0.001847,-0.003664,298.543129,131683.46875,733.954712,131684.203125,0,10.671456,-6357.172364,30.861704,319.809752,1,0.998718,0,0,0,67.480328,42.796395,GravityTurn,,,,,,,,,,,,,,,,,,,,,,,,,,,None,Continue,0,None,7015937.416942,,0,0,1,1,9726.149933,9726.149933,2.72981,11517310.546875,1.020348,508.901712,3.195523,0.131798,1.623267,5,0.00673,5.010318,,,,,,1,1,0,1,1,0.641155,0,0,0
53.179999,ASCENT,7,0,1,None,Holding,0,6895.366256,590.193842,314.188348,276.345384,28369.57616,0.973688,2249.387446,429923.395611,1.654843,7102035.15625,5.010703,0.010702,0.832608,,0,0,0,0,0.010703,0.010702,0.009288,-0.164406,0.0017,0.000112,9030.031029,9029.877583,0.532183,0.001953,-0.000181,298.166645,131561.6875,732.907288,131562.4375,0,10.782126,-6357.102855,30.897759,319.992989,1,0.998718,0,0,0,67.394787,42.796545,GravityTurn,,,,,,,,,,,,,,,,,,,,,,,,,,,None,Continue,0,None,7003097.874377,,0,0,1,1,9730.171509,9730.171509,2.732807,11519485.351563,1.036752,511.143949,3.269596,0.132788,1.663952,5,0.016423,5.009174,,,,,,1,1,0,1,1,0.641399,0,0,0
53.419999,ASCENT,7,0,1,None,Holding,0,6967.376943,591.985465,316.145438,277.709663,28495.746955,0.980625,2288.50501,429299.250104,1.654004,7095659.179688,5.00942,0.010697,0.830085,,0,0,0,0,0.009597,0.010697,0.009353,-0.156349,-0.006667,0.000565,9016.105597,9015.956102,0.53588,0.003413,-0.000162,297.586991,131442.84375,731.855957,131443.59375,0,10.893139,-6357.032732,30.934093,320.176045,1,0.998718,0,0,0,67.309603,42.796697,GravityTurn,,,,,,,,,,,,,,,,,,,,,,,,,,,None,Continue,0,None,6990134.088502,,0,0,1,1,9738.177032,9738.177032,2.738807,11523826.171875,1.053138,513.383266,3.342746,0.13338,1.692355,5,0.031638,5.009106,,,,,,1,1,0,1,1,0.641653,0,0,0
53.699999,ASCENT,7,0,1,None,Holding,0,7039.740929,593.783651,318.105479,279.070395,28618.998441,0.987583,2328.036274,428676.172711,1.653502,7085705.078125,5.005833,0.010599,0.82762,,0,0,0,0,0.00588,0.010599,0.009078,-0.17698,-0.001967,-0.002005,9006.102652,9005.950643,0.520137,-0.003552,-0.0001,297.141511,131320,730.807556,131320.75,0,11.004602,-6356.961963,30.970724,320.358754,1,0.998718,0,0,0,67.224611,42.79685,GravityTurn,,,,,,,,,,,,,,,,,,,,,,,,,,,None,Continue,0,None,6977316.023693,,0,0,1,1,9742.159241,9742.159241,2.741805,11525989.257813,1.069512,515.619648,3.4183,0.130677,1.68109,5,0.001462,5.003892,,,,,,1,1,0,1,1,0.641908,0,0,0
53.959999,ASCENT,7,0,1,None,Holding,0,7112.458168,595.58603,320.06422,280.42392,28739.153324,0.994561,2367.982195,428054.468609,1.652287,7049946.777344,5.004775,0.010587,0.825217,,0,0,0,0,0.004782,0.010587,0.009147,-0.167651,0.007475,-0.000029,8992.877633,8992.721794,0.524086,0.000776,0.002594,296.60523,131201.78125,729.759216,131202.53125,0,11.116404,-6356.890583,31.007534,320.540783,1,0.998718,0,0,0,67.13999,42.797005,GravityTurn,,,,,,,,,,,,,,,,,,,,,,,,,,,None,Continue,0,None,6963600.218608,,0,0,1,1,9750.581451,9750.581451,2.748188,11530572.265625,1.085869,517.85308,3.493116,0.131795,1.66495,5,0.021681,5.003393,,,,,,1,1,0,1,1,0.642172,0,0,0
54.199999,ASCENT,7,0,1,None,Holding,0,7185.527026,597.395883,322.028543,281.776618,28857.579811,1.001582,2408.345462,427433.557965,1.653041,7058345.703125,5.007648,0.010719,0.822848,,0,0,0,0,0.007708,0.010719,0.009212,-0.175423,0.004337,-0.000027,8986.598989,8986.44145,0.527812,0.001612,0.003474,296.295011,131078.625,728.720398,131079.375,0,11.228728,-6356.818571,31.044684,320.722935,1,0.998718,0,0,0,67.055441,42.797161,GravityTurn,,,,,,,,,,,,,,,,,,,,,,,,,,,None,Continue,0,None,6951132.727857,,0,0,1,1,9754.522522,9754.522522,2.751201,11532722.65625,1.102245,520.083551,3.571688,0.132903,1.651419,5,0.014535,5.008179,,,,,,1,1,0,1,1,0.642437,0,0,0
54.479999,ASCENT,7,0,1,None,Holding,0,7258.946392,599.212615,323.994341,283.123833,28973.853106,1.008639,2449.129588,426813.776471,1.652798,7036778.808594,5.003017,0.010578,0.820523,,0,0,0,0,0.003075,0.010578,0.009286,-0.150397,-0.007876,-0.000396,8976.262325,8976.108078,0.532053,0.000047,-0.005507,295.827939,130957.273438,727.680786,130958.015625,0,11.341437,-6356.745821,31.082057,320.904378,1,0.998718,0,0,0,66.97114,42.79732,GravityTurn,,,,,,,,,,,,,,,,,,,,,,,,,,,None,Continue,0,None,6940517.152106,,0,0,1,1,9762.852203,9762.852203,2.757599,11537276.367188,1.118605,522.311048,3.648645,0.133318,1.647084,5,0.018778,5.004932,,,,,,1,1,0,1,1,0.642378,0,0,0
54.739999,ASCENT,7,0,1,None,Holding,0,7332.715497,601.034977,325.962283,284.466825,29087.823657,1.015732,2490.335433,426195.124127,1.652476,7023242.1875,5.002991,0.010595,0.818244,,0,0,0,0,0.003402,0.010595,0.009321,-0.148346,-0.001861,0.001084,8966.194599,8966.03888,0.534081,0.004672,0.001975,295.393438,130838.539063,726.636719,130839.28125,0,11.454563,-6356.672443,31.119701,321.085608,1,0.998718,0,0,0,66.887055,42.797479,GravityTurn,,,,,,,,,,,,,,,,,,,,,,,,,,,None,Continue,0,None,6929699.094505,,0,0,1,1,9771.116974,9771.116974,2.764004,11541812.5,1.134958,524.535555,3.726468,0.13405,1.65094,5,0.02868,5.005027,,,,,,1,1,0,1,1,0.64223,0,0,0
54.999999,ASCENT,7,0,1,None,Holding,0,7406.833863,602.864091,327.933474,285.806724,29199.633191,1.022863,2531.965371,425577.478863,1.652431,7024308.105469,5.004696,0.010675,0.816007,,0,0,0,0,0.004784,0.010675,0.00912,-0.181143,-0.017813,0.000068,8958.305867,8958.145728,0.52251,0.001053,-0.007208,295.03007,130717.539063,725.601318,130718.28125,0,11.568138,-6356.598395,31.157587,321.266401,1,0.998718,0,0,0,66.803137,42.797641,GravityTurn,,,,,,,,,,,,,,,,,,,,,,,,,,,None,Continue,0,None,6919147.231917,,0,0,1,1,9774.982574,9774.982574,2.767021,11543937.5,1.151317,526.757061,3.805486,0.132922,1.668366,5,0.00366,5.003593,,,,,,1,1,0,1,1,0.642121,0,0,0
55.259999,ASCENT,7,0,1,None,Holding,0,7481.299312,604.70362,329.912866,287.147447,29309.785483,1.030042,2574.023285,424960.352398,1.653896,7036088.867188,5.003976,0.01067,0.813804,,0,0,0,0,0.003991,0.01067,0.009032,-0.190432,-0.003414,-0.001885,8958.947506,8958.791366,0.517523,-0.004155,-0.000901,294.92702,130597.960938,724.565308,130598.695313,0,11.682276,-6356.523559,31.195811,321.447214,1,0.998718,0,0,0,66.719173,42.797804,GravityTurn,,,,,,,,,,,,,,,,,,,,,,,,,,,None,Continue,0,None,6910039.542187,,0,0,1,1,9783.144135,9783.144135,2.773442,11548441.40625,1.167698,528.975553,3.888588,0.132582,1.683783,5,0.008509,5.006131,,,,,,1,1,0,1,1,0.642043,0,0,0
55.519999,ASCENT,7,0,1,None,Holding,0,7556.11319,606.548045,331.893396,288.482956,29418.065756,1.037266,2616.510132,424344.385602,1.654366,7012092.773438,5.003547,0.010668,0.811639,,0,0,0,0,0.003542,0.010668,0.009162,-0.175256,-0.01724,-0.000451,8949.75594,8949.598426,0.524922,-0.000237,-0.008704,294.519875,130480.226563,723.528259,130480.96875,0,11.796798,-6356.448095,31.234279,321.627605,1,0.998718,0,0,0,66.635464,42.797969,GravityTurn,,,,,,,,,,,,,,,,,,,,,,,,,,,None,Continue,0,None,6902646.578211,,0,0,1,1,9786.961121,9786.961121,2.776466,11550552.734375,1.184065,531.191019,3.967606,0.133972,1.73153,5,0.016223,5.00359,,,,,,1,1,0,1,1,0.641991,0,0,0
55.779999,ASCENT,7,0,1,None,Holding,0,7631.275431,608.401185,333.878781,289.816549,29524.368546,1.044534,2659.42771,423729.212262,1.654468,7007779.296875,5.003617,0.010688,0.809513,,0,0,0,0,0.003634,0.010688,0.009291,-0.162456,0.005031,0.00023,8942.099703,8941.935568,0.532355,0.001205,0.00325,294.169804,130359.789063,722.496704,130360.53125,0,11.911799,-6356.371858,31.272956,321.807403,1,0.998718,0,0,0,66.551849,42.798135,GravityTurn,,,,,,,,,,,,,,,,,,,,,,,,,,,None,Continue,0,None,6895057.952632,,0,0,1,1,9795.016022,9795.016022,2.782901,11555023.4375,1.200446,533.403447,4.048376,0.135618,1.703376,5,0.014573,5.003562,,,,,,1,1,0,1,1,0.641956,0,0,0
56.039999,ASCENT,7,0,1,None,Holding,0,7706.780957,610.258642,335.864963,291.143981,29628.256769,1.051838,2702.780517,423115.259625,1.653705,6990770.507813,5.001916,0.010637,0.807435,,0,0,0,0,0.001948,0.010637,0.009097,-0.179224,-0.010071,-0.000993,8929.206225,8929.047392,0.521237,-0.001579,-0.004094,293.613089,130236.960938,721.46228,130237.703125,0,12.027149,-6356.29499,31.31194,321.987077,1,0.998718,0,0,0,66.468498,42.798303,GravityTurn,,,,,,,,,,,,,,,,,,,,,,,,,,,None,Continue,0,None,6886931.620113,,0,0,1,1,9799.251556,9799.251556,2.786311,11557380.859375,1.216809,535.612822,4.127005,0.133984,1.689199,5,0.016036,5.002231,,,,,,1,1,0,1,1,0.641945,0,0,0
56.299999,ASCENT,7,0,1,None,Holding,0,7782.63244,612.124812,337.856771,292.470393,29729.675693,1.059179,2746.569079,422502.069928,1.653928,6993694.824219,5.003371,0.010699,0.805406,,0,0,0,0,0.003376,0.010699,0.009,-0.197676,0.002018,0.000151,8925.616832,8925.45624,0.515676,0.000671,0.00153,293.387889,130119.4375,720.429504,130120.179688,0,12.143001,-6356.217364,31.351142,322.166219,1,0.998718,0,0,0,66.385206,42.798473,GravityTurn,,,,,,,,,,,,,,,,,,,,,,,,,,,None,Continue,0,None,6877201.085456,,0,0,1,1,9807.196808,9807.196808,2.792752,11561817.382813,1.233186,537.819133,4.210097,0.133615,1.705823,5,-0.001401,5.001408,,,,,,1,1,0,1,1,0.641945,0,0,0
56.559999,ASCENT,7,0,1,None,Holding,0,7858.82824,613.998966,339.853962,293.795137,29829.287071,1.066569,2790.796856,421889.582135,1.655198,6993619.628906,5.002497,0.010678,0.803414,,0,0,0,0,0.002798,0.010678,0.009169,-0.175391,0.022497,0.000207,8923.089314,8922.925535,0.525338,0.001941,0.008776,293.195468,129997.6875,719.401978,129998.4375,0,12.259332,-6356.139001,31.390633,322.345147,1,0.998718,0,0,0,66.301984,42.798644,GravityTurn,,,,,,,,,,,,,,,,,,,,,,,,,,,None,Continue,0,None,6868091.573396,,0,0,1,1,9811.371246,9811.371246,2.79617,11564156.25,1.249571,540.022367,4.294304,0.135405,1.700575,5,0.008598,5.002462,,,,,,1,1,0,1,1,0.641959,0,0,0
56.819999,ASCENT,7,0,1,None,Holding,0,7935.367819,615.878958,341.854008,295.115969,29927.039883,1.074008,2835.465019,421278.131939,1.655788,6961737.792969,5.003112,0.010709,0.801459,,0,0,0,0,0.003394,0.010709,0.009075,-0.189935,-0.011492,0.001207,8913.962283,8913.800917,0.519965,0.004097,-0.008434,292.769797,129877.929688,718.372375,129878.671875,0,12.376076,-6356.059964,31.430392,322.523773,1,0.998718,0,0,0,66.218934,42.798818,GravityTurn,,,,,,,,,,,,,,,,,,,,,,,,,,,None,Continue,0,None,6860520.651743,,0,0,1,1,9818.281219,9818.281219,2.801878,11568040.039063,1.265959,542.222513,4.375934,0.134757,1.678386,5,0.004857,5.000235,,,,,,1,1,0,1,1,0.641985,0,0,0
57.079999,ASCENT,7,0,1,None,Holding,0,8012.250393,617.766103,343.856839,296.43253,30022.229481,1.081484,2880.57745,420667.566754,1.655366,6964198.242188,5.001563,0.010661,0.799555,,0,0,0,0,0.001607,0.010661,0.009159,-0.174678,-0.020811,0.000452,8904.265285,8904.110019,0.524785,0.001874,-0.009471,292.337241,129759.976563,717.345764,129760.726563,0,12.493218,-6355.980152,31.47034,322.701746,1,0.998718,0,0,0,66.136058,42.798993,GravityTurn,,,,,,,,,,,,,,,,,,,,,,,,,,,None,Continue,0,None,6852346.723384,,0,0,1,1,9826.0401,9826.0401,2.808348,11572419.921875,1.282343,544.419557,4.457732,0.13573,1.659992,5,0.011932,4.999214,,,,,,1,1,0,1,1,0.642026,0,0,0
57.319999,ASCENT,7,0,1,None,Holding,0,8089.473553,619.660829,345.86469,297.746873,30115.05414,1.089002,2926.135767,420057.825543,1.655569,6959881.835938,5.001376,0.010657,0.797699,,0,0,0,0,0.00172,0.010657,0.009156,-0.17457,-0.001228,0.001517,8898.661822,8898.511313,0.524572,0.004569,-0.00281,292.035683,129638.484375,716.322571,129639.234375,0,12.610818,-6355.899597,31.510578,322.879601,1,0.998718,0,0,0,66.053262,42.799169,GravityTurn,,,,,,,,,,,,,,,,,,,,,,,,,,,None,Continue,0,None,6843338.958289,,0,0,1,1,9830.11554,9830.11554,2.811777,11574726.5625,1.298731,546.613487,4.542225,0.135934,1.665765,5,0.026216,4.999033,,,,,,1,1,0,1,1,0.642076,0,0,0
57.599999,ASCENT,7,0,1,None,Holding,0,8167.039012,621.558556,347.871344,299.053854,30204.897769,1.096551,2972.141563,419449.396588,1.654918,6929819.824219,5.000841,0.010643,0.795902,,0,0,0,0,0.000861,0.010643,0.009041,-0.186414,0.002631,-0.000759,8884.742402,8884.579899,0.518002,-0.001802,0.001628,291.496156,129517.328125,715.302124,129518.070313,0,12.728716,-6355.818425,31.550982,323.056546,1,0.998718,0,0,0,65.9708,42.799348,GravityTurn,,,,,,,,,,,,,,,,,,,,,,,,,,,None,Continue,0,None,6833702.160256,,0,0,1,1,9837.308624,9837.308624,2.817878,11578814.453125,1.315107,548.804289,4.62305,0.135767,1.645173,5,0.000158,5.000678,,,,,,1,1,0,1,1,0.642129,0,0,0
57.859999,ASCENT,7,0,1,None,Holding,0,8244.943285,623.466284,349.88607,300.361304,30292.137464,1.104138,3018.597603,418841.394879,1.655497,6939182.617188,5.00102,0.010653,0.794157,,0,0,0,0,0.001022,0.010653,0.009107,-0.179682,0.001334,0.000748,8883.708862,8883.541004,0.521776,0.002998,0.000397,291.359546,129397.21875,714.278076,129397.960938,0,12.847149,-6355.736426,31.591688,323.233432,1,0.998718,0,0,0,65.888291,42.799528,GravityTurn,,,,,,,,,,,,,,,,,,,,,,,,,,,None,Continue,0,None,6822808.67791,,0,0,1,1,9840.878265,9840.878265,2.820931,11580849.609375,1.331501,550.991953,4.710543,0.136935,1.652574,5,0.009204,4.999494,,,,,,1,1,0,1,1,0.642194,0,0,0
58.119999,ASCENT,7,0,1,None,Holding,0,8323.187102,625.380506,351.903522,301.664509,30377.112849,1.111771,3065.507383,418234.308697,1.656548,6927825.683594,4.999638,0.010608,0.792458,,0,0,0,0,0.000455,0.010608,0.009234,-0.159738,0.010722,0.000659,8876.469848,8876.307993,0.529069,0.00297,0.004776,291.004024,129278.726563,713.255859,129279.476563,0,12.965973,-6355.653674,31.632584,323.409692,1,0.998718,0,0,0,65.805952,42.79971,GravityTurn,,,,,,,,,,,,,,,,,,,,,,,,,,,None,Continue,0,None,6814095.481924,,0,0,1,1,9848.841064,9848.841064,2.827806,11585408.203125,1.347897,553.176467,4.794993,0.138363,1.667644,5,0.022929,5.000102,,,,,,1,1,0,1,1,0.64226,0,0,0
58.379999,ASCENT,7,0,1,None,Holding,0,8401.76925,627.302607,353.926389,302.965662,30459.620712,1.119445,3112.871771,417627.985455,1.65709,6928262.207031,5.001153,0.010662,0.790808,,0,0,0,0,0.001183,0.010662,0.009042,-0.188175,0.005844,-0.000047,8871.267757,8871.106899,0.518091,0.000611,0.003544,290.708013,129158.09375,712.235718,129158.835938,0,13.085252,-6355.570141,31.673758,323.585709,1,0.998718,0,0,0,65.723672,42.799894,GravityTurn,,,,,,,,,,,,,,,,,,,,,,,,,,,None,Continue,0,None,6805942.805291,,0,0,1,1,9852.34906,9852.34906,2.830873,11587423.828125,1.364298,555.357819,4.881195,0.136802,1.639995,5,0.002852,5.000757,,,,,,1,1,0,1,1,0.642338,0,0,0
58.639999,ASCENT,7,0,1,None,Holding,0,8480.68991,629.229614,355.950854,304.26183,30539.333324,1.127157,3160.692807,417022.638775,1.656552,6903448.242188,4.999588,0.01061,0.789213,,0,0,0,0,0.000417,0.01061,0.009122,-0.172921,-0.000991,-0.002728,8860.505584,8860.338207,0.522641,-0.008991,-0.000295,290.265846,129038.8125,711.222168,129039.554688,0,13.204893,-6355.485923,31.715122,323.761107,1,0.998718,0,0,0,65.641606,42.800079,GravityTurn,,,,,,,,,,,,,,,,,,,,,,,,,,,None,Continue,0,None,6797987.939751,,0,0,1,1,9859.311005,9859.311005,2.837001,11591440.429688,1.380699,557.535996,4.965421,0.137859,1.621981,5,-0.000096,5.000443,,,,,,1,1,0,1,1,0.642416,0,0,0
58.899999,ASCENT,7,0,1,None,Holding,0,8559.946748,631.168272,357.985149,305.559712,30616.680555,1.134914,3208.973714,416417.627789,1.658122,6908297.363281,5.001338,0.010672,0.787666,,0,0,0,0,0.00182,0.010672,0.00908,-0.184858,-0.01966,0.000504,8862.03042,8861.863391,0.520244,0.001696,-0.006973,290.187337,128919.90625,710.202087,128920.648438,0,13.325104,-6355.400787,31.756782,323.936343,1,0.998718,0,0,0,65.559418,42.800266,GravityTurn,,,,,,,,,,,,,,,,,,,,,,,,,,,None,Continue,0,None,6790233.213615,,0,0,1,1,9866.191498,9866.191498,2.843134,11595430.664063,1.397124,559.710987,5.055361,0.13816,1.600362,5,0.017683,5.000259,,,,,,1,1,0,1,1,0.6425,0,0,0
59.159999,ASCENT,7,0,1,None,Holding,0,8639.54113,633.114228,360.024378,306.856011,30691.846185,1.14272,3257.718498,415813.288189,1.659616,6907747.070313,5.005147,0.010817,0.786163,,0,0,0,0,0.005256,0.010817,0.008981,-0.212949,0.02479,0.000572,8859.391363,8859.219588,0.514586,0.001015,0.010487,289.996118,128801.054688,709.189697,128801.796875,0,13.445782,-6355.314906,31.798624,324.11094,1,0.998718,0,0,0,65.477308,42.800455,GravityTurn,,,,,,,,,,,,,,,,,,,,,,,,,,,None,Continue,0,None,6784154.030988,,0,0,1,1,9869.601837,9869.601837,2.846213,11597418.945313,1.413571,561.882786,5.143556,0.138092,1.613339,5,0.002264,5.001161,,,,,,1,1,0,1,1,0.642594,0,0,0
59.399999,ASCENT,7,0,1,None,Holding,0,8719.471081,635.068363,362.069488,308.149971,30764.625968,1.150573,3306.928368,415209.528424,1.6607,6905252.929688,5.001824,0.010709,0.784707,,0,0,0,0,0.002389,0.010709,0.009097,-0.186891,-0.012445,0.002709,8856.162134,8855.994468,0.521226,0.00784,-0.002577,289.768617,128681.398438,708.174194,128682.140625,0,13.566901,-6355.228194,31.840788,324.285564,1,0.998718,0,0,0,65.395236,42.800646,GravityTurn,,,,,,,,,,,,,,,,,,,,,,,,,,,None,Continue,0,None,6778556.568791,,0,0,1,1,9876.360077,9876.360077,2.852367,11601372.070313,1.430028,564.051379,5.232072,0.139304,1.609615,5,0.015342,5.003442,,,,,,1,1,0,1,1,0.642689,0,0,0
59.679999,ASCENT,7,0,1,None,Holding,0,8799.736836,637.030826,364.120356,309.442696,30834.871276,1.158469,3356.60633,414606.50108,1.661557,6893391.113281,5.001087,0.010691,0.783303,,0,0,0,0,0.002102,0.010691,0.009295,-0.161705,0.013521,0.000708,8853.548508,8853.37676,0.532571,0.001159,0.003595,289.575919,128559.96875,707.164063,128560.71875,0,13.688496,-6355.14067,31.883132,324.459384,1,0.998718,0,0,0,65.313208,42.800839,GravityTurn,,,,,,,,,,,,,,,,,,,,,,,,,,,None,Continue,0,None,6773193.013647,,0,0,1,1,9880.127045,9880.127045,2.855833,11603587.890625,1.446495,566.216755,5.320981,0.140975,1.602493,5,0.017291,5.001641,,,,,,1,1,0,1,1,0.642789,0,0,0
59.939999,ASCENT,7,0,1,None,Holding,0,8880.339465,639.002838,366.178534,310.734659,30902.758837,1.166415,3406.754707,414003.900982,1.663099,6898029.785156,5.001071,0.010696,0.781945,,0,0,0,0,0.001897,0.010696,0.009151,-0.178847,0.003172,0.00064,8853.845072,8853.676173,0.524295,0.003154,0.005375,289.475344,128442.171875,706.144348,128442.914063,0,13.810581,-6355.052264,31.925749,324.633029,1,0.998718,0,0,0,65.231159,42.801034,GravityTurn,,,,,,,,,,,,,,,,,,,,,,,,,,,None,Continue,0,None,6767974.197663,,0,0,1,1,9887.168335,9887.168335,2.862388,11607747.070313,1.462977,568.378902,5.411835,0.140039,1.592607,5,0.012025,5.000064,,,,,,1,1,0,1,1,0.642893,0,0,0
60.199999,ASCENT,7,0,1,None,Holding,0,8961.277063,640.981768,368.240473,312.022757,30968.233662,1.174408,3457.37678,413402.124859,1.663941,6886020.507813,5.002226,0.01074,0.780635,,0,0,0,0,0.002782,0.01074,0.009132,-0.186109,0.014195,0.001385,8846.760297,8846.59617,0.523216,0.004702,0.004372,289.117025,128319.742188,705.13678,128320.484375,0,13.933056,-6354.963042,31.968575,324.806166,1,0.998718,0,0,0,65.149233,42.80123,GravityTurn,,,,,,,,,,,,,,,,,,,,,,,,,,,None,Continue,0,None,6763101.984719,,0,0,1,1,9890.448883,9890.448883,2.865477,11609695.3125,1.479459,570.537809,5.500166,0.139671,1.666305,5,0.009627,5.000123,,,,,,1,1,0,1,1,0.643007,0,0,0
60.459999,ASCENT,7,0,1,None,Holding,0,9042.549304,642.967936,370.307724,313.308969,31030.745863,1.182439,3508.473697,412800.92857,1.664349,6881685.546875,5.000337,0.010676,0.779385,,0,0,0,0,0.001385,0.010676,0.009112,-0.180952,0.00838,0.000646,8843.036843,8842.871053,0.522065,0.002846,0.007637,288.88952,128202.382813,704.123047,128203.125,0,14.055983,-6354.873041,32.011635,324.978895,1,0.998718,0,0,0,65.067366,42.801428,GravityTurn,,,,,,,,,,,,,,,,,,,,,,,,,,,None,Continue,0,None,6757317.342136,,0,0,1,1,9896.950867,9896.950867,2.871661,11613572.265625,1.49595,572.693465,5.590186,0.140021,1.692977,5,0.008381,5.001273,,,,,,1,1,0,1,1,0.643119,0,0,0
60.719999,ASCENT,7,0,1,None,Holding,0,9124.156277,644.964763,372.383659,314.595817,31091.017548,1.190523,3560.04821,412200.098492,1.666045,6875223.144531,5.000357,0.010676,0.77818,,0,0,0,0,0.001741,0.010676,0.009044,-0.188645,-0.001086,0.00048,8843.942502,8843.773703,0.518192,0.002127,-0.003502,288.80623,128083.171875,703.117371,128083.914063,0,14.179441,-6354.782112,32.054937,325.151251,1,0.998718,0,0,0,64.985424,42.801628,GravityTurn,,,,,,,,,,,,,,,,,,,,,,,,,,,None,Continue,0,None,6751621.202639,,0,0,1,1,9903.760712,9903.760712,2.878246,11617663.085938,1.512459,574.845861,5.683151,0.13957,1.663785,5,0.007441,4.999781,,,,,,1,1,0,1,1,0.643242,0,0,0
60.979999,ASCENT,7,0,1,None,Holding,0,9206.095449,646.968416,374.463801,315.879312,31148.7324,1.198654,3612.104266,411600.061871,1.667149,6865000.976563,4.99862,0.010614,0.777025,,0,0,0,0,0.001578,0.010614,0.008996,-0.186967,-0.007185,-0.001345,8839.226713,8839.056124,0.51543,-0.004269,-0.005083,288.531198,127959.710938,702.108093,127960.453125,0,14.303301,-6354.690372,32.098454,325.32313,1,0.998718,0,0,0,64.903585,42.80183,GravityTurn,,,,,,,,,,,,,,,,,,,,,,,,,,,None,Continue,0,None,6746681.18439,,0,0,1,1,9907.326385,9907.326385,2.881735,11619816.40625,1.528973,576.994983,5.77333,0.139571,1.648608,5,0.004138,4.999556,,,,,,1,1,0,1,1,0.643363,0,0,0
61.239999,ASCENT,7,0,1,None,Holding,0,9288.370335,648.983038,376.552514,317.163129,31204.104944,1.206837,3664.642873,411000.299908,1.66869,6866493.652344,4.998809,0.010618,0.775918,,0,0,0,0,0.00145,0.010618,0.009204,-0.163228,-0.002984,-0.000323,8838.092667,8837.928578,0.527363,0.00006,-0.003263,288.366948,127843.78125,701.101257,127844.515625,0,14.427684,-6354.59766,32.142182,325.494525,1,0.998718,0,0,0,64.821676,42.802034,GravityTurn,,,,,,,,,,,,,,,,,,,,,,,,,,,None,Continue,0,None,6741933.109729,,0,0,1,1,9913.987183,9913.987183,2.888337,11623862.304688,1.545507,579.140824,5.866024,0.141567,1.953896,5,0.035252,4.999986,,,,,,1,1,0,1,1,0.643494,0,0,0
61.499999,ASCENT,7,0,1,None,Holding,0,9370.978369,651.005824,378.648302,318.446485,31256.689401,1.215064,3717.66694,410401.026227,1.66991,6869073.242188,4.998605,0.010611,0.774866,,0,0,0,0,0.003729,0.010611,0.009,-0.185709,0.011412,-0.000485,8839.747144,8839.578106,0.515686,-0.002093,-0.0016,288.337816,127723.773438,700.095886,127724.507813,0,14.55256,-6354.504131,32.186181,325.665668,1,0.998718,0,0,0,64.739757,42.80224,GravityTurn,,,,,,,,,,,,,,,,,,,,,,,,,,,None,Continue,0,None,6737238.713247,,0,0,1,1,9917.086914,9917.086914,2.891448,11625755.859375,1.56206,581.283372,5.959835,0.140373,1.889524,5,0.000829,5.001205,,,,,,1,1,0,1,1,0.643624,0,0,0
61.759999,ASCENT,7,0,1,None,Holding,0,9453.919652,653.036622,380.748688,319.726403,31306.916135,1.223344,3771.181096,409802.454449,1.671257,6860462.402344,4.998696,0.010607,0.773862,,0,0,0,0,0.002218,0.010607,0.009035,-0.181291,0.001726,-0.001024,8834.21156,8834.044623,0.517647,-0.003306,0.004379,288.022115,127603.757813,699.088196,127604.5,0,14.677834,-6354.409691,32.230342,325.83614,1,0.998718,0,0,0,64.657923,42.802448,GravityTurn,,,,,,,,,,,,,,,,,,,,,,,,,,,None,Continue,0,None,6732851.76816,,0,0,1,1,9923.216064,9923.216064,2.897678,11629520.507813,1.57861,583.422618,6.051439,0.140498,1.8132,5,0.010052,4.997896,,,,,,1,1,0,1,1,0.643758,0,0,0
62.019999,ASCENT,7,0,1,None,Holding,0,9537.192131,655.077516,382.858205,321.007617,31354.374981,1.23167,3825.187193,409204.096295,1.672624,6855013.183594,4.999412,0.010631,0.772913,,0,0,0,0,0.000845,0.010631,0.009146,-0.171018,0.013503,-0.001425,8836.594366,8836.430327,0.524004,-0.003359,0.007904,287.978605,127482.226563,698.081055,127482.96875,0,14.803659,-6354.31435,32.27476,326.006317,1,0.998718,0,0,0,64.575999,42.802657,GravityTurn,,,,,,,,,,,,,,,,,,,,,,,,,,,None,Continue,0,None,6728278.111141,,0,0,1,1,9926.624725,9926.624725,2.901187,11631627.929688,1.595192,585.558553,6.146767,0.141686,1.789414,5,0.017276,4.997585,,,,,,1,1,0,1,1,0.643931,0,0,0
62.279999,ASCENT,7,0,1,None,Holding,0,9620.799123,657.130787,384.978676,322.29117,31399.871092,1.240057,3879.686961,408605.860211,1.675769,6872617.675781,4.997776,0.010567,0.772003,,0,0,0,0,0.002843,0.010567,0.009111,-0.167347,-0.012286,-0.000513,8842.326559,8842.156604,0.522041,-0.000527,-0.002371,288.07696,127364.007813,697.078064,127364.75,0,14.930071,-6354.217984,32.319429,326.176177,1,0.998718,0,0,0,64.493915,42.802869,GravityTurn,,,,,,,,,,,,,,,,,,,,,,,,,,,None,Continue,0,None,6724940.905176,,0,0,1,1,9932.610352,9932.610352,2.907432,11635351.5625,1.611798,587.691165,6.243831,0.141588,1.761025,5,0.006186,4.99947,,,,,,1,1,0,1,1,0.64409,0,0,0
62.539999,ASCENT,7,0,1,None,Holding,0,9704.738742,659.192246,387.104306,323.571696,31442.732029,1.248494,3934.68509,408008.142926,1.676964,6872914.0625,4.996277,0.010504,0.771145,,0,0,0,0,0.003838,0.010504,0.00886,-0.188738,0.009852,-0.002205,8840.90912,8840.741907,0.507664,-0.005471,0.007512,287.901778,127242.679688,696.074463,127243.421875,0,15.056892,-6354.120688,32.36427,326.345416,1,0.998718,0,0,0,64.411895,42.803082,GravityTurn,,,,,,,,,,,,,,,,,,,,,,,,,,,None,Continue,0,None,6722179.362203,,0,0,1,1,9938.501434,9938.501434,2.9137,11639047.851563,1.628407,589.820446,6.337805,0.139335,1.751995,5,-0.006651,4.99822,,,,,,1,1,0,1,1,0.644268,0,0,0
62.799999,ASCENT,7,0,1,None,Holding,0,9789.011817,661.261697,389.236709,324.851151,31483.12888,1.256985,3990.182882,407410.913922,1.678325,6847358.886719,4.997639,0.010541,0.770337,,0,0,0,0,0.002832,0.010541,0.008879,-0.190719,-0.000644,-0.001736,8836.393338,8836.229247,0.508749,-0.004384,0.003849,287.634059,127124.84375,695.065308,127125.59375,0,15.184188,-6354.022537,32.409366,326.514358,1,0.998718,0,0,0,64.329878,42.803297,GravityTurn,,,,,,,,,,,,,,,,,,,,,,,,,,,None,Continue,0,None,6719326.002101,,0,0,1,1,9941.41217,9941.41217,2.916836,11640884.765625,1.64503,591.946386,6.431922,0.13961,1.78437,5,-0.001992,4.997974,,,,,,1,1,0,1,1,0.64439,0,0,0
63.039999,ASCENT,7,0,1,None,Holding,0,9873.617051,663.340304,391.376687,326.130279,31520.271527,1.265514,4046.182616,406814.051129,1.679478,6864859.863281,4.999495,0.0106,0.769595,,0,0,0,0,0.000516,0.0106,0.009092,-0.172819,-0.013749,0.000161,8838.406049,8838.230849,0.520958,0.001489,-0.006054,287.603607,127003.445313,694.06311,127004.195313,0,15.31198,-6353.92347,32.454671,326.682917,1,0.998718,0,0,0,64.247831,42.803515,GravityTurn,,,,,,,,,,,,,,,,,,,,,,,,,,,None,Continue,0,None,6715838.312914,,0,0,1,1,9947.163452,9947.163452,2.923114,11644538.085938,1.661678,594.068976,6.528319,0.142224,1.737084,5,0.023666,4.997826,,,,,,1,1,0,1,1,0.644532,0,0,0
63.299999,ASCENT,7,0,1,None,Holding,0,9958.555204,665.430432,393.526645,327.410758,31555.218593,1.274103,4102.688117,406217.310406,1.682369,6861605.46875,4.999891,0.01061,0.768896,,0,0,0,0,0.000874,0.01061,0.009023,-0.181762,-0.012861,0.003057,8843.047253,8842.882665,0.516964,0.011132,-0.003465,287.62626,126882.617188,693.062012,126883.367188,0,15.440327,-6353.823374,32.500205,326.851001,1,0.998718,0,0,0,64.165665,42.803734,GravityTurn,,,,,,,,,,,,,,,,,,,,,,,,,,,None,Continue,0,None,6712664.087229,,0,0,1,1,9950.002869,9950.002869,2.926252,11646354.492188,1.678357,596.18821,6.626858,0.141493,1.718386,5,0.003695,4.998089,,,,,,1,1,0,1,1,0.644664,0,0,0
63.579999,ASCENT,7,0,1,None,Holding,0,10043.825593,667.52665,395.679878,328.686771,31587.313436,1.28274,4159.702545,405621.393658,1.683383,6843108.398438,4.998225,0.010547,0.768254,,0,0,0,0,0.002134,0.010547,0.009123,-0.163079,0.002115,0.001646,8837.541687,8837.368592,0.522686,0.006129,-0.00019,287.341545,126765.007813,692.060852,126765.75,0,15.569031,-6353.72242,32.545887,327.018318,1,0.998718,0,0,0,64.083634,42.803955,GravityTurn,,,,,,,,,,,,,,,,,,,,,,,,,,,None,Continue,0,None,6709607.419465,,0,0,1,1,9955.610199,9955.610199,2.932556,11649965.820313,1.695037,598.304074,6.721325,0.142855,1.682346,5,0.018629,4.999376,,,,,,1,1,0,1,1,0.644814,0,0,0
63.839999,ASCENT,7,0,1,None,Holding,0,10129.427314,669.632857,397.841887,329.963157,31616.644634,1.291427,4217.227202,405025.660016,1.684466,6841625.488281,4.999495,0.01059,0.767667,,0,0,0,0,0.00158,0.01059,0.009131,-0.166931,0.020773,0.0009,8835.802091,8835.638762,0.523147,0.004665,0.014396,287.15084,126644.273438,691.059814,126645.015625,0,15.698256,-6353.620497,32.591811,327.185381,1,0.998718,0,0,0,64.001529,42.804179,GravityTurn,,,,,,,,,,,,,,,,,,,,,,,,,,,None,Continue,0,None,6706185.19153,,0,0,1,1,9961.119904,9961.119904,2.938865,11653547.851563,1.711742,600.416563,6.818456,0.143075,1.709675,5,0.024411,5.000658,,,,,,1,1,0,1,1,0.644948,0,0,0
64.079999,ASCENT,7,0,1,None,Holding,0,10215.361137,671.748655,400.011586,331.239111,31642.84858,1.300156,4275.266616,404430.231549,1.686002,6858529.785156,5.000538,0.010628,0.767143,,0,0,0,0,0.002352,0.010628,0.008999,-0.186087,-0.0006,-0.000067,8838.283795,8838.110235,0.515607,0.000532,-0.004196,287.13229,126522.804688,690.059021,126523.554688,0,15.827973,-6353.517599,32.637902,327.351932,1,0.998718,0,0,0,63.919392,42.804404,GravityTurn,,,,,,,,,,,,,,,,,,,,,,,,,,,None,Continue,0,None,6702590.748224,,0,0,1,1,9963.838593,9963.838593,2.942024,11655327.148438,1.728471,602.525666,6.916752,0.142588,1.724754,5,0.009203,5.000329,,,,,,1,1,0,1,1,0.64508,0,0,0
64.359999,ASCENT,7,0,1,None,Holding,0,10301.625815,673.875182,402.189691,332.514219,31666.624881,1.308944,4333.822556,403835.108258,1.688215,6836772.949219,4.998401,0.010546,0.766668,,0,0,0,0,0.001606,0.010546,0.008934,-0.18399,0.013661,0.00026,8838.951984,8838.791397,0.511862,0.000255,0.007529,287.006291,126401.5,689.059631,126402.25,0,15.958169,-6353.413626,32.684203,327.517871,1,0.998718,0,0,0,63.837197,42.804631,GravityTurn,,,,,,,,,,,,,,,,,,,,,,,,,,,None,Continue,0,None,6699171.977644,,0,0,1,1,9969.200836,9969.200836,2.948346,11658866.210938,1.745208,604.631375,7.015858,0.141515,1.715456,5,0.016464,4.996575,,,,,,1,1,0,1,1,0.645213,0,0,0
64.619999,ASCENT,7,0,1,None,Holding,0,10388.221756,676.010681,404.375612,333.789313,31687.466294,1.317779,4392.896969,403240.290143,1.690029,6851371.582031,4.997181,0.010495,0.766251,,0,0,0,0,0.00435,0.010495,0.008919,-0.179664,-0.000818,0.002838,8840.547689,8840.379695,0.511009,0.009188,0.007363,286.960595,126282.210938,688.057678,126282.953125,0,16.088871,-6353.308721,32.730694,327.683384,1,0.998718,0,0,0,63.754965,42.80486,GravityTurn,,,,,,,,,,,,,,,,,,,,,,,,,,,None,Continue,0,None,6696030.18555,,0,0,1,1,9974.463196,9974.463196,2.954686,11662373.046875,1.761962,606.733679,7.114922,0.141481,1.760959,5,0.0142,4.997978,,,,,,1,1,0,1,1,0.645323,0,0,0
64.879999,ASCENT,7,0,1,None,Holding,0,10475.150193,678.159428,406.574025,335.067763,31706.058955,1.326677,4452.494305,402645.380475,1.693196,6830313.964844,4.998353,0.010535,0.765879,,0,0,0,0,0.001823,0.010535,0.008917,-0.184127,0.017128,0.002212,8847.300494,8847.131512,0.510896,0.006077,0.008536,287.067189,126163.953125,687.061096,126164.703125,0,16.220197,-6353.202697,32.777436,327.848609,1,0.998718,0,0,0,63.672522,42.805092,GravityTurn,,,,,,,,,,,,,,,,,,,,,,,,,,,None,Continue,0,None,6693663.771128,,0,0,1,1,9977.056488,9977.056488,2.95787,11664117.1875,1.778763,608.832573,7.217195,0.141974,1.761744,5,0.016948,5.000574,,,,,,1,1,0,1,1,0.645493,0,0,0
65.139999,ASCENT,7,0,1,None,Holding,0,10562.410785,680.317007,408.779856,336.345475,31721.961113,1.335628,4512.617719,402050.745465,1.695367,6828555.175781,4.99966,0.010582,0.765561,,0,0,0,0,0.004168,0.010582,0.009099,-0.168508,-0.016165,0.000488,8848.425475,8848.255864,0.521341,0.001219,0.002008,286.99149,126041.023438,686.059326,126041.757813,0,16.352006,-6353.095711,32.824365,328.013323,1,0.998718,0,0,0,63.59006,42.805325,GravityTurn,,,,,,,,,,,,,,,,,,,,,,,,,,,None,Continue,0,None,6692098.617875,,0,0,1,1,9982.163727,9982.163727,2.964233,11667581.054688,1.795583,610.92805,7.316798,0.143705,1.763452,5,0.020904,4.999361,,,,,,1,1,0,1,1,0.645609,0,0,0
65.399999,ASCENT,7,0,1,None,Holding,0,10650.002878,682.487149,410.99643,337.624216,31735.091244,1.344633,4573.270234,401456.140973,1.697525,6845089.355469,4.997826,0.010512,0.765298,,0,0,0,0,0.002173,0.010512,0.009079,-0.162634,0.013861,-0.003663,8853.573854,8853.411703,0.520171,-0.010253,0.009266,287.017618,125921.835938,685.064941,125922.578125,0,16.484359,-6352.987559,32.871516,328.17765,1,0.998718,0,0,0,63.507455,42.805561,GravityTurn,,,,,,,,,,,,,,,,,,,,,,,,,,,None,Continue,0,None,6690513.785541,,0,0,1,1,9984.679626,9984.679626,2.967421,11669302.734375,1.812425,613.0201,7.419058,0.142869,1.74368,5,0.020674,4.997156,,,,,,1,1,0,1,1,0.645779,0,0,0
65.659999,ASCENT,7,0,1,None,Holding,0,10737.928066,684.668724,413.223928,338.905072,31745.565994,1.353694,4634.454283,400861.505963,1.700635,6855187.5,4.998085,0.010514,0.765089,,0,0,0,0,0.003202,0.010514,0.008889,-0.184063,-0.010793,0.000181,8861.425299,8861.269276,0.509308,-0.000423,0.001766,287.133898,125801.960938,684.05896,125802.710938,0,16.617296,-6352.878349,32.918916,328.341688,1,0.998718,0,0,0,63.424701,42.805798,GravityTurn,,,,,,,,,,,,,,,,,,,,,,,,,,,None,Continue,0,None,6689350.643583,,0,0,1,1,9989.936432,9989.936432,2.9742,11672933.59375,1.829294,615.108716,7.52268,0.14082,1.755445,5,0.006536,4.997813,,,,,,1,1,0,1,1,0.64592,0,0,0
65.919999,ASCENT,7,0,1,None,Holding,0,10826.187232,686.864117,415.463552,340.188845,31753.951772,1.362823,4696.17361,400266.840436,1.704173,6832144.53125,4.997976,0.0105,0.764921,,0,0,0,0,0.003012,0.0105,0.009013,-0.168141,0.012024,0.001678,8867.810112,8867.648639,0.516421,0.006073,0.004002,287.242986,125678.789063,683.064331,125679.53125,0,16.750847,-6352.767933,32.966466,328.505097,1,0.998718,0,0,0,63.341756,42.806038,GravityTurn,,,,,,,,,,,,,,,,,,,,,,,,,,,None,Continue,0,None,6689112.72051,,0,0,1,1,9994.773529,9994.773529,2.980611,11676320.3125,1.846195,617.193888,7.626476,0.142206,1.728141,5,0.02267,4.998894,,,,,,1,1,0,1,1,0.646056,0,0,0
66.179999,ASCENT,7,0,1,None,Holding,0,10914.779173,689.068835,417.71219,341.473145,31759.396474,1.372002,4758.431723,399672.296979,1.70637,6841582.519531,4.995355,0.010401,0.764812,,0,0,0,0,0.004675,0.010401,0.008993,-0.159113,-0.019242,0.001082,8871.655551,8871.491323,0.515234,0.004299,-0.0084,287.251274,125557.40625,682.065979,125558.15625,0,16.884929,-6352.656538,33.014274,328.668255,1,0.998718,0,0,0,63.258735,42.806279,GravityTurn,,,,,,,,,,,,,,,,,,,,,,,,,,,None,Continue,0,None,6689102.796058,,0,0,1,1,9997.151154,9997.151154,2.983819,11678001.953125,1.863124,619.275613,7.729164,0.142078,1.708598,5,0.007995,4.999364,,,,,,1,1,0,1,1,0.646213,0,0,0
66.419999,ASCENT,7,0,1,None,Holding,0,11003.705446,691.287639,419.974326,342.761395,31762.348829,1.381244,4821.230016,399077.600934,1.709994,6861314.941406,4.997829,0.010479,0.764753,,0,0,0,0,0.002316,0.010479,0.008932,-0.174398,0.013648,-0.000628,8881.171424,8881.01179,0.51177,-0.001708,0.011119,287.45423,125434.882813,681.067017,125435.617188,0,17.019663,-6352.543939,33.062323,328.831185,1,0.998718,0,0,0,63.175476,42.806523,GravityTurn,,,,,,,,,,,,,,,,,,,,,,,,,,,None,Continue,0,None,6689350.02846,,0,0,1,1,10001.830109,10001.830109,2.99024,11681341.796875,1.880089,621.353885,7.83499,0.141661,1.743815,5,0.004957,4.997913,,,,,,1,1,0,1,1,0.646387,0,0,0
66.699999,ASCENT,7,0,1,None,Holding,0,11092.967293,693.515996,422.244097,344.048883,31762.46297,1.390539,4884.573641,398483.087994,1.712201,6846986.816406,4.998795,0.01051,0.764751,,0,0,0,0,0.00143,0.01051,0.009186,-0.149042,0.024623,0.001397,8883.552603,8883.384814,0.526306,0.003386,0.013129,287.422486,125316.101563,680.063354,125316.851563,0,17.154886,-6352.430285,33.110488,328.993214,1,0.998718,0,0,0,63.092195,42.806769,GravityTurn,,,,,,,,,,,,,,,,,,,,,,,,,,,None,Continue,0,None,6689787.597954,,0,0,1,1,10004.12915,10004.12915,2.993467,11683000.976563,1.89708,623.428695,7.938003,0.144371,1.807465,5,0.00639,5.000691,,,,,,1,1,0,1,1,0.646556,0,0,0
66.959999,ASCENT,7,0,1,None,Holding,0,11182.563542,695.755814,424.523981,345.336403,31759.442444,1.399882,4948.465969,397888.605572,1.714579,6863770.019531,4.996836,0.010431,0.764811,,0,0,0,0,0.003248,0.010431,0.008949,-0.166543,0.019357,-0.001606,8888.379687,8888.218335,0.51275,-0.004937,0.010172,287.433079,125195.6875,679.064697,125196.4375,0,17.290624,-6352.31546,33.158909,329.155079,1,0.998718,0,0,0,63.008801,42.807017,GravityTurn,,,,,,,,,,,,,,,,,,,,,,,,,,,None,Continue,0,None,6689825.72521,,0,0,1,1,10008.925354,10008.925354,3.000322,11686500,1.914089,625.500035,8.042881,0.141888,1.833459,5,0.006734,4.995777,,,,,,1,1,0,1,1,0.646698,0,0,0
67.199998,ASCENT,7,0,1,None,Holding,0,11272.495407,698.007617,426.81489,346.626509,31753.650452,1.409281,5012.908864,397294.062115,1.717447,6860125.488281,4.997703,0.010453,0.764927,,0,0,0,0,0.002307,0.010453,0.008855,-0.179309,-0.031806,-0.00024,8894.73024,8894.572671,0.50736,-0.002669,-0.014834,287.525376,125070.617188,678.065186,125071.367188,0,17.426971,-6352.199509,33.207464,329.316368,1,0.998718,0,0,0,62.925263,42.807267,GravityTurn,,,,,,,,,,,,,,,,,,,,,,,,,,,None,Continue,0,None,6689945.644992,,0,0,1,1,10011.139648,10011.139648,3.003554,11688133.789063,1.931131,627.567899,8.149056,0.141613,1.844907,5,0.016839,4.997779,,,,,,1,1,0,1,1,0.646881,0,0,0
67.479998,ASCENT,7,0,1,None,Holding,0,11362.761812,700.270267,429.11491,347.916063,31744.948487,1.418734,5077.90646,396699.701764,1.720232,6848608.886719,4.999467,0.010507,0.765101,,0,0,0,0,0.000877,0.010507,0.008632,-0.210053,-0.001674,0.000416,8897.233896,8897.085392,0.494591,-0.000114,-0.00059,287.457749,124954.101563,677.066467,124954.851563,0,17.563813,-6352.082395,33.256207,329.477017,1,0.998718,0,0,0,62.841651,42.80752,GravityTurn,,,,,,,,,,,,,,,,,,,,,,,,,,,None,Continue,0,None,6690233.450696,,0,0,1,1,10015.757233,10015.757233,3.010436,11691581.054688,1.948196,629.632283,8.253892,0.139093,1.819422,5,-0.005332,4.99829,,,,,,1,1,0,1,1,0.647059,0,0,0
67.739998,ASCENT,7,0,1,None,Holding,0,11453.363408,702.544883,431.426983,349.208647,31733.24603,1.428238,5143.459228,396105.158307,1.722948,6849043.457031,5.000348,0.010528,0.765335,,0,0,0,0,0.00042,0.010528,0.008931,-0.178604,-0.037551,0.001774,8904.748725,8904.598334,0.511722,0.004988,-0.018391,287.608865,124828.5,676.066589,124829.242188,0,17.701281,-6351.964157,33.305198,329.637477,1,0.998718,0,0,0,62.757859,42.807774,GravityTurn,,,,,,,,,,,,,,,,,,,,,,,,,,,None,Continue,0,None,6690465.60245,,0,0,1,1,10020.250397,10020.250397,3.01733,11694992.1875,1.965293,631.693176,8.361346,0.142049,1.7754,5,0.020231,4.998371,,,,,,1,1,0,1,1,0.64719,0,0,0
67.999998,ASCENT,7,0,1,None,Holding,0,11544.302593,704.834062,433.75226,350.504489,31718.81837,1.437801,5209.575431,395510.431744,1.726861,6874712.402344,4.995739,0.010355,0.765624,,0,0,0,0,0.004561,0.010355,0.008821,-0.171237,-0.015261,0.002331,8915.523942,8915.369576,0.505409,0.004982,-0.010484,287.813249,124709.234375,675.07373,124709.984375,0,17.839386,-6351.844609,33.354351,329.797388,1,0.998718,0,0,0,62.673848,42.808031,GravityTurn,,,,,,,,,,,,,,,,,,,,,,,,,,,None,Continue,0,None,6691055.954454,,0,0,1,1,10022.065186,10022.065186,3.020183,11696385.742188,1.982429,633.750576,8.470505,0.140674,1.767496,5,0.000197,4.998942,,,,,,1,1,0,1,1,0.647411,0,0,0
68.259998,ASCENT,7,0,1,None,Holding,0,11635.577934,707.135872,436.088823,351.801875,31701.721751,1.447424,5276.254836,394915.537335,1.730183,6857625,4.995124,0.010311,0.765966,,0,0,0,0,0.005098,0.010311,0.008705,-0.178966,-0.000689,-0.004073,8922.373672,8922.224481,0.498756,-0.012982,0.002915,287.909441,124582.671875,674.070557,124583.414063,0,17.978067,-6351.723818,33.403675,329.956783,1,0.998718,0,0,0,62.589689,42.80829,GravityTurn,,,,,,,,,,,,,,,,,,,,,,,,,,,None,Continue,0,None,6692104.468285,,0,0,1,1,10026.379395,10026.379395,3.027107,11699747.070313,1.999579,635.804473,8.578701,0.139124,1.815625,5,0.013075,4.992928,,,,,,1,1,0,1,1,0.647613,0,0,0
68.499998,ASCENT,7,0,1,None,Holding,0,11727.190955,709.446216,438.433133,353.098699,31681.335626,1.457093,5343.501223,394320.826031,1.732358,6853675.78125,4.998998,0.010437,0.766373,,0,0,0,0,0.002207,0.010437,0.008827,-0.179278,0.007504,0.000366,8923.514358,8923.350512,0.505733,0.001819,0.000374,287.856153,124459.179688,673.069275,124459.929688,0,18.117247,-6351.601999,33.453157,330.115712,1,0.998718,0,0,0,62.505509,42.808551,GravityTurn,,,,,,,,,,,,,,,,,,,,,,,,,,,None,Continue,0,None,6693129.55729,,0,0,1,1,10028.369446,10028.369446,3.030374,11701317.382813,2.016765,637.854864,8.684643,0.141146,1.824469,5,0.002327,4.999404,,,,,,1,1,0,1,1,0.647821,0,0,0
68.779998,ASCENT,7,0,1,None,Holding,0,11819.141762,711.771507,440.79158,354.399622,31657.850346,1.466813,5411.319211,393725.779034,1.735751,6859230.957031,4.997433,0.010373,0.766843,,0,0,0,0,0.002634,0.010373,0.009031,-0.149121,-0.014617,-0.000132,8933.259537,8933.098432,0.51741,0.000779,-0.008274,288.046529,124338.171875,672.072327,124338.914063,0,18.257099,-6351.478846,33.502823,330.274008,1,0.998718,0,0,0,62.421081,42.808814,GravityTurn,,,,,,,,,,,,,,,,,,,,,,,,,,,None,Continue,0,None,6694008.517798,,0,0,1,1,10032.260132,10032.260132,3.036929,11704430.664063,2.033994,639.901744,8.795021,0.14314,1.781421,5,0.030346,4.999315,,,,,,1,1,0,1,1,0.648011,0,0,0
69.039998,ASCENT,7,0,1,None,Holding,0,11911.432072,714.110956,443.163933,355.704832,31631.821212,1.476597,5479.71115,393130.381085,1.739784,6875813.964844,4.998216,0.010392,0.767364,,0,0,0,0,0.002441,0.010392,0.00884,-0.172047,-0.000995,-0.002548,8943.49751,8943.339895,0.506501,-0.005575,-0.003385,288.226661,124212.804688,671.064148,124213.546875,0,18.397631,-6351.354414,33.552688,330.431977,1,0.998718,0,0,0,62.336415,42.80908,GravityTurn,,,,,,,,,,,,,,,,,,,,,,,,,,,None,Continue,0,None,6695548.716428,,0,0,1,1,10036.037415,10036.037415,3.043492,11707513.671875,2.051268,641.945111,8.906124,0.141432,1.733697,5,0.014281,4.998436,,,,,,1,1,0,1,1,0.648242,0,0,0
69.299998,ASCENT,7,0,1,None,Holding,0,12004.05999,716.463346,445.548292,357.011352,31602.505426,1.486427,5548.680309,392534.876324,1.742841,6880851.5625,4.997369,0.010354,0.76795,,0,0,0,0,0.003068,0.010354,0.008544,-0.200225,-0.016252,0.000629,8954.250762,8954.107175,0.489509,0.002799,-0.01129,288.426466,124090.945313,670.071228,124091.695313,0,18.538737,-6351.228674,33.602799,330.589681,1,0.998718,0,0,0,62.251582,42.809348,GravityTurn,,,,,,,,,,,,,,,,,,,,,,,,,,,None,Continue,0,None,6697312.027313,,0,0,1,1,10037.885193,10037.885193,3.046782,11709041.992188,2.068573,643.984955,9.017472,0.138256,1.733693,5,-0.005667,4.998075,,,,,,1,1,0,1,1,0.648487,0,0,0
69.539998,ASCENT,7,0,1,None,Holding,0,12097.030039,718.833066,447.949555,358.324548,31570.749089,1.496324,5618.229839,391938.730694,1.748169,6904389.648438,4.99851,0.010378,0.768585,,0,0,0,0,0.002803,0.010378,0.008828,-0.170954,0.003855,-0.000102,8970.198285,8970.044846,0.505787,0.001008,0.007309,288.835869,123968.640625,669.068726,123969.390625,0,18.680618,-6351.101492,33.653076,330.746962,1,0.998718,0,0,0,62.166408,42.809618,GravityTurn,,,,,,,,,,,,,,,,,,,,,,,,,,,None,Continue,0,None,6699893.163445,,0,0,1,1,10041.489655,10041.489655,3.053382,11712076.171875,2.08592,646.021272,9.131759,0.14016,1.910018,5,-0.000844,4.998707,,,,,,1,1,0,1,1,0.648659,0,0,0
69.799998,ASCENT,7,0,1,None,Holding,0,12190.341539,721.219252,450.367253,359.644223,31536.610704,1.506291,5688.366315,391342.00523,1.752992,6890166.992188,4.996036,0.010278,0.769268,,0,0,0,0,0.004001,0.010278,0.008955,-0.145526,0.006453,-0.001138,8985.029216,8984.879449,0.513102,-0.004414,0.003149,289.184289,123845.273438,668.063843,123846.015625,0,18.82327,-6350.972913,33.703539,330.903712,1,0.998718,0,0,0,62.080913,42.80989,GravityTurn,,,,,,,,,,,,,,,,,,,,,,,,,,,None,Continue,0,None,6704160.256185,,0,0,1,1,10044.759857,10044.759857,3.059599,11714891.601563,2.103325,648.054062,9.246061,0.141419,2.074345,5,0.029867,4.995045,,,,,,1,1,0,1,1,0.64891,0,0,0
70.079998,ASCENT,7,0,1,None,Holding,0,12283.995628,723.616273,452.795156,360.963645,31499.133549,1.516303,5759.092242,390745.279767,1.75649,6896882.324219,4.993962,0.010188,0.770017,,0,0,0,0,0.006098,0.010188,0.008833,-0.148795,-0.000029,0.001135,8992.958751,8992.81352,0.506094,0.004389,-0.000672,289.298636,123720.75,667.062195,123721.5,0,18.966447,-6350.843097,33.754266,331.060178,1,0.998718,0,0,0,61.99532,42.810165,GravityTurn,,,,,,,,,,,,,,,,,,,,,,,,,,,None,Continue,0,None,6709353.364829,,0,0,1,1,10046.675323,10046.675323,3.063324,11716567.382813,2.12075,650.083317,9.357067,0.139497,2.140289,5,0.025269,4.997993,,,,,,1,1,0,1,1,0.649134,0,0,0
70.339998,ASCENT,7,0,1,None,Holding,0,12377.994395,726.028615,455.237378,362.287196,31458.640757,1.526369,5830.409829,390148.111798,1.760326,6904491.699219,4.99559,0.010224,0.770827,,0,0,0,0,0.005054,0.010224,0.00865,-0.172361,-0.0003,0.002456,9003.788655,9003.651906,0.495623,0.00648,-0.003911,289.507475,123599.1875,666.056274,123599.929688,0,19.110311,-6350.711863,33.805122,331.216117,1,0.998718,0,0,0,61.909486,42.810442,GravityTurn,,,,,,,,,,,,,,,,,,,,,,,,,,,None,Continue,0,None,6714446.751402,,0,0,1,1,10049.783783,10049.783783,3.069568,11719336.914063,2.13821,652.109031,9.470903,0.137151,2.104,5,0.012363,4.996741,,,,,,1,1,0,1,1,0.649359,0,0,0
70.579998,ASCENT,7,0,1,None,Holding,0,12472.337284,728.454088,457.692797,363.613801,31415.035902,1.536487,5902.323323,389550.623395,1.764071,6892608.886719,4.994251,0.010151,0.771699,,0,0,0,0,0.005808,0.010151,0.008776,-0.150359,-0.037653,-0.002277,9013.630002,9013.488544,0.50281,-0.005478,-0.017084,289.712626,123473.273438,665.056274,123474.015625,0,19.254827,-6350.579325,33.856221,331.371877,1,0.998718,0,0,0,61.823451,42.810721,GravityTurn,,,,,,,,,,,,,,,,,,,,,,,,,,,None,Continue,0,None,6719893.257796,,0,0,1,1,10051.400177,10051.400177,3.072902,11720802.734375,2.155702,654.131201,9.584399,0.138294,2.163233,5,0.019569,4.996581,,,,,,1,1,0,1,1,0.649593,0,0,0
70.839998,ASCENT,7,0,1,None,Holding,0,12567.026195,730.893909,460.161788,364.944621,31368.232485,1.546654,5974.83636,388952.784039,1.768158,6929976.074219,4.998679,0.010288,0.772635,,0,0,0,0,0.001977,0.010288,0.008642,-0.179468,-0.007635,-0.00008,9025.331679,9025.178837,0.495177,-0.001072,-0.000109,289.99297,123349.578125,664.0495,123350.320313,0,19.40004,-6350.445428,33.907407,331.52682,1,0.998718,0,0,0,61.737205,42.811003,GravityTurn,,,,,,,,,,,,,,,,,,,,,,,,,,,None,Continue,0,None,6725208.037648,,0,0,1,1,10054.546387,10054.546387,3.079586,11723709.960938,2.173245,656.149824,9.698833,0.138176,2.05313,5,0.01456,4.997953,,,,,,1,1,0,1,1,0.649812,0,0,0
71.119998,ASCENT,7,0,1,None,Holding,0,12662.0593,733.343216,462.638805,366.274121,31318.294399,1.556872,6047.953108,388355.051495,1.770719,6910136.71875,4.996673,0.010204,0.773634,,0,0,0,0,0.003357,0.010204,0.008775,-0.155752,0.010486,0.00338,9026.781618,9026.646181,0.502754,0.010686,0.0056,289.885755,123227.054688,663.049438,123227.796875,0,19.545742,-6350.310318,33.958695,331.681003,1,0.998718,0,0,0,61.650943,42.811287,GravityTurn,,,,,,,,,,,,,,,,,,,,,,,,,,,None,Continue,0,None,6729711.634306,,0,0,1,1,10057.577881,10057.577881,3.086289,11726583.007813,2.190817,658.1649,9.809961,0.139388,1.963603,5,0.022272,4.995883,,,,,,1,1,0,1,1,0.650063,0,0,0
71.379998,ASCENT,7,0,1,None,Holding,0,12757.440901,735.812356,465.135792,367.611918,31265.561545,1.56715,6121.677105,387756.433941,1.775321,6923685.058594,4.996638,0.010192,0.774689,,0,0,0,0,0.003625,0.010192,0.008723,-0.159535,-0.032851,-0.000324,9045.210954,9045.067583,0.499801,-0.002233,-0.013314,290.357675,123101.671875,662.043335,123102.421875,0,19.692301,-6350.17357,34.010219,331.835002,1,0.998718,0,0,0,61.564249,42.811573,GravityTurn,,,,,,,,,,,,,,,,,,,,,,,,,,,None,Continue,0,None,6733807.832803,,0,0,1,1,10059.050018,10059.050018,3.089648,11728007.8125,2.208454,660.176422,9.928663,0.13924,1.946501,5,0.021632,4.998661,,,,,,1,1,0,1,1,0.650346,0,0,0
71.639998,ASCENT,7,0,1,None,Holding,0,12853.169653,738.295957,467.647058,368.953605,31210.558024,1.5775,6196.011598,387157.4044,1.780593,6927122.558594,4.997445,0.010206,0.775789,,0,0,0,0,0.002878,0.010206,0.008589,-0.175178,0.012319,0.001112,9058.337233,9058.193686,0.492132,0.004793,0.00494,290.661833,122973,661.031494,122973.742188,0,19.839553,-6350.035411,34.061936,331.988603,1,0.998718,0,0,0,61.477326,42.811862,GravityTurn,,,,,,,,,,,,,,,,,,,,,,,,,,,None,Continue,0,None,6739175.982108,,0,0,1,1,10061.904022,10061.904022,3.096387,11730833.007813,2.226129,662.184387,10.045434,0.137841,1.928757,5,0.005397,4.999627,,,,,,1,1,0,1,1,0.650615,0,0,0
71.899998,ASCENT,7,0,1,None,Holding,0,12949.247265,740.79442,470.172617,370.298436,31152.913131,1.587913,6270.961648,386557.947613,1.784843,6926793.457031,4.995453,0.010117,0.776942,,0,0,0,0,0.006653,0.010117,0.008559,-0.168473,-0.003883,0.001129,9068.602786,9068.469049,0.490385,0.002655,-0.011328,290.812108,122852.835938,660.025208,122853.59375,0,19.987472,-6349.895772,34.113859,332.141845,1,0.998718,0,0,0,61.390174,42.812153,GravityTurn,,,,,,,,,,,,,,,,,,,,,,,,,,,None,Continue,0,None,6745439.76742,,0,0,1,1,10064.637878,10064.637878,3.10315,11733625,2.24384,664.188793,10.161131,0.136402,2.141771,5,0.01813,4.994241,,,,,,1,1,0,1,1,0.650903,0,0,0
72.139998,ASCENT,7,0,1,None,Holding,0,13045.676634,743.311013,472.716918,371.650698,31092.581294,1.598389,6346.528915,385957.621075,1.789653,6934225.097656,4.996014,0.010112,0.778148,,0,0,0,0,0.00531,0.010112,0.008536,-0.169903,-0.031916,-0.002397,9086.827695,9086.690527,0.489073,-0.008828,-0.009823,291.270286,122719.601563,659.01709,122720.34375,0,20.136227,-6349.754558,34.166037,332.294964,1,0.998718,0,0,0,61.302643,42.812447,GravityTurn,,,,,,,,,,,,,,,,,,,,,,,,,,,None,Continue,0,None,6752159.696123,,0,0,1,1,10065.959106,10065.959106,3.106541,11735009.765625,2.261602,666.189634,10.280826,0.135606,2.183458,5,0.005318,4.99363,,,,,,1,1,0,1,1,0.651207,0,0,0
72.399998,ASCENT,7,0,1,None,Holding,0,13142.459374,745.845835,475.278702,373.009987,31029.968908,1.608939,6422.720655,385356.62315,1.795637,6965258.300781,4.994511,0.010036,0.779401,,0,0,0,0,0.006219,0.010036,0.008449,-0.170427,0.024684,-0.002104,9105.249301,9105.108462,0.484118,-0.007635,0.00751,291.746073,122595.453125,658.009094,122596.195313,0,20.285806,-6349.611733,34.218284,332.447246,1,0.998718,0,0,0,61.21478,42.812743,GravityTurn,,,,,,,,,,,,,,,,,,,,,,,,,,,None,Continue,0,None,6760534.902066,,0,0,1,1,10068.512085,10068.512085,3.113336,11737751.953125,2.27942,668.186911,10.400743,0.135217,2.036593,5,0.003923,4.995925,,,,,,1,1,0,1,1,0.651524,0,0,0
72.679998,ASCENT,7,0,1,None,Holding,0,13239.595578,748.392478,477.851782,374.370641,30964.512524,1.619547,6499.538894,384755.457379,1.799433,6954538.574219,4.996548,0.010087,0.78071,,0,0,0,0,0.003454,0.010087,0.008399,-0.180978,0.016849,0.001307,9113.022629,9112.883982,0.48124,0.003808,0.009003,291.857781,122472.40625,656.999207,122473.148438,0,20.435995,-6349.467561,34.270677,332.598924,1,0.998718,0,0,0,61.126798,42.813041,GravityTurn,,,,,,,,,,,,,,,,,,,,,,,,,,,None,Continue,0,None,6769164.410095,,0,0,1,1,10070.947845,10070.947845,3.12016,11740462.890625,2.297273,670.180622,10.516557,0.134682,2.008552,5,-0.002717,4.993299,,,,,,1,1,0,1,1,0.651849,0,0,0
72.939998,ASCENT,7,0,1,None,Holding,0,13337.084982,750.954535,480.440505,375.735742,30895.878534,1.630205,6576.987215,384153.681256,1.803491,6975636.71875,4.997533,0.010104,0.782082,,0,0,0,0,0.004807,0.010104,0.00855,-0.166225,0.014467,0.000018,9127.39587,9127.265385,0.489863,-0.000774,-0.000668,292.174385,122345.484375,655.987122,122346.226563,0,20.586915,-6349.321876,34.323311,332.750442,1,0.998718,0,0,0,61.038551,42.813342,GravityTurn,,,,,,,,,,,,,,,,,,,,,,,,,,,None,Continue,0,None,6775984.488076,,0,0,1,1,10072.120117,10072.120117,3.123581,11741805.664063,2.315178,672.170764,10.63567,0.135884,1.967167,5,0.003364,4.99462,,,,,,1,1,0,1,1,0.652183,0,0,0
73.199998,ASCENT,7,0,1,None,Holding,0,13434.930072,753.534139,483.046159,377.105934,30824.679753,1.640929,6655.070263,383551.233746,1.808788,6987000.976563,4.995414,0.010006,0.783506,,0,0,0,0,0.004945,0.010006,0.008479,-0.162936,-0.007343,0.000032,9143.800513,9143.674331,0.485801,-0.000383,-0.008405,292.545556,122219.195313,654.972229,122219.9375,0,20.738594,-6349.174524,34.376118,332.901525,1,0.998718,0,0,0,60.949998,42.813645,GravityTurn,,,,,,,,,,,,,,,,,,,,,,,,,,,None,Continue,0,None,6782653.521475,,0,0,1,1,10074.376465,10074.376465,3.130443,11744467.773438,2.333127,674.157334,10.75644,0.134974,2.242301,5,0.008683,4.995749,,,,,,1,1,0,1,1,0.652518,0,0,0
73.459998,ASCENT,7,0,1,None,Holding,0,13533.131571,756.12838,485.666421,378.480581,30750.762912,1.651715,6733.792358,382948.328473,1.813376,6978697.265625,4.995138,0.009971,0.784985,,0,0,0,0,0.006088,0.009971,0.00842,-0.165072,-0.004421,-0.000911,9156.115196,9155.98448,0.482431,-0.002374,-0.011472,292.799739,122089.976563,653.962769,122090.726563,0,20.891011,-6349.025697,34.429064,333.052081,1,0.998718,0,0,0,60.86122,42.813951,GravityTurn,,,,,,,,,,,,,,,,,,,,,,,,,,,None,Continue,0,None,6789823.935655,,0,0,1,1,10076.3815,10076.3815,3.136907,11746932.617188,2.351116,676.140331,10.875627,0.13415,2.23583,5,0.019488,4.994026,,,,,,1,1,0,1,1,0.652853,0,0,0
73.719998,ASCENT,7,0,1,None,Holding,0,13631.692998,758.743571,488.306777,379.863964,30674.395169,1.662571,6813.157204,382344.507672,1.819222,6981918.457031,4.997965,0.010052,0.786512,,0,0,0,0,0.004837,0.010052,0.008358,-0.179697,-0.001243,0.001353,9173.971144,9173.8509,0.478874,0.003376,0.007067,293.271472,121964.148438,652.945862,121964.898438,0,21.044338,-6348.875057,34.482059,333.201856,1,0.998718,0,0,0,60.772033,42.81426,GravityTurn,,,,,,,,,,,,,,,,,,,,,,,,,,,None,Continue,0,None,6798019.462338,,0,0,1,1,10077.403503,10077.403503,3.140361,11748234.375,2.36918,678.119755,10.997879,0.133517,2.308021,5,-0.000012,4.99526,,,,,,1,1,0,1,1,0.653188,0,0,0
73.959998,ASCENT,7,0,1,None,Holding,0,13730.614333,761.375198,490.964586,381.253221,30595.222932,1.673485,6893.169399,381739.93919,1.824577,7008478.027344,4.997115,0.010008,0.788096,,0,0,0,0,0.003192,0.010008,0.008622,-0.146608,0.027509,-0.000077,9193.196596,9193.061954,0.493999,-0.000723,0.016966,293.742142,121838.828125,651.930969,121839.578125,0,21.198469,-6348.722834,34.535348,333.351635,1,0.998718,0,0,0,60.682531,42.814571,GravityTurn,,,,,,,,,,,,,,,,,,,,,,,,,,,None,Continue,0,None,6807268.474614,,0,0,1,1,10079.361359,10079.361359,3.14729,11750817.382813,2.387305,680.095606,11.119999,0.136718,2.389117,5,0.034943,4.99628,,,,,,1,1,0,1,1,0.653522,0,0,0
74.219998,ASCENT,7,0,1,None,Holding,0,13829.896899,764.022181,493.636951,382.64555,30513.363569,1.684463,6973.832728,381134.836651,1.829731,7017247.558594,4.99493,0.009908,0.789733,,0,0,0,0,0.005114,0.009908,0.008247,-0.175213,0.01711,-0.003366,9205.488679,9205.362798,0.472545,-0.010005,0.007235,293.980779,121711.09375,650.914673,121711.84375,0,21.353297,-6348.568989,34.588776,333.500815,1,0.998718,0,0,0,60.592814,42.814884,GravityTurn,,,,,,,,,,,,,,,,,,,,,,,,,,,None,Continue,0,None,6816505.989338,,0,0,1,1,10080.294617,10080.294617,3.150765,11752095.703125,2.405459,682.067882,11.240365,0.130919,2.335763,5,0.009017,4.993641,,,,,,1,1,0,1,1,0.653779,0,0,0
74.499998,ASCENT,7,0,1,None,Holding,0,13929.541181,766.684463,496.324601,384.042187,30428.290563,1.695488,7055.150489,380529.154278,1.833978,7013698.242188,4.994024,0.009847,0.791434,,0,0,0,0,0.005991,0.009847,0.008175,-0.175975,0.008857,0.000772,9219.775695,9219.65367,0.468388,0.002893,0.004389,294.312659,121581.78125,649.889893,121582.53125,0,21.508872,-6348.413566,34.64237,333.649473,1,0.998718,0,0,0,60.502858,42.8152,GravityTurn,,,,,,,,,,,,,,,,,,,,,,,,,,,None,Continue,0,None,6824514.893401,,0,0,1,1,10082.178314,10082.178314,3.158169,11754784.179688,2.42365,684.036578,11.361491,0.129884,2.238538,5,-0.004057,4.99423,,,,,,1,1,0,1,1,0.654078,0,0,0
74.759998,ASCENT,7,0,1,None,Holding,0,14029.551248,769.366171,499.032273,385.447336,30340.558817,1.706576,7137.129323,379922.556378,1.840281,7041530.761719,4.994453,0.009833,0.793189,,0,0,0,0,0.006694,0.009833,0.00864,-0.125055,0.021857,0.001969,9241.48113,9241.355723,0.495056,0.00707,0.002408,294.862095,121452.226563,648.876892,121452.96875,0,21.665367,-6348.256391,34.69615,333.797837,1,0.998718,0,0,0,60.412509,42.815519,GravityTurn,,,,,,,,,,,,,,,,,,,,,,,,,,,None,Continue,0,None,6832378.25622,,0,0,1,1,10083.825012,10083.825012,3.165168,11757283.203125,2.441904,686.001696,11.486538,0.134139,2.185935,5,0.025199,4.991138,,,,,,1,1,0,1,1,0.654351,0,0,0
75.019998,ASCENT,7,0,1,None,Holding,0,14129.929085,772.066892,501.758147,386.858961,30250.483782,1.717736,7219.772211,379315.180279,1.846411,7048078.613281,4.995623,0.009849,0.79499,,0,0,0,0,0.005449,0.009849,0.008366,-0.155095,-0.008168,0.003612,9258.361464,9258.243436,0.479356,0.011493,-0.000061,295.264131,121325.976563,647.851501,121326.71875,0,21.822707,-6348.097406,34.750006,333.945525,1,0.998718,0,0,0,60.321831,42.81584,GravityTurn,,,,,,,,,,,,,,,,,,,,,,,,,,,None,Continue,0,None,6842190.329072,,0,0,1,1,10084.602417,10084.602417,3.168679,11758519.53125,2.460223,687.963239,11.610148,0.131605,2.183108,5,0.012739,4.993786,,,,,,1,1,0,1,1,0.654668,0,0,0
75.259998,ASCENT,7,0,1,None,Holding,0,14230.672463,774.785251,504.501804,388.276584,30157.297646,1.728947,7303.082419,378707.010724,1.851469,7066488.769531,4.995629,0.009829,0.796854,,0,0,0,0,0.004441,0.009829,0.008497,-0.138803,0.028947,-0.001857,9276.935521,9276.808854,0.486854,-0.006243,0.012555,295.720877,121197.453125,646.833374,121198.203125,0,21.980875,-6347.936685,34.804043,334.092914,1,0.998718,0,0,0,60.23084,42.816163,GravityTurn,,,,,,,,,,,,,,,,,,,,,,,,,,,None,Continue,0,None,6852352.624392,,0,0,1,1,10086.06662,10086.06662,3.175714,11760966.796875,2.478601,689.921204,11.733853,0.132555,2.195829,5,0.015986,4.996476,,,,,,1,1,0,1,1,0.654972,0,0,0
75.539998,ASCENT,7,0,1,None,Holding,0,14331.784454,777.522722,507.265204,389.701677,30061.534533,1.740223,7387.065601,378097.910382,1.858117,7085589.355469,4.991948,0.009672,0.798769,,0,0,0,0,0.008128,0.009672,0.008462,-0.125679,-0.007493,0.000793,9297.823618,9297.700536,0.484855,0.002639,-0.008207,296.22812,121066.3125,645.813171,121067.054688,0,22.139936,-6347.774159,34.85831,334.239889,1,0.998718,0,0,0,60.139474,42.81649,GravityTurn,,,,,,,,,,,,,,,,,,,,,,,,,,,None,Continue,0,None,6862943.651154,,0,0,1,1,10087.326263,10087.326263,3.182354,11763234.375,2.497033,691.875591,11.85925,0.132025,2.190962,5,0.015218,4.99353,,,,,,1,1,0,1,1,0.655331,0,0,0
75.779998,ASCENT,7,0,1,None,Holding,0,14433.269398,780.277778,510.04578,391.132891,29963.001765,1.751558,7471.725154,377488.077618,1.863635,7086786.132813,4.994839,0.009748,0.80074,,0,0,0,0,0.005173,0.009748,0.008438,-0.135703,-0.004029,-0.003636,9314.76881,9314.647855,0.483476,-0.012392,-0.003516,296.63741,120935.890625,644.790405,120936.640625,0,22.299842,-6347.609881,34.912645,334.386347,1,0.998718,0,0,0,60.047822,42.816819,GravityTurn,,,,,,,,,,,,,,,,,,,,,,,,,,,None,Continue,0,None,6874112.55973,,0,0,1,1,10087.955566,10087.955566,3.185901,11764431.640625,2.51552,693.826401,11.983097,0.131752,2.165638,5,0.012953,4.992621,,,,,,1,1,0,1,1,0.655681,0,0,0
76.059998,ASCENT,7,0,1,None,Holding,0,14535.127368,783.05281,512.846551,392.571362,29861.738822,1.762952,7557.06736,376877.268292,1.869719,7101567.382813,4.995487,0.009744,0.802765,,0,0,0,0,0.006447,0.009744,0.008357,-0.143231,-0.000552,-0.002385,9333.967564,9333.852147,0.478837,-0.005452,-0.011789,297.088285,120806.8125,643.759644,120807.5625,0,22.460644,-6347.443692,34.967193,334.532351,1,0.998718,0,0,0,59.955787,42.817151,GravityTurn,,,,,,,,,,,,,,,,,,,,,,,,,,,None,Continue,0,None,6885182.676835,,0,0,1,1,10089.118011,10089.118011,3.193021,11766802.734375,2.534068,695.773635,12.108762,0.130022,2.135565,5,0.004426,4.992224,,,,,,1,1,0,1,1,0.656043,0,0,0
76.319998,ASCENT,7,0,1,None,Holding,0,14637.360075,785.84757,515.667868,394.019389,29757.799323,1.774406,7643.096106,376265.451886,1.876459,7101330.078125,4.997016,0.00978,0.804844,,0,0,0,0,0.002999,0.00978,0.008439,-0.138052,-0.003843,-0.00161,9355.963672,9355.833546,0.48353,-0.00374,-0.003791,297.702094,120670.34375,642.733643,120671.09375,0,22.62244,-6347.275692,35.021871,334.677931,1,0.998718,0,0,0,59.86336,42.817485,GravityTurn,,,,,,,,,,,,,,,,,,,,,,,,,,,None,Continue,0,None,6897144.54769,,0,0,1,1,10089.654999,10089.654999,3.196593,11767975.585938,2.552698,697.717294,12.235244,0.132837,2.108063,5,0.023236,4.996816,,,,,,1,1,0,1,1,0.6564,0,0,0
76.579998,ASCENT,7,0,1,None,Holding,0,14739.970946,788.662775,518.508973,395.473353,29651.139938,1.785918,7729.817281,375652.735211,1.882863,7133306.152344,4.993823,0.009645,0.806977,,0,0,0,0,0.006777,0.009645,0.008276,-0.140373,-0.027187,0.002594,9377.254562,9377.150485,0.47419,0.012691,-0.011855,298.165939,120543.085938,641.691162,120543.828125,0,22.785089,-6347.10566,35.076724,334.823129,1,0.998718,0,0,0,59.770571,42.817822,GravityTurn,,,,,,,,,,,,,,,,,,,,,,,,,,,None,Continue,0,None,6909576.178329,,0,0,1,1,10090.632355,10090.632355,3.20376,11770297.851563,2.57138,699.657384,12.361587,0.129254,2.16038,5,0.012653,4.996568,,,,,,1,1,0,1,1,0.656817,0,0,0
76.839998,ASCENT,7,0,1,None,Holding,0,14842.958868,791.494915,521.367434,396.934035,29541.723903,1.797486,7817.23256,375039.225079,1.888627,7138718.261719,4.994232,0.00963,0.809166,,0,0,0,0,0.005967,0.00963,0.008345,-0.131419,0.008711,-0.001967,9393.777995,9393.668476,0.478153,-0.010482,-0.000111,298.56979,120413.0625,640.66748,120413.804688,0,22.948628,-6346.9339,35.131679,334.967752,1,0.998718,0,0,0,59.677502,42.818162,GravityTurn,,,,,,,,,,,,,,,,,,,,,,,,,,,None,Continue,0,None,6921585.512586,,0,0,1,1,10091.487457,10091.487457,3.210961,11772587.890625,2.590107,701.593898,12.486451,0.129399,2.243335,5,0.005567,4.992105,,,,,,1,1,0,1,1,0.657266,0,0,0
77.079998,ASCENT,7,0,1,None,Holding,0,14946.329536,794.347694,524.247236,398.403067,29429.468301,1.809105,7905.349816,374424.601056,1.895046,7153559.570313,4.993882,0.009589,0.811411,,0,0,0,0,0.006343,0.009589,0.008113,-0.150499,0.004763,-0.004242,9415.637767,9415.512962,0.46485,-0.012407,0.004037,299.143258,120283.367188,639.637268,120284.117188,0,23.113131,-6346.760162,35.18686,335.112217,1,0.998718,0,0,0,59.584026,42.818504,GravityTurn,,,,,,,,,,,,,,,,,,,,,,,,,,,None,Continue,0,None,6933206.218329,,0,0,1,1,10091.867493,10091.867493,3.214574,11773719.726563,2.608905,703.526841,12.613736,0.126953,2.246546,5,-0.010995,4.991752,,,,,,1,1,0,1,1,0.657696,0,0,0
77.359998,ASCENT,7,0,1,None,Holding,0,15050.083463,797.222506,527.149337,399.882332,29314.663162,1.820784,7994.171041,373808.756329,1.902248,7170408.203125,4.994265,0.009582,0.813707,,0,0,0,0,0.005886,0.009582,0.008247,-0.135519,-0.03023,-0.004148,9439.835448,9439.718931,0.472542,-0.013296,-0.021686,299.758015,120150.609375,638.607666,120151.359375,0,23.27868,-6346.584396,35.242135,335.25593,1,0.998718,0,0,0,59.490116,42.81885,GravityTurn,,,,,,,,,,,,,,,,,,,,,,,,,,,None,Continue,0,None,6945820.39394,,0,0,1,1,10092.534485,10092.534485,3.221827,11775960.9375,2.627784,705.456218,12.742318,0.128729,2.294926,5,0.013204,4.998004,,,,,,1,1,0,1,1,0.658155,0,0,0
77.619998,ASCENT,7,0,1,None,Holding,0,15154.222983,800.116072,530.069706,401.366365,29195.994605,1.832481,8083.702163,373192.163922,1.908881,7173643.066406,4.995499,0.009604,0.81608,,0,0,0,0,0.004678,0.009604,0.008207,-0.141524,0.010088,-0.000837,9458.330461,9458.226281,0.470199,-0.002007,0.006226,300.163539,120014.28125,637.560303,120015.023438,0,23.445058,-6346.406629,35.297576,335.399332,1,0.998718,0,0,0,59.395906,42.819198,GravityTurn,,,,,,,,,,,,,,,,,,,,,,,,,,,None,Continue,0,None,6959115.048928,,0,0,1,1,10093.078552,10093.078552,3.229113,11778168.945313,2.646719,707.38203,12.868141,0.127024,2.37202,5,0.014535,4.994035,,,,,,1,1,0,1,1,0.658628,0,0,0
77.879998,ASCENT,7,0,1,None,Holding,0,15258.74799,803.030665,533.010892,402.85886,29072.772959,1.84417,8173.948173,372574.518658,1.914808,7196847.65625,4.993859,0.00952,0.818545,,0,0,0,0,0.008126,0.00952,0.008192,-0.134092,-0.025049,0.001176,9479.292997,9479.191133,0.469345,0.004364,-0.004886,300.669829,119881.742188,636.526184,119882.484375,0,23.61242,-6346.226813,35.353088,335.5421,1,0.998718,0,0,0,59.301316,42.819548,GravityTurn,,,,,,,,,,,,,,,,,,,,,,,,,,,None,Continue,0,None,6971446.197882,,0,0,1,1,10093.303864,10093.303864,3.232761,11779262.695313,2.665712,709.304276,12.995661,0.125612,2.484207,5,-0.001879,4.994439,,,,,,1,1,0,1,1,0.659124,0,0,0
78.139998,ASCENT,7,0,1,None,Holding,0,15363.662828,805.967499,535.974781,404.361422,28945.310535,1.855859,8264.912463,371955.637433,1.922108,7185167.96875,4.992039,0.009426,0.821094,,0,0,0,0,0.008886,0.009426,0.008202,-0.123092,0.020642,-0.001864,9502.937168,9502.842119,0.469921,-0.005261,0.019392,301.300393,119753.898438,635.493286,119754.648438,0,23.780841,-6346.044896,35.408729,335.68439,1,0.998718,0,0,0,59.20629,42.819902,GravityTurn,,,,,,,,,,,,,,,,,,,,,,,,,,,None,Continue,0,None,6984482.239127,,0,0,1,1,10093.656189,10093.656189,3.240101,11781423.828125,2.684773,711.222959,13.12453,0.126194,2.483101,5,0.017003,4.995847,,,,,,1,1,0,1,1,0.659586,0,0,0
78.379998,ASCENT,7,0,1,None,Holding,0,15468.969653,808.925597,538.961104,405.872898,28813.631613,1.867545,8356.600841,371335.596539,1.929702,7201753.417969,4.995059,0.009502,0.823727,,0,0,0,0,0.006932,0.009502,0.008175,-0.132977,-0.041238,-0.004591,9527.479876,9527.384541,0.468392,-0.011552,-0.013242,301.901313,119618.148438,634.449768,119618.898438,0,23.950282,-6345.860897,35.464637,335.826637,1,0.998718,0,0,0,59.11084,42.820258,GravityTurn,,,,,,,,,,,,,,,,,,,,,,,,,,,None,Continue,0,None,6998960.0941,,0,0,1,1,10093.784973,10093.784973,3.243785,11782492.1875,2.703905,713.138082,13.25328,0.124808,2.317366,5,0.01924,4.994491,,,,,,1,1,0,1,1,0.660156,0,0,0
78.639998,ASCENT,7,0,1,None,Holding,0,15574.671164,811.902284,541.965385,407.390315,28677.512743,1.879217,8449.021805,370714.716412,1.935819,7214268.066406,4.99413,0.009437,0.82645,,0,0,0,0,0.006841,0.009437,0.008064,-0.137087,0.016154,0.002773,9545.495308,9545.394201,0.462042,0.008402,0.017752,302.330553,119483.734375,633.405334,119484.484375,0,24.120623,-6345.674898,35.520573,335.96807,1,0.998718,0,0,0,59.015114,42.820618,GravityTurn,,,,,,,,,,,,,,,,,,,,,,,,,,,None,Continue,0,None,7012879.85545,,0,0,1,1,10093.94989,10093.94989,3.251188,11784603.515625,2.723086,715.049648,13.37946,0.123656,2.253126,5,0.018402,4.993616,,,,,,1,1,0,1,1,0.660667,0,0,0
78.919998,ASCENT,7,0,1,None,Holding,0,15680.769423,814.904791,544.99778,408.921817,28537.200486,1.890879,8542.175347,370092.157818,1.944253,7244409.179688,4.994204,0.009408,0.829256,,0,0,0,0,0.006473,0.009408,0.008277,-0.112393,0.016304,0.000296,9579.263031,9579.15866,0.47425,0.001333,0.004876,303.249375,119349.421875,632.362549,119350.171875,0,24.292214,-6345.486621,35.576836,336.10945,1,0.998718,0,0,0,58.91879,42.82098,GravityTurn,,,,,,,,,,,,,,,,,,,,,,,,,,,None,Continue,0,None,7026584.052546,,0,0,1,1,10093.985046,10093.985046,3.259088,11786812.5,2.742365,716.957659,13.512388,0.12607,2.220275,5,0.029309,4.992437,,,,,,1,1,0,1,1,0.66125,0,0,0
79.179998,ASCENT,7,0,1,None,Holding,0,15787.267017,817.928309,548.051039,410.461062,28393.296248,1.902548,8636.070746,369468.592145,1.952608,7252066.40625,4.99301,0.009337,0.832134,,0,0,0,0,0.007144,0.009337,0.008225,-0.110201,0.000491,0.00053,9600.399149,9600.297678,0.471263,0.004446,-0.002169,303.736052,119214.320313,631.309387,119215.070313,0,24.464797,-6345.296183,35.633198,336.250369,1,0.998718,0,0,0,58.822104,42.821345,GravityTurn,,,,,,,,,,,,,,,,,,,,,,,,,,,None,Continue,0,None,7043658.430608,,0,0,1,1,10093.94577,10093.94577,3.26328,11787967.773438,2.761712,718.862124,13.640253,0.125217,2.304343,5,0.032988,4.994548,,,,,,1,1,0,1,1,0.661883,0,0,0
79.439998,ASCENT,7,0,1,None,Holding,0,15894.16511,820.974445,551.127172,412.010248,28244.941141,1.914191,8730.710732,368843.698956,1.95937,7264688.476563,4.991512,0.009254,0.835101,,0,0,0,0,0.008503,0.009254,0.007873,-0.136316,-0.037671,-0.001401,9626.4407,9626.345436,0.451069,-0.006812,-0.020698,304.40897,119072.765625,630.257202,119073.515625,0,24.63847,-6345.103527,35.689655,336.39074,1,0.998718,0,0,0,58.724996,42.821713,GravityTurn,,,,,,,,,,,,,,,,,,,,,,,,,,,None,Continue,0,None,7059829.307937,,0,0,1,1,10093.761688,10093.761688,3.271256,11790122.070313,2.78113,720.763042,13.769129,0.120187,2.26968,5,-0.019282,4.99384,,,,,,1,1,0,1,1,0.662563,0,0,0
79.699998,ASCENT,7,0,1,None,Holding,0,16001.468284,824.043743,554.22637,413.568417,28092.763397,1.925826,8826.100633,368217.615582,1.967373,7296338.867188,4.992499,0.009253,0.838145,,0,0,0,0,0.007719,0.009253,0.008059,-0.117437,0.032309,0.000965,9650.883057,9650.798903,0.461762,0.005838,0.01502,305.014923,118939.289063,629.210693,118940.046875,0,24.813202,-6344.908547,35.746232,336.530632,1,0.998718,0,0,0,58.627464,42.822084,GravityTurn,,,,,,,,,,,,,,,,,,,,,,,,,,,None,Continue,0,None,7075306.516549,,0,0,1,1,10093.606659,10093.606659,3.275492,11791248.046875,2.800614,722.660418,13.89818,0.121794,2.22422,5,0.026755,4.992085,,,,,,1,1,0,1,1,0.663274,0,0,0
79.939998,ASCENT,7,0,1,None,Holding,0,16109.179632,827.137708,557.351452,415.139199,27936.838477,1.93745,8922.246337,367589.960553,1.975503,7300514.160156,4.995463,0.009331,0.841263,,0,0,0,0,0.004561,0.009331,0.008129,-0.117755,0.027631,0.00303,9678.817695,9678.732284,0.465769,0.012023,0.01499,305.748489,118805.78125,628.154053,118806.523438,0,24.989155,-6344.711253,35.802979,336.67025,1,0.998718,0,0,0,58.529424,42.822458,GravityTurn,,,,,,,,,,,,,,,,,,,,,,,,,,,None,Continue,0,None,7092157.047014,,0,0,1,1,10093.226593,10093.226593,3.283058,11793223.632813,2.820197,724.554257,14.028363,0.12229,2.503889,5,0.028512,4.994907,,,,,,1,1,0,1,1,0.663855,0,0,0
80.199998,ASCENT,7,0,1,None,Holding,0,16217.300239,830.258596,560.503937,416.722704,27777.287244,1.949062,9019.156268,366960.733868,1.984571,7327777.832031,4.995229,0.009294,0.844454,,0,0,0,0,0.005041,0.009294,0.007836,-0.142165,0.044759,-0.002387,9711.613121,9711.525087,0.448986,-0.00605,0.02295,306.625077,118666.953125,627.095703,118667.703125,0,25.166346,-6344.511437,35.859872,336.809374,1,0.998718,0,0,0,58.430832,42.822835,GravityTurn,,,,,,,,,,,,,,,,,,,,,,,,,,,None,Continue,0,None,7110200.69947,,0,0,1,1,10092.956207,10092.956207,3.287325,11794322.265625,2.839866,726.444565,14.160599,0.117016,2.918677,5,-0.017077,4.990079,,,,,,1,1,0,1,1,0.664505,0,0,0
80.479998,ASCENT,7,0,1,None,Holding,0,16325.834079,833.405288,563.683036,418.318533,27614.36354,1.960666,9116.830989,366329.92027,1.994061,7359270.019531,4.992178,0.009161,0.847713,,0,0,0,0,0.007839,0.009161,0.007729,-0.138917,0.030218,-0.001409,9744.51973,9744.435244,0.442859,-0.005595,0.019146,307.495522,118528.945313,626.038269,118529.695313,0,25.344766,-6344.309158,35.91693,336.948055,1,0.998718,0,0,0,58.331719,42.823214,GravityTurn,,,,,,,,,,,,,,,,,,,,,,,,,,,None,Continue,0,None,7130484.499948,,0,0,1,1,10092.32901,10092.32901,3.295439,11796368.164063,2.859626,728.331345,14.292251,0.115816,2.733351,5,-0.013668,4.992192,,,,,,1,1,0,1,1,0.665217,0,0,0
80.739998,ASCENT,7,0,1,None,Holding,0,16434.783804,836.571928,566.882886,419.922111,27447.957635,1.972254,9215.279508,365698.053814,2.001781,7352554.199219,4.997183,0.009306,0.851041,,0,0,0,0,0.006513,0.009306,0.007969,-0.129357,0.031238,-0.000389,9764.076496,9763.985542,0.456616,-0.00028,0.00626,307.975991,118392.414063,624.980713,118393.164063,0,25.524224,-6344.104703,35.974156,337.086465,1,0.998718,0,0,0,58.232271,42.823597,GravityTurn,,,,,,,,,,,,,,,,,,,,,,,,,,,None,Continue,0,None,7150748.533773,,0,0,1,1,10091.984802,10091.984802,3.299275,11797318.359375,2.879444,730.214603,14.418292,0.119689,2.535723,5,0.014438,4.996209,,,,,,1,1,0,1,1,0.666014,0,0,0
80.979998,ASCENT,7,0,1,None,Holding,0,16544.151981,839.767672,570.112747,421.539833,27277.90647,1.983816,9314.507349,365064.371563,2.01032,7381008.789063,4.988956,0.008978,0.854442,,0,0,0,0,0.011148,0.008978,0.007563,-0.136347,-0.029663,-0.002256,9797.03047,9796.951316,0.433308,-0.00466,-0.015417,308.80375,118254.460938,623.905334,118255.210938,0,25.705009,-6343.897541,36.031595,337.224719,1,0.998718,0,0,0,58.132205,42.823983,GravityTurn,,,,,,,,,,,,,,,,,,,,,,,,,,,None,Continue,0,None,7168688.674668,,0,0,1,1,10091.144379,10091.144379,3.307461,11799311.523438,2.899347,732.094346,14.54981,0.113148,2.595853,5,0.004541,4.990436,,,,,,1,1,0,1,1,0.666672,0,0,0
81.259998,ASCENT,7,0,1,None,Holding,0,16653.94222,842.985536,573.364763,423.166256,27104.586326,1.995359,9414.519343,364429.514386,2.018825,7391022.460938,4.992013,0.009049,0.857908,,0,0,0,0,0.00819,0.009049,0.008018,-0.098879,-0.026547,-0.006936,9824.192227,9824.11482,0.459422,-0.023327,-0.020621,309.486145,118118.132813,622.843933,118118.882813,0,25.886892,-6343.688018,36.089108,337.362232,1,0.998718,0,0,0,58.031769,42.824372,GravityTurn,,,,,,,,,,,,,,,,,,,,,,,,,,,None,Continue,0,None,7186037.950366,,0,0,1,1,10090.642456,10090.642456,3.311815,11800352.539063,2.919322,733.970575,14.67822,0.118291,2.487089,5,0.041167,4.993092,,,,,,1,1,0,1,1,0.667558,0,0,0
81.519998,ASCENT,7,0,1,None,Holding,0,16764.158186,846.23327,576.647621,424.808697,26928.665901,2.006906,9515.32097,363792.719342,2.028865,7427453.613281,4.993873,0.009069,0.861427,,0,0,0,0,0.006396,0.009069,0.00782,-0.119268,-0.037901,-0.002304,9859.923767,9859.850484,0.448034,-0.00658,-0.020254,310.474163,117974.054688,621.775024,117974.8125,0,26.070204,-6343.475761,36.146752,337.499398,1,0.998718,0,0,0,57.9307,42.824764,GravityTurn,,,,,,,,,,,,,,,,,,,,,,,,,,,None,Continue,0,None,7204787.304313,,0,0,1,1,10089.507874,10089.507874,3.320569,11802403.320313,2.939385,735.843296,14.810554,0.115079,2.566062,5,0.010277,4.989906,,,,,,1,1,0,1,1,0.668353,0,0,0
81.779998,ASCENT,7,0,1,None,Holding,0,16874.803224,849.507522,579.958187,426.46475,26750.256923,2.018456,9616.9203,363154.337384,2.038784,7445424.804688,4.994017,0.009042,0.864995,,0,0,0,0,0.006553,0.009042,0.007667,-0.130714,-0.045903,0.00098,9893.23209,9893.148779,0.439272,0.007243,-0.023723,311.350878,117835.921875,620.703308,117836.671875,0,26.25485,-6343.260934,36.20455,337.63619,1,0.998718,0,0,0,57.829099,42.825159,GravityTurn,,,,,,,,,,,,,,,,,,,,,,,,,,,None,Continue,0,None,7226708.338239,,0,0,1,1,10088.951111,10088.951111,3.324488,11803302.734375,2.959562,737.71252,14.941318,0.113532,2.676778,5,-0.002739,4.991953,,,,,,1,1,0,1,1,0.669224,0,0,0
82.019998,ASCENT,7,0,1,None,Holding,0,16985.880637,852.81015,583.297071,428.133228,26569.546345,2.030012,9719.320239,362514.200665,2.0486,7472184.570313,4.994394,0.009021,0.868609,,0,0,0,0,0.00684,0.009021,0.007757,-0.119616,-0.00295,0.001153,9924.374222,9924.288937,0.444451,0.006065,0.00551,312.170735,117696.195313,619.628662,117696.953125,0,26.440789,-6343.043301,36.262452,337.772577,1,0.998718,0,0,0,57.726953,42.825558,GravityTurn,,,,,,,,,,,,,,,,,,,,,,,,,,,None,Continue,0,None,7250361.566492,,0,0,1,1,10087.655884,10087.655884,3.332832,11805189.453125,2.979829,739.578252,15.070638,0.115718,2.570918,5,0.022861,4.999383,,,,,,1,1,0,1,1,0.67002,0,0,0
82.299998,ASCENT,7,0,1,None,Holding,0,17097.391765,856.136676,586.661286,429.813239,26386.124861,2.041554,9822.531392,361872.644879,2.056907,7474126.464844,4.986419,0.008699,0.872278,,0,0,0,0,0.013756,0.008699,0.00778,-0.086581,0.022596,-0.001759,9954.377759,9954.308874,0.445774,-0.003052,0.017905,312.907563,117551.539063,618.550049,117552.296875,0,26.627991,-6342.823194,36.320544,337.908512,1,0.998718,0,0,0,57.624358,42.825959,GravityTurn,,,,,,,,,,,,,,,,,,,,,,,,,,,None,Continue,0,None,7271000.159411,,0,0,1,1,10086.997406,10086.997406,3.336789,11806062.5,3.000164,741.4405,15.198868,0.112612,2.511212,5,-0.000513,4.989058,,,,,,1,1,0,1,1,0.670972,0,0,0
82.539998,ASCENT,7,0,1,None,Holding,0,17209.341931,859.491392,590.05449,431.506256,26200.585885,2.053102,9926.556459,361229.380108,2.066828,7488618.164063,4.991483,0.008832,0.875988,,0,0,0,0,0.00852,0.008832,0.007311,-0.142634,-0.009397,0.001082,9987.299869,9987.224746,0.418895,0.006386,-0.007136,313.794887,117404.65625,617.47052,117405.414063,0,26.816533,-6342.600278,36.378824,338.044329,1,0.998718,0,0,0,57.521208,42.826364,GravityTurn,,,,,,,,,,,,,,,,,,,,,,,,,,,None,Continue,0,None,7290764.637196,,0,0,1,1,10085.580322,10085.580322,3.344714,11807790.039063,3.020586,743.299264,15.328333,0.107841,2.448214,5,-0.010495,4.995945,,,,,,1,1,0,1,1,0.671861,0,0,0
82.819998,ASCENT,7,0,1,None,Holding,0,17321.736314,862.876455,593.478626,433.214275,26013.012216,2.064654,10031.400848,360584.253766,2.077226,7539621.09375,4.989712,0.008724,0.87974,,0,0,0,0,0.010552,0.008724,0.007351,-0.128113,0.000672,-0.00053,10025.191656,10025.126405,0.42119,-0.000784,-0.005845,314.786229,117264.34375,616.38147,117265.09375,0,27.006517,-6342.374427,36.437229,338.179547,1,0.998718,0,0,0,57.417448,42.826772,GravityTurn,,,,,,,,,,,,,,,,,,,,,,,,,,,None,Continue,0,None,7311789.987107,,0,0,1,1,10084.030243,10084.030243,3.3527,11809485.351563,3.041111,745.154556,15.459594,0.107734,2.295963,5,0.00775,4.988966,,,,,,1,1,0,1,1,0.672879,0,0,0
83.059998,ASCENT,7,0,1,None,Holding,0,17434.575026,866.284444,596.926223,434.933147,25823.462163,2.076209,10137.073402,359937.738873,2.086351,7552245.605469,4.991136,0.008425,0.883531,,0,0,0,0,0.017472,0.008425,0.007198,-0.114105,-0.030939,0.001222,10052.055086,10051.97654,0.412426,0.003284,-0.017856,315.505473,117121.453125,615.289551,117122.203125,0,27.197764,-6342.146094,36.495658,338.314272,1,0.998718,0,0,0,57.31331,42.827183,GravityTurn,,,,,,,,,,,,,,,,,,,,,,,,,,,None,Continue,0,None,7333602.865014,,0,0,1,1,10083.101929,10083.101929,3.357214,11810426.757813,3.061718,747.006383,15.585345,0.105739,2.467713,5.008556,-0.027426,4.989894,,,,,,1,1,0,1,1,0.673779,0,0,0
83.339998,ASCENT,7,0,1,None,Holding,0,17547.864038,869.727316,600.406238,436.658454,25632.136623,2.08777,10243.577566,359289.316632,2.096241,7563470.703125,5.001292,0.006386,0.887357,,0,0,0,0,0.068798,0.006386,0.006036,-0.032437,0.022286,-0.001116,10085.901977,10085.878719,0.345816,-0.003528,0.015352,316.077383,116984.4375,614.21405,116985.195313,0,27.390088,-6341.913986,36.554413,338.448868,1,0.998718,0,0,0,57.208528,42.827597,GravityTurn,,,,,,,,,,,,,,,,,,,,,,,,,,,None,Continue,0,None,7354272.144292,,0,0,1,1,10081.351807,10081.351807,3.365288,11812075.195313,3.082446,748.854737,15.714316,0.071659,2.87618,5.070079,-0.028313,4.999211,,,,,,1,1,0,1,1,0.674717,0,0,0
83.599998,ASCENT,7,0,1,None,Holding,0,17661.612601,873.196529,603.913225,438.394291,25439.127969,2.099337,10350.914323,358639.399029,2.105614,7581856.445313,5.031103,0.004906,0.891217,,0,0,0,0,0.099157,0.004906,0.005309,0.037147,-0.023955,-0.002353,10116.381106,10116.372636,0.30416,-0.006137,-0.017955,316.745569,116831.851563,613.118713,116832.609375,0,27.583679,-6341.679024,36.613361,338.583277,1,0.998718,0,0,0,57.103271,42.828015,GravityTurn,,,,,,,,,,,,,,,,,,,,,,,,,,,None,Continue,0,None,7375110.25037,,0,0,1,1,10080.309418,10080.309418,3.369848,11812988.28125,3.103441,750.699593,15.84106,0.055461,3.130355,5.130268,0.063058,5.029149,,,,,,1,1,0,1,1,0.675619,0,0,0
83.859998,ASCENT,7,0,1,None,Holding,0,17775.821504,876.685656,607.444028,440.14883,25244.254571,2.1109,10459.090164,357988.047101,2.114512,7594079.589844,5.086283,0.00424,0.895115,,0,0,0,0,0.104359,0.00424,0.00345,-0.072522,0.003011,0.002156,10143.766758,10143.745452,0.19769,0.009866,-0.003718,317.570461,116692.132813,612.022461,116692.882813,0,27.778916,-6341.442137,36.672269,338.716893,1,0.998718,0,0,0,56.997639,42.828435,GravityTurn,,,,,,,,,,,,,,,,,,,,,,,,,,,None,Continue,0,None,7394365.258515,,0,0,1,1,10078.361053,10078.361053,3.377983,11814590.820313,3.124893,752.540981,15.96588,0.034064,3.21738,5.190614,0.000559,5.077626,,,,,,1,1,0,1,1,0.676472,0,0,0
84.119998,ASCENT,7,0,1,None,Holding,0,17890.492221,880.202674,611.004424,441.9243,25047.813519,2.122465,10568.110647,357334.8336,2.124589,7623890.136719,5.151628,0.003784,0.899044,,0,0,0,0,0.10341,0.003784,0.002456,-0.121334,0.016431,0.000923,10178.225985,10178.183513,0.140732,0.00477,0.002464,318.610723,116545.21875,610.924988,116545.960938,0,27.975918,-6341.202691,36.731002,338.84942,1,0.998718,0,0,0,56.891463,42.82886,GravityTurn,,,,,,,,,,,,,,,,,,,,,,,,,,,None,Continue,0,None,7413047.764639,,0,0,1,1,10076.283691,10076.283691,3.386189,11816162.109375,3.146969,754.378943,16.093916,0.035347,3.558931,5.254979,-0.037059,5.149506,,,,,,1,1,0,1,1,0.677128,0,0,0
84.379998,ASCENT,7,0,1,None,Holding,0,18005.630479,883.743094,614.591072,443.717572,24850.041979,2.13404,10677.983864,356680.033185,2.134331,7628100.585938,5.224575,0.003578,0.902999,,0,0,0,0,0.095771,0.003578,0.001592,-0.180738,0.008773,0.00094,10208.364829,10208.327986,0.091214,0.006783,0.010038,319.347877,116399.273438,609.828491,116400.015625,0,28.174561,-6340.960931,36.789739,338.981275,1,0.998718,0,0,0,56.784847,42.829287,GravityTurn,,,,,,,,,,,,,,,,,,,,,,,,,,,None,Continue,0,None,7433898.677297,,0,0,1,1,10075.19751,10075.19751,3.390307,11816936.523438,3.169735,756.213519,16.219163,0.032059,4.06516,5.320312,-0.046392,5.215555,,,,,,1,1,0,1,1,0.677841,0,0,0
84.619998,ASCENT,7,0,1,None,Holding,0,18121.23925,887.313339,618.211838,445.536198,24651.124906,2.145629,10788.713888,356023.035504,2.145617,7657373.535156,5.29171,0.002983,0.906978,,0,0,0,0,0.099747,0.002983,0.002225,-0.06859,0.007092,0.000934,10249.897869,10249.857024,0.127477,0.006101,0.00757,320.485255,116253.757813,608.719727,116254.507813,0,28.375208,-6340.7166,36.848566,339.112734,1,0.998718,0,0,0,56.677563,42.829718,GravityTurn,,,,,,,,,,,,,,,,,,,,,,,,,,,None,Continue,0,None,7456554.301077,,0,0,1,1,10072.92627,10072.92627,3.398579,11818465.820313,3.193269,758.044742,16.349104,0.060909,3.645632,5.391431,0.018888,5.286468,,,,,,1,1,0,1,1,0.678731,0,0,0
84.879998,ASCENT,7,0,1,None,Holding,0,18237.325854,890.908028,621.858601,447.371631,24451.23727,2.15724,10900.306301,355364.542462,2.156412,7672313.964844,5.369903,0.002915,0.910975,,0,0,0,0,0.089365,0.002915,0.001798,-0.100708,-0.013965,-0.002115,10280.795328,10280.744693,0.102996,-0.006468,-0.005938,321.346928,116103.625,607.615479,116104.375,0,28.577485,-6340.469778,36.907295,339.243222,1,0.998718,0,0,0,56.569857,42.830152,GravityTurn,,,,,,,,,,,,,,,,,,,,,,,,,,,None,Continue,0,None,7481643.501796,,0,0,1,1,10071.742065,10071.742065,3.402741,11819219.726563,3.217573,759.872645,16.473355,0.06615,3.105306,5.459253,0.000567,5.364944,,,,,,1,1,0,1,1,0.679594,0,0,0
85.159998,ASCENT,7,0,1,None,Holding,0,18353.894496,894.528775,625.534918,449.229395,24250.173548,2.168858,11012.76693,354704.172589,2.166208,7709011.71875,5.451714,0.002934,0.914997,,0,0,0,0,0.077728,0.002934,0.001406,-0.137064,0.029958,-0.008047,10316.500102,10316.437491,0.080545,-0.028128,0.019486,322.346229,115956.492188,606.500671,115957.242188,0,28.781664,-6340.220555,36.966003,339.372921,1,0.998718,0,0,0,56.461628,42.83059,GravityTurn,,,,,,,,,,,,,,,,,,,,,,,,,,,None,Continue,0,None,7504274.621566,,0,0,1,1,10069.278839,10069.278839,3.411105,11820704.101563,3.242714,761.697267,16.599107,0.07078,3.019359,5.529438,-0.014335,5.444022,,,,,,1,1,0,1,1,0.680537,0,0,0
85.399998,ASCENT,7,0,1,None,Holding,0,18470.948515,898.176844,629.241415,451.10742,24048.267687,2.180497,11126.102415,354041.956402,2.177211,7728375,5.526591,0.002597,0.919035,,0,0,0,0,0.076907,0.002597,0.001331,-0.112962,0.010412,-0.005126,10353.599741,10353.539692,0.076269,-0.017731,0.006383,323.276547,115803.875,605.39563,115804.625,0,28.987669,-6339.968697,37.024763,339.502245,1,0.998718,0,0,0,56.352863,42.831031,GravityTurn,,,,,,,,,,,,,,,,,,,,,,,,,,,None,Continue,0,None,7526482.87296,,0,0,1,1,10066.690857,10066.690857,3.419537,11822160.15625,3.268704,763.518647,16.725308,0.074151,3.28832,5.603489,-0.026112,5.522788,,,,,,1,1,0,1,1,0.681621,0,0,0
85.679998,ASCENT,7,0,1,None,Holding,0,18588.494444,901.850316,632.975677,453.004777,23845.523789,2.192152,11240.313458,353378.077008,2.187795,7759405.761719,5.602908,0.002353,0.92309,,0,0,0,0,0.074311,0.002353,0.00127,-0.096199,0.010283,-0.001304,10389.311868,10389.255914,0.072756,-0.004636,0.007105,324.192015,115658.617188,604.280823,115659.367188,0,29.195471,-6339.714322,37.083468,339.630633,1,0.998718,0,0,0,56.243637,42.831475,GravityTurn,,,,,,,,,,,,,,,,,,,,,,,,,,,None,Continue,0,None,7548494.97536,,0,0,1,1,10065.351074,10065.351074,3.423758,11822877.929688,3.295567,765.336817,16.850052,0.078705,2.953322,5.677218,0.011679,5.599902,,,,,,1,1,0,1,1,0.682478,0,0,0
85.939998,ASCENT,7,0,1,None,Holding,0,18706.537411,905.551166,636.739615,454.923489,23642.322217,2.20384,11355.405719,352712.3513,2.198655,7778106.445313,5.69017,0.00248,0.927154,,0,0,0,0,0.061846,0.00248,0.001238,-0.109835,-0.014736,0.002047,10422.527549,10422.466604,0.070941,0.008456,-0.005489,325.036642,115507.992188,603.161072,115508.734375,0,29.405185,-6339.45732,37.142079,339.758264,1,0.998718,0,0,0,56.1339,42.831923,GravityTurn,,,,,,,,,,,,,,,,,,,,,,,,,,,None,Continue,0,None,7571771.427882,,0,0,1,1,10062.751099,10062.751099,3.431735,11824206.054688,3.323351,767.151814,16.973858,0.08129,2.761962,5.751998,0.011762,5.684975,,,,,,1,1,0,1,1,0.683445,0,0,0
86.199998,ASCENT,7,0,1,None,Holding,0,18825.085445,909.28206,640.537612,456.869072,23438.611629,2.215553,11471.385255,352044.428326,2.210023,7796871.582031,5.772357,0.002214,0.931228,,0,0,0,0,0.06143,0.002214,0.000854,-0.119639,0.003907,-0.000787,10464.777357,10464.711122,0.048946,0.000343,0.000378,326.209183,115357.820313,602.039185,115358.570313,0,29.617094,-6339.197681,37.20069,339.88526,1,0.998718,0,0,0,56.023529,42.832375,GravityTurn,,,,,,,,,,,,,,,,,,,,,,,,,,,None,Continue,0,None,7596066.150352,,0,0,1,1,10060.038879,10060.038879,3.439766,11825508.789063,3.352129,768.963678,17.100955,0.080573,2.879883,5.833748,-0.023939,5.76789,,,,,,1,1,0,1,1,0.68447,0,0,0
86.459998,ASCENT,7,0,1,None,Holding,0,18944.139385,913.03782,644.362663,458.83046,23234.636412,2.227303,11588.256866,351374.964215,2.221165,7814110.351563,5.852847,0.002073,0.935307,,0,0,0,0,0.057774,0.002073,0.00125,-0.072154,-0.027275,-0.005751,10496.495912,10496.448408,0.071596,-0.02396,-0.024183,326.985084,115210.757813,600.913635,115211.507813,0,29.830692,-6338.93535,37.259404,340.011855,1,0.998718,0,0,0,55.912734,42.832829,GravityTurn,,,,,,,,,,,,,,,,,,,,,,,,,,,None,Continue,0,None,7621631.504205,,0,0,1,1,10058.362,10058.362,3.444609,11826280.273438,3.381851,770.772443,17.222317,0.086923,2.595157,5.9105,0.015708,5.846795,,,,,,1,1,0,1,1,0.685364,0,0,0
86.699998,ASCENT,7,0,1,None,Holding,0,19063.708034,916.824401,648.221133,460.81776,23030.273155,2.23908,11706.02323,350703.394391,2.232281,7847837.890625,5.935583,0.001785,0.939395,,0,0,0,0,0.058185,0.001785,0.000881,-0.078756,-0.018863,0.002316,10537.445323,10537.396796,0.050489,0.009689,-0.008648,328.046515,115053.726563,599.779907,115054.476563,0,30.046478,-6338.670223,37.317978,340.137614,1,0.998718,0,0,0,55.801334,42.833288,GravityTurn,,,,,,,,,,,,,,,,,,,,,,,,,,,None,Continue,0,None,7644737.879174,,0,0,1,1,10055.278656,10055.278656,3.453277,11827627.929688,3.412563,772.578145,17.347729,0.083725,2.744022,5.993736,0.018709,5.930669,,,,,,1,1,0,1,1,0.686376,0,0,0
86.979998,ASCENT,7,0,1,None,Holding,0,19183.799749,920.635954,652.107466,462.825447,22825.847231,2.250899,11824.693733,350030.130841,2.243572,7865830.078125,6.02237,0.001728,0.943483,,0,0,0,0,0.052426,0.001728,0.000832,-0.077735,0.000958,-0.002302,10570.939997,10570.889671,0.047654,-0.007957,-0.003921,328.911427,114903.84375,598.652832,114904.59375,0,30.264213,-6338.402572,37.376532,340.262549,1,0.998718,0,0,0,55.689495,42.83375,GravityTurn,,,,,,,,,,,,,,,,,,,,,,,,,,,None,Continue,0,None,7668862.966674,,0,0,1,1,10052.073486,10052.073486,3.461987,11828950.195313,3.444297,774.380821,17.468926,0.086167,2.945783,6.074748,0.044706,6.015026,,,,,,1,1,0,1,1,0.687443,0,0,0
87.239998,ASCENT,7,0,1,None,Holding,0,19304.415497,924.475604,656.024451,464.856011,22621.270811,2.262753,11944.26905,349354.975201,2.254602,7901357.421875,6.106012,0.001493,0.947575,,0,0,0,0,0.051912,0.001493,0.000239,-0.108268,-0.012849,0.002766,10607.150629,10607.090307,0.013714,0.013299,-0.003069,329.864369,114751.015625,597.512634,114751.757813,0,30.484034,-6338.132199,37.435004,340.386794,1,0.998718,0,0,0,55.577141,42.834215,GravityTurn,,,,,,,,,,,,,,,,,,,,,,,,,,,None,Continue,0,None,7692055.890442,,0,0,1,1,10050.217316,10050.217316,3.466919,11829682.617188,3.477096,776.180513,17.590693,0.077743,2.520475,6.157857,0.012971,6.100171,,,,,,1,1,0,1,1,0.688456,0,0,0
87.479998,ASCENT,7,0,1,None,Holding,0,19425.563592,928.341516,659.969676,466.908573,22416.511012,2.274639,12064.753405,348678.08006,2.26501,7906448.242188,6.194275,0.001301,0.95167,,0,0,0,0,0.050558,0.001301,0.000184,-0.095906,0.0303,-0.003,10642.732553,10642.663736,0.010563,-0.008526,0.0179,330.791711,114593.382813,596.380188,114594.117188,0,30.705919,-6337.859217,37.49328,340.510109,1,0.998718,0,0,0,55.464347,42.834684,GravityTurn,,,,,,,,,,,,,,,,,,,,,,,,,,,None,Continue,0,None,7713482.765437,,0,0,1,1,10046.825836,10046.825836,3.475736,11830963.867188,3.510983,777.977261,17.711814,0.078441,2.849103,6.244819,-0.009194,6.186704,,,,,,1,1,0,1,1,0.689496,0,0,0
87.759998,ASCENT,7,0,1,None,Holding,0,19547.249999,932.235056,663.946265,468.984556,22211.963804,2.286575,12186.148809,347999.308087,2.276653,7927145.507813,6.286869,0.00124,0.955761,,0,0,0,0,0.04593,0.00124,-0.000022,-0.108001,0.000814,-0.006252,10679.414754,10679.351626,-0.001289,-0.020156,0.001796,331.698064,114438.8125,595.240112,114439.5625,0,30.929957,-6337.583546,37.551634,340.632836,1,0.998718,0,0,0,55.351028,42.835157,GravityTurn,,,,,,,,,,,,,,,,,,,,,,,,,,,None,Continue,0,None,7736143.030772,,0,0,1,1,10045.085022,10045.085022,3.480167,11831595.703125,3.546053,779.771103,17.833051,0.080123,2.286803,6.33279,0.011046,6.27972,,,,,,1,1,0,1,1,0.690691,0,0,0
88.019998,ASCENT,7,0,1,None,Holding,0,19669.477923,936.151837,667.948248,471.08133,22007.357546,2.298547,12308.4646,347318.994977,2.287049,7961028.320313,6.375661,0.001169,0.959853,,0,0,0,0,0.042356,0.001169,-0.000033,-0.102297,0.005313,-0.002127,10711.162611,10711.083369,-0.001876,-0.008249,0.001146,332.538399,114283.078125,594.09259,114283.828125,0,31.156044,-6337.305463,37.609776,340.754622,1,0.998718,0,0,0,55.237359,42.835633,GravityTurn,,,,,,,,,,,,,,,,,,,,,,,,,,,None,Continue,0,None,7757862.201309,,0,0,1,1,10041.28717,10041.28717,3.489636,11832915.039063,3.582295,781.562082,17.950845,0.08373,2.253373,6.417995,-0.017866,6.366726,,,,,,1,1,0,1,1,0.691646,0,0,0
88.279998,ASCENT,7,0,1,None,Holding,0,19792.256974,940.098287,671.982738,473.201188,21803.196473,2.310581,12431.702898,346636.698224,2.298359,7959597.167969,6.464451,0.000884,0.963936,,0,0,0,0,0.044502,0.000884,-0.000032,-0.077669,0.014811,0.000158,10744.771336,10744.722744,-0.001847,0.001155,0.006738,333.309284,114126.398438,592.945496,114127.15625,0,31.384314,-6337.024439,37.66796,340.87592,1,0.998718,0,0,0,55.123141,42.836113,GravityTurn,,,,,,,,,,,,,,,,,,,,,,,,,,,None,Continue,0,None,7780212.572236,,0,0,1,1,10039.220673,10039.220673,3.494681,11833603.515625,3.619754,783.350237,18.070291,0.083088,2.301878,6.508917,0.026228,6.457524,,,,,,1,1,0,1,1,0.692919,0,0,0
88.539998,ASCENT,7,0,1,None,Holding,0,19915.592449,944.074879,676.050965,475.348813,21599.270969,2.322666,12555.868059,345952.372052,2.310104,8017166.015625,6.555544,0.000569,0.968015,,0,0,0,0,0.047559,0.000569,0.00003,-0.045473,0.028876,0.000459,10787.649767,10787.581106,0.001717,0.003388,0.013076,334.482744,113975.351563,591.790466,113976.085938,0,31.61502,-6336.740635,37.726084,340.996529,1,0.998718,0,0,0,55.008345,42.836596,GravityTurn,,,,,,,,,,,,,,,,,,,,,,,,,,,None,Continue,0,None,7804028.993031,,0,0,1,1,10035.458893,10035.458893,3.503697,11834806.640625,3.658495,785.135607,18.192009,0.084902,1.9813,6.603005,0.010692,6.551071,,,,,,1,1,0,1,1,0.694134,0,0,0
88.799998,ASCENT,7,0,1,None,Holding,0,20039.4894,948.0801,680.14909,477.51737,21395.941027,2.33482,12680.961336,345266.291119,2.322159,8000909.179688,6.65202,0.00031,0.972081,,0,0,0,0,0.048559,0.00031,-0.000757,-0.089548,0.017397,0.002096,10823.287605,10823.232482,-0.043361,0.009752,0.010564,335.297686,113815.8125,590.645081,113816.570313,0,31.847849,-6336.453842,37.784071,341.116296,1,0.998718,0,0,0,54.893085,42.837083,GravityTurn,,,,,,,,,,,,,,,,,,,,,,,,,,,None,Continue,0,None,7829297.609729,,0,0,1,1,10031.576477,10031.576477,3.512781,11835985.351563,3.698541,786.918237,18.310739,0.072837,2.148049,6.700579,-0.006571,6.6454,,,,,,1,1,0,1,1,0.695384,0,0,0
89.059998,ASCENT,7,0,1,None,Holding,0,20163.955947,952.109757,684.27476,479.710066,21192.934603,2.347031,12806.993166,344578.455426,2.332736,8043341.308594,6.748264,0.000221,0.976141,,0,0,0,0,0.044729,0.000221,-0.000966,-0.099118,-0.002289,-0.001605,10856.395724,10856.334359,-0.055324,-0.004068,0.001794,336.16563,113660.375,589.503418,113661.125,0,32.082983,-6336.16461,37.841901,341.235187,1,0.998718,0,0,0,54.777432,42.837574,GravityTurn,,,,,,,,,,,,,,,,,,,,,,,,,,,None,Continue,0,None,7853049.008811,,0,0,1,1,10029.592621,10029.592621,3.517348,11836566.40625,3.7399,788.698164,18.426755,0.072841,1.829307,6.792969,0.03148,6.741618,,,,,,1,1,0,1,1,0.696486,0,0,0
89.299998,ASCENT,7,0,1,None,Holding,0,20288.994856,956.168768,688.434484,481.930514,20990.533782,2.359313,12933.962322,343888.559796,2.344957,8069494.140625,6.845195,-0.000124,0.980189,,0,0,0,0,0.048451,-0.000124,-0.001081,-0.079585,-0.02906,-0.011615,10896.443641,10896.398595,-0.06194,-0.042429,-0.007097,337.216531,113494.242188,588.335754,113494.992188,0,32.320624,-6335.872618,37.899848,341.353857,1,0.998718,0,0,0,54.661207,42.838068,GravityTurn,,,,,,,,,,,,,,,,,,,,,,,,,,,None,Continue,0,None,7875310.466149,,0,0,1,1,10025.538483,10025.538483,3.526533,11837708.984375,3.782709,790.475437,18.546575,0.072271,1.864436,6.89329,0.014583,6.839384,,,,,,1,1,0,1,1,0.697858,0,0,0
89.559998,ASCENT,7,0,1,None,Holding,0,20414.619831,960.25457,692.621669,484.173494,20788.672463,2.371663,13061.881588,343197.092511,2.355877,8091826.171875,6.947644,-0.000208,0.984227,,0,0,0,0,0.045023,-0.000208,-0.001961,-0.145048,-0.012497,-0.005776,10931.365097,10931.30662,-0.112357,-0.018243,0.008951,338.107048,113342.523438,587.165649,113343.273438,0,32.560542,-6335.577838,37.957422,341.471144,1,0.998718,0,0,0,54.544599,42.838566,GravityTurn,,,,,,,,,,,,,,,,,,,,,,,,,,,None,Continue,0,None,7898018.440919,,0,0,1,1,10023.468964,10023.468964,3.531149,11838272.460938,3.82698,792.250098,18.66257,0.064008,2.191145,6.992027,-0.01485,6.938876,,,,,,1,1,0,1,1,0.699231,0,0,0
89.839998,ASCENT,7,0,1,None,Holding,0,20540.830814,964.367379,696.839418,486.443225,20587.550183,2.384089,13190.743649,342503.794171,2.367621,8105636.230469,7.04974,-0.000424,0.988249,,0,0,0,0,0.044852,-0.000424,-0.001481,-0.087086,0.011009,0.002059,10967.595348,10967.54439,-0.08488,0.01085,0.017032,339.037037,113177.523438,586.005737,113178.273438,0,32.802968,-6335.280442,38.0149,341.587625,1,0.998718,0,0,0,54.427527,42.839068,GravityTurn,,,,,,,,,,,,,,,,,,,,,,,,,,,None,Continue,0,None,7920328.833631,,0,0,1,1,10019.246857,10019.246857,3.540445,11839380.859375,3.872802,794.022196,18.778964,0.076795,2.266906,7.094492,0.040377,7.045177,,,,,,1,1,0,1,1,0.700544,0,0,0
90.079998,ASCENT,7,0,1,None,Holding,0,20667.63366,968.499819,701.080772,488.73334,20387.04802,2.396584,13320.556958,341809.168316,2.377217,8105562.988281,7.154178,-0.000401,0.992259,,0,0,0,0,0.039556,-0.000401,-0.001556,-0.094768,0.025321,0.0019,10994.01191,10993.94891,-0.089179,0.008161,0.006903,339.663071,113012.34375,584.838745,113013.09375,0,33.047606,-6334.980832,38.072411,341.703816,1,0.998718,0,0,0,54.310187,42.839574,GravityTurn,,,,,,,,,,,,,,,,,,,,,,,,,,,None,Continue,0,None,7940888.94148,,0,0,1,1,10014.915527,10014.915527,3.549796,11840468.75,3.920164,795.791778,18.890351,0.078708,2.24169,7.193091,0.045006,7.14535,,,,,,1,1,0,1,1,0.70195,0,0,0
90.359998,ASCENT,7,0,1,None,Holding,0,20795.036803,972.66202,705.354543,491.050999,20187.262849,2.409155,13451.327028,341112.589337,2.388412,8129998.046875,7.259039,-0.000681,0.996255,,0,0,0,0,0.041903,-0.000681,-0.001383,-0.057283,0.05615,-0.002031,11032.659773,11032.596805,-0.079231,-0.010865,0.030931,340.571181,112854.757813,583.667847,112855.507813,0,33.294845,-6334.678339,38.129758,341.818993,1,0.998718,0,0,0,54.192339,42.840083,GravityTurn,,,,,,,,,,,,,,,,,,,,,,,,,,,None,Continue,0,None,7959332.560464,,0,0,1,1,10012.707886,10012.707886,3.554495,11841001.953125,3.969123,797.558888,19.006947,0.080088,2.330291,7.30062,0.03634,7.251432,,,,,,1,1,0,1,1,0.703358,0,0,0
90.619998,ASCENT,7,0,1,None,Holding,0,20923.048667,976.853839,709.660145,493.394454,19988.748796,2.421833,13583.057037,340414.072491,2.401238,8149248.535156,7.364192,-0.00096,1,,0,0,0,0,0.044114,-0.00096,-0.001748,-0.063968,-0.038645,0.001176,11069.022484,11068.9692,-0.100136,0.004199,-0.036116,341.460683,112693.828125,582.488831,112694.578125,0,33.544625,-6334.372867,38.186955,341.933446,1,0.998718,0,0,0,54.074004,42.840596,GravityTurn,,,,,,,,,,,,,,,,,,,,,,,,,,,None,Continue,0,None,7981920.242684,,0,0,1,1,10007.922577,10007.922577,3.564536,11842120.117188,4.019784,799.32357,19.122172,0.075913,2.67784,7.408019,0.043285,7.355926,,,,,,1,1,0,1,1,0.70476,0,0,0
90.859998,ASCENT,7,0,1,None,Holding,0,21051.67231,981.067676,713.990334,495.761862,19791.074308,2.434594,13715.746258,339714.533307,2.411503,8184259.277344,7.469914,-0.001038,1,,0,0,0,0,0.040712,-0.001038,-0.001962,-0.074746,-0.032451,-0.000167,11098.554563,11098.50948,-0.112389,0.001268,-0.021626,342.222059,112531.210938,581.3172,112531.960938,0,33.796875,-6334.065074,38.243883,342.046944,1,0.998718,0,0,0,53.955385,42.841113,GravityTurn,,,,,,,,,,,,,,,,,,,,,,,,,,,None,Continue,0,None,8004694.003283,,0,0,1,1,10005.629303,10005.629303,3.569291,11842638.671875,4.072152,801.085872,19.232218,0.076321,2.250956,7.510618,0.025166,7.463867,,,,,,1,1,0,1,1,0.706192,0,0,0
91.139998,ASCENT,7,0,1,None,Holding,0,21180.915531,985.293691,718.33365,498.141535,19593.774758,2.447409,13849.405374,339015.039898,2.417599,8154482.910156,7.576234,-0.00092,1,,0,0,0,0,0.032631,-0.00092,-0.002849,-0.155655,-0.044443,0.001558,11109.524455,11109.451685,-0.163208,0.009848,-0.032541,342.360409,112370.304688,580.148499,112371.054688,0,34.051012,-6333.755349,38.300503,342.159172,1,0.998718,0,0,0,53.836798,42.841633,GravityTurn,,,,,,,,,,,,,,,,,,,,,,,,,,,None,Continue,0,None,8019372.014484,,0,0,1,1,10000.976318,10000.976318,3.578846,11843657.226563,4.126092,802.845839,19.333979,0.063826,2.37359,7.608843,-0.020321,7.569617,,,,,,1,1,0,1,1,0.707568,0,0,0
91.399998,ASCENT,7,0,1,None,Holding,0,21310.778577,989.530048,722.689934,500.538226,19396.624762,2.460263,13984.029899,338315.592267,2.423238,8159515.625,7.678117,-0.000684,1,,0,0,0,0,0.022855,-0.000684,-0.001843,-0.093383,-0.003576,0.002511,11116.033647,11115.955971,-0.105596,0.011631,0.00093,342.364183,112204.6875,578.963013,112205.4375,0,34.307294,-6333.44412,38.3568,342.270362,1,0.998718,0,0,0,53.718246,42.842158,GravityTurn,,,,,,,,,,,,,,,,,,,,,,,,,,,None,Continue,0,None,8026821.600487,,0,0,1,1,9996.237885,9996.237885,3.588422,11844654.296875,4.181681,804.603522,19.433888,0.083845,2.262977,7.700915,0.026824,7.674336,,,,,,1,1,0,1,1,0.709019,0,0,0
91.639998,ASCENT,7,0,1,None,Holding,0,21441.266872,993.782338,727.062722,502.947418,19199.711242,2.47316,14119.623645,337616.053082,2.428418,8164341.308594,7.77472,-0.000815,1,,0,0,0,0,0.023647,-0.000815,-0.001964,-0.092267,0.019873,-0.001072,11126.287381,11126.225729,-0.112511,-0.002609,0.011718,342.41971,112037.773438,577.79895,112038.523438,0,34.565506,-6333.130572,38.412866,342.38071,1,0.998718,0,0,0,53.599633,42.842686,GravityTurn,,,,,,,,,,,,,,,,,,,,,,,,,,,None,Continue,0,None,8030998.62408,,0,0,1,1,9993.837585,9993.837585,3.593243,11845145.507813,4.238816,806.358955,19.535173,0.079986,1.917812,7.79832,0.016017,7.767393,,,,,,1,1,0,1,1,0.710439,0,0,0
91.919998,ASCENT,7,0,1,None,Holding,0,21572.383418,998.048444,731.450706,505.369831,19003.236726,2.486112,14256.186142,336916.498639,2.434508,8177430.175781,7.875084,-0.000782,1,,0,0,0,0,0.019579,-0.000782,-0.002095,-0.105224,-0.005887,0.000537,11134.244864,11134.200418,-0.120018,0.001534,0.002122,342.428671,111880.039063,576.616638,111880.796875,0,34.825698,-6332.81495,38.468729,342.490028,1,0.998718,0,0,0,53.480995,42.843218,GravityTurn,,,,,,,,,,,,,,,,,,,,,,,,,,,None,Continue,0,None,8034289.772091,,0,0,1,1,9988.972046,9988.972046,3.602897,11846113.28125,4.297512,808.112173,19.635244,0.075889,1.67644,7.894477,0.014871,7.867387,,,,,,1,1,0,1,1,0.711682,0,0,0
92.179998,ASCENT,7,0,1,None,Holding,0,21704.127694,1002.325322,735.850274,507.805637,18806.91501,2.4991,14393.71628,336217.157818,2.438842,8161659.179688,7.971518,-0.001004,1,,0,0,0,0,0.023079,-0.001004,-0.00233,-0.106122,-0.013447,-0.002605,11140.042589,11139.968227,-0.133515,-0.007656,-0.009295,342.433909,111709.835938,575.445313,111710.578125,0,35.08789,-6332.497569,38.524182,342.598173,1,0.998718,0,0,0,53.362429,42.843754,GravityTurn,,,,,,,,,,,,,,,,,,,,,,,,,,,None,Continue,0,None,8036462.274619,,0,0,1,1,9984.028625,9984.028625,3.612592,11847058.59375,4.357845,809.86322,19.733155,0.072374,1.789378,7.994595,-0.003574,7.966027,,,,,,1,1,0,1,1,0.713183,0,0,0
92.439998,ASCENT,7,0,1,None,Holding,0,21836.509854,1006.616615,740.268698,510.267845,18611.107399,2.512149,14532.223356,335517.313458,2.446339,8167999.023438,8.0651,0.002222,1,,0,0,0,0,0.06516,0.002222,-0.000756,-0.237621,0.021534,-0.001927,11156.036571,11155.848576,-0.043304,-0.008136,0.011652,343.063142,111540.882813,574.265869,111541.632813,0,35.352794,-6332.178734,38.579339,342.705298,1,0.998718,0,0,0,53.24374,42.844293,GravityTurn,,,,,,,,,,,,,,,,,,,,,,,,,,,None,Continue,0,None,8038602.249212,,0,0,1,1,9981.524414,9981.524414,3.61746,11847525.390625,4.419854,811.612144,19.835693,0.114456,1.800868,8,0.065448,8.06309,,,,,,1,1,0,1,1,0.714799,0,0,0
92.699998,ASCENT,7,0,1,None,Holding,0,21969.526365,1010.917412,744.699948,512.752108,18415.626142,2.525248,14671.712315,334817.499615,2.453114,8176214.84375,8.116829,0.004496,1,,0,0,0,0,0.116844,0.004496,0.001287,-0.25541,0.016597,-0.000134,11167.399197,11167.105125,0.073767,0.000693,0.01775,343.401254,111385.5,573.091003,111386.257813,0,35.620203,-6331.858727,38.634065,342.811152,1,0.998718,0,0,0,53.125091,42.844837,GravityTurn,,,,,,,,,,,,,,,,,,,,,,,,,,,None,Continue,0,None,8041364.168485,,0,0,1,1,9976.132324,9976.132324,3.627829,11848497.070313,4.4831,813.359031,19.934661,0.151222,1.754868,8,-0.009895,8.1144,,,,,,1,1,0,1,1,0.716437,0,0,0
92.959998,ASCENT,7,0,1,None,Holding,0,22103.175889,1015.23517,749.146839,515.238272,18220.567585,2.538405,14812.188014,334117.762066,2.458486,8194141.601563,8.129127,0.005515,1,,0,0,0,0,0.12913,0.005515,0.003342,-0.172512,-0.073064,-0.002517,11174.548098,11174.331608,0.191503,-0.007489,-0.052199,343.221701,111209.71875,571.916504,111210.484375,0,35.889064,-6331.535689,38.688827,342.916646,1,0.998718,0,0,0,53.006405,42.845384,GravityTurn,,,,,,,,,,,,,,,,,,,,,,,,,,,None,Continue,0,None,8043980.182196,,0,0,1,1,9973.887939,9973.887939,3.63213,11848892.578125,4.546917,815.103903,20.030847,0.157127,1.941539,8,0.011738,8.129668,,,,,,1,1,0,1,1,0.71821,0,0,0
93.219998,ASCENT,7,0,1,None,Holding,0,22237.465808,1019.572265,753.60994,517.724797,18025.866674,2.551612,14953.647478,333418.131329,2.46334,8167956.054688,8.129981,0.006148,1,,0,0,0,0,0.129992,0.006148,0.004601,-0.122605,-0.031498,0.005017,11179.419393,11179.278881,0.263638,0.023928,-0.024822,342.989546,111045.859375,570.732849,111046.609375,0,36.159295,-6331.209264,38.74347,343.021489,1,0.998718,0,0,0,52.887668,42.845935,GravityTurn,,,,,,,,,,,,,,,,,,,,,,,,,,,None,Continue,0,None,8045950.742745,,0,0,1,1,9968.374451,9968.374451,3.642582,11849835.9375,4.610921,816.846745,20.126277,0.146121,1.727437,8,0.012113,8.129921,,,,,,1,1,0,1,1,0.71989,0,0,0
93.479998,ASCENT,7,0,1,None,Holding,0,22372.400346,1023.92699,758.088593,520.217126,17831.532338,2.564865,15096.089661,332718.546368,2.468409,8173550.292969,8.123689,0.006526,1,,0,0,0,0,0.123909,0.006526,0.004813,-0.135508,-0.009646,-0.006297,11183.010498,11182.894229,0.275786,-0.026334,0.009611,342.736161,110880.539063,569.563477,110881.296875,0,36.431193,-6330.879898,38.797845,343.125399,1,0.998718,0,0,0,52.768898,42.84649,GravityTurn,,,,,,,,,,,,,,,,,,,,,,,,,,,None,Continue,0,None,8047544.910441,,0,0,1,1,9963.105865,9963.105865,3.652454,11850704.101563,4.675039,818.587555,20.220707,0.122268,2.299361,8,-0.007275,8.120451,,,,,,1,1,0,1,1,0.721619,0,0,0
93.739998,ASCENT,7,0,1,None,Holding,0,22507.98208,1028.300009,762.582708,522.708126,17637.447079,2.578151,15239.523125,332019.159772,2.472538,8169136.71875,8.107621,0.006495,1,,0,0,0,0,0.107781,0.006495,0.004962,-0.121097,0.007145,0.001056,11188.038223,11187.969347,0.284285,0.003007,0.019757,342.552241,110717.617188,568.386719,110718.375,0,36.704377,-6330.547112,38.85218,343.228822,1,0.998718,0,0,0,52.650098,42.847049,GravityTurn,,,,,,,,,,,,,,,,,,,,,,,,,,,None,Continue,0,None,8048446.905247,,0,0,1,1,9960.445343,9960.445343,3.657424,11851130.859375,4.739052,820.326326,20.314427,0.09772,2.207941,8,0.007208,8.108889,,,,,,1,1,0,1,1,0.723329,0,0,0
93.979998,ASCENT,7,0,1,None,Holding,0,22644.211004,1032.691386,767.093492,525.205154,17443.853418,2.591485,15383.945701,331319.773175,2.478324,8180202.636719,8.093095,0.006443,1,,0,0,0,0,0.093159,0.006443,0.004647,-0.1415,0.036261,-0.004133,11195.42262,11195.360883,0.266276,-0.013723,0.038293,342.485922,110548.6875,567.212769,110549.4375,0,36.979252,-6330.211274,38.906314,343.33154,1,0.998718,0,0,0,52.531236,42.847612,GravityTurn,,,,,,,,,,,,,,,,,,,,,,,,,,,None,Continue,0,None,8049079.484162,,0,0,1,1,9955.065521,9955.065521,3.667363,11851971.679688,4.802949,822.063057,20.409159,0.077326,2.01541,8,-0.042362,8.092077,,,,,,1,1,0,1,1,0.725111,0,0,0
94.259998,ASCENT,7,0,1,None,Holding,0,22781.092283,1037.099403,771.621533,527.709669,17250.811828,2.604867,15529.365339,330620.340802,2.484101,8189770.507813,8.080167,0.006397,1,,0,0,0,0,0.080482,0.006397,0.00582,-0.045365,-0.074842,0.0011,11204.270777,11204.197584,0.333471,0.002623,-0.03422,342.527033,110381.039063,566.037048,110381.796875,0,37.255901,-6329.872627,38.960506,343.433799,1,0.998718,0,0,0,52.412297,42.848179,GravityTurn,,,,,,,,,,,,,,,,,,,,,,,,,,,None,Continue,0,None,8049817.476078,,0,0,1,1,9952.34671,9952.34671,3.67237,11852384.765625,4.866824,823.797748,20.504121,0.09189,2.226052,8,0.060639,8.081615,,,,,,1,1,0,1,1,0.726485,0,0,0
94.519998,ASCENT,7,0,1,None,Holding,0,22918.62246,1041.526,776.166824,530.216912,17058.30837,2.618293,15675.781291,329920.908429,2.48972,8182717.285156,8.06635,0.006239,1,,0,0,0,0,0.06642,0.006239,0.004887,-0.106008,0.014228,-0.002701,11212.622754,11212.576548,0.280008,-0.010027,0.009317,342.470762,110214.367188,564.86615,110215.117188,0,37.534072,-6329.530681,39.014714,343.535772,1,0.998718,0,0,0,52.293282,42.848749,GravityTurn,,,,,,,,,,,,,,,,,,,,,,,,,,,None,Continue,0,None,8050681.556789,,0,0,1,1,9946.85379,9946.85379,3.682391,11853197.265625,4.930556,825.530407,20.597909,0.067105,2.398288,8,0.023839,8.067471,,,,,,1,1,0,1,1,0.728101,0,0,0
94.779998,ASCENT,7,0,1,None,Holding,0,23056.808665,1045.972367,780.731078,532.735111,16866.426866,2.631767,15823.200649,329221.323468,2.49623,8177654.296875,8.054204,0.006093,1,,0,0,0,0,0.054205,0.006093,0.005766,-0.025572,-0.036305,0.00307,11225.889171,11225.824678,0.330378,0.020047,-0.023642,342.738816,110042.539063,563.683594,110043.296875,0,37.814227,-6329.185735,39.068678,343.636892,1,0.998718,0,0,0,52.174148,42.849324,GravityTurn,,,,,,,,,,,,,,,,,,,,,,,,,,,None,Continue,0,None,8051593.255457,,0,0,1,1,9941.281952,9941.281952,3.692464,11853993.164063,4.9943,827.261035,20.69381,0.080154,2.079665,8,0.020312,8.055535,,,,,,1,1,0,1,1,0.72956,0,0,0
95.019998,ASCENT,7,0,1,None,Holding,0,23195.649541,1050.436044,785.309815,535.253834,16675.311964,2.645298,15971.631354,328521.95213,2.502254,8172741.210938,8.045008,0.005989,1,,0,0,0,0,0.045093,0.005989,0.00465,-0.104607,-0.018581,0.00355,11227.925786,11227.875186,0.26641,0.016183,-0.003903,342.487638,109879.421875,562.50885,109880.164063,0,38.095796,-6328.837458,39.122455,343.737359,1,0.998718,0,0,0,52.055011,42.849903,GravityTurn,,,,,,,,,,,,,,,,,,,,,,,,,,,None,Continue,0,None,8053099.005957,,0,0,1,1,9938.467987,9938.467987,3.697519,11854383.789063,5.057942,828.989635,20.783395,0.05715,2.225224,8,-0.017923,8.042757,,,,,,1,1,0,1,1,0.730977,0,0,0
95.299998,ASCENT,7,0,1,None,Holding,0,23335.147598,1054.921511,789.909724,537.784354,16484.687639,2.658861,16121.068558,327822.22984,2.507997,8189628.417969,8.036835,0.005886,1,,0,0,0,0,0.036839,0.005886,0.004477,-0.109773,0.071625,-0.006379,11244.632726,11244.593819,0.256485,-0.024314,0.056789,342.795171,109712.914063,561.337524,109713.664063,0,38.379414,-6328.485964,39.176043,343.836924,1,0.998718,0,0,0,51.935699,42.850485,GravityTurn,,,,,,,,,,,,,,,,,,,,,,,,,,,None,Continue,0,None,8054218.578473,,0,0,1,1,9932.78656,9932.78656,3.707662,11855152.34375,5.12165,830.716213,20.878966,0.057264,2.658149,8,-0.013607,8.036986,,,,,,1,1,0,1,1,0.732348,0,0,0
95.559998,ASCENT,7,0,1,None,Holding,0,23475.304528,1059.423277,794.525847,540.320239,16294.96781,2.672489,16271.52472,327122.62962,2.514737,8180525.878906,8.031535,0.005858,1,,0,0,0,0,0.031954,0.005858,0.005077,-0.060745,-0.020695,0.00231,11250.217065,11250.169162,0.290867,0.014198,0.000435,342.720788,109540.65625,560.160278,109541.40625,0,38.66473,-6328.131472,39.229645,343.936219,1,0.998718,0,0,0,51.816341,42.851071,GravityTurn,,,,,,,,,,,,,,,,,,,,,,,,,,,None,Continue,0,None,8055967.471629,,0,0,1,1,9927.026733,9927.026733,3.717859,11855904.296875,5.185398,832.440779,20.969819,0.06867,1.980378,8,0.015428,8.032855,,,,,,1,1,0,1,1,0.733524,0,0,0
95.819998,ASCENT,7,0,1,None,Holding,0,23616.121637,1063.948272,799.163037,542.863663,16105.89769,2.68616,16423.001484,326422.770001,2.520816,8192510.742188,8.018861,0.00552,1,,0,0,0,0,0.019746,0.00552,0.004703,-0.06329,0.05934,-0.002045,11263.327598,11263.301683,0.269475,-0.003167,0.038196,342.796843,109379.59375,558.984497,109380.351563,0,38.951877,-6327.77332,39.283033,344.034748,1,0.998718,0,0,0,51.696813,42.851662,GravityTurn,,,,,,,,,,,,,,,,,,,,,,,,,,,None,Continue,0,None,8058000.376699,,0,0,1,1,9924.118774,9924.118774,3.722978,11856274.414063,5.249149,834.163335,21.062321,0.058526,1.80505,8,0.037344,8.019003,,,,,,1,1,0,1,1,0.734842,0,0,0
96.059998,ASCENT,7,0,1,None,Holding,0,23757.600814,1068.484887,803.812209,545.409723,15917.47,2.699873,16575.5015,325723.261334,2.525757,8194030.273438,8.01905,0.005597,1,,0,0,0,0,0.019216,0.005597,0.004416,-0.091382,-0.020722,0.001966,11266.778551,11266.741848,0.253012,0.010553,-0.004396,342.710933,109206.085938,557.807434,109206.84375,0,39.240579,-6327.41249,39.336474,344.133086,1,0.998718,0,0,0,51.577349,42.852256,GravityTurn,,,,,,,,,,,,,,,,,,,,,,,,,,,None,Continue,0,None,8059792.786051,,0,0,1,1,9918.253113,9918.253113,3.733248,11857000.976563,5.312865,835.88388,21.149975,0.057038,2.027495,8,-0.011058,8.019972,,,,,,1,1,0,1,1,0.736297,0,0,0
96.339998,ASCENT,7,0,1,None,Holding,0,23899.742561,1073.040268,808.477976,547.964242,15729.59346,2.713619,16729.026957,325023.767926,2.531075,8202106.445313,8.014594,0.005509,1,,0,0,0,0,0.014613,0.005509,0.003926,-0.122197,0.008348,-0.006202,11274.058324,11274.023826,0.224937,-0.02333,0.013382,342.721885,109035.867188,556.63031,109036.625,0,39.531176,-6327.0485,39.389506,344.230144,1,0.998718,0,0,0,51.457832,42.852855,GravityTurn,,,,,,,,,,,,,,,,,,,,,,,,,,,None,Continue,0,None,8061048.021299,,0,0,1,1,9915.293518,9915.293518,3.738402,11857357.421875,5.376713,837.60243,21.239293,0.048419,2.461067,8,-0.054067,8.010912,,,,,,1,1,0,1,1,0.737604,0,0,0
96.599998,ASCENT,7,0,1,None,Holding,0,24042.548794,1077.611899,813.160509,550.524413,15542.402629,2.727412,16883.588752,324324.305035,2.536828,8186924.316406,8.004271,0.00519,1,,0,0,0,0,0.006829,0.00519,0.004209,-0.075587,-0.073731,0.001756,11280.937762,11280.884892,0.241154,0.011165,-0.06073,342.696912,108862.507813,555.458069,108863.25,0,39.823517,-6326.681451,39.442629,344.327093,1,0.998718,0,0,0,51.338256,42.853458,GravityTurn,,,,,,,,,,,,,,,,,,,,,,,,,,,None,Continue,0,None,8062193.92678,,0,0,1,1,9909.323059,9909.323059,3.748746,11858060.546875,5.440613,839.318986,21.327881,0.06045,2.578329,8,0.002196,8.008462,,,,,,1,1,0,1,1,0.739027,0,0,0
96.859998,ASCENT,7,0,1,None,Holding,0,24186.023551,1082.204211,817.862637,553.094024,15355.945375,2.741254,17039.18429,323624.674298,2.543252,8179979.492188,8.009649,0.005403,1,,0,0,0,0,0.010588,0.005403,0.003827,-0.121085,-0.021188,-0.00317,11290.704842,11290.6717,0.219288,-0.011395,-0.020636,342.726709,108698.335938,554.279419,108699.085938,0,40.11783,-6326.311041,39.495542,344.423302,1,0.998718,0,0,0,51.218551,42.854064,GravityTurn,,,,,,,,,,,,,,,,,,,,,,,,,,,None,Continue,0,None,8063582.930764,,0,0,1,1,9903.280731,9903.280731,3.759143,11858747.070313,5.504605,841.033561,21.417304,0.054605,1.900278,8,-0.01389,8.005229,,,,,,1,1,0,1,1,0.74002,0,0,0
97.119998,ASCENT,7,0,1,None,Holding,0,24330.167656,1086.814653,822.581275,555.670748,15170.093227,2.755129,17195.824508,322925.043561,2.549003,8188724.609375,8.003656,0.005214,1,,0,0,0,0,0.004026,0.005214,0.004809,-0.031025,-0.031882,-0.001439,11302.538276,11302.501202,0.275556,-0.00843,-0.017005,342.843693,108520.234375,553.094055,108520.984375,0,40.413994,-6325.937399,39.548174,344.518653,1,0.998718,0,0,0,51.098795,42.854675,GravityTurn,,,,,,,,,,,,,,,,,,,,,,,,,,,None,Continue,0,None,8064868.931708,,0,0,1,1,9900.234253,9900.234253,3.76436,11859083.984375,5.56873,842.74616,21.506048,0.069622,2.098913,8,0.044073,8.001716,,,,,,1,1,0,1,1,0.741047,0,0,0
97.359998,ASCENT,7,0,1,None,Holding,0,24474.98316,1091.444844,827.317792,558.251859,14985.201645,2.769063,17353.510759,322225.443341,2.555782,8186720.703125,7.997507,0.005,1,,0,0,0,0,0.002654,0.005,0.004051,-0.07258,0.051961,-0.002329,11307.971181,11307.944549,0.232116,-0.010196,0.040817,342.685116,108350.632813,551.92926,108351.390625,0,40.711855,-6325.560162,39.60065,344.613463,1,0.998718,0,0,0,50.978956,42.85529,GravityTurn,,,,,,,,,,,,,,,,,,,,,,,,,,,None,Continue,0,None,8066507.471302,,0,0,1,1,9894.087952,9894.087952,3.774825,11859748.046875,5.632929,844.456789,21.592344,0.055343,1.972461,8,0.014454,7.998297,,,,,,1,1,0,1,1,0.742431,0,0,0
97.639998,ASCENT,7,0,1,None,Holding,0,24620.473495,1096.09308,832.074178,560.844566,14801.035338,2.783032,17512.242526,321525.644757,2.561703,8194617.1875,7.998669,0.005032,1,,0,0,0,0,0.002317,0.005032,0.004477,-0.042321,-0.000029,0.004295,11321.604509,11321.575596,0.256496,0.024018,0.0075,342.936815,108174.734375,550.753906,108175.484375,0,41.011844,-6325.179918,39.653227,344.707945,1,0.998718,0,0,0,50.858983,42.855909,GravityTurn,,,,,,,,,,,,,,,,,,,,,,,,,,,None,Continue,0,None,8068141.942807,,0,0,1,1,9887.872467,9887.872467,3.785353,11860395.507813,5.697259,846.165455,21.680982,0.061225,1.710228,8,0.037983,7.992968,,,,,,1,1,0,1,1,0.743362,0,0,0
97.899998,ASCENT,7,0,1,None,Holding,0,24766.637682,1100.758313,836.844165,563.441314,14617.757411,2.797047,17672.030306,320826.090313,2.567772,8190504.882813,7.995062,0.004893,1,,0,0,0,0,0.005131,0.004893,0.004059,-0.063423,0.019293,0.005512,11325.528356,11325.498819,0.232589,0.026979,0.022047,342.839564,108006.09375,549.574097,108006.851563,0,41.313527,-6324.796325,39.705313,344.801293,1,0.998718,0,0,0,50.739036,42.856532,GravityTurn,,,,,,,,,,,,,,,,,,,,,,,,,,,None,Continue,0,None,8069879.79639,,0,0,1,1,9884.740906,9884.740906,3.790637,11860713.867188,5.761688,847.872169,21.764614,0.056509,2.039705,8,0.011339,7.993824,,,,,,1,1,0,1,1,0.744426,0,0,0
98.159998,ASCENT,7,0,1,None,Holding,0,24913.480604,1105.444057,841.634844,566.047981,14435.312811,2.811099,17832.873777,320126.352765,2.573965,8194612.304688,7.996867,0.004946,1,,0,0,0,0,0.005772,0.004946,0.003336,-0.122216,0.134925,-0.004955,11337.88852,11337.862293,0.191141,-0.007909,0.097515,342.92354,107830.484375,548.403809,107831.234375,0,41.617259,-6324.409302,39.757367,344.894256,1,0.998718,0,0,0,50.618935,42.857159,GravityTurn,,,,,,,,,,,,,,,,,,,,,,,,,,,None,Continue,0,None,8071325.809284,,0,0,1,1,9878.820801,9878.820801,3.800594,11861301.757813,5.826297,849.576938,21.852007,0.045897,2.436497,8,-0.039565,7.994838,,,,,,1,1,0,1,1,0.745753,0,0,0
98.399998,ASCENT,7,0,1,None,Holding,0,25061.000882,1110.144787,846.441418,568.662016,14253.84417,2.825198,17994.778039,319426.630475,2.580203,8179041.503906,7.995814,0.0049,1,,0,0,0,0,0.007334,0.0049,0.004248,-0.049412,0.051503,0.000959,11344.728698,11344.705583,0.243386,0.00707,0.030751,342.897009,107660.695313,547.221741,107661.445313,0,41.9229,-6324.019313,39.809453,344.98703,1,0.998718,0,0,0,50.498803,42.857791,GravityTurn,,,,,,,,,,,,,,,,,,,,,,,,,,,None,Continue,0,None,8073035.416012,,0,0,1,1,9875.639313,9875.639313,3.805917,11861609.375,5.891041,851.279773,21.936006,0.063474,2.46101,8,0.045864,7.998234,,,,,,1,1,0,1,1,0.746766,0,0,0
98.679998,ASCENT,7,0,1,None,Holding,0,25209.199668,1114.868164,851.269971,571.286601,14073.309906,2.839337,18157.746015,318726.648785,2.58694,8200458.984375,7.999876,0.005033,1,,0,0,0,0,0.003288,0.005033,0.004722,-0.023489,-0.028588,0.007198,11360.047666,11360.021413,0.270528,0.034882,-0.02603,343.124504,107493.210938,546.048584,107493.960938,0,42.230649,-6323.625639,39.8614,345.079068,1,0.998718,0,0,0,50.378489,42.858427,GravityTurn,,,,,,,,,,,,,,,,,,,,,,,,,,,None,Continue,0,None,8074788.287286,,0,0,1,1,9868.821991,9868.821991,3.817275,11862251.953125,5.955964,852.980679,22.023271,0.070879,2.174173,8,0.05412,7.998982,,,,,,1,1,0,1,1,0.7475,0,0,0
98.919998,ASCENT,7,0,1,None,Holding,0,25358.085696,1119.609975,856.114805,573.918071,13893.840549,2.853528,18321.786769,318026.74339,2.59391,8186811.035156,7.999917,0.005022,1,,0,0,0,0,0.004645,0.005022,0.004251,-0.058083,-0.083968,0.000477,11367.33012,11367.303991,0.243586,0.001839,-0.071545,343.077724,107315.875,544.880981,107316.632813,0,42.540302,-6323.228526,39.912982,345.170305,1,0.998718,0,0,0,50.258135,42.859066,GravityTurn,,,,,,,,,,,,,,,,,,,,,,,,,,,None,Continue,0,None,8077064.248122,,0,0,1,1,9862.335663,9862.335663,3.828023,11862840.820313,6.021021,854.679668,22.106093,0.062708,2.237145,8,0.02126,7.997551,,,,,,1,1,0,1,1,0.748807,0,0,0
99.199998,ASCENT,7,0,1,None,Holding,0,25507.650816,1124.36645,860.972644,576.552162,13715.157912,2.867741,18486.898707,317327.219464,2.598206,8198971.679688,7.99373,0.004779,1,,0,0,0,0,0.009652,0.004779,0.003744,-0.077807,0.023842,-0.001213,11370.327913,11370.292782,0.21451,-0.001912,0.035185,342.910214,107137.054688,543.697021,107137.8125,0,42.851606,-6322.828136,39.964345,345.260678,1,0.998718,0,0,0,50.137823,42.85971,GravityTurn,,,,,,,,,,,,,,,,,,,,,,,,,,,None,Continue,0,None,8078744.692698,,0,0,1,1,9859.072357,9859.072357,3.833413,11863129.882813,6.086128,856.376745,22.185377,0.048241,2.881862,8,-0.035928,7.991049,,,,,,1,1,0,1,1,0.749732,0,0,0
99.459998,ASCENT,7,0,1,None,Holding,0,25657.904687,1129.14092,865.848098,579.193194,13537.430794,2.881991,18653.089811,316627.634503,2.604057,8197409.179688,7.995097,0.004796,1,,0,0,0,0,0.005965,0.004796,0.003991,-0.060403,0.012227,0.004877,11376.497412,11376.471566,0.22868,0.029404,0.005485,342.829543,106969.234375,542.522278,106969.992188,0,43.164829,-6322.424316,40.015624,345.350678,1,0.998718,0,0,0,50.017438,42.860359,GravityTurn,,,,,,,,,,,,,,,,,,,,,,,,,,,None,Continue,0,None,8079753.059392,,0,0,1,1,9852.494171,9852.494171,3.84424,11863699.21875,6.151357,858.071914,22.26696,0.055475,2.386197,8,0.019688,7.99136,,,,,,1,1,0,1,1,0.751028,0,0,0
99.719998,ASCENT,7,0,1,None,Holding,0,25808.846702,1133.926477,870.733784,581.839999,13360.516594,2.896262,18820.3618,315928.507306,2.608152,8171077.636719,7.992937,0.005883,1,,0,0,0,0,0.025743,0.005883,0.003882,-0.149914,-0.062778,-0.004061,11375.742136,11375.68416,0.222421,-0.018378,-0.036303,342.657184,106793.382813,541.346985,106794.140625,0,43.479907,-6322.017789,40.066578,345.439804,1,0.998718,0,0,0,49.897164,42.861011,GravityTurn,,,,,,,,,,,,,,,,,,,,,,,,,,,None,Continue,0,None,8080241.059934,,0,0,1,1,9845.856598,9845.856598,3.855115,11864253.90625,6.216687,859.765189,22.344111,0.061607,2.102269,8,0.018042,7.993858,,,,,,1,1,0,1,1,0.751823,0,0,0
99.979998,ASCENT,7,0,1,None,Holding,0,25960.475778,1138.727956,875.6389,584.509753,13184.505441,2.910565,18988.723861,315229.090191,2.614794,8167959.472656,7.969125,0.007651,1,,0,0,0,0,0.06858,0.007651,0.006118,-0.114521,0.037608,-0.000749,11386.666381,11386.540418,0.350555,-0.004184,0.032558,343.000235,106622.921875,540.165161,106623.664063,0,43.797898,-6321.609013,40.117382,345.52837,1,0.998718,0,0,0,49.776773,42.861668,GravityTurn,,,,,,,,,,,,,,,,,,,,,,,,,,,None,Continue,0,None,8080474.960307,,0,0,1,1,9842.514221,9842.514221,3.860563,11864526.367188,6.282041,861.456603,22.426968,0.10999,2.099057,8,0.033254,7.974995,,,,,,1,1,0,1,1,0.75294,0,0,0
100.239998,ASCENT,7,0,1,None,Holding,0,26112.78843,1143.543863,880.555214,587.173843,13009.350707,2.924894,19158.177817,314530.222394,2.619257,8159226.5625,7.924657,0.008815,1,,0,0,0,0,0.09054,0.008815,0.007491,-0.098799,0.047254,0.00218,11385.062712,11384.948906,0.429196,0.00717,0.032656,342.651721,106440.4375,538.998962,106441.203125,0,44.117073,-6321.19641,40.168038,345.616382,1,0.998718,0,0,0,49.656467,42.862329,GravityTurn,,,,,,,,,,,,,,,,,,,,,,,,,,,None,Continue,0,None,8080753.376624,,0,0,1,1,9835.786346,9835.786346,3.871519,11865060.546875,6.346885,863.146169,22.501597,0.120958,2.497407,8,0.047804,7.929276,,,,,,1,1,0,1,1,0.754241,0,0,0
100.499998,ASCENT,7,0,1,None,Holding,0,26265.789407,1148.38618,885.495523,589.840249,12835.140381,2.939254,19328.726956,313831.095196,2.625319,8181751.953125,7.866006,0.009518,1,,0,0,0,0,0.097927,0.009518,0.007981,-0.114333,-0.074401,0.001456,11398.522534,11398.466476,0.457296,0.013381,-0.062458,342.708793,106261.8125,537.830078,106262.570313,0,44.437926,-6320.779005,40.218697,345.704108,1,0.998718,0,0,0,49.535935,42.862995,GravityTurn,,,,,,,,,,,,,,,,,,,,,,,,,,,None,Continue,0,None,8080366.391736,,0,0,1,1,9829.425049,9829.425049,3.881859,11865550.78125,6.411009,864.833869,22.584186,0.107488,2.341486,8,0.026401,7.86832,,,,,,1,1,0,1,1,0.755313,0,0,0
100.759998,ASCENT,7,0,1,None,Holding,0,26419.481411,1153.249035,890.454232,592.50847,12662.06673,2.953661,19500.378776,313131.96037,2.632427,8180974.121094,7.793279,0.00973,1,,0,0,0,0,0.091013,0.00973,0.00864,-0.080891,-0.104985,0.004647,11409.024137,11408.970068,0.49502,0.028198,-0.08217,342.698345,106098.296875,536.646729,106099.0625,0,44.760428,-6320.357434,40.269248,345.791358,1,0.998718,0,0,0,49.415314,42.863665,GravityTurn,,,,,,,,,,,,,,,,,,,,,,,,,,,None,Continue,0,None,8080492.938365,,0,0,1,1,9826.011414,9826.011414,3.887385,11865808.59375,6.474242,866.519689,22.664061,0.094905,2.585448,8,-0.032683,7.798596,,,,,,1,1,0,1,1,0.756445,0,0,0
101.019998,ASCENT,7,0,1,None,Holding,0,26573.864117,1158.140077,895.439184,595.179486,12490.282575,2.968128,19673.13676,312432.436444,2.640337,8178067.382813,7.720202,0.009874,1,,0,0,0,0,0.083591,0.009874,0.008815,-0.078349,-0.00947,-0.001386,11423.652972,11423.623268,0.505074,-0.004897,-0.015829,342.825626,105917.867188,535.46637,105918.625,0,45.084647,-6319.930801,40.319899,345.878492,1,0.998718,0,0,0,49.294414,42.864339,GravityTurn,,,,,,,,,,,,,,,,,,,,,,,,,,,None,Continue,0,None,8081340.251973,,0,0,1,1,9819.128876,9819.128876,3.898476,11866311.523438,6.536467,868.203607,22.745965,0.082401,1.940169,8,-0.006651,7.726967,,,,,,1,1,0,1,1,0.757359,0,0,0
101.279998,ASCENT,7,0,1,None,Holding,0,26728.943816,1163.052413,900.442691,597.850891,12319.653804,2.982636,19847.008777,311733.01933,2.646525,8176780.761719,7.643761,0.009845,1,,0,0,0,0,0.07264,0.009845,0.008787,-0.0781,-0.069624,0.001553,11432.957983,11432.93477,0.503455,0.005834,-0.069395,342.814266,105741.773438,534.306091,105742.539063,0,45.410433,-6319.499748,40.370402,345.965086,1,0.998718,0,0,0,49.173425,42.865017,GravityTurn,,,,,,,,,,,,,,,,,,,,,,,,,,,None,Continue,0,None,8082744.305787,,0,0,1,1,9812.620941,9812.620941,3.908954,11866774.414063,6.597625,869.885611,22.823405,0.068397,2.372535,8,0.012143,7.647786,,,,,,1,1,0,1,1,0.758317,0,0,0
101.539998,ASCENT,7,0,1,None,Holding,0,26884.713444,1167.987417,905.466227,600.521919,12150.21299,2.997184,20021.996269,311033.556439,2.65299,8173714.84375,7.565847,0.009696,1,,0,0,0,0,0.060096,0.009696,0.008859,-0.061617,-0.064062,0.003606,11440.850197,11440.835349,0.507569,0.008956,-0.072964,342.706601,105566.148438,533.121521,105566.914063,0,45.737741,-6319.064026,40.420837,346.051282,1,0.998718,0,0,0,49.052311,42.8657,GravityTurn,,,,,,,,,,,,,,,,,,,,,,,,,,,None,Continue,0,None,8084158.430444,,0,0,1,1,9809.125763,9809.125763,3.914558,11867015.625,6.657703,871.565684,22.900364,0.058611,1.995397,8,0.000767,7.572017,,,,,,1,1,0,1,1,0.759229,0,0,0
101.799998,ASCENT,7,0,1,None,Holding,0,27041.180451,1172.947015,910.511148,603.197196,11981.936905,3.011766,20198.106794,310333.956219,2.659663,8175123.535156,7.493006,0.009668,1,,0,0,0,0,0.051434,0.009668,0.008634,-0.075946,-0.00278,-0.009229,11454.05921,11454.059786,0.494676,-0.038677,-0.001811,342.911749,105382.734375,531.951538,105383.5,0,46.066865,-6318.623651,40.470966,346.136678,1,0.998718,0,0,0,48.93104,42.866388,GravityTurn,,,,,,,,,,,,,,,,,,,,,,,,,,,None,Continue,0,None,8085497.50557,,0,0,1,1,9802.093719,9802.093719,3.925805,11867489.257813,6.716727,873.243813,22.979161,0.053927,1.908128,8,0.023825,7.499082,,,,,,1,1,0,1,1,0.760061,0,0,0
102.039998,ASCENT,7,0,1,None,Holding,0,27198.343059,1177.933938,915.582223,605.879507,11815.050786,3.026406,20375.349051,309633.97453,2.66859,8181745.605469,7.414049,0.009388,1,,0,0,0,0,0.037428,0.009388,0.008576,-0.059435,-0.022567,-0.004671,11470.52356,11470.504992,0.491348,-0.018578,-0.019775,343.183834,105209.671875,530.775146,105210.429688,0,46.397991,-6318.178426,40.521098,346.221888,1,0.998718,0,0,0,48.809501,42.86708,GravityTurn,,,,,,,,,,,,,,,,,,,,,,,,,,,None,Continue,0,None,8087661.666741,,0,0,1,1,9798.552917,9798.552917,3.931456,11867721.679688,6.774789,874.919993,23.059452,0.047629,2.54226,8,-0.023072,7.422836,,,,,,1,1,0,1,1,0.760154,0,0,0
102.299998,ASCENT,7,0,1,None,Holding,0,27356.204045,1182.933363,920.664757,608.55629,11649.232749,3.041063,20553.724847,308934.450604,2.673366,8201843.75,7.345271,0.009409,1,,0,0,0,0,0.033513,0.009409,0.008098,-0.095706,0.000171,-0.003183,11474.971518,11474.965846,0.464002,-0.017303,0.009557,342.929526,105031.992188,529.599609,105032.75,0,46.730317,-6317.729345,40.571328,346.306908,1,0.998718,0,0,0,48.688046,42.867776,GravityTurn,,,,,,,,,,,,,,,,,,,,,,,,,,,None,Continue,0,None,8089640.889938,,0,0,1,1,9791.877594,9791.877594,3.942087,11868151.367188,6.831778,876.594209,23.131169,0.033293,2.814943,8,-0.042877,7.351636,,,,,,1,1,0,1,1,0.760991,0,0,0
102.559998,ASCENT,7,0,1,None,Holding,0,27514.760709,1187.954212,925.766322,611.235979,11484.684223,3.055759,20733.243954,308235.002972,2.679517,8195241.210938,7.280224,0.009534,1,,0,0,0,0,0.032596,0.009534,0.008216,-0.096125,0.033471,-0.000231,11479.174223,11479.154302,0.470722,0.005267,0.023237,342.846517,104853.617188,528.413025,104854.375,0,47.064386,-6317.275811,40.621337,346.391283,1,0.998718,0,0,0,48.566495,42.868477,GravityTurn,,,,,,,,,,,,,,,,,,,,,,,,,,,None,Continue,0,None,8091044.007152,,0,0,1,1,9784.700378,9784.700378,3.953482,11868596.679688,6.88782,878.266449,23.204654,0.038886,3.369677,8,-0.035836,7.28246,,,,,,1,1,0,1,1,0.761726,0,0,0
102.819998,ASCENT,7,0,1,None,Holding,0,27674.016065,1192.994926,930.886209,613.917114,11321.252992,3.070473,20913.908947,307535.646893,2.684203,8176964.355469,7.208742,0.009399,1,,0,0,0,0,0.025889,0.009399,0.008665,-0.053374,0.050414,-0.000062,11485.816529,11485.800173,0.496495,0.000425,0.030303,342.754658,104676.328125,527.234009,104677.078125,0,47.400107,-6316.817893,40.671277,346.475276,1,0.998718,0,0,0,48.444864,42.869182,GravityTurn,,,,,,,,,,,,,,,,,,,,,,,,,,,None,Continue,0,None,8092031.70056,,0,0,1,1,9781.089508,9781.089508,3.959203,11868813.476563,6.942897,879.93671,23.278058,0.049069,2.703273,8,0.0068,7.211716,,,,,,1,1,0,1,1,0.762,0,0,0
103.099998,ASCENT,7,0,1,None,Holding,0,27833.967633,1198.056778,936.025855,616.599239,11159.044379,3.085219,21095.728036,306836.306073,2.691135,8189503.90625,7.137388,0.009249,1,,0,0,0,0,0.018946,0.009249,0.008269,-0.071138,-0.023508,0.003125,11494.020821,11494.016758,0.473752,0.015782,-0.008137,342.697776,104491.34375,526.065613,104492.101563,0,47.737455,-6316.355367,40.721224,346.558931,1,0.998718,0,0,0,48.323121,42.869892,GravityTurn,,,,,,,,,,,,,,,,,,,,,,,,,,,None,Continue,0,None,8092877.033207,,0,0,1,1,9773.828796,9773.828796,3.970674,11869243.164063,6.997086,881.604982,23.351615,0.041315,2.21934,8,-0.012824,7.145253,,,,,,1,1,0,1,1,0.763465,0,0,0
103.359998,ASCENT,7,0,1,None,Holding,0,27994.618699,1203.14473,941.189046,619.286828,10998.063172,3.099998,21278.70739,306136.675335,2.698388,8200992.1875,7.069772,0.009203,1,,0,0,0,0,0.017415,0.009203,0.008113,-0.078862,-0.069402,-0.000962,11510.00571,11510.015561,0.464817,-0.0047,-0.036375,342.975138,104318.3125,524.906799,104319.0625,0,48.076726,-6315.887864,40.770932,346.642008,1,0.998718,0,0,0,48.201177,42.870606,GravityTurn,,,,,,,,,,,,,,,,,,,,,,,,,,,None,Continue,0,None,8093806.981686,,0,0,1,1,9766.51004,9766.51004,3.982224,11869662.109375,7.050367,883.271252,23.428197,0.035915,2.794635,8,-0.037144,7.073779,,,,,,1,1,0,1,1,0.767676,0,0,0
103.619998,ASCENT,7,0,1,None,Holding,0,28155.966854,1208.254879,946.372092,621.976202,10838.400733,3.114822,21462.849535,305437.090375,2.705968,8186113.769531,7.000894,0.009091,1,,0,0,0,0,0.011581,0.009091,0.008241,-0.061274,0.022295,0.002256,11518.142105,11518.130889,0.472192,0.00915,0.007237,342.911306,104131.960938,523.716064,104132.710938,0,48.417686,-6315.415598,40.820466,346.724537,1,0.998718,0,0,0,48.079121,42.871325,GravityTurn,,,,,,,,,,,,,,,,,,,,,,,,,,,None,Continue,0,None,8095386.764298,,0,0,1,1,9763.28772,9763.28772,3.987316,11869841.796875,7.102753,884.935515,23.500866,0.038241,2.80047,8,-0.01595,7.002241,,,,,,1,1,0,1,1,0.771865,0,0,0
103.879998,ASCENT,7,0,1,None,Holding,0,28318.018417,1213.38928,951.579709,624.673254,10679.94495,3.129673,21648.164651,304737.16972,2.713264,8189773.925781,6.937266,0.009168,1,,0,0,0,0,0.010807,0.009168,0.007482,-0.121224,-0.027452,-0.002086,11534.74113,11534.729807,0.428714,-0.004259,-0.022018,343.139945,103950.15625,522.542419,103950.914063,0,48.760727,-6314.938656,40.870107,346.806987,1,0.998718,0,0,0,47.956843,42.872049,GravityTurn,,,,,,,,,,,,,,,,,,,,,,,,,,,None,Continue,0,None,8097166.205192,,0,0,1,1,9755.883728,9755.883728,3.998959,11870244.140625,7.154335,886.597764,23.576366,0.026888,2.611139,8,-0.067042,6.941072,,,,,,1,1,0,1,1,0.776033,0,0,0
104.139998,ASCENT,7,0,1,None,Holding,0,28480.768591,1218.547068,956.807402,627.370051,10522.839401,3.144565,21834.657409,304037.264325,2.721177,8199416.992188,6.87115,0.009134,1,,0,0,0,0,0.009039,0.009134,0.008089,-0.074969,0.036631,0.004676,11544.372664,11544.366902,0.463479,0.020869,0.034394,343.167416,103770.976563,521.361084,103771.742188,0,49.105336,-6314.456591,40.919506,346.888782,1,0.998718,0,0,0,47.834451,42.872777,GravityTurn,,,,,,,,,,,,,,,,,,,,,,,,,,,None,Continue,0,None,8099482.523221,,0,0,1,1,9748.420288,9748.420288,4.010671,11870636.71875,7.205042,888.257992,23.647806,0.036596,2.479836,8,-0.006658,6.877413,,,,,,1,1,0,1,1,0.780177,0,0,0
104.379998,ASCENT,7,0,1,None,Holding,0,28644.220563,1223.727065,962.05682,630.073337,10367.009589,3.15948,22022.336825,303337.252118,2.727763,8199242.1875,6.801043,0.00896,1,,0,0,0,0,0.003198,0.00896,0.00887,-0.006478,0.087246,-0.001982,11557.998937,11558.010345,0.5082,-0.006977,0.068333,343.391813,103588.8125,520.187012,103589.570313,0,49.45196,-6313.969958,40.968853,346.970326,1,0.998718,0,0,0,47.711906,42.87351,GravityTurn,,,,,,,,,,,,,,,,,,,,,,,,,,,None,Continue,0,None,8101731.460074,,0,0,1,1,9744.668304,9744.668304,4.016551,11870828.125,7.254919,889.916192,23.720529,0.052375,2.85936,8,0.053476,6.805137,,,,,,1,1,0,1,1,0.784297,0,0,0
104.659998,ASCENT,7,0,1,None,Holding,0,28808.375243,1228.923612,967.320875,632.772612,10212.473803,3.174418,22211.202196,302637.636639,2.733552,8197615.234375,6.741998,0.009156,1,,0,0,0,0,0.010247,0.009156,0.008575,-0.041487,0.015206,0.004064,11559.804173,11559.802033,0.491294,0.0234,-0.001177,343.177826,103400.90625,519.014587,103401.664063,0,49.799905,-6313.478755,41.018145,347.051362,1,0.998718,0,0,0,47.589375,42.874248,GravityTurn,,,,,,,,,,,,,,,,,,,,,,,,,,,None,Continue,0,None,8103777.882128,,0,0,1,1,9737.122742,9737.122742,4.02836,11871207.03125,7.303919,891.572356,23.786983,0.04703,3.626149,8,0.004068,6.742551,,,,,,1,1,0,1,1,0.788393,0,0,0
104.919998,ASCENT,7,0,1,None,Holding,0,28973.233198,1234.141208,972.604581,635.476281,10059.199958,3.189369,22401.263914,301937.944867,2.739493,8196038.085938,6.674595,0.009063,1,,0,0,0,0,0.00637,0.009063,0.007867,-0.085142,0.072403,-0.000978,11566.649697,11566.64043,0.450751,-0.006632,0.048122,343.035493,103224.921875,517.824707,103225.664063,0,50.149735,-6312.982927,41.067267,347.131957,1,0.998718,0,0,0,47.466742,42.87499,GravityTurn,,,,,,,,,,,,,,,,,,,,,,,,,,,None,Continue,0,None,8105126.501331,,0,0,1,1,9730.003448,9730.003448,4.039484,11871550.78125,7.352115,893.226477,23.855557,0.031516,3.242894,8,-0.044532,6.68,,,,,,1,1,0,1,1,0.792462,0,0,0
105.159998,ASCENT,7,0,1,None,Holding,0,29138.793432,1239.378274,977.904842,638.176277,9907.221628,3.204332,22592.527283,301238.527752,2.744877,8196261.71875,6.611303,0.00908,1,,0,0,0,0,0.006204,0.00908,0.007653,-0.101442,0.039715,-0.000197,11570.82442,11570.816549,0.438456,0.002946,0.022381,342.837073,103044.25,516.660217,103045,0,50.500913,-6312.482106,41.116213,347.212105,1,0.998718,0,0,0,47.344079,42.875737,GravityTurn,,,,,,,,,,,,,,,,,,,,,,,,,,,None,Continue,0,None,8105903.585369,,0,0,1,1,9726.186249,9726.186249,4.045441,11871731.445313,7.399421,894.878545,23.921973,0.023908,3.284441,8,-0.054343,6.61122,,,,,,1,1,0,1,1,0.796505,0,0,0
105.419998,ASCENT,7,0,1,None,Holding,0,29305.055755,1244.642654,983.231722,640.88659,9756.642835,3.219323,22784.997059,300538.683392,2.752534,8181248.046875,6.541953,0.008911,1,,0,0,0,0,0.001515,0.008911,0.009029,0.008305,-0.033139,0.00285,11586.754704,11586.754682,0.517302,0.015831,-0.026292,343.089822,102860.828125,515.486877,102861.59375,0,50.854386,-6311.97617,41.165043,347.291741,1,0.998718,0,0,0,47.221154,42.876489,GravityTurn,,,,,,,,,,,,,,,,,,,,,,,,,,,None,Continue,0,None,8106737.570964,,0,0,1,1,9718.512207,9718.512207,4.05739,11872083.007813,7.446016,896.528554,23.994579,0.056945,3.054713,8,0.039757,6.549608,,,,,,1,1,0,1,1,0.800519,0,0,0
105.699998,ASCENT,7,0,1,None,Holding,0,29472.024092,1249.925008,988.575994,643.593947,9607.437223,3.234335,22978.683231,299839.037396,2.760063,8187717.285156,6.479715,0.008964,1,,0,0,0,0,0.004705,0.008964,0.008644,-0.022633,-0.027398,-0.004492,11595.127906,11595.134431,0.495253,-0.025721,-0.035692,343.058497,102674.351563,514.311401,102675.109375,0,51.209264,-6311.465408,41.214019,347.371293,1,0.998718,0,0,0,47.098181,42.877246,GravityTurn,,,,,,,,,,,,,,,,,,,,,,,,,,,None,Continue,0,None,8107974.871715,,0,0,1,1,9710.786102,9710.786102,4.069421,11872426.757813,7.491748,898.176499,24.061242,0.053454,4.188805,8,0.082418,6.487824,,,,,,1,1,0,1,1,0.804504,0,0,0
105.959998,ASCENT,7,0,1,None,Holding,0,29639.69669,1255.230563,993.940717,646.307989,9459.579503,3.249361,23173.585466,299139.345624,2.766452,8190686.035156,6.416625,0.008995,1,,0,0,0,0,0.001866,0.008995,0.007767,-0.086559,-0.033998,-0.009569,11605.360693,11605.356697,0.445025,-0.042343,-0.033481,343.034738,102492.132813,513.127502,102492.898438,0,51.5662,-6310.949748,41.262545,347.449963,1,0.998718,0,0,0,46.975092,42.878007,GravityTurn,,,,,,,,,,,,,,,,,,,,,,,,,,,None,Continue,0,None,8108923.466033,,0,0,1,1,9706.902771,9706.902771,4.075461,11872595.703125,7.53669,899.822376,24.129296,0.029043,3.393619,8,-0.050448,6.41667,,,,,,1,1,0,1,1,0.808459,0,0,0
106.219998,ASCENT,7,0,1,None,Holding,0,29808.072243,1260.555768,999.322567,649.020501,9313.05545,3.264401,23369.71165,298439.913251,2.772675,8179992.1875,6.34726,0.008787,1,,0,0,0,0,0.011423,0.008787,0.008163,-0.043884,-0.069765,-0.001902,11609.488287,11609.496875,0.467686,-0.007638,-0.039137,342.969373,102301.195313,511.962952,102301.953125,0,51.924644,-6310.429065,41.310863,347.528066,1,0.998718,0,0,0,46.851962,42.878774,GravityTurn,,,,,,,,,,,,,,,,,,,,,,,,,,,None,Continue,0,None,8109804.47948,,0,0,1,1,9699.58493,9699.58493,4.086849,11872905.273438,7.5808,901.466179,24.193303,0.032312,3.43389,8,0.01161,6.353653,,,,,,1,1,0,1,1,0.812383,0,0,0
106.459998,ASCENT,7,0,1,None,Holding,0,29977.156957,1265.90765,1004.730894,651.742979,9167.880198,3.279456,23567.068324,297740.06889,2.780652,8203030.273438,6.285882,0.008865,1,,0,0,0,0,0.009727,0.008865,0.007902,-0.06746,-0.005795,-0.001338,11627.482154,11627.483566,0.452767,-0.005723,0.01223,343.131819,102116.585938,510.784882,102117.34375,0,52.285388,-6309.903175,41.359129,347.605942,1,0.998718,0,0,0,46.72858,42.879545,GravityTurn,,,,,,,,,,,,,,,,,,,,,,,,,,,None,Continue,0,None,8110636.040097,,0,0,1,1,9695.663452,9695.663452,4.092938,11873066.40625,7.624145,903.107903,24.263985,0.027306,3.074343,8,-0.028368,6.288378,,,,,,1,1,0,1,1,0.816274,0,0,0
106.739998,ASCENT,7,0,1,None,Holding,0,30146.950063,1271.280456,1010.160139,654.472408,9024.079238,3.294541,23765.659228,297040.132977,2.789233,8201487.304688,6.221523,0.008876,1,,0,0,0,0,0.001321,0.008876,0.008051,-0.057669,0.001041,0.003431,11640.424561,11640.407905,0.461274,0.021516,0.000913,343.288319,101935.0625,509.60788,101935.8125,0,52.648234,-6309.372597,41.407338,347.683333,1,0.998718,0,0,0,46.605073,42.880321,GravityTurn,,,,,,,,,,,,,,,,,,,,,,,,,,,None,Continue,0,None,8112138.356183,,0,0,1,1,9687.77594,9687.77594,4.105174,11873383.789063,7.666795,904.747554,24.331195,0.033745,3.733791,8,-0.028163,6.23028,,,,,,1,1,0,1,1,0.820131,0,0,0
106.999998,ASCENT,7,0,1,None,Holding,0,30317.45247,1276.674973,1015.610012,657.202987,8881.61258,3.309671,23965.494477,296340.258099,2.795758,8184504.882813,6.159295,0.008961,1,,0,0,0,0,0.00465,0.008961,0.008189,-0.053805,0.00214,-0.00177,11647.457876,11647.45717,0.469199,-0.005333,0.009913,343.230309,101750.914063,508.43692,101751.664063,0,53.012793,-6308.836793,41.455529,347.760554,1,0.998718,0,0,0,46.48145,42.881102,GravityTurn,,,,,,,,,,,,,,,,,,,,,,,,,,,None,Continue,0,None,8114061.314878,,0,0,1,1,9679.338806,9679.338806,4.118236,11873711.914063,7.708679,906.385129,24.395041,0.035596,3.160584,8,-0.024696,6.160402,,,,,,1,1,0,1,1,0.823953,0,0,0
107.259998,ASCENT,7,0,1,None,Holding,0,30488.664923,1282.088146,1021.07493,659.929013,8740.360502,3.324816,24166.577741,295640.673138,2.800503,8184126.953125,6.099495,0.009103,1,,0,0,0,0,0.00629,0.009103,0.007756,-0.093731,0.017666,-0.004019,11650.931836,11650.935312,0.444384,-0.018315,0.020456,342.98615,101563.429688,507.257965,101564.179688,0,53.37867,-6308.295739,41.503387,347.837023,1,0.998718,0,0,0,46.357837,42.881888,GravityTurn,,,,,,,,,,,,,,,,,,,,,,,,,,,None,Continue,0,None,8115238.599255,,0,0,1,1,9674.85376,9674.85376,4.125187,11873882.8125,7.74972,908.020616,24.455783,0.024415,3.04812,8,-0.016535,6.103489,,,,,,1,1,0,1,1,0.827738,0,0,0
107.519998,ASCENT,7,0,1,None,Holding,0,30660.585279,1287.520677,1026.559364,662.660871,8600.45891,3.339992,24368.914619,294941.194989,2.806698,8202112.304688,6.027026,0.008818,1,,0,0,0,0,0.003445,0.008818,0.00834,-0.033148,0.011884,-0.006581,11657.795072,11657.791302,0.477848,-0.031661,0.004921,342.947539,101371.570313,506.083832,101372.328125,0,53.746585,-6307.750024,41.551206,347.913209,1,0.998718,0,0,0,46.234133,42.882678,GravityTurn,,,,,,,,,,,,,,,,,,,,,,,,,,,None,Continue,0,None,8115703.894013,,0,0,1,1,9666.838989,9666.838989,4.137619,11874178.710938,7.790021,909.654012,24.51896,0.032673,3.924947,8,-0.037759,6.032798,,,,,,1,1,0,1,1,0.831486,0,0,0
107.779998,ASCENT,7,0,1,None,Holding,0,30833.214738,1292.973835,1032.062402,665.391237,8461.95445,3.355199,24572.507988,294241.884686,2.812991,8191777.34375,5.963482,0.008827,1,,0,0,0,0,0.002706,0.008827,0.008514,-0.021678,0.033718,0.002133,11663.774629,11663.772628,0.487802,0.010647,0.030216,342.785165,101185.070313,504.902374,101185.835938,0,54.116035,-6307.198933,41.598894,347.988974,1,0.998718,0,0,0,46.11036,42.883474,GravityTurn,,,,,,,,,,,,,,,,,,,,,,,,,,,None,Continue,0,None,8115989.259953,,0,0,1,1,9662.813995,9662.813995,4.143851,11874322.265625,7.829523,911.28531,24.580516,0.036272,4.869629,8,0.050107,5.968117,,,,,,1,1,0,1,1,0.835194,0,0,0
108.039998,ASCENT,7,0,1,None,Holding,0,31006.555727,1298.446833,1037.584216,668.121625,8324.878582,3.370435,24777.367891,293542.696454,2.818932,8184174.804688,5.903708,0.008957,1,,0,0,0,0,0.006491,0.008957,0.008626,-0.022869,-0.022799,0.003697,11669.9638,11669.964733,0.494227,0.01516,-0.032898,342.692889,100996.796875,503.725647,100997.5625,0,54.487127,-6306.642637,41.646539,348.064456,1,0.998718,0,0,0,45.986515,42.884275,GravityTurn,,,,,,,,,,,,,,,,,,,,,,,,,,,None,Continue,0,None,8115934.040272,,0,0,1,1,9654.223328,9654.223328,4.157133,11874624.023438,7.868243,912.914503,24.642039,0.035737,4.461089,8,0.05237,5.907552,,,,,,1,1,0,1,1,0.83886,0,0,0
108.299998,ASCENT,7,0,1,None,Holding,0,31180.607266,1303.948991,1043.133454,670.861076,8189.371204,3.38572,24983.499615,292843.111493,2.827649,8185622.070313,5.831126,0.008652,1,,0,0,0,0,0.006678,0.008652,0.008718,0.004586,0.004543,0.002418,11686.243454,11686.244687,0.499517,0.014678,-0.003032,342.933288,100814.90625,502.548676,100815.664063,0,54.860509,-6306.080462,41.693932,348.139328,1,0.998718,0,0,0,45.862405,42.885081,GravityTurn,,,,,,,,,,,,,,,,,,,,,,,,,,,None,Continue,0,None,8116271.44807,,0,0,1,1,9646.084534,9646.084534,4.169749,11874901.367188,7.906272,914.541588,24.708351,0.034271,4.772072,8,0.00535,5.838012,,,,,,1,1,0,1,1,0.842485,0,0,0
108.539998,ASCENT,7,0,1,None,Holding,0,31355.371362,1309.474799,1048.705364,673.60372,8055.438413,3.40105,25190.905483,292143.404461,2.835836,8203048.828125,5.77209,0.008824,1,,0,0,0,0,0.005423,0.008824,0.007813,-0.069397,-0.022632,0.003609,11700.761778,11700.755359,0.447654,0.015094,-0.033054,343.072761,100624.359375,501.368378,100625.109375,0,55.235774,-6305.512701,41.741268,348.213988,1,0.998718,0,0,0,45.738138,42.885892,GravityTurn,,,,,,,,,,,,,,,,,,,,,,,,,,,None,Continue,0,None,8117279.997792,,0,0,1,1,9641.995758,9641.995758,4.176075,11875034.179688,7.943567,916.166556,24.771835,0.016579,5.675231,8,-0.037057,5.777943,,,,,,1,1,0,1,1,0.846065,0,0,0
108.819998,ASCENT,7,0,1,None,Holding,0,31530.849072,1315.024553,1054.29917,676.349485,7923.079363,3.416419,25399.597396,291443.69743,2.843405,8199073.242188,5.708072,0.008823,1,,0,0,0,0,0.001429,0.008823,0.008942,0.008137,-0.063326,-0.002063,11714.15015,11714.152019,0.512312,-0.014362,-0.05495,343.135701,100438.226563,500.204712,100438.992188,0,55.612923,-6304.939267,41.788369,348.287903,1,0.998718,0,0,0,45.613732,42.886707,GravityTurn,,,,,,,,,,,,,,,,,,,,,,,,,,,None,Continue,0,None,8118395.830614,,0,0,1,1,9633.263367,9633.263367,4.189584,11875316.40625,7.980131,917.789407,24.834734,0.046983,5.571454,8,0.057861,5.712889,,,,,,1,1,0,1,1,0.849599,0,0,0
109.059998,ASCENT,7,0,1,None,Holding,0,31707.0437,1320.600343,1059.917669,679.09864,7792.388937,3.431844,25609.579163,290743.776776,2.852101,8194240.234375,5.644126,0.008833,1,,0,0,0,0,0.007789,0.008833,0.008343,-0.033407,0.02904,0.00368,11725.951547,11725.955066,0.478035,0.0171,0.036935,343.238077,100244.40625,499.024597,100245.164063,0,55.991986,-6304.359844,41.835391,348.361657,1,0.998718,0,0,0,45.489128,42.887528,GravityTurn,,,,,,,,,,,,,,,,,,,,,,,,,,,None,Continue,0,None,8120076.578103,,0,0,1,1,9629.132324,9629.132324,4.195971,11875445.3125,8.016008,919.410134,24.896695,0.029335,6.268028,8,0.045034,5.650324,,,,,,1,1,0,1,1,0.853086,0,0,0
109.339998,ASCENT,7,0,1,None,Holding,0,31883.94851,1326.197217,1065.556098,681.850751,7663.30229,3.447302,25820.858111,290043.886162,2.858863,8205147.460938,5.580886,0.008884,1,,0,0,0,0,0.001443,0.008884,0.009037,0.010406,0.025681,-0.003728,11734.894072,11734.895501,0.517783,-0.012427,0.016854,343.215754,100048.226563,497.844543,100048.976563,0,56.372926,-6303.775046,41.882258,348.434803,1,0.998718,0,0,0,45.364431,42.888355,GravityTurn,,,,,,,,,,,,,,,,,,,,,,,,,,,None,Continue,0,None,8121942.778539,,0,0,1,1,9620.834442,9620.834442,4.208802,11875697.265625,8.051184,921.02873,24.955587,0.045842,4.849069,8,0.030471,5.587925,,,,,,1,1,0,1,1,0.856523,0,0,0
109.579998,ASCENT,7,0,1,None,Holding,0,32061.5688,1331.80762,1071.206207,684.595274,7535.724894,3.46277,26033.441834,289344.621636,2.863179,8209129.882813,5.515358,0.008828,1,,0,0,0,0,0.001407,0.008828,0.008395,-0.029395,-0.058931,0.003305,11735.422006,11735.423036,0.480979,0.007449,-0.049283,342.929666,99860.65625,496.682465,99861.414063,0,56.754987,-6303.185131,41.929025,348.507761,1,0.998718,0,0,0,45.239824,42.889186,GravityTurn,,,,,,,,,,,,,,,,,,,,,,,,,,,None,Continue,0,None,8122726.871668,,0,0,1,1,9616.670654,9616.670654,4.21524,11875820.3125,8.085572,922.645187,25.009452,0.023824,5.664136,8,-0.02391,5.518944,,,,,,1,1,0,1,1,0.85991,0,0,0
109.859998,ASCENT,7,0,1,None,Holding,0,32239.904037,1337.446401,1076.883862,687.348793,7409.837197,3.478284,26247.332498,288645.006157,2.871163,8202446.289063,5.451386,0.008846,1,,0,0,0,0,0.003789,0.008846,0.008182,-0.044901,0.021894,-0.005033,11748.955574,11748.951485,0.468815,-0.023808,0.024945,343.06836,99664.632813,495.506836,99665.40625,0,57.139376,-6302.589176,41.975652,348.580137,1,0.998718,0,0,0,45.114958,42.890022,GravityTurn,,,,,,,,,,,,,,,,,,,,,,,,,,,None,Continue,0,None,8123080.468892,,0,0,1,1,9607.782562,9607.782562,4.228987,11876077.148438,8.119298,924.2595,25.071919,0.019749,6.290273,8,-0.00079,5.458367,,,,,,1,1,0,1,1,0.863245,0,0,0
110.119998,ASCENT,7,0,1,None,Holding,0,32418.959347,1343.102539,1082.576899,690.097903,7285.574094,3.493828,26462.542076,287945.772149,2.877278,8187296.386719,5.385638,0.008787,1,,0,0,0,0,0.003741,0.008787,0.008082,-0.047611,0.037497,0.003129,11752.451741,11752.45152,0.463063,0.02259,0.024252,342.861192,99481.679688,494.3284,99482.4375,0,57.525124,-6301.987718,42.022129,348.65217,1,0.998718,0,0,0,44.990102,42.890864,GravityTurn,,,,,,,,,,,,,,,,,,,,,,,,,,,None,Continue,0,None,8123642.719176,,0,0,1,1,9598.843719,9598.843719,4.242798,11876325.195313,8.15228,925.871662,25.126465,0.010912,6.114532,8,-0.037942,5.389836,,,,,,1,1,0,1,1,0.866525,0,0,0
110.379998,ASCENT,7,0,1,None,Holding,0,32598.725337,1348.785341,1088.294943,692.849465,7162.980578,3.509408,26679.067443,287246.324517,2.884708,8188691.40625,5.326528,0.008955,1,,0,0,0,0,0.005547,0.008955,0.009079,0.008333,-0.032424,0.00673,11764.422489,11764.437041,0.520177,0.036405,-0.01867,342.95847,99290.382813,493.158661,99291.148438,0,57.912733,-6301.379897,42.068491,348.723833,1,0.998718,0,0,0,44.865045,42.891711,GravityTurn,,,,,,,,,,,,,,,,,,,,,,,,,,,None,Continue,0,None,8123917.668566,,0,0,1,1,9594.616913,9594.616913,4.249357,11876439.453125,8.184567,927.481663,25.186011,0.03939,6.346077,8,0.058463,5.327769,,,,,,1,1,0,1,1,0.869748,0,0,0
110.639998,ASCENT,7,0,1,None,Holding,0,32779.205828,1354.491225,1094.034602,695.605537,7042.069791,3.525029,26896.916756,286546.831109,2.892588,8178739.257813,5.257595,0.008793,1,,0,0,0,0,0.008714,0.008793,0.008742,-0.003393,0.019011,0.006696,11774.986368,11775.000747,0.500895,0.033127,0.034653,343.037127,99088.617188,491.975525,99089.375,0,58.302356,-6300.766324,42.114616,348.794941,1,0.998718,0,0,0,44.739862,42.892563,GravityTurn,,,,,,,,,,,,,,,,,,,,,,,,,,,None,Continue,0,None,8124504.617515,,0,0,1,1,9586.125885,9586.125885,4.262495,11876663.085938,8.216189,929.089498,25.243759,0.029172,6.388029,8,-0.000114,5.265181,,,,,,1,1,0,1,1,0.872782,0,0,0
110.899998,ASCENT,7,0,1,None,Holding,0,32960.406597,1360.217889,1099.793296,698.358138,6922.801378,3.540683,27116.10814,285847.536065,2.899467,8180844.726563,5.19788,0.008934,1,,0,0,0,0,0.011684,0.008934,0.007895,-0.069614,-0.022718,-0.009812,11781.341314,11781.356992,0.45234,-0.043273,0.007554,342.893915,98897.9375,490.796783,98898.703125,0,58.693416,-6300.146699,42.16066,348.865737,1,0.998718,0,0,0,44.614612,42.893421,GravityTurn,,,,,,,,,,,,,,,,,,,,,,,,,,,None,Continue,0,None,8124916.60078,,0,0,1,1,9581.86499,9581.86499,4.26909,11876771.484375,8.247082,930.695161,25.298884,0.000126,5.94426,8,-0.05436,5.198577,,,,,,1,1,0,1,1,0.875889,0,0,0
111.139998,ASCENT,7,0,1,None,Holding,0,33142.322041,1365.972418,1105.580625,701.117474,6805.210482,3.55638,27336.634952,285147.844292,2.907745,8179576.660156,5.131952,0.008867,1,,0,0,0,0,0.000734,0.008867,0.009467,0.04008,0.010907,-0.004268,11798.400608,11798.437191,0.542412,-0.021131,0.013447,343.16356,98704.242188,489.610565,98704.992188,0,59.086669,-6299.520712,42.206879,348.936699,1,0.998718,0,0,0,44.489086,42.894283,GravityTurn,,,,,,,,,,,,,,,,,,,,,,,,,,,None,Continue,0,None,8125550.988165,,0,0,1,1,9572.766388,9572.766388,4.283158,11876998.046875,8.27733,932.298643,25.359338,0.046085,5.97071,8,0.047756,5.135899,,,,,,1,1,0,1,1,0.878934,0,0,0
111.419998,ASCENT,7,0,1,None,Holding,0,33324.954764,1371.752752,1111.390149,703.880157,6689.23742,3.57211,27558.51133,284448.106743,2.916151,8192873.046875,5.060762,0.008609,1,,0,0,0,0,0.011453,0.008609,0.008394,-0.014309,0.006252,-0.00606,11810.778375,11810.793673,0.480966,-0.017946,0.030258,343.19598,98509.96875,488.433289,98510.710938,0,59.481875,-6298.888359,42.252576,349.006511,1,0.998718,0,0,0,44.363426,42.895151,GravityTurn,,,,,,,,,,,,,,,,,,,,,,,,,,,None,Continue,0,None,8126733.504087,,0,0,1,1,9564.151764,9564.151764,4.296502,11877205.078125,8.306888,933.89994,25.416101,0.014245,5.537412,8,-0.03144,5.065942,,,,,,1,1,0,1,1,0.881914,0,0,0
111.679998,ASCENT,7,0,1,None,Holding,0,33508.307284,1377.552583,1117.219643,706.643006,6574.801684,3.587855,27781.741615,283748.5523,2.923417,8192833.984375,5.010949,0.009123,1,,0,0,0,0,0.008185,0.009123,0.008174,-0.062978,0.03219,-0.002933,11820.743123,11820.751854,0.468357,-0.007992,0.032994,343.154503,98324.765625,487.266846,98325.515625,0,59.87879,-6298.25027,42.298412,349.076439,1,0.998718,0,0,0,44.237681,42.896025,GravityTurn,,,,,,,,,,,,,,,,,,,,,,,,,,,None,Continue,0,None,8127741.885137,,0,0,1,1,9559.827942,9559.827942,4.303222,11877305.664063,8.335814,935.499043,25.471099,0.026512,6.898701,8,0.024495,5.013263,,,,,,1,1,0,1,1,0.884829,0,0,0
111.939997,ASCENT,7,0,1,None,Holding,0,33692.38023,1383.377093,1123.072091,709.406128,6461.880601,3.603619,28006.338475,283048.921086,2.931083,8211870.117188,4.942542,0.008973,1,,0,0,0,0,0.005509,0.008973,0.008347,-0.041462,-0.015445,0.005155,11834.692961,11834.702658,0.478238,0.025136,-0.017774,343.318159,98122.039063,486.08551,98122.796875,0,60.277443,-6297.605656,42.344115,349.145983,1,0.998718,0,0,0,44.111787,42.896904,GravityTurn,,,,,,,,,,,,,,,,,,,,,,,,,,,None,Continue,0,None,8128584.750424,,0,0,1,1,9551.147675,9551.147675,4.316683,11877504.882813,8.364069,937.095954,25.527257,0.010445,8.119715,8,-0.026673,4.943241,,,,,,1,1,0,1,1,0.887675,0,0,0
112.199997,ASCENT,7,0,1,None,Holding,0,33877.170355,1389.226976,1128.947533,712.172281,6350.541809,3.619424,28232.29929,282349.229313,2.939495,8182816.894531,4.877649,0.008947,1,,0,0,0,0,0.003187,0.008947,0.008197,-0.049487,-0.030246,0.000513,11843.834507,11843.85516,0.469631,0.003462,-0.021965,343.273537,97930.859375,484.914063,97931.609375,0,60.678034,-6296.954574,42.389494,349.214857,1,0.998718,0,0,0,43.985745,42.897788,GravityTurn,,,,,,,,,,,,,,,,,,,,,,,,,,,None,Continue,0,None,8129680.961478,,0,0,1,1,9546.785461,9546.785461,4.323448,11877601.5625,8.391663,938.690657,25.582232,0.011364,8.502521,8,-0.00267,4.877673,,,,,,1,1,0,1,1,0.890451,0,0,0
112.439997,ASCENT,7,0,1,None,Holding,0,34062.67826,1395.100681,1134.847227,714.944076,6240.651807,3.635248,28459.632081,281649.415471,2.946806,8205039.0625,4.8028,0.008589,1,,0,0,0,0,0.007867,0.008589,0.008835,0.016186,-0.214491,0.000224,11856.557496,11856.588285,0.506223,-0.000635,-0.189792,343.426229,97728.875,483.743835,97729.625,0,61.080768,-6296.297397,42.434913,349.283701,1,0.998718,0,0,0,43.859529,42.898678,GravityTurn,,,,,,,,,,,,,,,,,,,,,,,,,,,None,Continue,0,None,8130996.387662,,0,0,1,1,9537.481171,9537.481171,4.337869,11877800.78125,8.41864,940.28315,25.637331,0.046495,9.60094,8,0.049764,4.81282,,,,,,1,1,0,1,1,0.893155,0,0,0
112.719997,ASCENT,7,0,1,None,Holding,0,34248.905422,1400.9981,1140.767349,717.70985,6132.180565,3.651093,28688.342784,280949.784733,2.954114,8186217.285156,4.745615,0.008821,1,,0,0,0,0,0.000776,0.008821,0.007653,-0.076565,0.153447,-0.000402,11863.881841,11863.885005,0.438509,0.001541,0.139253,343.426086,97518.453125,482.572601,97519.210938,0,61.484769,-6295.633216,42.48009,349.351837,1,0.998718,0,0,0,43.733222,42.899573,GravityTurn,,,,,,,,,,,,,,,,,,,,,,,,,,,None,Continue,0,None,8132223.127876,,0,0,1,1,9528.67984,9528.67984,4.351542,11877983.398438,8.444922,941.873428,25.689323,-0.03037,11.755355,8,-0.098595,4.752164,,,,,,1,1,0,1,1,0.895784,0,0,0
112.959997,ASCENT,7,0,1,None,Holding,0,34435.856187,1406.926486,1146.719317,720.486799,6025.125446,3.666975,28918.443898,280249.543644,2.963806,8203345.703125,4.682563,0.00887,1,,0,0,0,0,0.006029,0.00887,0.007982,-0.058035,-0.011101,0.00655,11885.517762,11885.532185,0.457359,0.035319,-0.018915,343.642456,97339.445313,481.386932,97340.203125,0,61.891354,-6294.962206,42.525354,349.420101,1,0.998718,0,0,0,43.606583,42.900473,GravityTurn,,,,,,,,,,,,,,,,,,,,,,,,,,,None,Continue,0,None,8133707.695128,,0,0,1,1,9524.258362,9524.258362,4.358435,11878073.242188,8.470616,943.461484,25.748794,-0.005465,9.953444,8,0.01022,4.686649,,,,,,1,1,0,1,1,0.89821,0,0,0
113.239997,ASCENT,7,0,1,None,Holding,0,34623.529434,1412.870524,1152.68431,723.259144,5919.379356,3.682878,29149.945062,279549.88239,2.970489,8198792.96875,4.614217,0.008731,1,,0,0,0,0,0.007846,0.008731,0.007933,-0.05208,-0.02171,0.003013,11886.562896,11886.571266,0.454516,0.018286,-0.032155,343.247747,97140.5625,480.206329,97141.3125,0,62.299314,-6294.28539,42.570263,349.487494,1,0.998718,0,0,0,43.480012,42.90138,GravityTurn,,,,,,,,,,,,,,,,,,,,,,,,,,,None,Continue,0,None,8135509.749557,,0,0,1,1,9515.389282,9515.389282,4.372239,11878248.046875,8.495657,945.04731,25.795746,-0.007852,8.656029,8,-0.05431,4.622878,,,,,,1,1,0,1,1,0.900684,0,0,0
113.499997,ASCENT,7,0,1,None,Holding,0,34811.923651,1418.834069,1158.667098,726.031475,5814.780976,3.698776,29382.842026,278850.465275,2.975183,8181990.234375,4.556854,0.008988,1,,0,0,0,0,0.007773,0.008988,0.008866,-0.007958,0.019983,-0.001004,11890.328545,11890.337702,0.507959,0.000716,0.004153,343.123435,96942.890625,479.041534,96943.65625,0,62.709001,-6293.602504,42.61491,349.554409,1,0.998718,0,0,0,43.353409,42.902291,GravityTurn,,,,,,,,,,,,,,,,,,,,,,,,,,,None,Continue,0,None,8136011.051514,,0,0,1,1,9510.941132,9510.941132,4.379168,11878333.007813,8.520074,946.630901,25.844627,0.040104,9.748816,8,0.015411,4.562703,,,,,,1,1,0,1,1,0.903077,0,0,0
113.759997,ASCENT,7,0,1,None,Holding,0,35001.034601,1424.823629,1164.674522,728.801039,5711.357414,3.714696,29617.145591,278151.032902,2.983273,8199347.65625,4.484363,0.00869,1,,0,0,0,0,0.006402,0.00869,0.007728,-0.062362,0.050948,-0.00768,11901.376659,11901.388052,0.44281,-0.034799,0.036166,343.053542,96739.914063,477.853363,96740.664063,0,63.120213,-6292.912318,42.659566,349.621175,1,0.998718,0,0,0,43.226629,42.903209,GravityTurn,,,,,,,,,,,,,,,,,,,,,,,,,,,None,Continue,0,None,8136117.15983,,0,0,1,1,9501.452728,9501.452728,4.393963,11878511.71875,8.543851,948.212253,25.897007,-0.014303,8.507593,8,-0.016478,4.493998,,,,,,1,1,0,1,1,0.905385,0,0,0
114.019997,ASCENT,7,0,1,None,Holding,0,35190.862418,1430.832515,1170.701494,731.575943,5609.08205,3.730635,29852.855052,277451.692082,2.989982,8196114.257813,4.419154,0.008655,1,,0,0,0,0,0.011144,0.008655,0.009316,0.042747,-0.126204,-0.008457,11909.327536,11909.359964,0.533744,-0.039561,-0.092046,343.068851,96529.40625,476.679443,96530.164063,0,63.533565,-6292.216408,42.704119,349.687622,1,0.998718,0,0,0,43.099781,42.904131,GravityTurn,,,,,,,,,,,,,,,,,,,,,,,,,,,None,Continue,0,None,8136148.408825,,0,0,1,1,9492.478607,9492.478607,4.407978,11878675.78125,8.566999,949.791358,25.94729,0.051565,9.976352,8,0.047133,4.428923,,,,,,1,1,0,1,1,0.780312,0,0,0
114.259997,ASCENT,7,0,1,None,Holding,0,35381.418209,1436.866893,1176.752541,734.350805,5508.072327,3.746598,30089.993924,276752.305485,2.998128,8189554.199219,4.356441,0.008705,1,,0,0,0,0,0.008987,0.008705,0.008734,0.001884,-0.024885,-0.002414,11920.132692,11920.157265,0.500423,-0.006069,-0.039125,343.113147,96327.46875,475.517273,96328.226563,0,63.948666,-6291.513386,42.748571,349.753841,1,0.998718,0,0,0,42.97277,42.90506,GravityTurn,,,,,,,,,,,,,,,,,,,,,,,,,,,None,Continue,0,None,8136210.476948,,0,0,1,1,9487.973938,9487.973938,4.415018,11878753.90625,8.589538,951.368211,25.998825,0.02396,11.502124,8,-0.015211,4.364058,,,,,,1,1,0,1,1,0.732869,0,0,0
114.539997,ASCENT,7,0,1,None,Holding,0,35572.695347,1442.928783,1182.82774,737.12641,5408.372792,3.762588,30328.55715,276052.90363,3.006239,8177743.164063,4.2903,0.008634,1,,0,0,0,0,0.006463,0.008634,0.007985,-0.041693,-0.062278,-0.002796,11931.358314,11931.383686,0.45752,-0.016519,-0.051425,343.117823,96140.273438,474.332306,96141.023438,0,64.365578,-6290.80295,42.792601,349.819106,1,0.998718,0,0,0,42.845597,42.905994,GravityTurn,,,,,,,,,,,,,,,,,,,,,,,,,,,None,Continue,0,None,8136626.087514,,0,0,1,1,9478.369263,9478.369263,4.43003,11878918.945313,8.611487,952.942807,26.049119,-0.01662,11.575842,8,-0.049137,4.295867,,,,,,1,1,0,1,1,0.730607,0,0,0
114.799997,ASCENT,7,0,1,None,Holding,0,35764.687876,1449.017575,1188.929195,739.905776,5309.998694,3.778601,30568.546332,275353.288151,3.014946,8205444.335938,4.227372,0.008674,1,,0,0,0,0,0.004407,0.008674,0.009194,0.033295,0.008876,0.007334,11948.065481,11948.089356,0.526765,0.040613,0.007768,343.307694,95935.578125,473.168457,95936.34375,0,64.784535,-6290.08537,42.836568,349.884204,1,0.998718,0,0,0,42.718218,42.906934,GravityTurn,,,,,,,,,,,,,,,,,,,,,,,,,,,None,Continue,0,None,8137095.759926,,0,0,1,1,9473.830719,9473.830719,4.43714,11878995.117188,8.632836,954.51514,26.102089,0.030216,13.132205,8,0.045766,4.230551,,,,,,1,1,0,1,1,0.728165,0,0,0
115.059997,ASCENT,7,0,1,None,Holding,0,35957.408436,1455.130548,1195.055383,742.686994,5213.001228,3.79465,30809.978229,274653.550602,3.023876,8206780.273438,4.167279,0.008821,1,,0,0,0,0,0.004327,0.008821,0.008091,-0.046578,0.022766,-0.00426,11961.546646,11961.589436,0.463596,-0.02187,0.028404,343.322932,95736.710938,471.993011,95737.46875,0,65.205398,-6289.36086,42.880675,349.949354,1,0.998718,0,0,0,42.590668,42.90788,GravityTurn,,,,,,,,,,,,,,,,,,,,,,,,,,,None,Continue,0,None,8137995.747935,,0,0,1,1,9464.719574,9464.719574,4.451449,11879143.554688,8.653613,956.0852,26.153226,-0.004337,9.636908,8,-0.021866,4.175039,,,,,,1,1,0,1,1,0.72609,0,0,0
115.319997,ASCENT,7,0,1,None,Holding,0,36150.851723,1461.268694,1201.2036,745.469823,5117.35664,3.81072,31052.86059,273953.919388,3.031499,8188386.230469,4.101887,0.008788,1,,0,0,0,0,0.001409,0.008788,0.008461,-0.020829,0.068329,0.00618,11971.718884,11971.758861,0.484777,0.02997,0.059625,343.356115,95523.101563,470.811523,95523.859375,0,65.628155,-6288.629196,42.924308,350.013652,1,0.998718,0,0,0,42.463002,42.908831,GravityTurn,,,,,,,,,,,,,,,,,,,,,,,,,,,None,Continue,0,None,8139006.528853,,0,0,1,1,9455.564789,9455.564789,4.465826,11879287.109375,8.673814,957.652988,26.202068,0.011784,11.148795,8,-0.039666,4.103968,,,,,,1,1,0,1,1,0.723306,0,0,0
115.579997,ASCENT,7,0,1,None,Holding,0,36345.020965,1467.427004,1207.372559,748.254739,5023.076408,3.826808,31297.197706,273254.395463,3.038592,8180480.46875,4.041467,0.008943,1,,0,0,0,0,0.003219,0.008943,0.009873,0.059094,0.049713,0.001241,11979.035107,11979.057967,0.565691,0.009824,0.045991,343.185121,95324.320313,469.619965,95325.085938,0,66.052838,-6287.891139,42.967992,350.077873,1,0.998718,0,0,0,42.33525,42.909788,GravityTurn,,,,,,,,,,,,,,,,,,,,,,,,,,,None,Continue,0,None,8139796.959233,,0,0,1,1,9450.970184,9450.970184,4.47305,11879358.398438,8.693449,959.2185,26.24922,0.066049,11.105877,8,0.07022,4.046771,,,,,,1,1,0,1,1,0.720891,0,0,0
115.839997,ASCENT,7,0,1,None,Holding,0,36539.908236,1473.610953,1213.564893,751.039209,4930.170471,3.842911,31542.989708,272554.886796,3.046984,8192282.226563,3.973386,0.00883,1,,0,0,0,0,0.013768,0.00883,0.00888,0.0032,-0.071808,0.001454,11990.741415,11990.729424,0.508795,0.011794,-0.033552,343.27818,95131.945313,468.468903,95132.71875,0,66.479257,-6287.145592,43.011415,350.141559,1,0.998718,0,0,0,42.207357,42.910751,GravityTurn,,,,,,,,,,,,,,,,,,,,,,,,,,,None,Continue,0,None,8140293.807118,,0,0,1,1,9441.17569,9441.17569,4.488449,11879505.859375,8.712529,960.781725,26.297592,0.036694,12.459034,8,-0.021572,3.976853,,,,,,1,1,0,1,1,0.718401,0,0,0
116.079997,ASCENT,7,0,1,None,Holding,0,36735.518096,1479.8226,1219.782629,753.821466,4838.68656,3.859046,31790.247014,271855.286576,3.055471,8173608.886719,3.917337,0.009135,1,,0,0,0,0,0.017592,0.009135,0.008529,-0.038258,0.1004,0.004068,12002.207265,12002.233047,0.488669,0.030412,0.129893,343.206274,94915.226563,467.279053,94915.976563,0,66.907279,-6286.392033,43.054656,350.204915,1,0.998718,0,0,0,42.079283,42.91172,GravityTurn,,,,,,,,,,,,,,,,,,,,,,,,,,,None,Continue,0,None,8140828.873505,,0,0,1,1,9436.548737,9436.548737,4.495742,11879571.289063,8.731048,962.34266,26.346792,0.005467,10.919484,8,0.006828,3.916577,,,,,,1,1,0,1,1,0.716609,0,0,0
116.359997,ASCENT,7,0,1,None,Holding,0,36931.85803,1486.050675,1226.016829,756.605424,4748.583657,3.875193,32038.987607,271156.113602,3.062212,8177998.046875,3.843783,0.008842,1,,0,0,0,0,0.013436,0.008842,0.008719,-0.00779,-0.075486,-0.000536,12005.416368,12005.437027,0.499537,-0.001565,-0.030954,343.002762,94714.765625,466.099823,94715.515625,0,67.337209,-6285.632484,43.097781,350.267789,1,0.998718,0,0,0,41.951213,42.912694,GravityTurn,,,,,,,,,,,,,,,,,,,,,,,,,,,None,Continue,0,None,8141286.44282,,0,0,1,1,9427.266388,9427.266388,4.510415,11879702.148438,8.74902,963.901297,26.389215,0.027355,10.187507,8,0.013606,3.853284,,,,,,1,1,0,1,1,0.718848,0,0,0
116.619997,ASCENT,7,0,1,None,Holding,0,37128.924267,1492.305861,1232.277663,759.393531,4659.873261,3.891356,32289.212479,270456.757523,3.069615,8182761.71875,3.784406,0.009052,1,,0,0,0,0,0.008983,0.009052,0.008376,-0.042424,-0.013172,-0.000682,12019.211518,12019.223793,0.479921,-0.011601,0.017897,343.034482,94524.28125,464.941315,94525.046875,0,67.769262,-6284.865418,43.140836,350.3305,1,0.998718,0,0,0,41.822938,42.913675,GravityTurn,,,,,,,,,,,,,,,,,,,,,,,,,,,None,Continue,0,None,8141199.924128,,0,0,1,1,9417.942871,9417.942871,4.52516,11879829.101563,8.766443,965.457635,26.438469,0.00711,12.73113,8,-0.054588,3.787291,,,,,,1,1,0,1,1,0.720954,0,0,0
116.879997,ASCENT,7,0,1,None,Holding,0,37326.711082,1498.587659,1238.563255,762.178554,4572.593279,3.907547,32540.921665,269757.355191,3.07867,8199692.382813,3.718596,0.009015,1,,0,0,0,0,0.003929,0.009015,0.00882,-0.012215,0.005964,0.004828,12032.964198,12032.986124,0.505325,0.02683,0.01555,343.145094,94314.585938,463.737488,94315.34375,0,68.202854,-6284.090273,43.183773,350.392895,1,0.998718,0,0,0,41.694498,42.914661,GravityTurn,,,,,,,,,,,,,,,,,,,,,,,,,,,None,Continue,0,None,8141458.441422,,0,0,1,1,9412.679352,9412.679352,4.533495,11879900.390625,8.7833,967.011668,26.48618,0.020029,14.985723,8,-0.037405,3.723723,,,,,,1,1,0,1,1,0.7229,0,0,0
117.139997,ASCENT,7,0,1,None,Holding,0,37525.2206,1504.894565,1244.875648,764.970418,4486.749366,3.923772,32794.122577,269057.785489,3.087997,8196374.023438,3.652045,0.008961,1,,0,0,0,0,0.005173,0.008961,0.008662,-0.018644,-0.008599,0.006866,12048.456655,12048.466895,0.496282,0.036767,-0.005128,343.146311,94111.867188,462.601013,94112.640625,0,68.638792,-6283.30803,43.226892,350.455411,1,0.998718,0,0,0,41.565853,42.915653,GravityTurn,,,,,,,,,,,,,,,,,,,,,,,,,,,None,Continue,0,None,8141999.66844,,0,0,1,1,9403.283173,9403.283173,4.548393,11880019.53125,8.799626,968.563389,26.534942,0.006196,14.686244,8,-0.006631,3.655163,,,,,,1,1,0,1,1,0.724684,0,0,0
117.379997,ASCENT,7,0,1,None,Holding,0,37724.462245,1511.231604,1251.214451,767.761985,4402.339953,3.940033,33048.833645,268358.032681,3.096987,8200978.515625,3.583326,0.008804,1,,0,0,0,0,0.012398,0.008804,0.008942,0.008561,0.076601,0.002942,12061.562496,12061.59268,0.51232,0.018383,0.056279,343.291286,93892.25,461.403778,93893.007813,0,69.076518,-6282.517253,43.269549,350.517202,1,0.998718,0,0,0,41.437014,42.916652,GravityTurn,,,,,,,,,,,,,,,,,,,,,,,,,,,None,Continue,0,None,8143061.610542,,0,0,1,1,9398.567444,9398.567444,4.555881,11880079.101563,8.815382,970.112793,26.581901,0.012039,13.387063,8,-0.002691,3.58252,,,,,,1,1,0,1,1,0.726303,0,0,0
117.659997,ASCENT,7,0,1,None,Holding,0,37924.429337,1517.594373,1257.580698,770.559033,4319.326437,3.956321,33305.051331,267658.142544,3.105879,8190094.726563,3.519513,0.008844,1,,0,0,0,0,0.00839,0.008844,0.007851,-0.061494,0.039621,-0.000315,12077.214377,12077.233476,0.449827,0.007692,0.025783,343.421526,93684.484375,460.224487,93685.234375,0,69.516496,-6281.719053,43.312433,350.579014,1,0.998718,0,0,0,41.307959,42.917656,GravityTurn,,,,,,,,,,,,,,,,,,,,,,,,,,,None,Continue,0,None,8144356.778485,,0,0,1,1,9389.102203,9389.102203,4.570927,11880193.359375,8.830652,971.659874,26.629902,-0.037569,17.855352,8,-0.078837,3.524275,,,,,,1,1,0,1,1,0.727755,0,0,0
117.919997,ASCENT,7,0,1,None,Holding,0,38125.119101,1523.985882,1263.970967,773.355904,4237.693275,3.972633,33562.780691,266958.282925,3.114897,8186823.730469,3.450459,0.008695,1,,0,0,0,0,0.005548,0.008695,0.008885,0.011697,-0.029899,-0.003162,12091.450584,12091.471337,0.50906,-0.011186,-0.026568,343.51414,93478.40625,459.061493,93479.171875,0,69.958272,-6280.912425,43.354646,350.639803,1,0.998718,0,0,0,41.178761,42.918666,GravityTurn,,,,,,,,,,,,,,,,,,,,,,,,,,,None,Continue,0,None,8145731.797618,,0,0,1,1,9379.596191,9379.596191,4.586071,11880304.6875,8.845397,973.204629,26.676269,0.016214,17.052598,8,0.010663,3.45868,,,,,,1,1,0,1,1,0.729035,0,0,0
118.179997,ASCENT,7,0,1,None,Holding,0,38326.539013,1530.399034,1270.384687,776.154671,4157.429754,3.988974,33822.039186,266258.423306,3.123601,8210010.742188,3.390786,0.008887,1,,0,0,0,0,0.000972,0.008887,0.007997,-0.054747,-0.061603,-0.000965,12103.247392,12103.278339,0.458197,-0.003028,-0.050954,343.623138,93262,457.87558,93262.765625,0,70.402019,-6280.098624,43.397117,350.70083,1,0.998718,0,0,0,41.049431,42.919683,GravityTurn,,,,,,,,,,,,,,,,,,,,,,,,,,,None,Continue,0,None,8147068.749954,,0,0,1,1,9374.826538,9374.826538,4.593658,11880358.398438,8.859645,974.74705,26.721357,-0.03665,19.80091,8,-0.030338,3.395011,,,,,,1,1,0,1,1,0.730142,0,0,0
118.439997,ASCENT,7,0,1,None,Holding,0,38528.688028,1536.837978,1276.821256,778.952808,4078.485312,4.005331,34082.830245,265558.701016,3.131417,8212812.5,3.329618,0.009044,1,,0,0,0,0,0.011875,0.009044,0.008327,-0.043934,0.026507,0.006273,12113.352788,12113.375484,0.477096,0.038517,0.005879,343.504026,93048.9375,456.708252,93049.695313,0,70.847533,-6279.276716,43.439171,350.761124,1,0.998718,0,0,0,40.919983,42.920705,GravityTurn,,,,,,,,,,,,,,,,,,,,,,,,,,,None,Continue,0,None,8148161.231423,,0,0,1,1,9365.256897,9365.256897,4.608971,11880465.820313,8.873417,976.287136,26.765173,0.014206,17.761103,8,0.001001,3.332805,,,,,,1,1,0,1,1,0.731037,0,0,0
118.699997,ASCENT,7,0,1,None,Holding,0,38731.561986,1543.306827,1283.287098,781.754476,4000.864904,4.02172,34345.158461,264858.627774,3.140836,8204673.828125,3.264645,0.009069,1,,0,0,0,0,0.006539,0.009069,0.00902,-0.002968,-0.015732,0.007201,12130.614387,12130.612279,0.516816,0.042278,-0.021379,343.603537,92844.28125,455.523651,92845.039063,0,71.295176,-6278.446312,43.481163,350.821195,1,0.998718,0,0,0,40.79029,42.921734,GravityTurn,,,,,,,,,,,,,,,,,,,,,,,,,,,None,Continue,0,None,8149255.215098,,0,0,1,1,9360.45462,9360.45462,4.616655,11880517.578125,8.886698,977.824883,26.813006,0.030234,17.919293,8,-0.00941,3.269644,,,,,,1,1,0,1,1,0.731948,0,0,0
118.939997,ASCENT,7,0,1,None,Holding,0,38935.165811,1549.797004,1289.772961,784.555322,3924.527319,4.038138,34609.032145,264158.844449,3.149055,8183951.171875,3.198944,0.009084,1,,0,0,0,0,0.005095,0.009084,0.008898,-0.011324,-0.046313,-0.003027,12136.23722,12136.264303,0.50983,-0.012229,-0.034658,343.453936,92627.960938,454.335815,92628.703125,0,71.744572,-6277.608393,43.522934,350.880906,1,0.998718,0,0,0,40.660537,42.922768,GravityTurn,,,,,,,,,,,,,,,,,,,,,,,,,,,None,Continue,0,None,8150612.120931,,0,0,1,1,9349.611694,9349.611694,4.634015,11880630.859375,8.899512,979.360282,26.853713,0.025452,19.973123,8,-0.049363,3.208901,,,,,,1,1,0,1,1,0.732873,0,0,0
119.219997,ASCENT,7,0,1,None,Holding,0,39139.495491,1556.309587,1296.279938,787.356293,3849.390491,4.054558,34874.455865,263459.290005,3.155643,8215520.507813,3.136426,0.009223,1,,0,0,0,0,0.009679,0.009223,0.009608,0.023402,0.055292,-0.006744,12145.0254,12145.039875,0.550509,-0.030992,0.0708,343.349821,92413.679688,453.154205,92414.421875,0,72.195808,-6276.762806,43.564479,350.939999,1,0.998718,0,0,0,40.530704,42.923809,GravityTurn,,,,,,,,,,,,,,,,,,,,,,,,,,,None,Continue,0,None,8151166.223048,,0,0,1,1,9344.779449,9344.779449,4.6418,11880679.6875,8.911854,980.893334,26.895315,0.079609,19.84168,8,0.043947,3.143465,,,,,,1,1,0,1,1,0.733808,0,0,0
119.479997,ASCENT,7,0,1,None,Holding,0,39344.550641,1562.846803,1302.812885,790.154561,3775.467247,4.071012,35141.439191,262759.674527,3.164229,8193446.289063,3.067115,0.009093,1,,0,0,0,0,0.005192,0.009093,0.008823,-0.016335,-0.137408,-0.002188,12154.579242,12154.617134,0.505515,-0.007388,-0.132907,343.377699,92205.132813,452.000061,92205.890625,0,72.648654,-6275.908893,43.606359,350.999523,1,0.998718,0,0,0,40.400694,42.924856,GravityTurn,,,,,,,,,,,,,,,,,,,,,,,,,,,None,Continue,0,None,8151560.438936,,0,0,1,1,9335.080841,9335.080841,4.65738,11880775.390625,8.923683,982.42403,26.938707,-0.002496,20.737933,8,0.00093,3.072852,,,,,,1,1,0,1,1,0.734753,0,0,0
119.739997,ASCENT,7,0,1,None,Holding,0,39550.33586,1569.411211,1309.368471,792.952544,3702.667763,4.087476,35409.992508,262060.150124,3.171908,8191206.054688,2.999309,0.009012,1,,0,0,0,0,0.006595,0.009012,0.009503,0.02959,-0.075912,0.001135,12165.307908,12165.341173,0.544467,0.009604,-0.05449,343.314357,92003.59375,450.825867,92004.359375,0,73.103319,-6275.046367,43.647538,351.057926,1,0.998718,0,0,0,40.270576,42.92591,GravityTurn,,,,,,,,,,,,,,,,,,,,,,,,,,,None,Continue,0,None,8151726.684645,,0,0,1,1,9325.344116,9325.344116,4.673083,11880868.164063,8.935041,983.952362,26.980956,0.036463,22.779764,8,0.014521,3.005307,,,,,,1,1,0,1,1,0.735708,0,0,0
119.999997,ASCENT,7,0,1,None,Holding,0,39756.84955,1575.999199,1315.948048,795.751238,3630.976621,4.10397,35680.118731,261360.717751,3.180656,8189324.707031,2.937901,0.009155,1,,0,0,0,0,0.009835,0.009155,0.008655,-0.030074,-0.032831,0.000464,12174.18926,12174.203477,0.495879,0.005055,-0.008917,343.172965,91778.367188,449.634399,91779.117188,0,73.559885,-6274.175852,43.688776,351.116289,1,0.998718,0,0,0,40.140323,42.926969,GravityTurn,,,,,,,,,,,,,,,,,,,,,,,,,,,None,Continue,0,None,8151820.743895,,0,0,1,1,9320.46048,9320.46048,4.680972,11880912.109375,8.945931,985.478324,27.022454,0.001887,22.986494,8,0.026127,2.940802,,,,,,1,1,0,1,1,0.736673,0,0,0
120.239997,ASCENT,7,0,1,None,Holding,0,39964.090748,1582.621309,1322.561515,798.557266,3560.34292,4.120497,35951.826417,260660.736062,3.19075,8197594.726563,2.870636,0.009114,1,,0,0,0,0,0.006851,0.009114,0.008325,-0.047296,0.069821,-0.004255,12196.216701,12196.226378,0.476995,-0.01761,0.058277,343.394353,91575.476563,448.47641,91576.242188,0,74.018938,-6273.296079,43.729969,351.174548,1,0.998718,0,0,0,40.009741,42.928035,GravityTurn,,,,,,,,,,,,,,,,,,,,,,,,,,,None,Continue,0,None,8152191.602189,,0,0,1,1,9310.656006,9310.656006,4.696837,11881000.976563,8.956401,987.001915,27.070906,-0.006831,22.695574,8,0.031816,2.879051,,,,,,1,1,0,1,1,0.737648,0,0,0
120.519997,ASCENT,7,0,1,None,Holding,0,40172.063564,1589.266641,1329.196962,801.361329,3490.72833,4.137058,36225.123911,259961.013772,3.200526,8176542.480469,2.807008,0.0092,1,,0,0,0,0,0.006351,0.0092,0.008315,-0.052891,0.050613,-0.003554,12207.242708,12207.266756,0.476387,-0.021549,0.043669,343.40025,91359.101563,447.299408,91359.859375,0,74.47968,-6272.408023,43.770993,351.23228,1,0.998718,0,0,0,39.879067,42.929107,GravityTurn,,,,,,,,,,,,,,,,,,,,,,,,,,,None,Continue,0,None,8153139.283425,,0,0,1,1,9300.810059,9300.810059,4.712808,11881087.890625,8.966426,988.523131,27.111569,-0.03638,26.983438,8,0.000441,2.813319,,,,,,1,1,0,1,1,0.738633,0,0,0
120.779997,ASCENT,7,0,1,None,Holding,0,40380.764589,1595.932086,1335.852112,804.164916,3422.155721,4.153632,36500.016774,259261.56614,3.207261,8187016.601563,2.744627,0.009347,1,,0,0,0,0,0.009089,0.009347,0.00893,-0.024806,0.005095,-0.004562,12213.128451,12213.161195,0.51166,-0.026959,0.001709,343.242774,91132.96875,446.120117,91133.726563,0,74.942232,-6271.512279,43.811897,351.289805,1,0.998718,0,0,0,39.748346,42.930186,GravityTurn,,,,,,,,,,,,,,,,,,,,,,,,,,,None,Continue,0,None,8153627.029441,,0,0,1,1,9295.874725,9295.874725,4.720831,11881129.882813,8.976032,990.041964,27.149462,0.021264,21.571297,8,0.009783,2.752359,,,,,,1,1,0,1,1,0.674961,0,0,0
121.039997,ASCENT,7,0,1,None,Holding,0,40590.18718,1602.62769,1342.5343,806.965289,3354.653522,4.170224,36776.512263,258562.08799,3.215883,8192955.078125,2.670757,0.009063,1,,0,0,0,0,0.009861,0.009063,0.008399,-0.039421,-0.062146,-0.003876,12225.24523,12225.261925,0.481218,-0.016406,-0.0367,343.265214,90920.265625,444.945587,90921.023438,0,75.406377,-6270.606847,43.852448,351.346717,1,0.998718,0,0,0,39.617436,42.931271,GravityTurn,,,,,,,,,,,,,,,,,,,,,,,,,,,None,Continue,0,None,8153657.399877,,0,0,1,1,9285.971924,9285.971924,4.736955,11881211.914063,8.985187,991.558413,27.191481,-0.084231,30.158673,8,-0.052328,2.6728,,,,,,1,1,0,1,1,0.674081,0,0,0
121.299997,ASCENT,7,0,1,None,Holding,0,40800.344496,1609.35328,1349.246623,809.772439,3288.288271,4.186872,37054.617792,257862.395741,3.226158,8189152.832031,2.602056,0.008979,1,,0,0,0,0,0.002495,0.008979,0.009144,0.009751,0.063813,-0.003333,12240.770803,12240.786197,0.523931,-0.015512,0.068076,343.2284,90706.460938,443.769226,90707.226563,0,75.872981,-6269.692542,43.892949,351.403442,1,0.998718,0,0,0,39.486276,42.932362,GravityTurn,,,,,,,,,,,,,,,,,,,,,,,,,,,None,Continue,0,None,8154169.39847,,0,0,1,1,9276.646881,9276.646881,4.752198,11881286.132813,8.993935,993.072464,27.234437,0.018022,22.228791,8,0.014484,2.612845,,,,,,1,1,0,1,1,0.673346,0,0,0
121.539997,ASCENT,7,0,1,None,Holding,0,41011.228669,1616.103924,1355.983785,812.579455,3223.037013,4.203558,37334.344269,257162.719227,3.235041,8186151.855469,2.538329,0.009066,1,,0,0,0,0,0.002982,0.009066,0.009746,0.040097,0.076915,0.00674,12254.469794,12254.506845,0.558409,0.040345,0.07315,343.306935,90475.65625,442.583588,90476.414063,0,76.34145,-6268.769546,43.933425,351.4601,1,0.998718,0,0,0,39.354973,42.93346,GravityTurn,,,,,,,,,,,,,,,,,,,,,,,,,,,None,Continue,0,None,8154770.538942,,0,0,1,1,9271.657471,9271.657471,4.760356,11881325.195313,9.002263,994.584119,27.275511,0.050191,22.374613,8,0.037204,2.545999,,,,,,1,1,0,1,1,0.672685,0,0,0
121.819997,ASCENT,7,0,1,None,Holding,0,41222.840718,1622.876775,1362.74192,815.383114,3158.892277,4.220276,37615.690892,256463.302113,3.243216,8190500.488281,2.472474,0.009072,1,,0,0,0,0,0.004179,0.009072,0.008852,-0.012926,0.041144,-0.000584,12263.991901,12264.037976,0.507193,0.005752,0.053112,343.32544,90275.976563,441.42334,90276.734375,0,76.8115,-6267.838008,43.973731,351.516239,1,0.998718,0,0,0,39.223602,42.934565,GravityTurn,,,,,,,,,,,,,,,,,,,,,,,,,,,None,Continue,0,None,8155129.613912,,0,0,1,1,9261.027374,9261.027374,4.77775,11881405.273438,9.010185,996.093373,27.313247,0.004886,25.508853,8,0.003181,2.477871,,,,,,1,1,0,1,1,0.672314,0,0,0
122.079997,ASCENT,7,0,1,None,Holding,0,41435.186102,1629.68337,1369.531752,818.189542,3095.892921,4.237051,37898.678786,255763.534047,3.25353,8201996.09375,2.408802,0.009166,1,,0,0,0,0,0.00621,0.009166,0.008144,-0.059804,0.043518,-0.003946,12281.056131,12281.079909,0.466589,-0.019029,0.035831,343.325223,90045.828125,440.23175,90046.578125,0,77.283692,-6266.896397,44.013761,351.571962,1,0.998718,0,0,0,39.091957,42.935675,GravityTurn,,,,,,,,,,,,,,,,,,,,,,,,,,,None,Continue,0,None,8155500.807205,,0,0,1,1,9256.006073,9256.006073,4.785994,11881441.40625,9.017725,997.600218,27.356423,-0.014753,22.288083,8,-0.021546,2.413125,,,,,,1,1,0,1,1,0.671677,0,0,0
122.339997,ASCENT,7,0,1,None,Holding,0,41648.258769,1636.511944,1376.345969,820.995354,3034.023713,4.253873,38183.305395,255063.872792,3.262493,8185687.988281,2.338634,0.009019,1,,0,0,0,0,0.002931,0.009019,0.009101,0.004831,-0.042403,0.006098,12291.747656,12291.77697,0.521469,0.038717,-0.034098,343.349122,89834.695313,439.075195,89835.453125,0,77.757711,-6265.946389,44.054165,351.628094,1,0.998718,0,0,0,38.96018,42.936793,GravityTurn,,,,,,,,,,,,,,,,,,,,,,,,,,,None,Continue,0,None,8156221.981399,,0,0,1,1,9246.563599,9246.563599,4.80155,11881508.789063,9.024865,999.104651,27.395192,0.025732,26.671424,8,0.031784,2.346775,,,,,,1,1,0,1,1,0.671538,0,0,0
122.579997,ASCENT,7,0,1,None,Holding,0,41862.06207,1643.374941,1383.190216,823.80708,2973.271481,4.270737,38469.580095,254363.982655,3.272113,8205178.710938,2.275023,0.009129,1,,0,0,0,0,0.00774,0.009129,0.008088,-0.060469,0.046924,-0.005271,12310.359876,12310.373538,0.463433,-0.032292,0.032729,343.458925,89608.09375,437.889343,89608.859375,0,78.23416,-6264.986317,44.093817,351.683154,1,0.998718,0,0,0,38.828164,42.937917,GravityTurn,,,,,,,,,,,,,,,,,,,,,,,,,,,None,Continue,0,None,8156924.824473,,0,0,1,1,9236.451141,9236.451141,4.818228,11881580.078125,9.03165,1000.606668,27.437729,-0.055836,34.468359,8,-0.016958,2.277178,,,,,,1,1,0,1,1,0.671258,0,0,0
122.839997,ASCENT,7,0,1,None,Holding,0,42076.596741,1650.262763,1390.059616,826.61842,2913.642958,4.287651,38757.515468,253664.184071,3.282066,8195723.632813,2.20211,0.008907,1,,0,0,0,0,0.005227,0.008907,0.010247,0.077548,-0.044165,0.001392,12324.54754,12324.558307,0.587102,0.001708,-0.042803,343.502581,89378.28125,436.709595,89379.03125,0,78.712477,-6264.017236,44.133521,351.738093,1,0.998718,0,0,0,38.696004,42.939047,GravityTurn,,,,,,,,,,,,,,,,,,,,,,,,,,,None,Continue,0,None,8157691.751044,,0,0,1,1,9231.380157,9231.380157,4.826607,11881614.257813,9.03806,1002.106264,27.478204,0.094316,38.902982,8,0.038602,2.207791,,,,,,1,1,0,1,1,0.671104,0,0,0
123.119997,ASCENT,7,0,1,None,Holding,0,42291.862368,1657.17148,1396.948578,829.421846,2855.139735,4.304624,39047.11591,252964.736439,3.289678,8199623.046875,2.1494,0.009384,1,,0,0,0,0,0.008322,0.009384,0.009668,0.016386,0.00569,0.004289,12328.374825,12328.384959,0.553953,0.021763,0.004087,343.255908,89166.265625,435.516846,89167.007813,0,79.191992,-6263.039108,44.173106,351.792678,1,0.998718,0,0,0,38.563809,42.940185,GravityTurn,,,,,,,,,,,,,,,,,,,,,,,,,,,None,Continue,0,None,8158318.626832,,0,0,1,1,9221.205902,9221.205902,4.843455,11881680.664063,9.044103,1003.603432,27.511851,0.081047,42.963385,8,0.086999,2.153387,,,,,,1,1,0,1,1,0.670845,0,0,0
123.379997,ASCENT,7,0,1,None,Holding,0,42507.855192,1664.103918,1403.861414,832.227079,2797.744296,4.32165,39338.384406,252265.365101,3.296745,8209010.742188,2.069926,0.008934,1,,0,0,0,0,0.01158,0.008934,0.007954,-0.056415,0.03976,-0.003588,12338.042473,12338.067536,0.455716,-0.024702,0.015308,343.103599,88954.296875,434.355865,88955.039063,0,79.673566,-6262.052231,44.212637,351.847163,1,0.998718,0,0,0,38.431496,42.941328,GravityTurn,,,,,,,,,,,,,,,,,,,,,,,,,,,None,Continue,0,None,8158083.309765,,0,0,1,1,9210.994873,9210.994873,4.86041,11881744.140625,9.049806,1005.09817,27.549104,-0.061545,37.837558,8,-0.077359,2.077914,,,,,,1,1,0,1,1,0.670434,0,0,0
123.619997,ASCENT,7,0,1,None,Holding,0,42724.576571,1671.064512,1410.799321,835.031762,2741.492588,4.338771,39631.328365,251566.100575,3.3058,8173926.757813,2.003252,0.00892,1,,0,0,0,0,0.006869,0.00892,0.009577,0.037697,0.091506,0.010684,12344.067211,12344.085638,0.548727,0.061691,0.099077,343.023557,88711.695313,433.173096,88712.445313,0,80.157005,-6261.055543,44.25168,351.900956,1,0.998718,0,0,0,38.299044,42.942479,GravityTurn,,,,,,,,,,,,,,,,,,,,,,,,,,,None,Continue,0,None,8157865.922419,,0,0,1,1,9205.871826,9205.871826,4.868933,11881775.390625,9.05515,1006.590473,27.585051,0.034104,46.900212,8,0.022449,2.015266,,,,,,1,1,0,1,1,0.669722,0,0,0
123.899997,ASCENT,7,0,1,None,Holding,0,42942.031733,1678.056079,1417.770478,837.840205,2686.349962,4.355973,39925.96581,250866.545655,3.315696,8206359.375,1.949232,0.009367,1,,0,0,0,0,0.007827,0.009367,0.008466,-0.051474,-0.077574,0.007037,12366.255495,12366.282433,0.485057,0.049167,-0.079409,343.275024,88491.4375,432.006012,88492.195313,0,80.642709,-6260.04885,44.291092,351.954983,1,0.998718,0,0,0,38.166299,42.943636,GravityTurn,,,,,,,,,,,,,,,,,,,,,,,,,,,None,Continue,0,None,8157683.818377,,0,0,1,1,9195.60083,9195.60083,4.886063,11881836.914063,9.060177,1008.080334,27.627677,-0.067148,56.734837,8,-0.033777,1.951009,,,,,,1,1,0,1,1,0.669621,0,0,0
124.159997,ASCENT,7,0,1,None,Holding,0,43160.210252,1685.067613,1424.757063,840.641739,2632.315693,4.373274,40222.28769,250167.540528,3.324018,8188835.449219,1.875455,0.009118,1,,0,0,0,0,0.001362,0.009118,0.010286,0.066525,-0.021344,-0.001564,12368.297309,12368.313135,0.589372,0.003589,-0.026599,342.906862,88275.109375,430.835938,88275.875,0,81.1297,-6259.033098,44.329783,352.008003,1,0.998718,0,0,0,38.033599,42.9448,GravityTurn,,,,,,,,,,,,,,,,,,,,,,,,,,,None,Continue,0,None,8157491.690785,,0,0,1,1,9190.450165,9190.450165,4.894672,11881864.257813,9.064882,1009.567751,27.659373,0.14796,61.111934,8,0.113746,1.877142,,,,,,1,1,0,1,1,0.669395,0,0,0
124.419997,ASCENT,7,0,1,None,Holding,0,43379.121937,1692.108408,1431.773799,843.445841,2579.362219,4.390674,40520.316449,249468.352295,3.332341,8201031.25,1.810047,0.009168,1,,0,0,0,0,0.004385,0.009168,0.008693,-0.026966,0.030239,0.003176,12381.224238,12381.23208,0.498057,0.031169,0.036693,342.841247,88043.554688,429.652557,88044.304688,0,81.618852,-6258.007399,44.368599,352.061093,1,0.998718,0,0,0,37.900667,42.945971,GravityTurn,,,,,,,,,,,,,,,,,,,,,,,,,,,None,Continue,0,None,8156935.898953,,0,0,1,1,9180.119415,9180.119415,4.911976,11881923.828125,9.069277,1011.052716,27.697405,-0.04733,62.585071,8,-0.058925,1.811754,,,,,,1,1,0,1,1,0.669752,0,0,0
124.679997,ASCENT,7,0,1,None,Holding,0,43598.763113,1699.178005,1438.818412,846.25079,2527.476892,4.408186,40820.053531,248769.103028,3.341954,8179762.207031,1.739382,0.009048,1,,0,0,0,0,0.003004,0.009048,0.008908,-0.00795,-0.018272,-0.001379,12396.653478,12396.63829,0.510379,-0.012272,-0.02474,342.961223,87810.554688,428.491516,87811.3125,0,82.110018,-6256.971604,44.40726,352.11387,1,0.998718,0,0,0,37.767548,42.947149,GravityTurn,,,,,,,,,,,,,,,,,,,,,,,,,,,None,Continue,0,None,8156473.61198,,0,0,1,1,9169.743744,9169.743744,4.929403,11881978.515625,9.073379,1012.535225,27.736309,0.032813,72.322172,8,0.044086,1.746095,,,,,,1,1,0,1,1,0.669901,0,0,0
124.939997,ASCENT,7,0,1,None,Holding,0,43819.130055,1706.280686,1445.894009,849.053872,2476.650944,4.425831,41121.506044,248069.670655,3.353227,8210227.539063,1.678915,0.009277,1,,0,0,0,0,0.012347,0.009277,0.007205,-0.116633,-0.024062,-0.001935,12415.596484,12415.612793,0.412829,0.008579,-0.001375,343.159972,87587.265625,427.296356,87588.015625,0,82.602963,-6255.924611,44.445685,352.166228,1,0.998718,0,0,0,37.634183,42.948334,GravityTurn,,,,,,,,,,,,,,,,,,,,,,,,,,,None,Continue,0,None,8156432.148868,,0,0,1,1,9164.540253,9164.540253,4.938163,11882005.859375,9.077186,1014.015276,27.776306,-0.223534,77.914422,8,-0.171077,1.682734,,,,,,1,1,0,1,1,0.670061,0,0,0
125.179997,ASCENT,7,0,1,None,Holding,0,44040.230652,1713.408114,1452.994797,851.8616,2426.846948,4.443611,41424.689299,247370.360352,3.362796,8185988.28125,1.608251,0.009173,1,,0,0,0,0,0.001751,0.009173,0.010791,0.090769,0.025201,-0.005661,12427.170167,12427.201234,0.6183,-0.024578,0.03021,343.202541,87354.273438,426.111237,87355,0,83.098268,-6254.868449,44.484034,352.218468,1,0.998718,0,0,0,37.500684,42.949525,GravityTurn,,,,,,,,,,,,,,,,,,,,,,,,,,,None,Continue,0,None,8156641.974201,,0,0,1,1,9154.098267,9154.098267,4.955752,11882059.570313,9.080716,1015.492862,27.812566,0.211645,70.569187,8,0.187667,1.614683,,,,,,1,1,0,1,1,0.670121,0,0,0
125.459997,ASCENT,7,0,1,None,Holding,0,44262.057461,1720.56713,1460.127325,854.672804,2378.034336,4.461533,41729.599762,246670.805432,3.373468,8208591.796875,1.542714,0.009252,1,,0,0,0,0,0.007423,0.009252,0.010019,0.042891,0.040024,-0.000397,12445.220984,12445.2301,0.574066,-0.00377,0.02955,343.269281,87133.820313,424.958588,87134.570313,0,83.595851,-6253.80169,44.522383,352.270444,1,0.998718,0,0,0,37.36693,42.950724,GravityTurn,,,,,,,,,,,,,,,,,,,,,,,,,,,None,Continue,0,None,8157027.455765,,0,0,1,1,9143.61319,9143.61319,4.97352,11882112.304688,9.083971,1016.967982,27.851673,0.119156,77.244898,8,0.039309,1.55132,,,,,,1,1,0,1,1,0.670307,0,0,0
125.719997,ASCENT,7,0,1,None,Holding,0,44484.615967,1727.758275,1467.290004,857.481904,2330.175111,4.479603,42036.258016,245971.144177,3.38401,8217604.492188,1.47696,0.009325,1,,0,0,0,0,0.009378,0.009325,0.009722,0.022106,-0.025171,-0.007695,12465.752322,12465.796962,0.55705,-0.047917,-0.007719,343.640277,86897.320313,423.770935,86898.070313,0,84.095212,-6252.723638,44.560496,352.322087,1,0.998718,0,0,0,37.232951,42.951929,GravityTurn,,,,,,,,,,,,,,,,,,,,,,,,,,,None,Continue,0,None,8157492.252824,,0,0,1,1,9138.354706,9138.354706,4.98241,11882137.695313,9.086968,1018.440627,27.892558,0.090699,101.311973,8,-0.005295,1.484863,,,,,,1,1,0,1,1,0.669884,0,0,0
125.959997,ASCENT,7,0,1,None,Holding,0,44707.905671,1734.975451,1474.478429,860.290715,2283.245079,4.497846,42344.665332,245271.543957,3.394683,8187812.5,1.400693,0.009009,1,,0,0,0,0,0.006249,0.009009,0.010236,0.068057,0.005241,-0.000756,12474.975486,12474.993102,0.586486,-0.004154,0.017599,343.396269,86672.632813,422.59198,86673.390625,0,84.596506,-6251.635504,44.59853,352.373612,1,0.998718,0,0,0,37.098832,42.953141,GravityTurn,,,,,,,,,,,,,,,,,,,,,,,,,,,None,Continue,0,None,8158446.470494,,0,0,1,1,9127.799072,9127.799072,5.000373,11882186.523438,9.089688,1019.910797,27.927249,0.106467,98.373717,8,0.028159,1.403087,,,,,,1,1,0,1,1,0.669861,0,0,0
126.219997,ASCENT,7,0,1,None,Holding,0,44931.923855,1742.223099,1481.696108,863.097682,2237.17477,4.516242,42654.826201,244571.897961,3.403831,8199758.789063,1.332498,0.008974,1,,0,0,0,0,0.012506,0.008974,0.009654,0.037522,-0.000195,0.001198,12490.389244,12490.407092,0.553109,0.010766,-0.020418,343.511925,86438.703125,421.437592,86439.46875,0,85.099602,-6250.536241,44.636418,352.424763,1,0.998718,0,0,0,36.964508,42.954361,GravityTurn,,,,,,,,,,,,,,,,,,,,,,,,,,,None,Continue,0,None,8159169.990282,,0,0,1,1,9122.507782,9122.507782,5.009387,11882208.984375,9.092164,1021.378482,27.964312,0.010596,108.296094,8,0.006381,1.334281,,,,,,1,1,0,1,1,0.670093,0,0,0
126.499997,ASCENT,7,0,1,None,Holding,0,45156.671201,1749.500133,1488.941303,865.902147,2191.940348,4.534816,42966.754198,243872.297741,3.413469,8188052.734375,1.26601,0.008996,1,,0,0,0,0,0.009602,0.008996,0.00815,-0.046552,-0.007336,0.005999,12504.1271,12504.146976,0.46697,0.026138,0.014036,343.500738,86204.953125,420.268219,86205.71875,0,85.604442,-6249.425907,44.674044,352.475385,1,0.998718,0,0,0,36.830013,42.955587,GravityTurn,,,,,,,,,,,,,,,,,,,,,,,,,,,None,Continue,0,None,8159795.794263,,0,0,1,1,9111.895447,9111.895447,5.027483,11882255.859375,9.094408,1022.843674,28.000958,-0.155093,124.54563,8,-0.067629,1.271288,,,,,,1,1,0,1,1,0.670206,0,0,0
126.759997,ASCENT,7,0,1,None,Holding,0,45382.150805,1756.803505,1496.212711,868.708354,2147.558871,4.553569,43280.461243,243172.789074,3.423535,8206062.5,1.20251,0.009155,1,,0,0,0,0,0.000276,0.009155,0.007468,-0.09249,0.094418,0.001615,12516.171456,12516.160302,0.427857,0.007267,0.102905,343.50674,85972.085938,419.056519,85972.835938,0,86.111417,-6248.305385,44.711567,352.525861,1,0.998718,0,0,0,36.695373,42.956821,GravityTurn,,,,,,,,,,,,,,,,,,,,,,,,,,,None,Continue,0,None,8160288.485773,,0,0,1,1,9101.239227,9101.239227,5.045734,11882302.734375,9.096442,1024.306373,28.036296,-0.301898,170.166685,8,-0.120207,1.210505,,,,,,1,1,0,1,1,0.670192,0,0,0
127.019997,ASCENT,7,0,1,None,Holding,0,45608.360055,1764.126088,1503.502531,871.510262,2104.019171,4.572494,43595.947165,242473.722912,3.430593,8180109.375,1.13736,0.009245,1,,0,0,0,0,0.002852,0.009245,0.00988,0.034727,0.021596,0.004344,12520.015379,12520.047202,0.566101,0.024001,0.025709,343.223666,85754.320313,417.90448,85755.078125,0,86.619951,-6247.175387,44.748902,352.575993,1,0.998718,0,0,0,36.560733,42.958061,GravityTurn,,,,,,,,,,,,,,,,,,,,,,,,,,,None,Continue,0,None,8160196.478696,,0,0,1,1,9096.568329,9096.568329,5.053782,11882321.289063,9.098257,1025.766575,28.066246,0.126015,156.668841,8,0.086662,1.140378,,,,,,1,1,0,1,1,0.670151,0,0,0
127.279997,ASCENT,7,0,1,None,Holding,0,45835.297518,1771.484741,1510.830026,874.318564,2061.355127,4.591633,43913.224093,241774.229504,3.442081,8189190.917969,1.069012,0.00924,1,,0,0,0,0,0.002576,0.00924,0.008868,-0.020203,0.007407,-0.015597,12540.672869,12540.713565,0.50812,-0.088429,0.012908,343.404456,85502.382813,416.730438,85503.140625,0,87.131093,-6246.03365,44.786458,352.626333,1,0.998718,0,0,0,36.425738,42.959309,GravityTurn,,,,,,,,,,,,,,,,,,,,,,,,,,,None,Continue,0,None,8159972.572177,,0,0,1,1,9085.855988,9085.855988,5.072216,11882364.257813,9.099877,1027.224276,28.107169,-0.10015,203.927068,8,-0.076137,1.074782,,,,,,1,1,0,1,1,0.669583,0,0,0
127.539997,ASCENT,7,0,1,None,Holding,0,46062.966015,1778.878687,1518.189644,877.126295,2019.576101,4.611008,44232.300359,241074.522473,3.453635,8186998.046875,1.002116,0.009297,1,,0,0,0,0,0.005769,0.009297,0.009589,0.015794,0.01778,-0.002786,12556.890681,12556.93452,0.549386,-0.015781,0.013249,343.420302,85268.171875,415.543091,85268.921875,0,87.644188,-6244.879571,44.823557,352.675972,1,0.998718,0,0,0,36.290492,42.960564,GravityTurn,,,,,,,,,,,,,,,,,,,,,,,,,,,None,Continue,0,None,8160609.378864,,0,0,1,1,9075.092438,9075.092438,5.090795,11882405.273438,9.101313,1028.679469,28.144774,0.090868,220.259914,8,-0.026135,1.004183,,,,,,1,1,0,1,1,0.668544,0,0,0
127.779997,ASCENT,7,0,1,None,Holding,0,46291.362895,1786.298133,1525.573901,879.930154,1978.640138,4.630587,44553.181446,240375.013806,3.462888,8205617.1875,0.934985,0.009336,1,,0,0,0,0,0.004694,0.009336,0.009571,0.012708,0.059305,0.002318,12571.927563,12571.944842,0.548397,0.02071,0.065632,343.275846,85041.320313,414.353699,85042.0625,0,88.158915,-6243.714617,44.860522,352.725429,1,0.998718,0,0,0,36.155135,42.961827,GravityTurn,,,,,,,,,,,,,,,,,,,,,,,,,,,None,Continue,0,None,8161070.694437,,0,0,1,1,9069.698578,9069.698578,5.100129,11882426.757813,9.102564,1030.132149,28.178727,0.076547,185.823419,8,-0.00033,0.977044,,,,,,1,1,0,1,1,0.668583,0,0,0
128.039997,ASCENT,7,0,1,None,Holding,0,46520.485463,1793.751352,1532.992063,882.735508,1938.575618,4.650417,44875.8785,239675.352551,3.474677,8220842.773438,0.864903,0.009286,1,,0,0,0,0,0.00507,0.009286,0.008009,-0.068653,-0.151362,-0.005503,12591.661612,12591.688133,0.458855,-0.036016,-0.14908,343.459102,84814.648438,413.188293,84815.390625,0,88.675802,-6242.537624,44.897519,352.774759,1,0.998718,0,0,0,36.019499,42.963096,GravityTurn,,,,,,,,,,,,,,,,,,,,,,,,,,,None,Continue,0,None,8161501.33166,,0,0,1,1,9058.871613,9058.871613,5.118907,11882465.820313,9.103653,1031.582312,28.21796,0.076547,185.823419,8,-0.00033,0.977044,,,,,,1,1,0,1,1,0.66898,0,0,0
128.299997,ASCENT,7,0,1,None,Holding,0,46750.342357,1801.236311,1540.440338,885.548445,1899.379066,4.67051,45200.400605,238975.492932,3.486174,8193620.117188,0.795696,0.009311,1,,0,0,0,0,0.004027,0.009311,0.008987,-0.017361,0.004071,-0.004154,12605.382291,12605.42157,0.514916,-0.018356,0.001508,343.505731,84558.976563,412.037811,84559.75,0,89.195433,-6241.349469,44.934091,352.823438,1,0.998718,0,0,0,35.883653,42.964373,GravityTurn,,,,,,,,,,,,,,,,,,,,,,,,,,,None,Continue,0,None,8162595.080844,,0,0,1,1,9048.680206,9048.680206,5.136641,11882502.929688,9.104597,1033.029956,28.252709,0.076547,185.823419,8,-0.00033,0.977044,,,,,,1,1,0,1,1,0.669351,0,0,0
128.579997,ASCENT,7,0,1,None,Holding,0,46980.923285,1808.741509,1547.908923,888.345959,1861.007029,4.690836,45526.754629,238276.487805,3.493559,8201974.609375,0.732695,0.009507,0.992119,,0,0,0,0,0.008925,0.009507,0.011367,0.09923,-0.124993,-0.005876,12611.810426,12611.818794,0.651288,-0.031182,-0.120782,343.195977,84330.101563,410.842926,84330.867188,0,89.715589,-6240.150108,44.970847,352.872194,1,0.998718,0,0,0,35.747779,42.965657,GravityTurn,,,,,,,,,,,,,,,,,,,,,,,,,,,None,Continue,0,None,8163144.051056,,0,0,1,1,9043.231445,9043.231445,5.146141,11882520.507813,9.105383,1034.475073,28.281876,0.076547,185.823419,8,-0.00033,0.977044,,,,,,1,1,0,1,1,0.669568,0,0,0
128.839997,ASCENT,7,0,1,None,Holding,0,47212.23491,1816.250049,1555.378676,891.131182,1823.429098,4.711375,45854.948193,237579.496838,3.495261,8162332.519531,0.668845,0.00968,0.989877,,0,0,0,0,0.011844,0.00968,0.008638,-0.055486,0.048224,0.003404,12595.8034,12595.84185,0.494937,0.01807,0.060432,342.372648,84079.351563,409.670166,84080.09375,0,90.236517,-6238.943064,45.007115,352.920304,1,0.998718,0,0,0,35.612223,42.966949,GravityTurn,,,,,,,,,,,,,,,,,,,,,,,,,,,None,Continue,0,None,8161714.979658,,0,0,1,1,9032.332306,9032.332306,5.165201,11882557.617188,9.106037,1035.917658,28.301302,0.076547,185.823419,8,-0.00033,0.977044,,,,,,1,1,0,1,1,0.669164,0,0,0
129.099997,ASCENT,7,0,1,None,Holding,0,47444.26676,1823.761775,1562.850271,893.898649,1786.623024,4.732118,46184.979919,236884.397961,3.495796,8140370.117188,0.595761,0.009517,0.98675,,0,0,0,0,0.010485,0.009517,0.009015,-0.02674,-0.01474,-0.003235,12572.355725,12572.413175,0.516503,-0.01788,-0.027471,341.413773,83855.679688,408.523468,83856.453125,0,90.757673,-6237.727813,45.043146,352.968018,1,0.998718,0,0,0,35.476971,42.968248,GravityTurn,,,,,,,,,,,,,,,,,,,,,,,,,,,None,Continue,0,None,8156528.373615,,0,0,1,1,9021.425995,9021.425995,5.18434,11882592.773438,9.106572,1037.357707,28.31819,0.076547,185.823419,8,-0.00033,0.977044,,,,,,1,1,0,1,1,0.669204,0,0,0
129.359997,ASCENT,7,0,1,None,Holding,0,47677.01823,1831.278011,1570.326846,896.652811,1750.58406,4.75308,46516.861374,236191.37428,3.49575,8120824.707031,0.526936,0.009479,0.981468,,0,0,0,0,0.006546,0.009479,0.009301,-0.009478,-0.180309,-0.00206,12549.816257,12549.842958,0.532891,-0.004458,-0.199679,340.337714,83601.96875,407.338562,83602.710938,0,91.279479,-6236.50449,45.079174,353.015648,1,0.998718,0,0,0,35.341964,42.969554,GravityTurn,,,,,,,,,,,,,,,,,,,,,,,,,,,None,Continue,0,None,8142599.538073,,0,0,1,1,9015.969574,9015.969574,5.193908,11882609.375,9.106994,1038.795213,28.334909,0.076547,185.823419,8,-0.00033,0.977044,,,,,,1,1,0,1,1,0.669219,0,0,0
129.619997,ASCENT,7,0,1,None,Holding,0,47910.481491,1838.801145,1577.808068,899.390125,1715.297232,4.774268,46850.58181,235500.287987,3.496345,8107443.359375,0.455553,0.009321,0.976857,,0,0,0,0,0.013341,0.009321,0.009986,0.035299,0.034476,0.002091,12530.134122,12530.153256,0.572166,0.006912,0.009622,339.355406,83367.390625,406.169617,83368.125,0,91.801574,-6235.272244,45.114835,353.062714,1,0.998718,0,0,0,35.207206,42.970868,GravityTurn,,,,,,,,,,,,,,,,,,,,,,,,,,,None,Continue,0,None,8114026.773146,,0,0,1,1,9005.741364,9005.741364,5.211974,11882640.625,9.107316,1040.230172,28.351334,0.076547,185.823419,8,-0.00033,0.977044,,,,,,1,1,0,1,1,0.668269,0,0,0
129.859997,ASCENT,7,0,1,None,Holding,0,48144.653537,1846.325675,1585.290422,902.113793,1680.752635,4.795696,47186.154442,234811.201073,3.496015,8064911.132813,0.386675,0.00925,0.970841,,0,0,0,0,0.001987,0.00925,0.008758,-0.026079,-0.013763,0.001485,12508.315675,12508.327558,0.501799,0.009559,-0.016598,338.359732,83122.179688,405.016754,83122.929688,0,92.324243,-6234.032438,45.150333,353.109572,1,0.998718,0,0,0,35.072758,42.972189,GravityTurn,,,,,,,,,,,,,,,,,,,,,,,,,,,None,Continue,0,None,8083219.649597,,0,0,1,1,8999.599945,8999.599945,5.222802,11882659.179688,9.107558,1041.66258,28.367024,0.076547,185.823419,8,-0.00033,0.977044,,,,,,1,1,0,1,1,0.668217,0,0,0
130.139997,ASCENT,7,0,1,None,Holding,0,48379.530229,1853.853761,1592.77337,904.813412,1646.938777,4.817382,47523.574517,234124.418236,3.495346,8038352.539063,0.315837,0.009061,0.970918,,0,0,0,0,0.00768,0.009061,0.00937,0.016379,-0.025338,-0.005542,12481.583969,12481.600154,0.536854,-0.03193,-0.039286,337.27983,82876.476563,403.88739,82877.25,0,92.84646,-6232.7836,45.18544,353.155673,1,0.998718,0,0,0,34.938628,42.973518,GravityTurn,,,,,,,,,,,,,,,,,,,,,,,,,,,None,Continue,0,None,8058043.836298,,0,0,1,1,8989.36554,8989.36554,5.240974,11882689.453125,9.107724,1043.092431,28.380061,0.076547,185.823419,8,-0.00033,0.977044,,,,,,1,1,0,1,1,0.668795,0,0,0
130.399997,ASCENT,7,0,1,None,Holding,0,48615.10899,1861.388964,1600.263704,907.504454,1613.837597,4.839338,47862.85214,233439.435937,3.496454,7995797.851563,0.256727,0.00929,0.965942,,0,0,0,0,0.00382,0.00929,0.010023,0.038803,-0.016305,-0.002476,12462.77234,12462.867761,0.574268,-0.010482,-0.031112,336.601212,82648.703125,402.708954,82649.460938,0,93.369723,-6231.526486,45.220444,353.201646,1,0.998718,0,0,0,34.804691,42.974854,GravityTurn,,,,,,,,,,,,,,,,,,,,,,,,,,,None,Continue,0,None,8035030.250382,,0,0,1,1,8978.447449,8978.447449,5.260363,11882719.726563,9.107835,1044.519715,28.39792,0.076547,185.823419,8,-0.00033,0.977044,,,,,,1,1,0,1,1,0.669134,0,0,0
130.659997,ASCENT,7,0,1,None,Holding,0,48851.385023,1868.925792,1607.752765,910.176913,1581.42798,4.861573,48203.986715,232756.711937,3.495684,7981600.585938,0.194981,0.009379,0.960219,,0,0,0,0,0.01716,0.009379,0.01047,0.057649,-0.074257,-0.003297,12438.222689,12438.263452,0.599861,-0.018794,-0.050205,335.441527,82395.726563,401.573761,82396.484375,0,93.89303,-6230.261187,45.254933,353.246872,1,0.998718,0,0,0,34.671102,42.976198,GravityTurn,,,,,,,,,,,,,,,,,,,,,,,,,,,None,Continue,0,None,8012203.046734,,0,0,1,1,8968.210205,8968.210205,5.278662,11882748.046875,9.107903,1045.944434,28.410578,0.076547,185.823419,8,-0.00033,0.977044,,,,,,1,1,0,1,1,0.668949,0,0,0
130.919997,ASCENT,7,0,1,None,Holding,0,49088.351364,1876.471585,1615.249115,912.833586,1549.69273,4.884108,48546.978246,232075.757958,3.496544,7955054.199219,0.132431,0.009442,0.955206,,0,0,0,0,0.016835,0.009442,0.009145,-0.015704,0.065873,0.014902,12420.510026,12420.534795,0.523962,0.08864,0.104365,334.479059,82181.78125,400.41745,82182.523438,0,94.416656,-6228.986459,45.289149,353.291669,1,0.998718,0,0,0,34.537705,42.977549,GravityTurn,,,,,,,,,,,,,,,,,,,,,,,,,,,None,Continue,0,None,7989351.930929,,0,0,1,1,8962.747437,8962.747437,5.288434,11882763.671875,9.107936,1047.366583,28.428168,0.076547,185.823419,8,-0.00033,0.977044,,,,,,1,1,0,1,1,0.667852,0,0,0
131.179997,ASCENT,7,0,1,None,Holding,0,49326.006576,1884.014786,1622.743527,915.47195,1518.605483,4.906958,48891.834206,231397.138573,3.496234,7940986.328125,0.056609,0.009095,0.950609,,0,0,0,0,0.011873,0.009095,0.007914,-0.062334,0.158935,-0.002601,12395.079649,12395.107212,0.453415,-0.015956,0.15241,333.521504,81925.382813,399.306976,81926.15625,0,94.940303,-6227.704355,45.323393,353.336434,1,0.998718,0,0,0,34.404662,42.978907,GravityTurn,,,,,,,,,,,,,,,,,,,,,,,,,,,None,Continue,0,None,7966400.966319,,0,0,1,1,8951.824005,8951.824005,5.308,11882791.015625,9.107947,1048.786157,28.440871,0.076547,185.823419,8,-0.00033,0.977044,,,,,,1,1,0,1,1,0.668292,0,0,0
131.439997,ASCENT,7,0,1,None,Holding,0,49564.349084,1891.562304,1630.242294,918.098205,1488.136573,4.930129,49238.562088,230720.106103,3.49589,7934249.023438,0.005727,0.009194,0.946647,,0,0,0,0,0.004133,0.009194,0.00991,0.037707,-0.047328,0.005618,12375.200422,12375.231498,0.567798,0.03805,-0.058671,332.546802,81683.5625,398.143066,81684.3125,0,95.464588,-6226.41406,45.357526,353.380983,1,0.998718,0,0,0,34.27186,42.980273,GravityTurn,,,,,,,,,,,,,,,,,,,,,,,,,,,None,Continue,0,None,7942428.204683,,0,0,1,1,8941.579803,8941.579803,5.326472,11882818.359375,9.107949,1050.203149,28.456946,0.076547,185.823419,8,-0.00033,0.977044,,,,,,1,1,0,1,1,0.667394,0,0,0
131.699997,ASCENT,7,0,1,None,Holding,0,49803.371501,1899.113455,1637.742472,920.70725,1458.267857,4.953658,49587.154707,230045.423485,3.496244,7879705.566406,0.071658,0.009148,0.943769,,0,0,0,0,0.020146,0.009148,0.008609,-0.028392,0.111987,0.001571,12348.369058,12348.400106,0.493255,0.00846,0.080753,331.404196,81443.898438,396.999542,81444.632813,0,95.988989,-6225.115174,45.391253,353.424934,1,0.998718,0,0,0,34.139349,42.981647,GravityTurn,,,,,,,,,,,,,,,,,,,,,,,,,,,None,Continue,0,None,7919637.881062,,0,0,1,1,8936.114441,8936.114441,5.336302,11882831.054688,9.107951,1051.61756,28.46928,0.076547,185.823419,8,-0.00033,0.977044,,,,,,1,1,0,1,1,0.667096,0,0,0
131.939997,ASCENT,7,0,1,None,Holding,0,50043.07282,1906.667703,1645.246475,923.301978,1428.949785,4.977532,49937.620057,229372.251011,3.495331,7879858.398438,0.131022,0.009285,0.941096,,0,0,0,0,0.010315,0.009285,0.009114,-0.008999,-0.131336,0.008661,12326.646011,12326.689016,0.522207,0.055812,-0.124986,330.465925,81201.554688,395.877991,81202.296875,0,96.513776,-6223.80806,45.42501,353.468943,1,0.998718,0,0,0,34.007084,42.983028,GravityTurn,,,,,,,,,,,,,,,,,,,,,,,,,,,None,Continue,0,None,7896905.297955,,0,0,1,1,8924.500092,8924.500092,5.357318,11882859.375,9.107967,1053.029382,28.484592,0.076547,185.823419,8,-0.00033,0.977044,,,,,,1,1,0,1,1,0.666998,0,0,0
132.219997,ASCENT,7,0,1,None,Holding,0,50283.443538,1914.233513,1652.756836,925.878166,1400.176573,5.001768,50289.956183,228700.971104,3.496714,7850696.777344,0.196282,0.009172,0.932553,,0,0,0,0,0.002275,0.009172,0.007842,-0.06979,0.150998,0.004601,12309.089315,12309.137589,0.449325,0.044644,0.16869,329.566723,80958.921875,394.759918,80959.6875,0,97.038534,-6222.490511,45.457971,353.511683,1,0.998718,0,0,0,33.875019,42.984416,GravityTurn,,,,,,,,,,,,,,,,,,,,,,,,,,,None,Continue,0,None,7874193.195031,,0,0,1,1,8919.028839,8919.028839,5.367279,11882872.070313,9.108007,1054.438615,28.501908,0.076547,185.823419,8,-0.00033,0.977044,,,,,,1,1,0,1,1,0.666732,0,0,0
132.479997,ASCENT,7,0,1,None,Holding,0,50524.484926,1921.79824,1660.268453,928.443512,1371.944529,5.026351,50644.172485,228031.583287,3.496596,7841978.515625,0.259448,0.009173,0.927251,,0,0,0,0,0.002563,0.009173,0.008252,-0.048241,-0.061167,0.005258,12290.812735,12290.849596,0.472818,0.033862,-0.069633,328.640809,80722.320313,393.618347,80723.070313,0,97.563983,-6221.165873,45.491121,353.554687,1,0.998718,0,0,0,33.743242,42.985813,GravityTurn,,,,,,,,,,,,,,,,,,,,,,,,,,,None,Continue,0,None,7851698.92995,,0,0,1,1,8908.093567,8908.093567,5.387178,11882897.460938,9.108079,1055.845251,28.518213,0.076547,185.823419,8,-0.00033,0.977044,,,,,,1,1,0,1,1,0.666729,0,0,0
132.739997,ASCENT,7,0,1,None,Holding,0,50766.189274,1929.36316,1667.779434,930.988452,1344.253929,5.051295,51000.267481,227364.45377,3.496212,7787413.085938,0.330356,0.008874,0.927182,,0,0,0,0,0.010672,0.008874,0.008323,-0.028868,-0.002748,0.006036,12264.369789,12264.408699,0.476871,0.031006,0.009984,327.597983,80479.90625,392.493317,80480.65625,0,98.089151,-6219.832898,45.524114,353.597426,1,0.998718,0,0,0,33.611784,42.987216,GravityTurn,,,,,,,,,,,,,,,,,,,,,,,,,,,None,Continue,0,None,7829075.169186,,0,0,1,1,8897.154053,8897.154053,5.407156,11882921.875,9.108199,1057.249294,28.529647,0.076547,185.823419,8,-0.00033,0.977044,,,,,,1,1,0,1,1,0.666518,0,0,0
132.979997,ASCENT,7,0,1,None,Holding,0,51008.55351,1936.93911,1675.299443,933.515919,1317.09527,5.076596,51358.245108,226698.926426,3.497568,7793929.6875,0.393692,0.008806,0.917739,,0,0,0,0,0.01034,0.008806,0.008134,-0.035172,0.095387,0.007812,12248.240373,12248.280425,0.466019,0.035326,0.102597,326.860963,80235.5,391.400726,80236.257813,0,98.614345,-6218.489579,45.556821,353.639815,1,0.998718,0,0,0,33.480475,42.988628,GravityTurn,,,,,,,,,,,,,,,,,,,,,,,,,,,None,Continue,0,None,7806538.115679,,0,0,1,1,8891.681549,8891.681549,5.417176,11882934.570313,9.108378,1058.650729,28.547122,0.076547,185.823419,8,-0.00033,0.977044,,,,,,1,1,0,1,1,0.666858,0,0,0
133.239997,ASCENT,7,0,1,None,Holding,0,51251.57253,1944.513721,1682.818997,936.032827,1290.46036,5.102255,51718.106841,226035.611607,3.497455,7770961.425781,0.454268,0.008831,0.914666,,0,0,0,0,0.008302,0.008831,0.010203,0.071595,-0.028045,-0.007618,12226.173532,12226.192402,0.584574,-0.036174,-0.030492,325.804456,79989.195313,390.2659,79989.953125,0,99.140213,-6217.139169,45.589462,353.681973,1,0.998718,0,0,0,33.349477,42.990047,GravityTurn,,,,,,,,,,,,,,,,,,,,,,,,,,,None,Continue,0,None,7784717.096964,,0,0,1,1,8880.73822,8880.73822,5.437264,11882955.078125,9.108625,1060.049558,28.56025,0.076547,185.823419,8,-0.00033,0.977044,,,,,,1,1,0,1,1,0.666548,0,0,0
133.519997,ASCENT,7,0,1,None,Holding,0,51495.242793,1952.091904,1690.340336,938.528862,1264.340224,5.128268,52079.855086,225374.371983,3.4979,7742596.191406,0.513427,0.008908,0.908835,,0,0,0,0,0.031851,0.008908,0.009445,0.028003,0.141022,0.008367,12203.473763,12203.494468,0.541153,0.044575,0.088848,324.857939,79758.835938,389.158783,79759.59375,0,99.665707,-6215.779563,45.621827,353.723632,1,0.998718,0,0,0,33.218751,42.991473,GravityTurn,,,,,,,,,,,,,,,,,,,,,,,,,,,None,Continue,0,None,7762206.034478,,0,0,1,1,8875.266113,8875.266113,5.447337,11882967.773438,9.108949,1061.445773,28.572046,0.076547,185.823419,8,-0.00033,0.977044,,,,,,1,1,0,1,1,0.666241,0,0,0
133.779997,ASCENT,7,0,1,None,Holding,0,51739.561655,1959.673252,1697.86447,941.011489,1238.727799,5.154641,52443.4943,224715.085484,3.497296,7717749.511719,0.571358,0.009,0.908978,,0,0,0,0,0.006728,0.009,0.007135,-0.097109,0.001421,-0.006946,12181.034099,12181.042918,0.408803,-0.046541,-0.017006,323.856332,79498.648438,388.048035,79499.398438,0,100.191572,-6214.41157,45.654016,353.765087,1,0.998718,0,0,0,33.088277,42.992907,GravityTurn,,,,,,,,,,,,,,,,,,,,,,,,,,,None,Continue,0,None,7739410.807426,,0,0,1,1,8864.320404,8864.320404,5.467502,11882989.257813,9.109354,1062.839375,28.58457,0.076547,185.823419,8,-0.00033,0.977044,,,,,,1,1,0,1,1,0.666191,0,0,0
134.039997,ASCENT,7,0,1,None,Holding,0,51984.524544,1967.261437,1705.392132,943.479062,1213.612329,5.181371,52809.028487,224057.706334,3.496982,7708301.757813,0.635934,0.008877,0.900474,,0,0,0,0,0.004854,0.008877,0.009005,0.006648,0.089972,-0.009036,12160.630367,12160.668158,0.515953,-0.057841,0.092822,323.001565,79257.835938,386.958282,79258.601563,0,100.717635,-6213.034206,45.685602,353.805709,1,0.998718,0,0,0,32.95804,42.994349,GravityTurn,,,,,,,,,,,,,,,,,,,,,,,,,,,None,Continue,0,None,7716616.181514,,0,0,1,1,8854.058075,8854.058075,5.486542,11883009.765625,9.109854,1064.230362,28.597762,0.076547,185.823419,8,-0.00033,0.977044,,,,,,1,1,0,1,1,0.666481,0,0,0
134.299997,ASCENT,7,0,1,None,Holding,0,52230.1266,1974.853125,1712.922857,945.929877,1189.001698,5.208498,53176.458072,223402.326085,3.497226,7689725.097656,0.694978,0.008948,0.895496,,0,0,0,0,0.009029,0.008948,0.008735,-0.01103,0.05811,0.007572,12140.021762,12140.078533,0.500502,0.057721,0.07789,322.060898,79027.671875,385.84787,79028.429688,0,101.243696,-6211.64797,45.717062,353.846112,1,0.998718,0,0,0,32.828048,42.995798,GravityTurn,,,,,,,,,,,,,,,,,,,,,,,,,,,None,Continue,0,None,7694456.909481,,0,0,1,1,8848.583557,8848.583557,5.496706,11883019.53125,9.110457,1065.61873,28.610702,0.076547,185.823419,8,-0.00033,0.977044,,,,,,1,1,0,1,1,0.666743,0,0,0
134.559997,ASCENT,7,0,1,None,Holding,0,52476.362072,1982.442982,1720.454261,948.369084,1164.907227,5.236074,53545.785055,222748.883702,3.497086,7652725.585938,0.75674,0.008919,0.894072,,0,0,0,0,0.011043,0.008919,0.009501,0.030195,0.023622,0.001493,12116.382552,12116.433574,0.544355,0.008602,0.044297,320.981982,78781.304688,384.740845,78782.054688,0,101.770252,-6210.254506,45.748744,353.886745,1,0.998718,0,0,0,32.698338,42.997256,GravityTurn,,,,,,,,,,,,,,,,,,,,,,,,,,,None,Continue,0,None,7671932.766703,,0,0,1,1,8837.63385,8837.63385,5.517087,11883040.039063,9.111174,1067.004477,28.623064,0.076547,185.823419,8,-0.00033,0.977044,,,,,,1,1,0,1,1,0.667269,0,0,0
134.819997,ASCENT,7,0,1,None,Holding,0,52723.232859,1990.04176,1727.991594,950.788533,1141.301129,5.26407,53917.013668,222097.241856,3.497901,7618157.714844,0.812621,0.009077,0.88915,,0,0,0,0,0.015141,0.009077,0.008314,-0.039533,-0.040913,-0.00085,12098.116898,12098.148488,0.476371,0.005245,-0.080055,320.042674,78535.890625,383.654907,78536.648438,0,102.296489,-6208.850628,45.77998,353.92675,1,0.998718,0,0,0,32.56882,42.99872,GravityTurn,,,,,,,,,,,,,,,,,,,,,,,,,,,None,Continue,0,None,7649940.023141,,0,0,1,1,8826.682007,8826.682007,5.537517,11883059.570313,9.112015,1068.387601,28.636215,0.076547,185.823419,8,-0.00033,0.977044,,,,,,1,1,0,1,1,0.667635,0,0,0
135.079997,ASCENT,7,0,1,None,Holding,0,52970.730668,1997.643697,1735.531607,953.196226,1118.149162,5.292436,54290.147586,221447.431065,3.498593,7629284.667969,0.87953,0.008857,0.882548,,0,0,0,0,0.005243,0.008857,0.009755,0.046436,-0.090927,0.002426,12081.251805,12081.27623,0.558894,0.009926,-0.103978,319.328395,78291.976563,382.564911,78292.734375,0,102.823194,-6207.438367,45.81099,353.966411,1,0.998718,0,0,0,32.439547,43.000193,GravityTurn,,,,,,,,,,,,,,,,,,,,,,,,,,,None,Continue,0,None,7627805.669442,,0,0,1,1,8821.890625,8821.890625,5.546526,11883068.359375,9.112987,1069.768098,28.652812,0.076547,185.823419,8,-0.00033,0.977044,,,,,,1,1,0,1,1,0.668459,0,0,0
135.339997,ASCENT,7,0,1,None,Holding,0,53218.847808,2005.245464,1743.069861,955.580975,1095.423219,5.321137,54665.181698,220799.649693,3.497426,7609980.957031,0.939077,0.00885,0.87988,,0,0,0,0,0.007984,0.00885,0.008771,-0.004079,-0.00909,-0.003186,12057.281572,12057.319721,0.502526,-0.018526,-0.025922,318.319806,78045.570313,381.481293,78046.328125,0,103.349173,-6206.017256,45.841745,354.005693,1,0.998718,0,0,0,32.310593,43.001673,GravityTurn,,,,,,,,,,,,,,,,,,,,,,,,,,,None,Continue,0,None,7605180.337122,,0,0,1,1,8810.938324,8810.938324,5.567096,11883086.914063,9.114115,1071.145964,28.664646,0.076547,185.823419,8,-0.00033,0.977044,,,,,,1,1,0,1,1,0.668998,0,0,0
135.599997,ASCENT,7,0,1,None,Holding,0,53467.583544,2012.852687,1750.612373,957.952364,1073.094163,5.350133,55042.122936,220153.760411,3.497662,7552043.457031,0.999682,0.008815,0.878838,,0,0,0,0,0.005721,0.008815,0.008181,-0.0327,0.10461,0.016445,12034.322193,12034.349587,0.468756,0.096203,0.112048,317.290081,77799.164063,380.391846,77799.921875,0,103.875435,-6204.58703,45.872204,354.044546,1,0.998718,0,0,0,32.181855,43.003161,GravityTurn,,,,,,,,,,,,,,,,,,,,,,,,,,,None,Continue,0,None,7583223.325163,,0,0,1,1,8799.982117,8799.982117,5.587749,11883103.515625,9.115388,1072.521196,28.675105,0.076547,185.823419,8,-0.00033,0.977044,,,,,,1,1,0,1,1,0.669216,0,0,0
135.859997,ASCENT,7,0,1,None,Holding,0,53716.936725,2020.461364,1758.15707,960.310965,1051.12877,5.379371,55420.977705,219509.823777,3.497197,7536927.246094,1.057322,0.008886,0.874341,,0,0,0,0,0.005272,0.008886,0.008229,-0.033888,-0.006195,0.021464,12011.563461,12011.578293,0.471475,0.107373,-0.017851,316.27472,77555.796875,379.300415,77556.539063,0,104.402006,-6203.148593,45.902641,354.083319,1,0.998718,0,0,0,32.053366,43.004656,GravityTurn,,,,,,,,,,,,,,,,,,,,,,,,,,,None,Continue,0,None,7561593.91959,,0,0,1,1,8794.5065,8794.5065,5.598066,11883113.28125,9.116819,1073.893793,28.685822,0.076547,185.823419,8,-0.00033,0.977044,,,,,,1,1,0,1,1,0.669543,0,0,0
136.119997,ASCENT,7,0,1,None,Holding,0,53966.90147,2028.073365,1765.705021,962.651066,1029.494828,5.408802,55801.748027,218867.581345,3.497338,7526307.617188,1.118036,0.008827,0.869131,,0,0,0,0,0.006845,0.008827,0.007853,-0.050112,0.031461,0.01333,11991.826031,11991.836717,0.449958,0.079328,0.038156,315.385787,77308.109375,378.213165,77308.859375,0,104.928288,-6201.700906,45.933036,354.121989,1,0.998718,0,0,0,31.925106,43.00616,GravityTurn,,,,,,,,,,,,,,,,,,,,,,,,,,,None,Continue,0,None,7538826.475533,,0,0,1,1,8784.231934,8784.231934,5.617571,11883129.882813,9.118427,1075.263751,28.697983,0.076547,185.823419,8,-0.00033,0.977044,,,,,,1,1,0,1,1,0.670084,0,0,0
136.379997,ASCENT,7,0,1,None,Holding,0,54217.470479,2035.691941,1773.256932,964.979363,1008.166596,5.438384,56184.431345,218227.215745,3.497852,7492385.742188,1.178711,0.008751,0.866046,,0,0,0,0,0.008656,0.008751,0.009774,0.052551,-0.04355,0.003382,11972.733766,11972.76034,0.560001,0.018456,-0.04294,314.613556,77070.59375,377.149719,77071.351563,0,105.454971,-6200.243915,45.962881,354.159909,1,0.998718,0,0,0,31.797061,43.007671,GravityTurn,,,,,,,,,,,,,,,,,,,,,,,,,,,None,Continue,0,None,7517120.466964,,0,0,1,1,8773.269287,8773.269287,5.638414,11883145.507813,9.120224,1076.63107,28.712212,0.076547,185.823419,8,-0.00033,0.977044,,,,,,1,1,0,1,1,0.670147,0,0,0
136.619997,ASCENT,7,0,1,None,Holding,0,54468.639662,2043.315377,1780.81243,967.289728,987.111517,5.468066,56569.026526,217588.879563,3.498394,7460268.554688,1.235311,0.008811,0.86006,,0,0,0,0,0.017242,0.008811,0.008312,-0.025565,-0.05973,0.006681,11953.692855,11953.700891,0.476256,0.030149,-0.035487,313.677555,76819.523438,376.062378,76820.273438,0,105.981393,-6198.777317,45.992487,354.197561,1,0.998718,0,0,0,31.669237,43.00919,GravityTurn,,,,,,,,,,,,,,,,,,,,,,,,,,,None,Continue,0,None,7496189.666358,,0,0,1,1,8767.789825,8767.789825,5.648828,11883154.296875,9.12221,1077.995744,28.724486,0.076547,185.823419,8,-0.00033,0.977044,,,,,,1,1,0,1,1,0.670604,0,0,0
136.879997,ASCENT,7,0,1,None,Holding,0,54720.409968,2050.938687,1788.367945,969.583386,966.29439,5.497779,56955.547059,216952.511765,3.498262,7442454.101563,1.29314,0.008825,0.856702,,0,0,0,0,0.0149,0.008825,0.009613,0.040327,0.069263,0.017035,11932.624794,11932.650289,0.550782,0.103885,0.107343,312.795945,76573.507813,374.995667,76574.25,0,106.507652,-6197.302317,46.022019,354.234989,1,0.998718,0,0,0,31.541692,43.010716,GravityTurn,,,,,,,,,,,,,,,,,,,,,,,,,,,None,Continue,0,None,7474378.321694,,0,0,1,1,8756.829346,8756.829346,5.669782,11883169.921875,9.124383,1079.357772,28.735496,0.076547,185.823419,8,-0.00033,0.977044,,,,,,1,1,0,1,1,0.670343,0,0,0
137.159997,ASCENT,7,0,1,None,Holding,0,54972.774945,2058.563664,1795.924442,971.861542,945.719602,5.527575,57343.987804,216318.066575,3.497678,7431625.976563,1.345885,0.009008,0.853524,,0,0,0,0,0.015749,0.009008,0.008295,-0.036481,-0.047206,0.00866,11908.829698,11908.846249,0.475278,0.057823,-0.017122,311.689041,76329.539063,373.948303,76330.304688,0,107.033865,-6195.818615,46.051337,354.272015,1,0.998718,0,0,0,31.414408,43.012251,GravityTurn,,,,,,,,,,,,,,,,,,,,,,,,,,,None,Continue,0,None,7452157.940551,,0,0,1,1,8745.868439,8745.868439,5.690814,11883183.59375,9.126763,1080.717151,28.74471,0.076547,185.823419,8,-0.00033,0.977044,,,,,,1,1,0,1,1,0.671118,0,0,0
137.419997,ASCENT,7,0,1,None,Holding,0,55225.728031,2066.193355,1803.486509,974.127272,925.451646,5.557658,57734.356967,215685.223557,3.498034,7410120.605469,1.410276,0.008784,0.847464,,0,0,0,0,0.004992,0.008784,0.008073,-0.036275,0.064207,-0.000358,11890.504746,11890.548438,0.462561,0.01342,0.07431,310.918341,76084.210938,372.873566,76084.96875,0,107.560355,-6194.325822,46.08068,354.309109,1,0.998718,0,0,0,31.287306,43.013793,GravityTurn,,,,,,,,,,,,,,,,,,,,,,,,,,,None,Continue,0,None,7430229.739907,,0,0,1,1,8740.386902,8740.386902,5.701396,11883192.382813,9.129348,1082.073884,28.756,0.076547,185.823419,8,-0.00033,0.977044,,,,,,1,1,0,1,1,0.670938,0,0,0
137.679997,ASCENT,7,0,1,None,Holding,0,55479.26962,2073.825351,1811.049085,976.375479,905.504134,5.588034,58126.648557,215054.165818,3.497852,7390565.429688,1.466989,0.008837,0.844001,,0,0,0,0,0.009417,0.008837,0.008861,0.001231,0.091439,-0.001478,11869.489985,11869.510613,0.507696,-0.00658,0.126973,309.902079,75836.640625,371.813202,75837.390625,0,108.086556,-6192.823903,46.10966,354.3457,1,0.998718,0,0,0,31.160471,43.015343,GravityTurn,,,,,,,,,,,,,,,,,,,,,,,,,,,None,Continue,0,None,7408191.026314,,0,0,1,1,8729.418213,8729.418213,5.722558,11883206.054688,9.132145,1083.427965,28.766089,0.076547,185.823419,8,-0.00033,0.977044,,,,,,1,1,0,1,1,0.671103,0,0,0
137.939997,ASCENT,7,0,1,None,Holding,0,55733.394398,2081.463592,1818.616974,978.607901,885.87906,5.618705,58520.877408,214424.755551,3.499176,7382231.445313,1.52171,0.00893,0.839971,,0,0,0,0,0.007238,0.00893,0.0074,-0.077885,-0.06266,0.007821,11852.178501,11852.188068,0.423966,0.041333,-0.048376,309.076552,75588.375,370.756134,75589.132813,0,108.61266,-6191.312115,46.138433,354.381985,1,0.998718,0,0,0,31.033819,43.016901,GravityTurn,,,,,,,,,,,,,,,,,,,,,,,,,,,None,Continue,0,None,7387246.624746,,0,0,1,1,8723.933136,8723.933136,5.73317,11883213.867188,9.135188,1084.779392,28.780736,0.076547,185.823419,8,-0.00033,0.977044,,,,,,1,1,0,1,1,0.671166,0,0,0
138.199997,ASCENT,7,0,1,None,Holding,0,55988.097573,2089.103082,1826.1864,980.826407,866.573629,5.649666,58917.038283,213797.298886,3.498899,7325288.574219,1.578738,0.008933,0.837312,,0,0,0,0,0.010411,0.008933,0.008984,0.002567,-0.105175,-0.007084,11830.418756,11830.440025,0.514735,-0.037467,-0.089006,308.124823,75350.914063,369.692078,75351.664063,0,109.138828,-6189.791759,46.167125,354.418123,1,0.998718,0,0,0,30.907414,43.018466,GravityTurn,,,,,,,,,,,,,,,,,,,,,,,,,,,None,Continue,0,None,7366621.668035,,0,0,1,1,8712.962708,8712.962708,5.754421,11883227.539063,9.138473,1086.128165,28.789858,0.076547,185.823419,8,-0.00033,0.977044,,,,,,1,1,0,1,1,0.671374,0,0,0
138.439997,ASCENT,7,0,1,None,Holding,0,56243.371629,2096.744308,1833.756401,983.024843,847.585184,5.680909,59315.129676,213171.734311,3.498078,7307944.335938,1.639817,0.008772,0.833955,,0,0,0,0,0.00874,0.008772,0.009192,0.021319,0.070971,-0.004978,11806.88773,11806.933829,0.526684,-0.026945,0.105712,307.226246,75090.648438,368.647614,75091.398438,0,109.664383,-6188.262033,46.195594,354.454021,1,0.998718,0,0,0,30.781268,43.02004,GravityTurn,,,,,,,,,,,,,,,,,,,,,,,,,,,None,Continue,0,None,7345521.981763,,0,0,1,1,8701.992767,8701.992767,5.77582,11883240.234375,9.142008,1087.474278,28.798866,0.076547,185.823419,8,-0.00033,0.977044,,,,,,1,1,0,1,1,0.670917,0,0,0
138.719997,ASCENT,7,0,1,None,Holding,0,56499.221071,2104.392277,1841.333823,985.215761,828.911038,5.71243,59715.16441,212547.726132,3.498934,7299081.054688,1.690751,0.008984,0.826143,,0,0,0,0,0.006323,0.008984,0.008717,-0.013556,-0.149094,-0.00288,11791.797801,11791.837673,0.49943,-0.020435,-0.171332,306.498985,74854.289063,367.625671,74855.070313,0,110.19069,-6186.723105,46.223998,354.489629,1,0.998718,0,0,0,30.655268,43.021621,GravityTurn,,,,,,,,,,,,,,,,,,,,,,,,,,,None,Continue,0,None,7324213.818006,,0,0,1,1,8696.505676,8696.505676,5.786536,11883247.070313,9.145786,1088.817732,28.812478,0.076547,185.823419,8,-0.00033,0.977044,,,,,,1,1,0,1,1,0.670402,0,0,0
138.979997,ASCENT,7,0,1,None,Holding,0,56755.634923,2112.042129,1848.910978,987.382739,810.549096,5.744227,60117.133949,211925.716855,3.498963,7286462.890625,1.752797,0.00877,0.822461,,0,0,0,0,0.00387,0.00877,0.008253,-0.026153,0.200497,0.010791,11771.196145,11771.300676,0.472872,0.057842,0.234466,305.703337,74595.15625,366.568848,74595.929688,0,110.715937,-6185.174283,46.252075,354.524866,1,0.998718,0,0,0,30.529539,43.02321,GravityTurn,,,,,,,,,,,,,,,,,,,,,,,,,,,None,Continue,0,None,7302911.15593,,0,0,1,1,8686.216766,8686.216766,5.806678,11883258.789063,9.149843,1090.158524,28.824075,0.076547,185.823419,8,-0.00033,0.977044,,,,,,1,1,0,1,1,0.67028,0,0,0
139.239997,ASCENT,7,0,1,None,Holding,0,57012.613075,2119.694357,1856.490666,989.538505,792.496491,5.776294,60521.052368,211305.736996,3.498841,7247592.773438,1.81768,0.008451,0.819369,,0,0,0,0,0.026709,0.008451,0.007546,-0.045703,-0.258778,-0.003558,11750.232131,11750.331701,0.432336,-0.026507,-0.234999,304.833834,74354.421875,365.531647,74355.195313,0,111.241493,-6183.6168,46.280016,354.559893,1,0.998718,0,0,0,30.404033,43.024808,GravityTurn,,,,,,,,,,,,,,,,,,,,,,,,,,,None,Continue,0,None,7282145.963601,,0,0,1,1,8674.558563,8674.558563,5.829547,11883271.484375,9.154181,1091.496652,28.835575,0.076547,185.823419,8,-0.00033,0.977044,,,,,,1,1,0,1,1,0.669816,0,0,0
139.479997,ASCENT,7,0,1,None,Holding,0,57270.150982,2127.352309,1864.073963,991.673151,774.746842,5.80862,60926.91338,210687.481381,3.499201,7225881.835938,1.871937,0.008463,0.814215,,0,0,0,0,0.012139,0.008463,0.007328,-0.057184,-0.089109,-0.004387,11732.659558,11732.699603,0.419887,-0.03879,-0.103501,303.973201,74105.492188,364.484161,74106.257813,0,111.766276,-6182.048764,46.307625,354.594546,1,0.998718,0,0,0,30.278731,43.026413,GravityTurn,,,,,,,,,,,,,,,,,,,,,,,,,,,None,Continue,0,None,7260910.421476,,0,0,1,1,8669.071625,8669.071625,5.840394,11883278.320313,9.158809,1092.83211,28.845922,0.076547,185.823419,8,-0.00033,0.977044,,,,,,1,1,0,1,1,0.669349,0,0,0
139.759997,ASCENT,7,0,1,None,Holding,0,57528.245969,2135.007149,1871.657632,993.8002,757.298416,5.841203,61334.722452,210071.300961,3.499198,7219167.96875,1.907656,0.009177,0.809676,,0,0,0,0,0.01682,0.009177,0.006235,-0.148094,0.108656,-0.006837,11710.989479,11711.054122,0.357252,-0.053432,0.101652,303.033144,73873.859375,363.439117,73874.617188,0,112.29171,-6180.473682,46.33555,354.629389,1,0.998718,0,0,0,30.153686,43.028026,GravityTurn,,,,,,,,,,,,,,,,,,,,,,,,,,,None,Continue,0,None,7239530.238076,,0,0,1,1,8658.098877,8658.098877,5.862037,11883290.039063,9.163681,1094.1649,28.854075,0.076547,185.823419,8,-0.00033,0.977044,,,,,,1,1,0,1,1,0.670167,0,0,0
140.019997,ASCENT,7,0,1,None,Holding,0,57786.886465,2142.665965,1879.244079,995.913806,740.146075,5.874038,61744.476206,209456.799008,3.499185,7194330.566406,1.984207,0.008456,0.80744,,0,0,0,0,0.024702,0.008456,0.007297,-0.058236,0.100706,-0.018795,11690.128044,11690.171133,0.418066,-0.110671,0.07001,302.10394,73614.671875,362.419067,73615.4375,0,112.817175,-6178.889233,46.363164,354.663884,1,0.998718,0,0,0,30.028856,43.029646,GravityTurn,,,,,,,,,,,,,,,,,,,,,,,,,,,None,Continue,0,None,7218054.047632,,0,0,1,1,8651.925781,8651.925781,5.874265,11883294.921875,9.168837,1095.495029,28.863508,0.076547,185.823419,8,-0.00033,0.977044,,,,,,1,1,0,1,1,0.670735,0,0,0
140.279997,ASCENT,7,0,1,None,Holding,0,58046.069598,2150.332512,1886.835468,998.001984,723.285072,5.907118,62156.175507,208843.914486,3.499902,7178270.996094,2.038197,0.00492,0.801747,,0,0,0,0,0.105312,0.00492,0.007574,0.133088,-0.079501,-0.020162,11673.876328,11673.953076,0.433954,-0.105912,-0.078532,301.434502,73357.195313,361.398254,73357.976563,0,113.341359,-6177.293178,46.390413,354.697888,1,0.998718,0,0,0,30,43.031275,GravityTurn,,,,,,,,,,,,,,,,,,,,,,,,,,,None,Continue,0,None,7196937.216629,,0,0,1,1,8641.635132,8641.635132,5.894748,11883305.664063,9.174317,1096.82249,28.876479,0.076547,185.823419,8,-0.00033,0.977044,,,,,,1,1,0,1,1,0.67032,0,0,0
140.539997,ASCENT,7,0,1,None,Holding,0,58305.810593,2157.995795,1894.421381,1000.044931,706.708409,5.94043,62569.825956,208233.280636,3.498282,7128795.410156,2.034468,0.001874,0.801796,,0,0,0,0,0.171645,0.001874,0.002336,0.023137,-0.116618,-0.005653,11645.535899,11645.509105,0.133844,-0.028387,-0.150576,300.171546,73119.828125,360.377106,73120.601563,0,113.862005,-6175.685892,46.417589,354.73176,1,0.998718,0,0,0,30,43.032912,GravityTurn,,,,,,,,,,,,,,,,,,,,,,,,,,,None,Continue,0,None,7176260.016116,,0,0,1,1,8630.658691,8630.658691,5.916596,11883316.40625,9.180003,1098.147244,28.883393,0.076547,185.823419,8,-0.00033,0.977044,,,,,,1,1,0,1,1,0.669839,0,0,0
140.779997,ASCENT,7,0,1,None,Holding,0,58566.08211,2164.339802,1900.676387,1001.438621,689.799974,5.97402,62985.390572,122935.178198,3.156832,0,2.002694,-0.352609,0,,1,0,0,-1,10.002635,-0.352609,0.005477,0.152691,-0.003017,0.000804,31454.715003,35225.243602,0.313782,0.099226,-0.428472,3581.021817,1680.779663,208.250504,1681.539185,2567.540944,114.313797,-6174.313924,46.440459,354.76029,1,0.998718,0,0,0,90,43.034556,Coast,,,,,,,,,,,,,,,,,,,,,,,,,,,None,Continue,0,None,7158630.493186,,0,0,1,1,8625.166595,8625.166595,5.927614,11883322.265625,9.184689,1099.266085,28.893901,0.076547,185.823419,8,-0.00033,0.977044,49031.387514,69.839897,0.334802,,,1,0,0,0.999955,0.999955,0.669962,62069.980469,71212.921875,12407.5
141.039997,ASCENT,7,0,1,None,Holding,0,58826.182143,2163.792542,1899.97556,999.388132,669.700332,5.98927,63401.681372,122933.787741,1.039716,0,2.014135,-0.399754,0,,1,0,0,-1,10.012775,-0.399754,0.005102,0.100044,-0.001934,0.000264,54276.313522,62068.183392,0.2923,0.092452,-0.349406,10167.098503,1680.733765,208.24913,1681.492798,14861.386597,114.350232,-6174.202093,46.442324,354.762612,1,0.998718,0,0,0,90,43.036204,Coast,,,,,,,,,,,,,,,,,,,,,,,,,,,None,Continue,0,None,7158630.493186,,0,0,1,1,7594.929352,503.79068,0.788024,934038.330078,9.184689,1099.266085,28.893901,0.076547,185.823419,8,-0.00033,0.977044,49053.95084,69.546465,0.334833,,,1,0,0,0.999356,0.999356,0.669711,62070.152344,71237.664063,12412.632813
141.299997,ASCENT,7,0,1,None,Holding,0,59085.68021,2162.648229,1898.671827,997.035821,648.155521,5.995238,63817.955107,122932.268061,0.00483,0,2.017756,-0.446621,0,,1,0,0,-1,10.014791,-0.446621,0.005532,0.100968,-0.001992,0.000217,60084.499997,68911.857377,0.316957,0.088463,-0.319932,11840.786891,1681.342896,208.246628,1682.102173,14861.466497,114.350848,-6174.199743,46.442364,354.762662,1,0.998718,0,0,0,90,43.037852,Coast,,,,,,,,,,,,,,,,,,,,,,,,,,,None,Continue,0,None,7158630.493186,,0,0,1,1,7595.035461,503.49054,0.788118,934041.809082,9.184689,1099.266085,28.893901,0.076547,185.823419,8,-0.00033,0.977044,49064.597539,69.636474,0.334814,,,1,0,0,0.998837,0.998837,0.670055,62092.785156,71298.921875,12411.201172
141.579997,ASCENT,7,0,1,None,Holding,0,59344.56259,2161.505741,1897.370064,994.684041,627.259408,6.001078,64234.187407,122930.658258,0.004809,0,2.026284,-0.493652,0,,1,0,0,-1,10.020558,-0.493652,0.005398,0.10871,-0.002493,0.000213,61555.507586,70632.744227,0.309265,0.089996,-0.363335,12266.723263,1680.316528,208.243484,1681.075562,23615.149274,114.351503,-6174.197521,46.442405,354.762628,1,0.998718,0,0,0,90,43.0395,Coast,,,,,,,,,,,,,,,,,,,,,,,,,,,None,Continue,0,None,7158630.493186,,0,0,1,1,7595.094177,503.321716,0.78817,934043.640137,9.184689,1099.266085,28.893901,0.076547,185.823419,8,-0.00033,0.977044,49001.291484,70.088865,0.334786,,,1,0,0,0.998263,0.998263,0.67022,62068.601563,71212.359375,12414.814453
141.839997,ASCENT,7,0,1,None,Holding,0,59602.836659,2160.365571,1896.070759,992.332813,607.024923,6.006967,64650.383689,122929.01174,0.004745,0,2.041482,-0.540907,0,,1,0,0,-1,10.031712,-0.540907,0.004799,0.118152,-0.002712,0.000215,61923.340574,71057.850464,0.274967,0.091965,-0.287362,12378.404951,1680.088867,208.24086,1680.847656,14861.604273,114.352193,-6174.195314,46.442449,354.762683,1,0.998718,0,0,0,90,43.041147,Coast,,,,,,,,,,,,,,,,,,,,,,,,,,,None,Continue,0,None,7158630.493186,,0,0,1,1,7595.172516,502.955231,0.788259,934046.875,9.184689,1099.266085,28.893901,0.076547,185.823419,8,-0.00033,0.977044,49010.644423,69.617784,0.334805,,,1,0,0,0.99766,0.99766,0.670809,62042.851563,71190.046875,12416.482422
142.099997,ASCENT,7,0,1,None,Holding,0,59860.500812,2159.228218,1894.774306,989.981262,587.423136,6.012898,65066.545181,122927.483954,0.005056,0,2.058752,-0.588104,0,,1,0,0,-1,10.041197,-0.588104,0.005036,0.128209,-0.003223,0.000214,62033.537482,71190.478066,0.288552,0.091356,-0.228998,12404.300784,1680.291626,208.238861,1681.049927,14861.669108,114.35283,-6174.192908,46.442495,354.762741,1,0.998718,0,0,0,90,43.042795,Coast,,,,,,,,,,,,,,,,,,,,,,,,,,,None,Continue,0,None,7158630.493186,,0,0,1,1,7595.22406,502.805115,0.78831,934048.400879,9.184689,1099.266085,28.893901,0.076547,185.823419,8,-0.00033,0.977044,49060.52911,69.547014,0.3348,,,1,0,0,0.997142,0.997142,0.670167,62087.417969,71254.515625,12410.760742
142.359997,ASCENT,7,0,1,None,Holding,0,60117.556852,2158.092572,1893.479709,987.630713,568.424822,6.018853,65482.675505,122925.800242,0.004909,0,2.073167,-0.635184,0,,1,0,0,-1,10.047074,-0.635184,0.004627,0.138213,-0.003889,0.000221,62070.019189,71241.603591,0.265083,0.094686,-0.22016,12410.662945,1680.264771,208.23587,1681.02356,14861.73588,114.353558,-6174.190712,46.442534,354.762789,1,0.998718,0,0,0,90,43.044443,Coast,,,,,,,,,,,,,,,,,,,,,,,,,,,None,Continue,0,None,7158630.493186,,0,0,1,1,7595.312439,502.433044,0.788409,934051.574707,9.184689,1099.266085,28.893901,0.076547,185.823419,8,-0.00033,0.977044,49049.573984,69.689726,0.334833,,,1,0,0,0.996511,0.996511,0.670212,62084.582031,71253.945313,12410.40918
142.619997,ASCENT,7,0,1,None,Holding,0,60373.985866,2156.930465,1892.143728,985.266898,549.992371,6.02469,65898.762768,122924.272932,0.028702,0,2.157713,-0.684962,0,,1,0,0,-1,10.127361,-0.684962,0.01178,0.150485,0.015517,0.001511,62067.426695,71237.937741,0.674953,0.646473,4.08598,12409.07032,1679.894409,208.233444,1680.653687,14861.794993,114.3527,-6174.193868,46.440023,354.759661,1,0.998718,0,0,0,90,43.046092,Coast,,,,,,,,,,,,,,,,,,,,,,,,,,,None,Continue,0,None,7158630.493186,,0,0,1,1,7595.406738,502.151367,0.788495,934054.260254,9.184689,1099.266085,28.893901,0.076547,185.823419,8,-0.00033,0.977044,49046.340162,69.636596,0.334828,,,1,0,0,0.995993,0.995993,0.66916,62063.101563,71239.757813,12406.921875
142.879997,ASCENT,7,0,1,None,Holding,0,60629.806039,2156.250539,1891.310744,983.137629,532.172995,6.030745,66314.827321,122904.895402,0.118505,936856.872559,2.678312,-0.935789,1,,1,0,0,-1,22.002424,-0.935789,0.01051,0.203943,-0.092982,0.001516,62192.071981,71363.811609,0.602199,0.648709,4.128298,12410.383844,1679.621582,208.212189,1680.380005,16882.481545,114.37918,-6174.108425,46.44169,354.761738,1,0.998718,0,369.836877,6337.045161,90,43.04736,S2Burn,,,,,,,,,,,,,,,,,,,,,,,,,,,None,Continue,0,None,5362319.532125,,0,0,1,1,7595.443054,501.929382,0.788543,934055.786133,9.185462,1099.767123,29.599309,0.076547,185.823419,,-0.00033,0.977044,49036.906854,69.512809,0.334799,,,1,1,0,0.995343,0.995343,0.665535,62060.316406,71240.945313,12410.178711
143.139997,ASCENT,7,0,1,None,Holding,0,60885.212958,2157.078084,1892.00351,981.724853,515.725114,6.041635,66731.176501,122829.714395,0.627343,938799.743652,3.420275,-0.864406,1,,1,0,0,-1,19.788526,-0.864406,-0.002241,0.184975,-0.108117,0.001557,62451.862593,71619.432369,-0.128383,0.66681,4.558706,12411.754812,1679.05249,208.087341,1679.811401,17082.40509,114.489241,-6173.742813,46.448908,354.770732,1,0.998718,0,369.051622,6288.656147,90,43.04736,S2Burn,,,,,,,,,,,,,,,,,,,,,,,,,,,None,Continue,0,None,2252780.811897,,0,0,1,1,7593.576904,501.56958,0.789153,934058.59375,9.188319,1101.06813,30.578671,0.076547,185.823419,,-0.00033,0.977044,49056.255176,69.518877,0.334811,,,1,1,0,0.994704,0.994704,0.665157,62076.511719,71261.296875,12413.314453
143.399997,ASCENT,7,0,1,None,Holding,0,61140.277027,2157.899366,1892.696007,980.309407,499.977557,6.053902,67147.914699,122754.827596,0.782738,939598.571777,4.380066,-0.89382,1,,0,0,0,0,18.114087,-0.89382,-0.015958,0.25725,-0.148962,0,45695.907316,52379.789455,-0.914352,0.680019,5.066332,0,1678.047241,207.96286,1678.80542,0,114.598786,-6173.378473,46.457016,354.780833,1,0.998718,0,368.350524,6277.470721,90,43.04736,S2Burn,,,,,,,,,,,,,,,,,,,,,,,,,,,None,Continue,0,None,1304927.531141,,0,0,1,1,7592.424103,501.393341,0.78949,934059.875488,9.19298,1102.366685,30.621561,0.076547,185.823419,,-0.00033,0.977044,,,,,,1,1,0,0.994189,0.994189,0.665378,0,0,0
143.639997,ASCENT,7,0,1,None,Holding,0,61395.009765,2158.702164,1893.372225,978.862991,484.672687,6.066135,67565.033164,122681.211092,0.778044,935579.162598,5.581615,-0.933864,1,,1,0,0,0,16.682244,-0.933864,-0.046891,0.317638,-0.17796,0.003923,37377.32233,42828.639984,-2.686663,0.688649,6.227166,5082.028727,1677.36438,207.839691,1678.123535,0,114.704706,-6173.015263,46.465689,354.791717,1,0.998718,0,369.199382,6277.258594,90,43.04736,S2Burn,,,,,,,,,,,,,,,,,,,,,,,,,,,None,Continue,0,None,1034150.588856,,0,0,1,1,7589.92038,501.255829,0.790192,934062.561035,9.200576,1103.662777,30.621853,0.076547,185.823419,,-0.00033,0.977044,,,,,,1,1,0,0.994091,0.994091,0.665726,62039.757813,71202.9375,12413.605469
143.899997,ASCENT,7,0,1,None,Holding,0,61649.427929,2159.495298,1894.051704,977.453611,469.805497,6.078365,67982.523388,122607.549287,0.7773,939011.59668,7.14298,-0.94904,1,,1,0,0,0,14.753283,-0.94904,-0.068697,0.20986,-0.114426,0.001924,56131.578716,64351.165047,-3.936028,0.701528,6.933161,10548.981988,1676.804321,207.717133,1677.562988,2383.301692,114.814389,-6172.658437,46.475798,354.804304,1,0.998718,0,367.883761,6273.882528,90,43.04736,S2Burn,,,,,,,,,,,,,,,,,,,,,,,,,,,None,Continue,0,None,961405.9952,,0,0,1,1,7588.576599,501.22113,0.790565,934063.903809,9.212976,1104.956406,30.629327,0.076547,185.823419,,-0.00033,0.977044,,,,,,1,1,0,0.994005,0.994005,0.666363,62020.441406,71182.976563,12412.609375
144.179997,ASCENT,7,0,1,None,Holding,0,61903.510606,2160.272004,1894.727997,976.081597,455.367191,6.090598,68400.377183,122533.88796,0.777983,938602.233887,9.05066,-0.95311,1,,1,0,0,0,12.55545,-0.95311,-0.085179,0.19071,-0.099171,0.001724,60903.391347,69821.088582,-4.880399,0.711958,7.483167,11938.342005,1676.979004,207.593903,1677.737671,2198.48183,114.927833,-6172.309631,46.487337,354.818583,1,0.998718,0,367.774954,6271.696608,90,43.04736,S2Burn,,,,,,,,,,,,,,,,,,,,,,,,,,,None,Continue,0,None,946317.68508,,0,0,1,1,7586.187256,501.167236,0.791234,934066.345215,9.233109,1106.247636,30.636002,0.076547,185.823419,,-0.00033,0.977044,,,,,,1,1,0,0.993914,0.993914,0.665297,62085.320313,71243.34375,12412.186523
144.439997,ASCENT,7,0,1,None,Holding,0,62157.261744,2161.026786,1895.395665,974.743507,441.344488,6.102817,68818.582565,122460.278608,0.778139,939013.000488,11.278431,-0.943128,1,,1,0,0,0,10.130178,-0.943128,-0.100896,0.181313,-0.087639,0.001701,62110.611864,71210.055479,-5.780915,0.723596,8.276258,12292.116637,1675.55957,207.471359,1676.318848,2076.710053,115.044647,-6171.969776,46.500322,354.834738,1,0.998718,0,367.456309,6269.630458,90,43.04736,S2Burn,,,,,,,,,,,,,,,,,,,,,,,,,,,None,Continue,0,None,941534.317543,,0,0,1,1,7583.796448,501.11676,0.791893,934068.603516,9.264757,1107.536516,30.64119,0.076547,185.823419,,-0.00033,0.977044,,,,,,1,1,0,0.993827,0.993827,0.66405,62035.320313,71185.914063,12410.484375
144.699997,ASCENT,7,0,1,None,Holding,0,62410.690247,2161.755996,1896.052021,973.444052,427.724163,6.115005,69237.140147,122386.669733,0.778288,938259.277344,13.754277,-0.918792,1,,1,0,0,0,7.50671,-0.918792,-0.115233,0.172148,-0.077068,0.001723,62410.785389,71551.258547,-6.602378,0.738798,8.475235,12380.894014,1675.491333,207.349396,1676.249634,2019.697703,115.165317,-6171.640243,46.514817,354.852764,1,0.998718,0,367.39278,6268.543225,90,43.04736,S2Burn,,,,,,,,,,,,,,,,,,,,,,,,,,,None,Continue,0,None,939167.239204,,0,0,1,1,7582.599854,501.093018,0.792231,934069.702148,9.312791,1108.823104,30.647601,0.076547,185.823419,,-0.00033,0.977044,,,,,,1,1,0,0.993746,0.993746,0.663963,62036.773438,71197.6875,12410.079102
144.959997,ASCENT,7,0,1,None,Holding,0,62663.794891,2162.451413,1896.689608,972.185976,414.494592,6.127148,69656.020759,122313.115217,0.778731,935742.248535,16.522868,-0.879597,1,,1,0,0,0,4.708494,-0.879597,-0.130167,0.160262,-0.062569,0.069436,62504.65753,71659.399929,-7.457995,0.749887,9.034508,12403.305512,1674.981812,207.227554,1675.739868,1728.934331,115.2901,-6171.323283,46.530847,354.872686,1,0.998718,0,367.961946,6267.892761,90,43.04736,S2Burn,,,,,,,,,,,,,,,,,,,,,,,,,,,None,Continue,0,None,937799.465102,,0,0,1,1,7580.05899,501.046295,0.792933,934072.021484,9.382859,1110.107466,30.652548,0.076547,185.823419,,-0.00033,0.977044,,,,,,1,1,0,0.993672,0.993672,0.664308,62054.132813,71222.484375,12408.696289
145.219997,ASCENT,7,0,1,None,Holding,0,62916.587177,2163.107481,1897.303862,970.973803,401.642116,6.139224,70075.215661,122239.50205,0.77961,939467.773438,19.527744,-0.815576,1,,1,0,0,0,1.872366,-0.815576,-0.144899,0.143348,-0.045926,0.07927,62512.58728,71672.304955,-8.302094,0.739423,9.625204,12410.052159,1674.338135,207.10437,1675.095703,1865.352161,115.419461,-6171.020703,46.548467,354.894572,1,0.998718,0,366.558177,6263.713597,90,43.04736,S2Burn,,,,,,,,,,,,,,,,,,,,,,,,,,,None,Continue,0,None,936970.553475,,0,0,1,1,7577.814423,501.001923,0.793562,934073.913574,9.481911,1111.389675,30.659067,0.076547,185.823419,,-0.00033,0.977044,,,,,,1,1,0,0.993587,0.993587,0.664816,62036.835938,71197.140625,12409.445313
145.479997,ASCENT,7,0,1,None,Holding,0,63169.079996,2163.712162,1897.883805,969.807926,389.153189,6.151206,70494.710406,122165.89842,0.780509,939428.710938,22.810728,-0.738284,1,,1,0,0,0,2.622374,-0.738284,-0.158533,0.123835,-0.026988,0.088772,62509.932427,71672.011097,-9.083294,0.737934,9.870221,12411.303333,1673.199463,206.981339,1673.95813,1676.820262,115.553401,-6170.735417,46.567755,354.918512,1,0.998718,0,366.308508,6262.340436,90,43.04736,S2Burn,,,,,,,,,,,,,,,,,,,,,,,,,,,None,Continue,0,None,936500.281272,,0,0,1,1,7576.61554,500.981262,0.793895,934074.890137,9.618234,1112.669814,30.665088,0.076547,185.823419,,-0.00033,0.977044,,,,,,1,1,0,0.993517,0.993517,0.665257,62018.3125,71182.78125,12410.319336
145.739997,ASCENT,7,0,1,None,Holding,0,63421.279913,2164.255987,1898.42015,968.689307,377.01422,6.163063,70914.490317,122092.268087,0.781395,938123.291016,26.26338,-0.643444,1,,1,0,0,0,5.955228,-0.643444,-0.171384,0.100858,-0.00498,0.001729,62510.914719,71671.057241,-9.819595,0.744661,10.259452,12410.814934,1673.648926,206.85907,1674.406982,6231.590936,115.691975,-6170.46979,46.588654,354.944432,1,0.998718,0,366.390145,6261.148142,90,43.04736,S2Burn,,,,,,,,,,,,,,,,,,,,,,,,,,,None,Continue,0,None,936271.514115,,0,0,1,1,7574.064514,500.940491,0.794604,934076.965332,9.80059,1113.947973,30.670398,0.076547,185.823419,,-0.00033,0.977044,,,,,,1,1,0,0.993437,0.993437,0.665689,62043.746094,71220.226563,12410.681641
145.999997,ASCENT,7,0,1,None,Holding,0,63673.177076,2164.725236,1898.899301,967.614267,365.210772,6.174753,71334.512316,122018.769361,0.781365,935820.617676,29.93561,-0.531906,1,,1,0,0,0,9.673367,-0.531906,-0.179897,0.075127,0.019839,0.001762,62510.391452,71669.224464,-10.307323,0.759252,10.499146,12410.842814,1671.820068,206.736664,1672.577759,0,115.834734,-6170.22671,46.61113,354.972283,1,0.998718,0,366.85508,6260.599479,90,43.04736,S2Burn,,,,,,,,,,,,,,,,,,,,,,,,,,,None,Continue,0,None,936090.971489,,0,0,1,1,7572.864075,500.926575,0.794938,934077.880859,10.038557,1115.224247,30.674921,0.076547,185.823419,,-0.00033,0.977044,,,,,,1,1,0,0.993422,0.993422,0.666255,62019.6875,71174.21875,12409.68457
146.259997,ASCENT,7,0,1,None,Holding,0,63924.786789,2165.110351,1899.31187,966.581741,353.729354,6.186236,71754.766962,121945.298292,0.781676,938824.21875,33.754961,-0.396652,1,,1,0,0,0,13.611691,-0.396652,-0.189875,0.044118,0.046721,0.001776,62506.40086,71657.93223,-10.879014,0.765998,10.620809,12411.245255,1671.203735,206.614029,1671.962158,0,115.981527,-6170.008354,46.635152,355.002025,1,0.998718,0,365.708595,6257.479531,90,43.04736,S2Burn,,,,,,,,,,,,,,,,,,,,,,,,,,,None,Continue,0,None,935848.49679,,0,0,1,1,7570.473511,500.925171,0.795605,934079.650879,10.342242,1116.498737,30.680639,0.076547,185.823419,,-0.00033,0.977044,,,,,,1,1,0,0.993422,0.993422,0.666938,62012.96875,71163.078125,12412.599609
146.499997,ASCENT,7,0,1,None,Holding,0,64176.11557,2165.399352,1899.645365,965.58685,342.556872,6.197478,72175.232946,121871.827699,0.782252,938034.423828,37.667588,-0.249265,1,,1,0,0,0,17.630977,-0.249265,-0.196197,0.011321,0.077214,0.001808,62512.21606,71665.327098,-11.241284,0.780121,10.842472,12410.686373,1671.179565,206.491486,1671.937866,440.891667,116.131788,-6169.817073,46.660615,355.033601,1,0.998718,0,365.626302,6255.804779,90,43.04736,S2Burn,,,,,,,,,,,,,,,,,,,,,,,,,,,None,Continue,0,None,935676.593184,,0,0,1,1,7569.276947,500.925385,0.795939,934080.505371,10.721511,1117.771545,30.685915,0.076547,185.823419,,-0.00033,0.977044,,,,,,1,1,0,0.993417,0.993417,0.667901,62018.945313,71170.882813,12406.923828
146.779997,ASCENT,7,0,1,None,Holding,0,64427.158142,2165.581806,1899.888596,964.623443,331.680261,6.208436,72595.871594,121798.295595,0.782527,937413.513184,41.676172,-0.084772,1,,1,0,0,0,21.75862,-0.084772,-0.202807,-0.025177,0.10951,0.001846,62513.310434,71666.537325,-11.619983,0.79709,10.670347,12410.513493,1670.917969,206.368332,1671.677246,1645.591214,116.284816,-6169.654712,46.6874,355.066611,1,0.998718,0,365.582857,6254.731784,90,43.04736,S2Burn,,,,,,,,,,,,,,,,,,,,,,,,,,,None,Continue,0,None,935534.569624,,0,0,1,1,7566.727814,500.910431,0.79665,934082.397461,11.185828,1119.042775,30.691126,0.076547,185.823419,,-0.00033,0.977044,,,,,,1,1,0,0.993371,0.993371,0.66913,62035.8125,71179.742188,12410.862305
147.039997,ASCENT,7,0,1,None,Holding,0,64677.934572,2165.649177,1900.031926,963.685485,321.092165,6.21912,73016.675816,121724.701978,0.783125,935752.746582,45.682709,0.0928,1,,1,0,0,0,25.875032,0.0928,-0.203897,-0.063287,0.144471,0.001859,62497.933537,71650.09761,-11.682419,0.803129,10.428124,12410.726091,1670.572021,206.245377,1671.331421,2072.549676,116.439948,-6169.522677,46.715345,355.1011,1,0.998718,0,365.903472,6254.433818,90,43.04736,S2Burn,,,,,,,,,,,,,,,,,,,,,,,,,,,None,Continue,0,None,935408.512985,,0,0,1,1,7564.166656,500.866364,0.797363,934084.04541,11.743807,1120.312529,30.696797,0.076547,185.823419,,-0.00033,0.977044,,,,,,1,1,0,0.993295,0.993295,0.671099,62021.410156,71166.273438,12414.068359
147.299997,ASCENT,7,0,1,None,Holding,0,64928.44097,2165.59441,1900.067048,962.765739,310.798616,6.229679,73437.613549,121651.049234,0.784117,936289.794922,49.657787,0.285913,1,,1,0,0,0,29.988471,0.285913,-0.205271,-0.104723,0.181615,0.001907,62490.864778,71638.15165,-11.761147,0.824434,10.057694,12411.062556,1669.590576,206.124207,1670.348877,2656.939734,116.59638,-6169.421891,46.744294,355.136786,1,0.998718,0,365.374775,6252.708189,90,43.04736,S2Burn,,,,,,,,,,,,,,,,,,,,,,,,,,,None,Continue,0,None,935368.571056,,0,0,1,1,7562.961029,500.839935,0.797699,934084.899902,12.40266,1121.580905,30.702259,0.076547,185.823419,,-0.00033,0.977044,,,,,,1,1,0,0.993199,0.993199,0.673553,62007.921875,71152.148438,12412.854492
147.559997,ASCENT,7,0,1,None,Holding,0,65178.667217,2165.41349,1899.988176,961.857488,300.788487,6.240088,73858.655101,121577.34213,0.784881,937309.509277,53.519697,0.490639,1,,1,0,0,0,33.999369,0.490639,-0.201526,-0.147454,0.221027,0.001908,62505.556547,71656.993022,-11.546599,0.825416,9.66833,12411.205474,1668.637573,205.99971,1669.396484,3323.463134,116.753372,-6169.352603,46.77402,355.173387,1,0.998718,0,364.879331,6250.908908,90,43.04736,S2Burn,,,,,,,,,,,,,,,,,,,,,,,,,,,None,Continue,0,None,935408.287663,,0,0,1,1,7560.390442,500.769348,0.798409,934086.486816,13.16704,1122.847998,30.707292,0.076547,185.823419,,-0.00033,0.977044,,,,,,1,1,0,0.993078,0.993078,0.675817,62024.945313,71172.179688,12412.660156
147.799997,ASCENT,7,0,1,None,Holding,0,65428.638397,2165.106237,1899.793136,960.953201,291.052905,6.250323,74279.78904,121503.587343,0.785651,938278.259277,57.228331,0.703599,1,,1,0,0,0,37.860301,0.703599,-0.196134,-0.191508,0.261417,0.001953,62500.549153,71648.54634,-11.237639,0.845316,8.838103,12412.311644,1667.073364,205.878342,1667.831665,3928.235037,116.910146,-6169.314051,46.804304,355.210712,1,0.998718,0,364.394355,6248.980576,90,43.04736,S2Burn,,,,,,,,,,,,,,,,,,,,,,,,,,,None,Continue,0,None,935495.317193,,0,0,1,1,7559.177948,500.729218,0.79875,934087.280273,14.03802,1124.113894,30.711279,0.076547,185.823419,,-0.00033,0.977044,,,,,,1,1,0,0.992934,0.992934,0.677882,61964.015625,71106.898438,12414.516602
148.079997,ASCENT,7,0,1,None,Holding,0,65678.371147,2164.673422,1899.480812,960.046103,281.585941,6.260361,74701.005903,121429.813005,0.786295,938024.047852,60.681564,0.921463,1,,1,0,0,0,41.451355,0.921463,-0.185124,-0.235709,0.30344,0.001973,62512.317875,71659.922868,-10.606824,0.854726,7.846035,12411.814173,1668.604858,205.754517,1669.36438,4517.752782,117.065978,-6169.305327,46.834937,355.248254,1,0.998718,0,364.257489,6247.91672,90,43.04736,S2Burn,,,,,,,,,,,,,,,,,,,,,,,,,,,None,Continue,0,None,935602.966561,,0,0,1,1,7557.202148,500.654785,0.799294,934088.378906,15.014661,1125.378672,30.714076,0.076547,185.823419,,-0.00033,0.977044,,,,,,1,1,0,0.992763,0.992763,0.679735,62054.085938,71206.445313,12415.758789
148.339997,ASCENT,7,0,1,None,Holding,0,65927.83734,2164.120934,1899.055537,959.131875,272.383062,6.270192,75122.255376,121355.972864,0.786927,936720.458984,63.826646,1.141643,1,,1,0,0,0,44.712969,1.141643,-0.17061,-0.279439,0.346762,0.001993,62500.871017,71654.835092,-9.77525,0.863825,6.959006,12412.609467,1667.83313,205.632126,1668.592041,5209.08891,117.220429,-6169.324554,46.865775,355.286082,1,0.998718,0,364.345602,6248.128884,90,43.04736,S2Burn,,,,,,,,,,,,,,,,,,,,,,,,,,,None,Continue,0,None,935709.053814,,0,0,1,1,7554.764038,500.545776,0.799974,934089.782715,16.092951,1126.642401,30.717222,0.076547,185.823419,,-0.00033,0.977044,,,,,,1,1,0,0.992565,0.992565,0.681365,62039.398438,71187.070313,12409.079102
148.599997,ASCENT,7,0,1,None,Holding,0,66177.056211,2163.459853,1898.526541,958.209583,263.439952,6.279819,75543.530954,121282.05929,0.787951,937304.748535,66.622561,1.3667,1,,1,0,0,0,47.668218,1.3667,-0.153524,-0.323513,0.388735,0.00202,62504.274374,71654.995101,-8.796269,0.876065,5.482568,12411.449697,1666.828369,205.509247,1667.586914,5893.918823,117.373447,-6169.368971,46.896619,355.323871,1,0.998718,0,363.951563,6246.875347,90,43.04736,S2Burn,,,,,,,,,,,,,,,,,,,,,,,,,,,None,Continue,0,None,935860.532145,,0,0,1,1,7553.389771,500.475708,0.800355,934090.576172,17.265728,1127.905143,30.720369,0.076547,185.823419,,-0.00033,0.977044,,,,,,1,1,0,0.992341,0.992341,0.682764,62029.921875,71185.164063,12407.839844
148.859997,ASCENT,7,0,1,None,Holding,0,66426.039373,2162.700242,1897.902334,957.276348,254.753813,6.289258,75964.821901,121208.103277,0.78871,937623.046875,68.951058,1.590068,1,,1,0,0,0,50.12299,1.590068,-0.131458,-0.366356,0.430138,0.002021,62508.48793,71655.147401,-7.531976,0.876765,3.970134,12412.613762,1666.964233,205.385773,1667.722656,6718.821801,117.524766,-6169.43585,46.927336,355.361458,1,0.998718,0,363.584824,6246.775072,90,43.04736,S2Burn,,,,,,,,,,,,,,,,,,,,,,,,,,,None,Continue,0,None,936056.801976,,0,0,1,1,7550.788025,500.328064,0.801076,934091.918945,18.521655,1129.166951,30.72244,0.076547,185.823419,,-0.00033,0.977044,,,,,,1,1,0,0.992091,0.992091,0.684004,62035.125,71172.484375,12414.543945
149.099997,ASCENT,7,0,1,None,Holding,0,66674.805883,2161.860972,1897.200212,956.335205,246.32101,6.298535,76386.123772,121134.133436,0.788894,936257.019043,70.773223,1.810222,1,,1,0,0,0,52.071889,1.810222,-0.110629,-0.408669,0.469488,0.002045,62491.969349,71643.578344,-6.33857,0.888089,2.289287,12413.475266,1666.095215,205.263123,1666.853516,7316.906661,117.674801,-6169.520985,46.957781,355.398748,1,0.998718,0,363.791206,6246.656515,90,43.04736,S2Burn,,,,,,,,,,,,,,,,,,,,,,,,,,,None,Continue,0,None,936220.005339,,0,0,1,1,7549.40802,500.239563,0.801453,934092.590332,19.844211,1130.42787,30.723154,0.076547,185.823419,,-0.00033,0.977044,,,,,,1,1,0,0.991807,0.991807,0.685149,62026.144531,71178.148438,12416.582031
149.379997,ASCENT,7,0,1,None,Holding,0,66923.336909,2160.96033,1896.43782,955.392255,238.14051,6.30769,76807.409927,121060.100652,0.789712,937336.181641,71.971668,2.028524,1,,1,0,0,0,53.44984,2.028524,-0.082729,-0.448614,0.504905,0.002068,62501.429449,71644.451059,-4.740002,0.898469,0.437504,12413.13528,1664.252319,205.138885,1665.010986,8016.356334,117.824242,-6169.620637,46.987912,355.435444,1,0.998718,0,363.231363,6245.484184,90,43.04736,S2Burn,,,,,,,,,,,,,,,,,,,,,,,,,,,None,Continue,0,None,936374.571842,,0,0,1,1,7547.103516,500.077637,0.802096,934093.75,21.21847,1131.687938,30.724737,0.076547,185.823419,,-0.00033,0.977044,,,,,,1,1,0,0.991499,0.991499,0.686301,61978.359375,71114.367188,12424.024414
149.619997,ASCENT,7,0,1,None,Holding,0,67171.653456,2160.025759,1895.640964,954.454462,230.210748,6.316778,77228.68865,120986.064531,0.789802,937413.635254,72.413923,2.235921,1,,1,0,0,0,54.062618,2.235921,-0.0478,-0.485263,0.534898,0.002072,62510.095684,71655.915408,-2.738749,0.900837,-1.820502,12411.495531,1664.490356,205.015854,1665.248901,8768.991716,117.973932,-6169.728974,47.017589,355.471708,1,0.998718,0,363.032349,6244.681872,90,43.04736,S2Burn,,,,,,,,,,,,,,,,,,,,,,,,,,,None,Continue,0,None,936501.863311,,0,0,1,1,7544.486694,499.875854,0.802819,934094.909668,22.618547,1132.947188,30.725362,0.076547,185.823419,,-0.00033,0.977044,,,,,,1,1,0,0.991165,0.991165,0.687475,62028.226563,71171.914063,12410.169922
149.899997,ASCENT,7,0,1,None,Holding,0,67419.783547,2159.080686,1894.832978,953.531227,222.529336,6.32587,77649.965317,120911.971666,0.790259,938853.45459,72.243799,2.437674,1,,1,0,0,0,54.073248,2.437674,-0.017142,-0.52159,0.560705,0.002095,62486.972512,71631.867491,-0.98217,0.910884,-3.842752,12409.845042,1663.784912,204.892975,1664.542969,9219.082251,118.12499,-6169.841383,47.046855,355.507263,1,0.998718,0,362.305888,6243.945695,90,43.04736,S2Burn,,,,,,,,,,,,,,,,,,,,,,,,,,,None,Continue,0,None,936559.523233,,0,0,1,1,7543.09845,499.759583,0.803203,934095.581055,24.023376,1134.205648,30.72686,0.076547,185.823419,,-0.00033,0.977044,,,,,,1,1,0,0.990806,0.990806,0.688436,62001.824219,71160.367188,12415.123047
150.159997,ASCENT,7,0,1,None,Holding,0,67667.725923,2158.149702,1894.037333,952.632266,215.093204,6.335023,78071.242658,120837.872125,0.790598,937270.080566,71.319337,2.624964,1,,1,0,0,0,53.308821,2.624964,0.017108,-0.553899,0.579518,0.002108,62479.88102,71621.28807,0.980234,0.917482,-6.050559,12412.119448,1662.971191,204.77092,1663.727905,9475.036852,118.278516,-6169.953015,47.075594,355.542218,1,0.998718,0,362.500929,6244.603413,90,43.04736,S2Burn,,,,,,,,,,,,,,,,,,,,,,,,,,,None,Continue,0,None,936614.883313,,0,0,1,1,7540.628967,499.544006,0.803882,934096.679688,25.409765,1135.463342,30.727475,0.076547,185.823419,,-0.00033,0.977044,,,,,,1,1,0,0.99043,0.99043,0.689222,62005.800781,71144.195313,12419.402344
150.419997,ASCENT,7,0,1,None,Holding,0,67915.468149,2157.264209,1893.284427,951.769188,207.900897,6.344312,78492.525496,120763.772108,0.790599,937117.980957,69.536277,2.79733,1,,1,0,0,0,51.738112,2.79733,0.06452,-0.580269,0.589504,0.002127,62481.934151,71622.991732,3.696701,0.926433,-8.601943,12413.040588,1662.53833,204.645996,1663.296265,9869.999334,118.435838,-6170.057601,47.103736,355.576408,1,0.998718,0,362.395969,6243.817991,90,43.04736,S2Burn,,,,,,,,,,,,,,,,,,,,,,,,,,,None,Continue,0,None,936616.864843,,0,0,1,1,7539.392181,499.432709,0.804228,934097.229004,26.750392,1136.720293,30.728467,0.076547,185.823419,,-0.00033,0.977044,,,,,,1,1,0,0.990043,0.990043,0.689985,62026.390625,71159.09375,12411.816406
150.659997,ASCENT,7,0,1,None,Holding,0,68163.005563,2156.456205,1892.60543,950.952001,200.949834,6.353825,78913.832103,120689.622976,0.791202,935339.416504,66.808742,2.944009,1,,1,0,0,0,49.197808,2.944009,0.101895,-0.603451,0.591047,0.002125,62487.516594,71626.887734,5.838132,0.926093,-11.112087,12412.126373,1662.611206,204.522263,1663.370239,9915.398806,118.598123,-6170.148566,47.131266,355.609902,1,0.998718,0,362.653633,6245.10819,90,43.04736,S2Burn,,,,,,,,,,,,,,,,,,,,,,,,,,,None,Continue,0,None,936579.382722,,0,0,1,1,7536.759552,499.189728,0.804956,934098.327637,28.017138,1137.976513,30.730257,0.076547,185.823419,,-0.00033,0.977044,,,,,,1,1,0,0.989647,0.989647,0.690693,62015.242188,71159.25,12418.929688
150.939997,ASCENT,7,0,1,None,Holding,0,68410.350354,2155.759936,1892.032624,950.188269,194.23644,6.363655,79335.188105,120615.455247,0.79186,937613.220215,63.234545,3.070466,1,,1,0,0,0,45.932403,3.070466,0.147323,-0.620267,0.58373,0.002102,62473.776806,71614.004594,8.441,0.916685,-13.623582,12413.07481,1661.205444,204.400772,1661.962402,9909.524433,118.766319,-6170.218548,47.158034,355.642269,1,0.998718,0,361.754501,6243.081498,90,43.04736,S2Burn,,,,,,,,,,,,,,,,,,,,,,,,,,,None,Continue,0,None,936568.345193,,0,0,1,1,7535.364594,499.059906,0.805337,934098.815918,29.182212,1139.23201,30.732481,0.076547,185.823419,,-0.00033,0.977044,,,,,,1,1,0,0.989248,0.989249,0.691312,61975.382813,71141.882813,12409.339844
151.179997,ASCENT,7,0,1,None,Holding,0,68657.490629,2155.20536,1891.593268,949.480039,187.756686,6.373886,79756.633643,120541.296102,0.792229,937133.666992,58.756359,3.161652,1,,1,0,0,0,41.768803,3.161652,0.196059,-0.629045,0.568865,0.002087,62475.900046,71620.9051,11.233378,0.91044,-15.930153,12412.658467,1660.657227,204.275696,1661.415649,9516.405776,118.940737,-6170.260633,47.183813,355.673572,1,0.998718,0,361.649699,6242.697403,90,43.04736,S2Burn,,,,,,,,,,,,,,,,,,,,,,,,,,,None,Continue,0,None,936542.63187,,0,0,1,1,7532.727814,498.815704,0.806067,934099.853516,30.220804,1140.486775,30.735069,0.076547,185.823419,,-0.00033,0.977044,,,,,,1,1,0,0.988857,0.988857,0.691806,62017.867188,71150.265625,12409.211914
151.459997,ASCENT,7,0,1,None,Holding,0,68904.407782,2154.823079,1891.314408,948.823303,181.505539,6.384599,80178.188172,120467.161275,0.792504,936046.75293,53.358757,3.213588,1,,1,0,0,0,36.731551,3.213588,0.240553,-0.630535,0.54521,0.002067,62485.570743,71627.068602,13.782655,0.902222,-18.400036,12412.032209,1660.681519,204.15274,1661.439087,9421.813354,119.12108,-6170.267112,47.20832,355.703138,1,0.998718,0,361.817354,6242.20956,90,43.04736,S2Burn,,,,,,,,,,,,,,,,,,,,,,,,,,,None,Continue,0,None,936514.779415,,0,0,1,1,7530.244324,498.594421,0.806759,934100.769043,31.11053,1141.740781,30.737301,0.076547,185.823419,,-0.00033,0.977044,,,,,,1,1,0,0.988477,0.988477,0.692127,62046.691406,71178.554688,12409.424805
151.699997,ASCENT,7,0,1,None,Holding,0,69151.062957,2154.640203,1891.218797,948.207856,175.476786,6.395857,80599.87932,120392.994978,0.792805,938158.447266,47.043122,3.225299,1,,1,0,0,0,31.015819,3.225299,0.287996,-0.622761,0.514428,0.001998,62488.66077,71632.213126,16.500959,0.87282,-20.622244,12412.237726,1660.240601,204.028046,1660.999512,8965.968914,119.306366,-6170.230459,47.2312,355.730878,1,0.998718,0,360.916754,6239.529716,90,43.04736,S2Burn,,,,,,,,,,,,,,,,,,,,,,,,,,,None,Continue,0,None,936468.279577,,0,0,1,1,7528.84549,498.473419,0.807142,934101.196289,31.835689,1142.993975,30.742162,0.076547,185.823419,,-0.00033,0.977044,,,,,,1,1,0,0.988109,0.988109,0.692134,62031.769531,71170.054688,12412.915039
151.959997,ASCENT,7,0,1,None,Holding,0,69397.436893,2154.67319,1891.316684,947.608361,169.662579,6.407701,81021.741923,120318.882085,0.792789,937857.849121,39.90109,3.187709,1,,1,0,0,0,24.688243,3.187709,0.332445,-0.604979,0.476664,0.002003,62468.918491,71612.010816,19.047686,0.875415,-22.642126,12411.809865,1658.651001,203.904861,1659.409668,8607.197702,119.494011,-6170.144085,47.251911,355.755893,1,0.998718,0,360.733632,6238.427612,90,43.04736,S2Burn,,,,,,,,,,,,,,,,,,,,,,,,,,,None,Continue,0,None,936387.538756,,0,0,1,1,7526.51593,498.279602,0.807792,934102.050781,32.387233,1144.246269,30.745938,0.076547,185.823419,,-0.00033,0.977044,,,,,,1,1,0,0.987758,0.987758,0.691783,61968.382813,71109.359375,12414.151367
152.239997,ASCENT,7,0,1,None,Holding,0,69643.473402,2154.929543,1891.609203,946.992959,164.053184,6.420135,81443.79114,120244.838811,0.792588,937826.782227,31.948054,3.099775,1,,1,0,0,0,18.274545,3.099775,0.380761,-0.576171,0.43186,0.002066,62460.367882,71605.500401,21.815992,0.903272,-24.679838,12410.65283,1658.598999,203.781815,1659.3573,7748.299092,119.68068,-6170.00284,47.269904,355.777525,1,0.998718,0,360.451967,6237.054765,90,43.04736,S2Burn,,,,,,,,,,,,,,,,,,,,,,,,,,,None,Continue,0,None,936220.245875,,0,0,1,1,7525.274841,498.183044,0.808132,934102.416992,32.769046,1145.497534,30.750947,0.076547,185.823419,,-0.00033,0.977044,,,,,,1,1,0,0.987436,0.987436,0.691354,61985.4375,71127.632813,12408.763672
152.499997,ASCENT,7,0,1,None,Holding,0,69889.119091,2155.404588,1892.084395,946.318374,158.637219,6.43312,81866.043012,120170.803167,0.7928,939199.523926,23.3264,2.962605,1,,1,0,0,0,13.386138,2.962605,0.42305,-0.537655,0.379414,0.002153,62463.297951,71607.307886,24.238955,0.942177,-26.6612,12411.178097,1657.174316,203.658051,1657.933105,6920.918206,119.861828,-6169.80327,47.284532,355.79517,1,0.998718,0,359.786138,6234.759832,90,43.04736,S2Burn,,,,,,,,,,,,,,,,,,,,,,,,,,,None,Continue,0,None,936002.197951,,0,0,1,1,7522.796295,498.004791,0.808826,934103.210449,32.997556,1146.747594,30.758741,0.076547,185.823419,,-0.00033,0.977044,,,,,,1,1,0,0.987142,0.987142,0.690929,61972.121094,71100.914063,12412.161133
152.759997,ASCENT,7,0,1,None,Holding,0,70134.31618,2156.073884,1892.710602,945.5278,153.401782,6.446563,82288.49023,120096.869089,0.793152,937287.353516,14.361409,2.769678,1,,1,0,0,0,13.497501,2.769678,0.466531,-0.48771,0.32166,0.002148,62471.499501,71621.190906,26.73024,0.940477,-28.049181,12411.467208,1657.749146,203.535339,1658.507568,6109.329795,120.031384,-6169.545212,47.295181,355.808008,1,0.998718,0,360.137996,6233.923292,90,43.04736,S2Burn,,,,,,,,,,,,,,,,,,,,,,,,,,,None,Continue,0,None,935792.255467,,0,0,1,1,7520.16983,497.84317,0.809559,934104.064941,33.104266,1147.996223,30.765511,0.076547,185.823419,,-0.00033,0.977044,,,,,,1,1,0,0.986886,0.986886,0.690437,62016.574219,71178.28125,12414.564453
153.019997,ASCENT,7,0,1,None,Holding,0,70379.013277,2156.894268,1893.438035,944.558816,148.335295,6.460297,82711.121068,120023.001768,0.792675,937179.077148,7.219387,2.532007,1,,1,0,0,0,19.783851,2.532007,0.50408,-0.429259,0.253824,0.002222,62464.16516,71616.477776,28.881653,0.973372,-29.586563,12413.363861,1656.89624,203.412674,1657.654297,5395.443495,120.182655,-6169.232402,47.301254,355.81533,1,0.998718,0,359.905401,6232.012622,90,43.04736,S2Burn,,,,,,,,,,,,,,,,,,,,,,,,,,,None,Continue,0,None,935505.89403,,0,0,1,1,7518.781097,497.76889,0.809947,934104.492188,33.136988,1149.243141,30.773367,0.076547,185.823419,,-0.00033,0.977044,,,,,,1,1,0,0.986662,0.986662,0.689797,61997.242188,71153.695313,12414.216797
153.279997,ASCENT,7,0,1,None,Holding,0,70623.150047,2157.807595,1894.203692,943.349026,143.425408,6.47411,83133.897119,119949.159242,0.793193,938491.149902,11.055218,2.255892,1,,1,0,0,0,29.028734,2.255892,0.537051,-0.36377,0.176543,0.002313,62463.835812,71617.125761,30.770761,1.013964,-30.687988,12412.930947,1656.597412,203.289734,1657.355469,4398.369081,120.308881,-6168.872196,47.302322,355.816616,1,0.998718,0,359.223686,6229.382393,90,43.04736,S2Burn,,,,,,,,,,,,,,,,,,,,,,,,,,,None,Continue,0,None,935169.797594,,0,0,1,1,7516.311707,497.652527,0.810632,934105.163574,33.158455,1150.488026,30.784111,0.076547,185.823419,,-0.00033,0.977044,,,,,,1,1,0,0.986468,0.986468,0.688912,62007.328125,71151.53125,12415.275391
153.539997,ASCENT,7,0,1,None,Holding,0,70866.691944,2158.734333,1894.925378,941.835966,138.658587,6.487724,83556.784853,119875.431158,0.793224,937681.030273,21.168248,1.946749,1,,1,0,0,0,39.550547,1.946749,0.566848,-0.291864,0.088259,0.002335,62461.680368,71614.785168,32.477978,1.024254,-31.254629,12411.138697,1655.550903,203.167389,1656.309082,3504.875114,120.403258,-6168.477131,47.298139,355.811573,1,0.998718,0,359.303212,6228.251264,90,43.04736,S2Burn,,,,,,,,,,,,,,,,,,,,,,,,,,,None,Continue,0,None,934863.000011,,0,0,1,1,7515.232117,497.610535,0.810939,934105.46875,33.242985,1151.73052,30.793999,0.076547,185.823419,,-0.00033,0.977044,,,,,,1,1,0,0.986315,0.986315,0.684306,61977.328125,71141.109375,12406.001953
153.799997,ASCENT,7,0,1,None,Holding,0,71109.619026,2159.587738,1895.516762,939.968655,134.020729,6.50082,83979.768978,119801.714994,0.793514,939641.296387,32.464841,1.626986,1,,1,0,0,0,50.740346,1.626986,0.590816,-0.219196,-0.014458,0.00235,62464.646367,71613.43068,33.851276,1.031518,-31.463684,12414.328651,1655.895874,203.043655,1656.654541,2531.467319,120.460202,-6168.062771,47.28875,355.800247,1,0.998718,0,358.47061,6225.282834,90,43.04736,S2Burn,,,,,,,,,,,,,,,,,,,,,,,,,,,None,Continue,0,None,934534.721579,,0,0,1,1,7512.765564,497.532166,0.81163,934106.079102,33.470882,1152.970247,30.806898,0.076547,185.823419,,-0.00033,0.977044,,,,,,1,1,0,0.986194,0.986194,0.682514,62003.199219,71152.195313,12417.105469
154.059997,ASCENT,7,0,1,None,Holding,0,71351.906494,2160.271299,1895.884883,937.711388,129.499509,6.513063,84402.807282,119728.048421,0.794136,937435.668945,44.213973,1.305918,1,,1,0,0,0,62.4481,1.305918,0.607293,-0.147666,-0.134302,0.002414,62463.917232,71614.183149,34.795338,1.060276,-31.193512,12414.180688,1654.487305,202.921921,1655.245728,1983.165741,120.475753,-6167.648729,47.274434,355.782966,1,0.998718,0,358.887445,6225.999438,90,43.04736,S2Burn,,,,,,,,,,,,,,,,,,,,,,,,,,,None,Continue,0,None,934284.423349,,0,0,1,1,7510.454895,497.482727,0.812278,934106.750488,33.922172,1154.206834,30.819145,0.076547,185.823419,,-0.00033,0.977044,,,,,,1,1,0,0.98611,0.98611,0.681322,61982.390625,71132.4375,12416.239258
154.319997,ASCENT,7,0,1,None,Holding,0,71593.557209,2160.695183,1895.947902,935.052426,125.083601,6.524116,84825.901799,119654.314615,0.794422,939693.725586,56.063328,1.020611,1,,1,0,0,0,74.189604,1.020611,0.621135,-0.084439,-0.2713,0.002472,62469.56508,71615.215055,35.588402,1.08662,-30.373554,12415.310003,1654.692627,202.798996,1655.451294,4236.088663,120.448533,-6167.255628,47.255933,355.760613,1,0.998718,0,357.867351,6224.051247,90,43.04736,S2Burn,,,,,,,,,,,,,,,,,,,,,,,,,,,None,Continue,0,None,934029.558518,,0,0,1,1,7509.067261,497.449097,0.812667,934107.055664,34.66832,1155.439933,30.832419,0.076547,185.823419,,-0.00033,0.977044,,,,,,1,1,0,0.985981,0.985981,0.681753,62023.539063,71156.515625,12413.1875
154.579997,ASCENT,7,0,1,None,Holding,0,71834.556437,2160.784105,1895.641105,932.00508,120.76574,6.533711,85249.048794,119580.432512,0.795171,938341.85791,67.849671,0.784814,1,,1,0,0,0,85.935593,0.784814,0.633191,-0.032014,-0.423798,0.00242,62470.869941,71606.78535,36.279156,1.064599,-28.892082,12415.496123,1652.92688,202.67569,1653.685425,6241.352849,120.379896,-6166.903277,47.2342,355.734327,1,0.998718,0,358.084085,6225.160108,90,43.04736,S2Burn,,,,,,,,,,,,,,,,,,,,,,,,,,,None,Continue,0,None,933813.866894,,0,0,1,1,7506.734985,497.349243,0.813317,934107.60498,35.765502,1156.669244,30.845783,0.076547,185.823419,,-0.00033,0.977044,,,,,,1,1,0,0.985763,0.985763,0.68247,62002.929688,71130.960938,12416.120117
154.819997,ASCENT,7,0,1,None,Holding,0,72074.902377,2160.486296,1894.925829,928.606617,116.541557,6.541636,85672.274068,119506.401636,0.795944,940218.322754,79.381762,0.627654,1,,1,0,0,0,97.350038,0.627654,0.63537,0.001629,-0.586259,0.002402,62469.895085,71602.308518,36.403996,1.056943,-26.717356,12414.740183,1652.773315,202.553207,1653.530396,8976.570137,120.273776,-6166.608342,47.210474,355.705681,1,0.998718,0,357.331836,6224.935941,90,43.04736,S2Burn,,,,,,,,,,,,,,,,,,,,,,,,,,,None,Continue,0,None,933663.057086,,0,0,1,1,7504.228241,497.178925,0.814012,934108.154297,37.248368,1157.894535,30.858489,0.076547,185.823419,,-0.00033,0.977044,,,,,,1,1,0,0.98545,0.98545,0.683274,61955.472656,71089.039063,12412.759766
155.099997,ASCENT,7,0,1,None,Holding,0,72314.561082,2159.778812,1893.792975,924.913265,112.410769,6.547794,86095.580482,119432.234861,0.796635,939261.474609,90.514795,0.551745,1,,1,0,0,0,108.319213,0.551745,0.635921,0.017775,-0.751531,0.002478,62465.303313,71606.808694,36.435608,1.091243,-23.776793,12415.610703,1652.985107,202.430298,1653.742065,11162.037358,120.1362,-6166.382474,47.1861,355.676046,1,0.998718,0,357.400441,6225.967142,90,43.04736,S2Burn,,,,,,,,,,,,,,,,,,,,,,,,,,,None,Continue,0,None,933583.945953,,0,0,1,1,7502.966522,497.067108,0.814361,934108.459473,39.126664,1159.115647,30.869226,0.076547,185.823419,,-0.00033,0.977044,,,,,,1,1,0,0.985041,0.985041,0.684056,62005.898438,71189.890625,12423.126953
155.359997,ASCENT,7,0,1,None,Holding,0,72553.499672,2158.667064,1892.260774,920.991558,108.376019,6.552185,86518.981648,119357.909776,0.797379,938358.154297,100.921742,0.555495,1,,1,0,0,0,118.419463,0.555495,0.639492,0.017722,-0.911,0.002575,62470.324646,71607.916603,36.640175,1.134478,-20.165712,12415.128474,1651.61792,202.306259,1652.374634,13772.548579,119.974277,-6166.231479,47.162343,355.647206,1,0.998718,0,357.54737,6228.99592,90,43.04736,S2Burn,,,,,,,,,,,,,,,,,,,,,,,,,,,None,Continue,0,None,933524.380163,,0,0,1,1,7500.264496,496.76889,0.815103,934109.008789,41.388567,1160.3325,30.87937,0.076547,185.823419,,-0.00033,0.977044,,,,,,1,1,0,0.984525,0.984525,0.684744,62008.070313,71132.648438,12411.849609
155.599997,ASCENT,7,0,1,None,Holding,0,72791.665173,2157.180237,1890.36987,916.904884,104.441269,6.554886,86942.51415,119283.457376,0.798554,938068.481445,110.577678,0.635326,1,,1,0,0,0,127.40171,0.635326,0.645516,0.002149,-1,0.002542,62462.45974,71591.080441,36.985344,1.120729,-15.489411,12415.832173,1651.03418,202.182114,1651.791382,14792.039961,119.79487,-6166.155004,47.14047,355.620705,1,0.998718,0,357.432548,6230.667738,90,43.04736,S2Burn,,,,,,,,,,,,,,,,,,,,,,,,,,,None,Continue,0,None,933549.724854,,0,0,1,1,7498.984741,496.599976,0.815454,934109.25293,44.001369,1161.545076,30.88851,0.076547,185.823419,,-0.00033,0.977044,,,,,,1,1,0,0.983929,0.983929,0.685215,61984.171875,71124.453125,12413.856445
155.879997,ASCENT,7,0,1,None,Holding,0,73029.010134,2155.368073,1888.180479,912.706796,100.612372,6.556069,87366.150903,119208.995916,0.79928,938479.919434,119.207135,0.778267,1,,1,0,0,0,134.787804,0.778267,0.650185,-0.026995,-1,0.002553,62449.574275,71581.060079,37.252842,1.126168,-10.953178,12413.455696,1649.35437,202.057495,1650.112427,14802.665988,119.603782,-6166.146653,47.121865,355.597986,1,0.998718,0,357.110436,6233.623736,90,43.04736,S2Burn,,,,,,,,,,,,,,,,,,,,,,,,,,,None,Continue,0,None,933641.241559,,0,0,1,1,7496.420654,496.249268,0.816151,934109.802246,46.919035,1162.753399,30.895716,0.076547,185.823419,,-0.00033,0.977044,,,,,,1,1,0,0.983326,0.983326,0.685359,61952.105469,71088.21875,12408.211914
156.139997,ASCENT,7,0,1,None,Holding,0,73265.492546,2153.284501,1885.754105,908.44615,96.899921,6.556106,87789.875718,119134.579755,0.799613,936493.286133,126.585793,0.974691,1,,1,0,0,0,140.075855,0.974691,0.648111,-0.068822,-1,0.002534,62446.024516,71574.28742,37.134018,1.11859,-6.167261,12413.808593,1649.084106,201.934906,1649.840942,14808.676813,119.406288,-6166.198454,47.107533,355.580532,1,0.998718,0,357.518561,6237.149137,90,43.04736,S2Burn,,,,,,,,,,,,,,,,,,,,,,,,,,,None,Continue,0,None,933722.0386,,0,0,1,1,7494.015717,495.920502,0.816814,934110.229492,50.08348,1163.957518,30.900855,0.076547,185.823419,,-0.00033,0.977044,,,,,,1,1,0,0.982724,0.982724,0.685125,61945.074219,71066.375,12411.371094
156.399997,ASCENT,7,0,1,None,Holding,0,73501.092377,2150.979571,1883.147008,904.164777,93.310894,6.555327,88213.648423,119060.148336,0.799632,937628.723145,132.397575,1.2197,1,,1,0,0,0,142.461133,1.2197,0.656826,-0.118607,-1,0.002519,62445.620731,71575.407201,37.633354,1.112735,-1.542437,12414.011852,1648.919678,201.810577,1649.67749,14820.390102,119.206872,-6166.302581,47.098312,355.569296,1,0.998718,0,357.069323,6240.494995,90,43.04736,S2Burn,,,,,,,,,,,,,,,,,,,,,,,,,,,None,Continue,0,None,933737.601799,,0,0,1,1,7492.73288,495.745087,0.817165,934110.351563,53.439209,1165.157502,30.90726,0.076547,185.823419,,-0.00033,0.977044,,,,,,1,1,0,0.982121,0.982121,0.684494,62002.105469,71107.960938,12411.226563
156.659996,ASCENT,7,0,1,None,Holding,0,73735.809836,2148.507098,1880.41835,899.903497,89.847329,6.553928,88637.450245,118985.732175,0.800201,934907.836914,136.073784,1.506569,1,,1,0,0,0,141.586215,1.506569,0.66827,-0.176541,-1,0.002512,62450.346316,71580.38566,38.289028,1.110243,3.258538,12414.365515,1648.079834,201.688812,1648.836182,14838.300573,119.009835,-6166.450158,47.094938,355.565181,1,0.998718,0,357.702879,6244.417934,90,43.04736,S2Burn,,,,,,,,,,,,,,,,,,,,,,,,,,,None,Continue,0,None,933733.908696,,0,0,1,1,7490.008179,495.372437,0.817911,934110.900879,56.920181,1166.353438,30.913157,0.076547,185.823419,,-0.00033,0.977044,,,,,,1,1,0,0.981518,0.981518,0.683601,61990.3125,71108.1875,12424.484375
156.919996,ASCENT,7,0,1,None,Holding,0,73969.656882,2145.922885,1877.628821,895.703352,86.510317,6.552119,89061.254796,118911.316492,0.800493,937911.621094,137.021296,1.8291,1,,1,0,0,0,137.28018,1.8291,0.687142,-0.240502,-1,0.002516,62444.974591,71575.547962,39.370319,1.112379,8.208685,12412.619172,1648.020508,201.561539,1648.778809,14875.752496,118.819438,-6166.631825,47.098075,355.569008,1,0.998718,0,356.715572,6245.842855,90,43.04736,S2Burn,,,,,,,,,,,,,,,,,,,,,,,,,,,None,Continue,0,None,933711.246037,,0,0,1,1,7488.566742,495.17514,0.818307,934111.14502,60.460157,1167.54543,30.919519,0.076547,185.823419,,-0.00033,0.977044,,,,,,1,1,0,0.980916,0.980916,0.682671,62004.34375,71127.039063,12413.841797
157.179996,ASCENT,7,0,1,None,Holding,0,74202.707285,2143.289249,1874.845127,891.610243,83.300044,6.550119,89485.086652,118836.871244,0.801164,936965.881348,134.878896,2.180049,1,,1,0,0,0,130.413725,2.180049,0.70665,-0.309923,-1,0.002551,62435.614218,71567.068014,40.488087,1.128754,12.883316,12411.998811,1645.748291,201.438889,1646.505493,14684.892643,118.640394,-6166.837134,47.108292,355.581465,1,0.998718,0,356.716186,6250.022842,90,43.04736,S2Burn,,,,,,,,,,,,,,,,,,,,,,,,,,,None,Continue,0,None,933696.914643,,0,0,1,1,7486.000214,494.824432,0.819011,934111.450195,63.985653,1168.733594,30.92627,0.076547,185.823419,,-0.00033,0.977044,,,,,,1,1,0,0.980314,0.980314,0.681729,61906.347656,71040.648438,12405.480469
157.419996,ASCENT,7,0,1,None,Holding,0,74434.986105,2140.675247,1872.139622,887.675204,80.21685,6.548172,89908.917666,118762.383081,0.802021,935784.179688,129.704007,2.539299,1,,1,0,0,0,121.487354,2.539299,0.727866,-0.381202,-1,0.002531,62438.176098,71569.47238,41.703629,1.120545,17.544823,12413.296971,1646.571289,201.314117,1647.329468,14712.985694,118.477837,-6167.054532,47.125959,355.603078,1,0.998718,0,356.93408,6253.128406,90,43.04736,S2Burn,,,,,,,,,,,,,,,,,,,,,,,,,,,None,Continue,0,None,933738.573771,,0,0,1,1,7483.430786,494.477661,0.819716,934111.877441,67.419888,1169.918073,30.934608,0.076547,185.823419,,-0.00033,0.977044,,,,,,1,1,0,0.97972,0.97972,0.680429,61979.871094,71116.046875,12415.413086
157.699996,ASCENT,7,0,1,None,Holding,0,74666.611236,2138.161106,1869.594309,883.961062,77.260652,6.546559,90332.809468,118687.871553,0.802219,939549.560547,121.883033,2.882814,1,,1,0,0,0,110.728594,2.882814,0.760947,-0.44625,-1,0.002549,62439.321759,71572.078723,43.599072,1.129104,22.461363,12414.214474,1645.566284,201.190979,1646.323486,14747.200526,118.338046,-6167.270969,47.151135,355.633648,1,0.998718,0,355.563553,6253.76952,90,43.04736,S2Burn,,,,,,,,,,,,,,,,,,,,,,,,,,,None,Continue,0,None,933762.734647,,0,0,1,1,7482.14801,494.304749,0.820068,934112.060547,70.670898,1171.099033,30.9432,0.076547,185.823419,,-0.00033,0.977044,,,,,,1,1,0,0.979126,0.979126,0.679334,61930.867188,71047.007813,12411.930664
157.959996,ASCENT,7,0,1,None,Holding,0,74897.646949,2135.837115,1867.299197,880.538641,74.430134,6.54554,90756.777738,118613.360025,0.802336,940086.364746,111.840711,3.173913,1,,1,0,0,0,98.533921,3.173913,0.799333,-0.498851,-1,0.002555,62440.273438,71577.350159,45.798405,1.132689,27.264313,12413.458936,1643.787231,201.066589,1644.544312,14765.966769,118.228006,-6167.471792,47.183518,355.673034,1,0.998718,0,355.310024,6255.621898,90,43.04736,S2Burn,,,,,,,,,,,,,,,,,,,,,,,,,,,None,Continue,0,None,933705.400161,,0,0,1,1,7479.417999,493.937042,0.820819,934112.365723,73.646149,1172.276682,30.953267,0.076547,185.823419,,-0.00033,0.977044,,,,,,1,1,0,0.978532,0.978532,0.678616,61926.082031,71069.5,12413.594727
158.219996,ASCENT,7,0,1,None,Holding,0,75128.149884,2133.799331,1865.345687,877.482141,71.720944,6.545256,91180.839495,118538.825132,0.802262,939667.297363,100.03287,3.363127,1,,1,0,0,0,85.033725,3.363127,0.8344,-0.5312,-1,0.002581,62434.947516,71569.66431,47.807583,1.144974,31.789415,12413.882812,1643.541748,200.941177,1644.299438,14779.868767,118.154987,-6167.641307,47.222116,355.71991,1,0.998718,0,355.196819,6257.335482,90,43.04736,S2Burn,,,,,,,,,,,,,,,,,,,,,,,,,,,None,Continue,0,None,933600.23356,,0,0,1,1,7477.973328,493.742371,0.821217,934112.670898,76.256745,1173.451264,30.964982,0.076547,185.823419,,-0.00033,0.977044,,,,,,1,1,0,0.977938,0.977938,0.678031,61936.039063,71054.523438,12421.354492
158.479996,ASCENT,7,0,1,None,Holding,0,75358.149324,2132.148158,1863.823954,874.864015,69.133259,6.546028,91605.009359,118464.290716,0.801605,938595.76416,86.694933,3.407947,1,,1,0,0,0,70.246672,3.407947,0.875717,-0.53218,-1,0.002657,62442.961084,71579.516926,50.1749,1.179107,36.706547,12413.276227,1644.507935,200.818161,1645.265991,14769.633003,118.126059,-6167.762626,47.265106,355.772033,1,0.998718,0,355.290889,6258.335875,90,43.04736,S2Burn,,,,,,,,,,,,,,,,,,,,,,,,,,,None,Continue,0,None,933380.395149,,0,0,1,1,7475.238678,493.37442,0.821969,934112.976074,78.422089,1174.623071,30.979308,0.076547,185.823419,,-0.00033,0.977044,,,,,,1,1,0,0.977343,0.977343,0.677466,61991.265625,71150.140625,12408.886719
158.739996,ASCENT,7,0,1,None,Holding,0,75587.621519,2130.970703,1862.80368,872.739203,66.666613,6.548155,92029.280008,118389.732935,0.801022,938177.79541,72.193303,3.292413,1,,1,0,0,0,54.332148,3.292413,0.910795,-0.500027,-1,0.002747,62442.347987,71582.440473,52.184731,1.219937,41.064808,12414.365526,1642.85022,200.694214,1643.608154,14750.092268,118.146543,-6167.820304,47.309657,355.825951,1,0.998718,0,355.2393,6259.091494,90,43.04736,S2Burn,,,,,,,,,,,,,,,,,,,,,,,,,,,None,Continue,0,None,933029.203928,,0,0,1,1,7473.951355,493.201355,0.822318,934113.15918,80.088397,1175.792433,30.99693,0.076547,185.823419,,-0.00033,0.977044,,,,,,1,1,0,0.976749,0.976749,0.676807,61950.507813,71074.640625,12410.751953
158.999996,ASCENT,7,0,1,None,Holding,0,75816.459233,2130.321582,1862.313525,871.122707,64.317465,6.551826,92453.572305,118315.229036,0.799729,938861.206055,56.82007,3.019807,1,,1,0,0,0,37.406542,3.019807,0.948347,-0.434782,-1,0.002766,62437.576311,71579.778381,54.336277,1.229064,45.90958,12412.119094,1642.247314,200.570236,1643.005127,14728.478484,118.217818,-6167.802707,47.351859,355.876934,1,0.998718,0,354.754534,6257.914793,90,43.04736,S2Burn,,,,,,,,,,,,,,,,,,,,,,,,,,,None,Continue,0,None,932508.027976,,0,0,1,1,7471.375671,492.855164,0.823032,934113.40332,81.246724,1176.959697,31.017063,0.076547,185.823419,,-0.00033,0.977044,,,,,,1,1,0,0.976155,0.976155,0.675935,61934.101563,71071.882813,12416.720703
159.259996,ASCENT,7,0,1,None,Holding,0,76044.504671,2130.204491,1862.325264,869.972791,62.078843,6.557047,92877.802606,118240.731336,0.798415,936653.320313,41.581631,2.613408,1,,1,0,0,0,20.603778,2.613408,0.975388,-0.344024,-1,0.002806,62448.26205,71589.180272,55.885639,1.247418,50.558834,12412.264759,1643.567139,200.446945,1644.324585,14679.191351,118.335717,-6167.704745,47.387205,355.919567,1,0.998718,0,355.123298,6258.257899,90,43.04736,S2Burn,,,,,,,,,,,,,,,,,,,,,,,,,,,None,Continue,0,None,931791.15899,,0,0,1,1,7468.795959,492.508362,0.823737,934113.769531,81.947359,1178.125194,31.04152,0.076547,185.823419,,-0.00033,0.977044,,,,,,1,1,0,0.97556,0.97556,0.67484,62020.484375,71164.34375,12414.908203
159.519996,ASCENT,7,0,1,None,Holding,0,76271.53243,2130.548045,1862.732842,869.174639,59.940057,6.563584,93301.808736,118166.201212,0.797756,936708.984375,29.064449,2.086989,1,,1,0,0,0,12.590419,2.086989,0.999951,-0.22812,-1,0.002763,62441.909158,71575.034939,57.292988,1.229112,55.452099,12411.890432,1642.070068,200.321136,1642.828003,14856.77664,118.488868,-6167.53202,47.411128,355.948388,1,0.998718,0,354.87411,6256.114,90,43.04736,S2Burn,,,,,,,,,,,,,,,,,,,,,,,,,,,None,Continue,0,None,930952.516903,,0,0,1,1,7467.502136,492.333191,0.824097,934113.830566,82.311594,1179.289192,31.070678,0.076547,185.823419,,-0.00033,0.977044,,,,,,1,1,0,0.974957,0.974957,0.673761,61985.859375,71094.226563,12415.222656
159.779996,ASCENT,7,0,1,None,Holding,0,76497.360137,2131.197578,1863.350059,868.538442,57.886471,6.570911,93725.471191,118091.732122,0.796927,937946.960449,26.582659,1.469772,1,,1,0,0,0,27.117107,1.469772,1.005278,-0.097428,-1,0.00272,62444.173962,71575.851498,57.598194,1.210899,59.962975,12414.244435,1641.322632,200.197784,1642.080322,14816.944335,118.658464,-6167.302614,47.419889,355.958936,1,0.998718,0,354.298541,6254.114333,90,43.04736,S2Burn,,,,,,,,,,,,,,,,,,,,,,,,,,,None,Continue,0,None,930031.136379,,0,0,1,1,7464.751556,491.960052,0.824852,934114.135742,82.5288,1180.451846,31.10142,0.076547,185.823419,,-0.00033,0.977044,,,,,,1,1,0,0.974355,0.974355,0.672695,61965.570313,71111.078125,12415.255859
160.039996,ASCENT,7,0,1,None,Holding,0,76721.847972,2131.928755,1863.931466,867.821134,55.901378,6.578249,94148.674484,118017.277814,0.795805,938897.521973,37.796588,0.810327,1,,1,0,0,0,47.721126,0.810327,1.013588,0.042594,-1,0.002738,62444.433548,71572.973167,58.074314,1.219659,65.393669,12413.528845,1639.795166,200.074936,1640.552368,14818.16709,118.82036,-6167.04604,47.411551,355.948895,1,0.998718,0,353.785593,6251.598008,90,43.04736,S2Burn,,,,,,,,,,,,,,,,,,,,,,,,,,,None,Continue,0,None,928973.715834,,0,0,1,1,7463.293213,491.762451,0.825253,934114.318848,82.841108,1181.61315,31.135713,0.076547,185.823419,,-0.00033,0.977044,,,,,,1,1,0,0.973752,0.973752,0.671659,61930.566406,71073.539063,12406.433594
160.299996,ASCENT,7,0,1,None,Holding,0,76944.994992,2132.473965,1864.204708,866.753198,53.968197,6.584671,94571.371377,117942.939855,0.794659,938324.462891,55.616012,0.210318,1,,1,0,0,0,69.842621,0.210318,0.999173,0.165253,-0.79681,0.002684,62443.142931,71569.505901,57.248421,1.196312,69.628998,12414.575641,1639.209839,199.951508,1639.966675,11091.419771,118.947714,-6166.79967,47.386783,355.919041,1,0.998718,0,353.747283,6250.988563,90,43.04736,S2Burn,,,,,,,,,,,,,,,,,,,,,,,,,,,None,Continue,0,None,927790.938238,,0,0,1,1,7460.545837,491.409119,0.826009,934114.562988,83.506182,1182.77292,31.172845,0.076547,185.823419,,-0.00033,0.977044,,,,,,1,1,0,0.973214,0.973214,0.670062,61924.582031,71078.257813,12410.646484
160.559996,ASCENT,7,0,1,None,Holding,0,77166.996355,2132.566822,1863.918008,865.072506,52.073156,6.589247,94993.622311,117868.908025,0.794041,938143.798828,75.75076,-0.15918,1,,1,0,0,0,92.690954,-0.15918,0.979309,0.238702,-0.477695,0.002659,62449.052304,71570.742086,56.110283,1.186171,73.004707,12413.953411,1640.781128,199.82724,1641.538086,6374.066141,119.014497,-6166.601532,47.349235,355.873713,1,0.998718,0,353.583089,6251.614847,90,43.04736,S2Burn,,,,,,,,,,,,,,,,,,,,,,,,,,,None,Continue,0,None,926500.341738,,0,0,1,1,7459.268219,491.289215,0.826364,934114.685059,84.747727,1183.93077,31.214322,0.076547,185.823419,,-0.00033,0.977044,,,,,,1,1,0,0.972872,0.972872,0.669355,62005.371094,71130.90625,12415.229492
160.799996,ASCENT,7,0,1,None,Holding,0,77388.225613,2131.998558,1862.903435,862.628912,50.207181,6.591225,95415.59327,117795.140363,0.795217,938980.59082,96.585488,-0.191107,1,,1,0,0,0,115.723435,-0.191107,0.956522,0.240232,-0.140297,0.002714,62444.704402,71563.946217,54.804646,1.211363,74.827805,12413.127601,1638.03186,199.705612,1638.78833,2888.983117,119.005829,-6166.487027,47.305758,355.821208,1,0.998718,0,353.066104,6252.432673,90,43.04736,S2Burn,,,,,,,,,,,,,,,,,,,,,,,,,,,None,Continue,0,None,925349.430396,,0,0,1,1,7456.585449,491.150879,0.827113,934114.929199,86.707326,1185.086166,31.257286,0.076547,185.823419,,-0.00033,0.977044,,,,,,1,1,0,0.972712,0.972712,0.668782,61946.996094,71045.085938,12412.837891
161.079996,ASCENT,7,0,1,None,Holding,0,77609.127776,2130.691203,1861.140508,859.436357,48.369681,6.590308,95837.528495,117721.487619,0.796695,937515.258789,116.771236,0.022754,1,,1,0,0,0,137.863708,0.022754,0.930531,0.190133,1,0.002705,62444.082892,71568.381857,53.315487,1.207836,74.697281,12412.997883,1638.954956,199.582886,1639.711426,2785.637179,118.923226,-6166.476464,47.264768,355.77144,1,0.998718,0,353.369761,6255.098152,90,43.04736,S2Burn,,,,,,,,,,,,,,,,,,,,,,,,,,,None,Continue,0,None,924508.523817,,0,0,1,1,7454.077972,491.086761,0.827821,934115.17334,89.396814,1186.238543,31.296774,0.076547,185.823419,,-0.00033,0.977044,,,,,,1,1,0,0.972604,0.972604,0.668127,61982.511719,71138.796875,12408.436523
161.339996,ASCENT,7,0,1,None,Holding,0,77830.102821,2128.69876,1858.7452,855.616662,46.566926,6.586709,96259.65637,117647.002794,0.795528,937495.422363,134.894419,0.364203,1,,1,0,0,0,156.8658,0.364203,0.910947,0.114429,1,0.002815,62442.521734,71564.554088,52.193398,1.258389,71.212181,12417.46127,1637.685913,199.458801,1638.441895,14821.756722,118.779095,-6166.569172,47.234981,355.735272,1,0.998718,0,353.122229,6258.764033,90,43.04736,S2Burn,,,,,,,,,,,,,,,,,,,,,,,,,,,None,Continue,0,None,923658.305298,,0,0,1,1,7452.939911,490.933075,0.828139,934115.234375,92.703642,1187.387399,31.339818,0.076547,185.823419,,-0.00033,0.977044,,,,,,1,1,0,0.972001,0.972001,0.667271,61946.78125,71101.515625,12426.163086
161.579996,ASCENT,7,0,1,None,Holding,0,78051.299918,2126.238731,1855.964551,851.559907,44.810922,6.581148,96682.115183,117572.533704,0.803983,939732.23877,147.814561,0.762745,1,,1,0,0,0,161.572218,0.762745,0.894739,0.027626,-0.836996,0.002815,62434.200699,71558.74172,51.26479,1.258748,69.940437,12413.62919,1637.484741,199.333191,1638.242798,14786.358692,118.611721,-6166.751086,47.217865,355.714548,1,0.998718,0,352.384904,6261.016741,90,43.04736,S2Burn,,,,,,,,,,,,,,,,,,,,,,,,,,,None,Continue,0,None,923431.010129,,0,0,1,1,7450.337494,490.581635,0.828854,934115.41748,96.417833,1188.532449,31.374828,0.076547,185.823419,,-0.00033,0.977044,,,,,,1,1,0,0.971398,0.971398,0.666385,61968.988281,71084.78125,12412.804688
161.859996,ASCENT,7,0,1,None,Holding,0,78272.691886,2123.503931,1853.004587,847.527294,43.11225,6.574439,97105.061834,117498.235799,0.803136,938816.162109,148.551916,1.174851,1,,1,0,0,0,145.783399,1.174851,0.893603,-0.058852,-0.752556,0.002707,62412.356522,71550.891275,51.199699,1.210976,73.807976,12411.110123,1636.600098,199.211075,1637.3573,10802.074099,118.446624,-6167.001292,47.213678,355.709372,1,0.998718,0,352.475095,6264.87458,90,43.04736,S2Burn,,,,,,,,,,,,,,,,,,,,,,,,,,,None,Continue,0,None,924014.061635,,0,0,1,1,7447.74469,490.277893,0.82957,934115.661621,100.280094,1189.673767,31.396846,0.076547,185.823419,,-0.00033,0.977044,,,,,,1,1,0,0.970896,0.970897,0.66544,61944.960938,71096.40625,12412.712891
162.099996,ASCENT,7,0,1,None,Holding,0,78494.294008,2120.73666,1850.138464,843.691816,41.480054,6.567434,97528.588417,117424.049474,0.800723,938687.37793,135.607797,1.5423,1,,1,0,0,0,124.147168,1.5423,0.894469,-0.135437,-0.722577,0.002677,62416.961181,71556.601917,51.249313,1.198213,77.000717,12413.25484,1635.218506,199.08757,1635.975708,10278.460464,118.300736,-6167.278683,47.226834,355.725459,1,0.998718,0,352.389965,6267.899155,90,43.04736,S2Burn,,,,,,,,,,,,,,,,,,,,,,,,,,,None,Continue,0,None,923872.376757,,0,0,1,1,7446.2966,490.135956,0.829968,934115.783691,103.99622,1190.811503,31.429109,0.076547,185.823419,,-0.00033,0.977044,,,,,,1,1,0,0.970467,0.970467,0.664493,61932.261719,71071.945313,12414.884766
162.379996,ASCENT,7,0,1,None,Holding,0,78716.012038,2118.23622,1847.663287,840.31401,39.923953,6.561191,97952.696084,117349.877931,0.800468,937937.62207,116.316014,1.792979,1,,1,0,0,0,100.826521,1.792979,0.900409,-0.186659,-0.655702,0.002775,62425.114664,71562.848403,51.589638,1.24307,80.40052,12413.727449,1635.927002,198.964157,1636.684692,9091.80581,118.1991,-6167.536919,47.255855,355.76065,1,0.998718,0,352.425697,6271.410018,90,43.04736,S2Burn,,,,,,,,,,,,,,,,,,,,,,,,,,,None,Continue,0,None,923586.077452,,0,0,1,1,7443.726868,489.900208,0.830687,934115.966797,107.275051,1191.945945,31.465062,0.076547,185.823419,,-0.00033,0.977044,,,,,,1,1,0,0.970071,0.970071,0.663639,61958.164063,71114.53125,12414.930664
162.619996,ASCENT,7,0,1,None,Holding,0,78937.559496,2116.2894,1845.839522,837.603646,38.45089,6.556728,98377.263107,117275.820829,0.799671,935551.818848,94.457215,1.856097,1,,1,0,0,0,76.477968,1.856097,0.910163,-0.197685,-0.557102,0.002655,62424.852036,71562.329071,52.148514,1.189856,83.357147,12411.537033,1634.813721,198.840317,1635.57019,7889.624121,118.161653,-6167.727851,47.295987,355.809443,1,0.998718,0,352.923367,6274.028974,90,43.04736,S2Burn,,,,,,,,,,,,,,,,,,,,,,,,,,,None,Continue,0,None,923165.620432,,0,0,1,1,7442.446228,489.795349,0.831045,934116.027832,109.876014,1193.077537,31.502959,0.076547,185.823419,,-0.00033,0.977044,,,,,,1,1,0,0.969727,0.969727,0.662863,61938.691406,71083.695313,12410.788086
162.899996,ASCENT,7,0,1,None,Holding,0,79158.468112,2115.102338,1844.824198,835.661278,37.063032,6.554794,98802.000777,117201.855756,0.798736,939247.497559,71.896792,1.69337,1,,1,0,0,0,51.754643,1.69337,0.918852,-0.161678,-0.443297,0.002692,62426.082351,71564.872348,52.646347,1.207239,85.48465,12413.118658,1632.989502,198.717178,1633.746094,6015.068751,118.197898,-6167.812155,47.33967,355.862288,1,0.998718,0,351.650315,6272.055821,90,43.04736,S2Burn,,,,,,,,,,,,,,,,,,,,,,,,,,,None,Continue,0,None,922572.884946,,0,0,1,1,7439.574127,489.600006,0.831849,934116.271973,111.678699,1194.206805,31.545023,0.076547,185.823419,,-0.00033,0.977044,,,,,,1,1,0,0.969447,0.969448,0.662143,61919.214844,71069.03125,12414.227539
163.139996,ASCENT,7,0,1,None,Holding,0,79378.232469,2114.732858,1844.609857,834.429426,35.756363,6.555643,99226.575693,117128.024198,0.797983,938427.978516,50.054864,1.337982,1,,1,0,0,0,27.786131,1.337982,0.922829,-0.086752,-0.321578,0.002606,62430.402088,71570.388992,52.874187,1.169451,87.165253,12411.736034,1634.7948,198.595215,1635.55127,4399.824569,118.302334,-6167.770703,47.377713,355.908388,1,0.998718,0,351.628265,6272.169922,90,43.04736,S2Burn,,,,,,,,,,,,,,,,,,,,,,,,,,,None,Continue,0,None,921848.437311,,0,0,1,1,7438.301575,489.533508,0.832207,934116.333008,112.725152,1195.334259,31.59098,0.076547,185.823419,,-0.00033,0.977044,,,,,,1,1,0,0.969239,0.969239,0.661398,61980.207031,71115.5,12407.959961
163.419996,ASCENT,7,0,1,None,Holding,0,79596.358229,2115.05643,1845.005526,833.683125,34.520484,6.558885,99650.584928,117054.297544,0.797635,937332.824707,32.836418,0.837816,1,,1,0,0,0,14.79473,0.837816,0.920412,0.017234,-0.186757,0.00263,62425.434277,71559.790556,52.735703,1.181218,88.306938,12412.79182,1632.280396,198.471222,1633.037598,2481.117472,118.453622,-6167.611661,47.401518,355.937064,1,0.998718,0,351.614143,6270.892018,90,43.04736,S2Burn,,,,,,,,,,,,,,,,,,,,,,,,,,,None,Continue,0,None,921074.51851,,0,0,1,1,7435.449249,489.432159,0.833006,934116.516113,113.220532,1196.460276,31.639717,0.076547,185.823419,,-0.00033,0.977044,,,,,,1,1,0,0.969104,0.969104,0.660634,61942.40625,71074.5,12409.349609
163.679996,ASCENT,7,0,1,None,Holding,0,79812.628873,2115.779932,1845.668084,833.06962,33.340038,6.563519,100073.799506,116980.724432,0.797695,935934.204102,30.752518,0.265129,1,,1,0,0,0,32.560862,0.265129,0.90975,0.134517,-0.025728,0.002542,62430.680605,71568.321291,52.124809,1.142331,88.82328,12413.828442,1632.560547,198.348572,1633.316772,1755.935679,118.618219,-6167.370991,47.405456,355.941819,1,0.998718,0,351.892024,6269.688763,90,43.04736,S2Burn,,,,,,,,,,,,,,,,,,,,,,,,,,,None,Continue,0,None,920313.970163,,0,0,1,1,7434.347321,489.414215,0.833323,934116.638184,113.498944,1197.585002,31.688877,0.076547,185.823419,,-0.00033,0.977044,,,,,,1,1,0,0.969044,0.969044,0.659934,61954.371094,71090.195313,12411.149414
163.939996,ASCENT,7,0,1,None,Holding,0,80027.100517,2116.512349,1846.187378,832.194696,32.198107,6.56816,100496.120749,116907.050706,0.798174,936592.529297,45.825582,-0.284942,1,,1,0,0,0,57.326109,-0.284942,0.889617,0.245036,0.180428,0.002571,62415.763834,71548.022677,50.971306,1.156145,88.435333,12413.410822,1631.721069,198.226593,1632.477417,3460.908849,118.758484,-6167.103985,47.388564,355.921411,1,0.998718,0,351.357211,6268.316469,90,43.04736,S2Burn,,,,,,,,,,,,,,,,,,,,,,,,,,,None,Continue,0,None,919626.405029,,0,0,1,1,7431.667725,489.364502,0.834078,934116.699219,113.945243,1198.708301,31.739062,0.076547,185.823419,,-0.00033,0.977044,,,,,,1,1,0,0.968938,0.968938,0.65927,61955.839844,71079.273438,12419.825195
164.199996,ASCENT,7,0,1,None,Holding,0,80240.154335,2116.861423,1846.187564,830.719712,31.080599,6.571389,100917.710344,116833.217241,0.798487,938014.343262,66.815065,-0.68139,1,,1,0,0,0,82.638179,-0.68139,0.863137,0.321959,0.443837,0.002572,62422.576174,71547.987966,49.454117,1.157462,87.07563,12414.800823,1630.584595,198.101135,1631.34314,7003.435532,118.841979,-6166.87167,47.354796,355.880563,1,0.998718,0,350.747324,6267.441687,90,43.04736,S2Burn,,,,,,,,,,,,,,,,,,,,,,,,,,,None,Continue,0,None,919002.742246,,0,0,1,1,7430.240906,489.31073,0.834481,934116.760254,114.899143,1199.829777,31.788712,0.076547,185.823419,,-0.00033,0.977044,,,,,,1,1,0,0.968722,0.968722,0.658659,61916.195313,71056,12408.845703
164.439996,ASCENT,7,0,1,None,Holding,0,80452.317745,2116.541942,1845.431255,828.456055,29.979163,6.572131,101338.842375,116759.096242,0.799557,937082.214355,88.862058,-0.818979,1,,1,0,0,0,107.460196,-0.818979,0.824797,0.342596,0.737118,0.002731,62417.935881,71536.86255,47.257393,1.229403,84.100151,12412.441927,1630.220337,197.979401,1630.977905,11589.488145,118.850608,-6166.724102,47.311995,355.828773,1,0.998718,0,350.882879,6268.620292,90,43.04736,S2Burn,,,,,,,,,,,,,,,,,,,,,,,,,,,None,Continue,0,None,918507.376013,,0,0,1,1,7427.521118,489.116821,0.83525,934116.943359,116.578627,1200.948865,31.837517,0.076547,185.823419,,-0.00033,0.977044,,,,,,1,1,0,0.968342,0.968342,0.658167,61915.441406,71038.75,12411.671875
164.719996,ASCENT,7,0,1,None,Holding,0,80664.138548,2115.44136,1843.8701,825.409479,28.892209,6.569924,101759.868366,116684.679605,0.801959,939108.520508,110.045681,-0.725026,1,,1,0,0,0,131.006018,-0.725026,0.795206,0.316823,1,0.002748,62410.108207,71529.849146,45.56197,1.238041,80.076859,12413.35518,1629.893555,197.855942,1630.650635,14887.822282,118.784981,-6166.688829,47.269448,355.777018,1,0.998718,0,350.121851,6269.484831,90,43.04736,S2Burn,,,,,,,,,,,,,,,,,,,,,,,,,,,None,Continue,0,None,918255.526038,,0,0,1,1,7426.060944,488.955475,0.835653,934117.004395,119.042213,1202.064968,31.885145,0.076547,185.823419,,-0.00033,0.977044,,,,,,1,1,0,0.967791,0.967791,0.657684,61913.089844,71021.101563,12412.050781
164.959996,ASCENT,7,0,1,None,Holding,0,80875.971868,2113.630936,1841.636106,821.766033,27.823964,6.564988,102181.061496,116610.20384,0.80514,938318.847656,129.296727,-0.482085,1,,1,0,0,0,152.437495,-0.482085,0.763901,0.259591,1,0.002852,62400.7903,71526.336012,43.768303,1.285868,75.164337,12415.167835,1629.156982,197.731277,1629.914185,14868.93601,118.662936,-6166.766665,47.235006,355.735193,1,0.998718,0,350.083521,6273.202665,90,43.04736,S2Burn,,,,,,,,,,,,,,,,,,,,,,,,,,,None,Continue,0,None,918392.167848,,0,0,1,1,7423.442291,488.608307,0.836382,934117.1875,122.190984,1203.177592,31.925375,0.076547,185.823419,,-0.00033,0.977044,,,,,,1,1,0,0.967189,0.967189,0.657124,61916.949219,71031.867188,12420.896484
165.239996,ASCENT,7,0,1,None,Holding,0,81087.946904,2111.289231,1838.949546,817.784699,26.78169,6.558019,102602.586616,116535.73475,0.807776,936301.269531,144.862017,-0.165785,1,,1,0,0,0,166.77181,-0.165785,0.739959,0.188622,-0.895959,0.002923,62397.966722,71523.029415,42.396515,1.318636,70.611786,12414.118178,1628.377563,197.608185,1629.134399,14844.180025,118.509179,-6166.939597,47.213372,355.708749,1,0.998718,0,350.551019,6277.911436,90,43.04736,S2Burn,,,,,,,,,,,,,,,,,,,,,,,,,,,None,Continue,0,None,918860.117155,,0,0,1,1,7421.967621,488.410492,0.836786,934117.1875,125.832886,1204.286447,31.959648,0.076547,185.823419,,-0.00033,0.977044,,,,,,1,1,0,0.966586,0.966586,0.656495,61909.667969,71045.875,12408.380859
165.499996,ASCENT,7,0,1,None,Holding,0,81299.987225,2108.632079,1836.02511,813.776475,25.772238,6.549831,103024.504108,116461.270906,0.814492,936875.366211,152.190446,0.175792,1,,1,0,0,0,157.173026,0.175792,0.721557,0.113574,-0.780866,0.002887,62393.383178,71524.495739,41.342201,1.302891,72.729546,12413.569825,1627.078735,197.483948,1627.835938,13439.821642,118.352884,-6167.185243,47.202166,355.695083,1,0.998718,0,350.196068,6281.466085,90,43.04736,S2Burn,,,,,,,,,,,,,,,,,,,,,,,,,,,None,Continue,0,None,920014.071508,,0,0,1,1,7419.177917,488.036804,0.837558,934117.370605,129.733673,1205.391495,31.982257,0.076547,185.823419,,-0.00033,0.977044,,,,,,1,1,0,0.965988,0.965988,0.655871,61906.808594,71035.765625,12418.277344
165.759996,ASCENT,7,0,1,None,Holding,0,81512.05669,2105.82709,1833.061505,809.858549,24.800267,6.541118,103446.90373,116387.106039,0.809625,936458.068848,145.215571,0.50499,1,,1,0,0,0,137.105402,0.50499,0.708216,0.042301,-0.733222,0.002883,62397.451126,71535.92498,40.577812,1.301998,76.380058,12412.300249,1627.554688,197.361496,1628.311523,10448.104605,118.205127,-6167.474698,47.205969,355.699722,1,0.998718,0,350.188223,6285.158888,90,43.04736,S2Burn,,,,,,,,,,,,,,,,,,,,,,,,,,,None,Continue,0,None,920936.844524,,0,0,1,1,7416.570465,487.764801,0.838288,934117.431641,133.630871,1206.492869,32.005376,0.076547,185.823419,,-0.00033,0.977044,,,,,,1,1,0,0.965563,0.965563,0.655201,61932.804688,71071.390625,12405.158203
165.999996,ASCENT,7,0,1,None,Holding,0,81724.171614,2103.133567,1830.332329,806.234641,23.87083,6.532766,103869.857711,116312.980749,0.808913,938977.905273,128.728256,0.768617,1,,1,0,0,0,114.98992,0.768617,0.70051,-0.014166,-0.689255,0.002824,62396.381219,71534.644526,40.13628,1.275894,79.667633,12412.380911,1626.326782,197.237503,1627.083618,9740.184262,118.084799,-6167.765378,47.226301,355.724602,1,0.998718,0,349.355065,6287.016145,90,43.04736,S2Burn,,,,,,,,,,,,,,,,,,,,,,,,,,,None,Continue,0,None,921205.236001,,0,0,1,1,7415.109955,487.627045,0.838691,934117.553711,137.245417,1207.590757,32.036796,0.076547,185.823419,,-0.00033,0.977044,,,,,,1,1,0,0.96515,0.965151,0.654605,61916.292969,71046.851563,12417.62207
166.279996,ASCENT,7,0,1,None,Holding,0,81936.193973,2100.830394,1828.104622,803.118244,22.988662,6.52577,104293.305686,116238.869764,0.808672,936419.128418,108.584507,0.920076,1,,1,0,0,0,91.939356,0.920076,0.697001,-0.04641,-0.615631,0.002809,62401.415584,71531.271779,39.935226,1.269973,82.727356,12411.863313,1626.866333,197.11412,1627.622803,8661.561821,118.011449,-6168.010994,47.260604,355.766307,1,0.998718,0,349.799841,6290.821566,90,43.04736,S2Burn,,,,,,,,,,,,,,,,,,,,,,,,,,,None,Continue,0,None,921331.68882,,0,0,1,1,7412.513763,487.402435,0.839421,934117.614746,140.32452,1208.68548,32.072503,0.076547,185.823419,,-0.00033,0.977044,,,,,,1,1,0,0.964778,0.964778,0.654096,61938.742188,71054.21875,12413.40332
166.539996,ASCENT,7,0,1,None,Holding,0,82147.855965,2099.163845,1826.591579,800.663769,22.156622,6.521002,104717.087188,116164.843179,0.808218,937005.065918,86.999544,0.915766,1,,1,0,0,0,68.225281,0.915766,0.694224,-0.046063,-0.517691,0.002801,62394.088824,71526.102742,39.776096,1.267431,85.306267,12412.595094,1625.686646,196.991043,1626.44397,7198.86899,117.999059,-6168.167625,47.303487,355.818465,1,0.998718,0,349.453461,6291.121905,90,43.04736,S2Burn,,,,,,,,,,,,,,,,,,,,,,,,,,,None,Continue,0,None,921338.316693,,0,0,1,1,7411.058228,487.291138,0.839829,934117.736816,142.677989,1209.777474,32.109234,0.076547,185.823419,,-0.00033,0.977044,,,,,,1,1,0,0.964457,0.964457,0.65359,61911.0625,71039.695313,12415.685547
166.799996,ASCENT,7,0,1,None,Holding,0,82358.768922,2098.282002,1825.889486,798.915519,21.374672,6.519013,105140.922152,116090.955831,0.807496,938152.404785,65.025161,0.751809,1,,1,0,0,0,44.110547,0.751809,0.691208,-0.012601,-0.404092,0.002773,62392.49104,71524.709582,39.603283,1.255426,87.401619,12414.023907,1625.697266,196.868195,1626.453491,5279.163156,118.051562,-6168.204477,47.347299,355.871657,1,0.998718,0,348.978816,6290.74568,90,43.04736,S2Burn,,,,,,,,,,,,,,,,,,,,,,,,,,,None,Continue,0,None,921165.032589,,0,0,1,1,7408.476624,487.127991,0.840554,934117.797852,144.242461,1210.867218,32.148437,0.076547,185.823419,,-0.00033,0.977044,,,,,,1,1,0,0.964201,0.964201,0.653101,61939.492188,71069.734375,12411.568359
167.059996,ASCENT,7,0,1,None,Holding,0,82568.504718,2098.186636,1825.938916,797.780951,20.639425,6.519842,105564.463547,116017.145254,0.807257,938620.849609,44.020591,0.453941,1,,1,0,0,0,20.440205,0.453941,0.686447,0.04832,-0.277001,0.002779,62390.756436,71521.797589,39.330521,1.258494,88.904915,12411.566297,1624.843262,196.745926,1625.599731,3853.630841,118.160487,-6168.112714,47.383581,355.915634,1,0.998718,0,348.528243,6288.991656,90,43.04736,S2Burn,,,,,,,,,,,,,,,,,,,,,,,,,,,None,Continue,0,None,920850.438153,,0,0,1,1,7407.190521,487.064545,0.840916,934117.858887,145.102156,1211.955148,32.191893,0.076547,185.823419,,-0.00033,0.977044,,,,,,1,1,0,0.964014,0.964014,0.652603,61898.273438,71014.59375,12413.507813
167.319996,ASCENT,7,0,1,None,Holding,0,82776.744949,2098.718199,1826.52152,797.031718,19.94421,6.522958,105987.419382,115943.489648,0.807082,938317.932129,28.322874,0.070415,1,,1,0,0,0,11.756324,0.070415,0.670898,0.124702,-0.132663,0.002779,62389.325997,71511.771907,38.439625,1.259761,89.819283,12412.987716,1623.602173,196.622513,1624.357544,1697.782958,118.305082,-6167.90905,47.40478,355.9413,1,0.998718,0,348.377508,6287.707289,90,43.04736,S2Burn,,,,,,,,,,,,,,,,,,,,,,,,,,,None,Continue,0,None,920471.123898,,0,0,1,1,7404.47229,486.977661,0.841686,934117.980957,145.482128,1213.041563,32.236178,0.076547,185.823419,,-0.00033,0.977044,,,,,,1,1,0,0.963915,0.963916,0.6521,61921.648438,71029.765625,12407.897461
167.579996,ASCENT,7,0,1,None,Holding,0,82983.323029,2099.573878,1827.294824,796.346948,19.280313,6.527312,106409.580319,115869.879343,0.807366,937267.39502,29.249829,-0.338034,1,,1,0,0,0,33.627307,-0.338034,0.6523,0.20561,0.035986,0.002717,62390.071875,71519.626161,37.374031,1.232209,89.943924,12413.501674,1623.211426,196.500214,1623.967285,2600.422534,118.45608,-6167.635471,47.406461,355.943335,1,0.998718,0,348.424532,6286.642786,90,43.04736,S2Burn,,,,,,,,,,,,,,,,,,,,,,,,,,,None,Continue,0,None,920081.484813,,0,0,1,1,7401.765015,486.926147,0.842456,934118.041992,145.712164,1214.126548,32.280381,0.076547,185.823419,,-0.00033,0.977044,,,,,,1,1,0,0.963828,0.963828,0.651666,61910.976563,71030.0625,12415.016602
167.839996,ASCENT,7,0,1,None,Holding,0,83188.35004,2100.38454,1827.877458,795.387487,18.638678,6.531578,106830.933571,115796.152689,0.808205,938153.076172,45.615291,-0.705746,1,,1,0,0,0,58.174259,-0.705746,0.627201,0.276631,0.236563,0.002721,62376.64207,71499.473538,35.935997,1.234951,89.22998,12412.386771,1622.206787,196.376358,1622.963623,4377.217129,118.582481,-6167.348015,47.388232,355.921261,1,0.998718,0,347.903271,6284.643587,90,43.04736,S2Burn,,,,,,,,,,,,,,,,,,,,,,,,,,,None,Continue,0,None,919750.757374,,0,0,1,1,7400.328217,486.885834,0.842861,934118.041992,146.150651,1215.20995,32.325768,0.076547,185.823419,,-0.00033,0.977044,,,,,,1,1,0,0.963693,0.963693,0.651402,61887.550781,70991.640625,12414.417969
168.079996,ASCENT,7,0,1,None,Holding,0,83392.125823,2100.791751,1827.930233,793.870567,18.01168,6.534452,107251.633774,115722.293474,0.808558,935106.201172,66.32863,-0.955939,1,,1,0,0,0,82.579829,-0.955939,0.600555,0.322957,0.468611,0.002804,62379.234492,71501.646735,34.409245,1.273181,87.840378,12412.696014,1621.941284,196.253876,1622.697754,7335.56867,118.658327,-6167.105523,47.354027,355.879868,1,0.998718,0,348.575743,6286.453654,90,43.04736,S2Burn,,,,,,,,,,,,,,,,,,,,,,,,,,,None,Continue,0,None,919482.415252,,0,0,1,1,7397.760345,486.761322,0.843593,934118.103027,147.10379,1216.291403,32.369003,0.076547,185.823419,,-0.00033,0.977044,,,,,,1,1,0,0.963458,0.963458,0.651019,61893.175781,71001.15625,12408.296875
168.359996,ASCENT,7,0,1,None,Holding,0,83595.066266,2100.541736,1827.243831,791.642058,17.394666,6.534975,107671.943266,115648.223974,0.809155,936378.356934,87.491862,-1.06067,1,,1,0,0,0,106.314914,-1.06067,0.564967,0.33717,0.716597,0.002811,62374.451794,71496.79759,32.370209,1.277291,84.869347,12412.652733,1621.175293,196.130066,1621.932617,10937.918346,118.669483,-6166.954058,47.310915,355.827409,1,0.998718,0,347.95698,6286.816709,90,43.04736,S2Burn,,,,,,,,,,,,,,,,,,,,,,,,,,,None,Continue,0,None,919225.418344,,0,0,1,1,7396.30426,486.649963,0.844004,934118.225098,148.7643,1217.370408,32.41196,0.076547,185.823419,,-0.00033,0.977044,,,,,,1,1,0,0.963082,0.963082,0.650689,61877.140625,71006.070313,12409.123047
168.619996,ASCENT,7,0,1,None,Holding,0,83797.599876,2099.53039,1825.771142,788.700723,16.786341,6.53273,108092.18816,115573.865987,0.811189,936916.259766,107.897269,-1.027058,1,,1,0,0,0,128.993537,-1.027058,0.534685,0.323938,0.968765,0.002936,62386.052297,71508.342295,30.635174,1.334789,80.877747,12412.515847,1621.57666,196.006042,1622.334351,14886.730939,118.615951,-6166.918334,47.267144,355.774121,1,0.998718,0,347.751911,6288.130753,90,43.04736,S2Burn,,,,,,,,,,,,,,,,,,,,,,,,,,,None,Continue,0,None,919138.544611,,0,0,1,1,7393.520721,486.342499,0.84478,934118.286133,151.185268,1218.446435,32.453952,0.076547,185.823419,,-0.00033,0.977044,,,,,,1,1,0,0.962552,0.962552,0.650372,61930.378906,71073.117188,12413.104492
168.879996,ASCENT,7,0,1,None,Holding,0,83999.998122,2097.811304,1823.620637,785.188119,16.188489,6.527882,108512.607266,115499.397852,0.81383,936616.821289,126.607021,-0.894271,1,,1,0,0,0,150.149283,-0.894271,0.501152,0.289224,1,0.003066,62370.593847,71493.232065,28.713903,1.394872,76.073143,12411.230499,1619.963013,195.883499,1620.719482,14870.257448,118.510779,-6166.9987,47.230017,355.728831,1,0.998718,0,347.623131,6291.448392,90,43.04736,S2Burn,,,,,,,,,,,,,,,,,,,,,,,,,,,None,Continue,0,None,919356.826439,,0,0,1,1,7392.19809,486.16684,0.845153,934118.286133,154.285893,1219.519034,32.491001,0.076547,185.823419,,-0.00033,0.977044,,,,,,1,1,0,0.96195,0.96195,0.650028,61907.386719,71020.75,12406.135742
169.139996,ASCENT,7,0,1,None,Holding,0,84202.342866,2095.548293,1820.995401,781.32179,15.604699,6.521057,108933.312262,115424.928762,0.816242,937896.789551,142.345615,-0.708853,1,,1,0,0,0,167.830773,-0.708853,0.47169,0.244512,1,0.003168,62356.772643,71472.015988,27.025862,1.442518,70.827988,12413.278672,1618.447266,195.759384,1619.203125,14870.936641,118.373881,-6167.176187,47.20423,355.697325,1,0.998718,0,347.133398,6294.305315,90,43.04736,S2Burn,,,,,,,,,,,,,,,,,,,,,,,,,,,None,Continue,0,None,919825.139125,,0,0,1,1,7389.387177,485.792938,0.845935,934118.408203,157.894872,1220.587913,32.523146,0.076547,185.823419,,-0.00033,0.977044,,,,,,1,1,0,0.961348,0.961348,0.649627,61837.921875,70954.96875,12418.798828
169.399996,ASCENT,7,0,1,None,Holding,0,84404.56975,2092.951181,1818.114891,777.338499,15.038543,6.513027,109354.31105,115350.467302,0.822133,937036.865234,152.434009,-0.498457,1,,1,0,0,0,165.562908,-0.498457,0.449193,0.196386,-0.842971,0.003211,62357.823413,71477.333223,25.736835,1.462695,69.453438,12413.349314,1619.38855,195.635178,1620.144409,14853.369124,118.226708,-6167.422498,47.189931,355.679837,1,0.998718,0,347.194794,6299.213526,90,43.04736,S2Burn,,,,,,,,,,,,,,,,,,,,,,,,,,,None,Continue,0,None,920656.915889,,0,0,1,1,7387.895691,485.59491,0.846346,934118.469238,161.804577,1221.652956,32.548166,0.076547,185.823419,,-0.00033,0.977044,,,,,,1,1,0,0.960745,0.960745,0.649247,61883.324219,70993.90625,12410.736328
169.659996,ASCENT,7,0,1,None,Holding,0,84606.604496,2090.181265,1815.138877,773.40015,14.492533,6.504494,109775.642244,115276.155092,0.821945,938860.656738,151.352001,-0.293514,1,,1,0,0,0,147.693937,-0.293514,0.429887,0.149836,-0.74988,0.003138,62352.669988,71472.649614,24.630733,1.430766,73.05658,12413.682517,1618.409912,195.511261,1619.166138,10666.863519,118.083763,-6167.713944,47.186064,355.675105,1,0.998718,0,346.540481,6301.709831,90,43.04736,S2Burn,,,,,,,,,,,,,,,,,,,,,,,,,,,None,Continue,0,None,922010.335283,,0,0,1,1,7385.248749,485.26828,0.847088,934118.469238,165.800955,1222.714233,32.562534,0.076547,185.823419,,-0.00033,0.977044,,,,,,1,1,0,0.960238,0.960238,0.648843,61928.3125,71022.984375,12415.946289
169.919996,ASCENT,7,0,1,None,Holding,0,84808.49306,2087.39755,1812.261103,769.618926,13.96814,6.496032,110197.377926,115201.967813,0.819077,938374.694824,139.119702,-0.113383,1,,1,0,0,0,127.672338,-0.113383,0.411927,0.108774,-0.728965,0.003106,62355.058433,71474.957017,23.601679,1.416503,76.378059,12412.454697,1617.993164,195.386581,1618.75,10273.736654,117.955022,-6168.023002,47.197719,355.689368,1,0.998718,0,346.465185,6305.976365,90,43.04736,S2Burn,,,,,,,,,,,,,,,,,,,,,,,,,,,None,Continue,0,None,922589.285643,,0,0,1,1,7383.772095,485.126587,0.847502,934118.530273,169.654574,1223.771861,32.587813,0.076547,185.823419,,-0.00033,0.977044,,,,,,1,1,0,0.959807,0.959808,0.648437,61894.148438,70989.070313,12405.800781
170.179996,ASCENT,7,0,1,None,Holding,0,85010.228413,2084.842739,1809.723855,766.186274,13.467574,6.488488,110619.541088,115127.870657,0.8182,938719.909668,121.753704,0.013995,1,,1,0,0,0,106.643875,0.013995,0.399313,0.079724,-0.681365,0.003069,62351.415059,71467.974404,22.878942,1.400612,80.000038,12412.746085,1616.637207,195.264633,1617.393188,9807.47767,117.857254,-6168.309518,47.224156,355.721698,1,0.998718,0,346.231991,6308.549338,90,43.04736,S2Burn,,,,,,,,,,,,,,,,,,,,,,,,,,,None,Continue,0,None,922835.480271,,0,0,1,1,7380.982788,484.867065,0.84828,934118.530273,173.12383,1224.826054,32.614998,0.076547,185.823419,,-0.00033,0.977044,,,,,,1,1,0,0.959399,0.959399,0.648109,61877.652344,70982.507813,12409.599609
170.439996,ASCENT,7,0,1,None,Holding,0,85211.697955,2082.752174,1807.745583,763.265812,12.992734,6.482695,111042.061887,115053.801633,0.817965,935664.733887,102.218955,0.071024,1,,1,0,0,0,84.882308,0.071024,0.388167,0.065601,-0.610507,0.003058,62352.56204,71479.504884,22.24033,1.396798,83.386604,12413.416274,1616.244507,195.141052,1617.000977,8598.855339,117.804602,-6168.532678,47.262347,355.768341,1,0.998718,0,346.873484,6311.909243,90,43.04736,S2Burn,,,,,,,,,,,,,,,,,,,,,,,,,,,None,Continue,0,None,922896.941924,,0,0,1,1,7378.364532,484.648224,0.849021,934118.652344,176.008682,1225.877138,32.646335,0.076547,185.823419,,-0.00033,0.977044,,,,,,1,1,0,0.959029,0.95903,0.647808,61856.886719,71002.648438,12409.881836
170.699996,ASCENT,7,0,1,None,Holding,0,85412.684075,2081.324164,1806.490328,760.967822,12.544817,6.479353,111464.783663,114979.789831,0.817674,937605.407715,81.588403,0.041153,1,,1,0,0,0,62.365081,0.041153,0.376541,0.069325,-0.520806,0.003047,62351.457736,71478.008213,21.574211,1.392531,85.365036,12412.401945,1615.041748,195.018341,1615.797852,7146.972774,117.80649,-6168.655741,47.306958,355.822731,1,0.998718,0,346.173691,6311.785343,90,43.04736,S2Burn,,,,,,,,,,,,,,,,,,,,,,,,,,,None,Continue,0,None,922853.089814,,0,0,1,1,7377.058197,484.551361,0.849389,934118.652344,178.169741,1226.925523,32.680041,0.076547,185.823419,,-0.00033,0.977044,,,,,,1,1,0,0.958708,0.958708,0.647527,61868.375,70977.265625,12405.231445
170.959996,ASCENT,7,0,1,None,Holding,0,85612.905625,2080.661669,1806.012118,759.306614,12.123345,6.478845,111887.486078,114905.899145,0.817405,938981.994629,60.687043,-0.065968,1,,1,0,0,0,39.343221,-0.065968,0.365439,0.089132,-0.409747,0.002976,62351.940609,71485.35672,20.93812,1.360835,87.638039,12412.86383,1614.334229,194.894974,1615.09021,5696.771141,117.864039,-6168.655913,47.35089,355.876196,1,0.998718,0,345.532002,6310.442141,90,43.04736,S2Burn,,,,,,,,,,,,,,,,,,,,,,,,,,,None,Continue,0,None,922684.354214,,0,0,1,1,7374.290955,484.381287,0.850172,934118.713379,179.579717,1227.971642,32.71597,0.076547,185.823419,,-0.00033,0.977044,,,,,,1,1,0,0.95845,0.95845,0.647251,61846.285156,70991.523438,12406.036133
171.219996,ASCENT,7,0,1,None,Holding,0,85812.049383,2080.740415,1806.231597,758.185004,11.726237,6.481105,112309.895622,114832.09715,0.816974,938583.007813,40.780291,-0.231946,1,,1,0,0,0,16.234171,-0.231946,0.350302,0.120327,-0.280227,0.002921,62352.729971,71478.493392,20.070854,1.336767,89.470337,12413.611803,1614.762695,194.771759,1615.518433,3592.886553,117.968774,-6168.530393,47.386574,355.91955,1,0.998718,0,345.378734,6309.970978,90,43.04736,S2Burn,,,,,,,,,,,,,,,,,,,,,,,,,,,None,Continue,0,None,922381.466762,,0,0,1,1,7372.993713,484.320862,0.85054,934118.713379,180.338469,1229.015881,32.754878,0.076547,185.823419,,-0.00033,0.977044,,,,,,1,1,0,0.958264,0.958264,0.646953,61874.898438,71010.351563,12417.101563
171.479996,ASCENT,7,0,1,None,Holding,0,86009.842009,2081.395085,1806.932768,757.396502,11.349405,6.485433,112731.731862,114758.281805,0.817298,939296.142578,26.031739,-0.430805,1,,1,0,0,0,9.656877,-0.430805,0.333859,0.157917,-0.132956,0.002781,62352.670808,71482.546976,19.128702,1.273299,90.110657,12412.358762,1613.651245,194.649323,1614.407593,13959.270529,118.102802,-6168.299774,47.40747,355.94491,1,0.998718,0,344.979685,6307.289977,90,43.04736,S2Burn,,,,,,,,,,,,,,,,,,,,,,,,,,,None,Continue,0,None,922065.09235,,0,0,1,1,7370.251587,484.228149,0.851323,934118.774414,180.666881,1230.058498,32.794529,0.076547,185.823419,,-0.00033,0.977044,,,,,,1,1,0,0.958067,0.958068,0.646643,61855.507813,70997,12404.274414
171.719996,ASCENT,7,0,1,None,Holding,0,86206.185833,2082.346032,1807.801749,756.665278,10.988154,6.490783,113152.859919,114684.626199,0.817812,936720.336914,27.593649,-0.627637,1,,1,0,0,0,32.656776,-0.627637,0.313633,0.194204,0.036317,0.002822,62348.685677,71474.89579,17.969822,1.292747,90.473457,12412.321759,1612.011353,194.527267,1612.767578,2479.877451,118.242205,-6168.005342,47.409638,355.947624,1,0.998718,0,345.413402,6306.896627,90,43.04736,S2Burn,,,,,,,,,,,,,,,,,,,,,,,,,,,None,Continue,0,None,921776.536232,,0,0,1,1,7368.952637,484.166504,0.851692,934118.774414,180.868676,1231.099571,32.834334,0.076547,185.823419,,-0.00033,0.977044,,,,,,1,1,0,0.957963,0.957963,0.646434,61791.578125,70906.757813,12413.514648
171.999996,ASCENT,7,0,1,None,Holding,0,86401.143898,2083.252431,1808.486557,755.694417,10.637789,6.495916,113573.269262,114610.945798,0.818139,938386.779785,43.684292,-0.798216,1,,1,0,0,0,56.422389,-0.798216,0.292302,0.225002,0.225471,0.002864,62356.897926,71479.719433,16.747696,1.312915,89.847443,12412.96452,1612.258179,194.402969,1613.014404,3710.353088,118.36116,-6167.700976,47.392549,355.926797,1,0.998718,0,344.742501,6304.280187,90,43.04736,S2Burn,,,,,,,,,,,,,,,,,,,,,,,,,,,None,Continue,0,None,921502.018506,,0,0,1,1,7366.535553,484.110748,0.852383,934118.896484,181.273003,1232.13897,32.874914,0.076547,185.823419,,-0.00033,0.977044,,,,,,1,1,0,0.957845,0.957846,0.646363,61882.289063,71008.101563,12411.574219
172.259996,ASCENT,7,0,1,None,Holding,0,86594.932813,2083.783861,1808.673339,754.233722,10.294443,6.499618,113993.075856,114537.10375,0.818935,938073.425293,63.681216,-0.912589,1,,1,0,0,0,79.922322,-0.912589,0.267769,0.243406,0.432241,0.002948,62342.006042,71454.500871,15.342053,1.35248,88.290642,12414.362053,1611.00061,194.28064,1611.75708,6504.198356,118.437844,-6167.442373,47.359495,355.886625,1,0.998718,0,344.49473,6304.603792,90,43.04736,S2Burn,,,,,,,,,,,,,,,,,,,,,,,,,,,None,Continue,0,None,921247.077576,,0,0,1,1,7363.781616,483.995483,0.853165,934118.896484,182.166407,1233.17638,32.915593,0.076547,185.823419,,-0.00033,0.977044,,,,,,1,1,0,0.957635,0.957635,0.646132,61841.125,70937.101563,12422.030273
172.499996,ASCENT,7,0,1,None,Holding,0,86787.890269,2083.692289,1808.153,752.132429,9.955612,6.500965,114412.537178,114463.049985,0.819824,939443.17627,84.175671,-0.967449,1,,1,0,0,0,102.831136,-0.967449,0.240363,0.249234,0.652034,0.003021,62338.008478,71451.421377,13.771798,1.386497,85.421333,12412.335281,1611.972778,194.156662,1612.729858,10145.435549,118.459147,-6167.274757,47.316641,355.834529,1,0.998718,0,343.992778,6304.313871,90,43.04736,S2Burn,,,,,,,,,,,,,,,,,,,,,,,,,,,None,Continue,0,None,921082.129201,,0,0,1,1,7362.637878,483.919128,0.853494,934118.95752,183.738163,1234.211361,32.955576,0.076547,185.823419,,-0.00033,0.977044,,,,,,1,1,0,0.957294,0.957294,0.645922,61907.425781,71037.15625,12411.852539
172.779996,ASCENT,7,0,1,None,Holding,0,86980.342924,2082.862527,1806.861774,749.368613,9.620571,6.499488,114831.922355,114388.751127,0.821303,939050.354004,103.983332,-0.968033,1,,1,0,0,0,124.829121,-0.968033,0.216423,0.244344,0.881331,0.003084,62331.755144,71445.952493,12.400109,1.416637,81.827751,12412.279804,1611.350586,194.033554,1612.106934,13577.713491,118.423248,-6167.223473,47.271482,355.77934,1,0.998718,0,343.921615,6306.535579,90,43.04736,S2Burn,,,,,,,,,,,,,,,,,,,,,,,,,,,None,Continue,0,None,921055.153629,,0,0,1,1,7359.99942,483.67276,0.854239,934118.95752,186.051296,1235.243432,32.993945,0.076547,185.823419,,-0.00033,0.977044,,,,,,1,1,0,0.956814,0.956814,0.645725,61855.316406,70966.625,12410.993164
173.039996,ASCENT,7,0,1,None,Holding,0,87172.524554,2081.315912,1804.872787,746.036239,9.290168,6.495245,115251.451235,114314.308263,0.823,936649.780273,122.33494,-0.929538,1,,1,0,0,0,145.607988,-0.929538,0.192583,0.231274,1,0.003207,62327.458304,71441.630079,11.034215,1.473596,77.334221,12410.723485,1609.768066,193.909729,1610.524902,14850.143975,118.338486,-6167.291833,47.231134,355.730004,1,0.998718,0,344.419238,6311.40305,90,43.04736,S2Burn,,,,,,,,,,,,,,,,,,,,,,,,,,,None,Continue,0,None,921183.183623,,0,0,1,1,7357.164215,483.313629,0.855034,934119.07959,189.045851,1236.272158,33.028226,0.076547,185.823419,,-0.00033,0.977044,,,,,,1,1,0,0.95622,0.95622,0.645517,61839.929688,70957.421875,12412.897461
173.299996,ASCENT,7,0,1,None,Holding,0,87364.523823,2079.194735,1802.367054,742.313527,8.966361,6.488744,115671.242034,114239.801027,0.825713,938406.066895,138.214994,-0.876914,1,,1,0,0,0,164.554736,-0.876914,0.165564,0.214904,1,0.003335,62329.705943,71442.474856,9.486139,1.534059,71.859138,12413.63777,1610.163452,193.785675,1610.919922,14861.439928,118.22046,-6167.461932,47.200498,355.692477,1,0.998718,0,343.711991,6314.148515,90,43.04736,S2Burn,,,,,,,,,,,,,,,,,,,,,,,,,,,None,Continue,0,None,921544.501709,,0,0,1,1,7355.658875,483.115417,0.855455,934119.07959,192.580384,1237.297222,33.060505,0.076547,185.823419,,-0.00033,0.977044,,,,,,1,1,0,0.955617,0.955617,0.645261,61920.101563,71016.203125,12414.165039
173.559996,ASCENT,7,0,1,None,Holding,0,87556.309926,2076.683002,1799.552201,738.389902,8.651319,6.480717,116091.315485,114165.331937,0.827632,937409.057617,149.902883,-0.818044,1,,1,0,0,0,173.029705,-0.818044,0.144809,0.19832,-0.896789,0.003419,62318.862006,71433.403054,8.296965,1.573363,67.595078,12413.576502,1608.503174,193.661148,1609.260132,14859.72473,118.085607,-6167.706908,47.182257,355.670105,1,0.998718,0,343.834421,6318.391765,90,43.04736,S2Burn,,,,,,,,,,,,,,,,,,,,,,,,,,,None,Continue,0,None,922090.400346,,0,0,1,1,7352.81073,482.740906,0.856252,934119.07959,196.459035,1238.31845,33.086551,0.076547,185.823419,,-0.00033,0.977044,,,,,,1,1,0,0.955015,0.955015,0.644989,61834.332031,70936.335938,12412.9375
173.819996,ASCENT,7,0,1,None,Holding,0,87747.770019,2074.002451,1796.627966,734.439397,8.346913,6.471911,116511.598392,114090.890504,0.833668,937016.479492,153.838465,-0.765761,1,,1,0,0,0,157.569215,-0.765761,0.123721,0.183143,-0.786908,0.003389,62315.021191,71430.754018,7.08869,1.560583,69.340141,12413.984204,1607.844604,193.537109,1608.601563,13596.681904,117.948915,-6167.989749,47.172445,355.658061,1,0.998718,0,343.829726,6323.168113,90,43.04736,S2Burn,,,,,,,,,,,,,,,,,,,,,,,,,,,None,Continue,0,None,923168.832514,,0,0,1,1,7351.470947,482.564697,0.856627,934119.140625,200.494004,1239.3358,33.101849,0.076547,185.823419,,-0.00033,0.977044,,,,,,1,1,0,0.954416,0.954416,0.644775,61835.300781,70929.1875,12412.588867
174.079996,ASCENT,7,0,1,None,Holding,0,87938.933719,2071.226614,1793.699168,730.543789,8.05403,6.462826,116932.140586,114016.650774,0.829758,936197.44873,146.874776,-0.727379,1,,1,0,0,0,139.213584,-0.727379,0.105056,0.17124,-0.755745,0.003311,62315.068582,71430.124415,6.019245,1.525782,73.264404,12411.871184,1606.365967,193.414032,1607.122192,11050.267365,117.817257,-6168.30004,47.175413,355.661706,1,0.998718,0,343.951156,6327.575284,90,43.04736,S2Burn,,,,,,,,,,,,,,,,,,,,,,,,,,,None,Continue,0,None,924101.129146,,0,0,1,1,7348.809814,482.279541,0.857372,934119.140625,204.500327,1240.349316,33.119335,0.076547,185.823419,,-0.00033,0.977044,,,,,,1,1,0,0.953975,0.953975,0.644618,61774,70874.15625,12408.219727
174.339996,ASCENT,7,0,1,None,Holding,0,88129.850504,2068.534755,1790.962993,726.862245,7.773528,6.454015,117352.990726,113942.404367,0.829562,936999.206543,132.753302,-0.708377,1,,1,0,0,0,119.807399,-0.708377,0.084741,0.163228,-0.730009,0.003327,62314.952958,71431.977422,4.855301,1.533779,76.849495,12412.097546,1607.118042,193.291412,1607.874146,10652.455747,117.703866,-6168.609235,47.193235,355.683582,1,0.998718,0,343.439909,6330.604674,90,43.04736,S2Burn,,,,,,,,,,,,,,,,,,,,,,,,,,,None,Continue,0,None,924511.107207,,0,0,1,1,7347.481079,482.149048,0.857751,934119.140625,208.268006,1241.35912,33.144697,0.076547,185.823419,,-0.00033,0.977044,,,,,,1,1,0,0.953535,0.953535,0.644481,61839.894531,70964.023438,12409.556641
174.599996,ASCENT,7,0,1,None,Holding,0,88320.526263,2066.147881,1788.635196,723.56441,7.506504,6.44625,117774.181815,113868.201353,0.829294,939594.970703,115.322176,-0.709847,1,,1,0,0,0,99.453222,-0.709847,0.066569,0.159712,-0.681427,0.003287,62325.835312,71438.359934,3.814139,1.516278,80.323761,12411.158779,1606.601318,193.167419,1607.357422,9666.196691,117.62269,-6168.879996,47.224549,355.721982,1,0.998718,0,342.62841,6331.938677,90,43.04736,S2Burn,,,,,,,,,,,,,,,,,,,,,,,,,,,None,Continue,0,None,924760.001158,,0,0,1,1,7344.82608,481.901276,0.858501,934119.20166,211.589679,1242.365454,33.172194,0.076547,185.823419,,-0.00033,0.977044,,,,,,1,1,0,0.953127,0.953127,0.644294,61879.003906,71004.265625,12411.902344
174.859996,ASCENT,7,0,1,None,Holding,0,88510.861033,2064.278555,1786.907689,720.793168,7.253777,6.440277,118195.650714,113794.085599,0.828546,937845.153809,96.248371,-0.723979,1,,1,0,0,0,78.342994,-0.723979,0.048337,0.158771,-0.613086,0.003224,62307.464961,71419.325605,2.769511,1.488221,82.983582,12412.594939,1605.13916,193.0439,1605.894775,8756.128693,117.585312,-6169.074777,47.265871,355.772579,1,0.998718,0,342.954604,6334.531841,90,43.04736,S2Burn,,,,,,,,,,,,,,,,,,,,,,,,,,,None,Continue,0,None,924818.388464,,0,0,1,1,7342.012512,481.667297,0.859298,934119.20166,214.289831,1243.368663,33.201307,0.076547,185.823419,,-0.00033,0.977044,,,,,,1,1,0,0.952756,0.952756,0.644133,61808.03125,70933.257813,12418.604492
175.119996,ASCENT,7,0,1,None,Holding,0,88700.668758,2063.087787,1785.905484,718.630427,7.01557,6.436666,118617.258797,113720.065214,0.827772,938488.647461,76.292336,-0.748496,1,,1,0,0,0,56.467058,-0.748496,0.029752,0.159971,-0.521561,0.003194,62310.399608,71424.430467,1.70466,1.474884,85.824417,12409.228117,1605.019409,192.920197,1605.775146,7312.7118,117.598268,-6169.162991,47.311736,355.828637,1,0.998718,0,342.590475,6334.568511,90,43.04736,S2Burn,,,,,,,,,,,,,,,,,,,,,,,,,,,None,Continue,0,None,924685.443025,,0,0,1,1,7340.691345,481.570251,0.859672,934119.20166,216.267853,1244.369166,33.232623,0.076547,185.823419,,-0.00033,0.977044,,,,,,1,1,0,0.952434,0.952435,0.643988,61812.207031,70951.632813,12402.991211
175.359996,ASCENT,7,0,1,None,Holding,0,88889.671928,2062.649211,1785.654592,717.072708,6.791384,6.435695,119038.761008,113646.14258,0.82715,938117.492676,56.240331,-0.774057,1,,1,0,0,0,34.046919,-0.774057,0.012347,0.161582,-0.41065,0.003194,62319.242234,71433.096687,0.707448,1.476343,87.715424,12412.380587,1604.600464,192.797775,1605.356323,5681.447258,117.661122,-6169.127264,47.355318,355.88189,1,0.998718,0,342.446264,6334.088865,90,43.04736,S2Burn,,,,,,,,,,,,,,,,,,,,,,,,,,,None,Continue,0,None,924393.338824,,0,0,1,1,7338.060669,481.407837,0.860422,934119.32373,217.526202,1245.367396,33.267688,0.076547,185.823419,,-0.00033,0.977044,,,,,,1,1,0,0.952175,0.952175,0.643846,61831.941406,70937.40625,12410.886719
175.639996,ASCENT,7,0,1,None,Holding,0,89077.615834,2062.912676,1786.051832,716.010628,6.579933,6.437254,119459.941332,113572.351553,0.826979,936520.996094,37.425944,-0.78874,1,,1,0,0,0,11.16,-0.78874,-0.008151,0.160441,-0.278302,0.003101,62317.438149,71435.465481,-0.467011,1.434451,89.229195,12413.443045,1605.091064,192.67485,1605.847534,3715.101235,117.764857,-6168.970146,47.389389,355.923305,1,0.998718,0,342.576333,6333.452785,90,43.04736,S2Burn,,,,,,,,,,,,,,,,,,,,,,,,,,,None,Continue,0,None,924034.146633,,0,0,1,1,7336.58609,481.33902,0.860844,934119.32373,218.184753,1246.363729,33.304011,0.076547,185.823419,,-0.00033,0.977044,,,,,,1,1,0,0.951991,0.951991,0.643684,61838.671875,71004.890625,12414.242188
175.879996,ASCENT,7,0,1,None,Holding,0,89264.262822,2063.700598,1786.872935,715.238308,6.37907,6.440716,119880.548078,113498.272993,0.827028,939212.280273,25.124737,-0.793644,1,,1,0,0,0,12.593716,-0.793644,-0.026666,0.157424,-0.126028,0.003272,62306.511041,71419.034609,-1.52783,1.514542,90.246338,12414.40072,1602.570923,192.551392,1603.326904,11590.551719,117.892641,-6168.715747,47.407974,355.946002,1,0.998718,0,341.627217,6330.398528,90,43.04736,S2Burn,,,,,,,,,,,,,,,,,,,,,,,,,,,None,Continue,0,None,923612.817678,,0,0,1,1,7333.787598,481.165527,0.861642,934119.32373,218.472844,1247.358412,33.342182,0.076547,185.823419,,-0.00033,0.977044,,,,,,1,1,0,0.951631,0.951631,0.643527,61800.605469,70885.1875,12410.754883
176.159996,ASCENT,7,0,1,None,Holding,0,89449.53314,2064.727754,1787.802635,714.4886,6.186147,6.445066,120300.479025,113424.64409,0.827462,937767.700195,29.695019,-0.778433,1,,1,0,0,0,35.991394,-0.778433,-0.045881,0.150317,0.044171,0.003169,62314.800613,71431.138265,-2.628761,1.467563,90.393562,12411.851217,1602.349731,192.428024,1603.106689,1723.174821,118.022568,-6168.408113,47.40766,355.945536,1,0.998718,0,341.763291,6329.383635,90,43.04736,S2Burn,,,,,,,,,,,,,,,,,,,,,,,,,,,None,Continue,0,None,923229.126939,,0,0,1,1,7332.47818,481.10318,0.862018,934119.32373,218.69157,1248.35151,33.379897,0.076547,185.823419,,-0.00033,0.977044,,,,,,1,1,0,0.95153,0.95153,0.64347,61821.125,70944.492188,12419.142578
176.399996,ASCENT,7,0,1,None,Holding,0,89633.493613,2065.662456,1788.501797,713.480398,5.998496,6.449082,120719.730461,113351.017095,0.827304,937089.84375,46.376304,-0.754553,1,,1,0,0,0,59.419604,-0.754553,-0.064391,0.141587,0.229545,0.003215,62308.265909,71419.334419,-3.689356,1.489819,89.317741,12412.165628,1601.831177,192.306061,1602.587769,3735.555189,118.131569,-6168.101082,47.388353,355.92212,1,0.998718,0,341.689921,6328.220239,90,43.04736,S2Burn,,,,,,,,,,,,,,,,,,,,,,,,,,,None,Continue,0,None,922808.693122,,0,0,1,1,7329.715973,481.05191,0.862814,934119.384766,219.157988,1249.342884,33.419081,0.076547,185.823419,,-0.00033,0.977044,,,,,,1,1,0,0.951429,0.95143,0.643438,61782.527344,70906.625,12409.613281
176.659996,ASCENT,7,0,1,None,Holding,0,89816.345712,2066.190572,1788.675927,711.982708,5.813923,6.451606,121138.433761,113277.224638,0.827937,935623.657227,66.176657,-0.729235,1,,1,0,0,0,82.562997,-0.729235,-0.080552,0.133059,0.430887,0.003294,62302.319508,71401.303337,-4.615264,1.527557,87.723206,12414.169949,1601.454346,192.182816,1602.210205,6702.230632,118.200634,-6167.848736,47.353672,355.879848,1,0.998718,0,341.868788,6328.961292,90,43.04736,S2Burn,,,,,,,,,,,,,,,,,,,,,,,,,,,None,Continue,0,None,922419.880559,,0,0,1,1,7327.25882,480.944855,0.86352,934119.384766,220.14066,1250.332215,33.457679,0.076547,185.823419,,-0.00033,0.977044,,,,,,1,1,0,0.951216,0.951216,0.64331,61789.53125,70879.992188,12408.013672
176.939996,ASCENT,7,0,1,None,Holding,0,89998.399704,2066.081804,1788.133911,709.85995,5.631015,6.45177,121556.843,113203.210451,0.829058,936713.317871,86.317344,-0.716674,1,,1,0,0,0,105.161999,-0.716674,-0.096545,0.127083,0.643667,0.003358,62295.980309,71404.208353,-5.531614,1.558007,84.98671,12412.572719,1599.789551,192.060867,1600.546143,9797.400784,118.218664,-6167.693697,47.30971,355.826078,1,0.998718,0,341.334964,6329.192268,90,43.04736,S2Burn,,,,,,,,,,,,,,,,,,,,,,,,,,,None,Continue,0,None,922103.794165,,0,0,1,1,7325.936462,480.856873,0.863897,934119.384766,221.81242,1251.319064,33.497033,0.076547,185.823419,,-0.00033,0.977044,,,,,,1,1,0,0.950882,0.950882,0.643201,61788.773438,70902.96875,12415.882813
177.199996,ASCENT,7,0,1,None,Holding,0,90179.94134,2065.22902,1786.819709,707.092313,5.449431,6.449153,121975.209541,113128.966428,0.830504,937796.447754,105.821029,-0.724446,1,,1,0,0,0,126.988532,-0.724446,-0.111178,0.125793,0.868925,0.003462,62293.354828,71400.753261,-6.370058,1.607385,81.448181,12412.363145,1601.203491,191.936569,1601.95874,13500.148907,118.184155,-6167.659511,47.263889,355.769997,1,0.998718,0,340.913249,6330.382411,90,43.04736,S2Burn,,,,,,,,,,,,,,,,,,,,,,,,,,,None,Continue,0,None,921951.106807,,0,0,1,1,7323.265961,480.608734,0.864655,934119.384766,224.224794,1252.302951,33.535151,0.076547,185.823419,,-0.00033,0.977044,,,,,,1,1,0,0.950409,0.950409,0.643101,61839.355469,70956.5,12416.682617
177.439996,ASCENT,7,0,1,None,Holding,0,90361.204288,2063.662111,1784.813867,703.771605,5.269779,6.443833,122393.774164,113054.509737,0.832488,936965.637207,123.772798,-0.756697,1,,1,0,0,0,147.682743,-0.756697,-0.126837,0.129039,1,0.003547,62296.434864,71395.438359,-7.267198,1.647801,76.792679,12412.102654,1599.329224,191.812332,1600.085449,14819.272112,118.104851,-6167.746931,47.22318,355.720153,1,0.998718,0,340.89519,6334.896042,90,43.04736,S2Burn,,,,,,,,,,,,,,,,,,,,,,,,,,,None,Continue,0,None,921979.746548,,0,0,1,1,7321.916565,480.445374,0.865035,934119.384766,227.309199,1253.283439,33.570569,0.076547,185.823419,,-0.00033,0.977044,,,,,,1,1,0,0.949816,0.949816,0.643001,61808.300781,70901.289063,12412.512695
177.719996,ASCENT,7,0,1,None,Holding,0,90542.23953,2061.533324,1782.306695,700.069229,5.093261,6.436346,122812.609526,112980.078317,0.834643,938400.695801,139.018746,-0.818926,1,,1,0,0,0,166.737714,-0.818926,-0.142196,0.138671,1,0.003639,62291.982148,71392.645032,-8.147215,1.691994,71.615555,12412.819803,1599.559937,191.688324,1600.31543,14826.949503,117.994939,-6167.934633,47.19249,355.682361,1,0.998718,0,340.396084,6338.210502,90,43.04736,S2Burn,,,,,,,,,,,,,,,,,,,,,,,,,,,None,Continue,0,None,922225.264672,,0,0,1,1,7319.041595,480.070404,0.865845,934119.506836,230.909996,1254.260204,33.600572,0.076547,185.823419,,-0.00033,0.977044,,,,,,1,1,0,0.949213,0.949213,0.642868,61821.359375,70908.453125,12412.548828
177.959996,ASCENT,7,0,1,None,Holding,0,90723.0235,2059.026516,1779.503983,696.160927,4.921178,6.427436,123231.738754,112905.585863,0.836996,939429.56543,149.676983,-0.908354,1,,1,0,0,0,173.461261,-0.908354,-0.160076,0.153211,-0.894246,0.003747,62285.696808,71388.072845,-9.171684,1.743378,66.565422,12412.328511,1598.134033,191.563843,1598.890259,14831.90605,117.868869,-6168.194163,47.174377,355.660162,1,0.998718,0,339.94167,6341.121869,90,43.04736,S2Burn,,,,,,,,,,,,,,,,,,,,,,,,,,,None,Continue,0,None,922657.81434,,0,0,1,1,7316.328796,479.717468,0.866607,934119.506836,234.841355,1255.233051,33.628831,0.076547,185.823419,,-0.00033,0.977044,,,,,,1,1,0,0.94861,0.94861,0.642715,61786.746094,70894.164063,12410.546875
178.239996,ASCENT,7,0,1,None,Holding,0,90903.463014,2056.38852,1776.628237,692.182752,4.754708,6.417885,123651.073374,112831.130601,0.843591,936611.38916,152.357441,-1.015896,1,,1,0,0,0,156.655647,-1.015896,-0.176153,0.171859,-0.784031,0.003703,62276.500262,71383.371292,-10.092834,1.723583,68.387352,12411.700053,1597.153076,191.440353,1597.907959,13317.247082,117.737868,-6168.479434,47.165066,355.648614,1,0.998718,0,340.506986,6347.334806,90,43.04736,S2Burn,,,,,,,,,,,,,,,,,,,,,,,,,,,None,Continue,0,None,923739.02691,,0,0,1,1,7314.803162,479.518982,0.867037,934119.506836,238.906205,1256.201887,33.643438,0.076547,185.823419,,-0.00033,0.977044,,,,,,1,1,0,0.948012,0.948013,0.642615,61786.109375,70885.195313,12415.193359
178.499996,ASCENT,7,0,1,None,Holding,0,91083.604198,2053.677695,1773.77089,688.245911,4.594436,6.408204,124070.621259,112756.898023,0.83891,935466.247559,145.037055,-1.137904,1,,1,0,0,0,138.205607,-1.137904,-0.197791,0.192398,-0.76283,0.003675,62284.40056,71387.784262,-11.332617,1.711756,72.4776,12410.925275,1597.340454,191.317703,1598.096436,11185.634075,117.610681,-6168.785602,47.16878,355.653188,1,0.998718,0,340.697877,6352.00697,90,43.04736,S2Burn,,,,,,,,,,,,,,,,,,,,,,,,,,,None,Continue,0,None,924634.715185,,0,0,1,1,7311.942322,479.214783,0.867847,934119.506836,242.922149,1257.16669,33.659472,0.076547,185.823419,,-0.00033,0.977044,,,,,,1,1,0,0.947565,0.947565,0.642709,61829.203125,70959.75,12411.063477
178.759996,ASCENT,7,0,1,None,Holding,0,91263.534898,2051.058551,1771.115111,684.525733,4.440659,6.398783,124490.476117,112682.67069,0.837996,937431.030273,131.093071,-1.263144,1,,1,0,0,0,118.698696,-1.263144,-0.220357,0.213294,-0.734608,0.003639,62281.9309,71385.54564,-12.625548,1.696277,76.017967,12413.553146,1596.399414,191.192963,1597.15564,10906.373395,117.500986,-6169.088339,47.187462,355.676189,1,0.998718,0,340.005262,6354.181116,90,43.04736,S2Burn,,,,,,,,,,,,,,,,,,,,,,,,,,,None,Continue,0,None,924884.881815,,0,0,1,1,7310.600403,479.083313,0.868228,934119.506836,246.685637,1258.127574,33.684958,0.076547,185.823419,,-0.00033,0.977044,,,,,,1,1,0,0.947122,0.947122,0.642747,61792.484375,70884.59375,12413.791992
179.019996,ASCENT,7,0,1,None,Holding,0,91443.232777,2048.748582,1768.873065,681.200062,4.294035,6.390349,124910.633695,112608.517267,0.837406,937080.932617,113.974109,-1.367675,1,,1,0,0,0,98.302332,-1.367675,-0.244351,0.229796,-0.683066,0.003598,62290.608339,71396.609706,-14.000298,1.678275,79.548897,12413.76536,1596.823975,191.070267,1597.579956,9973.251669,117.422486,-6169.351325,47.219663,355.715791,1,0.998718,0,339.895649,6357.842084,90,43.04736,S2Burn,,,,,,,,,,,,,,,,,,,,,,,,,,,None,Continue,0,None,924930.397755,,0,0,1,1,7307.585022,478.803772,0.869083,934119.567871,249.991655,1259.084798,33.711732,0.076547,185.823419,,-0.00033,0.977044,,,,,,1,1,0,0.946705,0.946706,0.642654,61842.519531,70944.226563,12410.455078
179.279996,ASCENT,7,0,1,None,Holding,0,91622.610895,2046.957654,1767.234181,678.42015,4.1551,6.383637,125331.057243,112534.448721,0.836814,935546.75293,95.100783,-1.432335,1,,1,0,0,0,76.992538,-1.432335,-0.267511,0.238249,-0.608973,0.003549,62280.260383,71382.493271,-15.327279,1.6565,82.419373,12412.388036,1596.311768,190.946548,1597.067993,8732.812822,117.386669,-6169.537946,47.261873,355.767625,1,0.998718,0,340.181902,6360.250808,90,43.04736,S2Burn,,,,,,,,,,,,,,,,,,,,,,,,,,,None,Continue,0,None,924799.666244,,0,0,1,1,7306.248413,478.691772,0.869468,934119.567871,252.673542,1260.038745,33.741847,0.076547,185.823419,,-0.00033,0.977044,,,,,,1,1,0,0.946336,0.946336,0.642576,61824.886719,70932.195313,12410.896484
179.539996,ASCENT,7,0,1,None,Holding,0,91801.455507,2045.846353,1766.321715,676.274137,4.024046,6.379211,125751.582331,112460.442163,0.836448,938391.052246,75.400535,-1.441642,1,,1,0,0,0,54.911372,-1.441642,-0.288946,0.235439,-0.513774,0.003519,62274.080758,71376.151132,-16.555376,1.643371,84.46846,12412.272351,1593.929321,190.823898,1594.685547,7226.104982,117.400093,-6169.618046,47.308408,355.824663,1,0.998718,0,339.181705,6358.96936,90,43.04736,S2Burn,,,,,,,,,,,,,,,,,,,,,,,,,,,None,Continue,0,None,924563.315494,,0,0,1,1,7303.413086,478.483398,0.870275,934119.567871,254.63498,1260.989887,33.774857,0.076547,185.823419,,-0.00033,0.977044,,,,,,1,1,0,0.946019,0.946019,0.642506,61770.214844,70847.539063,12409.042969
179.799996,ASCENT,7,0,1,None,Holding,0,91979.509757,2045.484705,1766.156021,674.756653,3.900608,6.377311,126172.012085,112386.495687,0.836423,937843.566895,55.704152,-1.381061,1,,1,0,0,0,32.217301,-1.381061,-0.317051,0.217443,-0.397719,0.0035,62272.998687,71373.298347,-18.16568,1.635707,86.835846,12413.689623,1594.763428,190.700241,1595.518677,5238.262637,117.46218,-6169.575043,47.35218,355.878212,1,0.998718,0,339.124197,6358.35026,90,43.04736,S2Burn,,,,,,,,,,,,,,,,,,,,,,,,,,,None,Continue,0,None,924245.753921,,0,0,1,1,7302.082489,478.402802,0.87066,934119.567871,255.883626,1261.938718,33.812147,0.076547,185.823419,,-0.00033,0.977044,,,,,,1,1,0,0.94577,0.94577,0.642434,61811.019531,70914.125,12416.513672
180.059996,ASCENT,7,0,1,None,Holding,0,92156.464769,2045.816644,1766.626201,673.750617,3.784034,6.377741,126592.079816,112312.683202,0.836657,937932.495117,37.801462,-1.254137,1,,1,0,0,0,9.106145,-1.254137,-0.3368,0.187293,-0.264464,0.00351,62276.447112,71370.773017,-19.297237,1.641546,88.106598,12413.471484,1593.355713,190.578857,1594.110962,3483.296363,117.563848,-6169.412654,47.385771,355.919242,1,0.998718,0,338.868792,6357.246487,90,43.04736,S2Burn,,,,,,,,,,,,,,,,,,,,,,,,,,,None,Continue,0,None,923931.472336,,0,0,1,1,7299.267456,478.275757,0.871467,934119.567871,256.546009,1262.885669,33.84986,0.076547,185.823419,,-0.00033,0.977044,,,,,,1,1,0,0.945593,0.945594,0.642333,61781.484375,70925.992188,12416.527344
180.319996,ASCENT,7,0,1,None,Holding,0,92332.083252,2046.656544,1767.497983,673.03544,3.673115,6.379836,127011.555255,112238.561727,0.836317,936509.277344,27.387406,-1.075125,1,,1,0,0,0,14.994951,-1.075125,-0.359586,0.145989,-0.11273,0.003551,62283.322009,71384.843614,-20.602736,1.661751,88.970192,12413.025974,1592.41687,190.453842,1593.172485,11274.535827,117.688132,-6169.156361,47.403033,355.940305,1,0.998718,0,338.982822,6356.141003,90,43.04736,S2Burn,,,,,,,,,,,,,,,,,,,,,,,,,,,None,Continue,0,None,923571.159233,,0,0,1,1,7297.949127,478.237213,0.871852,934119.567871,256.861121,1263.831028,33.887748,0.076547,185.823419,,-0.00033,0.977044,,,,,,1,1,0,0.945207,0.945207,0.642253,61797.316406,70872.3125,12417.358398
180.579996,ASCENT,7,0,1,None,Holding,0,92506.304298,2047.711795,1768.449033,672.329299,3.566352,6.382541,127430.362928,112164.980032,0.83668,937870.97168,33.329831,-0.880305,1,,1,0,0,0,38.720681,-0.880305,-0.375807,0.103009,0.057315,0.003557,62281.936871,71381.955214,-21.532164,1.665632,89.142899,12412.969713,1593.589844,190.331833,1594.345093,1289.275923,117.813359,-6168.851549,47.400704,355.937463,1,0.998718,0,338.291418,6352.955464,90,43.04736,S2Burn,,,,,,,,,,,,,,,,,,,,,,,,,,,None,Continue,0,None,923165.047073,,0,0,1,1,7295.11264,478.058929,0.872665,934119.567871,257.139044,1264.774869,33.928276,0.076547,185.823419,,-0.00033,0.977044,,,,,,1,1,0,0.945158,0.945158,0.642213,61837.449219,70934.710938,12412.817383
180.839996,ASCENT,7,0,1,None,Holding,0,92679.17042,2048.640401,1769.132454,671.334917,3.462271,6.384616,127848.473184,112091.348268,0.836818,937519.226074,49.999834,-0.700724,1,,1,0,0,0,62.492995,-0.700724,-0.389392,0.063474,0.244895,0.003619,62267.31757,71360.148965,-22.310514,1.695668,87.971695,12412.076643,1590.840698,190.208588,1591.596924,4042.791669,117.916583,-6168.553948,47.37915,355.911149,1,0.998718,0,338.15504,6352.385786,90,43.04736,S2Burn,,,,,,,,,,,,,,,,,,,,,,,,,,,None,Continue,0,None,922775.971731,,0,0,1,1,7292.312531,478.00296,0.873476,934119.628906,257.699592,1265.717037,33.967928,0.076547,185.823419,,-0.00033,0.977044,,,,,,1,1,0,0.945054,0.945054,0.642168,61776.082031,70836.875,12403.944336
181.079996,ASCENT,7,0,1,None,Holding,0,92850.934817,2049.129178,1769.257054,669.815958,3.359663,6.384897,128266.075674,112017.508127,0.837098,937329.223633,69.651795,-0.574466,1,,1,0,0,0,85.965684,-0.574466,-0.398363,0.035935,0.451985,0.003637,62267.214423,71371.74308,-22.824535,1.705154,86.282326,12413.685377,1592.248413,190.086517,1593.005371,6996.428382,117.979565,-6168.31758,47.342356,355.866246,1,0.998718,0,338.049975,6352.664228,90,43.04736,S2Burn,,,,,,,,,,,,,,,,,,,,,,,,,,,None,Continue,0,None,922361.728812,,0,0,1,1,7290.816101,477.934753,0.873907,934119.628906,258.808517,1266.657173,34.009056,0.076547,185.823419,,-0.00033,0.977044,,,,,,1,1,0,0.944828,0.944828,0.642097,61838.160156,70977.679688,12406.713867
181.359996,ASCENT,7,0,1,None,Holding,0,93021.914668,2048.953878,1768.641744,667.638704,3.257819,6.38255,128683.417942,111943.443395,0.838521,939217.407227,89.687046,-0.52905,1,,1,0,0,0,108.919607,-0.52905,-0.405192,0.025237,0.670486,0.003782,62260.237004,71358.478684,-23.215796,1.774439,83.025116,12413.801149,1589.754272,189.963196,1590.509521,10324.473217,117.992041,-6168.184078,47.296979,355.810569,1,0.998718,0,337.283776,6352.505269,90,43.04736,S2Burn,,,,,,,,,,,,,,,,,,,,,,,,,,,None,Continue,0,None,922075.350212,,0,0,1,1,7287.962708,477.728821,0.874725,934119.628906,260.627941,1267.59478,34.050228,0.076547,185.823419,,-0.00033,0.977044,,,,,,1,1,0,0.944478,0.944478,0.642037,61765.320313,70858.554688,12406.920898
