met_s,mission_phase,mode_index,mode_holding,mode_flying,gate_id,gate_phase,crew_action,alt_m,speed_mps,srf_speed_mps,vspeed_mps,q_pa,mach,downrange_m,mass_kg,accel_g,thrust_n,att_err_deg,rate_cmd_rads,throttle,torque_cmd,rcs_on,trans_x,trans_y,trans_z,att_point_deg,att_rate_cmd,att_rate_meas,act_pitch,act_yaw,act_roll,ctrl_tq_pitch,ctrl_tq_yaw,rate_pitch_dps,rate_roll_dps,rate_yaw_dps,ctrl_tq_roll,moi_pitch,moi_roll,moi_yaw,rcs_thrust_n,ap_km,pe_km,inc_deg,raan_deg,ullage_stab,clamp_frac,clamp_held,upfg_tgo_s,upfg_vgo_mps,pitch_deg,azimuth_deg,ascent_phase,boost_phase,boost_aoa_deg,engine_mode,ignite_alt_m,descent_speed_mps,rv_phase,lvlh_rx,lvlh_ry,lvlh_rz,rv_range_m,rv_burn_dv,dock_phase,dock_range_m,close_speed_mps,dock_hold,dep_phase,deorbit_phase,entry_phase,bank_deg,com_descent_mode,chute_phase,drogue,main,dv_planned_mps,dv_delivered_mps,dv_residual_mps,fdir_fault,fdir_recovery,fdir_abort,abort_mode,cal_thrust_n,cal_beta,cal_invI,cal_ld,steer_sign,ker_avail,ker_remain_dv,ker_final_dv,ker_cur_twr,ker_cur_thrust_n,steer_loss_mps,grav_loss_mps,drag_loss_mps,cal_kaero,cal_kaero_p,qalpha_cap_deg,aero_ang_accel,aoa_signed_deg,rcsbal_torque_naive,rcsbal_torque_resid,rcsbal_force_frac,cc_dsigma_deg,cc_slope_m_per_rad,warp_rate,eng_ignited,eng_flameout,mmh_frac,nto_frac,skin_temp_frac,rcs_geo_pitch,rcs_geo_yaw,rcs_geo_roll,app_pitch,app_yaw,app_roll,app_tx,app_ty,app_tz,rcs_pulse_att,rcs_pulse_trans,acc_int_s,acc_att_s,acc_trans_s,acc_both_s,acc_none_s,acc_att_imp,acc_trans_imp,acc_both_imp,acc_req_att,acc_app_att,acc_req_trans,acc_app_trans
85119.388238,PHASING,8,0,1,None,Holding,0,365895.299961,7688.694536,7393.700451,-8.989821,0,0,0,8700.73507,0.000194,0,75.400719,0,0,,1,0,0,0,15.277443,0,0.001435,0,0,0,0,0,0.082221,1.936191,-0.351143,0,38.503632,16.104626,38.779854,0,369.884554,350.371754,51.624769,0.008126,,,,,,,,,,,,,,Phasing,-52246.092238,-74560.205682,-874.344747,91047.4761,47.698829,,,,,,,,,,,,,,,,ResourceCritical,SafeMode,1,None,,,,,,1,0,0,0,0,,,,,,,,,,,,,,1,0,0,0,0,0.551345,13.558693,10.319138,10.690351,0,0,0,0,0,0,1,0,,,,,,,,,,,,
85119.648238,PHASING,8,0,1,None,Holding,0,365892.961769,7688.697206,7393.702791,-8.99178,0,0,1817.954687,8700.73507,0.000194,0,75.376805,0,0,,1,0,0,0,75.665434,0,0.001464,0,0,0,0,0,0.083898,1.936203,-0.350838,0,38.503624,16.104626,38.77985,0,369.884554,350.371754,51.624769,0.008126,,,,,,,,,,,,,,Phasing,-50965.880334,69856.867919,-2217.226891,86500.977155,0,,,,,,,,,,,,,,,,ResourceCritical,SafeMode,1,None,,,,,,1,0,0,0,0,,,,,,,,,,,,,,1,0,0,0,0,0.551341,13.558687,10.319134,10.690348,0,0,0,0,0,0,1,0,0.26,0,0,0,0.26,0,0,0,0,0,0,0
85119.888238,PHASING,8,0,1,None,Holding,0,365890.623064,7688.699877,7393.70513,-8.993737,0,0,3630.535382,8700.73507,0.000194,0,75.35256,0,0,,1,0,0,0,75.597173,0,0.001491,0,0,0,0,0,0.085445,1.936208,-0.350417,0,38.503635,16.104626,38.779858,0,369.884554,350.371754,51.624769,0.008126,,,,,,,,,,,,,,Phasing,-48848.407841,63826.920221,-2693.111762,80419.497291,0,,,,,,,,,,,,,,,,ResourceCritical,SafeMode,1,None,,,,,,1,0,0,0,0,,,,,,,,,,,,,,1,0,0,0,0,0.551336,13.558696,10.319139,10.690351,0,0,0,0,0,0,1,0,0.26,0,0,0,0.26,0,0,0,0,0,0,0
85120.168238,PHASING,8,0,1,None,Holding,0,365888.283847,7688.702548,7393.707468,-8.995695,0,0,5453.867696,8700.73507,0.000194,0,75.328001,0,0,,1,0,0,0,75.485685,0,0.001521,0,0,0,0,0,0.087155,1.936224,-0.349896,0,38.503632,16.104626,38.779854,0,369.884554,350.371754,51.624769,0.008126,,,,,,,,,,,,,,Phasing,-46029.881618,56735.811337,-3333.121148,73135.572647,0,,,,,,,,,,,,,,,,ResourceCritical,SafeMode,1,None,,,,,,1,0,0,0,0,,,,,,,,,,,,,,1,0,0,0,0,0.551332,13.558696,10.319139,10.690352,0,0,0,0,0,0,1,0,0.26,0,0,0,0.26,0,0,0,0,0,0,0
85120.408238,PHASING,8,0,1,None,Holding,0,365885.944117,7688.70522,7393.709805,-8.997651,0,0,7266.446866,8700.73507,0.000194,0,75.303097,0,0,,1,0,0,0,75.435478,0,0.001549,0,0,0,0,0,0.088776,1.936235,-0.349521,0,38.503632,16.104626,38.779854,0,369.884554,350.371754,51.624769,0.008126,,,,,,,,,,,,,,Phasing,-42368.371689,51201.295116,-3537.558704,66551.978653,0,,,,,,,,,,,,,,,,ResourceCritical,SafeMode,1,None,,,,,,1,0,0,0,0,,,,,,,,,,,,,,1,0,0,0,0,0.551327,13.558696,10.319138,10.690351,0,0,0,0,0,0,1,0,0.26,0,0,0,0.26,0,0,0,0,0,0,0
85120.688238,PHASING,8,0,1,None,Holding,0,365883.603875,7688.707892,7393.71214,-8.999607,0,0,9089.785555,8700.73507,0.000194,0,75.277892,0,0,,1,0,0,0,75.386586,0,0.001578,0,0,0,0,0,0.090433,1.936248,-0.348997,0,38.503632,16.104626,38.779854,0,369.884554,350.371754,51.624769,0.008126,,,,,,,,,,,,,,Phasing,-38010.247234,46643.236078,-3234.722122,60256.400439,0,,,,,,,,,,,,,,,,ResourceCritical,SafeMode,1,None,,,,,,1,0,0,0,0,,,,,,,,,,,,,,1,0,0,0,0,0.551322,13.558693,10.319137,10.69035,0,0,0,0,0,0,1,0,0.26,0,0,0,0.26,0,0,0,0,0,0,0
85120.928238,PHASING,8,0,1,None,Holding,0,365881.263121,7688.710565,7393.714475,-9.001561,0,0,10902.365821,8700.73507,0.000194,0,75.252341,0,0,,1,0,0,0,75.327636,0,0.001605,0,0,0,0,0,0.09196,1.936253,-0.348695,0,38.503628,16.104626,38.77985,0,369.884554,350.371754,51.624769,0.008126,,,,,,,,,,,,,,Phasing,-33211.228797,42516.826372,-2559.348776,54011.262799,0,,,,,,,,,,,,,,,,ResourceCritical,SafeMode,1,None,,,,,,1,0,0,0,0,,,,,,,,,,,,,,1,0,0,0,0,0.551318,13.558694,10.319137,10.69035,0,0,0,0,0,0,1,0,0.26,0,0,0,0.26,0,0,0,0,0,0,0
85121.208238,PHASING,8,0,1,None,Holding,0,365878.921855,7688.713239,7393.716808,-9.003515,0,0,12725.70826,8700.73507,0.000194,0,75.226484,0,0,,1,0,0,0,75.270872,0,0.001634,0,0,0,0,0,0.093595,1.936276,-0.348132,0,38.503635,16.104626,38.779858,0,369.884554,350.371754,51.624769,0.008126,,,,,,,,,,,,,,Phasing,-28398.110016,38501.737489,-1685.01341,47871.449867,0,,,,,,,,,,,,,,,,ResourceCritical,SafeMode,1,None,,,,,,1,0,0,0,0,,,,,,,,,,,,,,1,0,0,0,0,0.551313,13.558697,10.319139,10.690351,0,0,0,0,0,0,1,0,0.26,0,0,0,0.26,0,0,0,0,0,0,0
85121.448238,PHASING,8,0,1,None,Holding,0,365876.580078,7688.715913,7393.71914,-9.005469,0,0,14538.290277,8700.73507,0.000194,0,75.200318,0,0,,1,0,0,0,75.199379,0,0.001661,0,0,0,0,0,0.095183,1.936282,-0.347766,0,38.503628,16.104626,38.77985,0,369.884554,350.371754,51.624769,0.008126,,,,,,,,,,,,,,Phasing,-23789.557448,34525.895158,-853.735337,41936.968704,0,,,,,,,,,,,,,,,,ResourceCritical,SafeMode,1,None,,,,,,1,0,0,0,0,,,,,,,,,,,,,,1,0,0,0,0,0.551308,13.55869,10.319137,10.690348,0,0,0,0,0,0,1,0,0.26,0,0,0,0.26,0,0,0,0,0,0,0
85121.708238,PHASING,8,0,1,None,Holding,0,365874.237789,7688.718588,7393.721471,-9.007421,0,0,16356.254431,8700.73507,0.000194,0,75.173822,0,0,,1,0,0,0,73.340267,0,0.001689,0,0,0,0,0,0.096787,1.936296,-0.347257,0,38.503628,16.104626,38.77985,0,369.884554,350.371754,51.624769,0.008126,,,,,,,,,,,,,,Phasing,-16024.359067,5097.046404,27992.987272,32655.279849,0,,,,,,,,,,,,,,,,ResourceCritical,SafeMode,1,None,,,,,,1,0,0,0,0,,,,,,,,,,,,,,1,0,0,0,0,0.551303,13.558689,10.319136,10.69035,0,0,0,0,0,0,1,0,0.26,0,0,0,0.26,0,0,0,0,0,0,0
85121.988238,PHASING,8,0,1,None,Holding,0,365871.894989,7688.721264,7393.723801,-9.009373,0,0,18179.601402,8700.73507,0.000194,0,75.147006,0,0,,1,0,0,0,107.022002,0,0.001717,0,0,0,0,0,0.098359,1.93631,-0.346754,0,38.503624,16.104626,38.779846,0,369.884554,350.371754,51.624769,0.008126,,,,,,,,,,,,,,CoElliptic,-3345.497366,-9327.711295,22235.708755,24343.896451,0,,,,,,,,,,,,,,,,ResourceCritical,SafeMode,1,None,,,,,,1,0,0,0,0,,,,,,,,,,,,,,1,0,0,0,0,0.551298,13.558688,10.319134,10.690345,0,0,0,0,0,0,1,0,0.26,0,0,0,0.26,0,0,0,0,0,0,0
85122.228238,PHASING,8,0,1,None,Holding,0,365869.551679,7688.72394,7393.726129,-9.011324,0,0,19992.186491,8700.73507,0.000194,0,75.119842,0,0,,1,0,0,0,107.385138,0,0.001745,0,0,0,0,0,0.099978,1.936314,-0.346247,0,38.503635,16.104626,38.779858,0,369.884554,350.371754,51.624769,0.008126,,,,,,,,,,,,,,CoElliptic,11239.216306,-34847.574201,17980.597954,40791.853521,0,,,,,,,,,,,,,,,,ResourceCritical,SafeMode,1,None,,,,,,1,0,0,0,0,,,,,,,,,,,,,,1,0,0,0,0,0.551292,13.558694,10.319138,10.690351,0,0,0,0,0,0,1,0,0.26,0,0,0,0.26,0,0,0,0,0,0,0
85122.428238,PHASING,8,0,1,None,Holding,0,365831.607497,7688.767283,7393.763618,-9.042774,0,0,49389.391356,8700.73507,,,,,,,1,,,,,,,,,,,,,,,,0,0,0,,369.884554,350.371754,51.624769,0.008126,,,,,,,,,,,,,,Phasing,0,-663870.764451,0,663870.764451,0,,,,,,,,,,,,,,,,ResourceCritical,SafeMode,1,None,,,,,,1,0,0,0,0,,,,,,,,,,,,,,401.350586,0,0,0,0,0.549894,,,,,,,,,,,,0.14,0,0,0,0.14,0,0,0,0,0,0,0
85126.451744,PHASING,8,0,1,None,Holding,0,365758.773543,7688.85047,7393.834374,-9.102246,0,0,105516.881908,8700.73507,,,,,,,1,,,,,,,,,,,,,,,,0,0,0,,369.884554,350.371754,51.624769,0.008126,,,,,,,,,,,,,,Phasing,0,-663870.764451,0,663870.764451,0,,,,,,,,,,,,,,,,ResourceCritical,SafeMode,1,None,,,,,,1,0,0,0,0,,,,,,,,,,,,,,601.525879,0,0,0,0,0.547254,,,,,,,,,,,,,,,,,,,,,,,
85126.451744,PHASING,8,0,1,None,Holding,0,365648.72003,7688.97616,7393.938369,-9.189945,0,0,189640.348163,8700.73507,,,,,,,1,,,,,,,,,,,,,,,,0,0,0,,369.884554,350.371754,51.624769,0.008126,,,,,,,,,,,,,,Phasing,0,-663870.764451,0,663870.764451,0,,,,,,,,,,,,,,,,ResourceCritical,SafeMode,1,None,,,,,,1,0,0,0,0,,,,,,,,,,,,,,801.701172,0,0,0,0,0.543645,,,,,,,,,,,,,,,,,,,,,,,
85146.509273,PHASING,8,0,1,None,Holding,0,365500.419343,7689.14553,7394.073142,-9.304119,0,0,301762.333613,8700.73507,,,,,,,1,,,,,,,,,,,,,,,,0,0,0,,369.884554,350.371754,51.624769,0.008126,,,,,,,,,,,,,,Phasing,0,-663870.764451,0,663870.764451,0,,,,,,,,,,,,,,,,ResourceCritical,SafeMode,1,None,,,,,,1,0,0,0,0,,,,,,,,,,,,,,1001.876465,0,0,0,0,0.53924,,,,,,,,,,,,,,,,,,,,,,,
85146.509273,PHASING,8,0,1,None,Holding,0,365312.564329,7689.360087,7394.23541,-9.442368,0,0,441886.167238,8700.73507,,,,,,,1,,,,,,,,,,,,,,,,0,0,0,,369.884554,350.371754,51.624769,0.008126,,,,,,,,,,,,,,Phasing,0,-663870.764451,0,663870.764451,0,,,,,,,,,,,,,,,,ResourceCritical,SafeMode,1,None,,,,,,1,0,0,0,0,,,,,,,,,,,,,,1200.831177,0,0,0,0,0.533827,,,,,,,,,,,,,,,,,,,,,,,
85182.580826,PHASING,8,0,1,None,Holding,0,365083.858864,7689.621345,7394.420908,-9.601458,0,0,609845.189556,8700.73507,,,,,,,1,,,,,,,,,,,,,,,,0,0,0,,369.884554,350.371754,51.624769,0.008126,,,,,,,,,,,,,,Phasing,0,-663870.764451,0,663870.764451,0,,,,,,,,,,,,,,,,ResourceCritical,SafeMode,1,None,,,,,,1,0,0,0,0,,,,,,,,,,,,,,1401.00647,0,0,0,0,0.527477,,,,,,,,,,,,,,,,,,,,,,,
85182.580826,PHASING,8,0,1,None,Holding,0,364812.367137,7689.931548,7394.625006,-9.777915,0,0,805814.796173,8700.73507,,,,,,,1,,,,,,,,,,,,,,,,0,0,0,,369.884554,350.371754,51.624769,0.008126,,,,,,,,,,,,,,Phasing,0,-663870.764451,0,663870.764451,0,,,,,,,,,,,,,,,,ResourceCritical,SafeMode,1,None,,,,,,1,0,0,0,0,,,,,,,,,,,,,,1601.181763,0,0,0,0,0.520941,,,,,,,,,,,,,,,,,,,,,,,
85234.617579,PHASING,8,0,1,None,Holding,0,364496.244545,7690.292798,7394.842211,-9.967463,0,0,1029800.354801,8700.73507,,,,,,,1,,,,,,,,,,,,,,,,0,0,0,,369.884554,350.371754,51.624769,0.008126,,,,,,,,,,,,,,Phasing,0,-663870.764451,0,663870.764451,0,,,,,,,,,,,,,,,,ResourceCritical,SafeMode,1,None,,,,,,1,0,0,0,0,,,,,,,,,,,,,,1801.357056,0,0,0,0,0.512003,,,,,,,,,,,,,,,,,,,,,,,
85234.617579,PHASING,8,0,1,None,Holding,0,364133.58397,7690.70721,7395.06652,-10.165103,0,0,1281807.887686,8700.73507,,,,,,,1,,,,,,,,,,,,,,,,0,0,0,,369.884554,350.371754,51.624769,0.008126,,,,,,,,,,,,,,Phasing,0,-663870.764451,0,663870.764451,0,,,,,,,,,,,,,,,,ResourceCritical,SafeMode,1,None,,,,,,1,0,0,0,0,,,,,,,,,,,,,,2001.532349,0,0,0,0,0.501094,,,,,,,,,,,,,,,,,,,,,,,
85302.668355,PHASING,8,0,1,None,Holding,0,363722.584482,7691.176786,7395.291649,-10.364615,0,0,1561843.991007,8700.73507,,,,,,,1,,,,,,,,,,,,,,,,0,0,0,,369.884554,350.371754,51.624769,0.008126,,,,,,,,,,,,,,Phasing,0,-663870.764451,0,663870.764451,0,,,,,,,,,,,,,,,,ResourceCritical,SafeMode,1,None,,,,,,1,0,0,0,0,,,,,,,,,,,,,,2201.70752,0,0,0,0,0.491259,,,,,,,,,,,,,,,,,,,,,,,
85302.668355,PHASING,8,0,1,None,Holding,0,363261.78099,7691.703275,7395.511359,-10.558578,0,0,1869915.258744,8700.73507,,,,,,,1,,,,,,,,,,,,,,,,0,0,0,,369.884554,350.371754,51.624769,0.008126,,,,,,,,,,,,,,Phasing,0,-663870.764451,0,663870.764451,0,,,,,,,,,,,,,,,,ResourceCritical,SafeMode,1,None,,,,,,1,0,0,0,0,,,,,,,,,,,,,,2401.882813,0,0,0,0,0.482038,,,,,,,,,,,,,,,,,,,,,,,
85386.733153,PHASING,8,0,1,None,Holding,0,362750.130712,7692.288001,7395.719878,-10.739385,0,0,2206027.814078,8700.73507,,,,,,,1,,,,,,,,,,,,,,,,0,0,0,,369.884554,350.371754,51.624769,0.008126,,,,,,,,,,,,,,Phasing,0,-663870.764451,0,663870.764451,0,,,,,,,,,,,,,,,,ResourceCritical,SafeMode,1,None,,,,,,1,0,0,0,0,,,,,,,,,,,,,,2600.837646,0,0,0,0,0.47341,,,,,,,,,,,,,,,,,,,,,,,
85434.770809,PHASING,8,0,1,None,Holding,0,362187.209944,7692.931385,7395.912365,-10.89949,0,0,2570016.678039,8700.73507,,,,,,,1,,,,,,,,,,,,,,,,0,0,0,,369.884554,350.371754,51.624769,0.008126,,,,,,,,,,,,,,Phasing,0,-663870.764451,0,663870.764451,0,,,,,,,,,,,,,,,,ResourceCritical,SafeMode,1,None,,,,,,1,0,0,0,0,,,,,,,,,,,,,,2801.012939,0,0,0,0,0.460364,,,,,,,,,,,,,,,,,,,,,,,
85486.787562,PHASING,8,0,1,None,Holding,0,361572.712731,7693.633637,7396.085828,-11.029209,0,0,2962058.568961,8700.73507,,,,,,,1,,,,,,,,,,,,,,,,0,0,0,,369.884554,350.371754,51.624769,0.008126,,,,,,,,,,,,,,Phasing,0,-663870.764451,0,663870.764451,0,,,,,,,,,,,,,,,,ResourceCritical,SafeMode,1,None,,,,,,1,0,0,0,0,,,,,,,,,,,,,,3001.188232,0,0,0,0,0.451258,,,,,,,,,,,,,,,,,,,,,,,
85486.787562,PHASING,8,0,1,None,Holding,0,360907.852589,7694.393647,7396.239542,-11.116819,0,0,3382157.92374,8700.73507,,,,,,,1,,,,,,,,,,,,,,,,0,0,0,,369.884554,350.371754,51.624769,0.008126,,,,,,,,,,,,,,Phasing,0,-663870.764451,0,663870.764451,0,,,,,,,,,,,,,,,,ResourceCritical,SafeMode,1,None,,,,,,1,0,0,0,0,,,,,,,,,,,,,,3201.363525,0,0,0,0,0.443443,,,,,,,,,,,,,,,,,,,,,,,
85602.831585,PHASING,8,0,1,None,Holding,0,360194.580218,7695.209042,7396.375941,-11.153257,0,0,3830315.867509,8700.73507,,,,,,,1,,,,,,,,,,,,,,,,0,0,0,,369.884554,350.371754,51.624769,0.008126,,,,,,,,,,,,,,Phasing,0,-663870.764451,0,663870.764451,0,,,,,,,,,,,,,,,,ResourceCritical,SafeMode,1,None,,,,,,1,0,0,0,0,,,,,,,,,,,,,,3401.538818,0,0,0,0,0.432991,,,,,,,,,,,,,,,,,,,,,,,
85602.831585,PHASING,8,0,1,None,Holding,0,359436.214699,7696.075951,7396.501371,-11.127307,0,0,4306532.143166,8700.73507,,,,,,,1,,,,,,,,,,,,,,,,0,0,0,,369.884554,350.371754,51.624769,0.008126,,,,,,,,,,,,,,Phasing,0,-663870.764451,0,663870.764451,0,,,,,,,,,,,,,,,,ResourceCritical,SafeMode,1,None,,,,,,1,0,0,0,0,,,,,,,,,,,,,,3601.714111,0,0,0,0,0.427786,,,,,,,,,,,,,,,,,,,,,,,
85734.889632,PHASING,8,0,1,None,Holding,0,358638.017248,7696.988752,7396.626739,-11.024849,0,0,4810802.84203,8700.73507,,,,,,,1,,,,,,,,,,,,,,,,0,0,0,,369.884554,350.371754,51.624769,0.008126,,,,,,,,,,,,,,Phasing,0,-663870.764451,0,663870.764451,0,,,,,,,,,,,,,,,,ResourceCritical,SafeMode,1,None,,,,,,1,0,0,0,0,,,,,,,,,,,,,,3800.668945,0,0,0,0,0.420179,,,,,,,,,,,,,,,,,,,,,,,
85806.923914,PHASING,8,0,1,None,Holding,0,357806.426179,7697.939545,7396.767879,-10.837085,0,0,5342945.897033,8700.73507,,,,,,,1,,,,,,,,,,,,,,,,0,0,0,,369.884554,350.371754,51.624769,0.008126,,,,,,,,,,,,,,Phasing,0,-663870.764451,0,663870.764451,0,,,,,,,,,,,,,,,,ResourceCritical,SafeMode,1,None,,,,,,1,0,0,0,0,,,,,,,,,,,,,,4000.844238,0,0,0,0,0.418562,,,,,,,,,,,,,,,,,,,,,,,
85806.923914,PHASING,8,0,1,None,Holding,0,356950.130193,7698.918855,7396.945726,-10.55015,0,0,5903116.307155,8700.73507,,,,,,,1,,,,,,,,,,,,,,,,0,0,0,,369.884554,350.371754,51.624769,0.008126,,,,,,,,,,,,,,Phasing,0,-663870.764451,0,663870.764451,0,,,,,,,,,,,,,,,,ResourceCritical,SafeMode,1,None,,,,,,1,0,0,0,0,,,,,,,,,,,,,,4201.019531,0,0,0,0,0.416789,,,,,,,,,,,,,,,,,,,,,,,
85962.954178,PHASING,8,0,1,None,Holding,0,356079.692862,7699.91452,7397.185712,-10.153701,0,0,6491287.185966,8700.73507,,,,,,,1,,,,,,,,,,,,,,,,0,0,0,,369.884554,350.371754,51.624769,0.008126,,,,,,,,,,,,,,Phasing,0,-663870.764451,0,663870.764451,0,,,,,,,,,,,,,,,,ResourceCritical,SafeMode,1,None,,,,,,1,0,0,0,0,,,,,,,,,,,,,,4401.194824,0,0,0,0,0.413611,,,,,,,,,,,,,,,,,,,,,,,
86046.974569,PHASING,8,0,1,None,Holding,0,355207.655089,7700.911877,7397.516637,-9.6382,0,0,7107419.662457,8700.73507,,,,,,,1,,,,,,,,,,,,,,,,0,0,0,,369.884554,350.371754,51.624769,0.008126,,,,,,,,,,,,,,Phasing,0,-663870.764451,0,663870.764451,0,,,,,,,,,,,,,,,,ResourceCritical,SafeMode,1,None,,,,,,1,0,0,0,0,,,,,,,,,,,,,,4601.370117,0,0,0,0,0.451158,,,,,,,,,,,,,,,,,,,,,,,
86134.998465,PHASING,8,0,1,None,Holding,0,354349.67139,7701.893696,7397.968665,-8.993854,0,0,7751459.187467,8700.73507,,,,,,,1,,,,,,,,,,,,,,,,0,0,0,,369.884554,350.371754,51.624769,0.008126,,,,,,,,,,,,,,Phasing,0,-663870.764451,0,663870.764451,0,,,,,,,,,,,,,,,,ResourceCritical,SafeMode,1,None,,,,,,1,0,0,0,0,,,,,,,,,,,,,,4801.54541,0,0,0,0,0.482715,,,,,,,,,,,,,,,,,,,,,,,
86134.998465,PHASING,8,0,1,None,Holding,0,353522.158809,7702.84021,7398.570393,-8.215697,0,0,8423328.315639,8700.73507,,,,,,,1,,,,,,,,,,,,,,,,0,0,0,,369.884554,350.371754,51.624769,0.008126,,,,,,,,,,,,,,Phasing,0,-663870.764451,0,663870.764451,0,,,,,,,,,,,,,,,,ResourceCritical,SafeMode,1,None,,,,,,1,0,0,0,0,,,,,,,,,,,,,,5000.5,0,0,0,0,0.510583,,,,,,,,,,,,,,,,,,,,,,,
86323.056776,PHASING,8,0,1,None,Holding,0,352745.610175,7703.729052,7399.344798,-7.299183,0,0,9122751.103964,8700.73507,,,,,,,1,,,,,,,,,,,,,,,,0,0,0,,369.884554,350.371754,51.624769,0.008126,,,,,,,,,,,,,,Phasing,0,-663870.764451,0,663870.764451,0,,,,,,,,,,,,,,,,ResourceCritical,SafeMode,1,None,,,,,,1,0,0,0,0,,,,,,,,,,,,,,5200.675293,0,0,0,0,0.531384,,,,,,,,,,,,,,,,,,,,,,,
86423.066776,PHASING,8,0,1,None,Holding,0,352040.115559,7704.536203,7400.305137,-6.244557,0,0,9849752.280001,8700.73507,,,,,,,1,,,,,,,,,,,,,,,,0,0,0,,369.884554,350.371754,51.624769,0.008126,,,,,,,,,,,,,,Phasing,0,-663870.764451,0,663870.764451,0,,,,,,,,,,,,,,,,ResourceCritical,SafeMode,1,None,,,,,,1,0,0,0,0,,,,,,,,,,,,,,5400.850586,0,0,0,0,0.555641,,,,,,,,,,,,,,,,,,,,,,,
86527.080282,PHASING,8,0,1,None,Holding,0,351428.895671,7705.235701,7401.449333,-5.05574,0,0,10604130.572231,8700.73507,,,,,,,1,,,,,,,,,,,,,,,,0,0,0,,369.884554,350.371754,51.624769,0.008126,,,,,,,,,,,,,,Phasing,0,-663870.764451,0,663870.764451,0,,,,,,,,,,,,,,,,ResourceCritical,SafeMode,1,None,,,,,,1,0,0,0,0,,,,,,,,,,,,,,5601.025879,0,0,0,0,0.577302,,,,,,,,,,,,,,,,,,,,,,,
86527.080282,PHASING,8,0,1,None,Holding,0,350935.592972,7705.800495,7402.754957,-3.740743,0,0,11385603.275519,8700.73507,,,,,,,1,,,,,,,,,,,,,,,,0,0,0,,369.884554,350.371754,51.624769,0.008126,,,,,,,,,,,,,,Phasing,0,-663870.764451,0,663870.764451,0,,,,,,,,,,,,,,,,ResourceCritical,SafeMode,1,None,,,,,,1,0,0,0,0,,,,,,,,,,,,,,5801.201172,0,0,0,0,0.591166,,,,,,,,,,,,,,,,,,,,,,,
86747.117811,PHASING,8,0,1,None,Holding,0,350583.254003,7706.203234,7404.174741,-2.314224,0,0,12193763.891203,8700.73507,,,,,,,1,,,,,,,,,,,,,,,,0,0,0,,369.884554,350.371754,51.624769,0.008126,,,,,,,,,,,,,,Phasing,0,-663870.764451,0,663870.764451,0,,,,,,,,,,,,,,,,ResourceCritical,SafeMode,1,None,,,,,,1,0,0,0,0,,,,,,,,,,,,,,6001.376465,0,0,0,0,0.602849,,,,,,,,,,,,,,,,,,,,,,,
86863.141834,PHASING,8,0,1,None,Holding,0,350396.519878,7706.417243,7405.633648,-0.79566,0,0,13028007.621357,8700.73507,,,,,,,1,,,,,,,,,,,,,,,,0,0,0,,369.884554,350.371754,51.624769,0.008126,,,,,,,,,,,,,,Phasing,0,-663870.764451,0,663870.764451,0,,,,,,,,,,,,,,,,ResourceCritical,SafeMode,1,None,,,,,,1,0,0,0,0,,,,,,,,,,,,,,6200.331055,0,0,0,0,0.61554,,,,,,,,,,,,,,,,,,,,,,,
86863.141834,PHASING,8,0,1,None,Holding,0,350395.85073,7706.417713,7407.028191,0.788882,0,0,13887218.625943,8700.73507,,,,,,,1,,,,,,,,,,,,,,,,0,0,0,,369.884554,350.371754,51.624769,0.008126,,,,,,,,,,,,,,Phasing,0,-663870.764451,0,663870.764451,0,,,,,,,,,,,,,,,,ResourceCritical,SafeMode,1,None,,,,,,1,0,0,0,0,,,,,,,,,,,,,,6400.506348,0,0,0,0,0.629163,,,,,,,,,,,,,,,,,,,,,,,
87107.175985,PHASING,8,0,1,None,Holding,0,350600.387471,7706.183059,7408.230382,2.407739,0,0,14769979.49638,8700.73507,,,,,,,1,,,,,,,,,,,,,,,,0,0,0,,369.884554,350.371754,51.624769,0.008126,,,,,,,,,,,,,,Phasing,0,-663870.764451,0,663870.764451,0,,,,,,,,,,,,,,,,ResourceCritical,SafeMode,1,None,,,,,,1,0,0,0,0,,,,,,,,,,,,,,6600.681641,0,0,0,0,0.632484,,,,,,,,,,,,,,,,,,,,,,,
87235.186112,PHASING,8,0,1,None,Holding,0,351025.737414,7705.696274,7409.094115,4.021971,0,0,15673366.196481,8700.73507,,,,,,,1,,,,,,,,,,,,,,,,0,0,0,,369.884554,350.371754,51.624769,0.008126,,,,,,,,,,,,,,Phasing,0,-663870.764451,0,663870.764451,0,,,,,,,,,,,,,,,,ResourceCritical,SafeMode,1,None,,,,,,1,0,0,0,0,,,,,,,,,,,,,,6800.856934,0,0,0,0,0.635757,,,,,,,,,,,,,,,,,,,,,,,
87367.199744,PHASING,8,0,1,None,Holding,0,351680.589655,7704.946552,7409.467416,5.588361,0,0,16591251.849983,8700.73507,,,,,,,1,,,,,,,,,,,,,,,,0,0,0,,369.884554,350.371754,51.624769,0.008126,,,,,,,,,,,,,,Phasing,0,-663870.764451,0,663870.764451,0,,,,,,,,,,,,,,,,ResourceCritical,SafeMode,1,None,,,,,,1,0,0,0,0,,,,,,,,,,,,,,7001.032227,0,0,0,0,0.639713,,,,,,,,,,,,,,,,,,,,,,,
87367.199744,PHASING,8,0,1,None,Holding,0,352567.618091,7703.930861,7409.208807,7.059072,0,0,17508195.464613,8700.73507,,,,,,,1,,,,,,,,,,,,,,,,0,0,0,,369.884554,350.371754,51.624769,0.008126,,,,,,,,,,,,,,Phasing,0,-663870.764451,0,663870.764451,0,,,,,,,,,,,,,,,,ResourceCritical,SafeMode,1,None,,,,,,1,0,0,0,0,,,,,,,,,,,,,,7201.20752,0,0,0,0,0.637878,,,,,,,,,,,,,,,,,,,,,,,
87643.237528,PHASING,8,0,1,None,Holding,0,353681.940181,7702.655452,7408.207066,8.381902,0,0,18373099.006098,8700.73507,,,,,,,1,,,,,,,,,,,,,,,,0,0,0,,369.884554,350.371754,51.624769,0.008126,,,,,,,,,,,,,,Phasing,0,-663870.764451,0,663870.764451,0,,,,,,,,,,,,,,,,ResourceCritical,SafeMode,1,None,,,,,,1,0,0,0,0,,,,,,,,,,,,,,7401.382813,0,0,0,0,0.635581,,,,,,,,,,,,,,,,,,,,,,,
87643.237528,PHASING,8,0,1,None,Holding,0,355008.867534,7701.137187,7406.402413,9.503211,0,0,18956733.446244,8700.73507,,,,,,,1,,,,,,,,,,,,,,,,0,0,0,,369.884554,350.371754,51.624769,0.008126,,,,,,,,,,,,,,Phasing,0,-663870.764451,0,663870.764451,0,,,,,,,,,,,,,,,,ResourceCritical,SafeMode,1,None,,,,,,1,0,0,0,0,,,,,,,,,,,,,,7600.337891,0,0,0,0,0.634801,,,,,,,,,,,,,,,,,,,,,,,
87935.289334,PHASING,8,0,1,None,Holding,0,356523.131527,7699.404871,7403.806728,10.370419,0,0,18703229.811347,8700.73507,,,,,,,1,,,,,,,,,,,,,,,,0,0,0,,369.884554,350.371754,51.624769,0.008126,,,,,,,,,,,,,,Phasing,0,-663870.764451,0,663870.764451,0,,,,,,,,,,,,,,,,ResourceCritical,SafeMode,1,None,,,,,,1,0,0,0,0,,,,,,,,,,,,,,7800.512695,0,0,0,0,0.642804,,,,,,,,,,,,,,,,,,,,,,,
88087.296092,PHASING,8,0,1,None,Holding,0,358189.452448,7697.499039,7400.517002,10.934615,0,0,17855279.262167,8700.73507,,,,,,,1,,,,,,,,,,,,,,,,0,0,0,,369.884554,350.371754,51.624769,0.008126,,,,,,,,,,,,,,Phasing,0,-663870.764451,0,663870.764451,0,,,,,,,,,,,,,,,,ResourceCritical,SafeMode,1,None,,,,,,1,0,0,0,0,,,,,,,,,,,,,,8000.688477,0,0,0,0,0.641965,,,,,,,,,,,,,,,,,,,,,,,
88087.296092,PHASING,8,0,1,None,Holding,0,359961.615134,7695.472801,7396.722061,11.152418,0,0,16834027.645643,8700.73507,,,,,,,1,,,,,,,,,,,,,,,,0,0,0,,369.884554,350.371754,51.624769,0.008126,,,,,,,,,,,,,,Phasing,0,-663870.764451,0,663870.764451,0,,,,,,,,,,,,,,,,ResourceCritical,SafeMode,1,None,,,,,,1,0,0,0,0,,,,,,,,,,,,,,8200.863281,0,0,0,0,0.637448,,,,,,,,,,,,,,,,,,,,,,,
88403.320116,PHASING,8,0,1,None,Holding,0,361782.849541,7693.391009,7392.695642,10.989391,0,0,15742852.144748,8700.73507,,,,,,,1,,,,,,,,,,,,,,,,0,0,0,,369.884554,350.371754,51.624769,0.008126,,,,,,,,,,,,,,Phasing,0,-663870.764451,0,663870.764451,0,,,,,,,,,,,,,,,,ResourceCritical,SafeMode,1,None,,,,,,1,0,0,0,0,,,,,,,,,,,,,,8401.039063,0,0,0,0,0.63726,,,,,,,,,,,,,,,,,,,,,,,
88567.337381,PHASING,8,0,1,None,Holding,0,363587.424647,7691.328888,7388.774985,10.423509,0,0,14608571.263086,8700.73507,,,,,,,1,,,,,,,,,,,,,,,,0,0,0,,369.884554,350.371754,51.624769,0.008126,,,,,,,,,,,,,,Phasing,0,-663870.764451,0,663870.764451,0,,,,,,,,,,,,,,,,ResourceCritical,SafeMode,1,None,,,,,,1,0,0,0,0,,,,,,,,,,,,,,8601.213867,0,0,0,0,0.634484,,,,,,,,,,,,,,,,,,,,,,,
88567.337381,PHASING,8,0,1,None,Holding,0,365302.280417,7689.369804,7385.324616,9.448385,0,0,13440977.34556,8700.73507,,,,,,,1,,,,,,,,,,,,,,,,0,0,0,,369.884554,350.371754,51.624769,0.008126,,,,,,,,,,,,,,Phasing,0,-663870.764451,0,663870.764451,0,,,,,,,,,,,,,,,,ResourceCritical,SafeMode,1,None,,,,,,1,0,0,0,0,,,,,,,,,,,,,,8800.168945,0,0,0,0,0.634733,,,,,,,,,,,,,,,,,,,,,,,
88907.38244,PHASING,8,0,1,None,Holding,0,366849.768573,7687.602382,7382.688483,8.075794,0,0,12245015.908176,8700.73507,,,,,,,1,,,,,,,,,,,,,,,,0,0,0,,369.884554,350.371754,51.624769,0.008126,,,,,,,,,,,,,,Phasing,0,-663870.764451,0,663870.764451,0,,,,,,,,,,,,,,,,ResourceCritical,SafeMode,1,None,,,,,,1,0,0,0,0,,,,,,,,,,,,,,9000.34375,0,0,0,0,0.641246,,,,,,,,,,,,,,,,,,,,,,,
88907.38244,PHASING,8,0,1,None,Holding,0,368151.740208,7686.115743,7381.134916,6.337437,0,0,11023641.188784,8700.73507,,,,,,,1,,,,,,,,,,,,,,,,0,0,0,,369.884554,350.371754,51.624769,0.008126,,,,,,,,,,,,,,Phasing,0,-663870.764451,0,663870.764451,0,,,,,,,,,,,,,,,,ResourceCritical,SafeMode,1,None,,,,,,1,0,0,0,0,,,,,,,,,,,,,,9200.519531,0,0,0,0,0.642637,,,,,,,,,,,,,,,,,,,,,,,
89263.392694,PHASING,8,0,1,None,Holding,0,369133.016154,7684.99559,7380.807922,4.286555,0,0,9779646.287741,8700.73507,,,,,,,1,,,,,,,,,,,,,,,,0,0,0,,369.884554,350.371754,51.624769,0.008126,,,,,,,,,,,,,,Phasing,0,-663870.764451,0,663870.764451,0,,,,,,,,,,,,,,,,ResourceCritical,SafeMode,1,None,,,,,,1,0,0,0,0,,,,,,,,,,,,,,9400.694336,0,0,0,0,0.643275,,,,,,,,,,,,,,,,,,,,,,,
89263.392694,PHASING,8,0,1,None,Holding,0,369726.342714,7684.318519,7381.691066,1.998109,0,0,8516392.21238,8700.73507,,,,,,,1,,,,,,,,,,,,,,,,0,0,0,,369.884554,350.371754,51.624769,0.008126,,,,,,,,,,,,,,Phasing,0,-663870.764451,0,663870.764451,0,,,,,,,,,,,,,,,,ResourceCritical,SafeMode,1,None,,,,,,1,0,0,0,0,,,,,,,,,,,,,,9600.870117,0,0,0,0,0.641601,,,,,,,,,,,,,,,,,,,,,,,
89635.416971,PHASING,8,0,1,None,Holding,0,369877.56051,7684.146239,7383.597174,-0.432443,0,0,7238956.805633,8700.73507,,,,,,,1,,,,,,,,,,,,,,,,0,0,0,,369.884554,350.371754,51.624769,0.008126,,,,,,,,,,,,,,Phasing,0,-663870.764451,0,663870.764451,0,,,,,,,,,,,,,,,,ResourceCritical,SafeMode,1,None,,,,,,1,0,0,0,0,,,,,,,,,,,,,,9801.044922,0,0,0,0,0.641564,,,,,,,,,,,,,,,,,,,,,,,
89635.416971,PHASING,8,0,1,None,Holding,0,369550.669068,7684.519718,7386.19074,-2.891533,0,0,5956433.944373,8700.73507,,,,,,,1,,,,,,,,,,,,,,,,0,0,0,,369.884554,350.371754,51.624769,0.008126,,,,,,,,,,,,,,Phasing,0,-663870.764451,0,663870.764451,0,,,,,,,,,,,,,,,,ResourceCritical,SafeMode,1,None,,,,,,1,0,0,0,0,,,,,,,,,,,,,,10000,0,0,0,0,0.55923,,,,,,,,,,,,,,,,,,,,,,,
90023.455272,PHASING,8,0,1,None,Holding,0,368733.046392,7685.453518,7389.044074,-5.251969,0,0,4687926.141681,8700.73507,,,,,,,1,,,,,,,,,,,,,,,,0,0,0,,369.884554,350.371754,51.624769,0.008126,,,,,,,,,,,,,,Phasing,0,-663870.764451,0,663870.764451,0,,,,,,,,,,,,,,,,ResourceCritical,SafeMode,1,None,,,,,,1,0,0,0,0,,,,,,,,,,,,,,10000,0,0,0,0,0.501391,,,,,,,,,,,,,,,,,,,,,,,
90023.455272,PHASING,8,0,1,None,Holding,0,367468.426118,7686.897756,7391.674319,-7.341153,0,0,3502197.038958,8700.73507,,,,,,,1,,,,,,,,,,,,,,,,0,0,0,,369.884554,350.371754,51.624769,0.008126,,,,,,,,,,,,,,Phasing,0,-663870.764451,0,663870.764451,0,,,,,,,,,,,,,,,,ResourceCritical,SafeMode,1,None,,,,,,1,0,0,0,0,,,,,,,,,,,,,,10000,0,0,0,0,0.467188,,,,,,,,,,,,,,,,,,,,,,,
90423.455272,PHASING,8,0,1,None,Holding,0,365822.188374,7688.778043,7393.772858,-9.050568,0,0,2516240.871518,8700.73507,,,,,,,1,,,,,,,,,,,,,,,,0,0,0,,369.884554,350.371754,51.624769,0.008126,,,,,,,,,,,,,,Phasing,0,-663870.764451,0,663870.764451,0,,,,,,,,,,,,,,,,ResourceCritical,SafeMode,1,None,,,,,,1,0,0,0,0,,,,,,,,,,,,,,10000,0,0,0,0,0.439798,,,,,,,,,,,,,,,,,,,,,,,
90623.455272,PHASING,8,0,1,None,Holding,0,363879.604057,7690.997342,7395.209056,-10.291309,0,0,2039138.068675,8700.73507,,,,,,,1,,,,,,,,,,,,,,,,0,0,0,,369.884554,350.371754,51.624769,0.008126,,,,,,,,,,,,,,Phasing,0,-663870.764451,0,663870.764451,0,,,,,,,,,,,,,,,,ResourceCritical,SafeMode,1,None,,,,,,1,0,0,0,0,,,,,,,,,,,,,,10000,0,0,0,0,0.426449,,,,,,,,,,,,,,,,,,,,,,,
90823.455272,PHASING,8,0,1,None,Holding,0,361741.356,7693.44085,7396.041568,-10.998059,0,0,2392569.599567,8700.73507,,,,,,,1,,,,,,,,,,,,,,,,0,0,0,,369.884554,350.371754,51.624769,0.008126,,,,,,,,,,,,,,Phasing,0,-663870.764451,0,663870.764451,0,,,,,,,,,,,,,,,,ResourceCritical,SafeMode,1,None,,,,,,1,0,0,0,0,,,,,,,,,,,,,,10000,0,0,0,0,0.410011,,,,,,,,,,,,,,,,,,,,,,,
90823.455272,PHASING,8,0,1,None,Holding,0,359518.621123,7695.981825,7396.488317,-11.133116,0,0,3317192.84765,8700.73507,,,,,,,1,,,,,,,,,,,,,,,,0,0,0,,369.884554,350.371754,51.624769,0.008126,,,,,,,,,,,,,,Phasing,0,-663870.764451,0,663870.764451,0,,,,,,,,,,,,,,,,ResourceCritical,SafeMode,1,None,,,,,,1,0,0,0,0,,,,,,,,,,,,,,10000,0,0,0,0,0.400066,,,,,,,,,,,,,,,,,,,,,,,
91223.455272,PHASING,8,0,1,None,Holding,0,357326.924094,7698.488096,7396.861953,-10.68822,0,0,4467799.13093,8700.73507,,,,,,,1,,,,,,,,,,,,,,,,0,0,0,,369.884554,350.371754,51.624769,0.008126,,,,,,,,,,,,,,Phasing,0,-663870.764451,0,663870.764451,0,,,,,,,,,,,,,,,,ResourceCritical,SafeMode,1,None,,,,,,1,0,0,0,0,,,,,,,,,,,,,,10000,0,0,0,0,0.387736,,,,,,,,,,,,,,,,,,,,,,,
91423.455272,PHASING,8,0,1,None,Holding,0,355280.436785,7700.828913,7397.484778,-9.685854,0,0,5705226.463036,8700.73507,,,,,,,1,,,,,,,,,,,,,,,,0,0,0,,369.884554,350.371754,51.624769,0.008126,,,,,,,,,,,,,,Phasing,0,-663870.764451,0,663870.764451,0,,,,,,,,,,,,,,,,ResourceCritical,SafeMode,1,None,,,,,,1,0,0,0,0,,,,,,,,,,,,,,10000,0,0,0,0,0.392176,,,,,,,,,,,,,,,,,,,,,,,
91623.455272,PHASING,8,0,1,None,Holding,0,353486.021854,7702.88182,7398.60154,-8.177025,0,0,6978820.575776,8700.73507,,,,,,,1,,,,,,,,,,,,,,,,0,0,0,,369.884554,350.371754,51.624769,0.008126,,,,,,,,,,,,,,Phasing,0,-663870.764451,0,663870.764451,0,,,,,,,,,,,,,,,,ResourceCritical,SafeMode,1,None,,,,,,1,0,0,0,0,,,,,,,,,,,,,,10000,0,0,0,0,0.402651,,,,,,,,,,,,,,,,,,,,,,,
91623.455272,PHASING,8,0,1,None,Holding,0,352037.581847,7704.539152,7400.309242,-6.240217,0,0,8266355.501536,8700.73507,,,,,,,1,,,,,,,,,,,,,,,,0,0,0,,369.884554,350.371754,51.624769,0.008126,,,,,,,,,,,,,,Phasing,0,-663870.764451,0,663870.764451,0,,,,,,,,,,,,,,,,ResourceCritical,SafeMode,1,None,,,,,,1,0,0,0,0,,,,,,,,,,,,,,10000,0,0,0,0,0.499536,,,,,,,,,,,,,,,,,,,,,,,
92023.455272,PHASING,8,0,1,None,Holding,0,351011.016088,7705.713803,7402.519742,-3.976305,0,0,9555261.510813,8700.73507,,,,,,,1,,,,,,,,,,,,,,,,0,0,0,,369.884554,350.371754,51.624769,0.008126,,,,,,,,,,,,,,Phasing,0,-663870.764451,0,663870.764451,0,,,,,,,,,,,,,,,,ResourceCritical,SafeMode,1,None,,,,,,1,0,0,0,0,,,,,,,,,,,,,,10000,0,0,0,0,0.554858,,,,,,,,,,,,,,,,,,,,,,,
92223.455272,PHASING,8,0,1,None,Holding,0,350460.300819,7706.343938,7404.964043,-1.503624,0,0,10835860.855383,8700.73507,,,,,,,1,,,,,,,,,,,,,,,,0,0,0,,369.884554,350.371754,51.624769,0.008126,,,,,,,,,,,,,,Phasing,0,-663870.764451,0,663870.764451,0,,,,,,,,,,,,,,,,ResourceCritical,SafeMode,1,None,,,,,,1,0,0,0,0,,,,,,,,,,,,,,10000,0,0,0,0,0.583105,,,,,,,,,,,,,,,,,,,,,,,
92423.455272,PHASING,8,0,1,None,Holding,0,350414.207007,7706.396349,7407.238165,1.047848,0,0,12097837.805394,8700.73507,,,,,,,1,,,,,,,,,,,,,,,,0,0,0,,369.884554,350.371754,51.624769,0.008126,,,,,,,,,,,,,,Phasing,0,-663870.764451,0,663870.764451,0,,,,,,,,,,,,,,,,ResourceCritical,SafeMode,1,None,,,,,,1,0,0,0,0,,,,,,,,,,,,,,10000,0,0,0,0,0.613521,,,,,,,,,,,,,,,,,,,,,,,
92623.455272,PHASING,8,0,1,None,Holding,0,350875.327192,7705.868274,7408.881491,3.544499,0,0,13326843.277036,8700.73507,,,,,,,1,,,,,,,,,,,,,,,,0,0,0,,369.884554,350.371754,51.624769,0.008126,,,,,,,,,,,,,,Phasing,0,-663870.764451,0,663870.764451,0,,,,,,,,,,,,,,,,ResourceCritical,SafeMode,1,None,,,,,,1,0,0,0,0,,,,,,,,,,,,,,10000,0,0,0,0,0.624567,,,,,,,,,,,,,,,,,,,,,,,
92823.455272,PHASING,8,0,1,None,Holding,0,351819.38364,7704.787544,7409.471413,5.855047,0,0,14498890.806756,8700.73507,,,,,,,1,,,,,,,,,,,,,,,,0,0,0,,369.884554,350.371754,51.624769,0.008126,,,,,,,,,,,,,,Phasing,0,-663870.764451,0,663870.764451,0,,,,,,,,,,,,,,,,ResourceCritical,SafeMode,1,None,,,,,,1,0,0,0,0,,,,,,,,,,,,,,10000,0,0,0,0,0.643593,,,,,,,,,,,,,,,,,,,,,,,
92823.455272,PHASING,8,0,1,None,Holding,0,353196.650442,7703.211065,7408.71464,7.858621,0,0,15568638.988515,8700.73507,,,,,,,1,,,,,,,,,,,,,,,,0,0,0,,369.884554,350.371754,51.624769,0.008126,,,,,,,,,,,,,,Phasing,0,-663870.764451,0,663870.764451,0,,,,,,,,,,,,,,,,ResourceCritical,SafeMode,1,None,,,,,,1,0,0,0,0,,,,,,,,,,,,,,10000,0,0,0,0,0.654791,,,,,,,,,,,,,,,,,,,,,,,
93223.455272,PHASING,8,0,1,None,Holding,0,354935.060864,7701.221719,7406.516208,9.450531,0,0,16445019.202104,8700.73507,,,,,,,1,,,,,,,,,,,,,,,,0,0,0,,369.884554,350.371754,51.624769,0.008126,,,,,,,,,,,,,,Phasing,0,-663870.764451,0,663870.764451,0,,,,,,,,,,,,,,,,ResourceCritical,SafeMode,1,None,,,,,,1,0,0,0,0,,,,,,,,,,,,,,10000,0,0,0,0,0.650082,,,,,,,,,,,,,,,,,,,,,,,
93423.455272,PHASING,8,0,1,None,Holding,0,356943.62957,7698.923882,7403.01175,10.54832,0,0,16961471.908253,8700.73507,,,,,,,1,,,,,,,,,,,,,,,,0,0,0,,369.884554,350.371754,51.624769,0.008126,,,,,,,,,,,,,,Phasing,0,-663870.764451,0,663870.764451,0,,,,,,,,,,,,,,,,ResourceCritical,SafeMode,1,None,,,,,,1,0,0,0,0,,,,,,,,,,,,,,10000,0,0,0,0,0.656135,,,,,,,,,,,,,,,,,,,,,,,
93623.455272,PHASING,8,0,1,None,Holding,0,359117.441473,7696.437819,7398.555932,11.095534,0,0,16937808.248745,8700.73507,,,,,,,1,,,,,,,,,,,,,,,,0,0,0,,369.884554,350.371754,51.624769,0.008126,,,,,,,,,,,,,,Phasing,0,-663870.764451,0,663870.764451,0,,,,,,,,,,,,,,,,ResourceCritical,SafeMode,1,None,,,,,,1,0,0,0,0,,,,,,,,,,,,,,10000,0,0,0,0,0.648825,,,,,,,,,,,,,,,,,,,,,,,
93823.455272,PHASING,8,0,1,None,Holding,0,361343.251595,7693.893291,7393.668642,11.064721,0,0,16391504.977162,8700.73507,,,,,,,1,,,,,,,,,,,,,,,,0,0,0,,369.884554,350.371754,51.624769,0.008126,,,,,,,,,,,,,,Phasing,0,-663870.764451,0,663870.764451,0,,,,,,,,,,,,,,,,ResourceCritical,SafeMode,1,None,,,,,,1,0,0,0,0,,,,,,,,,,,,,,10000,0,0,0,0,0.634017,,,,,,,,,,,,,,,,,,,,,,,
94023.455272,PHASING,8,0,1,None,Holding,0,363505.251768,7691.422724,7388.948879,10.458614,0,0,15515782.907822,8700.73507,,,,,,,1,,,,,,,,,,,,,,,,0,0,0,,369.884554,350.371754,51.624769,0.008126,,,,,,,,,,,,,,Phasing,0,-663870.764451,0,663870.764451,0,,,,,,,,,,,,,,,,ResourceCritical,SafeMode,1,None,,,,,,1,0,0,0,0,,,,,,,,,,,,,,10000,0,0,0,0,0.6382,,,,,,,,,,,,,,,,,,,,,,,
94023.455272,PHASING,8,0,1,None,Holding,0,365490.947884,7689.154328,7384.972827,9.309774,0,0,14471485.205667,8700.73507,,,,,,,1,,,,,,,,,,,,,,,,0,0,0,,369.884554,350.371754,51.624769,0.008126,,,,,,,,,,,,,,Phasing,0,-663870.764451,0,663870.764451,0,,,,,,,,,,,,,,,,ResourceCritical,SafeMode,1,None,,,,,,1,0,0,0,0,,,,,,,,,,,,,,10000,0,0,0,0,0.633276,,,,,,,,,,,,,,,,,,,,,,,
94423.455272,PHASING,8,0,1,None,Holding,0,367197.470139,7687.205499,7382.195871,7.678577,0,0,13344620.472946,8700.73507,,,,,,,1,,,,,,,,,,,,,,,,0,0,0,,369.884554,350.371754,51.624769,0.008126,,,,,,,,,,,,,,Phasing,0,-663870.764451,0,663870.764451,0,,,,,,,,,,,,,,,,ResourceCritical,SafeMode,1,None,,,,,,1,0,0,0,0,,,,,,,,,,,,,,10000,0,0,0,0,0.638032,,,,,,,,,,,,,,,,,,,,,,,
94623.455272,PHASING,8,0,1,None,Holding,0,368536.360523,7685.676851,7380.87774,5.650159,0,0,12178806.79228,8700.73507,,,,,,,1,,,,,,,,,,,,,,,,0,0,0,,369.884554,350.371754,51.624769,0.008126,,,,,,,,,,,,,,Phasing,0,-663870.764451,0,663870.764451,0,,,,,,,,,,,,,,,,ResourceCritical,SafeMode,1,None,,,,,,1,0,0,0,0,,,,,,,,,,,,,,10000,0,0,0,0,0.638614,,,,,,,,,,,,,,,,,,,,,,,
94823.455272,PHASING,8,0,1,None,Holding,0,369438.399729,7684.647147,7381.045329,3.329674,0,0,10998556.118623,8700.73507,,,,,,,1,,,,,,,,,,,,,,,,0,0,0,,369.884554,350.371754,51.624769,0.008126,,,,,,,,,,,,,,Phasing,0,-663870.764451,0,663870.764451,0,,,,,,,,,,,,,,,,ResourceCritical,SafeMode,1,None,,,,,,1,0,0,0,0,,,,,,,,,,,,,,10000,0,0,0,0,0.636064,,,,,,,,,,,,,,,,,,,,,,,
94823.455272,PHASING,8,0,1,None,Holding,0,369857.024781,7684.169362,7382.500054,0.837318,0,0,9820514.816189,8700.73507,,,,,,,1,,,,,,,,,,,,,,,,0,0,0,,369.884554,350.371754,51.624769,0.008126,,,,,,,,,,,,,,Phasing,0,-663870.764451,0,663870.764451,0,,,,,,,,,,,,,,,,ResourceCritical,SafeMode,1,None,,,,,,1,0,0,0,0,,,,,,,,,,,,,,10000,0,0,0,0,0.640589,,,,,,,,,,,,,,,,,,,,,,,
95223.455272,PHASING,8,0,1,None,Holding,0,369770.683537,7684.268058,7384.867454,-1.698247,0,0,8659277.145307,8700.73507,,,,,,,1,,,,,,,,,,,,,,,,0,0,0,,369.884554,350.371754,51.624769,0.008126,,,,,,,,,,,,,,Phasing,0,-663870.764451,0,663870.764451,0,,,,,,,,,,,,,,,,ResourceCritical,SafeMode,1,None,,,,,,1,0,0,0,0,,,,,,,,,,,,,,10000,0,0,0,0,0.636021,,,,,,,,,,,,,,,,,,,,,,,
95423.455272,PHASING,8,0,1,None,Holding,0,369183.99981,7684.938161,7387.678184,-4.146056,0,0,7531514.221834,8700.73507,,,,,,,1,,,,,,,,,,,,,,,,0,0,0,,369.884554,350.371754,51.624769,0.008126,,,,,,,,,,,,,,Phasing,0,-663870.764451,0,663870.764451,0,,,,,,,,,,,,,,,,ResourceCritical,SafeMode,1,None,,,,,,1,0,0,0,0,,,,,,,,,,,,,,10000,0,0,0,0,0.544417,,,,,,,,,,,,,,,,,,,,,,,
95623.455272,PHASING,8,0,1,None,Holding,0,368127.036794,7686.145219,7390.463404,-6.379725,0,0,6460569.538482,8700.73507,,,,,,,1,,,,,,,,,,,,,,,,0,0,0,,369.884554,350.371754,51.624769,0.008126,,,,,,,,,,,,,,Phasing,0,-663870.764451,0,663870.764451,0,,,,,,,,,,,,,,,,ResourceCritical,SafeMode,1,None,,,,,,1,0,0,0,0,,,,,,,,,,,,,,10000,0,0,0,0,0.500958,,,,,,,,,,,,,,,,,,,,,,,
95623.455272,PHASING,8,0,1,None,Holding,0,366654.558471,7687.827102,7392.845076,-8.28368,0,0,5483340.566904,8700.73507,,,,,,,1,,,,,,,,,,,,,,,,0,0,0,,369.884554,350.371754,51.624769,0.008126,,,,,,,,,,,,,,Phasing,0,-663870.764451,0,663870.764451,0,,,,,,,,,,,,,,,,ResourceCritical,SafeMode,1,None,,,,,,1,0,0,0,0,,,,,,,,,,,,,,10000,0,0,0,0,0.47056,,,,,,,,,,,,,,,,,,,,,,,
96023.455272,PHASING,8,0,1,None,Holding,0,364842.59607,7689.897099,7394.603168,-9.758989,0,0,4660669.017819,8700.73507,,,,,,,1,,,,,,,,,,,,,,,,0,0,0,,369.884554,350.371754,51.624769,0.008126,,,,,,,,,,,,,,Phasing,0,-663870.764451,0,663870.764451,0,,,,,,,,,,,,,,,,ResourceCritical,SafeMode,1,None,,,,,,1,0,0,0,0,,,,,,,,,,,,,,10000,0,0,0,0,0.441102,,,,,,,,,,,,,,,,,,,,,,,
96023.455272,PHASING,8,0,1,None,Holding,0,362784.928066,7692.248256,7395.706781,-10.728452,0,0,4086485.827096,8700.73507,,,,,,,1,,,,,,,,,,,,,,,,0,0,0,,369.884554,350.371754,51.624769,0.008126,,,,,,,,,,,,,,Phasing,0,-663870.764451,0,663870.764451,0,,,,,,,,,,,,,,,,ResourceCritical,SafeMode,1,None,,,,,,1,0,0,0,0,,,,,,,,,,,,,,10000,0,0,0,0,0.414122,,,,,,,,,,,,,,,,,,,,,,,
96423.455272,PHASING,8,0,1,None,Holding,0,360588.42494,7694.758784,7396.303603,-11.140762,0,0,3870456.970699,8700.73507,,,,,,,1,,,,,,,,,,,,,,,,0,0,0,,369.884554,350.371754,51.624769,0.008126,,,,,,,,,,,,,,Phasing,0,-663870.764451,0,663870.764451,0,,,,,,,,,,,,,,,,ResourceCritical,SafeMode,1,None,,,,,,1,0,0,0,0,,,,,,,,,,,,,,10000,0,0,0,0,0.389813,,,,,,,,,,,,,,,,,,,,,,,
96423.455272,PHASING,8,0,1,None,Holding,0,358367.142034,7697.298274,7396.67058,-10.973391,0,0,4065856.809623,8700.73507,,,,,,,1,,,,,,,,,,,,,,,,0,0,0,,369.884554,350.371754,51.624769,0.008126,,,,,,,,,,,,,,Phasing,0,-663870.764451,0,663870.764451,0,,,,,,,,,,,,,,,,ResourceCritical,SafeMode,1,None,,,,,,1,0,0,0,0,,,,,,,,,,,,,,10000,0,0,0,0,0.387712,,,,,,,,,,,,,,,,,,,,,,,
96823.455272,PHASING,8,0,1,None,Holding,0,356236.989145,7699.734427,7397.136595,-10.23397,0,0,4615377.819351,8700.73507,,,,,,,1,,,,,,,,,,,,,,,,0,0,0,,369.884554,350.371754,51.624769,0.008126,,,,,,,,,,,,,,Phasing,0,-663870.764451,0,663870.764451,0,,,,,,,,,,,,,,,,ResourceCritical,SafeMode,1,None,,,,,,1,0,0,0,0,,,,,,,,,,,,,,10000,0,0,0,0,0.400273,,,,,,,,,,,,,,,,,,,,,,,
97023.455272,PHASING,8,0,1,None,Holding,0,354309.029414,7701.939969,7397.993841,-8.959939,0,0,5405815.673103,8700.73507,,,,,,,1,,,,,,,,,,,,,,,,0,0,0,,369.884554,350.371754,51.624769,0.008126,,,,,,,,,,,,,,Phasing,0,-663870.764451,0,663870.764451,0,,,,,,,,,,,,,,,,ResourceCritical,SafeMode,1,None,,,,,,1,0,0,0,0,,,,,,,,,,,,,,10000,0,0,0,0,0.412078,,,,,,,,,,,,,,,,,,,,,,,
97223.455272,PHASING,8,0,1,None,Holding,0,352684.118307,7703.799362,7399.4172,-7.217195,0,0,6340416.63792,8700.73507,,,,,,,1,,,,,,,,,,,,,,,,0,0,0,,369.884554,350.371754,51.624769,0.008126,,,,,,,,,,,,,,Phasing,0,-663870.764451,0,663870.764451,0,,,,,,,,,,,,,,,,ResourceCritical,SafeMode,1,None,,,,,,1,0,0,0,0,,,,,,,,,,,,,,10000,0,0,0,0,0.50541,,,,,,,,,,,,,,,,,,,,,,,
97423.455272,PHASING,8,0,1,None,Holding,0,351447.226773,7705.214977,7401.409504,-5.096195,0,0,7355905.660269,8700.73507,,,,,,,1,,,,,,,,,,,,,,,,0,0,0,,369.884554,350.371754,51.624769,0.008126,,,,,,,,,,,,,,Phasing,0,-663870.764451,0,663870.764451,0,,,,,,,,,,,,,,,,ResourceCritical,SafeMode,1,None,,,,,,1,0,0,0,0,,,,,,,,,,,,,,10000,0,0,0,0,0.55331,,,,,,,,,,,,,,,,,,,,,,,
97423.455272,PHASING,8,0,1,None,Holding,0,350663.137606,7706.112345,7403.785251,-2.708012,0,0,8412863.329683,8700.73507,,,,,,,1,,,,,,,,,,,,,,,,0,0,0,,369.884554,350.371754,51.624769,0.008126,,,,,,,,,,,,,,Phasing,0,-663870.764451,0,663870.764451,0,,,,,,,,,,,,,,,,ResourceCritical,SafeMode,1,None,,,,,,1,0,0,0,0,,,,,,,,,,,,,,10000,0,0,0,0,0.594727,,,,,,,,,,,,,,,,,,,,,,,
97823.455272,PHASING,8,0,1,None,Holding,0,350372.987345,7706.444196,7406.19714,-0.177774,0,0,9484954.729379,8700.73507,,,,,,,1,,,,,,,,,,,,,,,,0,0,0,,369.884554,350.371754,51.624769,0.008126,,,,,,,,,,,,,,Phasing,0,-663870.764451,0,663870.764451,0,,,,,,,,,,,,,,,,ResourceCritical,SafeMode,1,None,,,,,,1,0,0,0,0,,,,,,,,,,,,,,10000,0,0,0,0,0.620564,,,,,,,,,,,,,,,,,,,,,,,
98023.455272,PHASING,8,0,1,None,Holding,0,350591.940584,7706.193039,7408.200482,2.361761,0,0,10551748.893458,8700.73507,,,,,,,1,,,,,,,,,,,,,,,,0,0,0,,369.884554,350.371754,51.624769,0.008126,,,,,,,,,,,,,,Phasing,0,-663870.764451,0,663870.764451,0,,,,,,,,,,,,,,,,ResourceCritical,SafeMode,1,None,,,,,,1,0,0,0,0,,,,,,,,,,,,,,10000,0,0,0,0,0.626712,,,,,,,,,,,,,,,,,,,,,,,
98223.455272,PHASING,8,0,1,None,Holding,0,351308.696878,7705.372112,7409.34236,4.777438,0,0,11593918.06165,8700.73507,,,,,,,1,,,,,,,,,,,,,,,,0,0,0,,369.884554,350.371754,51.624769,0.008126,,,,,,,,,,,,,,Phasing,0,-663870.764451,0,663870.764451,0,,,,,,,,,,,,,,,,ResourceCritical,SafeMode,1,None,,,,,,1,0,0,0,0,,,,,,,,,,,,,,10000,0,0,0,0,0.643018,,,,,,,,,,,,,,,,,,,,,,,
98423.455272,PHASING,8,0,1,None,Holding,0,352485.631031,7704.024665,7409.257041,6.942572,0,0,12589246.247369,8700.73507,,,,,,,1,,,,,,,,,,,,,,,,0,0,0,,369.884554,350.371754,51.624769,0.008126,,,,,,,,,,,,,,Phasing,0,-663870.764451,0,663870.764451,0,,,,,,,,,,,,,,,,ResourceCritical,SafeMode,1,None,,,,,,1,0,0,0,0,,,,,,,,,,,,,,10000,0,0,0,0,0.644993,,,,,,,,,,,,,,,,,,,,,,,
98423.455272,PHASING,8,0,1,None,Holding,0,354061.04923,7702.221595,7407.747854,8.743874,0,0,13508317.541423,8700.73507,,,,,,,1,,,,,,,,,,,,,,,,0,0,0,,369.884554,350.371754,51.624769,0.008126,,,,,,,,,,,,,,Phasing,0,-663870.764451,0,663870.764451,0,,,,,,,,,,,,,,,,ResourceCritical,SafeMode,1,None,,,,,,1,0,0,0,0,,,,,,,,,,,,,,10000,0,0,0,0,0.643609,,,,,,,,,,,,,,,,,,,,,,,
98823.455272,PHASING,8,0,1,None,Holding,0,355952.442607,7700.057603,7404.838466,10.087589,0,0,14309461.580861,8700.73507,,,,,,,1,,,,,,,,,,,,,,,,0,0,0,,369.884554,350.371754,51.624769,0.008126,,,,,,,,,,,,,,Phasing,0,-663870.764451,0,663870.764451,0,,,,,,,,,,,,,,,,ResourceCritical,SafeMode,1,None,,,,,,1,0,0,0,0,,,,,,,,,,,,,,10000,0,0,0,0,0.641341,,,,,,,,,,,,,,,,,,,,,,,
99023.455272,PHASING,8,0,1,None,Holding,0,358060.880678,7697.646087,7400.782706,10.904432,0,0,14934727.42995,8700.73507,,,,,,,1,,,,,,,,,,,,,,,,0,0,0,,369.884554,350.371754,51.624769,0.008126,,,,,,,,,,,,,,Phasing,0,-663870.764451,0,663870.764451,0,,,,,,,,,,,,,,,,ResourceCritical,SafeMode,1,None,,,,,,1,0,0,0,0,,,,,,,,,,,,,,10000,0,0,0,0,0.635299,,,,,,,,,,,,,,,,,,,,,,,
99223.455272,PHASING,8,0,1,None,Holding,0,360276.230192,7695.113087,7396.030264,11.152478,0,0,15314221.289623,8700.73507,,,,,,,1,,,,,,,,,,,,,,,,0,0,0,,369.884554,350.371754,51.624769,0.008126,,,,,,,,,,,,,,Phasing,0,-663870.764451,0,663870.764451,0,,,,,,,,,,,,,,,,ResourceCritical,SafeMode,1,None,,,,,,1,0,0,0,0,,,,,,,,,,,,,,10000,0,0,0,0,0.639937,,,,,,,,,,,,,,,,,,,,,,,
99223.455272,PHASING,8,0,1,None,Holding,0,362483.054297,7692.590613,7391.154372,10.8201,0,0,15390212.69461,8700.73507,,,,,,,1,,,,,,,,,,,,,,,,0,0,0,,369.884554,350.371754,51.624769,0.008126,,,,,,,,,,,,,,Phasing,0,-663870.764451,0,663870.764451,0,,,,,,,,,,,,,,,,ResourceCritical,SafeMode,1,None,,,,,,1,0,0,0,0,,,,,,,,,,,,,,10000,0,0,0,0,0.637467,,,,,,,,,,,,,,,,,,,,,,,
99623.455272,PHASING,8,0,1,None,Holding,0,364566.78093,7690.209749,7386.755108,9.925548,0,0,15153401.527293,8700.73507,,,,,,,1,,,,,,,,,,,,,,,,0,0,0,,369.884554,350.371754,51.624769,0.008126,,,,,,,,,,,,,,Phasing,0,-663870.764451,0,663870.764451,0,,,,,,,,,,,,,,,,ResourceCritical,SafeMode,1,None,,,,,,1,0,0,0,0,,,,,,,,,,,,,,10000,0,0,0,0,0.636281,,,,,,,,,,,,,,,,,,,,,,,
99623.455272,PHASING,8,0,1,None,Holding,0,366419.139754,7688.093868,7383.356993,8.516569,0,0,14651250.020394,8700.73507,,,,,,,1,,,,,,,,,,,,,,,,0,0,0,,369.884554,350.371754,51.624769,0.008126,,,,,,,,,,,,,,Phasing,0,-663870.764451,0,663870.764451,0,,,,,,,,,,,,,,,,ResourceCritical,SafeMode,1,None,,,,,,1,0,0,0,0,,,,,,,,,,,,,,10000,0,0,0,0,0.641089,,,,,,,,,,,,,,,,,,,,,,,
100023.455272,PHASING,8,0,1,None,Holding,0,367944.331812,7686.352332,7381.320856,6.66667,0,0,13956545.252257,8700.73507,,,,,,,1,,,,,,,,,,,,,,,,0,0,0,,369.884554,350.371754,51.624769,0.008126,,,,,,,,,,,,,,Phasing,0,-663870.764451,0,663870.764451,0,,,,,,,,,,,,,,,,ResourceCritical,SafeMode,1,None,,,,,,1,0,0,0,0,,,,,,,,,,,,,,10000,0,0,0,0,0.64184,,,,,,,,,,,,,,,,,,,,,,,
100223.455272,PHASING,8,0,1,None,Holding,0,369063.433792,7685.074953,7380.787186,4.472203,0,0,13135520.672234,8700.73507,,,,,,,1,,,,,,,,,,,,,,,,0,0,0,,369.884554,350.371754,51.624769,0.008126,,,,,,,,,,,,,,Phasing,0,-663870.764451,0,663870.764451,0,,,,,,,,,,,,,,,,ResourceCritical,SafeMode,1,None,,,,,,1,0,0,0,0,,,,,,,,,,,,,,10000,0,0,0,0,0.63794,,,,,,,,,,,,,,,,,,,,,,,
100423.455272,PHASING,8,0,1,None,Holding,0,369718.513994,7684.327492,7381.661836,2.046618,0,0,12237416.473478,8700.73507,,,,,,,1,,,,,,,,,,,,,,,,0,0,0,,369.884554,350.371754,51.624769,0.008126,,,,,,,,,,,,,,Phasing,0,-663870.764451,0,663870.764451,0,,,,,,,,,,,,,,,,ResourceCritical,SafeMode,1,None,,,,,,1,0,0,0,0,,,,,,,,,,,,,,10000,0,0,0,0,0.64036,,,,,,,,,,,,,,,,,,,,,,,
100423.455272,PHASING,8,0,1,None,Holding,0,369875.76319,7684.148383,7383.646213,-0.484559,0,0,11296971.335816,8700.73507,,,,,,,1,,,,,,,,,,,,,,,,0,0,0,,369.884554,350.371754,51.624769,0.008126,,,,,,,,,,,,,,Phasing,0,-663870.764451,0,663870.764451,0,,,,,,,,,,,,,,,,ResourceCritical,SafeMode,1,None,,,,,,1,0,0,0,0,,,,,,,,,,,,,,10000,0,0,0,0,0.555374,,,,,,,,,,,,,,,,,,,,,,,
100823.455272,PHASING,8,0,1,None,Holding,0,369527.036918,7684.546833,7386.305035,-2.990623,0,0,10339756.489401,8700.73507,,,,,,,1,,,,,,,,,,,,,,,,0,0,0,,369.884554,350.371754,51.624769,0.008126,,,,,,,,,,,,,,Phasing,0,-663870.764451,0,663870.764451,0,,,,,,,,,,,,,,,,ResourceCritical,SafeMode,1,None,,,,,,1,0,0,0,0,,,,,,,,,,,,,,10000,0,0,0,0,0.505611,,,,,,,,,,,,,,,,,,,,,,,
101023.455272,PHASING,8,0,1,None,Holding,0,368690.24626,7685.502361,7389.157182,-5.342482,0,0,9386830.555778,8700.73507,,,,,,,1,,,,,,,,,,,,,,,,0,0,0,,369.884554,350.371754,51.624769,0.008126,,,,,,,,,,,,,,Phasing,0,-663870.764451,0,663870.764451,0,,,,,,,,,,,,,,,,ResourceCritical,SafeMode,1,None,,,,,,1,0,0,0,0,,,,,,,,,,,,,,10000,0,0,0,0,0.475078,,,,,,,,,,,,,,,,,,,,,,,
101223.455272,PHASING,8,0,1,None,Holding,0,367408.714181,7686.965813,7391.770861,-7.418207,0,0,8458448.421149,8700.73507,,,,,,,1,,,,,,,,,,,,,,,,0,0,0,,369.884554,350.371754,51.624769,0.008126,,,,,,,,,,,,,,Phasing,0,-663870.764451,0,663870.764451,0,,,,,,,,,,,,,,,,ResourceCritical,SafeMode,1,None,,,,,,1,0,0,0,0,,,,,,,,,,,,,,10000,0,0,0,0,0.447819,,,,,,,,,,,,,,,,,,,,,,,
101423.455272,PHASING,8,0,1,None,Holding,0,365748.752001,7688.861806,7393.843896,-9.110388,0,0,7577339.997937,8700.73507,,,,,,,1,,,,,,,,,,,,,,,,0,0,0,,369.884554,350.371754,51.624769,0.008126,,,,,,,,,,,,,,Phasing,0,-663870.764451,0,663870.764451,0,,,,,,,,,,,,,,,,ResourceCritical,SafeMode,1,None,,,,,,1,0,0,0,0,,,,,,,,,,,,,,10000,0,0,0,0,0.437042,,,,,,,,,,,,,,,,,,,,,,,
101423.455272,PHASING,8,0,1,None,Holding,0,363796.291146,7691.092482,7395.253359,-10.330481,0,0,6771978.685055,8700.73507,,,,,,,1,,,,,,,,,,,,,,,,0,0,0,,369.884554,350.371754,51.624769,0.008126,,,,,,,,,,,,,,Phasing,0,-663870.764451,0,663870.764451,0,,,,,,,,,,,,,,,,ResourceCritical,SafeMode,1,None,,,,,,1,0,0,0,0,,,,,,,,,,,,,,10000,0,0,0,0,0.421225,,,,,,,,,,,,,,,,,,,,,,,
101823.455272,PHASING,8,0,1,None,Holding,0,361652.502529,7693.542439,7396.065186,-11.014611,0,0,6079628.936981,8700.73507,,,,,,,1,,,,,,,,,,,,,,,,0,0,0,,369.884554,350.371754,51.624769,0.008126,,,,,,,,,,,,,,Phasing,0,-663870.764451,0,663870.764451,0,,,,,,,,,,,,,,,,ResourceCritical,SafeMode,1,None,,,,,,1,0,0,0,0,,,,,,,,,,,,,,10000,0,0,0,0,0.410802,,,,,,,,,,,,,,,,,,,,,,,
102023.455272,PHASING,8,0,1,None,Holding,0,359428.787839,7696.084587,7396.502565,-11.126112,0,0,5547346.283922,8700.73507,,,,,,,1,,,,,,,,,,,,,,,,0,0,0,,369.884554,350.371754,51.624769,0.008126,,,,,,,,,,,,,,Phasing,0,-663870.764451,0,663870.764451,0,,,,,,,,,,,,,,,,ResourceCritical,SafeMode,1,None,,,,,,1,0,0,0,0,,,,,,,,,,,,,,10000,0,0,0,0,0.392136,,,,,,,,,,,,,,,,,,,,,,,
102223.455272,PHASING,8,0,1,None,Holding,0,357240.735148,7698.586677,7396.880263,-10.658271,0,0,5226512.476582,8700.73507,,,,,,,1,,,,,,,,,,,,,,,,0,0,0,,369.884554,350.371754,51.624769,0.008126,,,,,,,,,,,,,,Phasing,0,-663870.764451,0,663870.764451,0,,,,,,,,,,,,,,,,ResourceCritical,SafeMode,1,None,,,,,,1,0,0,0,0,,,,,,,,,,,,,,10000,0,0,0,0,0.382112,,,,,,,,,,,,,,,,,,,,,,,
102423.455272,PHASING,8,0,1,None,Holding,0,355202.287447,7700.918162,7397.519087,-9.634249,0,0,5156794.297202,8700.73507,,,,,,,1,,,,,,,,,,,,,,,,0,0,0,,369.884554,350.371754,51.624769,0.008126,,,,,,,,,,,,,,Phasing,0,-663870.764451,0,663870.764451,0,,,,,,,,,,,,,,,,ResourceCritical,SafeMode,1,None,,,,,,1,0,0,0,0,,,,,,,,,,,,,,10000,0,0,0,0,0.395223,,,,,,,,,,,,,,,,,,,,,,,
102423.455272,PHASING,8,0,1,None,Holding,0,353420.045998,7702.957063,7398.659003,-8.106508,0,0,5346100.318289,8700.73507,,,,,,,1,,,,,,,,,,,,,,,,0,0,0,,369.884554,350.371754,51.624769,0.008126,,,,,,,,,,,,,,Phasing,0,-663870.764451,0,663870.764451,0,,,,,,,,,,,,,,,,ResourceCritical,SafeMode,1,None,,,,,,1,0,0,0,0,,,,,,,,,,,,,,10000,0,0,0,0,0.415893,,,,,,,,,,,,,,,,,,,,,,,
102823.455272,PHASING,8,0,1,None,Holding,0,351987.334274,7704.596437,7400.390003,-6.154385,0,0,5765346.397028,8700.73507,,,,,,,1,,,,,,,,,,,,,,,,0,0,0,,369.884554,350.371754,51.624769,0.008126,,,,,,,,,,,,,,Phasing,0,-663870.764451,0,663870.764451,0,,,,,,,,,,,,,,,,ResourceCritical,SafeMode,1,None,,,,,,1,0,0,0,0,,,,,,,,,,,,,,10000,0,0,0,0,0.422828,,,,,,,,,,,,,,,,,,,,,,,
103023.455272,PHASING,8,0,1,None,Holding,0,350979.213888,7705.750117,7402.616265,-3.879694,0,0,6364116.286235,8700.73507,,,,,,,1,,,,,,,,,,,,,,,,0,0,0,,369.884554,350.371754,51.624769,0.008126,,,,,,,,,,,,,,Phasing,0,-663870.764451,0,663870.764451,0,,,,,,,,,,,,,,,,ResourceCritical,SafeMode,1,None,,,,,,1,0,0,0,0,,,,,,,,,,,,,,10000,0,0,0,0,0.512766,,,,,,,,,,,,,,,,,,,,,,,
103223.455272,PHASING,8,0,1,None,Holding,0,350448.60339,7706.357367,7405.062193,-1.40131,0,0,7090470.882499,8700.73507,,,,,,,1,,,,,,,,,,,,,,,,0,0,0,,369.884554,350.371754,51.624769,0.008126,,,,,,,,,,,,,,Phasing,0,-663870.764451,0,663870.764451,0,,,,,,,,,,,,,,,,ResourceCritical,SafeMode,1,None,,,,,,1,0,0,0,0,,,,,,,,,,,,,,10000,0,0,0,0,0.557764,,,,,,,,,,,,,,,,,,,,,,,
103423.455272,PHASING,8,0,1,None,Holding,0,350423.32369,7706.386186,7407.319834,1.150741,0,0,7901106.447715,8700.73507,,,,,,,1,,,,,,,,,,,,,,,,0,0,0,,369.884554,350.371754,51.624769,0.008126,,,,,,,,,,,,,,Phasing,0,-663870.764451,0,663870.764451,0,,,,,,,,,,,,,,,,ResourceCritical,SafeMode,1,None,,,,,,1,0,0,0,0,,,,,,,,,,,,,,10000,0,0,0,0,0.596398,,,,,,,,,,,,,,,,,,,,,,,
103423.455272,PHASING,8,0,1,None,Holding,0,350904.592002,7705.835054,7408.928228,3.642273,0,0,8762575.131964,8700.73507,,,,,,,1,,,,,,,,,,,,,,,,0,0,0,,369.884554,350.371754,51.624769,0.008126,,,,,,,,,,,,,,Phasing,0,-663870.764451,0,663870.764451,0,,,,,,,,,,,,,,,,ResourceCritical,SafeMode,1,None,,,,,,1,0,0,0,0,,,,,,,,,,,,,,10000,0,0,0,0,0.62441,,,,,,,,,,,,,,,,,,,,,,,
103823.455272,PHASING,8,0,1,None,Holding,0,351867.146481,7704.733018,7409.468308,5.942661,0,0,9648768.138793,8700.73507,,,,,,,1,,,,,,,,,,,,,,,,0,0,0,,369.884554,350.371754,51.624769,0.008126,,,,,,,,,,,,,,Phasing,0,-663870.764451,0,663870.764451,0,,,,,,,,,,,,,,,,ResourceCritical,SafeMode,1,None,,,,,,1,0,0,0,0,,,,,,,,,,,,,,10000,0,0,0,0,0.630171,,,,,,,,,,,,,,,,,,,,,,,
104023.455272,PHASING,8,0,1,None,Holding,0,353260.447051,7703.138101,7408.653665,7.931357,0,0,10537720.857285,8700.73507,,,,,,,1,,,,,,,,,,,,,,,,0,0,0,,369.884554,350.371754,51.624769,0.008126,,,,,,,,,,,,,,Phasing,0,-663870.764451,0,663870.764451,0,,,,,,,,,,,,,,,,ResourceCritical,SafeMode,1,None,,,,,,1,0,0,0,0,,,,,,,,,,,,,,10000,0,0,0,0,0.649255,,,,,,,,,,,,,,,,,,,,,,,
104223.455272,PHASING,8,0,1,None,Holding,0,355011.561635,7701.134151,7406.398301,9.504828,0,0,11408637.171264,8700.73507,,,,,,,1,,,,,,,,,,,,,,,,0,0,0,,369.884554,350.371754,51.624769,0.008126,,,,,,,,,,,,,,Phasing,0,-663870.764451,0,663870.764451,0,,,,,,,,,,,,,,,,ResourceCritical,SafeMode,1,None,,,,,,1,0,0,0,0,,,,,,,,,,,,,,10000,0,0,0,0,0.656557,,,,,,,,,,,,,,,,,,,,,,,
104423.455272,PHASING,8,0,1,None,Holding,0,357028.90139,7698.826298,7402.847219,10.581291,0,0,12239123.226676,8700.73507,,,,,,,1,,,,,,,,,,,,,,,,0,0,0,,369.884554,350.371754,51.624769,0.008126,,,,,,,,,,,,,,Phasing,0,-663870.764451,0,663870.764451,0,,,,,,,,,,,,,,,,ResourceCritical,SafeMode,1,None,,,,,,1,0,0,0,0,,,,,,,,,,,,,,10000,0,0,0,0,0.646615,,,,,,,,,,,,,,,,,,,,,,,
104623.455272,PHASING,8,0,1,None,Holding,0,359207.152936,7696.33532,7398.363059,11.105565,0,0,13002486.397716,8700.73507,,,,,,,1,,,,,,,,,,,,,,,,0,0,0,,369.884554,350.371754,51.624769,0.008126,,,,,,,,,,,,,,Phasing,0,-663870.764451,0,663870.764451,0,,,,,,,,,,,,,,,,ResourceCritical,SafeMode,1,None,,,,,,1,0,0,0,0,,,,,,,,,,,,,,10000,0,0,0,0,0.638309,,,,,,,,,,,,,,,,,,,,,,,
104623.455272,PHASING,8,0,1,None,Holding,0,361432.650549,7693.791218,7393.470737,11.051363,0,0,13665343.331628,8700.73507,,,,,,,1,,,,,,,,,,,,,,,,0,0,0,,369.884554,350.371754,51.624769,0.008126,,,,,,,,,,,,,,Phasing,0,-663870.764451,0,663870.764451,0,,,,,,,,,,,,,,,,ResourceCritical,SafeMode,1,None,,,,,,1,0,0,0,0,,,,,,,,,,,,,,10000,0,0,0,0,0.6287,,,,,,,,,,,,,,,,,,,,,,,
105023.455272,PHASING,8,0,1,None,Holding,0,363589.629835,7691.326382,7388.770349,10.422576,0,0,14186853.150964,8700.73507,,,,,,,1,,,,,,,,,,,,,,,,0,0,0,,369.884554,350.371754,51.624769,0.008126,,,,,,,,,,,,,,Phasing,0,-663870.764451,0,663870.764451,0,,,,,,,,,,,,,,,,ResourceCritical,SafeMode,1,None,,,,,,1,0,0,0,0,,,,,,,,,,,,,,10000,0,0,0,0,0.632902,,,,,,,,,,,,,,,,,,,,,,,
105223.455272,PHASING,8,0,1,None,Holding,0,365565.952692,7689.068709,7384.835003,9.252824,0,0,14522534.571465,8700.73507,,,,,,,1,,,,,,,,,,,,,,,,0,0,0,,369.884554,350.371754,51.624769,0.008126,,,,,,,,,,,,,,Phasing,0,-663870.764451,0,663870.764451,0,,,,,,,,,,,,,,,,ResourceCritical,SafeMode,1,None,,,,,,1,0,0,0,0,,,,,,,,,,,,,,10000,0,0,0,0,0.637676,,,,,,,,,,,,,,,,,,,,,,,
105223.455272,PHASING,8,0,1,None,Holding,0,367259.100895,7687.135028,7382.113418,7.603755,0,0,14635553.457233,8700.73507,,,,,,,1,,,,,,,,,,,,,,,,0,0,0,,369.884554,350.371754,51.624769,0.008126,,,,,,,,,,,,,,Phasing,0,-663870.764451,0,663870.764451,0,,,,,,,,,,,,,,,,ResourceCritical,SafeMode,1,None,,,,,,1,0,0,0,0,,,,,,,,,,,,,,10000,0,0,0,0,0.63845,,,,,,,,,,,,,,,,,,,,,,,
105623.455272,PHASING,8,0,1,None,Holding,0,368581.436938,7685.625163,7380.856356,5.561369,0,0,14512107.05004,8700.73507,,,,,,,1,,,,,,,,,,,,,,,,0,0,0,,369.884554,350.371754,51.624769,0.008126,,,,,,,,,,,,,,Phasing,0,-663870.764451,0,663870.764451,0,,,,,,,,,,,,,,,,ResourceCritical,SafeMode,1,None,,,,,,1,0,0,0,0,,,,,,,,,,,,,,10000,0,0,0,0,0.644113,,,,,,,,,,,,,,,,,,,,,,,
105823.455272,PHASING,8,0,1,None,Holding,0,369464.673211,7684.616901,7381.08116,3.231563,0,0,14168669.995761,8700.73507,,,,,,,1,,,,,,,,,,,,,,,,0,0,0,,369.884554,350.371754,51.624769,0.008126,,,,,,,,,,,,,,Phasing,0,-663870.764451,0,663870.764451,0,,,,,,,,,,,,,,,,ResourceCritical,SafeMode,1,None,,,,,,1,0,0,0,0,,,,,,,,,,,,,,10000,0,0,0,0,0.639992,,,,,,,,,,,,,,,,,,,,,,,
105823.455272,PHASING,8,0,1,None,Holding,0,369863.197417,7684.162115,7382.580927,0.734915,0,0,13643603.217161,8700.73507,,,,,,,1,,,,,,,,,,,,,,,,0,0,0,,369.884554,350.371754,51.624769,0.008126,,,,,,,,,,,,,,Phasing,0,-663870.764451,0,663870.764451,0,,,,,,,,,,,,,,,,ResourceCritical,SafeMode,1,None,,,,,,1,0,0,0,0,,,,,,,,,,,,,,10000,0,0,0,0,0.548622,,,,,,,,,,,,,,,,,,,,,,,
106223.455272,PHASING,8,0,1,None,Holding,0,369756.611991,7684.284181,7384.975637,-1.799537,0,0,12981657.727163,8700.73507,,,,,,,1,,,,,,,,,,,,,,,,0,0,0,,369.884554,350.371754,51.624769,0.008126,,,,,,,,,,,,,,Phasing,0,-663870.764451,0,663870.764451,0,,,,,,,,,,,,,,,,ResourceCritical,SafeMode,1,None,,,,,,1,0,0,0,0,,,,,,,,,,,,,,10000,0,0,0,0,0.504395,,,,,,,,,,,,,,,,,,,,,,,
106423.455272,PHASING,8,0,1,None,Holding,0,369150.178695,7684.976826,7387.794087,-4.241135,0,0,12223236.94526,8700.73507,,,,,,,1,,,,,,,,,,,,,,,,0,0,0,,369.884554,350.371754,51.624769,0.008126,,,,,,,,,,,,,,Phasing,0,-663870.764451,0,663870.764451,0,,,,,,,,,,,,,,,,ResourceCritical,SafeMode,1,None,,,,,,1,0,0,0,0,,,,,,,,,,,,,,10000,0,0,0,0,0.473347,,,,,,,,,,,,,,,,,,,,,,,
106623.455272,PHASING,8,0,1,None,Holding,0,368075.380251,7686.204437,7390.569455,-6.463739,0,0,11401068.986838,8700.73507,,,,,,,1,,,,,,,,,,,,,,,,0,0,0,,369.884554,350.371754,51.624769,0.008126,,,,,,,,,,,,,,Phasing,0,-663870.764451,0,663870.764451,0,,,,,,,,,,,,,,,,ResourceCritical,SafeMode,1,None,,,,,,1,0,0,0,0,,,,,,,,,,,,,,10000,0,0,0,0,0.448623,,,,,,,,,,,,,,,,,,,,,,,
106823.455272,PHASING,8,0,1,None,Holding,0,366587.53352,7687.903823,7392.928988,-8.352232,0,0,10541202.665886,8700.73507,,,,,,,1,,,,,,,,,,,,,,,,0,0,0,,369.884554,350.371754,51.624769,0.008126,,,,,,,,,,,,,,Phasing,0,-663870.764451,0,663870.764451,0,,,,,,,,,,,,,,,,ResourceCritical,SafeMode,1,None,,,,,,1,0,0,0,0,,,,,,,,,,,,,,10000,0,0,0,0,0.43663,,,,,,,,,,,,,,,,,,,,,,,
106823.455272,PHASING,8,0,1,None,Holding,0,364763.641237,7689.987364,7394.659962,-9.808426,0,0,9665458.420301,8700.73507,,,,,,,1,,,,,,,,,,,,,,,,0,0,0,,369.884554,350.371754,51.624769,0.008126,,,,,,,,,,,,,,Phasing,0,-663870.764451,0,663870.764451,0,,,,,,,,,,,,,,,,ResourceCritical,SafeMode,1,None,,,,,,1,0,0,0,0,,,,,,,,,,,,,,10000,0,0,0,0,0.4153,,,,,,,,,,,,,,,,,,,,,,,
107223.455272,PHASING,8,0,1,None,Holding,0,362698.20943,7692.347394,7395.739173,-10.756213,0,0,8794109.641807,8700.73507,,,,,,,1,,,,,,,,,,,,,,,,0,0,0,,369.884554,350.371754,51.624769,0.008126,,,,,,,,,,,,,,Phasing,0,-663870.764451,0,663870.764451,0,,,,,,,,,,,,,,,,ResourceCritical,SafeMode,1,None,,,,,,1,0,0,0,0,,,,,,,,,,,,,,10000,0,0,0,0,0.395455,,,,,,,,,,,,,,,,,,,,,,,
107423.455272,PHASING,8,0,1,None,Holding,0,360498.40237,7694.861654,7396.320718,-11.145384,0,0,7948579.514797,8700.73507,,,,,,,1,,,,,,,,,,,,,,,,0,0,0,,369.884554,350.371754,51.624769,0.008126,,,,,,,,,,,,,,Phasing,0,-663870.764451,0,663870.764451,0,,,,,,,,,,,,,,,,ResourceCritical,SafeMode,1,None,,,,,,1,0,0,0,0,,,,,,,,,,,,,,10000,0,0,0,0,0.387223,,,,,,,,,,,,,,,,,,,,,,,
107623.455272,PHASING,8,0,1,None,Holding,0,358278.68013,7697.399522,7396.685275,-10.954583,0,0,7154281.167309,8700.73507,,,,,,,1,,,,,,,,,,,,,,,,0,0,0,,369.884554,350.371754,51.624769,0.008126,,,,,,,,,,,,,,Phasing,0,-663870.764451,0,663870.764451,0,,,,,,,,,,,,,,,,ResourceCritical,SafeMode,1,None,,,,,,1,0,0,0,0,,,,,,,,,,,,,,10000,0,0,0,0,0.390514,,,,,,,,,,,,,,,,,,,,,,,
107623.455272,PHASING,8,0,1,None,Holding,0,356154.649806,7699.828773,7397.161972,-10.1925,0,0,6443572.097402,8700.73507,,,,,,,1,,,,,,,,,,,,,,,,0,0,0,,369.884554,350.371754,51.624769,0.008126,,,,,,,,,,,,,,Phasing,0,-663870.764451,0,663870.764451,0,,,,,,,,,,,,,,,,ResourceCritical,SafeMode,1,None,,,,,,1,0,0,0,0,,,,,,,,,,,,,,10000,0,0,0,0,0.392007,,,,,,,,,,,,,,,,,,,,,,,
108023.455272,PHASING,8,0,1,None,Holding,0,354237.124015,7702.022476,7398.03971,-8.898105,0,0,5857938.352715,8700.73507,,,,,,,1,,,,,,,,,,,,,,,,0,0,0,,369.884554,350.371754,51.624769,0.008126,,,,,,,,,,,,,,Phasing,0,-663870.764451,0,663870.764451,0,,,,,,,,,,,,,,,,ResourceCritical,SafeMode,1,None,,,,,,1,0,0,0,0,,,,,,,,,,,,,,10000,0,0,0,0,0.401334,,,,,,,,,,,,,,,,,,,,,,,
108223.455272,PHASING,8,0,1,None,Holding,0,352626.294464,7703.865702,7399.487256,-7.138093,0,0,5446614.073411,8700.73507,,,,,,,1,,,,,,,,,,,,,,,,0,0,0,,369.884554,350.371754,51.624769,0.008126,,,,,,,,,,,,,,Phasing,0,-663870.764451,0,663870.764451,0,,,,,,,,,,,,,,,,ResourceCritical,SafeMode,1,None,,,,,,1,0,0,0,0,,,,,,,,,,,,,,10000,0,0,0,0,0.408694,,,,,,,,,,,,,,,,,,,,,,,
108423.455272,PHASING,8,0,1,None,Holding,0,351406.45294,7705.261663,7401.499867,-5.00409,0,0,5257135.466925,8700.73507,,,,,,,1,,,,,,,,,,,,,,,,0,0,0,,369.884554,350.371754,51.624769,0.008126,,,,,,,,,,,,,,Phasing,0,-663870.764451,0,663870.764451,0,,,,,,,,,,,,,,,,ResourceCritical,SafeMode,1,None,,,,,,1,0,0,0,0,,,,,,,,,,,,,,10000,0,0,0,0,0.506403,,,,,,,,,,,,,,,,,,,,,,,
108423.455272,PHASING,8,0,1,None,Holding,0,350641.524622,7706.136918,7403.884712,-2.607735,0,0,5317419.92911,8700.73507,,,,,,,1,,,,,,,,,,,,,,,,0,0,0,,369.884554,350.371754,51.624769,0.008126,,,,,,,,,,,,,,Phasing,0,-663870.764451,0,663870.764451,0,,,,,,,,,,,,,,,,ResourceCritical,SafeMode,1,None,,,,,,1,0,0,0,0,,,,,,,,,,,,,,10000,0,0,0,0,0.553442,,,,,,,,,,,,,,,,,,,,,,,
108823.455272,PHASING,8,0,1,None,Holding,0,350371.730942,7706.445363,7406.289091,-0.074539,0,0,5621379.147182,8700.73507,,,,,,,1,,,,,,,,,,,,,,,,0,0,0,,369.884554,350.371754,51.624769,0.008126,,,,,,,,,,,,,,Phasing,0,-663870.764451,0,663870.764451,0,,,,,,,,,,,,,,,,ResourceCritical,SafeMode,1,None,,,,,,1,0,0,0,0,,,,,,,,,,,,,,10000,0,0,0,0,0.592196,,,,,,,,,,,,,,,,,,,,,,,
109023.455272,PHASING,8,0,1,None,Holding,0,350611.249223,7706.170736,7408.266147,2.462704,0,0,6132830.395314,8700.73507,,,,,,,1,,,,,,,,,,,,,,,,0,0,0,,369.884554,350.371754,51.624769,0.008126,,,,,,,,,,,,,,Phasing,0,-663870.764451,0,663870.764451,0,,,,,,,,,,,,,,,,ResourceCritical,SafeMode,1,None,,,,,,1,0,0,0,0,,,,,,,,,,,,,,10000,0,0,0,0,0.617444,,,,,,,,,,,,,,,,,,,,,,,
109223.455272,PHASING,8,0,1,None,Holding,0,351347.512058,7705.327517,7409.364661,4.870578,0,0,6803255.139047,8700.73507,,,,,,,1,,,,,,,,,,,,,,,,0,0,0,,369.884554,350.371754,51.624769,0.008126,,,,,,,,,,,,,,Phasing,0,-663870.764451,0,663870.764451,0,,,,,,,,,,,,,,,,ResourceCritical,SafeMode,1,None,,,,,,1,0,0,0,0,,,,,,,,,,,,,,10000,0,0,0,0,0.628828,,,,,,,,,,,,,,,,,,,,,,,
109223.455272,PHASING,8,0,1,None,Holding,0,352541.992211,7703.960124,7409.224299,7.023072,0,0,7586966.151831,8700.73507,,,,,,,1,,,,,,,,,,,,,,,,0,0,0,,369.884554,350.371754,51.624769,0.008126,,,,,,,,,,,,,,Phasing,0,-663870.764451,0,663870.764451,0,,,,,,,,,,,,,,,,ResourceCritical,SafeMode,1,None,,,,,,1,0,0,0,0,,,,,,,,,,,,,,10000,0,0,0,0,0.640711,,,,,,,,,,,,,,,,,,,,,,,
109623.455272,PHASING,8,0,1,None,Holding,0,354131.992195,7702.140502,7407.656542,8.807698,0,0,8446921.305121,8700.73507,,,,,,,1,,,,,,,,,,,,,,,,0,0,0,,369.884554,350.371754,51.624769,0.008126,,,,,,,,,,,,,,Phasing,0,-663870.764451,0,663870.764451,0,,,,,,,,,,,,,,,,ResourceCritical,SafeMode,1,None,,,,,,1,0,0,0,0,,,,,,,,,,,,,,10000,0,0,0,0,0.63515,,,,,,,,,,,,,,,,,,,,,,,
109823.455272,PHASING,8,0,1,None,Holding,0,356034.14925,7699.964213,7404.694463,10.131223,0,0,9354284.47573,8700.73507,,,,,,,1,,,,,,,,,,,,,,,,0,0,0,,369.884554,350.371754,51.624769,0.008126,,,,,,,,,,,,,,Phasing,0,-663870.764451,0,663870.764451,0,,,,,,,,,,,,,,,,ResourceCritical,SafeMode,1,None,,,,,,1,0,0,0,0,,,,,,,,,,,,,,10000,0,0,0,0,0.645566,,,,,,,,,,,,,,,,,,,,,,,
110023.455272,PHASING,8,0,1,None,Holding,0,358149.04836,7697.545288,7400.600748,10.925606,0,0,10285754.968265,8700.73507,,,,,,,1,,,,,,,,,,,,,,,,0,0,0,,369.884554,350.371754,51.624769,0.008126,,,,,,,,,,,,,,Phasing,0,-663870.764451,0,663870.764451,0,,,,,,,,,,,,,,,,ResourceCritical,SafeMode,1,None,,,,,,1,0,0,0,0,,,,,,,,,,,,,,10000,0,0,0,0,0.642466,,,,,,,,,,,,,,,,,,,,,,,
110223.455272,PHASING,8,0,1,None,Holding,0,360366.21842,7695.010138,7395.831696,11.150173,0,0,11220516.891695,8700.73507,,,,,,,1,,,,,,,,,,,,,,,,0,0,0,,369.884554,350.371754,51.624769,0.008126,,,,,,,,,,,,,,Phasing,0,-663870.764451,0,663870.764451,0,,,,,,,,,,,,,,,,ResourceCritical,SafeMode,1,None,,,,,,1,0,0,0,0,,,,,,,,,,,,,,10000,0,0,0,0,0.637565,,,,,,,,,,,,,,,,,,,,,,,
110223.455272,PHASING,8,0,1,None,Holding,0,362570.308304,7692.490873,7390.9636,10.794435,0,0,12137141.192036,8700.73507,,,,,,,1,,,,,,,,,,,,,,,,0,0,0,,369.884554,350.371754,51.624769,0.008126,,,,,,,,,,,,,,Phasing,0,-663870.764451,0,663870.764451,0,,,,,,,,,,,,,,,,ResourceCritical,SafeMode,1,None,,,,,,1,0,0,0,0,,,,,,,,,,,,,,10000,0,0,0,0,0.637216,,,,,,,,,,,,,,,,,,,,,,,
110623.455272,PHASING,8,0,1,None,Holding,0,364646.767696,7690.118392,7386.59544,9.878103,0,0,13010154.298553,8700.73507,,,,,,,1,,,,,,,,,,,,,,,,0,0,0,,369.884554,350.371754,51.624769,0.008126,,,,,,,,,,,,,,Phasing,0,-663870.764451,0,663870.764451,0,,,,,,,,,,,,,,,,ResourceCritical,SafeMode,1,None,,,,,,1,0,0,0,0,,,,,,,,,,,,,,10000,0,0,0,0,0.636456,,,,,,,,,,,,,,,,,,,,,,,
110823.455272,PHASING,8,0,1,None,Holding,0,366487.781051,7688.015622,7383.246674,8.449758,0,0,13805936.171299,8700.73507,,,,,,,1,,,,,,,,,,,,,,,,0,0,0,,369.884554,350.371754,51.624769,0.008126,,,,,,,,,,,,,,Phasing,0,-663870.764451,0,663870.764451,0,,,,,,,,,,,,,,,,ResourceCritical,SafeMode,1,None,,,,,,1,0,0,0,0,,,,,,,,,,,,,,10000,0,0,0,0,0.634214,,,,,,,,,,,,,,,,,,,,,,,
111023.455272,PHASING,8,0,1,None,Holding,0,367998.071937,7686.291236,7381.270071,6.584056,0,0,14478379.002138,8700.73507,,,,,,,1,,,,,,,,,,,,,,,,0,0,0,,369.884554,350.371754,51.624769,0.008126,,,,,,,,,,,,,,Phasing,0,-663870.764451,0,663870.764451,0,,,,,,,,,,,,,,,,ResourceCritical,SafeMode,1,None,,,,,,1,0,0,0,0,,,,,,,,,,,,,,10000,0,0,0,0,0.640326,,,,,,,,,,,,,,,,,,,,,,,
111223.455272,PHASING,8,0,1,None,Holding,0,369099.378473,7685.034154,7380.796621,4.37781,0,0,14967448.014066,8700.73507,,,,,,,1,,,,,,,,,,,,,,,,0,0,0,,369.884554,350.371754,51.624769,0.008126,,,,,,,,,,,,,,Phasing,0,-663870.764451,0,663870.764451,0,,,,,,,,,,,,,,,,ResourceCritical,SafeMode,1,None,,,,,,1,0,0,0,0,,,,,,,,,,,,,,10000,0,0,0,0,0.630742,,,,,,,,,,,,,,,,,,,,,,,
111223.455272,PHASING,8,0,1,None,Holding,0,369734.819944,7684.309089,7381.723047,1.945671,0,0,15208551.036849,8700.73507,,,,,,,1,,,,,,,,,,,,,,,,0,0,0,,369.884554,350.371754,51.624769,0.008126,,,,,,,,,,,,,,Phasing,0,-663870.764451,0,663870.764451,0,,,,,,,,,,,,,,,,ResourceCritical,SafeMode,1,None,,,,,,1,0,0,0,0,,,,,,,,,,,,,,10000,0,0,0,0,0.631709,,,,,,,,,,,,,,,,,,,,,,,
111623.455272,PHASING,8,0,1,None,Holding,0,369871.480915,7684.153323,7383.743715,-0.587082,0,0,15158611.407761,8700.73507,,,,,,,1,,,,,,,,,,,,,,,,0,0,0,,369.884554,350.371754,51.624769,0.008126,,,,,,,,,,,,,,Phasing,0,-663870.764451,0,663870.764451,0,,,,,,,,,,,,,,,,ResourceCritical,SafeMode,1,None,,,,,,1,0,0,0,0,,,,,,,,,,,,,,10000,0,0,0,0,0.631581,,,,,,,,,,,,,,,,,,,,,,,
111823.455272,PHASING,8,0,1,None,Holding,0,369502.371481,7684.574861,7386.419639,-3.089518,0,0,14822195.187955,8700.73507,,,,,,,1,,,,,,,,,,,,,,,,0,0,0,,369.884554,350.371754,51.624769,0.008126,,,,,,,,,,,,,,Phasing,0,-663870.764451,0,663870.764451,0,,,,,,,,,,,,,,,,ResourceCritical,SafeMode,1,None,,,,,,1,0,0,0,0,,,,,,,,,,,,,,10000,0,0,0,0,0.541998,,,,,,,,,,,,,,,,,,,,,,,
112023.455272,PHASING,8,0,1,None,Holding,0,368646.581175,7685.552035,7389.269884,-5.432406,0,0,14247305.427678,8700.73507,,,,,,,1,,,,,,,,,,,,,,,,0,0,0,,369.884554,350.371754,51.624769,0.008126,,,,,,,,,,,,,,Phasing,0,-663870.764451,0,663870.764451,0,,,,,,,,,,,,,,,,ResourceCritical,SafeMode,1,None,,,,,,1,0,0,0,0,,,,,,,,,,,,,,10000,0,0,0,0,0.497004,,,,,,,,,,,,,,,,,,,,,,,
112023.455272,PHASING,8,0,1,None,Holding,0,367348.401125,7687.034578,7391.866496,-7.494679,0,0,13496516.590635,8700.73507,,,,,,,1,,,,,,,,,,,,,,,,0,0,0,,369.884554,350.371754,51.624769,0.008126,,,,,,,,,,,,,,Phasing,0,-663870.764451,0,663870.764451,0,,,,,,,,,,,,,,,,ResourceCritical,SafeMode,1,None,,,,,,1,0,0,0,0,,,,,,,,,,,,,,10000,0,0,0,0,0.467077,,,,,,,,,,,,,,,,,,,,,,,
112423.455272,PHASING,8,0,1,None,Holding,0,365674.909182,7688.946116,7393.913825,-9.1691,0,0,12624653.137717,8700.73507,,,,,,,1,,,,,,,,,,,,,,,,0,0,0,,369.884554,350.371754,51.624769,0.008126,,,,,,,,,,,,,,Phasing,0,-663870.764451,0,663870.764451,0,,,,,,,,,,,,,,,,ResourceCritical,SafeMode,1,None,,,,,,1,0,0,0,0,,,,,,,,,,,,,,10000,0,0,0,0,0.445395,,,,,,,,,,,,,,,,,,,,,,,
112623.455272,PHASING,8,0,1,None,Holding,0,363712.742822,7691.187981,7395.296666,-10.368628,0,0,11672760.063089,8700.73507,,,,,,,1,,,,,,,,,,,,,,,,0,0,0,,369.884554,350.371754,51.624769,0.008126,,,,,,,,,,,,,,Phasing,0,-663870.764451,0,663870.764451,0,,,,,,,,,,,,,,,,ResourceCritical,SafeMode,1,None,,,,,,1,0,0,0,0,,,,,,,,,,,,,,10000,0,0,0,0,0.433954,,,,,,,,,,,,,,,,,,,,,,,
112623.455272,PHASING,8,0,1,None,Holding,0,361563.499372,7693.644179,7396.088181,-11.030252,0,0,10670567.531246,8700.73507,,,,,,,1,,,,,,,,,,,,,,,,0,0,0,,369.884554,350.371754,51.624769,0.008126,,,,,,,,,,,,,,Phasing,0,-663870.764451,0,663870.764451,0,,,,,,,,,,,,,,,,ResourceCritical,SafeMode,1,None,,,,,,1,0,0,0,0,,,,,,,,,,,,,,10000,0,0,0,0,0.413577,,,,,,,,,,,,,,,,,,,,,,,
113023.455272,PHASING,8,0,1,None,Holding,0,359338.919537,7696.187284,7396.516715,-11.118391,0,0,9640797.508385,8700.73507,,,,,,,1,,,,,,,,,,,,,,,,0,0,0,,369.884554,350.371754,51.624769,0.008126,,,,,,,,,,,,,,Phasing,0,-663870.764451,0,663870.764451,0,,,,,,,,,,,,,,,,ResourceCritical,SafeMode,1,None,,,,,,1,0,0,0,0,,,,,,,,,,,,,,10000,0,0,0,0,0.388219,,,,,,,,,,,,,,,,,,,,,,,
113023.455272,PHASING,8,0,1,None,Holding,0,357154.584817,7698.684978,7396.89901,-10.627471,0,0,8603174.245313,8700.73507,,,,,,,1,,,,,,,,,,,,,,,,0,0,0,,369.884554,350.371754,51.624769,0.008126,,,,,,,,,,,,,,Phasing,0,-663870.764451,0,663870.764451,0,,,,,,,,,,,,,,,,ResourceCritical,SafeMode,1,None,,,,,,1,0,0,0,0,,,,,,,,,,,,,,10000,0,0,0,0,0.394759,,,,,,,,,,,,,,,,,,,,,,,
113423.455272,PHASING,8,0,1,None,Holding,0,355124.510802,7701.006933,7397.554234,-9.581917,0,0,7578207.315583,8700.73507,,,,,,,1,,,,,,,,,,,,,,,,0,0,0,,369.884554,350.371754,51.624769,0.008126,,,,,,,,,,,,,,Phasing,0,-663870.764451,0,663870.764451,0,,,,,,,,,,,,,,,,ResourceCritical,SafeMode,1,None,,,,,,1,0,0,0,0,,,,,,,,,,,,,,10000,0,0,0,0,0.404374,,,,,,,,,,,,,,,,,,,,,,,
113423.455272,PHASING,8,0,1,None,Holding,0,353354.78505,7703.031651,7398.717457,-8.035399,0,0,6591595.575374,8700.73507,,,,,,,1,,,,,,,,,,,,,,,,0,0,0,,369.884554,350.371754,51.624769,0.008126,,,,,,,,,,,,,,Phasing,0,-663870.764451,0,663870.764451,0,,,,,,,,,,,,,,,,ResourceCritical,SafeMode,1,None,,,,,,1,0,0,0,0,,,,,,,,,,,,,,10000,0,0,0,0,0.419874,,,,,,,,,,,,,,,,,,,,,,,
113823.455272,PHASING,8,0,1,None,Holding,0,351938.018925,7704.652926,7400.471597,-6.068141,0,0,5680440.120173,8700.73507,,,,,,,1,,,,,,,,,,,,,,,,0,0,0,,369.884554,350.371754,51.624769,0.008126,,,,,,,,,,,,,,Phasing,0,-663870.764451,0,663870.764451,0,,,,,,,,,,,,,,,,ResourceCritical,SafeMode,1,None,,,,,,1,0,0,0,0,,,,,,,,,,,,,,10000,0,0,0,0,0.434362,,,,,,,,,,,,,,,,,,,,,,,
114023.455272,PHASING,8,0,1,None,Holding,0,350948.443975,7705.785535,7402.713165,-3.78274,0,0,4902011.036863,8700.73507,,,,,,,1,,,,,,,,,,,,,,,,0,0,0,,369.884554,350.371754,51.624769,0.008126,,,,,,,,,,,,,,Phasing,0,-663870.764451,0,663870.764451,0,,,,,,,,,,,,,,,,ResourceCritical,SafeMode,1,None,,,,,,1,0,0,0,0,,,,,,,,,,,,,,10000,0,0,0,0,0.517934,,,,,,,,,,,,,,,,,,,,,,,
114223.455272,PHASING,8,0,1,None,Holding,0,350437.896449,7706.369849,7405.160044,-1.298717,0,0,4341290.737263,8700.73507,,,,,,,1,,,,,,,,,,,,,,,,0,0,0,,369.884554,350.371754,51.624769,0.008126,,,,,,,,,,,,,,Phasing,0,-663870.764451,0,663870.764451,0,,,,,,,,,,,,,,,,ResourceCritical,SafeMode,1,None,,,,,,1,0,0,0,0,,,,,,,,,,,,,,10000,0,0,0,0,0.573843,,,,,,,,,,,,,,,,,,,,,,,
114423.455272,PHASING,8,0,1,None,Holding,0,350433.191935,7706.375072,7407.400439,1.253323,0,0,4099057.304344,8700.73507,,,,,,,1,,,,,,,,,,,,,,,,0,0,0,,369.884554,350.371754,51.624769,0.008126,,,,,,,,,,,,,,Phasing,0,-663870.764451,0,663870.764451,0,,,,,,,,,,,,,,,,ResourceCritical,SafeMode,1,None,,,,,,1,0,0,0,0,,,,,,,,,,,,,,10000,0,0,0,0,0.599593,,,,,,,,,,,,,,,,,,,,,,,
114623.455272,PHASING,8,0,1,None,Holding,0,350934.450413,7705.800932,7408.973204,3.739625,0,0,4237609.513669,8700.73507,,,,,,,1,,,,,,,,,,,,,,,,0,0,0,,369.884554,350.371754,51.624769,0.008126,,,,,,,,,,,,,,Phasing,0,-663870.764451,0,663870.764451,0,,,,,,,,,,,,,,,,ResourceCritical,SafeMode,1,None,,,,,,1,0,0,0,0,,,,,,,,,,,,,,10000,0,0,0,0,0.627487,,,,,,,,,,,,,,,,,,,,,,,
114823.455272,PHASING,8,0,1,None,Holding,0,351915.402042,7704.677684,7409.462967,6.029628,0,0,4727950.34809,8700.73507,,,,,,,1,,,,,,,,,,,,,,,,0,0,0,,369.884554,350.371754,51.624769,0.008126,,,,,,,,,,,,,,Phasing,0,-663870.764451,0,663870.764451,0,,,,,,,,,,,,,,,,ResourceCritical,SafeMode,1,None,,,,,,1,0,0,0,0,,,,,,,,,,,,,,10000,0,0,0,0,0.645353,,,,,,,,,,,,,,,,,,,,,,,
115023.455272,PHASING,8,0,1,None,Holding,0,353324.662921,7703.064468,7408.590308,8.003483,0,0,5478463.861396,8700.73507,,,,,,,1,,,,,,,,,,,,,,,,0,0,0,,369.884554,350.371754,51.624769,0.008126,,,,,,,,,,,,,,Phasing,0,-663870.764451,0,663870.764451,0,,,,,,,,,,,,,,,,ResourceCritical,SafeMode,1,None,,,,,,1,0,0,0,0,,,,,,,,,,,,,,10000,0,0,0,0,0.64406,,,,,,,,,,,,,,,,,,,,,,,
115223.455272,PHASING,8,0,1,None,Holding,0,355088.438223,7701.046085,7406.278251,9.558364,0,0,6398491.502506,8700.73507,,,,,,,1,,,,,,,,,,,,,,,,0,0,0,,369.884554,350.371754,51.624769,0.008126,,,,,,,,,,,,,,Phasing,0,-663870.764451,0,663870.764451,0,,,,,,,,,,,,,,,,ResourceCritical,SafeMode,1,None,,,,,,1,0,0,0,0,,,,,,,,,,,,,,10000,0,0,0,0,0.649501,,,,,,,,,,,,,,,,,,,,,,,
115423.455272,PHASING,8,0,1,None,Holding,0,357114.451376,7698.728414,7402.681144,10.61355,0,0,7423987.383976,8700.73507,,,,,,,1,,,,,,,,,,,,,,,,0,0,0,,369.884554,350.371754,51.624769,0.008126,,,,,,,,,,,,,,Phasing,0,-663870.764451,0,663870.764451,0,,,,,,,,,,,,,,,,ResourceCritical,SafeMode,1,None,,,,,,1,0,0,0,0,,,,,,,,,,,,,,10000,0,0,0,0,0.637168,,,,,,,,,,,,,,,,,,,,,,,
115623.455272,PHASING,8,0,1,None,Holding,0,359296.860288,7696.232734,7398.169509,11.114801,0,0,8514116.112662,8700.73507,,,,,,,1,,,,,,,,,,,,,,,,0,0,0,,369.884554,350.371754,51.624769,0.008126,,,,,,,,,,,,,,Phasing,0,-663870.764451,0,663870.764451,0,,,,,,,,,,,,,,,,ResourceCritical,SafeMode,1,None,,,,,,1,0,0,0,0,,,,,,,,,,,,,,10000,0,0,0,0,0.630371,,,,,,,,,,,,,,,,,,,,,,,
115823.455272,PHASING,8,0,1,None,Holding,0,361521.897765,7693.689275,7393.273149,11.037137,0,0,9642394.341672,8700.73507,,,,,,,1,,,,,,,,,,,,,,,,0,0,0,,369.884554,350.371754,51.624769,0.008126,,,,,,,,,,,,,,Phasing,0,-663870.764451,0,663870.764451,0,,,,,,,,,,,,,,,,ResourceCritical,SafeMode,1,None,,,,,,1,0,0,0,0,,,,,,,,,,,,,,10000,0,0,0,0,0.630161,,,,,,,,,,,,,,,,,,,,,,,
116023.455272,PHASING,8,0,1,None,Holding,0,363673.619072,7691.230379,7388.593084,10.3856,0,0,10789861.881715,8700.73507,,,,,,,1,,,,,,,,,,,,,,,,0,0,0,,369.884554,350.371754,51.624769,0.008126,,,,,,,,,,,,,,Phasing,0,-663870.764451,0,663870.764451,0,,,,,,,,,,,,,,,,ResourceCritical,SafeMode,1,None,,,,,,1,0,0,0,0,,,,,,,,,,,,,,10000,0,0,0,0,0.632961,,,,,,,,,,,,,,,,,,,,,,,
116223.455272,PHASING,8,0,1,None,Holding,0,365640.277628,7688.983621,7384.699184,9.195117,0,0,11940301.416403,8700.73507,,,,,,,1,,,,,,,,,,,,,,,,0,0,0,,369.884554,350.371754,51.624769,0.008126,,,,,,,,,,,,,,Phasing,0,-663870.764451,0,663870.764451,0,,,,,,,,,,,,,,,,ResourceCritical,SafeMode,1,None,,,,,,1,0,0,0,0,,,,,,,,,,,,,,10000,0,0,0,0,0.640142,,,,,,,,,,,,,,,,,,,,,,,
116423.455272,PHASING,8,0,1,None,Holding,0,367319.988777,7687.065252,7382.033385,7.528231,0,0,13076066.679502,8700.73507,,,,,,,1,,,,,,,,,,,,,,,,0,0,0,,369.884554,350.371754,51.624769,0.008126,,,,,,,,,,,,,,Phasing,0,-663870.764451,0,663870.764451,0,,,,,,,,,,,,,,,,ResourceCritical,SafeMode,1,None,,,,,,1,0,0,0,0,,,,,,,,,,,,,,10000,0,0,0,0,0.640482,,,,,,,,,,,,,,,,,,,,,,,
116623.455272,PHASING,8,0,1,None,Holding,0,368625.801487,7685.574295,7380.837419,5.472033,0,0,14172682.959531,8700.73507,,,,,,,1,,,,,,,,,,,,,,,,0,0,0,,369.884554,350.371754,51.624769,0.008126,,,,,,,,,,,,,,Phasing,0,-663870.764451,0,663870.764451,0,,,,,,,,,,,,,,,,ResourceCritical,SafeMode,1,None,,,,,,1,0,0,0,0,,,,,,,,,,,,,,10000,0,0,0,0,0.63837,,,,,,,,,,,,,,,,,,,,,,,
116823.455272,PHASING,8,0,1,None,Holding,0,369490.286846,7684.587562,7381.119094,3.133079,0,0,15189356.343925,8700.73507,,,,,,,1,,,,,,,,,,,,,,,,0,0,0,,369.884554,350.371754,51.624769,0.008126,,,,,,,,,,,,,,Phasing,0,-663870.764451,0,663870.764451,0,,,,,,,,,,,,,,,,ResourceCritical,SafeMode,1,None,,,,,,1,0,0,0,0,,,,,,,,,,,,,,10000,0,0,0,0,0.643872,,,,,,,,,,,,,,,,,,,,,,,
117023.455272,PHASING,8,0,1,None,Holding,0,369868.839336,7684.155812,7382.663272,0.632523,0,0,16051133.667341,8700.73507,,,,,,,1,,,,,,,,,,,,,,,,0,0,0,,369.884554,350.371754,51.624769,0.008126,,,,,,,,,,,,,,Phasing,0,-663870.764451,0,663870.764451,0,,,,,,,,,,,,,,,,ResourceCritical,SafeMode,1,None,,,,,,1,0,0,0,0,,,,,,,,,,,,,,10000,0,0,0,0,0.560202,,,,,,,,,,,,,,,,,,,,,,,
117223.455272,PHASING,8,0,1,None,Holding,0,369741.834044,7684.301238,7385.084511,-1.900792,0,0,16625751.972752,8700.73507,,,,,,,1,,,,,,,,,,,,,,,,0,0,0,,369.884554,350.371754,51.624769,0.008126,,,,,,,,,,,,,,Phasing,0,-663870.764451,0,663870.764451,0,,,,,,,,,,,,,,,,ResourceCritical,SafeMode,1,None,,,,,,1,0,0,0,0,,,,,,,,,,,,,,10000,0,0,0,0,0.500605,,,,,,,,,,,,,,,,,,,,,,,
117423.455272,PHASING,8,0,1,None,Holding,0,369115.782389,7685.016367,7387.909907,-4.335947,0,0,16748029.890126,8700.73507,,,,,,,1,,,,,,,,,,,,,,,,0,0,0,,369.884554,350.371754,51.624769,0.008126,,,,,,,,,,,,,,Phasing,0,-663870.764451,0,663870.764451,0,,,,,,,,,,,,,,,,ResourceCritical,SafeMode,1,None,,,,,,1,0,0,0,0,,,,,,,,,,,,,,10000,0,0,0,0,0.473984,,,,,,,,,,,,,,,,,,,,,,,
117423.455272,PHASING,8,0,1,None,Holding,0,368022.921487,7686.264427,7390.674806,-6.547069,0,0,16365307.075387,8700.73507,,,,,,,1,,,,,,,,,,,,,,,,0,0,0,,369.884554,350.371754,51.624769,0.008126,,,,,,,,,,,,,,Phasing,0,-663870.764451,0,663870.764451,0,,,,,,,,,,,,,,,,ResourceCritical,SafeMode,1,None,,,,,,1,0,0,0,0,,,,,,,,,,,,,,10000,0,0,0,0,0.44834,,,,,,,,,,,,,,,,,,,,,,,
117823.455272,PHASING,8,0,1,None,Holding,0,366519.830221,7687.981173,7393.01185,-8.420025,0,0,15602739.671085,8700.73507,,,,,,,1,,,,,,,,,,,,,,,,0,0,0,,369.884554,350.371754,51.624769,0.008126,,,,,,,,,,,,,,Phasing,0,-663870.764451,0,663870.764451,0,,,,,,,,,,,,,,,,ResourceCritical,SafeMode,1,None,,,,,,1,0,0,0,0,,,,,,,,,,,,,,10000,0,0,0,0,0.431081,,,,,,,,,,,,,,,,,,,,,,,
118023.455272,PHASING,8,0,1,None,Holding,0,364684.188745,7690.078081,7394.715669,-9.857189,0,0,14616281.92568,8700.73507,,,,,,,1,,,,,,,,,,,,,,,,0,0,0,,369.884554,350.371754,51.624769,0.008126,,,,,,,,,,,,,,Phasing,0,-663870.764451,0,663870.764451,0,,,,,,,,,,,,,,,,ResourceCritical,SafeMode,1,None,,,,,,1,0,0,0,0,,,,,,,,,,,,,,10000,0,0,0,0,0.413847,,,,,,,,,,,,,,,,,,,,,,,
118223.455272,PHASING,8,0,1,None,Holding,0,362611.163894,7692.446785,7395.770736,-10.783126,0,0,13505521.18051,8700.73507,,,,,,,1,,,,,,,,,,,,,,,,0,0,0,,369.884554,350.371754,51.624769,0.008126,,,,,,,,,,,,,,Phasing,0,-663870.764451,0,663870.764451,0,,,,,,,,,,,,,,,,ResourceCritical,SafeMode,1,None,,,,,,1,0,0,0,0,,,,,,,,,,,,,,10000,0,0,0,0,0.407595,,,,,,,,,,,,,,,,,,,,,,,
118423.455272,PHASING,8,0,1,None,Holding,0,360408.390715,7694.964561,7396.337473,-11.148969,0,0,12323825.596133,8700.73507,,,,,,,1,,,,,,,,,,,,,,,,0,0,0,,369.884554,350.371754,51.624769,0.008126,,,,,,,,,,,,,,Phasing,0,-663870.764451,0,663870.764451,0,,,,,,,,,,,,,,,,ResourceCritical,SafeMode,1,None,,,,,,1,0,0,0,0,,,,,,,,,,,,,,10000,0,0,0,0,0.397134,,,,,,,,,,,,,,,,,,,,,,,
118623.455272,PHASING,8,0,1,None,Holding,0,358190.399521,7697.500594,7396.700158,-10.934599,0,0,11100214.230747,8700.73507,,,,,,,1,,,,,,,,,,,,,,,,0,0,0,,369.884554,350.371754,51.624769,0.008126,,,,,,,,,,,,,,Phasing,0,-663870.764451,0,663870.764451,0,,,,,,,,,,,,,,,,ResourceCritical,SafeMode,1,None,,,,,,1,0,0,0,0,,,,,,,,,,,,,,10000,0,0,0,0,0.389546,,,,,,,,,,,,,,,,,,,,,,,
118823.455272,PHASING,8,0,1,None,Holding,0,356072.590061,7699.922733,7397.188021,-10.150054,0,0,9852078.852968,8700.73507,,,,,,,1,,,,,,,,,,,,,,,,0,0,0,,369.884554,350.371754,51.624769,0.008126,,,,,,,,,,,,,,Phasing,0,-663870.764451,0,663870.764451,0,,,,,,,,,,,,,,,,ResourceCritical,SafeMode,1,None,,,,,,1,0,0,0,0,,,,,,,,,,,,,,10000,0,0,0,0,0.3876,,,,,,,,,,,,,,,,,,,,,,,
118823.455272,PHASING,8,0,1,None,Holding,0,354165.558392,7702.104408,7398.086532,-8.835454,0,0,8591711.145031,8700.73507,,,,,,,1,,,,,,,,,,,,,,,,0,0,0,,369.884554,350.371754,51.624769,0.008126,,,,,,,,,,,,,,Phasing,0,-663870.764451,0,663870.764451,0,,,,,,,,,,,,,,,,ResourceCritical,SafeMode,1,None,,,,,,1,0,0,0,0,,,,,,,,,,,,,,10000,0,0,0,0,0.398732,,,,,,,,,,,,,,,,,,,,,,,
119223.455272,PHASING,8,0,1,None,Holding,0,352568.870408,7703.931309,7399.558259,-7.058376,0,0,7330234.624807,8700.73507,,,,,,,1,,,,,,,,,,,,,,,,0,0,0,,369.884554,350.371754,51.624769,0.008126,,,,,,,,,,,,,,Phasing,0,-663870.764451,0,663870.764451,0,,,,,,,,,,,,,,,,ResourceCritical,SafeMode,1,None,,,,,,1,0,0,0,0,,,,,,,,,,,,,,10000,0,0,0,0,0.40884,,,,,,,,,,,,,,,,,,,,,,,
119223.455272,PHASING,8,0,1,None,Holding,0,351366.184901,7705.307496,7401.590859,-4.9117,0,0,6081327.429208,8700.73507,,,,,,,1,,,,,,,,,,,,,,,,0,0,0,,369.884554,350.371754,51.624769,0.008126,,,,,,,,,,,,,,Phasing,0,-663870.764451,0,663870.764451,0,,,,,,,,,,,,,,,,ResourceCritical,SafeMode,1,None,,,,,,1,0,0,0,0,,,,,,,,,,,,,,10000,0,0,0,0,0.50443,,,,,,,,,,,,,,,,,,,,,,,
119623.455272,PHASING,8,0,1,None,Holding,0,350620.610697,7706.160564,7403.984219,-2.507273,0,0,4867504.235229,8700.73507,,,,,,,1,,,,,,,,,,,,,,,,0,0,0,,369.884554,350.371754,51.624769,0.008126,,,,,,,,,,,,,,Phasing,0,-663870.764451,0,663870.764451,0,,,,,,,,,,,,,,,,ResourceCritical,SafeMode,1,None,,,,,,1,0,0,0,0,,,,,,,,,,,,,,10000,0,0,0,0,0.558254,,,,,,,,,,,,,,,,,,,,,,,
119823.455272,PHASING,8,0,1,None,Holding,0,350371.286009,7706.445574,7406.380345,0.028736,0,0,3735506.585706,8700.73507,,,,,,,1,,,,,,,,,,,,,,,,0,0,0,,369.884554,350.371754,51.624769,0.008126,,,,,,,,,,,,,,Phasing,0,-663870.764451,0,663870.764451,0,,,,,,,,,,,,,,,,ResourceCritical,SafeMode,1,None,,,,,,1,0,0,0,0,,,,,,,,,,,,,,10000,0,0,0,0,0.585835,,,,,,,,,,,,,,,,,,,,,,,
120023.455272,PHASING,8,0,1,None,Holding,0,350631.522707,7706.147503,7408.330367,2.563354,0,0,2799149.701519,8700.73507,,,,,,,1,,,,,,,,,,,,,,,,0,0,0,,369.884554,350.371754,51.624769,0.008126,,,,,,,,,,,,,,Phasing,0,-663870.764451,0,663870.764451,0,,,,,,,,,,,,,,,,ResourceCritical,SafeMode,1,None,,,,,,1,0,0,0,0,,,,,,,,,,,,,,10000,0,0,0,0,0.615999,,,,,,,,,,,,,,,,,,,,,,,
120223.455272,PHASING,8,0,1,None,Holding,0,351387.305433,7705.282063,7409.384919,4.963368,0,0,2321155.229548,8700.73507,,,,,,,1,,,,,,,,,,,,,,,,0,0,0,,369.884554,350.371754,51.624769,0.008126,,,,,,,,,,,,,,Phasing,0,-663870.764451,0,663870.764451,0,,,,,,,,,,,,,,,,ResourceCritical,SafeMode,1,None,,,,,,1,0,0,0,0,,,,,,,,,,,,,,10000,0,0,0,0,0.626072,,,,,,,,,,,,,,,,,,,,,,,
120423.455272,PHASING,8,0,1,None,Holding,0,352599.161843,7703.894843,7409.189198,7.103029,0,0,2578749.584546,8700.73507,,,,,,,1,,,,,,,,,,,,,,,,0,0,0,,369.884554,350.371754,51.624769,0.008126,,,,,,,,,,,,,,Phasing,0,-663870.764451,0,663870.764451,0,,,,,,,,,,,,,,,,ResourceCritical,SafeMode,1,None,,,,,,1,0,0,0,0,,,,,,,,,,,,,,10000,0,0,0,0,0.644819,,,,,,,,,,,,,,,,,,,,,,,
120623.455272,PHASING,8,0,1,None,Holding,0,354203.470587,7702.058826,7407.562925,8.870552,0,0,3413161.857831,8700.73507,,,,,,,1,,,,,,,,,,,,,,,,0,0,0,,369.884554,350.371754,51.624769,0.008126,,,,,,,,,,,,,,Phasing,0,-663870.764451,0,663870.764451,0,,,,,,,,,,,,,,,,ResourceCritical,SafeMode,1,None,,,,,,1,0,0,0,0,,,,,,,,,,,,,,10000,0,0,0,0,0.653966,,,,,,,,,,,,,,,,,,,,,,,
120823.455272,PHASING,8,0,1,None,Holding,0,356116.157704,7699.870426,7404.548587,10.173776,0,0,4517308.995823,8700.73507,,,,,,,1,,,,,,,,,,,,,,,,0,0,0,,369.884554,350.371754,51.624769,0.008126,,,,,,,,,,,,,,Phasing,0,-663870.764451,0,663870.764451,0,,,,,,,,,,,,,,,,ResourceCritical,SafeMode,1,None,,,,,,1,0,0,0,0,,,,,,,,,,,,,,10000,0,0,0,0,0.649178,,,,,,,,,,,,,,,,,,,,,,,
121023.455272,PHASING,8,0,1,None,Holding,0,358237.323697,7697.444298,7400.417672,10.9457,0,0,5738530.850828,8700.73507,,,,,,,1,,,,,,,,,,,,,,,,0,0,0,,369.884554,350.371754,51.624769,0.008126,,,,,,,,,,,,,,Phasing,0,-663870.764451,0,663870.764451,0,,,,,,,,,,,,,,,,ResourceCritical,SafeMode,1,None,,,,,,1,0,0,0,0,,,,,,,,,,,,,,10000,0,0,0,0,0.653468,,,,,,,,,,,,,,,,,,,,,,,
121223.455272,PHASING,8,0,1,None,Holding,0,360456.215637,7694.907216,7395.632964,11.146828,0,0,7016275.218007,8700.73507,,,,,,,1,,,,,,,,,,,,,,,,0,0,0,,369.884554,350.371754,51.624769,0.008126,,,,,,,,,,,,,,Phasing,0,-663870.764451,0,663870.764451,0,,,,,,,,,,,,,,,,ResourceCritical,SafeMode,1,None,,,,,,1,0,0,0,0,,,,,,,,,,,,,,10000,0,0,0,0,0.643488,,,,,,,,,,,,,,,,,,,,,,,
121423.455272,PHASING,8,0,1,None,Holding,0,362657.424571,7692.391373,7390.773655,10.768016,0,0,8324374.477189,8700.73507,,,,,,,1,,,,,,,,,,,,,,,,0,0,0,,369.884554,350.371754,51.624769,0.008126,,,,,,,,,,,,,,Phasing,0,-663870.764451,0,663870.764451,0,,,,,,,,,,,,,,,,ResourceCritical,SafeMode,1,None,,,,,,1,0,0,0,0,,,,,,,,,,,,,,10000,0,0,0,0,0.633788,,,,,,,,,,,,,,,,,,,,,,,
121623.455272,PHASING,8,0,1,None,Holding,0,364726.486151,7690.027477,7386.437458,9.82998,0,0,9649848.678315,8700.73507,,,,,,,1,,,,,,,,,,,,,,,,0,0,0,,369.884554,350.371754,51.624769,0.008126,,,,,,,,,,,,,,Phasing,0,-663870.764451,0,663870.764451,0,,,,,,,,,,,,,,,,ResourceCritical,SafeMode,1,None,,,,,,1,0,0,0,0,,,,,,,,,,,,,,10000,0,0,0,0,0.639225,,,,,,,,,,,,,,,,,,,,,,,
121823.455272,PHASING,8,0,1,None,Holding,0,366555.942996,7687.937996,7383.138623,8.382396,0,0,10985195.292149,8700.73507,,,,,,,1,,,,,,,,,,,,,,,,0,0,0,,369.884554,350.371754,51.624769,0.008126,,,,,,,,,,,,,,Phasing,0,-663870.764451,0,663870.764451,0,,,,,,,,,,,,,,,,ResourceCritical,SafeMode,1,None,,,,,,1,0,0,0,0,,,,,,,,,,,,,,10000,0,0,0,0,0.63419,,,,,,,,,,,,,,,,,,,,,,,
122023.455272,PHASING,8,0,1,None,Holding,0,368051.056295,7686.230905,7381.22177,6.500932,0,0,12325089.372212,8700.73507,,,,,,,1,,,,,,,,,,,,,,,,0,0,0,,369.884554,350.371754,51.624769,0.008126,,,,,,,,,,,,,,Phasing,0,-663870.764451,0,663870.764451,0,,,,,,,,,,,,,,,,ResourceCritical,SafeMode,1,None,,,,,,1,0,0,0,0,,,,,,,,,,,,,,10000,0,0,0,0,0.636099,,,,,,,,,,,,,,,,,,,,,,,
122223.455272,PHASING,8,0,1,None,Holding,0,369134.380139,7684.994227,7380.808366,4.283238,0,0,13664379.170702,8700.73507,,,,,,,1,,,,,,,,,,,,,,,,0,0,0,,369.884554,350.371754,51.624769,0.008126,,,,,,,,,,,,,,Phasing,0,-663870.764451,0,663870.764451,0,,,,,,,,,,,,,,,,ResourceCritical,SafeMode,1,None,,,,,,1,0,0,0,0,,,,,,,,,,,,,,10000,0,0,0,0,0.635683,,,,,,,,,,,,,,,,,,,,,,,
122423.455272,PHASING,8,0,1,None,Holding,0,369750.007565,7684.291618,7381.786061,1.844484,0,0,14995685.950597,8700.73507,,,,,,,1,,,,,,,,,,,,,,,,0,0,0,,369.884554,350.371754,51.624769,0.008126,,,,,,,,,,,,,,Phasing,0,-663870.764451,0,663870.764451,0,,,,,,,,,,,,,,,,ResourceCritical,SafeMode,1,None,,,,,,1,0,0,0,0,,,,,,,,,,,,,,10000,0,0,0,0,0.632353,,,,,,,,,,,,,,,,,,,,,,,
122623.455272,PHASING,8,0,1,None,Holding,0,369866.060388,7684.159207,7383.842292,-0.689665,0,0,16303625.013392,8700.73507,,,,,,,1,,,,,,,,,,,,,,,,0,0,0,,369.884554,350.371754,51.624769,0.008126,,,,,,,,,,,,,,Phasing,0,-663870.764451,0,663870.764451,0,,,,,,,,,,,,,,,,ResourceCritical,SafeMode,1,None,,,,,,1,0,0,0,0,,,,,,,,,,,,,,10000,0,0,0,0,0.550587,,,,,,,,,,,,,,,,,,,,,,,
122823.455272,PHASING,8,0,1,None,Holding,0,369476.820616,7684.603798,7386.53452,-3.187969,0,0,17542813.754257,8700.73507,,,,,,,1,,,,,,,,,,,,,,,,0,0,0,,369.884554,350.371754,51.624769,0.008126,,,,,,,,,,,,,,Phasing,0,-663870.764451,0,663870.764451,0,,,,,,,,,,,,,,,,ResourceCritical,SafeMode,1,None,,,,,,1,0,0,0,0,,,,,,,,,,,,,,10000,0,0,0,0,0.502269,,,,,,,,,,,,,,,,,,,,,,,
123023.455272,PHASING,8,0,1,None,Holding,0,368602.199052,7685.602537,7389.382153,-5.521798,0,0,18519041.395322,8700.73507,,,,,,,1,,,,,,,,,,,,,,,,0,0,0,,369.884554,350.371754,51.624769,0.008126,,,,,,,,,,,,,,Phasing,0,-663870.764451,0,663870.764451,0,,,,,,,,,,,,,,,,ResourceCritical,SafeMode,1,None,,,,,,1,0,0,0,0,,,,,,,,,,,,,,10000,0,0,0,0,0.465383,,,,,,,,,,,,,,,,,,,,,,,
123223.455272,PHASING,8,0,1,None,Holding,0,367287.559033,7687.104046,7391.96121,-7.570305,0,0,18538244.371583,8700.73507,,,,,,,1,,,,,,,,,,,,,,,,0,0,0,,369.884554,350.371754,51.624769,0.008126,,,,,,,,,,,,,,Phasing,0,-663870.764451,0,663870.764451,0,,,,,,,,,,,,,,,,ResourceCritical,SafeMode,1,None,,,,,,1,0,0,0,0,,,,,,,,,,,,,,10000,0,0,0,0,0.452491,,,,,,,,,,,,,,,,,,,,,,,
123423.455272,PHASING,8,0,1,None,Holding,0,365600.687449,7689.030967,7393.982644,-9.227191,0,0,17572479.288935,8700.73507,,,,,,,1,,,,,,,,,,,,,,,,0,0,0,,369.884554,350.371754,51.624769,0.008126,,,,,,,,,,,,,,Phasing,0,-663870.764451,0,663870.764451,0,,,,,,,,,,,,,,,,ResourceCritical,SafeMode,1,None,,,,,,1,0,0,0,0,,,,,,,,,,,,,,10000,0,0,0,0,0.439061,,,,,,,,,,,,,,,,,,,,,,,
123623.455272,PHASING,8,0,1,None,Holding,0,363628.911007,7691.283831,7395.338988,-10.40609,0,0,16324891.276355,8700.73507,,,,,,,1,,,,,,,,,,,,,,,,0,0,0,,369.884554,350.371754,51.624769,0.008126,,,,,,,,,,,,,,Phasing,0,-663870.764451,0,663870.764451,0,,,,,,,,,,,,,,,,ResourceCritical,SafeMode,1,None,,,,,,1,0,0,0,0,,,,,,,,,,,,,,10000,0,0,0,0,0.417567,,,,,,,,,,,,,,,,,,,,,,,
123823.455272,PHASING,8,0,1,None,Holding,0,361474.377307,7693.746062,7396.110571,-11.045054,0,0,14999456.864162,8700.73507,,,,,,,1,,,,,,,,,,,,,,,,0,0,0,,369.884554,350.371754,51.624769,0.008126,,,,,,,,,,,,,,Phasing,0,-663870.764451,0,663870.764451,0,,,,,,,,,,,,,,,,ResourceCritical,SafeMode,1,None,,,,,,1,0,0,0,0,,,,,,,,,,,,,,10000,0,0,0,0,0.391705,,,,,,,,,,,,,,,,,,,,,,,
124023.455272,PHASING,8,0,1,None,Holding,0,359249.104852,7696.289906,7396.530789,-11.10985,0,0,13643013.714925,8700.73507,,,,,,,1,,,,,,,,,,,,,,,,0,0,0,,369.884554,350.371754,51.624769,0.008126,,,,,,,,,,,,,,Phasing,0,-663870.764451,0,663870.764451,0,,,,,,,,,,,,,,,,ResourceCritical,SafeMode,1,None,,,,,,1,0,0,0,0,,,,,,,,,,,,,,10000,0,0,0,0,0.386724,,,,,,,,,,,,,,,,,,,,,,,
124223.455272,PHASING,8,0,1,None,Holding,0,357068.814025,7698.782992,7396.918214,-10.59583,0,0,12270695.467724,8700.73507,,,,,,,1,,,,,,,,,,,,,,,,0,0,0,,369.884554,350.371754,51.624769,0.008126,,,,,,,,,,,,,,Phasing,0,-663870.764451,0,663870.764451,0,,,,,,,,,,,,,,,,ResourceCritical,SafeMode,1,None,,,,,,1,0,0,0,0,,,,,,,,,,,,,,10000,0,0,0,0,0.391027,,,,,,,,,,,,,,,,,,,,,,,
124423.455272,PHASING,8,0,1,None,Holding,0,355047.369346,7701.095217,7397.59023,-9.528883,0,0,10888843.554614,8700.73507,,,,,,,1,,,,,,,,,,,,,,,,0,0,0,,369.884554,350.371754,51.624769,0.008126,,,,,,,,,,,,,,Phasing,0,-663870.764451,0,663870.764451,0,,,,,,,,,,,,,,,,ResourceCritical,SafeMode,1,None,,,,,,1,0,0,0,0,,,,,,,,,,,,,,10000,0,0,0,0,0.406548,,,,,,,,,,,,,,,,,,,,,,,
124623.455272,PHASING,8,0,1,None,Holding,0,353290.301618,7703.105579,7398.7769,-7.963501,0,0,9500673.744852,8700.73507,,,,,,,1,,,,,,,,,,,,,,,,0,0,0,,369.884554,350.371754,51.624769,0.008126,,,,,,,,,,,,,,Phasing,0,-663870.764451,0,663870.764451,0,,,,,,,,,,,,,,,,ResourceCritical,SafeMode,1,None,,,,,,1,0,0,0,0,,,,,,,,,,,,,,10000,0,0,0,0,0.415849,,,,,,,,,,,,,,,,,,,,,,,
124623.455272,PHASING,8,0,1,None,Holding,0,351889.577143,7704.708616,7400.55401,-5.981169,0,0,8108104.184677,8700.73507,,,,,,,1,,,,,,,,,,,,,,,,0,0,0,,369.884554,350.371754,51.624769,0.008126,,,,,,,,,,,,,,Phasing,0,-663870.764451,0,663870.764451,0,,,,,,,,,,,,,,,,ResourceCritical,SafeMode,1,None,,,,,,1,0,0,0,0,,,,,,,,,,,,,,10000,0,0,0,0,0.509314,,,,,,,,,,,,,,,,,,,,,,,
125023.455272,PHASING,8,0,1,None,Holding,0,350918.520715,7705.820056,7402.810417,-3.685361,0,0,6712479.044597,8700.73507,,,,,,,1,,,,,,,,,,,,,,,,0,0,0,,369.884554,350.371754,51.624769,0.008126,,,,,,,,,,,,,,Phasing,0,-663870.764451,0,663870.764451,0,,,,,,,,,,,,,,,,ResourceCritical,SafeMode,1,None,,,,,,1,0,0,0,0,,,,,,,,,,,,,,10000,0,0,0,0,0.555729,,,,,,,,,,,,,,,,,,,,,,,
125023.455272,PHASING,8,0,1,None,Holding,0,350427.972749,7706.381382,7405.257566,-1.196145,0,0,5314944.289008,8700.73507,,,,,,,1,,,,,,,,,,,,,,,,0,0,0,,369.884554,350.371754,51.624769,0.008126,,,,,,,,,,,,,,Phasing,0,-663870.764451,0,663870.764451,0,,,,,,,,,,,,,,,,ResourceCritical,SafeMode,1,None,,,,,,1,0,0,0,0,,,,,,,,,,,,,,10000,0,0,0,0,0.596262,,,,,,,,,,,,,,,,,,,,,,,
125423.455272,PHASING,8,0,1,None,Holding,0,350443.706244,7706.363011,7407.47995,1.355879,0,0,3916822.085423,8700.73507,,,,,,,1,,,,,,,,,,,,,,,,0,0,0,,369.884554,350.371754,51.624769,0.008126,,,,,,,,,,,,,,Phasing,0,-663870.764451,0,663870.764451,0,,,,,,,,,,,,,,,,ResourceCritical,SafeMode,1,None,,,,,,1,0,0,0,0,,,,,,,,,,,,,,10000,0,0,0,0,0.620946,,,,,,,,,,,,,,,,,,,,,,,
125623.455272,PHASING,8,0,1,None,Holding,0,350964.906475,7705.76591,7409.016396,3.836648,0,0,2520687.512085,8700.73507,,,,,,,1,,,,,,,,,,,,,,,,0,0,0,,369.884554,350.371754,51.624769,0.008126,,,,,,,,,,,,,,Phasing,0,-663870.764451,0,663870.764451,0,,,,,,,,,,,,,,,,ResourceCritical,SafeMode,1,None,,,,,,1,0,0,0,0,,,,,,,,,,,,,,10000,0,0,0,0,0.627118,,,,,,,,,,,,,,,,,,,,,,,
125823.455272,PHASING,8,0,1,None,Holding,0,351964.284306,7704.621548,7409.455377,6.116187,0,0,1138806.739728,8700.73507,,,,,,,1,,,,,,,,,,,,,,,,0,0,0,,369.884554,350.371754,51.624769,0.008126,,,,,,,,,,,,,,Phasing,0,-663870.764451,0,663870.764451,0,,,,,,,,,,,,,,,,ResourceCritical,SafeMode,1,None,,,,,,1,0,0,0,0,,,,,,,,,,,,,,10000,0,0,0,0,0.644079,,,,,,,,,,,,,,,,,,,,,,,
126023.455272,PHASING,8,0,1,None,Holding,0,353389.454446,7702.990171,7408.524573,8.075126,0,0,419591.718165,8700.73507,,,,,,,1,,,,,,,,,,,,,,,,0,0,0,,369.884554,350.371754,51.624769,0.008126,,,,,,,,,,,,,,Phasing,0,-663870.764451,0,663870.764451,0,,,,,,,,,,,,,,,,ResourceCritical,SafeMode,1,None,,,,,,1,0,0,0,0,,,,,,,,,,,,,,10000,0,0,0,0,0.646076,,,,,,,,,,,,,,,,,,,,,,,
126223.455272,PHASING,8,0,1,None,Holding,0,355165.799238,7700.957529,7406.156076,9.61122,0,0,1729791.960261,8700.73507,,,,,,,1,,,,,,,,,,,,,,,,0,0,0,,369.884554,350.371754,51.624769,0.008126,,,,,,,,,,,,,,Phasing,0,-663870.764451,0,663870.764451,0,,,,,,,,,,,,,,,,ResourceCritical,SafeMode,1,None,,,,,,1,0,0,0,0,,,,,,,,,,,,,,10000,0,0,0,0,0.642022,,,,,,,,,,,,,,,,,,,,,,,
126423.455272,PHASING,8,0,1,None,Holding,0,357200.307299,7698.630239,7402.513556,10.644907,0,0,3121230.971128,8700.73507,,,,,,,1,,,,,,,,,,,,,,,,0,0,0,,369.884554,350.371754,51.624769,0.008126,,,,,,,,,,,,,,Phasing,0,-663870.764451,0,663870.764451,0,,,,,,,,,,,,,,,,ResourceCritical,SafeMode,1,None,,,,,,1,0,0,0,0,,,,,,,,,,,,,,10000,0,0,0,0,0.636146,,,,,,,,,,,,,,,,,,,,,,,
126623.455272,PHASING,8,0,1,None,Holding,0,359386.701527,7696.130069,7397.975322,11.123105,0,0,4518776.744012,8700.73507,,,,,,,1,,,,,,,,,,,,,,,,0,0,0,,369.884554,350.371754,51.624769,0.008126,,,,,,,,,,,,,,Phasing,0,-663870.764451,0,663870.764451,0,,,,,,,,,,,,,,,,ResourceCritical,SafeMode,1,None,,,,,,1,0,0,0,0,,,,,,,,,,,,,,10000,0,0,0,0,0.630412,,,,,,,,,,,,,,,,,,,,,,,
126823.455272,PHASING,8,0,1,None,Holding,0,361610.909353,7693.587471,7393.075918,11.021829,0,0,5917336.448896,8700.73507,,,,,,,1,,,,,,,,,,,,,,,,0,0,0,,369.884554,350.371754,51.624769,0.008126,,,,,,,,,,,,,,Phasing,0,-663870.764451,0,663870.764451,0,,,,,,,,,,,,,,,,ResourceCritical,SafeMode,1,None,,,,,,1,0,0,0,0,,,,,,,,,,,,,,10000,0,0,0,0,0.638375,,,,,,,,,,,,,,,,,,,,,,,
127023.455272,PHASING,8,0,1,None,Holding,0,363757.185961,7691.134724,7388.417119,10.34759,0,0,7315551.378131,8700.73507,,,,,,,1,,,,,,,,,,,,,,,,0,0,0,,369.884554,350.371754,51.624769,0.008126,,,,,,,,,,,,,,Phasing,0,-663870.764451,0,663870.764451,0,,,,,,,,,,,,,,,,ResourceCritical,SafeMode,1,None,,,,,,1,0,0,0,0,,,,,,,,,,,,,,10000,0,0,0,0,0.635709,,,,,,,,,,,,,,,,,,,,,,,
127223.455272,PHASING,8,0,1,None,Holding,0,365714.128472,7688.89907,7384.565396,9.13645,0,0,8712803.64299,8700.73507,,,,,,,1,,,,,,,,,,,,,,,,0,0,0,,369.884554,350.371754,51.624769,0.008126,,,,,,,,,,,,,,Phasing,0,-663870.764451,0,663870.764451,0,,,,,,,,,,,,,,,,ResourceCritical,SafeMode,1,None,,,,,,1,0,0,0,0,,,,,,,,,,,,,,10000,0,0,0,0,0.634911,,,,,,,,,,,,,,,,,,,,,,,
127423.455272,PHASING,8,0,1,None,Holding,0,367380.388263,7686.996175,7381.955781,7.451944,0,0,10108667.290337,8700.73507,,,,,,,1,,,,,,,,,,,,,,,,0,0,0,,369.884554,350.371754,51.624769,0.008126,,,,,,,,,,,,,,Phasing,0,-663870.764451,0,663870.764451,0,,,,,,,,,,,,,,,,ResourceCritical,SafeMode,1,None,,,,,,1,0,0,0,0,,,,,,,,,,,,,,10000,0,0,0,0,0.641568,,,,,,,,,,,,,,,,,,,,,,,
127623.455272,PHASING,8,0,1,None,Holding,0,368669.6849,7685.524254,7380.820922,5.382244,0,0,11502695.294258,8700.73507,,,,,,,1,,,,,,,,,,,,,,,,0,0,0,,369.884554,350.371754,51.624769,0.008126,,,,,,,,,,,,,,Phasing,0,-663870.764451,0,663870.764451,0,,,,,,,,,,,,,,,,ResourceCritical,SafeMode,1,None,,,,,,1,0,0,0,0,,,,,,,,,,,,,,10000,0,0,0,0,0.640013,,,,,,,,,,,,,,,,,,,,,,,
127823.455272,PHASING,8,0,1,None,Holding,0,369515.405972,7684.559131,7381.15911,3.034489,0,0,12894214.328746,8700.73507,,,,,,,1,,,,,,,,,,,,,,,,0,0,0,,369.884554,350.371754,51.624769,0.008126,,,,,,,,,,,,,,Phasing,0,-663870.764451,0,663870.764451,0,,,,,,,,,,,,,,,,ResourceCritical,SafeMode,1,None,,,,,,1,0,0,0,0,,,,,,,,,,,,,,10000,0,0,0,0,0.635968,,,,,,,,,,,,,,,,,,,,,,,
128023.455272,PHASING,8,0,1,None,Holding,0,369873.790021,7684.150454,7382.747059,0.530007,0,0,14281936.404234,8700.73507,,,,,,,1,,,,,,,,,,,,,,,,0,0,0,,369.884554,350.371754,51.624769,0.008126,,,,,,,,,,,,,,Phasing,0,-663870.764451,0,663870.764451,0,,,,,,,,,,,,,,,,ResourceCritical,SafeMode,1,None,,,,,,1,0,0,0,0,,,,,,,,,,,,,,10000,0,0,0,0,0.557009,,,,,,,,,,,,,,,,,,,,,,,
128223.455272,PHASING,8,0,1,None,Holding,0,369726.297096,7684.319228,7385.194042,-2.001912,0,0,15662902.508274,8700.73507,,,,,,,1,,,,,,,,,,,,,,,,0,0,0,,369.884554,350.371754,51.624769,0.008126,,,,,,,,,,,,,,Phasing,0,-663870.764451,0,663870.764451,0,,,,,,,,,,,,,,,,ResourceCritical,SafeMode,1,None,,,,,,1,0,0,0,0,,,,,,,,,,,,,,10000,0,0,0,0,0.504504,,,,,,,,,,,,,,,,,,,,,,,
128423.455272,PHASING,8,0,1,None,Holding,0,369080.473217,7685.05678,7388.025615,-4.430481,0,0,17028603.614149,8700.73507,,,,,,,1,,,,,,,,,,,,,,,,0,0,0,,369.884554,350.371754,51.624769,0.008126,,,,,,,,,,,,,,Phasing,0,-663870.764451,0,663870.764451,0,,,,,,,,,,,,,,,,ResourceCritical,SafeMode,1,None,,,,,,1,0,0,0,0,,,,,,,,,,,,,,10000,0,0,0,0,0.472564,,,,,,,,,,,,,,,,,,,,,,,
128623.455272,PHASING,8,0,1,None,Holding,0,367969.7453,7686.325185,7390.779437,-6.63026,0,0,18342621.289779,8700.73507,,,,,,,1,,,,,,,,,,,,,,,,0,0,0,,369.884554,350.371754,51.624769,0.008126,,,,,,,,,,,,,,Phasing,0,-663870.764451,0,663870.764451,0,,,,,,,,,,,,,,,,ResourceCritical,SafeMode,1,None,,,,,,1,0,0,0,0,,,,,,,,,,,,,,10000,0,0,0,0,0.453372,,,,,,,,,,,,,,,,,,,,,,,
128823.455272,PHASING,8,0,1,None,Holding,0,366451.480519,7688.059146,7393.093652,-8.487258,0,0,19259186.691806,8700.73507,,,,,,,1,,,,,,,,,,,,,,,,0,0,0,,369.884554,350.371754,51.624769,0.008126,,,,,,,,,,,,,,Phasing,0,-663870.764451,0,663870.764451,0,,,,,,,,,,,,,,,,ResourceCritical,SafeMode,1,None,,,,,,1,0,0,0,0,,,,,,,,,,,,,,10000,0,0,0,0,0.435075,,,,,,,,,,,,,,,,,,,,,,,
129023.455272,PHASING,8,0,1,None,Holding,0,364604.33796,7690.169243,7394.770293,-9.904851,0,0,18519384.69486,8700.73507,,,,,,,1,,,,,,,,,,,,,,,,0,0,0,,369.884554,350.371754,51.624769,0.008126,,,,,,,,,,,,,,Phasing,0,-663870.764451,0,663870.764451,0,,,,,,,,,,,,,,,,ResourceCritical,SafeMode,1,None,,,,,,1,0,0,0,0,,,,,,,,,,,,,,10000,0,0,0,0,0.426714,,,,,,,,,,,,,,,,,,,,,,,
129223.455272,PHASING,8,0,1,None,Holding,0,362523.996451,7692.54642,7395.801485,-10.808902,0,0,17224300.140748,8700.73507,,,,,,,1,,,,,,,,,,,,,,,,0,0,0,,369.884554,350.371754,51.624769,0.008126,,,,,,,,,,,,,,Phasing,0,-663870.764451,0,663870.764451,0,,,,,,,,,,,,,,,,ResourceCritical,SafeMode,1,None,,,,,,1,0,0,0,0,,,,,,,,,,,,,,10000,0,0,0,0,0.412558,,,,,,,,,,,,,,,,,,,,,,,
129423.455272,PHASING,8,0,1,None,Holding,0,360318.391824,7695.067499,7396.353888,-11.151422,0,0,15865770.040214,8700.73507,,,,,,,1,,,,,,,,,,,,,,,,0,0,0,,369.884554,350.371754,51.624769,0.008126,,,,,,,,,,,,,,Phasing,0,-663870.764451,0,663870.764451,0,,,,,,,,,,,,,,,,ResourceCritical,SafeMode,1,None,,,,,,1,0,0,0,0,,,,,,,,,,,,,,10000,0,0,0,0,0.401951,,,,,,,,,,,,,,,,,,,,,,,
129623.455272,PHASING,8,0,1,None,Holding,0,358102.206422,7697.601478,7396.715252,-10.91365,0,0,14491614.647716,8700.73507,,,,,,,1,,,,,,,,,,,,,,,,0,0,0,,369.884554,350.371754,51.624769,0.008126,,,,,,,,,,,,,,Phasing,0,-663870.764451,0,663870.764451,0,,,,,,,,,,,,,,,,ResourceCritical,SafeMode,1,None,,,,,,1,0,0,0,0,,,,,,,,,,,,,,10000,0,0,0,0,0.381303,,,,,,,,,,,,,,,,,,,,,,,
129823.455272,PHASING,8,0,1,None,Holding,0,355990.756709,7700.0163,7397.214755,-10.106789,0,0,13112673.87618,8700.73507,,,,,,,1,,,,,,,,,,,,,,,,0,0,0,,369.884554,350.371754,51.624769,0.008126,,,,,,,,,,,,,,Phasing,0,-663870.764451,0,663870.764451,0,,,,,,,,,,,,,,,,ResourceCritical,SafeMode,1,None,,,,,,1,0,0,0,0,,,,,,,,,,,,,,10000,0,0,0,0,0.383869,,,,,,,,,,,,,,,,,,,,,,,
130023.455272,PHASING,8,0,1,None,Holding,0,354094.285586,7702.18576,7398.134313,-8.772079,0,0,11733311.400048,8700.73507,,,,,,,1,,,,,,,,,,,,,,,,0,0,0,,369.884554,350.371754,51.624769,0.008126,,,,,,,,,,,,,,Phasing,0,-663870.764451,0,663870.764451,0,,,,,,,,,,,,,,,,ResourceCritical,SafeMode,1,None,,,,,,1,0,0,0,0,,,,,,,,,,,,,,10000,0,0,0,0,0.400519,,,,,,,,,,,,,,,,,,,,,,,
130223.455272,PHASING,8,0,1,None,Holding,0,352511.956747,7703.996178,7399.630203,-6.978316,0,0,10356367.187226,8700.73507,,,,,,,1,,,,,,,,,,,,,,,,0,0,0,,369.884554,350.371754,51.624769,0.008126,,,,,,,,,,,,,,Phasing,0,-663870.764451,0,663870.764451,0,,,,,,,,,,,,,,,,ResourceCritical,SafeMode,1,None,,,,,,1,0,0,0,0,,,,,,,,,,,,,,10000,0,0,0,0,0.495346,,,,,,,,,,,,,,,,,,,,,,,
130223.455272,PHASING,8,0,1,None,Holding,0,351326.698919,7705.352472,7401.682462,-4.818736,0,0,8984670.455451,8700.73507,,,,,,,1,,,,,,,,,,,,,,,,0,0,0,,369.884554,350.371754,51.624769,0.008126,,,,,,,,,,,,,,Phasing,0,-663870.764451,0,663870.764451,0,,,,,,,,,,,,,,,,ResourceCritical,SafeMode,1,None,,,,,,1,0,0,0,0,,,,,,,,,,,,,,10000,0,0,0,0,0.546767,,,,,,,,,,,,,,,,,,,,,,,
130623.455272,PHASING,8,0,1,None,Holding,0,350600.68268,7706.183278,7404.083742,-2.406549,0,0,7622041.607389,8700.73507,,,,,,,1,,,,,,,,,,,,,,,,0,0,0,,369.884554,350.371754,51.624769,0.008126,,,,,,,,,,,,,,Phasing,0,-663870.764451,0,663870.764451,0,,,,,,,,,,,,,,,,ResourceCritical,SafeMode,1,None,,,,,,1,0,0,0,0,,,,,,,,,,,,,,10000,0,0,0,0,0.58459,,,,,,,,,,,,,,,,,,,,,,,
130623.455272,PHASING,8,0,1,None,Holding,0,350372.081272,7706.44483,7406.470873,0.13213,0,0,6274793.397185,8700.73507,,,,,,,1,,,,,,,,,,,,,,,,0,0,0,,369.884554,350.371754,51.624769,0.008126,,,,,,,,,,,,,,Phasing,0,-663870.764451,0,663870.764451,0,,,,,,,,,,,,,,,,ResourceCritical,SafeMode,1,None,,,,,,1,0,0,0,0,,,,,,,,,,,,,,10000,0,0,0,0,0.603956,,,,,,,,,,,,,,,,,,,,,,,
131023.455272,PHASING,8,0,1,None,Holding,0,350652.73186,7706.12334,7408.393113,2.663746,0,0,4955225.579368,8700.73507,,,,,,,1,,,,,,,,,,,,,,,,0,0,0,,369.884554,350.371754,51.624769,0.008126,,,,,,,,,,,,,,Phasing,0,-663870.764451,0,663870.764451,0,,,,,,,,,,,,,,,,ResourceCritical,SafeMode,1,None,,,,,,1,0,0,0,0,,,,,,,,,,,,,,10000,0,0,0,0,0.624863,,,,,,,,,,,,,,,,,,,,,,,
131223.455272,PHASING,8,0,1,None,Holding,0,351427.943281,7705.235754,7409.403114,5.055617,0,0,3691873.258829,8700.73507,,,,,,,1,,,,,,,,,,,,,,,,0,0,0,,369.884554,350.371754,51.624769,0.008126,,,,,,,,,,,,,,Phasing,0,-663870.764451,0,663870.764451,0,,,,,,,,,,,,,,,,ResourceCritical,SafeMode,1,None,,,,,,1,0,0,0,0,,,,,,,,,,,,,,10000,0,0,0,0,0.643153,,,,,,,,,,,,,,,,,,,,,,,
131423.455272,PHASING,8,0,1,None,Holding,0,352656.959194,7703.828827,7409.151733,7.182266,0,0,2566012.661093,8700.73507,,,,,,,1,,,,,,,,,,,,,,,,0,0,0,,369.884554,350.371754,51.624769,0.008126,,,,,,,,,,,,,,Phasing,0,-663870.764451,0,663870.764451,0,,,,,,,,,,,,,,,,ResourceCritical,SafeMode,1,None,,,,,,1,0,0,0,0,,,,,,,,,,,,,,10000,0,0,0,0,0.64464,,,,,,,,,,,,,,,,,,,,,,,
131623.455272,PHASING,8,0,1,None,Holding,0,354275.384258,7701.976573,7407.467012,8.932569,0,0,1842775.26685,8700.73507,,,,,,,1,,,,,,,,,,,,,,,,0,0,0,,369.884554,350.371754,51.624769,0.008126,,,,,,,,,,,,,,Phasing,0,-663870.764451,0,663870.764451,0,,,,,,,,,,,,,,,,ResourceCritical,SafeMode,1,None,,,,,,1,0,0,0,0,,,,,,,,,,,,,,10000,0,0,0,0,0.65757,,,,,,,,,,,,,,,,,,,,,,,
131823.455272,PHASING,8,0,1,None,Holding,0,356198.470289,7699.77625,7404.400864,10.215527,0,0,2008906.153026,8700.73507,,,,,,,1,,,,,,,,,,,,,,,,0,0,0,,369.884554,350.371754,51.624769,0.008126,,,,,,,,,,,,,,Phasing,0,-663870.764451,0,663870.764451,0,,,,,,,,,,,,,,,,ResourceCritical,SafeMode,1,None,,,,,,1,0,0,0,0,,,,,,,,,,,,,,10000,0,0,0,0,0.658185,,,,,,,,,,,,,,,,,,,,,,,
132023.455272,PHASING,8,0,1,None,Holding,0,358325.752961,7697.343127,7400.233514,10.96493,0,0,2910091.764373,8700.73507,,,,,,,1,,,,,,,,,,,,,,,,0,0,0,,369.884554,350.371754,51.624769,0.008126,,,,,,,,,,,,,,Phasing,0,-663870.764451,0,663870.764451,0,,,,,,,,,,,,,,,,ResourceCritical,SafeMode,1,None,,,,,,1,0,0,0,0,,,,,,,,,,,,,,10000,0,0,0,0,0.644548,,,,,,,,,,,,,,,,,,,,,,,
132223.455272,PHASING,8,0,1,None,Holding,0,360546.302167,7694.804329,7395.434107,11.14273,0,0,4080582.412549,8700.73507,,,,,,,1,,,,,,,,,,,,,,,,0,0,0,,369.884554,350.371754,51.624769,0.008126,,,,,,,,,,,,,,Phasing,0,-663870.764451,0,663870.764451,0,,,,,,,,,,,,,,,,ResourceCritical,SafeMode,1,None,,,,,,1,0,0,0,0,,,,,,,,,,,,,,10000,0,0,0,0,0.63782,,,,,,,,,,,,,,,,,,,,,,,
132423.455272,PHASING,8,0,1,None,Holding,0,362744.375396,7692.292122,7390.584574,10.740805,0,0,5341340.479446,8700.73507,,,,,,,1,,,,,,,,,,,,,,,,0,0,0,,369.884554,350.371754,51.624769,0.008126,,,,,,,,,,,,,,Phasing,0,-663870.764451,0,663870.764451,0,,,,,,,,,,,,,,,,ResourceCritical,SafeMode,1,None,,,,,,1,0,0,0,0,,,,,,,,,,,,,,10000,0,0,0,0,0.631947,,,,,,,,,,,,,,,,,,,,,,,
132623.455272,PHASING,8,0,1,None,Holding,0,364805.794773,7689.937011,7386.28119,9.781132,0,0,6636140.683383,8700.73507,,,,,,,1,,,,,,,,,,,,,,,,0,0,0,,369.884554,350.371754,51.624769,0.008126,,,,,,,,,,,,,,Phasing,0,-663870.764451,0,663870.764451,0,,,,,,,,,,,,,,,,ResourceCritical,SafeMode,1,None,,,,,,1,0,0,0,0,,,,,,,,,,,,,,10000,0,0,0,0,0.63374,,,,,,,,,,,,,,,,,,,,,,,
132823.455272,PHASING,8,0,1,None,Holding,0,366623.412374,7687.860996,7383.032856,8.314341,0,0,7942969.787521,8700.73507,,,,,,,1,,,,,,,,,,,,,,,,0,0,0,,369.884554,350.371754,51.624769,0.008126,,,,,,,,,,,,,,Phasing,0,-663870.764451,0,663870.764451,0,,,,,,,,,,,,,,,,ResourceCritical,SafeMode,1,None,,,,,,1,0,0,0,0,,,,,,,,,,,,,,10000,0,0,0,0,0.637928,,,,,,,,,,,,,,,,,,,,,,,
133023.455272,PHASING,8,0,1,None,Holding,0,368103.126547,7686.171345,7381.175953,6.417137,0,0,9250494.510823,8700.73507,,,,,,,1,,,,,,,,,,,,,,,,0,0,0,,369.884554,350.371754,51.624769,0.008126,,,,,,,,,,,,,,Phasing,0,-663870.764451,0,663870.764451,0,,,,,,,,,,,,,,,,ResourceCritical,SafeMode,1,None,,,,,,1,0,0,0,0,,,,,,,,,,,,,,10000,0,0,0,0,0.638062,,,,,,,,,,,,,,,,,,,,,,,
133223.455272,PHASING,8,0,1,None,Holding,0,369168.403765,7684.955173,7380.822407,4.188314,0,0,10550651.03731,8700.73507,,,,,,,1,,,,,,,,,,,,,,,,0,0,0,,369.884554,350.371754,51.624769,0.008126,,,,,,,,,,,,,,Phasing,0,-663870.764451,0,663870.764451,0,,,,,,,,,,,,,,,,ResourceCritical,SafeMode,1,None,,,,,,1,0,0,0,0,,,,,,,,,,,,,,10000,0,0,0,0,0.642627,,,,,,,,,,,,,,,,,,,,,,,
133423.455272,PHASING,8,0,1,None,Holding,0,369764.241526,7684.275082,7381.850851,1.743091,0,0,11835246.745305,8700.73507,,,,,,,1,,,,,,,,,,,,,,,,0,0,0,,369.884554,350.371754,51.624769,0.008126,,,,,,,,,,,,,,Phasing,0,-663870.764451,0,663870.764451,0,,,,,,,,,,,,,,,,ResourceCritical,SafeMode,1,None,,,,,,1,0,0,0,0,,,,,,,,,,,,,,10000,0,0,0,0,0.639236,,,,,,,,,,,,,,,,,,,,,,,
133623.455272,PHASING,8,0,1,None,Holding,0,369859.955042,7684.166037,7383.941911,-0.791985,0,0,13093050.294058,8700.73507,,,,,,,1,,,,,,,,,,,,,,,,0,0,0,,369.884554,350.371754,51.624769,0.008126,,,,,,,,,,,,,,Phasing,0,-663870.764451,0,663870.764451,0,,,,,,,,,,,,,,,,ResourceCritical,SafeMode,1,None,,,,,,1,0,0,0,0,,,,,,,,,,,,,,10000,0,0,0,0,0.544878,,,,,,,,,,,,,,,,,,,,,,,
133823.455272,PHASING,8,0,1,None,Holding,0,369450.645453,7684.633642,7386.649645,-3.286223,0,0,14305199.694877,8700.73507,,,,,,,1,,,,,,,,,,,,,,,,0,0,0,,369.884554,350.371754,51.624769,0.008126,,,,,,,,,,,,,,Phasing,0,-663870.764451,0,663870.764451,0,,,,,,,,,,,,,,,,ResourceCritical,SafeMode,1,None,,,,,,1,0,0,0,0,,,,,,,,,,,,,,10000,0,0,0,0,0.499228,,,,,,,,,,,,,,,,,,,,,,,
134023.455272,PHASING,8,0,1,None,Holding,0,368557.396288,7685.653863,7389.493966,-5.610739,0,0,15435385.612317,8700.73507,,,,,,,1,,,,,,,,,,,,,,,,0,0,0,,369.884554,350.371754,51.624769,0.008126,,,,,,,,,,,,,,Phasing,0,-663870.764451,0,663870.764451,0,,,,,,,,,,,,,,,,ResourceCritical,SafeMode,1,None,,,,,,1,0,0,0,0,,,,,,,,,,,,,,10000,0,0,0,0,0.470398,,,,,,,,,,,,,,,,,,,,,,,
134223.455272,PHASING,8,0,1,None,Holding,0,367226.255375,7687.17421,7392.05499,-7.645401,0,0,16407171.498773,8700.73507,,,,,,,1,,,,,,,,,,,,,,,,0,0,0,,369.884554,350.371754,51.624769,0.008126,,,,,,,,,,,,,,Phasing,0,-663870.764451,0,663870.764451,0,,,,,,,,,,,,,,,,ResourceCritical,SafeMode,1,None,,,,,,1,0,0,0,0,,,,,,,,,,,,,,10000,0,0,0,0,0.446886,,,,,,,,,,,,,,,,,,,,,,,
134423.455272,PHASING,8,0,1,None,Holding,0,365526.048774,7689.116352,7394.050353,-9.284559,0,0,17062912.664528,8700.73507,,,,,,,1,,,,,,,,,,,,,,,,0,0,0,,369.884554,350.371754,51.624769,0.008126,,,,,,,,,,,,,,Phasing,0,-663870.764451,0,663870.764451,0,,,,,,,,,,,,,,,,ResourceCritical,SafeMode,1,None,,,,,,1,0,0,0,0,,,,,,,,,,,,,,10000,0,0,0,0,0.432933,,,,,,,,,,,,,,,,,,,,,,,
134623.455272,PHASING,8,0,1,None,Holding,0,363544.74152,7691.380023,7395.380334,-10.442802,0,0,17178995.978248,8700.73507,,,,,,,1,,,,,,,,,,,,,,,,0,0,0,,369.884554,350.371754,51.624769,0.008126,,,,,,,,,,,,,,Phasing,0,-663870.764451,0,663870.764451,0,,,,,,,,,,,,,,,,ResourceCritical,SafeMode,1,None,,,,,,1,0,0,0,0,,,,,,,,,,,,,,10000,0,0,0,0,0.405799,,,,,,,,,,,,,,,,,,,,,,,
134823.455272,PHASING,8,0,1,None,Holding,0,361385.105044,7693.848078,7396.132377,-11.05908,0,0,16703350.061503,8700.73507,,,,,,,1,,,,,,,,,,,,,,,,0,0,0,,369.884554,350.371754,51.624769,0.008126,,,,,,,,,,,,,,Phasing,0,-663870.764451,0,663870.764451,0,,,,,,,,,,,,,,,,ResourceCritical,SafeMode,1,None,,,,,,1,0,0,0,0,,,,,,,,,,,,,,10000,0,0,0,0,0.389269,,,,,,,,,,,,,,,,,,,,,,,
135023.455272,PHASING,8,0,1,None,Holding,0,359159.366572,7696.392445,7396.54481,-11.100375,0,0,15838581.314724,8700.73507,,,,,,,1,,,,,,,,,,,,,,,,0,0,0,,369.884554,350.371754,51.624769,0.008126,,,,,,,,,,,,,,Phasing,0,-663870.764451,0,663870.764451,0,,,,,,,,,,,,,,,,ResourceCritical,SafeMode,1,None,,,,,,1,0,0,0,0,,,,,,,,,,,,,,10000,0,0,0,0,0.38701,,,,,,,,,,,,,,,,,,,,,,,
135223.455272,PHASING,8,0,1,None,Holding,0,356983.48251,7698.88071,7396.937894,-10.563311,0,0,14779574.669559,8700.73507,,,,,,,1,,,,,,,,,,,,,,,,0,0,0,,369.884554,350.371754,51.624769,0.008126,,,,,,,,,,,,,,Phasing,0,-663870.764451,0,663870.764451,0,,,,,,,,,,,,,,,,ResourceCritical,SafeMode,1,None,,,,,,1,0,0,0,0,,,,,,,,,,,,,,10000,0,0,0,0,0.395907,,,,,,,,,,,,,,,,,,,,,,,
135423.455272,PHASING,8,0,1,None,Holding,0,354970.778053,7701.183006,7397.627087,-9.474785,0,0,13628437.253452,8700.73507,,,,,,,1,,,,,,,,,,,,,,,,0,0,0,,369.884554,350.371754,51.624769,0.008126,,,,,,,,,,,,,,Phasing,0,-663870.764451,0,663870.764451,0,,,,,,,,,,,,,,,,ResourceCritical,SafeMode,1,None,,,,,,1,0,0,0,0,,,,,,,,,,,,,,10000,0,0,0,0,0.399207,,,,,,,,,,,,,,,,,,,,,,,
135623.455272,PHASING,8,0,1,None,Holding,0,353226.49025,7703.17884,7398.837332,-7.89088,0,0,12434264.250544,8700.73507,,,,,,,1,,,,,,,,,,,,,,,,0,0,0,,369.884554,350.371754,51.624769,0.008126,,,,,,,,,,,,,,Phasing,0,-663870.764451,0,663870.764451,0,,,,,,,,,,,,,,,,ResourceCritical,SafeMode,1,None,,,,,,1,0,0,0,0,,,,,,,,,,,,,,10000,0,0,0,0,0.412829,,,,,,,,,,,,,,,,,,,,,,,
135823.455272,PHASING,8,0,1,None,Holding,0,351841.768085,7704.7635,7400.63723,-5.893745,0,0,11223357.630385,8700.73507,,,,,,,1,,,,,,,,,,,,,,,,0,0,0,,369.884554,350.371754,51.624769,0.008126,,,,,,,,,,,,,,Phasing,0,-663870.764451,0,663870.764451,0,,,,,,,,,,,,,,,,ResourceCritical,SafeMode,1,None,,,,,,1,0,0,0,0,,,,,,,,,,,,,,10000,0,0,0,0,0.50561,,,,,,,,,,,,,,,,,,,,,,,
135823.455272,PHASING,8,0,1,None,Holding,0,350889.124623,7705.853676,7402.907998,-3.587777,0,0,10012925.02949,8700.73507,,,,,,,1,,,,,,,,,,,,,,,,0,0,0,,369.884554,350.371754,51.624769,0.008126,,,,,,,,,,,,,,Phasing,0,-663870.764451,0,663870.764451,0,,,,,,,,,,,,,,,,ResourceCritical,SafeMode,1,None,,,,,,1,0,0,0,0,,,,,,,,,,,,,,10000,0,0,0,0,0.565834,,,,,,,,,,,,,,,,,,,,,,,
136223.455272,PHASING,8,0,1,None,Holding,0,350418.594245,7706.391966,7405.354727,-1.09342,0,0,8817627.157815,8700.73507,,,,,,,1,,,,,,,,,,,,,,,,0,0,0,,369.884554,350.371754,51.624769,0.008126,,,,,,,,,,,,,,Phasing,0,-663870.764451,0,663870.764451,0,,,,,,,,,,,,,,,,ResourceCritical,SafeMode,1,None,,,,,,1,0,0,0,0,,,,,,,,,,,,,,10000,0,0,0,0,0.588033,,,,,,,,,,,,,,,,,,,,,,,
136223.455272,PHASING,8,0,1,None,Holding,0,350454.866794,7706.350001,7407.558335,1.458281,0,0,7653877.480453,8700.73507,,,,,,,1,,,,,,,,,,,,,,,,0,0,0,,369.884554,350.371754,51.624769,0.008126,,,,,,,,,,,,,,Phasing,0,-663870.764451,0,663870.764451,0,,,,,,,,,,,,,,,,ResourceCritical,SafeMode,1,None,,,,,,1,0,0,0,0,,,,,,,,,,,,,,10000,0,0,0,0,0.615229,,,,,,,,,,,,,,,,,,,,,,,
136623.455272,PHASING,8,0,1,None,Holding,0,350996.077874,7705.729993,7409.057779,3.933446,0,0,6544428.081143,8700.73507,,,,,,,1,,,,,,,,,,,,,,,,0,0,0,,369.884554,350.371754,51.624769,0.008126,,,,,,,,,,,,,,Phasing,0,-663870.764451,0,663870.764451,0,,,,,,,,,,,,,,,,ResourceCritical,SafeMode,1,None,,,,,,1,0,0,0,0,,,,,,,,,,,,,,10000,0,0,0,0,0.62647,,,,,,,,,,,,,,,,,,,,,,,
136823.455272,PHASING,8,0,1,None,Holding,0,352013.888716,7704.564615,7409.445525,6.202323,0,0,5525311.429785,8700.73507,,,,,,,1,,,,,,,,,,,,,,,,0,0,0,,369.884554,350.371754,51.624769,0.008126,,,,,,,,,,,,,,Phasing,0,-663870.764451,0,663870.764451,0,,,,,,,,,,,,,,,,ResourceCritical,SafeMode,1,None,,,,,,1,0,0,0,0,,,,,,,,,,,,,,10000,0,0,0,0,0.634063,,,,,,,,,,,,,,,,,,,,,,,
137023.455272,PHASING,8,0,1,None,Holding,0,353454.961538,7702.915217,7408.456462,8.146109,0,0,4656927.844615,8700.73507,,,,,,,1,,,,,,,,,,,,,,,,0,0,0,,369.884554,350.371754,51.624769,0.008126,,,,,,,,,,,,,,Phasing,0,-663870.764451,0,663870.764451,0,,,,,,,,,,,,,,,,ResourceCritical,SafeMode,1,None,,,,,,1,0,0,0,0,,,,,,,,,,,,,,10000,0,0,0,0,0.643308,,,,,,,,,,,,,,,,,,,,,,,
137223.455272,PHASING,8,0,1,None,Holding,0,355243.687032,7700.86849,7406.031794,9.663311,0,0,4035822.414495,8700.73507,,,,,,,1,,,,,,,,,,,,,,,,0,0,0,,369.884554,350.371754,51.624769,0.008126,,,,,,,,,,,,,,Phasing,0,-663870.764451,0,663870.764451,0,,,,,,,,,,,,,,,,ResourceCritical,SafeMode,1,None,,,,,,1,0,0,0,0,,,,,,,,,,,,,,10000,0,0,0,0,0.637647,,,,,,,,,,,,,,,,,,,,,,,
137423.455272,PHASING,8,0,1,None,Holding,0,357286.410482,7698.53178,7402.344486,10.675243,0,0,3781264.099125,8700.73507,,,,,,,1,,,,,,,,,,,,,,,,0,0,0,,369.884554,350.371754,51.624769,0.008126,,,,,,,,,,,,,,Phasing,0,-663870.764451,0,663870.764451,0,,,,,,,,,,,,,,,,ResourceCritical,SafeMode,1,None,,,,,,1,0,0,0,0,,,,,,,,,,,,,,10000,0,0,0,0,0.644593,,,,,,,,,,,,,,,,,,,,,,,
137623.455272,PHASING,8,0,1,None,Holding,0,359476.540803,7696.027335,7397.780537,11.130264,0,0,3958104.670421,8700.73507,,,,,,,1,,,,,,,,,,,,,,,,0,0,0,,369.884554,350.371754,51.624769,0.008126,,,,,,,,,,,,,,Phasing,0,-663870.764451,0,663870.764451,0,,,,,,,,,,,,,,,,ResourceCritical,SafeMode,1,None,,,,,,1,0,0,0,0,,,,,,,,,,,,,,10000,0,0,0,0,0.641331,,,,,,,,,,,,,,,,,,,,,,,
137823.455272,PHASING,8,0,1,None,Holding,0,361699.775299,7693.485813,7392.879085,11.005419,0,0,4508425.005229,8700.73507,,,,,,,1,,,,,,,,,,,,,,,,0,0,0,,369.884554,350.371754,51.624769,0.008126,,,,,,,,,,,,,,Phasing,0,-663870.764451,0,663870.764451,0,,,,,,,,,,,,,,,,ResourceCritical,SafeMode,1,None,,,,,,1,0,0,0,0,,,,,,,,,,,,,,10000,0,0,0,0,0.634135,,,,,,,,,,,,,,,,,,,,,,,
138023.455272,PHASING,8,0,1,None,Holding,0,363840.541134,7691.039424,7388.242487,10.308604,0,0,5309306.56593,8700.73507,,,,,,,1,,,,,,,,,,,,,,,,0,0,0,,369.884554,350.371754,51.624769,0.008126,,,,,,,,,,,,,,Phasing,0,-663870.764451,0,663870.764451,0,,,,,,,,,,,,,,,,ResourceCritical,SafeMode,1,None,,,,,,1,0,0,0,0,,,,,,,,,,,,,,10000,0,0,0,0,0.635656,,,,,,,,,,,,,,,,,,,,,,,
138223.455272,PHASING,8,0,1,None,Holding,0,365787.735102,7688.815065,7384.433661,9.076944,0,0,6256550.821978,8700.73507,,,,,,,1,,,,,,,,,,,,,,,,0,0,0,,369.884554,350.371754,51.624769,0.008126,,,,,,,,,,,,,,Phasing,0,-663870.764451,0,663870.764451,0,,,,,,,,,,,,,,,,ResourceCritical,SafeMode,1,None,,,,,,1,0,0,0,0,,,,,,,,,,,,,,10000,0,0,0,0,0.635793,,,,,,,,,,,,,,,,,,,,,,,
138423.455272,PHASING,8,0,1,None,Holding,0,367440.414547,7686.927804,7381.880614,7.375239,0,0,7283632.864528,8700.73507,,,,,,,1,,,,,,,,,,,,,,,,0,0,0,,369.884554,350.371754,51.624769,0.008126,,,,,,,,,,,,,,Phasing,0,-663870.764451,0,663870.764451,0,,,,,,,,,,,,,,,,ResourceCritical,SafeMode,1,None,,,,,,1,0,0,0,0,,,,,,,,,,,,,,10000,0,0,0,0,0.634185,,,,,,,,,,,,,,,,,,,,,,,
138623.455272,PHASING,8,0,1,None,Holding,0,368713.028033,7685.475042,7380.806857,5.292042,0,0,8350120.760995,8700.73507,,,,,,,1,,,,,,,,,,,,,,,,0,0,0,,369.884554,350.371754,51.624769,0.008126,,,,,,,,,,,,,,Phasing,0,-663870.764451,0,663870.764451,0,,,,,,,,,,,,,,,,ResourceCritical,SafeMode,1,None,,,,,,1,0,0,0,0,,,,,,,,,,,,,,10000,0,0,0,0,0.640406,,,,,,,,,,,,,,,,,,,,,,,
138823.455272,PHASING,8,0,1,None,Holding,0,369539.730084,7684.531611,7381.201186,2.935473,0,0,9429538.846834,8700.73507,,,,,,,1,,,,,,,,,,,,,,,,0,0,0,,369.884554,350.371754,51.624769,0.008126,,,,,,,,,,,,,,Phasing,0,-663870.764451,0,663870.764451,0,,,,,,,,,,,,,,,,ResourceCritical,SafeMode,1,None,,,,,,1,0,0,0,0,,,,,,,,,,,,,,10000,0,0,0,0,0.629982,,,,,,,,,,,,,,,,,,,,,,,
139023.455272,PHASING,8,0,1,None,Holding,0,369877.768036,7684.146041,7382.832258,0.427364,0,0,10501588.203648,8700.73507,,,,,,,1,,,,,,,,,,,,,,,,0,0,0,,369.884554,350.371754,51.624769,0.008126,,,,,,,,,,,,,,Phasing,0,-663870.764451,0,663870.764451,0,,,,,,,,,,,,,,,,ResourceCritical,SafeMode,1,None,,,,,,1,0,0,0,0,,,,,,,,,,,,,,10000,0,0,0,0,0.548875,,,,,,,,,,,,,,,,,,,,,,,
139223.455272,PHASING,8,0,1,None,Holding,0,369709.72088,7684.33815,7385.304198,-2.102846,0,0,11547093.716567,8700.73507,,,,,,,1,,,,,,,,,,,,,,,,0,0,0,,369.884554,350.371754,51.624769,0.008126,,,,,,,,,,,,,,Phasing,0,-663870.764451,0,663870.764451,0,,,,,,,,,,,,,,,,ResourceCritical,SafeMode,1,None,,,,,,1,0,0,0,0,,,,,,,,,,,,,,10000,0,0,0,0,0.502436,,,,,,,,,,,,,,,,,,,,,,,
139423.455272,PHASING,8,0,1,None,Holding,0,369044.216724,7685.098063,7388.141182,-4.524568,0,0,12543890.328736,8700.73507,,,,,,,1,,,,,,,,,,,,,,,,0,0,0,,369.884554,350.371754,51.624769,0.008126,,,,,,,,,,,,,,Phasing,0,-663870.764451,0,663870.764451,0,,,,,,,,,,,,,,,,ResourceCritical,SafeMode,1,None,,,,,,1,0,0,0,0,,,,,,,,,,,,,,10000,0,0,0,0,0.461612,,,,,,,,,,,,,,,,,,,,,,,
139623.455272,PHASING,8,0,1,None,Holding,0,367915.713978,7686.386706,7390.883328,-6.712545,0,0,13462449.601907,8700.73507,,,,,,,1,,,,,,,,,,,,,,,,0,0,0,,369.884554,350.371754,51.624769,0.008126,,,,,,,,,,,,,,Phasing,0,-663870.764451,0,663870.764451,0,,,,,,,,,,,,,,,,ResourceCritical,SafeMode,1,None,,,,,,1,0,0,0,0,,,,,,,,,,,,,,10000,0,0,0,0,0.448994,,,,,,,,,,,,,,,,,,,,,,,
139823.455272,PHASING,8,0,1,None,Holding,0,366382.587052,7688.137734,7393.174388,-8.553475,0,0,14260850.192799,8700.73507,,,,,,,1,,,,,,,,,,,,,,,,0,0,0,,369.884554,350.371754,51.624769,0.008126,,,,,,,,,,,,,,Phasing,0,-663870.764451,0,663870.764451,0,,,,,,,,,,,,,,,,ResourceCritical,SafeMode,1,None,,,,,,1,0,0,0,0,,,,,,,,,,,,,,10000,0,0,0,0,0.43583,,,,,,,,,,,,,,,,,,,,,,,
140023.455272,PHASING,8,0,1,None,Holding,0,364524.127102,7690.260842,7394.82384,-9.951621,0,0,14880982.488759,8700.73507,,,,,,,1,,,,,,,,,,,,,,,,0,0,0,,369.884554,350.371754,51.624769,0.008126,,,,,,,,,,,,,,Phasing,0,-663870.764451,0,663870.764451,0,,,,,,,,,,,,,,,,ResourceCritical,SafeMode,1,None,,,,,,1,0,0,0,0,,,,,,,,,,,,,,10000,0,0,0,0,0.426434,,,,,,,,,,,,,,,,,,,,,,,
140223.455272,PHASING,8,0,1,None,Holding,0,362436.656896,7692.64629,7395.831437,-10.833643,0,0,15253408.222166,8700.73507,,,,,,,1,,,,,,,,,,,,,,,,0,0,0,,369.884554,350.371754,51.624769,0.008126,,,,,,,,,,,,,,Phasing,0,-663870.764451,0,663870.764451,0,,,,,,,,,,,,,,,,ResourceCritical,SafeMode,1,None,,,,,,1,0,0,0,0,,,,,,,,,,,,,,10000,0,0,0,0,0.417661,,,,,,,,,,,,,,,,,,,,,,,
140423.455272,PHASING,8,0,1,None,Holding,0,360228.365654,7695.170458,7396.369986,-11.152987,0,0,15321806.453487,8700.73507,,,,,,,1,,,,,,,,,,,,,,,,0,0,0,,369.884554,350.371754,51.624769,0.008126,,,,,,,,,,,,,,Phasing,0,-663870.764451,0,663870.764451,0,,,,,,,,,,,,,,,,ResourceCritical,SafeMode,1,None,,,,,,1,0,0,0,0,,,,,,,,,,,,,,10000,0,0,0,0,0.396759,,,,,,,,,,,,,,,,,,,,,,,
140623.455272,PHASING,8,0,1,None,Holding,0,358014.103846,7697.702168,7396.730577,-10.891888,0,0,15078458.140846,8700.73507,,,,,,,1,,,,,,,,,,,,,,,,0,0,0,,369.884554,350.371754,51.624769,0.008126,,,,,,,,,,,,,,Phasing,0,-663870.764451,0,663870.764451,0,,,,,,,,,,,,,,,,ResourceCritical,SafeMode,1,None,,,,,,1,0,0,0,0,,,,,,,,,,,,,,10000,0,0,0,0,0.388666,,,,,,,,,,,,,,,,,,,,,,,
140823.455272,PHASING,8,0,1,None,Holding,0,355909.139356,7700.109465,7397.242193,-10.062794,0,0,14571469.891534,8700.73507,,,,,,,1,,,,,,,,,,,,,,,,0,0,0,,369.884554,350.371754,51.624769,0.008126,,,,,,,,,,,,,,Phasing,0,-663870.764451,0,663870.764451,0,,,,,,,,,,,,,,,,ResourceCritical,SafeMode,1,None,,,,,,1,0,0,0,0,,,,,,,,,,,,,,10000,0,0,0,0,0.401025,,,,,,,,,,,,,,,,,,,,,,,
141023.455272,PHASING,8,0,1,None,Holding,0,354023.533402,7702.266524,7398.183058,-8.708095,0,0,13873601.00553,8700.73507,,,,,,,1,,,,,,,,,,,,,,,,0,0,0,,369.884554,350.371754,51.624769,0.008126,,,,,,,,,,,,,,Phasing,0,-663870.764451,0,663870.764451,0,,,,,,,,,,,,,,,,ResourceCritical,SafeMode,1,None,,,,,,1,0,0,0,0,,,,,,,,,,,,,,10000,0,0,0,0,0.411584,,,,,,,,,,,,,,,,,,,,,,,
141223.455272,PHASING,8,0,1,None,Holding,0,352455.818226,7704.060304,7399.70308,-6.897473,0,0,13051225.755376,8700.73507,,,,,,,1,,,,,,,,,,,,,,,,0,0,0,,369.884554,350.371754,51.624769,0.008126,,,,,,,,,,,,,,Phasing,0,-663870.764451,0,663870.764451,0,,,,,,,,,,,,,,,,ResourceCritical,SafeMode,1,None,,,,,,1,0,0,0,0,,,,,,,,,,,,,,10000,0,0,0,0,0.50295,,,,,,,,,,,,,,,,,,,,,,,
141423.455272,PHASING,8,0,1,None,Holding,0,351288.1852,7705.396587,7401.774655,-4.725548,0,0,12154200.816534,8700.73507,,,,,,,1,,,,,,,,,,,,,,,,0,0,0,,369.884554,350.371754,51.624769,0.008126,,,,,,,,,,,,,,Phasing,0,-663870.764451,0,663870.764451,0,,,,,,,,,,,,,,,,ResourceCritical,SafeMode,1,None,,,,,,1,0,0,0,0,,,,,,,,,,,,,,10000,0,0,0,0,0.551174,,,,,,,,,,,,,,,,,,,,,,,
141423.455272,PHASING,8,0,1,None,Holding,0,350581.813374,7706.205061,7404.183255,-2.305636,0,0,11218303.722697,8700.73507,,,,,,,1,,,,,,,,,,,,,,,,0,0,0,,369.884554,350.371754,51.624769,0.008126,,,,,,,,,,,,,,Phasing,0,-663870.764451,0,663870.764451,0,,,,,,,,,,,,,,,,ResourceCritical,SafeMode,1,None,,,,,,1,0,0,0,0,,,,,,,,,,,,,,10000,0,0,0,0,0.588337,,,,,,,,,,,,,,,,,,,,,,,
141823.455272,PHASING,8,0,1,None,Holding,0,350373.750426,7706.443132,7406.560642,0.235359,0,0,10270480.979756,8700.73507,,,,,,,1,,,,,,,,,,,,,,,,0,0,0,,369.884554,350.371754,51.624769,0.008126,,,,,,,,,,,,,,Phasing,0,-663870.764451,0,663870.764451,0,,,,,,,,,,,,,,,,ResourceCritical,SafeMode,1,None,,,,,,1,0,0,0,0,,,,,,,,,,,,,,10000,0,0,0,0,0.614755,,,,,,,,,,,,,,,,,,,,,,,
141823.455272,PHASING,8,0,1,None,Holding,0,350674.826963,7706.098251,7408.454359,2.76381,0,0,9333460.129101,8700.73507,,,,,,,1,,,,,,,,,,,,,,,,0,0,0,,369.884554,350.371754,51.624769,0.008126,,,,,,,,,,,,,,Phasing,0,-663870.764451,0,663870.764451,0,,,,,,,,,,,,,,,,ResourceCritical,SafeMode,1,None,,,,,,1,0,0,0,0,,,,,,,,,,,,,,10000,0,0,0,0,0.624335,,,,,,,,,,,,,,,,,,,,,,,
142223.455272,PHASING,8,0,1,None,Holding,0,351469.233701,7705.188595,7409.419228,5.147322,0,0,8429420.43819,8700.73507,,,,,,,1,,,,,,,,,,,,,,,,0,0,0,,369.884554,350.371754,51.624769,0.008126,,,,,,,,,,,,,,Phasing,0,-663870.764451,0,663870.764451,0,,,,,,,,,,,,,,,,ResourceCritical,SafeMode,1,None,,,,,,1,0,0,0,0,,,,,,,,,,,,,,10000,0,0,0,0,0.641007,,,,,,,,,,,,,,,,,,,,,,,
142423.455272,PHASING,8,0,1,None,Holding,0,352715.249916,7703.762082,7409.111901,7.260724,0,0,7583134.302363,8700.73507,,,,,,,1,,,,,,,,,,,,,,,,0,0,0,,369.884554,350.371754,51.624769,0.008126,,,,,,,,,,,,,,Phasing,0,-663870.764451,0,663870.764451,0,,,,,,,,,,,,,,,,ResourceCritical,SafeMode,1,None,,,,,,1,0,0,0,0,,,,,,,,,,,,,,10000,0,0,0,0,0.654555,,,,,,,,,,,,,,,,,,,,,,,
142623.455272,PHASING,8,0,1,None,Holding,0,354347.662028,7701.893749,7407.368816,8.993827,0,0,6824786.167277,8700.73507,,,,,,,1,,,,,,,,,,,,,,,,0,0,0,,369.884554,350.371754,51.624769,0.008126,,,,,,,,,,,,,,Phasing,0,-663870.764451,0,663870.764451,0,,,,,,,,,,,,,,,,ResourceCritical,SafeMode,1,None,,,,,,1,0,0,0,0,,,,,,,,,,,,,,10000,0,0,0,0,0.649238,,,,,,,,,,,,,,,,,,,,,,,
142823.455272,PHASING,8,0,1,None,Holding,0,356281.042188,7699.681693,7404.251319,10.256395,0,0,6191885.663825,8700.73507,,,,,,,1,,,,,,,,,,,,,,,,0,0,0,,369.884554,350.371754,51.624769,0.008126,,,,,,,,,,,,,,Phasing,0,-663870.764451,0,663870.764451,0,,,,,,,,,,,,,,,,ResourceCritical,SafeMode,1,None,,,,,,1,0,0,0,0,,,,,,,,,,,,,,10000,0,0,0,0,0.64861,,,,,,,,,,,,,,,,,,,,,,,
143023.455272,PHASING,8,0,1,None,Holding,0,358414.387393,7697.241783,7400.04831,10.98343,0,0,5728162.073606,8700.73507,,,,,,,1,,,,,,,,,,,,,,,,0,0,0,,369.884554,350.371754,51.624769,0.008126,,,,,,,,,,,,,,Phasing,0,-663870.764451,0,663870.764451,0,,,,,,,,,,,,,,,,ResourceCritical,SafeMode,1,None,,,,,,1,0,0,0,0,,,,,,,,,,,,,,10000,0,0,0,0,0.631219,,,,,,,,,,,,,,,,,,,,,,,
143223.455272,PHASING,8,0,1,None,Holding,0,360636.329356,7694.701485,7395.235167,11.137812,0,0,5475972.030776,8700.73507,,,,,,,1,,,,,,,,,,,,,,,,0,0,0,,369.884554,350.371754,51.624769,0.008126,,,,,,,,,,,,,,Phasing,0,-663870.764451,0,663870.764451,0,,,,,,,,,,,,,,,,ResourceCritical,SafeMode,1,None,,,,,,1,0,0,0,0,,,,,,,,,,,,,,10000,0,0,0,0,0.629556,,,,,,,,,,,,,,,,,,,,,,,
143423.455272,PHASING,8,0,1,None,Holding,0,362831.040122,7692.193129,7390.396395,10.712824,0,0,5461509.180876,8700.73507,,,,,,,1,,,,,,,,,,,,,,,,0,0,0,,369.884554,350.371754,51.624769,0.008126,,,,,,,,,,,,,,Phasing,0,-663870.764451,0,663870.764451,0,,,,,,,,,,,,,,,,ResourceCritical,SafeMode,1,None,,,,,,1,0,0,0,0,,,,,,,,,,,,,,10000,0,0,0,0,0.631705,,,,,,,,,,,,,,,,,,,,,,,
143623.455272,PHASING,8,0,1,None,Holding,0,364884.551779,7689.847003,7386.126666,9.731381,0,0,5681473.165025,8700.73507,,,,,,,1,,,,,,,,,,,,,,,,0,0,0,,369.884554,350.371754,51.624769,0.008126,,,,,,,,,,,,,,Phasing,0,-663870.764451,0,663870.764451,0,,,,,,,,,,,,,,,,ResourceCritical,SafeMode,1,None,,,,,,1,0,0,0,0,,,,,,,,,,,,,,10000,0,0,0,0,0.63418,,,,,,,,,,,,,,,,,,,,,,,
143823.455272,PHASING,8,0,1,None,Holding,0,366690.138445,7687.784628,7382.929389,8.245401,0,0,6103938.710011,8700.73507,,,,,,,1,,,,,,,,,,,,,,,,0,0,0,,369.884554,350.371754,51.624769,0.008126,,,,,,,,,,,,,,Phasing,0,-663870.764451,0,663870.764451,0,,,,,,,,,,,,,,,,ResourceCritical,SafeMode,1,None,,,,,,1,0,0,0,0,,,,,,,,,,,,,,10000,0,0,0,0,0.638319,,,,,,,,,,,,,,,,,,,,,,,
144023.455272,PHASING,8,0,1,None,Holding,0,368154.386449,7686.112559,7381.132618,6.332874,0,0,6682688.766421,8700.73507,,,,,,,1,,,,,,,,,,,,,,,,0,0,0,,369.884554,350.371754,51.624769,0.008126,,,,,,,,,,,,,,Phasing,0,-663870.764451,0,663870.764451,0,,,,,,,,,,,,,,,,ResourceCritical,SafeMode,1,None,,,,,,1,0,0,0,0,,,,,,,,,,,,,,10000,0,0,0,0,0.639342,,,,,,,,,,,,,,,,,,,,,,,
144223.455272,PHASING,8,0,1,None,Holding,0,369201.636928,7684.916998,7380.838728,4.092849,0,0,7371820.370202,8700.73507,,,,,,,1,,,,,,,,,,,,,,,,0,0,0,,369.884554,350.371754,51.624769,0.008126,,,,,,,,,,,,,,Phasing,0,-663870.764451,0,663870.764451,0,,,,,,,,,,,,,,,,ResourceCritical,SafeMode,1,None,,,,,,1,0,0,0,0,,,,,,,,,,,,,,10000,0,0,0,0,0.637009,,,,,,,,,,,,,,,,,,,,,,,
144423.455272,PHASING,8,0,1,None,Holding,0,369777.825199,7684.25948,7381.917391,1.641576,0,0,8132705.937938,8700.73507,,,,,,,1,,,,,,,,,,,,,,,,0,0,0,,369.884554,350.371754,51.624769,0.008126,,,,,,,,,,,,,,Phasing,0,-663870.764451,0,663870.764451,0,,,,,,,,,,,,,,,,ResourceCritical,SafeMode,1,None,,,,,,1,0,0,0,0,,,,,,,,,,,,,,10000,0,0,0,0,0.642219,,,,,,,,,,,,,,,,,,,,,,,
144423.455272,PHASING,8,0,1,None,Holding,0,369853.21633,7684.17381,7384.04254,-0.894371,0,0,8934631.138596,8700.73507,,,,,,,1,,,,,,,,,,,,,,,,0,0,0,,369.884554,350.371754,51.624769,0.008126,,,,,,,,,,,,,,Phasing,0,-663870.764451,0,663870.764451,0,,,,,,,,,,,,,,,,ResourceCritical,SafeMode,1,None,,,,,,1,0,0,0,0,,,,,,,,,,,,,,10000,0,0,0,0,0.556828,,,,,,,,,,,,,,,,,,,,,,,
144823.455272,PHASING,8,0,1,None,Holding,0,369423.866536,7684.664392,7386.764985,-3.384179,0,0,9752735.516291,8700.73507,,,,,,,1,,,,,,,,,,,,,,,,0,0,0,,369.884554,350.371754,51.624769,0.008126,,,,,,,,,,,,,,Phasing,0,-663870.764451,0,663870.764451,0,,,,,,,,,,,,,,,,ResourceCritical,SafeMode,1,None,,,,,,1,0,0,0,0,,,,,,,,,,,,,,10000,0,0,0,0,0.50069,,,,,,,,,,,,,,,,,,,,,,,
145023.455272,PHASING,8,0,1,None,Holding,0,368511.902477,7685.706007,7389.605297,-5.699225,0,0,10565393.556996,8700.73507,,,,,,,1,,,,,,,,,,,,,,,,0,0,0,,369.884554,350.371754,51.624769,0.008126,,,,,,,,,,,,,,Phasing,0,-663870.764451,0,663870.764451,0,,,,,,,,,,,,,,,,ResourceCritical,SafeMode,1,None,,,,,,1,0,0,0,0,,,,,,,,,,,,,,10000,0,0,0,0,0.471977,,,,,,,,,,,,,,,,,,,,,,,
145223.455272,PHASING,8,0,1,None,Holding,0,367164.32973,7687.245065,7392.147823,-7.720013,0,0,11351753.855291,8700.73507,,,,,,,1,,,,,,,,,,,,,,,,0,0,0,,369.884554,350.371754,51.624769,0.008126,,,,,,,,,,,,,,Phasing,0,-663870.764451,0,663870.764451,0,,,,,,,,,,,,,,,,ResourceCritical,SafeMode,1,None,,,,,,1,0,0,0,0,,,,,,,,,,,,,,10000,0,0,0,0,0.445626,,,,,,,,,,,,,,,,,,,,,,,
145423.455272,PHASING,8,0,1,None,Holding,0,365450.86338,7689.202263,7394.116951,-9.341265,0,0,12089559.937685,8700.73507,,,,,,,1,,,,,,,,,,,,,,,,0,0,0,,369.884554,350.371754,51.624769,0.008126,,,,,,,,,,,,,,Phasing,0,-663870.764451,0,663870.764451,0,,,,,,,,,,,,,,,,ResourceCritical,SafeMode,1,None,,,,,,1,0,0,0,0,,,,,,,,,,,,,,10000,0,0,0,0,0.427995,,,,,,,,,,,,,,,,,,,,,,,
145623.455272,PHASING,8,0,1,None,Holding,0,363460.255266,7691.476551,7395.420718,-10.478595,0,0,12753354.641227,8700.73507,,,,,,,1,,,,,,,,,,,,,,,,0,0,0,,369.884554,350.371754,51.624769,0.008126,,,,,,,,,,,,,,Phasing,0,-663870.764451,0,663870.764451,0,,,,,,,,,,,,,,,,ResourceCritical,SafeMode,1,None,,,,,,1,0,0,0,0,,,,,,,,,,,,,,10000,0,0,0,0,0.407473,,,,,,,,,,,,,,,,,,,,,,,
145823.455272,PHASING,8,0,1,None,Holding,0,361295.748205,7693.95022,7396.153618,-11.072061,0,0,13313534.342223,8700.73507,,,,,,,1,,,,,,,,,,,,,,,,0,0,0,,369.884554,350.371754,51.624769,0.008126,,,,,,,,,,,,,,Phasing,0,-663870.764451,0,663870.764451,0,,,,,,,,,,,,,,,,ResourceCritical,SafeMode,1,None,,,,,,1,0,0,0,0,,,,,,,,,,,,,,10000,0,0,0,0,0.39817,,,,,,,,,,,,,,,,,,,,,,,
146023.455272,PHASING,8,0,1,None,Holding,0,359069.835126,7696.494892,7396.5588,-11.089765,0,0,13737358.776545,8700.73507,,,,,,,1,,,,,,,,,,,,,,,,0,0,0,,369.884554,350.371754,51.624769,0.008126,,,,,,,,,,,,,,Phasing,0,-663870.764451,0,663870.764451,0,,,,,,,,,,,,,,,,ResourceCritical,SafeMode,1,None,,,,,,1,0,0,0,0,,,,,,,,,,,,,,10000,0,0,0,0,0.394387,,,,,,,,,,,,,,,,,,,,,,,
146223.455272,PHASING,8,0,1,None,Holding,0,356898.406521,7698.978124,7396.958069,-10.529663,0,0,13993393.141213,8700.73507,,,,,,,1,,,,,,,,,,,,,,,,0,0,0,,369.884554,350.371754,51.624769,0.008126,,,,,,,,,,,,,,Phasing,0,-663870.764451,0,663870.764451,0,,,,,,,,,,,,,,,,ResourceCritical,SafeMode,1,None,,,,,,1,0,0,0,0,,,,,,,,,,,,,,10000,0,0,0,0,0.389666,,,,,,,,,,,,,,,,,,,,,,,
146423.455272,PHASING,8,0,1,None,Holding,0,354894.602565,7701.270294,7397.664816,-9.419841,0,0,14059545.260869,8700.73507,,,,,,,1,,,,,,,,,,,,,,,,0,0,0,,369.884554,350.371754,51.624769,0.008126,,,,,,,,,,,,,,Phasing,0,-663870.764451,0,663870.764451,0,,,,,,,,,,,,,,,,ResourceCritical,SafeMode,1,None,,,,,,1,0,0,0,0,,,,,,,,,,,,,,10000,0,0,0,0,0.392009,,,,,,,,,,,,,,,,,,,,,,,
146623.455272,PHASING,8,0,1,None,Holding,0,353163.086558,7703.251428,7398.898751,-7.817648,0,0,13931160.239468,8700.73507,,,,,,,1,,,,,,,,,,,,,,,,0,0,0,,369.884554,350.371754,51.624769,0.008126,,,,,,,,,,,,,,Phasing,0,-663870.764451,0,663870.764451,0,,,,,,,,,,,,,,,,ResourceCritical,SafeMode,1,None,,,,,,1,0,0,0,0,,,,,,,,,,,,,,10000,0,0,0,0,0.407831,,,,,,,,,,,,,,,,,,,,,,,
146823.455272,PHASING,8,0,1,None,Holding,0,351794.407594,7704.817575,7400.721242,-5.805859,0,0,13623242.519178,8700.73507,,,,,,,1,,,,,,,,,,,,,,,,0,0,0,,369.884554,350.371754,51.624769,0.008126,,,,,,,,,,,,,,Phasing,0,-663870.764451,0,663870.764451,0,,,,,,,,,,,,,,,,ResourceCritical,SafeMode,1,None,,,,,,1,0,0,0,0,,,,,,,,,,,,,,10000,0,0,0,0,0.490804,,,,,,,,,,,,,,,,,,,,,,,
147023.455272,PHASING,8,0,1,None,Holding,0,350860.352928,7705.886392,7403.005884,-3.489766,0,0,13164854.710693,8700.73507,,,,,,,1,,,,,,,,,,,,,,,,0,0,0,,369.884554,350.371754,51.624769,0.008126,,,,,,,,,,,,,,Phasing,0,-663870.764451,0,663870.764451,0,,,,,,,,,,,,,,,,ResourceCritical,SafeMode,1,None,,,,,,1,0,0,0,0,,,,,,,,,,,,,,10000,0,0,0,0,0.554054,,,,,,,,,,,,,,,,,,,,,,,
147223.455272,PHASING,8,0,1,None,Holding,0,350409.948486,7706.4016,7405.451498,-0.990539,0,0,12590262.582858,8700.73507,,,,,,,1,,,,,,,,,,,,,,,,0,0,0,,369.884554,350.371754,51.624769,0.008126,,,,,,,,,,,,,,Phasing,0,-663870.764451,0,663870.764451,0,,,,,,,,,,,,,,,,ResourceCritical,SafeMode,1,None,,,,,,1,0,0,0,0,,,,,,,,,,,,,,10000,0,0,0,0,0.591154,,,,,,,,,,,,,,,,,,,,,,,
147223.455272,PHASING,8,0,1,None,Holding,0,350466.857073,7706.336045,7407.635565,1.56064,0,0,11932288.053759,8700.73507,,,,,,,1,,,,,,,,,,,,,,,,0,0,0,,369.884554,350.371754,51.624769,0.008126,,,,,,,,,,,,,,Phasing,0,-663870.764451,0,663870.764451,0,,,,,,,,,,,,,,,,ResourceCritical,SafeMode,1,None,,,,,,1,0,0,0,0,,,,,,,,,,,,,,10000,0,0,0,0,0.608277,,,,,,,,,,,,,,,,,,,,,,,
147623.455272,PHASING,8,0,1,None,Holding,0,351028.186351,7705.693182,7409.09733,4.030044,0,0,11219542.509513,8700.73507,,,,,,,1,,,,,,,,,,,,,,,,0,0,0,,369.884554,350.371754,51.624769,0.008126,,,,,,,,,,,,,,Phasing,0,-663870.764451,0,663870.764451,0,,,,,,,,,,,,,,,,ResourceCritical,SafeMode,1,None,,,,,,1,0,0,0,0,,,,,,,,,,,,,,10000,0,0,0,0,0.626695,,,,,,,,,,,,,,,,,,,,,,,
147623.455272,PHASING,8,0,1,None,Holding,0,352064.404673,7704.506889,7409.433399,6.287969,0,0,10476423.96747,8700.73507,,,,,,,1,,,,,,,,,,,,,,,,0,0,0,,369.884554,350.371754,51.624769,0.008126,,,,,,,,,,,,,,Phasing,0,-663870.764451,0,663870.764451,0,,,,,,,,,,,,,,,,ResourceCritical,SafeMode,1,None,,,,,,1,0,0,0,0,,,,,,,,,,,,,,10000,0,0,0,0,0.631845,,,,,,,,,,,,,,,,,,,,,,,
148023.455272,PHASING,8,0,1,None,Holding,0,353521.155408,7702.839613,7408.385978,8.216196,0,0,9724398.160148,8700.73507,,,,,,,1,,,,,,,,,,,,,,,,0,0,0,,369.884554,350.371754,51.624769,0.008126,,,,,,,,,,,,,,Phasing,0,-663870.764451,0,663870.764451,0,,,,,,,,,,,,,,,,ResourceCritical,SafeMode,1,None,,,,,,1,0,0,0,0,,,,,,,,,,,,,,10000,0,0,0,0,0.646258,,,,,,,,,,,,,,,,,,,,,,,
148223.455272,PHASING,8,0,1,None,Holding,0,355322.008152,7700.778977,7405.905424,9.714388,0,0,8983683.462662,8700.73507,,,,,,,1,,,,,,,,,,,,,,,,0,0,0,,369.884554,350.371754,51.624769,0.008126,,,,,,,,,,,,,,Phasing,0,-663870.764451,0,663870.764451,0,,,,,,,,,,,,,,,,ResourceCritical,SafeMode,1,None,,,,,,1,0,0,0,0,,,,,,,,,,,,,,10000,0,0,0,0,0.651922,,,,,,,,,,,,,,,,,,,,,,,
148423.455272,PHASING,8,0,1,None,Holding,0,357372.767298,7698.433047,7402.173965,10.704617,0,0,8274972.285352,8700.73507,,,,,,,1,,,,,,,,,,,,,,,,0,0,0,,369.884554,350.371754,51.624769,0.008126,,,,,,,,,,,,,,Phasing,0,-663870.764451,0,663870.764451,0,,,,,,,,,,,,,,,,ResourceCritical,SafeMode,1,None,,,,,,1,0,0,0,0,,,,,,,,,,,,,,10000,0,0,0,0,0.646867,,,,,,,,,,,,,,,,,,,,,,,
148623.455272,PHASING,8,0,1,None,Holding,0,359566.401048,7695.92454,7397.585193,11.136301,0,0,7621007.845075,8700.73507,,,,,,,1,,,,,,,,,,,,,,,,0,0,0,,369.884554,350.371754,51.624769,0.008126,,,,,,,,,,,,,,Phasing,0,-663870.764451,0,663870.764451,0,,,,,,,,,,,,,,,,ResourceCritical,SafeMode,1,None,,,,,,1,0,0,0,0,,,,,,,,,,,,,,10000,0,0,0,0,0.64826,,,,,,,,,,,,,,,,,,,,,,,
148823.455272,PHASING,8,0,1,None,Holding,0,361788.51828,7693.384312,7392.682688,10.988097,0,0,7047719.441692,8700.73507,,,,,,,1,,,,,,,,,,,,,,,,0,0,0,,369.884554,350.371754,51.624769,0.008126,,,,,,,,,,,,,,Phasing,0,-663870.764451,0,663870.764451,0,,,,,,,,,,,,,,,,ResourceCritical,SafeMode,1,None,,,,,,1,0,0,0,0,,,,,,,,,,,,,,10000,0,0,0,0,0.635593,,,,,,,,,,,,,,,,,,,,,,,
148823.455272,PHASING,8,0,1,None,Holding,0,363923.703292,7690.944488,7388.069224,10.268783,0,0,6584244.253796,8700.73507,,,,,,,1,,,,,,,,,,,,,,,,0,0,0,,369.884554,350.371754,51.624769,0.008126,,,,,,,,,,,,,,Phasing,0,-663870.764451,0,663870.764451,0,,,,,,,,,,,,,,,,ResourceCritical,SafeMode,1,None,,,,,,1,0,0,0,0,,,,,,,,,,,,,,10000,0,0,0,0,0.630916,,,,,,,,,,,,,,,,,,,,,,,
149223.455272,PHASING,8,0,1,None,Holding,0,365860.944743,7688.731611,7384.304002,9.01691,0,0,6260742.592326,8700.73507,,,,,,,1,,,,,,,,,,,,,,,,0,0,0,,369.884554,350.371754,51.624769,0.008126,,,,,,,,,,,,,,Phasing,0,-663870.764451,0,663870.764451,0,,,,,,,,,,,,,,,,ResourceCritical,SafeMode,1,None,,,,,,1,0,0,0,0,,,,,,,,,,,,,,10000,0,0,0,0,0.641347,,,,,,,,,,,,,,,,,,,,,,,
149423.455272,PHASING,8,0,1,None,Holding,0,367499.871861,7686.860144,7381.807892,7.29793,0,0,6103177.930587,8700.73507,,,,,,,1,,,,,,,,,,,,,,,,0,0,0,,369.884554,350.371754,51.624769,0.008126,,,,,,,,,,,,,,Phasing,0,-663870.764451,0,663870.764451,0,,,,,,,,,,,,,,,,ResourceCritical,SafeMode,1,None,,,,,,1,0,0,0,0,,,,,,,,,,,,,,10000,0,0,0,0,0.635639,,,,,,,,,,,,,,,,,,,,,,,
149623.455272,PHASING,8,0,1,None,Holding,0,368755.562546,7685.426664,7380.795217,5.201534,0,0,6126180.263413,8700.73507,,,,,,,1,,,,,,,,,,,,,,,,0,0,0,,369.884554,350.371754,51.624769,0.008126,,,,,,,,,,,,,,Phasing,0,-663870.764451,0,663870.764451,0,,,,,,,,,,,,,,,,ResourceCritical,SafeMode,1,None,,,,,,1,0,0,0,0,,,,,,,,,,,,,,10000,0,0,0,0,0.63699,,,,,,,,,,,,,,,,,,,,,,,
149823.455272,PHASING,8,0,1,None,Holding,0,369563.058419,7684.505005,7381.245302,2.836315,0,0,6327932.061845,8700.73507,,,,,,,1,,,,,,,,,,,,,,,,0,0,0,,369.884554,350.371754,51.624769,0.008126,,,,,,,,,,,,,,Phasing,0,-663870.764451,0,663870.764451,0,,,,,,,,,,,,,,,,ResourceCritical,SafeMode,1,None,,,,,,1,0,0,0,0,,,,,,,,,,,,,,10000,0,0,0,0,0.634772,,,,,,,,,,,,,,,,,,,,,,,
149823.455272,PHASING,8,0,1,None,Holding,0,369880.683181,7684.142575,7382.918839,0.324679,0,0,6690920.089866,8700.73507,,,,,,,1,,,,,,,,,,,,,,,,0,0,0,,369.884554,350.371754,51.624769,0.008126,,,,,,,,,,,,,,Phasing,0,-663870.764451,0,663870.764451,0,,,,,,,,,,,,,,,,ResourceCritical,SafeMode,1,None,,,,,,1,0,0,0,0,,,,,,,,,,,,,,10000,0,0,0,0,0.548445,,,,,,,,,,,,,,,,,,,,,,,
150223.455272,PHASING,8,0,1,None,Holding,0,369692.090046,7684.358001,7385.414948,-2.20369,0,0,7187943.887233,8700.73507,,,,,,,1,,,,,,,,,,,,,,,,0,0,0,,369.884554,350.371754,51.624769,0.008126,,,,,,,,,,,,,,Phasing,0,-663870.764451,0,663870.764451,0,,,,,,,,,,,,,,,,ResourceCritical,SafeMode,1,None,,,,,,1,0,0,0,0,,,,,,,,,,,,,,10000,0,0,0,0,0.503868,,,,,,,,,,,,,,,,,,,,,,,
150423.455272,PHASING,8,0,1,None,Holding,0,369007.106603,7685.140211,7388.25658,-4.618253,0,0,7789066.873861,8700.73507,,,,,,,1,,,,,,,,,,,,,,,,0,0,0,,369.884554,350.371754,51.624769,0.008126,,,,,,,,,,,,,,Phasing,0,-663870.764451,0,663870.764451,0,,,,,,,,,,,,,,,,ResourceCritical,SafeMode,1,None,,,,,,1,0,0,0,0,,,,,,,,,,,,,,10000,0,0,0,0,0.474528,,,,,,,,,,,,,,,,,,,,,,,
150623.455272,PHASING,8,0,1,None,Holding,0,367861.084876,7686.448983,7390.98646,-6.794254,0,0,8466125.129571,8700.73507,,,,,,,1,,,,,,,,,,,,,,,,0,0,0,,369.884554,350.371754,51.624769,0.008126,,,,,,,,,,,,,,Phasing,0,-663870.764451,0,663870.764451,0,,,,,,,,,,,,,,,,ResourceCritical,SafeMode,1,None,,,,,,1,0,0,0,0,,,,,,,,,,,,,,10000,0,0,0,0,0.451485,,,,,,,,,,,,,,,,,,,,,,,
150823.455272,PHASING,8,0,1,None,Holding,0,366313.244573,7688.216931,7393.254052,-8.618987,0,0,9194285.036291,8700.73507,,,,,,,1,,,,,,,,,,,,,,,,0,0,0,,369.884554,350.371754,51.624769,0.008126,,,,,,,,,,,,,,Phasing,0,-663870.764451,0,663870.764451,0,,,,,,,,,,,,,,,,ResourceCritical,SafeMode,1,None,,,,,,1,0,0,0,0,,,,,,,,,,,,,,10000,0,0,0,0,0.442246,,,,,,,,,,,,,,,,,,,,,,,
151023.455272,PHASING,8,0,1,None,Holding,0,364443.649848,7690.352871,7394.876317,-9.997449,0,0,9951651.448654,8700.73507,,,,,,,1,,,,,,,,,,,,,,,,0,0,0,,369.884554,350.371754,51.624769,0.008126,,,,,,,,,,,,,,Phasing,0,-663870.764451,0,663870.764451,0,,,,,,,,,,,,,,,,ResourceCritical,SafeMode,1,None,,,,,,1,0,0,0,0,,,,,,,,,,,,,,10000,0,0,0,0,0.429326,,,,,,,,,,,,,,,,,,,,,,,
151223.455272,PHASING,8,0,1,None,Holding,0,362349.065095,7692.746388,7395.860608,-10.857693,0,0,10717933.933743,8700.73507,,,,,,,1,,,,,,,,,,,,,,,,0,0,0,,369.884554,350.371754,51.624769,0.008126,,,,,,,,,,,,,,Phasing,0,-663870.764451,0,663870.764451,0,,,,,,,,,,,,,,,,ResourceCritical,SafeMode,1,None,,,,,,1,0,0,0,0,,,,,,,,,,,,,,10000,0,0,0,0,0.406963,,,,,,,,,,,,,,,,,,,,,,,
151423.455272,PHASING,8,0,1,None,Holding,0,360138.214607,7695.27343,7396.385789,-11.153764,0,0,11472719.418329,8700.73507,,,,,,,1,,,,,,,,,,,,,,,,0,0,0,,369.884554,350.371754,51.624769,0.008126,,,,,,,,,,,,,,Phasing,0,-663870.764451,0,663870.764451,0,,,,,,,,,,,,,,,,ResourceCritical,SafeMode,1,None,,,,,,1,0,0,0,0,,,,,,,,,,,,,,10000,0,0,0,0,0.383397,,,,,,,,,,,,,,,,,,,,,,,
151623.455272,PHASING,8,0,1,None,Holding,0,357926.070709,7697.802654,7396.746155,-10.869353,0,0,12193570.44597,8700.73507,,,,,,,1,,,,,,,,,,,,,,,,0,0,0,,369.884554,350.371754,51.624769,0.008126,,,,,,,,,,,,,,Phasing,0,-663870.764451,0,663870.764451,0,,,,,,,,,,,,,,,,ResourceCritical,SafeMode,1,None,,,,,,1,0,0,0,0,,,,,,,,,,,,,,10000,0,0,0,0,0.38675,,,,,,,,,,,,,,,,,,,,,,,
151823.455272,PHASING,8,0,1,None,Holding,0,355827.968897,7700.20222,7397.270348,-10.018026,0,0,12854117.412004,8700.73507,,,,,,,1,,,,,,,,,,,,,,,,0,0,0,,369.884554,350.371754,51.624769,0.008126,,,,,,,,,,,,,,Phasing,0,-663870.764451,0,663870.764451,0,,,,,,,,,,,,,,,,ResourceCritical,SafeMode,1,None,,,,,,1,0,0,0,0,,,,,,,,,,,,,,10000,0,0,0,0,0.397115,,,,,,,,,,,,,,,,,,,,,,,
152023.455272,PHASING,8,0,1,None,Holding,0,353953.454075,7702.346693,7398.232773,-8.643299,0,0,13422624.316153,8700.73507,,,,,,,1,,,,,,,,,,,,,,,,0,0,0,,369.884554,350.371754,51.624769,0.008126,,,,,,,,,,,,,,Phasing,0,-663870.764451,0,663870.764451,0,,,,,,,,,,,,,,,,ResourceCritical,SafeMode,1,None,,,,,,1,0,0,0,0,,,,,,,,,,,,,,10000,0,0,0,0,0.416001,,,,,,,,,,,,,,,,,,,,,,,
152223.455272,PHASING,8,0,1,None,Holding,0,352400.590937,7704.12368,7399.776882,-6.816141,0,0,13862245.568324,8700.73507,,,,,,,1,,,,,,,,,,,,,,,,0,0,0,,369.884554,350.371754,51.624769,0.008126,,,,,,,,,,,,,,Phasing,0,-663870.764451,0,663870.764451,0,,,,,,,,,,,,,,,,ResourceCritical,SafeMode,1,None,,,,,,1,0,0,0,0,,,,,,,,,,,,,,10000,0,0,0,0,0.505748,,,,,,,,,,,,,,,,,,,,,,,
152423.455272,PHASING,8,0,1,None,Holding,0,351250.632223,7705.439839,7401.86742,-4.631804,0,0,14134987.192897,8700.73507,,,,,,,1,,,,,,,,,,,,,,,,0,0,0,,369.884554,350.371754,51.624769,0.008126,,,,,,,,,,,,,,Phasing,0,-663870.764451,0,663870.764451,0,,,,,,,,,,,,,,,,ResourceCritical,SafeMode,1,None,,,,,,1,0,0,0,0,,,,,,,,,,,,,,10000,0,0,0,0,0.564759,,,,,,,,,,,,,,,,,,,,,,,
152623.455272,PHASING,8,0,1,None,Holding,0,350563.822725,7706.22591,7404.282729,-2.204488,0,0,14210573.341346,8700.73507,,,,,,,1,,,,,,,,,,,,,,,,0,0,0,,369.884554,350.371754,51.624769,0.008126,,,,,,,,,,,,,,Phasing,0,-663870.764451,0,663870.764451,0,,,,,,,,,,,,,,,,ResourceCritical,SafeMode,1,None,,,,,,1,0,0,0,0,,,,,,,,,,,,,,10000,0,0,0,0,0.592188,,,,,,,,,,,,,,,,,,,,,,,
152823.455272,PHASING,8,0,1,None,Holding,0,350376.180118,7706.440479,7406.649622,0.338521,0,0,14077083.67649,8700.73507,,,,,,,1,,,,,,,,,,,,,,,,0,0,0,,369.884554,350.371754,51.624769,0.008126,,,,,,,,,,,,,,Phasing,0,-663870.764451,0,663870.764451,0,,,,,,,,,,,,,,,,ResourceCritical,SafeMode,1,None,,,,,,1,0,0,0,0,,,,,,,,,,,,,,10000,0,0,0,0,0.619729,,,,,,,,,,,,,,,,,,,,,,,
152823.455272,PHASING,8,0,1,None,Holding,0,350697.555946,7706.072236,7408.514076,2.863777,0,0,13745702.525126,8700.73507,,,,,,,1,,,,,,,,,,,,,,,,0,0,0,,369.884554,350.371754,51.624769,0.008126,,,,,,,,,,,,,,Phasing,0,-663870.764451,0,663870.764451,0,,,,,,,,,,,,,,,,ResourceCritical,SafeMode,1,None,,,,,,1,0,0,0,0,,,,,,,,,,,,,,10000,0,0,0,0,0.638385,,,,,,,,,,,,,,,,,,,,,,,
153223.455272,PHASING,8,0,1,None,Holding,0,351511.046689,7705.14059,7409.433243,5.238632,0,0,13245368.990997,8700.73507,,,,,,,1,,,,,,,,,,,,,,,,0,0,0,,369.884554,350.371754,51.624769,0.008126,,,,,,,,,,,,,,Phasing,0,-663870.764451,0,663870.764451,0,,,,,,,,,,,,,,,,ResourceCritical,SafeMode,1,None,,,,,,1,0,0,0,0,,,,,,,,,,,,,,10000,0,0,0,0,0.636433,,,,,,,,,,,,,,,,,,,,,,,
153223.455272,PHASING,8,0,1,None,Holding,0,352774.037891,7703.694613,7409.069697,7.338793,0,0,12612212.68534,8700.73507,,,,,,,1,,,,,,,,,,,,,,,,0,0,0,,369.884554,350.371754,51.624769,0.008126,,,,,,,,,,,,,,Phasing,0,-663870.764451,0,663870.764451,0,,,,,,,,,,,,,,,,ResourceCritical,SafeMode,1,None,,,,,,1,0,0,0,0,,,,,,,,,,,,,,10000,0,0,0,0,0.648672,,,,,,,,,,,,,,,,,,,,,,,
153623.455272,PHASING,8,0,1,None,Holding,0,354420.44137,7701.810363,7407.268347,9.054579,0,0,11881190.434437,8700.73507,,,,,,,1,,,,,,,,,,,,,,,,0,0,0,,369.884554,350.371754,51.624769,0.008126,,,,,,,,,,,,,,Phasing,0,-663870.764451,0,663870.764451,0,,,,,,,,,,,,,,,,ResourceCritical,SafeMode,1,None,,,,,,1,0,0,0,0,,,,,,,,,,,,,,10000,0,0,0,0,0.645145,,,,,,,,,,,,,,,,,,,,,,,
153823.455272,PHASING,8,0,1,None,Holding,0,356364.042397,7699.586763,7404.099979,10.296685,0,0,11082554.511614,8700.73507,,,,,,,1,,,,,,,,,,,,,,,,0,0,0,,369.884554,350.371754,51.624769,0.008126,,,,,,,,,,,,,,Phasing,0,-663870.764451,0,663870.764451,0,,,,,,,,,,,,,,,,ResourceCritical,SafeMode,1,None,,,,,,1,0,0,0,0,,,,,,,,,,,,,,10000,0,0,0,0,0.639246,,,,,,,,,,,,,,,,,,,,,,,
154023.455272,PHASING,8,0,1,None,Holding,0,358503.168105,7697.140274,7399.862096,11.001099,0,0,10241833.921174,8700.73507,,,,,,,1,,,,,,,,,,,,,,,,0,0,0,,369.884554,350.371754,51.624769,0.008126,,,,,,,,,,,,,,Phasing,0,-663870.764451,0,663870.764451,0,,,,,,,,,,,,,,,,ResourceCritical,SafeMode,1,None,,,,,,1,0,0,0,0,,,,,,,,,,,,,,10000,0,0,0,0,0.633542,,,,,,,,,,,,,,,,,,,,,,,
154223.455272,PHASING,8,0,1,None,Holding,0,360726.2587,7694.598693,7395.036183,11.131976,0,0,9381468.769507,8700.73507,,,,,,,1,,,,,,,,,,,,,,,,0,0,0,,369.884554,350.371754,51.624769,0.008126,,,,,,,,,,,,,,Phasing,0,-663870.764451,0,663870.764451,0,,,,,,,,,,,,,,,,ResourceCritical,SafeMode,1,None,,,,,,1,0,0,0,0,,,,,,,,,,,,,,10000,0,0,0,0,0.627758,,,,,,,,,,,,,,,,,,,,,,,
154423.455272,PHASING,8,0,1,None,Holding,0,362917.393476,7692.094401,7390.209157,10.683657,0,0,8523079.337096,8700.73507,,,,,,,1,,,,,,,,,,,,,,,,0,0,0,,369.884554,350.371754,51.624769,0.008126,,,,,,,,,,,,,,Phasing,0,-663870.764451,0,663870.764451,0,,,,,,,,,,,,,,,,ResourceCritical,SafeMode,1,None,,,,,,1,0,0,0,0,,,,,,,,,,,,,,10000,0,0,0,0,0.636069,,,,,,,,,,,,,,,,,,,,,,,
154623.455272,PHASING,8,0,1,None,Holding,0,364962.737508,7689.757459,7385.973916,9.680653,0,0,7690095.563908,8700.73507,,,,,,,1,,,,,,,,,,,,,,,,0,0,0,,369.884554,350.371754,51.624769,0.008126,,,,,,,,,,,,,,Phasing,0,-663870.764451,0,663870.764451,0,,,,,,,,,,,,,,,,ResourceCritical,SafeMode,1,None,,,,,,1,0,0,0,0,,,,,,,,,,,,,,10000,0,0,0,0,0.636469,,,,,,,,,,,,,,,,,,,,,,,
154823.455272,PHASING,8,0,1,None,Holding,0,366756.275601,7687.7089,7382.828236,8.175783,0,0,6910781.624388,8700.73507,,,,,,,1,,,,,,,,,,,,,,,,0,0,0,,369.884554,350.371754,51.624769,0.008126,,,,,,,,,,,,,,Phasing,0,-663870.764451,0,663870.764451,0,,,,,,,,,,,,,,,,ResourceCritical,SafeMode,1,None,,,,,,1,0,0,0,0,,,,,,,,,,,,,,10000,0,0,0,0,0.635856,,,,,,,,,,,,,,,,,,,,,,,
154823.455272,PHASING,8,0,1,None,Holding,0,368205.105679,7686.054554,7381.091767,6.247865,0,0,6221479.219018,8700.73507,,,,,,,1,,,,,,,,,,,,,,,,0,0,0,,369.884554,350.371754,51.624769,0.008126,,,,,,,,,,,,,,Phasing,0,-663870.764451,0,663870.764451,0,,,,,,,,,,,,,,,,ResourceCritical,SafeMode,1,None,,,,,,1,0,0,0,0,,,,,,,,,,,,,,10000,0,0,0,0,0.642134,,,,,,,,,,,,,,,,,,,,,,,
155223.455272,PHASING,8,0,1,None,Holding,0,369234.367519,7684.879704,7380.857314,3.997077,0,0,5668762.272285,8700.73507,,,,,,,1,,,,,,,,,,,,,,,,0,0,0,,369.884554,350.371754,51.624769,0.008126,,,,,,,,,,,,,,Phasing,0,-663870.764451,0,663870.764451,0,,,,,,,,,,,,,,,,ResourceCritical,SafeMode,1,None,,,,,,1,0,0,0,0,,,,,,,,,,,,,,10000,0,0,0,0,0.641701,,,,,,,,,,,,,,,,,,,,,,,
155423.455272,PHASING,8,0,1,None,Holding,0,369790.916722,7684.244814,7381.985654,1.540023,0,0,5306758.856192,8700.73507,,,,,,,1,,,,,,,,,,,,,,,,0,0,0,,369.884554,350.371754,51.624769,0.008126,,,,,,,,,,,,,,Phasing,0,-663870.764451,0,663870.764451,0,,,,,,,,,,,,,,,,ResourceCritical,SafeMode,1,None,,,,,,1,0,0,0,0,,,,,,,,,,,,,,10000,0,0,0,0,0.636148,,,,,,,,,,,,,,,,,,,,,,,
155623.455272,PHASING,8,0,1,None,Holding,0,369845.851664,7684.182527,7384.144147,-0.996632,0,0,5184431.164551,8700.73507,,,,,,,1,,,,,,,,,,,,,,,,0,0,0,,369.884554,350.371754,51.624769,0.008126,,,,,,,,,,,,,,Phasing,0,-663870.764451,0,663870.764451,0,,,,,,,,,,,,,,,,ResourceCritical,SafeMode,1,None,,,,,,1,0,0,0,0,,,,,,,,,,,,,,10000,0,0,0,0,0.556692,,,,,,,,,,,,,,,,,,,,,,,
155823.455272,PHASING,8,0,1,None,Holding,0,369396.33329,7684.696044,7386.880509,-3.481881,0,0,5324727.154193,8700.73507,,,,,,,1,,,,,,,,,,,,,,,,0,0,0,,369.884554,350.371754,51.624769,0.008126,,,,,,,,,,,,,,Phasing,0,-663870.764451,0,663870.764451,0,,,,,,,,,,,,,,,,ResourceCritical,SafeMode,1,None,,,,,,1,0,0,0,0,,,,,,,,,,,,,,10000,0,0,0,0,0.503358,,,,,,,,,,,,,,,,,,,,,,,
156023.455272,PHASING,8,0,1,None,Holding,0,368465.601306,7685.758966,7389.716124,-5.787429,0,0,5712410.849744,8700.73507,,,,,,,1,,,,,,,,,,,,,,,,0,0,0,,369.884554,350.371754,51.624769,0.008126,,,,,,,,,,,,,,Phasing,0,-663870.764451,0,663870.764451,0,,,,,,,,,,,,,,,,ResourceCritical,SafeMode,1,None,,,,,,1,0,0,0,0,,,,,,,,,,,,,,10000,0,0,0,0,0.471201,,,,,,,,,,,,,,,,,,,,,,,
156023.455272,PHASING,8,0,1,None,Holding,0,367101.647438,7687.316604,7392.239694,-7.793945,0,0,6303986.871975,8700.73507,,,,,,,1,,,,,,,,,,,,,,,,0,0,0,,369.884554,350.371754,51.624769,0.008126,,,,,,,,,,,,,,Phasing,0,-663870.764451,0,663870.764451,0,,,,,,,,,,,,,,,,ResourceCritical,SafeMode,1,None,,,,,,1,0,0,0,0,,,,,,,,,,,,,,10000,0,0,0,0,0.447277,,,,,,,,,,,,,,,,,,,,,,,
156423.455272,PHASING,8,0,1,None,Holding,0,365375.125844,7689.288693,7394.182438,-9.39714,0,0,7048340.662453,8700.73507,,,,,,,1,,,,,,,,,,,,,,,,0,0,0,,369.884554,350.371754,51.624769,0.008126,,,,,,,,,,,,,,Phasing,0,-663870.764451,0,663870.764451,0,,,,,,,,,,,,,,,,ResourceCritical,SafeMode,1,None,,,,,,1,0,0,0,0,,,,,,,,,,,,,,10000,0,0,0,0,0.429557,,,,,,,,,,,,,,,,,,,,,,,
156623.455272,PHASING,8,0,1,None,Holding,0,363375.419864,7691.573405,7395.46015,-10.513474,0,0,7900494.594629,8700.73507,,,,,,,1,,,,,,,,,,,,,,,,0,0,0,,369.884554,350.371754,51.624769,0.008126,,,,,,,,,,,,,,Phasing,0,-663870.764451,0,663870.764451,0,,,,,,,,,,,,,,,,ResourceCritical,SafeMode,1,None,,,,,,1,0,0,0,0,,,,,,,,,,,,,,10000,0,0,0,0,0.419729,,,,,,,,,,,,,,,,,,,,,,,
156823.455272,PHASING,8,0,1,None,Holding,0,361206.31911,7694.052477,7396.174313,-11.083972,0,0,8825191.652727,8700.73507,,,,,,,1,,,,,,,,,,,,,,,,0,0,0,,369.884554,350.371754,51.624769,0.008126,,,,,,,,,,,,,,Phasing,0,-663870.764451,0,663870.764451,0,,,,,,,,,,,,,,,,ResourceCritical,SafeMode,1,None,,,,,,1,0,0,0,0,,,,,,,,,,,,,,10000,0,0,0,0,0.408361,,,,,,,,,,,,,,,,,,,,,,,
156823.455272,PHASING,8,0,1,None,Holding,0,358980.408941,7696.597239,7396.572781,-11.078125,0,0,9795146.562759,8700.73507,,,,,,,1,,,,,,,,,,,,,,,,0,0,0,,369.884554,350.371754,51.624769,0.008126,,,,,,,,,,,,,,Phasing,0,-663870.764451,0,663870.764451,0,,,,,,,,,,,,,,,,ResourceCritical,SafeMode,1,None,,,,,,1,0,0,0,0,,,,,,,,,,,,,,10000,0,0,0,0,0.393168,,,,,,,,,,,,,,,,,,,,,,,
157223.455272,PHASING,8,0,1,None,Holding,0,356813.519017,7699.075224,7396.978759,-10.495056,0,0,10787797.200593,8700.73507,,,,,,,1,,,,,,,,,,,,,,,,0,0,0,,369.884554,350.371754,51.624769,0.008126,,,,,,,,,,,,,,Phasing,0,-663870.764451,0,663870.764451,0,,,,,,,,,,,,,,,,ResourceCritical,SafeMode,1,None,,,,,,1,0,0,0,0,,,,,,,,,,,,,,10000,0,0,0,0,0.382304,,,,,,,,,,,,,,,,,,,,,,,
157423.455272,PHASING,8,0,1,None,Holding,0,354818.706533,7701.357073,7397.703426,-9.364138,0,0,11781858.848102,8700.73507,,,,,,,1,,,,,,,,,,,,,,,,0,0,0,,369.884554,350.371754,51.624769,0.008126,,,,,,,,,,,,,,Phasing,0,-663870.764451,0,663870.764451,0,,,,,,,,,,,,,,,,ResourceCritical,SafeMode,1,None,,,,,,1,0,0,0,0,,,,,,,,,,,,,,10000,0,0,0,0,0.390533,,,,,,,,,,,,,,,,,,,,,,,
157423.455272,PHASING,8,0,1,None,Holding,0,353100.048564,7703.323336,7398.961156,-7.74356,0,0,12753579.818227,8700.73507,,,,,,,1,,,,,,,,,,,,,,,,0,0,0,,369.884554,350.371754,51.624769,0.008126,,,,,,,,,,,,,,Phasing,0,-663870.764451,0,663870.764451,0,,,,,,,,,,,,,,,,ResourceCritical,SafeMode,1,None,,,,,,1,0,0,0,0,,,,,,,,,,,,,,10000,0,0,0,0,0.408787,,,,,,,,,,,,,,,,,,,,,,,
157823.455272,PHASING,8,0,1,None,Holding,0,351747.636501,7704.870835,7400.806032,-5.717489,0,0,13671999.263637,8700.73507,,,,,,,1,,,,,,,,,,,,,,,,0,0,0,,369.884554,350.371754,51.624769,0.008126,,,,,,,,,,,,,,Phasing,0,-663870.764451,0,663870.764451,0,,,,,,,,,,,,,,,,ResourceCritical,SafeMode,1,None,,,,,,1,0,0,0,0,,,,,,,,,,,,,,10000,0,0,0,0,0.42615,,,,,,,,,,,,,,,,,,,,,,,
158023.455272,PHASING,8,0,1,None,Holding,0,350832.330045,7705.918202,7403.104049,-3.391637,0,0,14492494.949732,8700.73507,,,,,,,1,,,,,,,,,,,,,,,,0,0,0,,369.884554,350.371754,51.624769,0.008126,,,,,,,,,,,,,,Phasing,0,-663870.764451,0,663870.764451,0,,,,,,,,,,,,,,,,ResourceCritical,SafeMode,1,None,,,,,,1,0,0,0,0,,,,,,,,,,,,,,10000,0,0,0,0,0.507247,,,,,,,,,,,,,,,,,,,,,,,
158223.455272,PHASING,8,0,1,None,Holding,0,350402.277693,7706.410283,7405.547848,-0.887686,0,0,15149659.51306,8700.73507,,,,,,,1,,,,,,,,,,,,,,,,0,0,0,,369.884554,350.371754,51.624769,0.008126,,,,,,,,,,,,,,Phasing,0,-663870.764451,0,663870.764451,0,,,,,,,,,,,,,,,,ResourceCritical,SafeMode,1,None,,,,,,1,0,0,0,0,,,,,,,,,,,,,,10000,0,0,0,0,0.565104,,,,,,,,,,,,,,,,,,,,,,,
158423.455272,PHASING,8,0,1,None,Holding,0,350479.903951,7706.321143,7407.711609,1.66288,0,0,15557602.551794,8700.73507,,,,,,,1,,,,,,,,,,,,,,,,0,0,0,,369.884554,350.371754,51.624769,0.008126,,,,,,,,,,,,,,Phasing,0,-663870.764451,0,663870.764451,0,,,,,,,,,,,,,,,,ResourceCritical,SafeMode,1,None,,,,,,1,0,0,0,0,,,,,,,,,,,,,,10000,0,0,0,0,0.591824,,,,,,,,,,,,,,,,,,,,,,,
158423.455272,PHASING,8,0,1,None,Holding,0,351061.255114,7705.655482,7409.135026,4.126179,0,0,15636148.277582,8700.73507,,,,,,,1,,,,,,,,,,,,,,,,0,0,0,,369.884554,350.371754,51.624769,0.008126,,,,,,,,,,,,,,Phasing,0,-663870.764451,0,663870.764451,0,,,,,,,,,,,,,,,,ResourceCritical,SafeMode,1,None,,,,,,1,0,0,0,0,,,,,,,,,,,,,,10000,0,0,0,0,0.620804,,,,,,,,,,,,,,,,,,,,,,,
158823.455272,PHASING,8,0,1,None,Holding,0,352115.696112,7704.448375,7409.418989,6.372932,0,0,15361941.085018,8700.73507,,,,,,,1,,,,,,,,,,,,,,,,0,0,0,,369.884554,350.371754,51.624769,0.008126,,,,,,,,,,,,,,Phasing,0,-663870.764451,0,663870.764451,0,,,,,,,,,,,,,,,,ResourceCritical,SafeMode,1,None,,,,,,1,0,0,0,0,,,,,,,,,,,,,,10000,0,0,0,0,0.639161,,,,,,,,,,,,,,,,,,,,,,,
158823.455272,PHASING,8,0,1,None,Holding,0,353587.870572,7702.763364,7408.313125,8.285642,0,0,14786426.497326,8700.73507,,,,,,,1,,,,,,,,,,,,,,,,0,0,0,,369.884554,350.371754,51.624769,0.008126,,,,,,,,,,,,,,Phasing,0,-663870.764451,0,663870.764451,0,,,,,,,,,,,,,,,,ResourceCritical,SafeMode,1,None,,,,,,1,0,0,0,0,,,,,,,,,,,,,,10000,0,0,0,0,0.640816,,,,,,,,,,,,,,,,,,,,,,,
159223.455272,PHASING,8,0,1,None,Holding,0,355400.657763,7700.688997,7405.776985,9.764463,0,0,13993890.990811,8700.73507,,,,,,,1,,,,,,,,,,,,,,,,0,0,0,,369.884554,350.371754,51.624769,0.008126,,,,,,,,,,,,,,Phasing,0,-663870.764451,0,663870.764451,0,,,,,,,,,,,,,,,,ResourceCritical,SafeMode,1,None,,,,,,1,0,0,0,0,,,,,,,,,,,,,,10000,0,0,0,0,0.652095,,,,,,,,,,,,,,,,,,,,,,,
159423.455272,PHASING,8,0,1,None,Holding,0,357459.301421,7698.334048,7402.002025,10.732955,0,0,13058454.609349,8700.73507,,,,,,,1,,,,,,,,,,,,,,,,0,0,0,,369.884554,350.371754,51.624769,0.008126,,,,,,,,,,,,,,Phasing,0,-663870.764451,0,663870.764451,0,,,,,,,,,,,,,,,,ResourceCritical,SafeMode,1,None,,,,,,1,0,0,0,0,,,,,,,,,,,,,,10000,0,0,0,0,0.651673,,,,,,,,,,,,,,,,,,,,,,,
159623.455272,PHASING,8,0,1,None,Holding,0,359656.34363,7695.821694,7397.38933,11.14148,0,0,12032213.451027,8700.73507,,,,,,,1,,,,,,,,,,,,,,,,0,0,0,,369.884554,350.371754,51.624769,0.008126,,,,,,,,,,,,,,Phasing,0,-663870.764451,0,663870.764451,0,,,,,,,,,,,,,,,,ResourceCritical,SafeMode,1,None,,,,,,1,0,0,0,0,,,,,,,,,,,,,,10000,0,0,0,0,0.636989,,,,,,,,,,,,,,,,,,,,,,,
159823.455272,PHASING,8,0,1,None,Holding,0,361877.307285,7693.282975,7392.486769,10.969936,0,0,10949756.061755,8700.73507,,,,,,,1,,,,,,,,,,,,,,,,0,0,0,,369.884554,350.371754,51.624769,0.008126,,,,,,,,,,,,,,Phasing,0,-663870.764451,0,663870.764451,0,,,,,,,,,,,,,,,,ResourceCritical,SafeMode,1,None,,,,,,1,0,0,0,0,,,,,,,,,,,,,,10000,0,0,0,0,0.636286,,,,,,,,,,,,,,,,,,,,,,,
160023.455272,PHASING,8,0,1,None,Holding,0,364006.604618,7690.849924,7387.897363,10.228308,0,0,9835024.751241,8700.73507,,,,,,,1,,,,,,,,,,,,,,,,0,0,0,,369.884554,350.371754,51.624769,0.008126,,,,,,,,,,,,,,Phasing,0,-663870.764451,0,663870.764451,0,,,,,,,,,,,,,,,,ResourceCritical,SafeMode,1,None,,,,,,1,0,0,0,0,,,,,,,,,,,,,,10000,0,0,0,0,0.631765,,,,,,,,,,,,,,,,,,,,,,,
160223.455272,PHASING,8,0,1,None,Holding,0,365933.692439,7688.648716,7384.176441,8.956058,0,0,8706753.166012,8700.73507,,,,,,,1,,,,,,,,,,,,,,,,0,0,0,,369.884554,350.371754,51.624769,0.008126,,,,,,,,,,,,,,Phasing,0,-663870.764451,0,663870.764451,0,,,,,,,,,,,,,,,,ResourceCritical,SafeMode,1,None,,,,,,1,0,0,0,0,,,,,,,,,,,,,,10000,0,0,0,0,0.633933,,,,,,,,,,,,,,,,,,,,,,,
160423.455272,PHASING,8,0,1,None,Holding,0,367558.538852,7686.793201,7381.737621,7.219896,0,0,7582821.760048,8700.73507,,,,,,,1,,,,,,,,,,,,,,,,0,0,0,,369.884554,350.371754,51.624769,0.008126,,,,,,,,,,,,,,Phasing,0,-663870.764451,0,663870.764451,0,,,,,,,,,,,,,,,,ResourceCritical,SafeMode,1,None,,,,,,1,0,0,0,0,,,,,,,,,,,,,,10000,0,0,0,0,0.637413,,,,,,,,,,,,,,,,,,,,,,,
160423.455272,PHASING,8,0,1,None,Holding,0,368797.092139,7685.379125,7380.785992,5.110405,0,0,6484886.503876,8700.73507,,,,,,,1,,,,,,,,,,,,,,,,0,0,0,,369.884554,350.371754,51.624769,0.008126,,,,,,,,,,,,,,Phasing,0,-663870.764451,0,663870.764451,0,,,,,,,,,,,,,,,,ResourceCritical,SafeMode,1,None,,,,,,1,0,0,0,0,,,,,,,,,,,,,,10000,0,0,0,0,0.63628,,,,,,,,,,,,,,,,,,,,,,,
160823.455272,PHASING,8,0,1,None,Holding,0,369585.338484,7684.479315,7381.291434,2.736807,0,0,5445306.94857,8700.73507,,,,,,,1,,,,,,,,,,,,,,,,0,0,0,,369.884554,350.371754,51.624769,0.008126,,,,,,,,,,,,,,Phasing,0,-663870.764451,0,663870.764451,0,,,,,,,,,,,,,,,,ResourceCritical,SafeMode,1,None,,,,,,1,0,0,0,0,,,,,,,,,,,,,,10000,0,0,0,0,0.641797,,,,,,,,,,,,,,,,,,,,,,,
161023.455272,PHASING,8,0,1,None,Holding,0,369882.697109,7684.140054,7383.006771,0.222062,0,0,4519464.817992,8700.73507,,,,,,,1,,,,,,,,,,,,,,,,0,0,0,,369.884554,350.371754,51.624769,0.008126,,,,,,,,,,,,,,Phasing,0,-663870.764451,0,663870.764451,0,,,,,,,,,,,,,,,,ResourceCritical,SafeMode,1,None,,,,,,1,0,0,0,0,,,,,,,,,,,,,,10000,0,0,0,0,0.636689,,,,,,,,,,,,,,,,,,,,,,,
161223.455272,PHASING,8,0,1,None,Holding,0,369673.752779,7684.37878,7385.526257,-2.304156,0,0,3805045.700712,8700.73507,,,,,,,1,,,,,,,,,,,,,,,,0,0,0,,369.884554,350.371754,51.624769,0.008126,,,,,,,,,,,,,,Phasing,0,-663870.764451,0,663870.764451,0,,,,,,,,,,,,,,,,ResourceCritical,SafeMode,1,None,,,,,,1,0,0,0,0,,,,,,,,,,,,,,10000,0,0,0,0,0.541097,,,,,,,,,,,,,,,,,,,,,,,
161423.455272,PHASING,8,0,1,None,Holding,0,368969.369576,7685.183222,7388.371781,-4.711419,0,0,3448147.285186,8700.73507,,,,,,,1,,,,,,,,,,,,,,,,0,0,0,,369.884554,350.371754,51.624769,0.008126,,,,,,,,,,,,,,Phasing,0,-663870.764451,0,663870.764451,0,,,,,,,,,,,,,,,,ResourceCritical,SafeMode,1,None,,,,,,1,0,0,0,0,,,,,,,,,,,,,,10000,0,0,0,0,0.498151,,,,,,,,,,,,,,,,,,,,,,,
161623.455272,PHASING,8,0,1,None,Holding,0,367805.94083,7686.512012,7391.088815,-6.875268,0,0,3566951.998098,8700.73507,,,,,,,1,,,,,,,,,,,,,,,,0,0,0,,369.884554,350.371754,51.624769,0.008126,,,,,,,,,,,,,,Phasing,0,-663870.764451,0,663870.764451,0,,,,,,,,,,,,,,,,ResourceCritical,SafeMode,1,None,,,,,,1,0,0,0,0,,,,,,,,,,,,,,10000,0,0,0,0,0.468944,,,,,,,,,,,,,,,,,,,,,,,
161623.455272,PHASING,8,0,1,None,Holding,0,366243.503742,7688.296732,7393.332637,-8.683757,0,0,4126628.248099,8700.73507,,,,,,,1,,,,,,,,,,,,,,,,0,0,0,,369.884554,350.371754,51.624769,0.008126,,,,,,,,,,,,,,Phasing,0,-663870.764451,0,663870.764451,0,,,,,,,,,,,,,,,,ResourceCritical,SafeMode,1,None,,,,,,1,0,0,0,0,,,,,,,,,,,,,,10000,0,0,0,0,0.443734,,,,,,,,,,,,,,,,,,,,,,,
162023.455272,PHASING,8,0,1,None,Holding,0,364362.796777,7690.445322,7394.92773,-10.042661,0,0,4984583.049322,8700.73507,,,,,,,1,,,,,,,,,,,,,,,,0,0,0,,369.884554,350.371754,51.624769,0.008126,,,,,,,,,,,,,,Phasing,0,-663870.764451,0,663870.764451,0,,,,,,,,,,,,,,,,ResourceCritical,SafeMode,1,None,,,,,,1,0,0,0,0,,,,,,,,,,,,,,10000,0,0,0,0,0.424207,,,,,,,,,,,,,,,,,,,,,,,
162223.455272,PHASING,8,0,1,None,Holding,0,362261.270012,7692.846704,7395.889014,-10.880832,0,0,6016694.659422,8700.73507,,,,,,,1,,,,,,,,,,,,,,,,0,0,0,,369.884554,350.371754,51.624769,0.008126,,,,,,,,,,,,,,Phasing,0,-663870.764451,0,663870.764451,0,,,,,,,,,,,,,,,,ResourceCritical,SafeMode,1,None,,,,,,1,0,0,0,0,,,,,,,,,,,,,,10000,0,0,0,0,0.396515,,,,,,,,,,,,,,,,,,,,,,,
162423.455272,PHASING,8,0,1,None,Holding,0,360048.074212,7695.376405,7396.401318,-11.15368,0,0,7148760.462819,8700.73507,,,,,,,1,,,,,,,,,,,,,,,,0,0,0,,369.884554,350.371754,51.624769,0.008126,,,,,,,,,,,,,,Phasing,0,-663870.764451,0,663870.764451,0,,,,,,,,,,,,,,,,ResourceCritical,SafeMode,1,None,,,,,,1,0,0,0,0,,,,,,,,,,,,,,10000,0,0,0,0,0.386057,,,,,,,,,,,,,,,,,,,,,,,
162623.455272,PHASING,8,0,1,None,Holding,0,357838.406667,7697.902927,7396.762009,-10.845894,0,0,8339756.776926,8700.73507,,,,,,,1,,,,,,,,,,,,,,,,0,0,0,,369.884554,350.371754,51.624769,0.008126,,,,,,,,,,,,,,Phasing,0,-663870.764451,0,663870.764451,0,,,,,,,,,,,,,,,,ResourceCritical,SafeMode,1,None,,,,,,1,0,0,0,0,,,,,,,,,,,,,,10000,0,0,0,0,0.390367,,,,,,,,,,,,,,,,,,,,,,,
162823.455272,PHASING,8,0,1,None,Holding,0,355747.325863,7700.294557,7397.299236,-9.972293,0,0,9565878.846152,8700.73507,,,,,,,1,,,,,,,,,,,,,,,,0,0,0,,369.884554,350.371754,51.624769,0.008126,,,,,,,,,,,,,,Phasing,0,-663870.764451,0,663870.764451,0,,,,,,,,,,,,,,,,ResourceCritical,SafeMode,1,None,,,,,,1,0,0,0,0,,,,,,,,,,,,,,10000,0,0,0,0,0.400379,,,,,,,,,,,,,,,,,,,,,,,
163023.455272,PHASING,8,0,1,None,Holding,0,353884.098186,7702.42626,7398.283461,-8.577656,0,0,10811531.287971,8700.73507,,,,,,,1,,,,,,,,,,,,,,,,0,0,0,,369.884554,350.371754,51.624769,0.008126,,,,,,,,,,,,,,Phasing,0,-663870.764451,0,663870.764451,0,,,,,,,,,,,,,,,,ResourceCritical,SafeMode,1,None,,,,,,1,0,0,0,0,,,,,,,,,,,,,,10000,0,0,0,0,0.409142,,,,,,,,,,,,,,,,,,,,,,,
163223.455272,PHASING,8,0,1,None,Holding,0,352346.084997,7704.186302,7399.851602,-6.734089,0,0,12064249.58706,8700.73507,,,,,,,1,,,,,,,,,,,,,,,,0,0,0,,369.884554,350.371754,51.624769,0.008126,,,,,,,,,,,,,,Phasing,0,-663870.764451,0,663870.764451,0,,,,,,,,,,,,,,,,ResourceCritical,SafeMode,1,None,,,,,,1,0,0,0,0,,,,,,,,,,,,,,10000,0,0,0,0,0.492225,,,,,,,,,,,,,,,,,,,,,,,
163423.455272,PHASING,8,0,1,None,Holding,0,351213.747169,7705.482222,7401.960735,-4.537651,0,0,13310883.826054,8700.73507,,,,,,,1,,,,,,,,,,,,,,,,0,0,0,,369.884554,350.371754,51.624769,0.008126,,,,,,,,,,,,,,Phasing,0,-663870.764451,0,663870.764451,0,,,,,,,,,,,,,,,,ResourceCritical,SafeMode,1,None,,,,,,1,0,0,0,0,,,,,,,,,,,,,,10000,0,0,0,0,0.555474,,,,,,,,,,,,,,,,,,,,,,,
163623.455272,PHASING,8,0,1,None,Holding,0,350546.468167,7706.245823,7404.382135,-2.103095,0,0,14532678.439954,8700.73507,,,,,,,1,,,,,,,,,,,,,,,,0,0,0,,369.884554,350.371754,51.624769,0.008126,,,,,,,,,,,,,,Phasing,0,-663870.764451,0,663870.764451,0,,,,,,,,,,,,,,,,ResourceCritical,SafeMode,1,None,,,,,,1,0,0,0,0,,,,,,,,,,,,,,10000,0,0,0,0,0.597669,,,,,,,,,,,,,,,,,,,,,,,
163823.455272,PHASING,8,0,1,None,Holding,0,350379.168431,7706.436872,7406.737782,0.441697,0,0,15695087.054601,8700.73507,,,,,,,1,,,,,,,,,,,,,,,,0,0,0,,369.884554,350.371754,51.624769,0.008126,,,,,,,,,,,,,,Phasing,0,-663870.764451,0,663870.764451,0,,,,,,,,,,,,,,,,ResourceCritical,SafeMode,1,None,,,,,,1,0,0,0,0,,,,,,,,,,,,,,10000,0,0,0,0,0.609639,,,,,,,,,,,,,,,,,,,,,,,
164023.455272,PHASING,8,0,1,None,Holding,0,350720.802638,7706.045299,7408.572238,2.96336,0,0,16721456.320263,8700.73507,,,,,,,1,,,,,,,,,,,,,,,,0,0,0,,369.884554,350.371754,51.624769,0.008126,,,,,,,,,,,,,,Phasing,0,-663870.764451,0,663870.764451,0,,,,,,,,,,,,,,,,ResourceCritical,SafeMode,1,None,,,,,,1,0,0,0,0,,,,,,,,,,,,,,10000,0,0,0,0,0.63162,,,,,,,,,,,,,,,,,,,,,,,
164023.455272,PHASING,8,0,1,None,Holding,0,351553.484735,7705.091743,7409.445141,5.329526,0,0,17431140.689949,8700.73507,,,,,,,1,,,,,,,,,,,,,,,,0,0,0,,369.884554,350.371754,51.624769,0.008126,,,,,,,,,,,,,,Phasing,0,-663870.764451,0,663870.764451,0,,,,,,,,,,,,,,,,ResourceCritical,SafeMode,1,None,,,,,,1,0,0,0,0,,,,,,,,,,,,,,10000,0,0,0,0,0.641282,,,,,,,,,,,,,,,,,,,,,,,
164423.455272,PHASING,8,0,1,None,Holding,0,352833.530277,7703.626427,7409.025117,7.416308,0,0,17525988.864905,8700.73507,,,,,,,1,,,,,,,,,,,,,,,,0,0,0,,369.884554,350.371754,51.624769,0.008126,,,,,,,,,,,,,,Phasing,0,-663870.764451,0,663870.764451,0,,,,,,,,,,,,,,,,ResourceCritical,SafeMode,1,None,,,,,,1,0,0,0,0,,,,,,,,,,,,,,10000,0,0,0,0,0.640974,,,,,,,,,,,,,,,,,,,,,,,
164423.455272,PHASING,8,0,1,None,Holding,0,354493.80385,7701.726422,7407.165618,9.114516,0,0,16942838.438118,8700.73507,,,,,,,1,,,,,,,,,,,,,,,,0,0,0,,369.884554,350.371754,51.624769,0.008126,,,,,,,,,,,,,,Phasing,0,-663870.764451,0,663870.764451,0,,,,,,,,,,,,,,,,ResourceCritical,SafeMode,1,None,,,,,,1,0,0,0,0,,,,,,,,,,,,,,10000,0,0,0,0,0.643006,,,,,,,,,,,,,,,,,,,,,,,
164823.455272,PHASING,8,0,1,None,Holding,0,356447.379823,7699.491467,7403.946869,10.335947,0,0,15961684.95393,8700.73507,,,,,,,1,,,,,,,,,,,,,,,,0,0,0,,369.884554,350.371754,51.624769,0.008126,,,,,,,,,,,,,,Phasing,0,-663870.764451,0,663870.764451,0,,,,,,,,,,,,,,,,ResourceCritical,SafeMode,1,None,,,,,,1,0,0,0,0,,,,,,,,,,,,,,10000,0,0,0,0,0.63581,,,,,,,,,,,,,,,,,,,,,,,
165023.455272,PHASING,8,0,1,None,Holding,0,358592.086992,7697.03861,7399.674908,11.017566,0,0,14801161.064157,8700.73507,,,,,,,1,,,,,,,,,,,,,,,,0,0,0,,369.884554,350.371754,51.624769,0.008126,,,,,,,,,,,,,,Phasing,0,-663870.764451,0,663870.764451,0,,,,,,,,,,,,,,,,ResourceCritical,SafeMode,1,None,,,,,,1,0,0,0,0,,,,,,,,,,,,,,10000,0,0,0,0,0.640001,,,,,,,,,,,,,,,,,,,,,,,
165223.455272,PHASING,8,0,1,None,Holding,0,360816.049616,7694.495963,7394.837197,11.125012,0,0,13556670.266046,8700.73507,,,,,,,1,,,,,,,,,,,,,,,,0,0,0,,369.884554,350.371754,51.624769,0.008126,,,,,,,,,,,,,,Phasing,0,-663870.764451,0,663870.764451,0,,,,,,,,,,,,,,,,ResourceCritical,SafeMode,1,None,,,,,,1,0,0,0,0,,,,,,,,,,,,,,10000,0,0,0,0,0.637786,,,,,,,,,,,,,,,,,,,,,,,
165423.455272,PHASING,8,0,1,None,Holding,0,363003.417451,7691.995947,7390.022897,10.653621,0,0,12268590.655873,8700.73507,,,,,,,1,,,,,,,,,,,,,,,,0,0,0,,369.884554,350.371754,51.624769,0.008126,,,,,,,,,,,,,,Phasing,0,-663870.764451,0,663870.764451,0,,,,,,,,,,,,,,,,ResourceCritical,SafeMode,1,None,,,,,,1,0,0,0,0,,,,,,,,,,,,,,10000,0,0,0,0,0.63202,,,,,,,,,,,,,,,,,,,,,,,
165623.455272,PHASING,8,0,1,None,Holding,0,365040.628494,7689.668387,7385.822966,9.629048,0,0,10956015.639442,8700.73507,,,,,,,1,,,,,,,,,,,,,,,,0,0,0,,369.884554,350.371754,51.624769,0.008126,,,,,,,,,,,,,,Phasing,0,-663870.764451,0,663870.764451,0,,,,,,,,,,,,,,,,ResourceCritical,SafeMode,1,None,,,,,,1,0,0,0,0,,,,,,,,,,,,,,10000,0,0,0,0,0.636443,,,,,,,,,,,,,,,,,,,,,,,
165823.455272,PHASING,8,0,1,None,Holding,0,366822.044738,7687.633817,7382.729413,8.105419,0,0,9629310.87992,8700.73507,,,,,,,1,,,,,,,,,,,,,,,,0,0,0,,369.884554,350.371754,51.624769,0.008126,,,,,,,,,,,,,,Phasing,0,-663870.764451,0,663870.764451,0,,,,,,,,,,,,,,,,ResourceCritical,SafeMode,1,None,,,,,,1,0,0,0,0,,,,,,,,,,,,,,10000,0,0,0,0,0.637177,,,,,,,,,,,,,,,,,,,,,,,
166023.455272,PHASING,8,0,1,None,Holding,0,368255.377836,7685.997334,7381.053397,6.162513,0,0,8295172.410075,8700.73507,,,,,,,1,,,,,,,,,,,,,,,,0,0,0,,369.884554,350.371754,51.624769,0.008126,,,,,,,,,,,,,,Phasing,0,-663870.764451,0,663870.764451,0,,,,,,,,,,,,,,,,ResourceCritical,SafeMode,1,None,,,,,,1,0,0,0,0,,,,,,,,,,,,,,10000,0,0,0,0,0.634696,,,,,,,,,,,,,,,,,,,,,,,
166223.455272,PHASING,8,0,1,None,Holding,0,369266.51101,7684.843293,7380.87815,3.901065,0,0,6959211.535037,8700.73507,,,,,,,1,,,,,,,,,,,,,,,,0,0,0,,369.884554,350.371754,51.624769,0.008126,,,,,,,,,,,,,,Phasing,0,-663870.764451,0,663870.764451,0,,,,,,,,,,,,,,,,ResourceCritical,SafeMode,1,None,,,,,,1,0,0,0,0,,,,,,,,,,,,,,10000,0,0,0,0,0.639723,,,,,,,,,,,,,,,,,,,,,,,
166423.455272,PHASING,8,0,1,None,Holding,0,369803.126676,7684.231086,7382.055614,1.438163,0,0,5628197.143894,8700.73507,,,,,,,1,,,,,,,,,,,,,,,,0,0,0,,369.884554,350.371754,51.624769,0.008126,,,,,,,,,,,,,,Phasing,0,-663870.764451,0,663870.764451,0,,,,,,,,,,,,,,,,ResourceCritical,SafeMode,1,None,,,,,,1,0,0,0,0,,,,,,,,,,,,,,10000,0,0,0,0,0.627961,,,,,,,,,,,,,,,,,,,,,,,
166623.455272,PHASING,8,0,1,None,Holding,0,369837.53399,7684.192187,7384.246699,-1.098883,0,0,4314138.106465,8700.73507,,,,,,,1,,,,,,,,,,,,,,,,0,0,0,,369.884554,350.371754,51.624769,0.008126,,,,,,,,,,,,,,Phasing,0,-663870.764451,0,663870.764451,0,,,,,,,,,,,,,,,,ResourceCritical,SafeMode,1,None,,,,,,1,0,0,0,0,,,,,,,,,,,,,,10000,0,0,0,0,0.547431,,,,,,,,,,,,,,,,,,,,,,,
166823.455272,PHASING,8,0,1,None,Holding,0,369367.839031,7684.728595,7386.996184,-3.57943,0,0,3047013.359299,8700.73507,,,,,,,1,,,,,,,,,,,,,,,,0,0,0,,369.884554,350.371754,51.624769,0.008126,,,,,,,,,,,,,,Phasing,0,-663870.764451,0,663870.764451,0,,,,,,,,,,,,,,,,ResourceCritical,SafeMode,1,None,,,,,,1,0,0,0,0,,,,,,,,,,,,,,10000,0,0,0,0,0.500413,,,,,,,,,,,,,,,,,,,,,,,
166823.455272,PHASING,8,0,1,None,Holding,0,368418.388037,7685.812735,7389.826422,-5.875074,0,0,1931992.516392,8700.73507,,,,,,,1,,,,,,,,,,,,,,,,0,0,0,,369.884554,350.371754,51.624769,0.008126,,,,,,,,,,,,,,Phasing,0,-663870.764451,0,663870.764451,0,,,,,,,,,,,,,,,,ResourceCritical,SafeMode,1,None,,,,,,1,0,0,0,0,,,,,,,,,,,,,,10000,0,0,0,0,0.462183,,,,,,,,,,,,,,,,,,,,,,,
167223.455272,PHASING,8,0,1,None,Holding,0,367038.297752,7687.388822,7392.330593,-7.867097,0,0,1410384.507277,8700.73507,,,,,,,1,,,,,,,,,,,,,,,,0,0,0,,369.884554,350.371754,51.624769,0.008126,,,,,,,,,,,,,,Phasing,0,-663870.764451,0,663870.764451,0,,,,,,,,,,,,,,,,ResourceCritical,SafeMode,1,None,,,,,,1,0,0,0,0,,,,,,,,,,,,,,10000,0,0,0,0,0.447538,,,,,,,,,,,,,,,,,,,,,,,
167423.455272,PHASING,8,0,1,None,Holding,0,365298.928639,7689.375636,7394.246815,-9.45211,0,0,2020546.478489,8700.73507,,,,,,,1,,,,,,,,,,,,,,,,0,0,0,,369.884554,350.371754,51.624769,0.008126,,,,,,,,,,,,,,Phasing,0,-663870.764451,0,663870.764451,0,,,,,,,,,,,,,,,,ResourceCritical,SafeMode,1,None,,,,,,1,0,0,0,0,,,,,,,,,,,,,,10000,0,0,0,0,0.433576,,,,,,,,,,,,,,,,,,,,,,,
167623.455272,PHASING,8,0,1,None,Holding,0,363290.385706,7691.670577,7395.498642,-10.547248,0,0,3168370.653766,8700.73507,,,,,,,1,,,,,,,,,,,,,,,,0,0,0,,369.884554,350.371754,51.624769,0.008126,,,,,,,,,,,,,,Phasing,0,-663870.764451,0,663870.764451,0,,,,,,,,,,,,,,,,ResourceCritical,SafeMode,1,None,,,,,,1,0,0,0,0,,,,,,,,,,,,,,10000,0,0,0,0,0.423211,,,,,,,,,,,,,,,,,,,,,,,
167823.455272,PHASING,8,0,1,None,Holding,0,361116.77491,7694.154843,7396.194483,-11.094871,0,0,4458742.917004,8700.73507,,,,,,,1,,,,,,,,,,,,,,,,0,0,0,,369.884554,350.371754,51.624769,0.008126,,,,,,,,,,,,,,Phasing,0,-663870.764451,0,663870.764451,0,,,,,,,,,,,,,,,,ResourceCritical,SafeMode,1,None,,,,,,1,0,0,0,0,,,,,,,,,,,,,,10000,0,0,0,0,0.410156,,,,,,,,,,,,,,,,,,,,,,,
168023.455272,PHASING,8,0,1,None,Holding,0,358890.968712,7696.699476,7396.586776,-11.06555,0,0,5799049.761282,8700.73507,,,,,,,1,,,,,,,,,,,,,,,,0,0,0,,369.884554,350.371754,51.624769,0.008126,,,,,,,,,,,,,,Phasing,0,-663870.764451,0,663870.764451,0,,,,,,,,,,,,,,,,ResourceCritical,SafeMode,1,None,,,,,,1,0,0,0,0,,,,,,,,,,,,,,10000,0,0,0,0,0.38357,,,,,,,,,,,,,,,,,,,,,,,
168223.455272,PHASING,8,0,1,None,Holding,0,356728.835272,7699.172004,7396.999982,-10.459707,0,0,7162582.319293,8700.73507,,,,,,,1,,,,,,,,,,,,,,,,0,0,0,,369.884554,350.371754,51.624769,0.008126,,,,,,,,,,,,,,Phasing,0,-663870.764451,0,663870.764451,0,,,,,,,,,,,,,,,,ResourceCritical,SafeMode,1,None,,,,,,1,0,0,0,0,,,,,,,,,,,,,,10000,0,0,0,0,0.38594,,,,,,,,,,,,,,,,,,,,,,,
168423.455272,PHASING,8,0,1,None,Holding,0,354743.133402,7701.443334,7397.742927,-9.307837,0,0,8539102.238535,8700.73507,,,,,,,1,,,,,,,,,,,,,,,,0,0,0,,369.884554,350.371754,51.624769,0.008126,,,,,,,,,,,,,,Phasing,0,-663870.764451,0,663870.764451,0,,,,,,,,,,,,,,,,ResourceCritical,SafeMode,1,None,,,,,,1,0,0,0,0,,,,,,,,,,,,,,10000,0,0,0,0,0.401472,,,,,,,,,,,,,,,,,,,,,,,
168623.455272,PHASING,8,0,1,None,Holding,0,353037.656094,7703.394558,7399.024545,-7.66913,0,0,9923769.039647,8700.73507,,,,,,,1,,,,,,,,,,,,,,,,0,0,0,,369.884554,350.371754,51.624769,0.008126,,,,,,,,,,,,,,Phasing,0,-663870.764451,0,663870.764451,0,,,,,,,,,,,,,,,,ResourceCritical,SafeMode,1,None,,,,,,1,0,0,0,0,,,,,,,,,,,,,,10000,0,0,0,0,0.411154,,,,,,,,,,,,,,,,,,,,,,,
168823.455272,PHASING,8,0,1,None,Holding,0,351701.724994,7704.923277,7400.891584,-5.62867,0,0,11313870.504635,8700.73507,,,,,,,1,,,,,,,,,,,,,,,,0,0,0,,369.884554,350.371754,51.624769,0.008126,,,,,,,,,,,,,,Phasing,0,-663870.764451,0,663870.764451,0,,,,,,,,,,,,,,,,ResourceCritical,SafeMode,1,None,,,,,,1,0,0,0,0,,,,,,,,,,,,,,10000,0,0,0,0,0.503981,,,,,,,,,,,,,,,,,,,,,,,
169023.455272,PHASING,8,0,1,None,Holding,0,350805.383946,7705.949102,7403.202468,-3.293151,0,0,12707617.680837,8700.73507,,,,,,,1,,,,,,,,,,,,,,,,0,0,0,,369.884554,350.371754,51.624769,0.008126,,,,,,,,,,,,,,Phasing,0,-663870.764451,0,663870.764451,0,,,,,,,,,,,,,,,,ResourceCritical,SafeMode,1,None,,,,,,1,0,0,0,0,,,,,,,,,,,,,,10000,0,0,0,0,0.55245,,,,,,,,,,,,,,,,,,,,,,,
169223.455272,PHASING,8,0,1,None,Holding,0,350395.71316,7706.418014,7405.643746,-0.784648,0,0,14103580.158239,8700.73507,,,,,,,1,,,,,,,,,,,,,,,,0,0,0,,369.884554,350.371754,51.624769,0.008126,,,,,,,,,,,,,,Phasing,0,-663870.764451,0,663870.764451,0,,,,,,,,,,,,,,,,ResourceCritical,SafeMode,1,None,,,,,,1,0,0,0,0,,,,,,,,,,,,,,10000,0,0,0,0,0.591224,,,,,,,,,,,,,,,,,,,,,,,
169423.455272,PHASING,8,0,1,None,Holding,0,350493.970197,7706.305297,7407.786438,1.764907,0,0,15500237.685751,8700.73507,,,,,,,1,,,,,,,,,,,,,,,,0,0,0,,369.884554,350.371754,51.624769,0.008126,,,,,,,,,,,,,,Phasing,0,-663870.764451,0,663870.764451,0,,,,,,,,,,,,,,,,ResourceCritical,SafeMode,1,None,,,,,,1,0,0,0,0,,,,,,,,,,,,,,10000,0,0,0,0,0.620496,,,,,,,,,,,,,,,,,,,,,,,
169623.455272,PHASING,8,0,1,None,Holding,0,351095.153197,7705.616895,7409.170843,4.221904,0,0,16895045.857267,8700.73507,,,,,,,1,,,,,,,,,,,,,,,,0,0,0,,369.884554,350.371754,51.624769,0.008126,,,,,,,,,,,,,,Phasing,0,-663870.764451,0,663870.764451,0,,,,,,,,,,,,,,,,ResourceCritical,SafeMode,1,None,,,,,,1,0,0,0,0,,,,,,,,,,,,,,10000,0,0,0,0,0.629578,,,,,,,,,,,,,,,,,,,,,,,
169623.455272,PHASING,8,0,1,None,Holding,0,352167.544779,7704.389079,7409.402284,6.457231,0,0,18279581.431362,8700.73507,,,,,,,1,,,,,,,,,,,,,,,,0,0,0,,369.884554,350.371754,51.624769,0.008126,,,,,,,,,,,,,,Phasing,0,-663870.764451,0,663870.764451,0,,,,,,,,,,,,,,,,ResourceCritical,SafeMode,1,None,,,,,,1,0,0,0,0,,,,,,,,,,,,,,10000,0,0,0,0,0.648615,,,,,,,,,,,,,,,,,,,,,,,
170023.455272,PHASING,8,0,1,None,Holding,0,353655.024874,7702.686478,7408.237908,8.354108,0,0,19542705.681142,8700.73507,,,,,,,1,,,,,,,,,,,,,,,,0,0,0,,369.884554,350.371754,51.624769,0.008126,,,,,,,,,,,,,,Phasing,0,-663870.764451,0,663870.764451,0,,,,,,,,,,,,,,,,ResourceCritical,SafeMode,1,None,,,,,,1,0,0,0,0,,,,,,,,,,,,,,10000,0,0,0,0,0.65703,,,,,,,,,,,,,,,,,,,,,,,
170023.455272,PHASING,8,0,1,None,Holding,0,355479.631341,7700.598557,7405.646497,9.813749,0,0,18844533.962287,8700.73507,,,,,,,1,,,,,,,,,,,,,,,,0,0,0,,369.884554,350.371754,51.624769,0.008126,,,,,,,,,,,,,,Phasing,0,-663870.764451,0,663870.764451,0,,,,,,,,,,,,,,,,ResourceCritical,SafeMode,1,None,,,,,,1,0,0,0,0,,,,,,,,,,,,,,10000,0,0,0,0,0.648719,,,,,,,,,,,,,,,,,,,,,,,
170423.455272,PHASING,8,0,1,None,Holding,0,357546.062365,7698.234791,7401.8287,10.760508,0,0,17475164.328225,8700.73507,,,,,,,1,,,,,,,,,,,,,,,,0,0,0,,369.884554,350.371754,51.624769,0.008126,,,,,,,,,,,,,,Phasing,0,-663870.764451,0,663870.764451,0,,,,,,,,,,,,,,,,ResourceCritical,SafeMode,1,None,,,,,,1,0,0,0,0,,,,,,,,,,,,,,10000,0,0,0,0,0.644942,,,,,,,,,,,,,,,,,,,,,,,
170623.455272,PHASING,8,0,1,None,Holding,0,359746.371623,7695.718804,7397.192986,11.145973,0,0,16083047.861665,8700.73507,,,,,,,1,,,,,,,,,,,,,,,,0,0,0,,369.884554,350.371754,51.624769,0.008126,,,,,,,,,,,,,,Phasing,0,-663870.764451,0,663870.764451,0,,,,,,,,,,,,,,,,ResourceCritical,SafeMode,1,None,,,,,,1,0,0,0,0,,,,,,,,,,,,,,10000,0,0,0,0,0.627897,,,,,,,,,,,,,,,,,,,,,,,
170823.455272,PHASING,8,0,1,None,Holding,0,361965.927975,7693.181811,7392.291367,10.95103,0,0,14686714.606537,8700.73507,,,,,,,1,,,,,,,,,,,,,,,,0,0,0,,369.884554,350.371754,51.624769,0.008126,,,,,,,,,,,,,,Phasing,0,-663870.764451,0,663870.764451,0,,,,,,,,,,,,,,,,ResourceCritical,SafeMode,1,None,,,,,,1,0,0,0,0,,,,,,,,,,,,,,10000,0,0,0,0,0.628873,,,,,,,,,,,,,,,,,,,,,,,
171023.455272,PHASING,8,0,1,None,Holding,0,364089.083149,7690.755739,7387.726938,10.187037,0,0,13289514.467357,8700.73507,,,,,,,1,,,,,,,,,,,,,,,,0,0,0,,369.884554,350.371754,51.624769,0.008126,,,,,,,,,,,,,,Phasing,0,-663870.764451,0,663870.764451,0,,,,,,,,,,,,,,,,ResourceCritical,SafeMode,1,None,,,,,,1,0,0,0,0,,,,,,,,,,,,,,10000,0,0,0,0,0.633713,,,,,,,,,,,,,,,,,,,,,,,
171223.455272,PHASING,8,0,1,None,Holding,0,366005.682916,7688.566388,7384.050999,8.894482,0,0,11892593.351849,8700.73507,,,,,,,1,,,,,,,,,,,,,,,,0,0,0,,369.884554,350.371754,51.624769,0.008126,,,,,,,,,,,,,,Phasing,0,-663870.764451,0,663870.764451,0,,,,,,,,,,,,,,,,ResourceCritical,SafeMode,1,None,,,,,,1,0,0,0,0,,,,,,,,,,,,,,10000,0,0,0,0,0.635923,,,,,,,,,,,,,,,,,,,,,,,
171423.455272,PHASING,8,0,1,None,Holding,0,367616.343095,7686.726982,7381.669807,7.141332,0,0,10496517.295397,8700.73507,,,,,,,1,,,,,,,,,,,,,,,,0,0,0,,369.884554,350.371754,51.624769,0.008126,,,,,,,,,,,,,,Phasing,0,-663870.764451,0,663870.764451,0,,,,,,,,,,,,,,,,ResourceCritical,SafeMode,1,None,,,,,,1,0,0,0,0,,,,,,,,,,,,,,10000,0,0,0,0,0.639902,,,,,,,,,,,,,,,,,,,,,,,
171623.455272,PHASING,8,0,1,None,Holding,0,368837.771528,7685.332427,7380.779172,5.018912,0,0,9101693.285757,8700.73507,,,,,,,1,,,,,,,,,,,,,,,,0,0,0,,369.884554,350.371754,51.624769,0.008126,,,,,,,,,,,,,,Phasing,0,-663870.764451,0,663870.764451,0,,,,,,,,,,,,,,,,ResourceCritical,SafeMode,1,None,,,,,,1,0,0,0,0,,,,,,,,,,,,,,10000,0,0,0,0,0.638925,,,,,,,,,,,,,,,,,,,,,,,
171823.455272,PHASING,8,0,1,None,Holding,0,369606.863054,7684.454542,7381.339562,2.637176,0,0,7708580.855709,8700.73507,,,,,,,1,,,,,,,,,,,,,,,,0,0,0,,369.884554,350.371754,51.624769,0.008126,,,,,,,,,,,,,,Phasing,0,-663870.764451,0,663870.764451,0,,,,,,,,,,,,,,,,ResourceCritical,SafeMode,1,None,,,,,,1,0,0,0,0,,,,,,,,,,,,,,10000,0,0,0,0,0.636228,,,,,,,,,,,,,,,,,,,,,,,
172023.455272,PHASING,8,0,1,None,Holding,0,369883.948057,7684.13848,7383.096025,0.119363,0,0,6317940.65126,8700.73507,,,,,,,1,,,,,,,,,,,,,,,,0,0,0,,369.884554,350.371754,51.624769,0.008126,,,,,,,,,,,,,,Phasing,0,-663870.764451,0,663870.764451,0,,,,,,,,,,,,,,,,ResourceCritical,SafeMode,1,None,,,,,,1,0,0,0,0,,,,,,,,,,,,,,10000,0,0,0,0,0.556474,,,,,,,,,,,,,,,,,,,,,,,
172023.455272,PHASING,8,0,1,None,Holding,0,369654.7912,7684.400485,7385.638095,-2.404509,0,0,4931379.401723,8700.73507,,,,,,,1,,,,,,,,,,,,,,,,0,0,0,,369.884554,350.371754,51.624769,0.008126,,,,,,,,,,,,,,Phasing,0,-663870.764451,0,663870.764451,0,,,,,,,,,,,,,,,,ResourceCritical,SafeMode,1,None,,,,,,1,0,0,0,0,,,,,,,,,,,,,,10000,0,0,0,0,0.5044,,,,,,,,,,,,,,,,,,,,,,,
172423.455272,PHASING,8,0,1,None,Holding,0,368931.169421,7685.227091,7388.486757,-4.804271,0,0,3553070.392319,8700.73507,,,,,,,1,,,,,,,,,,,,,,,,0,0,0,,369.884554,350.371754,51.624769,0.008126,,,,,,,,,,,,,,Phasing,0,-663870.764451,0,663870.764451,0,,,,,,,,,,,,,,,,ResourceCritical,SafeMode,1,None,,,,,,1,0,0,0,0,,,,,,,,,,,,,,10000,0,0,0,0,0.468385,,,,,,,,,,,,,,,,,,,,,,,
172623.455272,PHASING,8,0,1,None,Holding,0,367750.272762,7686.575788,7391.190376,-6.955917,0,0,2197756.422636,8700.73507,,,,,,,1,,,,,,,,,,,,,,,,0,0,0,,369.884554,350.371754,51.624769,0.008126,,,,,,,,,,,,,,Phasing,0,-663870.764451,0,663870.764451,0,,,,,,,,,,,,,,,,ResourceCritical,SafeMode,1,None,,,,,,1,0,0,0,0,,,,,,,,,,,,,,10000,0,0,0,0,0.452562,,,,,,,,,,,,,,,,,,,,,,,
172823.455272,PHASING,8,0,1,None,Holding,0,366173.199395,7688.377128,7393.410137,-8.748015,0,0,965792.686659,8700.73507,,,,,,,1,,,,,,,,,,,,,,,,0,0,0,,369.884554,350.371754,51.624769,0.008126,,,,,,,,,,,,,,Phasing,0,-663870.764451,0,663870.764451,0,,,,,,,,,,,,,,,,ResourceCritical,SafeMode,1,None,,,,,,1,0,0,0,0,,,,,,,,,,,,,,10000,0,0,0,0,0.429928,,,,,,,,,,,,,,,,,,,,,,,
173023.455272,PHASING,8,0,1,None,Holding,0,364281.513413,7690.538187,7394.978085,-10.087159,0,0,963784.957026,8700.73507,,,,,,,1,,,,,,,,,,,,,,,,0,0,0,,369.884554,350.371754,51.624769,0.008126,,,,,,,,,,,,,,Phasing,0,-663870.764451,0,663870.764451,0,,,,,,,,,,,,,,,,ResourceCritical,SafeMode,1,None,,,,,,1,0,0,0,0,,,,,,,,,,,,,,10000,0,0,0,0,0.412943,,,,,,,,,,,,,,,,,,,,,,,
173223.455272,PHASING,8,0,1,None,Holding,0,362173.26107,7692.947231,7395.916672,-10.903201,0,0,2194153.421862,8700.73507,,,,,,,1,,,,,,,,,,,,,,,,0,0,0,,369.884554,350.371754,51.624769,0.008126,,,,,,,,,,,,,,Phasing,0,-663870.764451,0,663870.764451,0,,,,,,,,,,,,,,,,ResourceCritical,SafeMode,1,None,,,,,,1,0,0,0,0,,,,,,,,,,,,,,10000,0,0,0,0,0.400241,,,,,,,,,,,,,,,,,,,,,,,
173423.455272,PHASING,8,0,1,None,Holding,0,359958.041738,7695.479375,7396.416596,-11.152556,0,0,3547217.064501,8700.73507,,,,,,,1,,,,,,,,,,,,,,,,0,0,0,,369.884554,350.371754,51.624769,0.008126,,,,,,,,,,,,,,Phasing,0,-663870.764451,0,663870.764451,0,,,,,,,,,,,,,,,,ResourceCritical,SafeMode,1,None,,,,,,1,0,0,0,0,,,,,,,,,,,,,,10000,0,0,0,0,0.390838,,,,,,,,,,,,,,,,,,,,,,,
173623.455272,PHASING,8,0,1,None,Holding,0,357750.97972,7698.00298,7396.778158,-10.821369,0,0,4921809.770085,8700.73507,,,,,,,1,,,,,,,,,,,,,,,,0,0,0,,369.884554,350.371754,51.624769,0.008126,,,,,,,,,,,,,,Phasing,0,-663870.764451,0,663870.764451,0,,,,,,,,,,,,,,,,ResourceCritical,SafeMode,1,None,,,,,,1,0,0,0,0,,,,,,,,,,,,,,10000,0,0,0,0,0.391771,,,,,,,,,,,,,,,,,,,,,,,
173823.455272,PHASING,8,0,1,None,Holding,0,355667.212736,7700.386469,7397.328871,-9.925702,0,0,6302603.042464,8700.73507,,,,,,,1,,,,,,,,,,,,,,,,0,0,0,,369.884554,350.371754,51.624769,0.008126,,,,,,,,,,,,,,Phasing,0,-663870.764451,0,663870.764451,0,,,,,,,,,,,,,,,,ResourceCritical,SafeMode,1,None,,,,,,1,0,0,0,0,,,,,,,,,,,,,,10000,0,0,0,0,0.395525,,,,,,,,,,,,,,,,,,,,,,,
174023.455272,PHASING,8,0,1,None,Holding,0,353815.251001,7702.505219,7398.335126,-8.511247,0,0,7684630.946867,8700.73507,,,,,,,1,,,,,,,,,,,,,,,,0,0,0,,369.884554,350.371754,51.624769,0.008126,,,,,,,,,,,,,,Phasing,0,-663870.764451,0,663870.764451,0,,,,,,,,,,,,,,,,ResourceCritical,SafeMode,1,None,,,,,,1,0,0,0,0,,,,,,,,,,,,,,10000,0,0,0,0,0.399166,,,,,,,,,,,,,,,,,,,,,,,
174223.455272,PHASING,8,0,1,None,Holding,0,352292.059379,7704.248164,7399.927229,-6.651419,0,0,9065177.883997,8700.73507,,,,,,,1,,,,,,,,,,,,,,,,0,0,0,,369.884554,350.371754,51.624769,0.008126,,,,,,,,,,,,,,Phasing,0,-663870.764451,0,663870.764451,0,,,,,,,,,,,,,,,,ResourceCritical,SafeMode,1,None,,,,,,1,0,0,0,0,,,,,,,,,,,,,,10000,0,0,0,0,0.49847,,,,,,,,,,,,,,,,,,,,,,,
174423.455272,PHASING,8,0,1,None,Holding,0,351177.356892,7705.523734,7402.054581,-4.443146,0,0,10441888.333871,8700.73507,,,,,,,1,,,,,,,,,,,,,,,,0,0,0,,369.884554,350.371754,51.624769,0.008126,,,,,,,,,,,,,,Phasing,0,-663870.764451,0,663870.764451,0,,,,,,,,,,,,,,,,ResourceCritical,SafeMode,1,None,,,,,,1,0,0,0,0,,,,,,,,,,,,,,10000,0,0,0,0,0.546561,,,,,,,,,,,,,,,,,,,,,,,
174623.455272,PHASING,8,0,1,None,Holding,0,350529.627252,7706.264798,7404.481445,-2.001706,0,0,11811875.427497,8700.73507,,,,,,,1,,,,,,,,,,,,,,,,0,0,0,,369.884554,350.371754,51.624769,0.008126,,,,,,,,,,,,,,Phasing,0,-663870.764451,0,663870.764451,0,,,,,,,,,,,,,,,,ResourceCritical,SafeMode,1,None,,,,,,1,0,0,0,0,,,,,,,,,,,,,,10000,0,0,0,0,0.588816,,,,,,,,,,,,,,,,,,,,,,,
174823.455272,PHASING,8,0,1,None,Holding,0,350382.923074,7706.432311,7406.825089,0.544845,0,0,13170701.617532,8700.73507,,,,,,,1,,,,,,,,,,,,,,,,0,0,0,,369.884554,350.371754,51.624769,0.008126,,,,,,,,,,,,,,Phasing,0,-663870.764451,0,663870.764451,0,,,,,,,,,,,,,,,,ResourceCritical,SafeMode,1,None,,,,,,1,0,0,0,0,,,,,,,,,,,,,,10000,0,0,0,0,0.611256,,,,,,,,,,,,,,,,,,,,,,,
175023.455272,PHASING,8,0,1,None,Holding,0,350745.029488,7706.017442,7408.628816,3.062855,0,0,14510281.07579,8700.73507,,,,,,,1,,,,,,,,,,,,,,,,0,0,0,,369.884554,350.371754,51.624769,0.008126,,,,,,,,,,,,,,Phasing,0,-663870.764451,0,663870.764451,0,,,,,,,,,,,,,,,,ResourceCritical,SafeMode,1,None,,,,,,1,0,0,0,0,,,,,,,,,,,,,,10000,0,0,0,0,0.622036,,,,,,,,,,,,,,,,,,,,,,,
175223.455272,PHASING,8,0,1,None,Holding,0,351596.860206,7705.042057,7409.454906,5.420099,0,0,15813170.21947,8700.73507,,,,,,,1,,,,,,,,,,,,,,,,0,0,0,,369.884554,350.371754,51.624769,0.008126,,,,,,,,,,,,,,Phasing,0,-663870.764451,0,663870.764451,0,,,,,,,,,,,,,,,,ResourceCritical,SafeMode,1,None,,,,,,1,0,0,0,0,,,,,,,,,,,,,,10000,0,0,0,0,0.638177,,,,,,,,,,,,,,,,,,,,,,,
175423.455272,PHASING,8,0,1,None,Holding,0,352893.797367,7703.557529,7408.978159,7.493187,0,0,17033315.703452,8700.73507,,,,,,,1,,,,,,,,,,,,,,,,0,0,0,,369.884554,350.371754,51.624769,0.008126,,,,,,,,,,,,,,Phasing,0,-663870.764451,0,663870.764451,0,,,,,,,,,,,,,,,,ResourceCritical,SafeMode,1,None,,,,,,1,0,0,0,0,,,,,,,,,,,,,,10000,0,0,0,0,0.63697,,,,,,,,,,,,,,,,,,,,,,,
175423.455272,PHASING,8,0,1,None,Holding,0,354567.757857,7701.641931,7407.060641,9.173678,0,0,18018227.278801,8700.73507,,,,,,,1,,,,,,,,,,,,,,,,0,0,0,,369.884554,350.371754,51.624769,0.008126,,,,,,,,,,,,,,Phasing,0,-663870.764451,0,663870.764451,0,,,,,,,,,,,,,,,,ResourceCritical,SafeMode,1,None,,,,,,1,0,0,0,0,,,,,,,,,,,,,,10000,0,0,0,0,0.648933,,,,,,,,,,,,,,,,,,,,,,,
175823.455272,PHASING,8,0,1,None,Holding,0,356531.057942,7699.395815,7403.792017,10.374256,0,0,18306331.048474,8700.73507,,,,,,,1,,,,,,,,,,,,,,,,0,0,0,,369.884554,350.371754,51.624769,0.008126,,,,,,,,,,,,,,Phasing,0,-663870.764451,0,663870.764451,0,,,,,,,,,,,,,,,,ResourceCritical,SafeMode,1,None,,,,,,1,0,0,0,0,,,,,,,,,,,,,,10000,0,0,0,0,0.650017,,,,,,,,,,,,,,,,,,,,,,,
175823.455272,PHASING,8,0,1,None,Holding,0,358681.087503,7696.936799,7399.486784,11.033034,0,0,17636740.908035,8700.73507,,,,,,,1,,,,,,,,,,,,,,,,0,0,0,,369.884554,350.371754,51.624769,0.008126,,,,,,,,,,,,,,Phasing,0,-663870.764451,0,663870.764451,0,,,,,,,,,,,,,,,,ResourceCritical,SafeMode,1,None,,,,,,1,0,0,0,0,,,,,,,,,,,,,,10000,0,0,0,0,0.642716,,,,,,,,,,,,,,,,,,,,,,,
176223.455272,PHASING,8,0,1,None,Holding,0,360905.779182,7694.393302,7394.638248,11.116925,0,0,16528048.153418,8700.73507,,,,,,,1,,,,,,,,,,,,,,,,0,0,0,,369.884554,350.371754,51.624769,0.008126,,,,,,,,,,,,,,Phasing,0,-663870.764451,0,663870.764451,0,,,,,,,,,,,,,,,,ResourceCritical,SafeMode,1,None,,,,,,1,0,0,0,0,,,,,,,,,,,,,,10000,0,0,0,0,0.6409,,,,,,,,,,,,,,,,,,,,,,,
176423.455272,PHASING,8,0,1,None,Holding,0,363089.350747,7691.897775,7389.837652,10.622485,0,0,15284036.872707,8700.73507,,,,,,,1,,,,,,,,,,,,,,,,0,0,0,,369.884554,350.371754,51.624769,0.008126,,,,,,,,,,,,,,Phasing,0,-663870.764451,0,663870.764451,0,,,,,,,,,,,,,,,,ResourceCritical,SafeMode,1,None,,,,,,1,0,0,0,0,,,,,,,,,,,,,,10000,0,0,0,0,0.634601,,,,,,,,,,,,,,,,,,,,,,,
176623.455272,PHASING,8,0,1,None,Holding,0,365118.28985,7689.579795,7385.673846,9.576669,0,0,13992541.195775,8700.73507,,,,,,,1,,,,,,,,,,,,,,,,0,0,0,,369.884554,350.371754,51.624769,0.008126,,,,,,,,,,,,,,Phasing,0,-663870.764451,0,663870.764451,0,,,,,,,,,,,,,,,,ResourceCritical,SafeMode,1,None,,,,,,1,0,0,0,0,,,,,,,,,,,,,,10000,0,0,0,0,0.631135,,,,,,,,,,,,,,,,,,,,,,,
176823.455272,PHASING,8,0,1,None,Holding,0,366887.40589,7687.559386,7382.632933,8.034547,0,0,12683342.919896,8700.73507,,,,,,,1,,,,,,,,,,,,,,,,0,0,0,,369.884554,350.371754,51.624769,0.008126,,,,,,,,,,,,,,Phasing,0,-663870.764451,0,663870.764451,0,,,,,,,,,,,,,,,,ResourceCritical,SafeMode,1,None,,,,,,1,0,0,0,0,,,,,,,,,,,,,,10000,0,0,0,0,0.639094,,,,,,,,,,,,,,,,,,,,,,,
177023.455272,PHASING,8,0,1,None,Holding,0,368305.028015,7685.940904,7381.017505,6.076644,0,0,11369732.686899,8700.73507,,,,,,,1,,,,,,,,,,,,,,,,0,0,0,,369.884554,350.371754,51.624769,0.008126,,,,,,,,,,,,,,Phasing,0,-663870.764451,0,663870.764451,0,,,,,,,,,,,,,,,,ResourceCritical,SafeMode,1,None,,,,,,1,0,0,0,0,,,,,,,,,,,,,,10000,0,0,0,0,0.632284,,,,,,,,,,,,,,,,,,,,,,,
177223.455272,PHASING,8,0,1,None,Holding,0,369297.794097,7684.80777,7380.901217,3.804772,0,0,10059759.246165,8700.73507,,,,,,,1,,,,,,,,,,,,,,,,0,0,0,,369.884554,350.371754,51.624769,0.008126,,,,,,,,,,,,,,Phasing,0,-663870.764451,0,663870.764451,0,,,,,,,,,,,,,,,,ResourceCritical,SafeMode,1,None,,,,,,1,0,0,0,0,,,,,,,,,,,,,,10000,0,0,0,0,0.632789,,,,,,,,,,,,,,,,,,,,,,,
177423.455272,PHASING,8,0,1,None,Holding,0,369814.354288,7684.218297,7382.127242,1.336338,0,0,8760384.435514,8700.73507,,,,,,,1,,,,,,,,,,,,,,,,0,0,0,,369.884554,350.371754,51.624769,0.008126,,,,,,,,,,,,,,Phasing,0,-663870.764451,0,663870.764451,0,,,,,,,,,,,,,,,,ResourceCritical,SafeMode,1,None,,,,,,1,0,0,0,0,,,,,,,,,,,,,,10000,0,0,0,0,0.631397,,,,,,,,,,,,,,,,,,,,,,,
177623.455272,PHASING,8,0,1,None,Holding,0,369828.12574,7684.202789,7384.350165,-1.201068,0,0,7480083.627494,8700.73507,,,,,,,1,,,,,,,,,,,,,,,,0,0,0,,369.884554,350.371754,51.624769,0.008126,,,,,,,,,,,,,,Phasing,0,-663870.764451,0,663870.764451,0,,,,,,,,,,,,,,,,ResourceCritical,SafeMode,1,None,,,,,,1,0,0,0,0,,,,,,,,,,,,,,10000,0,0,0,0,0.545035,,,,,,,,,,,,,,,,,,,,,,,
177823.455272,PHASING,8,0,1,None,Holding,0,369338.315737,7684.762043,7387.111981,-3.676566,0,0,6232095.490407,8700.73507,,,,,,,1,,,,,,,,,,,,,,,,0,0,0,,369.884554,350.371754,51.624769,0.008126,,,,,,,,,,,,,,Phasing,0,-663870.764451,0,663870.764451,0,,,,,,,,,,,,,,,,ResourceCritical,SafeMode,1,None,,,,,,1,0,0,0,0,,,,,,,,,,,,,,10000,0,0,0,0,0.498195,,,,,,,,,,,,,,,,,,,,,,,
178023.455272,PHASING,8,0,1,None,Holding,0,368370.422975,7685.867309,7389.936168,-5.962116,0,0,5040833.679694,8700.73507,,,,,,,1,,,,,,,,,,,,,,,,0,0,0,,369.884554,350.371754,51.624769,0.008126,,,,,,,,,,,,,,Phasing,0,-663870.764451,0,663870.764451,0,,,,,,,,,,,,,,,,ResourceCritical,SafeMode,1,None,,,,,,1,0,0,0,0,,,,,,,,,,,,,,10000,0,0,0,0,0.469469,,,,,,,,,,,,,,,,,,,,,,,
178223.455272,PHASING,8,0,1,None,Holding,0,366974.397463,7687.461713,7392.420508,-7.939516,0,0,3957122.950217,8700.73507,,,,,,,1,,,,,,,,,,,,,,,,0,0,0,,369.884554,350.371754,51.624769,0.008126,,,,,,,,,,,,,,Phasing,0,-663870.764451,0,663870.764451,0,,,,,,,,,,,,,,,,ResourceCritical,SafeMode,1,None,,,,,,1,0,0,0,0,,,,,,,,,,,,,,10000,0,0,0,0,0.447939,,,,,,,,,,,,,,,,,,,,,,,
178423.455272,PHASING,8,0,1,None,Holding,0,365222.411852,7689.463083,7394.310083,-9.506069,0,0,3093973.418202,8700.73507,,,,,,,1,,,,,,,,,,,,,,,,0,0,0,,369.884554,350.371754,51.624769,0.008126,,,,,,,,,,,,,,Phasing,0,-663870.764451,0,663870.764451,0,,,,,,,,,,,,,,,,ResourceCritical,SafeMode,1,None,,,,,,1,0,0,0,0,,,,,,,,,,,,,,10000,0,0,0,0,0.438153,,,,,,,,,,,,,,,,,,,,,,,
178623.455272,PHASING,8,0,1,None,Holding,0,363205.131362,7691.768059,7395.536209,-10.580103,0,0,2670650.904016,8700.73507,,,,,,,1,,,,,,,,,,,,,,,,0,0,0,,369.884554,350.371754,51.624769,0.008126,,,,,,,,,,,,,,Phasing,0,-663870.764451,0,663870.764451,0,,,,,,,,,,,,,,,,ResourceCritical,SafeMode,1,None,,,,,,1,0,0,0,0,,,,,,,,,,,,,,10000,0,0,0,0,0.422974,,,,,,,,,,,,,,,,,,,,,,,
178823.455272,PHASING,8,0,1,None,Holding,0,361027.112051,7694.257307,7396.214148,-11.10493,0,0,2883010.738324,8700.73507,,,,,,,1,,,,,,,,,,,,,,,,0,0,0,,369.884554,350.371754,51.624769,0.008126,,,,,,,,,,,,,,Phasing,0,-663870.764451,0,663870.764451,0,,,,,,,,,,,,,,,,ResourceCritical,SafeMode,1,None,,,,,,1,0,0,0,0,,,,,,,,,,,,,,10000,0,0,0,0,0.398169,,,,,,,,,,,,,,,,,,,,,,,
179023.455272,PHASING,8,0,1,None,Holding,0,358801.599601,7696.801595,7396.600808,-11.052209,0,0,3616060.552836,8700.73507,,,,,,,1,,,,,,,,,,,,,,,,0,0,0,,369.884554,350.371754,51.624769,0.008126,,,,,,,,,,,,,,Phasing,0,-663870.764451,0,663870.764451,0,,,,,,,,,,,,,,,,ResourceCritical,SafeMode,1,None,,,,,,1,0,0,0,0,,,,,,,,,,,,,,10000,0,0,0,0,0.387979,,,,,,,,,,,,,,,,,,,,,,,
179223.455272,PHASING,8,0,1,None,Holding,0,356644.366242,7699.268454,7397.021756,-10.423534,0,0,4623668.992215,8700.73507,,,,,,,1,,,,,,,,,,,,,,,,0,0,0,,369.884554,350.371754,51.624769,0.008126,,,,,,,,,,,,,,Phasing,0,-663870.764451,0,663870.764451,0,,,,,,,,,,,,,,,,ResourceCritical,SafeMode,1,None,,,,,,1,0,0,0,0,,,,,,,,,,,,,,10000,0,0,0,0,0.393855,,,,,,,,,,,,,,,,,,,,,,,
179423.455272,PHASING,8,0,1,None,Holding,0,354668.105351,7701.529072,7397.78333,-9.25068,0,0,5758172.517257,8700.73507,,,,,,,1,,,,,,,,,,,,,,,,0,0,0,,369.884554,350.371754,51.624769,0.008126,,,,,,,,,,,,,,Phasing,0,-663870.764451,0,663870.764451,0,,,,,,,,,,,,,,,,ResourceCritical,SafeMode,1,None,,,,,,1,0,0,0,0,,,,,,,,,,,,,,10000,0,0,0,0,0.405028,,,,,,,,,,,,,,,,,,,,,,,
179623.455272,PHASING,8,0,1,None,Holding,0,352976.023098,7703.465089,7399.088914,-7.59385,0,0,6951656.768253,8700.73507,,,,,,,1,,,,,,,,,,,,,,,,0,0,0,,369.884554,350.371754,51.624769,0.008126,,,,,,,,,,,,,,Phasing,0,-663870.764451,0,663870.764451,0,,,,,,,,,,,,,,,,ResourceCritical,SafeMode,1,None,,,,,,1,0,0,0,0,,,,,,,,,,,,,,10000,0,0,0,0,0.4907,,,,,,,,,,,,,,,,,,,,,,,
179823.455272,PHASING,8,0,1,None,Holding,0,351656.782119,7704.974894,7400.977885,-5.539294,0,0,8171123.448808,8700.73507,,,,,,,1,,,,,,,,,,,,,,,,0,0,0,,369.884554,350.371754,51.624769,0.008126,,,,,,,,,,,,,,Phasing,0,-663870.764451,0,663870.764451,0,,,,,,,,,,,,,,,,ResourceCritical,SafeMode,1,None,,,,,,1,0,0,0,0,,,,,,,,,,,,,,10000,0,0,0,0,0.551654,,,,,,,,,,,,,,,,,,,,,,,
180023.455272,PHASING,8,0,1,None,Holding,0,350779.432391,7705.979091,7403.301116,-3.194332,0,0,9397556.89394,8700.73507,,,,,,,1,,,,,,,,,,,,,,,,0,0,0,,369.884554,350.371754,51.624769,0.008126,,,,,,,,,,,,,,Phasing,0,-663870.764451,0,663870.764451,0,,,,,,,,,,,,,,,,ResourceCritical,SafeMode,1,None,,,,,,1,0,0,0,0,,,,,,,,,,,,,,10000,0,0,0,0,0.593571,,,,,,,,,,,,,,,,,,,,,,,
180223.455272,PHASING,8,0,1,None,Holding,0,350389.995166,7706.424793,7405.739162,-0.681603,0,0,10616977.896369,8700.73507,,,,,,,1,,,,,,,,,,,,,,,,0,0,0,,369.884554,350.371754,51.624769,0.008126,,,,,,,,,,,,,,Phasing,0,-663870.764451,0,663870.764451,0,,,,,,,,,,,,,,,,ResourceCritical,SafeMode,1,None,,,,,,1,0,0,0,0,,,,,,,,,,,,,,10000,0,0,0,0,0.609843,,,,,,,,,,,,,,,,,,,,,,,
180423.455272,PHASING,8,0,1,None,Holding,0,350508.816631,7706.288509,7407.860022,1.866842,0,0,11815707.313318,8700.73507,,,,,,,1,,,,,,,,,,,,,,,,0,0,0,,369.884554,350.371754,51.624769,0.008126,,,,,,,,,,,,,,Phasing,0,-663870.764451,0,663870.764451,0,,,,,,,,,,,,,,,,ResourceCritical,SafeMode,1,None,,,,,,1,0,0,0,0,,,,,,,,,,,,,,10000,0,0,0,0,0.63161,,,,,,,,,,,,,,,,,,,,,,,
180623.455272,PHASING,8,0,1,None,Holding,0,351129.591256,7705.577424,7409.204759,4.317191,0,0,12976412.745626,8700.73507,,,,,,,1,,,,,,,,,,,,,,,,0,0,0,,369.884554,350.371754,51.624769,0.008126,,,,,,,,,,,,,,Phasing,0,-663870.764451,0,663870.764451,0,,,,,,,,,,,,,,,,ResourceCritical,SafeMode,1,None,,,,,,1,0,0,0,0,,,,,,,,,,,,,,10000,0,0,0,0,0.648099,,,,,,,,,,,,,,,,,,,,,,,
180823.455272,PHASING,8,0,1,None,Holding,0,352219.918191,7704.329006,7409.383273,6.541032,0,0,14072734.068247,8700.73507,,,,,,,1,,,,,,,,,,,,,,,,0,0,0,,369.884554,350.371754,51.624769,0.008126,,,,,,,,,,,,,,Phasing,0,-663870.764451,0,663870.764451,0,,,,,,,,,,,,,,,,ResourceCritical,SafeMode,1,None,,,,,,1,0,0,0,0,,,,,,,,,,,,,,10000,0,0,0,0,0.645928,,,,,,,,,,,,,,,,,,,,,,,
181023.455272,PHASING,8,0,1,None,Holding,0,353722.615582,7702.608961,7408.160332,8.422162,0,0,15060044.579988,8700.73507,,,,,,,1,,,,,,,,,,,,,,,,0,0,0,,369.884554,350.371754,51.624769,0.008126,,,,,,,,,,,,,,Phasing,0,-663870.764451,0,663870.764451,0,,,,,,,,,,,,,,,,ResourceCritical,SafeMode,1,None,,,,,,1,0,0,0,0,,,,,,,,,,,,,,10000,0,0,0,0,0.652607,,,,,,,,,,,,,,,,,,,,,,,
181223.455272,PHASING,8,0,1,None,Holding,0,355559.012456,7700.507665,7405.513981,9.862422,0,0,15860565.9229,8700.73507,,,,,,,1,,,,,,,,,,,,,,,,0,0,0,,369.884554,350.371754,51.624769,0.008126,,,,,,,,,,,,,,Phasing,0,-663870.764451,0,663870.764451,0,,,,,,,,,,,,,,,,ResourceCritical,SafeMode,1,None,,,,,,1,0,0,0,0,,,,,,,,,,,,,,10000,0,0,0,0,0.64443,,,,,,,,,,,,,,,,,,,,,,,
181423.455272,PHASING,8,0,1,None,Holding,0,357633.060428,7698.135285,7401.65402,10.78734,0,0,16352942.916394,8700.73507,,,,,,,1,,,,,,,,,,,,,,,,0,0,0,,369.884554,350.371754,51.624769,0.008126,,,,,,,,,,,,,,Phasing,0,-663870.764451,0,663870.764451,0,,,,,,,,,,,,,,,,ResourceCritical,SafeMode,1,None,,,,,,1,0,0,0,0,,,,,,,,,,,,,,10000,0,0,0,0,0.634795,,,,,,,,,,,,,,,,,,,,,,,
181623.455272,PHASING,8,0,1,None,Holding,0,359836.451827,7695.61588,7396.996201,11.149527,0,0,16413967.720387,8700.73507,,,,,,,1,,,,,,,,,,,,,,,,0,0,0,,369.884554,350.371754,51.624769,0.008126,,,,,,,,,,,,,,Phasing,0,-663870.764451,0,663870.764451,0,,,,,,,,,,,,,,,,ResourceCritical,SafeMode,1,None,,,,,,1,0,0,0,0,,,,,,,,,,,,,,10000,0,0,0,0,0.631909,,,,,,,,,,,,,,,,,,,,,,,
181823.455272,PHASING,8,0,1,None,Holding,0,362054.238263,7693.080829,7392.096522,10.931154,0,0,16030388.33597,8700.73507,,,,,,,1,,,,,,,,,,,,,,,,0,0,0,,369.884554,350.371754,51.624769,0.008126,,,,,,,,,,,,,,Phasing,0,-663870.764451,0,663870.764451,0,,,,,,,,,,,,,,,,ResourceCritical,SafeMode,1,None,,,,,,1,0,0,0,0,,,,,,,,,,,,,,10000,0,0,0,0,0.630626,,,,,,,,,,,,,,,,,,,,,,,
182023.455272,PHASING,8,0,1,None,Holding,0,364171.074487,7690.661942,7387.557981,10.144668,0,0,15316905.456871,8700.73507,,,,,,,1,,,,,,,,,,,,,,,,0,0,0,,369.884554,350.371754,51.624769,0.008126,,,,,,,,,,,,,,Phasing,0,-663870.764451,0,663870.764451,0,,,,,,,,,,,,,,,,ResourceCritical,SafeMode,1,None,,,,,,1,0,0,0,0,,,,,,,,,,,,,,10000,0,0,0,0,0.639304,,,,,,,,,,,,,,,,,,,,,,,
182223.455272,PHASING,8,0,1,None,Holding,0,366077.092978,7688.484632,7383.927697,8.831971,0,0,14405462.251114,8700.73507,,,,,,,1,,,,,,,,,,,,,,,,0,0,0,,369.884554,350.371754,51.624769,0.008126,,,,,,,,,,,,,,Phasing,0,-663870.764451,0,663870.764451,0,,,,,,,,,,,,,,,,ResourceCritical,SafeMode,1,None,,,,,,1,0,0,0,0,,,,,,,,,,,,,,10000,0,0,0,0,0.639704,,,,,,,,,,,,,,,,,,,,,,,
182423.455272,PHASING,8,0,1,None,Holding,0,367673.522756,7686.661491,7381.604456,7.062074,0,0,13385256.53066,8700.73507,,,,,,,1,,,,,,,,,,,,,,,,0,0,0,,369.884554,350.371754,51.624769,0.008126,,,,,,,,,,,,,,Phasing,0,-663870.764451,0,663870.764451,0,,,,,,,,,,,,,,,,ResourceCritical,SafeMode,1,None,,,,,,1,0,0,0,0,,,,,,,,,,,,,,10000,0,0,0,0,0.637838,,,,,,,,,,,,,,,,,,,,,,,
182623.455272,PHASING,8,0,1,None,Holding,0,368877.852936,7685.286575,7380.774748,4.926912,0,0,12308338.611559,8700.73507,,,,,,,1,,,,,,,,,,,,,,,,0,0,0,,369.884554,350.371754,51.624769,0.008126,,,,,,,,,,,,,,Phasing,0,-663870.764451,0,663870.764451,0,,,,,,,,,,,,,,,,ResourceCritical,SafeMode,1,None,,,,,,1,0,0,0,0,,,,,,,,,,,,,,10000,0,0,0,0,0.64372,,,,,,,,,,,,,,,,,,,,,,,
182823.455272,PHASING,8,0,1,None,Holding,0,369627.832995,7684.43069,7381.389661,2.537326,0,0,11205912.537694,8700.73507,,,,,,,1,,,,,,,,,,,,,,,,0,0,0,,369.884554,350.371754,51.624769,0.008126,,,,,,,,,,,,,,Phasing,0,-663870.764451,0,663870.764451,0,,,,,,,,,,,,,,,,ResourceCritical,SafeMode,1,None,,,,,,1,0,0,0,0,,,,,,,,,,,,,,10000,0,0,0,0,0.64011,,,,,,,,,,,,,,,,,,,,,,,
183023.455272,PHASING,8,0,1,None,Holding,0,369884.726081,7684.137853,7383.186569,0.016767,0,0,10099190.881552,8700.73507,,,,,,,1,,,,,,,,,,,,,,,,0,0,0,,369.884554,350.371754,51.624769,0.008126,,,,,,,,,,,,,,Phasing,0,-663870.764451,0,663870.764451,0,,,,,,,,,,,,,,,,ResourceCritical,SafeMode,1,None,,,,,,1,0,0,0,0,,,,,,,,,,,,,,10000,0,0,0,0,0.548954,,,,,,,,,,,,,,,,,,,,,,,
183223.455272,PHASING,8,0,1,None,Holding,0,369635.237379,7684.423115,7385.750429,-2.504657,0,0,9005757.453995,8700.73507,,,,,,,1,,,,,,,,,,,,,,,,0,0,0,,369.884554,350.371754,51.624769,0.008126,,,,,,,,,,,,,,Phasing,0,-663870.764451,0,663870.764451,0,,,,,,,,,,,,,,,,ResourceCritical,SafeMode,1,None,,,,,,1,0,0,0,0,,,,,,,,,,,,,,10000,0,0,0,0,0.503916,,,,,,,,,,,,,,,,,,,,,,,
183423.455272,PHASING,8,0,1,None,Holding,0,368892.161636,7685.271815,7388.60148,-4.896822,0,0,7943954.538129,8700.73507,,,,,,,1,,,,,,,,,,,,,,,,0,0,0,,369.884554,350.371754,51.624769,0.008126,,,,,,,,,,,,,,Phasing,0,-663870.764451,0,663870.764451,0,,,,,,,,,,,,,,,,ResourceCritical,SafeMode,1,None,,,,,,1,0,0,0,0,,,,,,,,,,,,,,10000,0,0,0,0,0.470817,,,,,,,,,,,,,,,,,,,,,,,
183623.455272,PHASING,8,0,1,None,Holding,0,367693.875168,7686.640305,7391.291123,-7.03607,0,0,6937061.832233,8700.73507,,,,,,,1,,,,,,,,,,,,,,,,0,0,0,,369.884554,350.371754,51.624769,0.008126,,,,,,,,,,,,,,Phasing,0,-663870.764451,0,663870.764451,0,,,,,,,,,,,,,,,,ResourceCritical,SafeMode,1,None,,,,,,1,0,0,0,0,,,,,,,,,,,,,,10000,0,0,0,0,0.450289,,,,,,,,,,,,,,,,,,,,,,,
183823.455272,PHASING,8,0,1,None,Holding,0,366102.256191,7688.458113,7393.486549,-8.811541,0,0,6018492.630262,8700.73507,,,,,,,1,,,,,,,,,,,,,,,,0,0,0,,369.884554,350.371754,51.624769,0.008126,,,,,,,,,,,,,,Phasing,0,-663870.764451,0,663870.764451,0,,,,,,,,,,,,,,,,ResourceCritical,SafeMode,1,None,,,,,,1,0,0,0,0,,,,,,,,,,,,,,10000,0,0,0,0,0.430938,,,,,,,,,,,,,,,,,,,,,,,
184023.455272,PHASING,8,0,1,None,Holding,0,364199.813804,7690.631458,7395.027391,-10.130741,0,0,5238302.394393,8700.73507,,,,,,,1,,,,,,,,,,,,,,,,0,0,0,,369.884554,350.371754,51.624769,0.008126,,,,,,,,,,,,,,Phasing,0,-663870.764451,0,663870.764451,0,,,,,,,,,,,,,,,,ResourceCritical,SafeMode,1,None,,,,,,1,0,0,0,0,,,,,,,,,,,,,,10000,0,0,0,0,0.419553,,,,,,,,,,,,,,,,,,,,,,,
184223.455272,PHASING,8,0,1,None,Holding,0,362085.118948,7693.047959,7395.9436,-10.924453,0,0,4667540.268875,8700.73507,,,,,,,1,,,,,,,,,,,,,,,,0,0,0,,369.884554,350.371754,51.624769,0.008126,,,,,,,,,,,,,,Phasing,0,-663870.764451,0,663870.764451,0,,,,,,,,,,,,,,,,ResourceCritical,SafeMode,1,None,,,,,,1,0,0,0,0,,,,,,,,,,,,,,10000,0,0,0,0,0.408397,,,,,,,,,,,,,,,,,,,,,,,
184423.455272,PHASING,8,0,1,None,Holding,0,359868.052286,7695.582331,7396.431644,-11.150348,0,0,4387627.266902,8700.73507,,,,,,,1,,,,,,,,,,,,,,,,0,0,0,,369.884554,350.371754,51.624769,0.008126,,,,,,,,,,,,,,Phasing,0,-663870.764451,0,663870.764451,0,,,,,,,,,,,,,,,,ResourceCritical,SafeMode,1,None,,,,,,1,0,0,0,0,,,,,,,,,,,,,,10000,0,0,0,0,0.399423,,,,,,,,,,,,,,,,,,,,,,,
184623.455272,PHASING,8,0,1,None,Holding,0,357663.771111,7698.102803,7396.794624,-10.795708,0,0,4450687.114271,8700.73507,,,,,,,1,,,,,,,,,,,,,,,,0,0,0,,369.884554,350.371754,51.624769,0.008126,,,,,,,,,,,,,,Phasing,0,-663870.764451,0,663870.764451,0,,,,,,,,,,,,,,,,ResourceCritical,SafeMode,1,None,,,,,,1,0,0,0,0,,,,,,,,,,,,,,10000,0,0,0,0,0.386906,,,,,,,,,,,,,,,,,,,,,,,
184823.455272,PHASING,8,0,1,None,Holding,0,355587.218667,7700.477947,7397.359268,-9.878087,0,0,4838650.724862,8700.73507,,,,,,,1,,,,,,,,,,,,,,,,0,0,0,,369.884554,350.371754,51.624769,0.008126,,,,,,,,,,,,,,Phasing,0,-663870.764451,0,663870.764451,0,,,,,,,,,,,,,,,,ResourceCritical,SafeMode,1,None,,,,,,1,0,0,0,0,,,,,,,,,,,,,,10000,0,0,0,0,0.389092,,,,,,,,,,,,,,,,,,,,,,,
185023.455272,PHASING,8,0,1,None,Holding,0,353746.712032,7702.583562,7398.387771,-8.444191,0,0,5476965.451107,8700.73507,,,,,,,1,,,,,,,,,,,,,,,,0,0,0,,369.884554,350.371754,51.624769,0.008126,,,,,,,,,,,,,,Phasing,0,-663870.764451,0,663870.764451,0,,,,,,,,,,,,,,,,ResourceCritical,SafeMode,1,None,,,,,,1,0,0,0,0,,,,,,,,,,,,,,10000,0,0,0,0,0.477195,,,,,,,,,,,,,,,,,,,,,,,
185223.455272,PHASING,8,0,1,None,Holding,0,352238.475418,7704.30926,7400.003756,-6.568315,0,0,6282651.613398,8700.73507,,,,,,,1,,,,,,,,,,,,,,,,0,0,0,,369.884554,350.371754,51.624769,0.008126,,,,,,,,,,,,,,Phasing,0,-663870.764451,0,663870.764451,0,,,,,,,,,,,,,,,,ResourceCritical,SafeMode,1,None,,,,,,1,0,0,0,0,,,,,,,,,,,,,,10000,0,0,0,0,0.542889,,,,,,,,,,,,,,,,,,,,,,,
185423.455272,PHASING,8,0,1,None,Holding,0,351141.617789,7705.56437,7402.148935,-4.348215,0,0,7191220.390834,8700.73507,,,,,,,1,,,,,,,,,,,,,,,,0,0,0,,369.884554,350.371754,51.624769,0.008126,,,,,,,,,,,,,,Phasing,0,-663870.764451,0,663870.764451,0,,,,,,,,,,,,,,,,ResourceCritical,SafeMode,1,None,,,,,,1,0,0,0,0,,,,,,,,,,,,,,10000,0,0,0,0,0.583412,,,,,,,,,,,,,,,,,,,,,,,
185623.455272,PHASING,8,0,1,None,Holding,0,350513.674576,7706.282834,7404.58063,-1.899983,0,0,8158296.965553,8700.73507,,,,,,,1,,,,,,,,,,,,,,,,0,0,0,,369.884554,350.371754,51.624769,0.008126,,,,,,,,,,,,,,Phasing,0,-663870.764451,0,663870.764451,0,,,,,,,,,,,,,,,,ResourceCritical,SafeMode,1,None,,,,,,1,0,0,0,0,,,,,,,,,,,,,,10000,0,0,0,0,0.601403,,,,,,,,,,,,,,,,,,,,,,,
185823.455272,PHASING,8,0,1,None,Holding,0,350387.68736,7706.426796,7406.911514,0.648097,0,0,9153141.351712,8700.73507,,,,,,,1,,,,,,,,,,,,,,,,0,0,0,,369.884554,350.371754,51.624769,0.008126,,,,,,,,,,,,,,Phasing,0,-663870.764451,0,663870.764451,0,,,,,,,,,,,,,,,,ResourceCritical,SafeMode,1,None,,,,,,1,0,0,0,0,,,,,,,,,,,,,,10000,0,0,0,0,0.621474,,,,,,,,,,,,,,,,,,,,,,,
186023.455272,PHASING,8,0,1,None,Holding,0,350770.186528,7705.988666,7408.683786,3.162112,0,0,10152420.139331,8700.73507,,,,,,,1,,,,,,,,,,,,,,,,0,0,0,,369.884554,350.371754,51.624769,0.008126,,,,,,,,,,,,,,Phasing,0,-663870.764451,0,663870.764451,0,,,,,,,,,,,,,,,,ResourceCritical,SafeMode,1,None,,,,,,1,0,0,0,0,,,,,,,,,,,,,,10000,0,0,0,0,0.627909,,,,,,,,,,,,,,,,,,,,,,,
186223.455272,PHASING,8,0,1,None,Holding,0,351641.206167,7704.991538,7409.46252,5.510145,0,0,11135548.360685,8700.73507,,,,,,,1,,,,,,,,,,,,,,,,0,0,0,,369.884554,350.371754,51.624769,0.008126,,,,,,,,,,,,,,Phasing,0,-663870.764451,0,663870.764451,0,,,,,,,,,,,,,,,,ResourceCritical,SafeMode,1,None,,,,,,1,0,0,0,0,,,,,,,,,,,,,,10000,0,0,0,0,0.643463,,,,,,,,,,,,,,,,,,,,,,,
186423.455272,PHASING,8,0,1,None,Holding,0,352954.758703,7703.487925,7408.92882,7.569312,0,0,12080971.571643,8700.73507,,,,,,,1,,,,,,,,,,,,,,,,0,0,0,,369.884554,350.371754,51.624769,0.008126,,,,,,,,,,,,,,Phasing,0,-663870.764451,0,663870.764451,0,,,,,,,,,,,,,,,,ResourceCritical,SafeMode,1,None,,,,,,1,0,0,0,0,,,,,,,,,,,,,,10000,0,0,0,0,0.655401,,,,,,,,,,,,,,,,,,,,,,,
186623.455272,PHASING,8,0,1,None,Holding,0,354642.137009,7701.5569,7406.953431,9.231832,0,0,12962633.44453,8700.73507,,,,,,,1,,,,,,,,,,,,,,,,0,0,0,,369.884554,350.371754,51.624769,0.008126,,,,,,,,,,,,,,Phasing,0,-663870.764451,0,663870.764451,0,,,,,,,,,,,,,,,,ResourceCritical,SafeMode,1,None,,,,,,1,0,0,0,0,,,,,,,,,,,,,,10000,0,0,0,0,0.650004,,,,,,,,,,,,,,,,,,,,,,,
186823.455272,PHASING,8,0,1,None,Holding,0,356614.975948,7699.299815,7403.635451,10.411505,0,0,13746304.941443,8700.73507,,,,,,,1,,,,,,,,,,,,,,,,0,0,0,,369.884554,350.371754,51.624769,0.008126,,,,,,,,,,,,,,Phasing,0,-663870.764451,0,663870.764451,0,,,,,,,,,,,,,,,,ResourceCritical,SafeMode,1,None,,,,,,1,0,0,0,0,,,,,,,,,,,,,,10000,0,0,0,0,0.656682,,,,,,,,,,,,,,,,,,,,,,,
187023.455272,PHASING,8,0,1,None,Holding,0,358770.215481,7696.83485,7399.297761,11.047569,0,0,14386673.796766,8700.73507,,,,,,,1,,,,,,,,,,,,,,,,0,0,0,,369.884554,350.371754,51.624769,0.008126,,,,,,,,,,,,,,Phasing,0,-663870.764451,0,663870.764451,0,,,,,,,,,,,,,,,,ResourceCritical,SafeMode,1,None,,,,,,1,0,0,0,0,,,,,,,,,,,,,,10000,0,0,0,0,0.650728,,,,,,,,,,,,,,,,,,,,,,,
187223.455272,PHASING,8,0,1,None,Holding,0,360995.59101,7694.29072,7394.439378,11.108003,0,0,14828879.444049,8700.73507,,,,,,,1,,,,,,,,,,,,,,,,0,0,0,,369.884554,350.371754,51.624769,0.008126,,,,,,,,,,,,,,Phasing,0,-663870.764451,0,663870.764451,0,,,,,,,,,,,,,,,,ResourceCritical,SafeMode,1,None,,,,,,1,0,0,0,0,,,,,,,,,,,,,,10000,0,0,0,0,0.633022,,,,,,,,,,,,,,,,,,,,,,,
187423.455272,PHASING,8,0,1,None,Holding,0,363175.147861,7691.799895,7389.65346,10.590704,0,0,15020952.321865,8700.73507,,,,,,,1,,,,,,,,,,,,,,,,0,0,0,,369.884554,350.371754,51.624769,0.008126,,,,,,,,,,,,,,Phasing,0,-663870.764451,0,663870.764451,0,,,,,,,,,,,,,,,,ResourceCritical,SafeMode,1,None,,,,,,1,0,0,0,0,,,,,,,,,,,,,,10000,0,0,0,0,0.636179,,,,,,,,,,,,,,,,,,,,,,,
187623.455272,PHASING,8,0,1,None,Holding,0,365195.547173,7689.49169,7385.526581,9.523667,0,0,14937423.523897,8700.73507,,,,,,,1,,,,,,,,,,,,,,,,0,0,0,,369.884554,350.371754,51.624769,0.008126,,,,,,,,,,,,,,Phasing,0,-663870.764451,0,663870.764451,0,,,,,,,,,,,,,,,,ResourceCritical,SafeMode,1,None,,,,,,1,0,0,0,0,,,,,,,,,,,,,,10000,0,0,0,0,0.633049,,,,,,,,,,,,,,,,,,,,,,,
187823.455272,PHASING,8,0,1,None,Holding,0,366952.150373,7687.485613,7382.538808,7.963009,0,0,14595583.819132,8700.73507,,,,,,,1,,,,,,,,,,,,,,,,0,0,0,,369.884554,350.371754,51.624769,0.008126,,,,,,,,,,,,,,Phasing,0,-663870.764451,0,663870.764451,0,,,,,,,,,,,,,,,,ResourceCritical,SafeMode,1,None,,,,,,1,0,0,0,0,,,,,,,,,,,,,,10000,0,0,0,0,0.635033,,,,,,,,,,,,,,,,,,,,,,,
188023.455272,PHASING,8,0,1,None,Holding,0,368353.793152,7685.885269,7380.98409,5.990397,0,0,14045418.597356,8700.73507,,,,,,,1,,,,,,,,,,,,,,,,0,0,0,,369.884554,350.371754,51.624769,0.008126,,,,,,,,,,,,,,Phasing,0,-663870.764451,0,663870.764451,0,,,,,,,,,,,,,,,,ResourceCritical,SafeMode,1,None,,,,,,1,0,0,0,0,,,,,,,,,,,,,,10000,0,0,0,0,0.636594,,,,,,,,,,,,,,,,,,,,,,,
188223.455272,PHASING,8,0,1,None,Holding,0,369328.019832,7684.773137,7380.926498,3.708098,0,0,13345139.181645,8700.73507,,,,,,,1,,,,,,,,,,,,,,,,0,0,0,,369.884554,350.371754,51.624769,0.008126,,,,,,,,,,,,,,Phasing,0,-663870.764451,0,663870.764451,0,,,,,,,,,,,,,,,,ResourceCritical,SafeMode,1,None,,,,,,1,0,0,0,0,,,,,,,,,,,,,,1000,0,0,0,0,0.634018,,,,,,,,,,,,,,,,,,,,,,,
188423.455272,PHASING,8,0,1,None,Holding,0,369399.668362,7684.691216,7380.998531,3.467259,0,0,13268890.437601,8700.73507,,,,,,,1,,,,,,,,,,,,,,,,0,0,0,,369.884554,350.371754,51.624769,0.008126,,,,,,,,,,,,,,Phasing,0,-663870.764451,0,663870.764451,0,,,,,,,,,,,,,,,,ResourceCritical,SafeMode,1,None,,,,,,1,0,0,0,0,,,,,,,,,,,,,,1000,0,0,0,0,0.637493,,,,,,,,,,,,,,,,,,,,,,,
188443.455272,PHASING,8,0,1,None,Holding,0,369466.472746,7684.614814,7381.083752,3.224625,0,0,13191695.576125,8700.73507,,,,,,,1,,,,,,,,,,,,,,,,0,0,0,,369.884554,350.371754,51.624769,0.008126,,,,,,,,,,,,,,Phasing,0,-663870.764451,0,663870.764451,0,,,,,,,,,,,,,,,,ResourceCritical,SafeMode,1,None,,,,,,1,0,0,0,0,,,,,,,,,,,,,,1000,0,0,0,0,0.629325,,,,,,,,,,,,,,,,,,,,,,,
188463.455272,PHASING,8,0,1,None,Holding,0,369528.487858,7684.543972,7381.181861,2.98034,0,0,13113596.636498,8700.73507,,,,,,,1,,,,,,,,,,,,,,,,0,0,0,,369.884554,350.371754,51.624769,0.008126,,,,,,,,,,,,,,Phasing,0,-663870.764451,0,663870.764451,0,,,,,,,,,,,,,,,,ResourceCritical,SafeMode,1,None,,,,,,1,0,0,0,0,,,,,,,,,,,,,,1000,0,0,0,0,0.620756,,,,,,,,,,,,,,,,,,,,,,,
188483.455272,PHASING,8,0,1,None,Holding,0,369585.702598,7684.478725,7381.292537,2.734514,0,0,13034634.408011,8700.73507,,,,,,,1,,,,,,,,,,,,,,,,0,0,0,,369.884554,350.371754,51.624769,0.008126,,,,,,,,,,,,,,Phasing,0,-663870.764451,0,663870.764451,0,,,,,,,,,,,,,,,,ResourceCritical,SafeMode,1,None,,,,,,1,0,0,0,0,,,,,,,,,,,,,,1000,0,0,0,0,0.613293,,,,,,,,,,,,,,,,,,,,,,,
188503.455272,PHASING,8,0,1,None,Holding,0,369638.075788,7684.419109,7381.415442,2.487288,0,0,12954848.447667,8700.73507,,,,,,,1,,,,,,,,,,,,,,,,0,0,0,,369.884554,350.371754,51.624769,0.008126,,,,,,,,,,,,,,Phasing,0,-663870.764451,0,663870.764451,0,,,,,,,,,,,,,,,,ResourceCritical,SafeMode,1,None,,,,,,1,0,0,0,0,,,,,,,,,,,,,,1000,0,0,0,0,0.604692,,,,,,,,,,,,,,,,,,,,,,,
188523.455272,PHASING,8,0,1,None,Holding,0,369685.517521,7684.365153,7381.550223,2.238768,0,0,12874277.165873,8700.73507,,,,,,,1,,,,,,,,,,,,,,,,0,0,0,,369.884554,350.371754,51.624769,0.008126,,,,,,,,,,,,,,Phasing,0,-663870.764451,0,663870.764451,0,,,,,,,,,,,,,,,,ResourceCritical,SafeMode,1,None,,,,,,1,0,0,0,0,,,,,,,,,,,,,,1000,0,0,0,0,0.597803,,,,,,,,,,,,,,,,,,,,,,,
188543.455272,PHASING,8,0,1,None,Holding,0,369727.94232,7684.316885,7381.696512,1.989093,0,0,12792957.834524,8700.73507,,,,,,,1,,,,,,,,,,,,,,,,0,0,0,,369.884554,350.371754,51.624769,0.008126,,,,,,,,,,,,,,Phasing,0,-663870.764451,0,663870.764451,0,,,,,,,,,,,,,,,,ResourceCritical,SafeMode,1,None,,,,,,1,0,0,0,0,,,,,,,,,,,,,,1000,0,0,0,0,0.590647,,,,,,,,,,,,,,,,,,,,,,,
188563.455272,PHASING,8,0,1,None,Holding,0,369765.265081,7684.274331,7381.853923,1.738367,0,0,12710926.658506,8700.73507,,,,,,,1,,,,,,,,,,,,,,,,0,0,0,,369.884554,350.371754,51.624769,0.008126,,,,,,,,,,,,,,Phasing,0,-663870.764451,0,663870.764451,0,,,,,,,,,,,,,,,,ResourceCritical,SafeMode,1,None,,,,,,1,0,0,0,0,,,,,,,,,,,,,,1000,0,0,0,0,0.584149,,,,,,,,,,,,,,,,,,,,,,,
188583.455272,PHASING,8,0,1,None,Holding,0,369797.456193,7684.237512,7382.02206,1.486711,0,0,12628218.767329,8700.73507,,,,,,,1,,,,,,,,,,,,,,,,0,0,0,,369.884554,350.371754,51.624769,0.008126,,,,,,,,,,,,,,Phasing,0,-663870.764451,0,663870.764451,0,,,,,,,,,,,,,,,,ResourceCritical,SafeMode,1,None,,,,,,1,0,0,0,0,,,,,,,,,,,,,,1000,0,0,0,0,0.577702,,,,,,,,,,,,,,,,,,,,,,,
188603.455272,PHASING,8,0,1,None,Holding,0,369824.545426,7684.206447,7382.200511,1.234304,0,0,12544868.218163,8700.73507,,,,,,,1,,,,,,,,,,,,,,,,0,0,0,,369.884554,350.371754,51.624769,0.008126,,,,,,,,,,,,,,Phasing,0,-663870.764451,0,663870.764451,0,,,,,,,,,,,,,,,,ResourceCritical,SafeMode,1,None,,,,,,1,0,0,0,0,,,,,,,,,,,,,,1000,0,0,0,0,0.571233,,,,,,,,,,,,,,,,,,,,,,,
188623.455272,PHASING,8,0,1,None,Holding,0,369846.584862,7684.181153,7382.388854,0.981269,0,0,12460908.073331,8700.73507,,,,,,,1,,,,,,,,,,,,,,,,0,0,0,,369.884554,350.371754,51.624769,0.008126,,,,,,,,,,,,,,Phasing,0,-663870.764451,0,663870.764451,0,,,,,,,,,,,,,,,,ResourceCritical,SafeMode,1,None,,,,,,1,0,0,0,0,,,,,,,,,,,,,,1000,0,0,0,0,0.56534,,,,,,,,,,,,,,,,,,,,,,,
188643.455272,PHASING,8,0,1,None,Holding,0,369863.633551,7684.161642,7382.586655,0.727737,0,0,12376370.391212,8700.73507,,,,,,,1,,,,,,,,,,,,,,,,0,0,0,,369.884554,350.371754,51.624769,0.008126,,,,,,,,,,,,,,Phasing,0,-663870.764451,0,663870.764451,0,,,,,,,,,,,,,,,,ResourceCritical,SafeMode,1,None,,,,,,1,0,0,0,0,,,,,,,,,,,,,,1000,0,0,0,0,0.558744,,,,,,,,,,,,,,,,,,,,,,,
188663.455272,PHASING,8,0,1,None,Holding,0,369875.696315,7684.147924,7382.793469,0.473841,0,0,12291286.279331,8700.73507,,,,,,,1,,,,,,,,,,,,,,,,0,0,0,,369.884554,350.371754,51.624769,0.008126,,,,,,,,,,,,,,Phasing,0,-663870.764451,0,663870.764451,0,,,,,,,,,,,,,,,,ResourceCritical,SafeMode,1,None,,,,,,1,0,0,0,0,,,,,,,,,,,,,,1000,0,0,0,0,0.553404,,,,,,,,,,,,,,,,,,,,,,,
188683.455272,PHASING,8,0,1,None,Holding,0,369882.783743,7684.140007,7383.008843,0.219703,0,0,12205685.948606,8700.73507,,,,,,,1,,,,,,,,,,,,,,,,0,0,0,,369.884554,350.371754,51.624769,0.008126,,,,,,,,,,,,,,Phasing,0,-663870.764451,0,663870.764451,0,,,,,,,,,,,,,,,,ResourceCritical,SafeMode,1,None,,,,,,1,0,0,0,0,,,,,,,,,,,,,,1000,0,0,0,0,0.547531,,,,,,,,,,,,,,,,,,,,,,,
188703.455272,PHASING,8,0,1,None,Holding,0,369884.813397,7684.137894,7383.232315,-0.034561,0,0,12119598.786852,8700.73507,,,,,,,1,,,,,,,,,,,,,,,,0,0,0,,369.884554,350.371754,51.624769,0.008126,,,,,,,,,,,,,,Phasing,0,-663870.764451,0,663870.764451,0,,,,,,,,,,,,,,,,ResourceCritical,SafeMode,1,None,,,,,,1,0,0,0,0,,,,,,,,,,,,,,1000,0,0,0,0,0.54295,,,,,,,,,,,,,,,,,,,,,,,
188723.455272,PHASING,8,0,1,None,Holding,0,369881.721769,7684.141587,7383.463415,-0.288837,0,0,12033053.386574,8700.73507,,,,,,,1,,,,,,,,,,,,,,,,0,0,0,,369.884554,350.371754,51.624769,0.008126,,,,,,,,,,,,,,Phasing,0,-663870.764451,0,663870.764451,0,,,,,,,,,,,,,,,,ResourceCritical,SafeMode,1,None,,,,,,1,0,0,0,0,,,,,,,,,,,,,,1000,0,0,0,0,0.538106,,,,,,,,,,,,,,,,,,,,,,,
188743.455272,PHASING,8,0,1,None,Holding,0,369873.454991,7684.151083,7383.701669,-0.542976,0,0,11946077.602386,8700.73507,,,,,,,1,,,,,,,,,,,,,,,,0,0,0,,369.884554,350.371754,51.624769,0.008126,,,,,,,,,,,,,,Phasing,0,-663870.764451,0,663870.764451,0,,,,,,,,,,,,,,,,ResourceCritical,SafeMode,1,None,,,,,,1,0,0,0,0,,,,,,,,,,,,,,1000,0,0,0,0,0.533659,,,,,,,,,,,,,,,,,,,,,,,
188763.455272,PHASING,8,0,1,None,Holding,0,369860.011091,7684.166379,7383.946594,-0.796843,0,0,11858698.587298,8700.73507,,,,,,,1,,,,,,,,,,,,,,,,0,0,0,,369.884554,350.371754,51.624769,0.008126,,,,,,,,,,,,,,Phasing,0,-663870.764451,0,663870.764451,0,,,,,,,,,,,,,,,,ResourceCritical,SafeMode,1,None,,,,,,1,0,0,0,0,,,,,,,,,,,,,,1000,0,0,0,0,0.529391,,,,,,,,,,,,,,,,,,,,,,,
188783.455272,PHASING,8,0,1,None,Holding,0,369841.425327,7684.187465,7384.197704,-1.050277,0,0,11770942.795324,8700.73507,,,,,,,1,,,,,,,,,,,,,,,,0,0,0,,369.884554,350.371754,51.624769,0.008126,,,,,,,,,,,,,,Phasing,0,-663870.764451,0,663870.764451,0,,,,,,,,,,,,,,,,ResourceCritical,SafeMode,1,None,,,,,,1,0,0,0,0,,,,,,,,,,,,,,1000,0,0,0,0,0.524942,,,,,,,,,,,,,,,,,,,,,,,
188803.455272,PHASING,8,0,1,None,Holding,0,369817.773869,7684.214332,7384.454512,-1.303146,0,0,11682836.030469,8700.73507,,,,,,,1,,,,,,,,,,,,,,,,0,0,0,,369.884554,350.371754,51.624769,0.008126,,,,,,,,,,,,,,Phasing,0,-663870.764451,0,663870.764451,0,,,,,,,,,,,,,,,,ResourceCritical,SafeMode,1,None,,,,,,1,0,0,0,0,,,,,,,,,,,,,,1000,0,0,0,0,0.521102,,,,,,,,,,,,,,,,,,,,,,,
188823.455272,PHASING,8,0,1,None,Holding,0,369789.136021,7684.246965,7384.716525,-1.555306,0,0,11594403.444849,8700.73507,,,,,,,1,,,,,,,,,,,,,,,,0,0,0,,369.884554,350.371754,51.624769,0.008126,,,,,,,,,,,,,,Phasing,0,-663870.764451,0,663870.764451,0,,,,,,,,,,,,,,,,ResourceCritical,SafeMode,1,None,,,,,,1,0,0,0,0,,,,,,,,,,,,,,100,0,0,0,0,0.516241,,,,,,,,,,,,,,,,,,,,,,,
188843.455272,PHASING,8,0,1,None,Holding,0,369786.01852,7684.250544,7384.742994,-1.58047,0,0,11585543.309104,8700.73507,,,,,,,1,,,,,,,,,,,,,,,,0,0,0,,369.884554,350.371754,51.624769,0.008126,,,,,,,,,,,,,,Phasing,0,-663870.764451,0,663870.764451,0,,,,,,,,,,,,,,,,ResourceCritical,SafeMode,1,None,,,,,,1,0,0,0,0,,,,,,,,,,,,,,100,0,0,0,0,0.512904,,,,,,,,,,,,,,,,,,,,,,,
188845.455272,PHASING,8,0,1,None,Holding,0,369782.841746,7684.254182,7384.769509,-1.605639,0,0,11576680.094611,8700.73507,,,,,,,1,,,,,,,,,,,,,,,,0,0,0,,369.884554,350.371754,51.624769,0.008126,,,,,,,,,,,,,,Phasing,0,-663870.764451,0,663870.764451,0,,,,,,,,,,,,,,,,ResourceCritical,SafeMode,1,None,,,,,,1,0,0,0,0,,,,,,,,,,,,,,100,0,0,0,0,0.533068,,,,,,,,,,,,,,,,,,,,,,,
188847.455272,PHASING,8,0,1,None,Holding,0,369779.616603,7684.257876,7384.79607,-1.630799,0,0,11567813.91575,8700.73507,,,,,,,1,,,,,,,,,,,,,,,,0,0,0,,369.884554,350.371754,51.624769,0.008126,,,,,,,,,,,,,,Phasing,0,-663870.764451,0,663870.764451,0,,,,,,,,,,,,,,,,ResourceCritical,SafeMode,1,None,,,,,,1,0,0,0,0,,,,,,,,,,,,,,100,0,0,0,0,0.546304,,,,,,,,,,,,,,,,,,,,,,,
188849.455272,PHASING,8,0,1,None,Holding,0,369776.340923,7684.261628,7384.822677,-1.655952,0,0,11558944.797225,8700.73507,,,,,,,1,,,,,,,,,,,,,,,,0,0,0,,369.884554,350.371754,51.624769,0.008126,,,,,,,,,,,,,,Phasing,0,-663870.764451,0,663870.764451,0,,,,,,,,,,,,,,,,ResourceCritical,SafeMode,1,None,,,,,,1,0,0,0,0,,,,,,,,,,,,,,100,0,0,0,0,0.554973,,,,,,,,,,,,,,,,,,,,,,,
188851.455272,PHASING,8,0,1,None,Holding,0,369773.016324,7684.265438,7384.849329,-1.681095,0,0,11550072.762787,8700.73507,,,,,,,1,,,,,,,,,,,,,,,,0,0,0,,369.884554,350.371754,51.624769,0.008126,,,,,,,,,,,,,,Phasing,0,-663870.764451,0,663870.764451,0,,,,,,,,,,,,,,,,ResourceCritical,SafeMode,1,None,,,,,,1,0,0,0,0,,,,,,,,,,,,,,100,0,0,0,0,0.560637,,,,,,,,,,,,,,,,,,,,,,,
188853.455272,PHASING,8,0,1,None,Holding,0,369769.642157,7684.269305,7384.876026,-1.706229,0,0,11541197.835968,8700.73507,,,,,,,1,,,,,,,,,,,,,,,,0,0,0,,369.884554,350.371754,51.624769,0.008126,,,,,,,,,,,,,,Phasing,0,-663870.764451,0,663870.764451,0,,,,,,,,,,,,,,,,ResourceCritical,SafeMode,1,None,,,,,,1,0,0,0,0,,,,,,,,,,,,,,100,0,0,0,0,0.563787,,,,,,,,,,,,,,,,,,,,,,,
188855.455272,PHASING,8,0,1,None,Holding,0,369766.218384,7684.273229,7384.902767,-1.731355,0,0,11532320.041393,8700.73507,,,,,,,1,,,,,,,,,,,,,,,,0,0,0,,369.884554,350.371754,51.624769,0.008126,,,,,,,,,,,,,,Phasing,0,-663870.764451,0,663870.764451,0,,,,,,,,,,,,,,,,ResourceCritical,SafeMode,1,None,,,,,,1,0,0,0,0,,,,,,,,,,,,,,100,0,0,0,0,0.565533,,,,,,,,,,,,,,,,,,,,,,,
188857.455272,PHASING,8,0,1,None,Holding,0,369762.744465,7684.277211,7384.929552,-1.756473,0,0,11523439.403261,8700.73507,,,,,,,1,,,,,,,,,,,,,,,,0,0,0,,369.884554,350.371754,51.624769,0.008126,,,,,,,,,,,,,,Phasing,0,-663870.764451,0,663870.764451,0,,,,,,,,,,,,,,,,ResourceCritical,SafeMode,1,None,,,,,,1,0,0,0,0,,,,,,,,,,,,,,100,0,0,0,0,0.566726,,,,,,,,,,,,,,,,,,,,,,,
188859.455272,PHASING,8,0,1,None,Holding,0,369759.221561,7684.28125,7384.95638,-1.781581,0,0,11514555.944671,8700.73507,,,,,,,1,,,,,,,,,,,,,,,,0,0,0,,369.884554,350.371754,51.624769,0.008126,,,,,,,,,,,,,,Phasing,0,-663870.764451,0,663870.764451,0,,,,,,,,,,,,,,,,ResourceCritical,SafeMode,1,None,,,,,,1,0,0,0,0,,,,,,,,,,,,,,100,0,0,0,0,0.567624,,,,,,,,,,,,,,,,,,,,,,,
188861.455272,PHASING,8,0,1,None,Holding,0,369755.648776,7684.285347,7384.98325,-1.806679,0,0,11505669.689719,8700.73507,,,,,,,1,,,,,,,,,,,,,,,,0,0,0,,369.884554,350.371754,51.624769,0.008126,,,,,,,,,,,,,,Phasing,0,-663870.764451,0,663870.764451,0,,,,,,,,,,,,,,,,ResourceCritical,SafeMode,1,None,,,,,,1,0,0,0,0,,,,,,,,,,,,,,100,0,0,0,0,0.568328,,,,,,,,,,,,,,,,,,,,,,,
188863.455272,PHASING,8,0,1,None,Holding,0,369752.026716,7684.2895,7385.010163,-1.831768,0,0,11496780.661837,8700.73507,,,,,,,1,,,,,,,,,,,,,,,,0,0,0,,369.884554,350.371754,51.624769,0.008126,,,,,,,,,,,,,,Phasing,0,-663870.764451,0,663870.764451,0,,,,,,,,,,,,,,,,ResourceCritical,SafeMode,1,None,,,,,,1,0,0,0,0,,,,,,,,,,,,,,100,0,0,0,0,0.568884,,,,,,,,,,,,,,,,,,,,,,,
188865.455272,PHASING,8,0,1,None,Holding,0,369748.354597,7684.293711,7385.037118,-1.856848,0,0,11487888.885794,8700.73507,,,,,,,1,,,,,,,,,,,,,,,,0,0,0,,369.884554,350.371754,51.624769,0.008126,,,,,,,,,,,,,,Phasing,0,-663870.764451,0,663870.764451,0,,,,,,,,,,,,,,,,ResourceCritical,SafeMode,1,None,,,,,,1,0,0,0,0,,,,,,,,,,,,,,100,0,0,0,0,0.569323,,,,,,,,,,,,,,,,,,,,,,,
188867.455272,PHASING,8,0,1,None,Holding,0,369744.63242,7684.297979,7385.064113,-1.881919,0,0,11478994.384532,8700.73507,,,,,,,1,,,,,,,,,,,,,,,,0,0,0,,369.884554,350.371754,51.624769,0.008126,,,,,,,,,,,,,,Phasing,0,-663870.764451,0,663870.764451,0,,,,,,,,,,,,,,,,ResourceCritical,SafeMode,1,None,,,,,,1,0,0,0,0,,,,,,,,,,,,,,100,0,0,0,0,0.569665,,,,,,,,,,,,,,,,,,,,,,,
188869.455272,PHASING,8,0,1,None,Holding,0,369740.860195,7684.302305,7385.09115,-1.906979,0,0,11470097.181343,8700.73507,,,,,,,1,,,,,,,,,,,,,,,,0,0,0,,369.884554,350.371754,51.624769,0.008126,,,,,,,,,,,,,,Phasing,0,-663870.764451,0,663870.764451,0,,,,,,,,,,,,,,,,ResourceCritical,SafeMode,1,None,,,,,,1,0,0,0,0,,,,,,,,,,,,,,100,0,0,0,0,0.569891,,,,,,,,,,,,,,,,,,,,,,,
188871.455272,PHASING,8,0,1,None,Holding,0,369737.038276,7684.306688,7385.118226,-1.93203,0,0,11461197.300242,8700.73507,,,,,,,1,,,,,,,,,,,,,,,,0,0,0,,369.884554,350.371754,51.624769,0.008126,,,,,,,,,,,,,,Phasing,0,-663870.764451,0,663870.764451,0,,,,,,,,,,,,,,,,ResourceCritical,SafeMode,1,None,,,,,,1,0,0,0,0,,,,,,,,,,,,,,100,0,0,0,0,0.570047,,,,,,,,,,,,,,,,,,,,,,,
188873.455272,PHASING,8,0,1,None,Holding,0,369733.166825,7684.311127,7385.145342,-1.957071,0,0,11452294.765193,8700.73507,,,,,,,1,,,,,,,,,,,,,,,,0,0,0,,369.884554,350.371754,51.624769,0.008126,,,,,,,,,,,,,,Phasing,0,-663870.764451,0,663870.764451,0,,,,,,,,,,,,,,,,ResourceCritical,SafeMode,1,None,,,,,,1,0,0,0,0,,,,,,,,,,,,,,100,0,0,0,0,0.570164,,,,,,,,,,,,,,,,,,,,,,,
188875.455272,PHASING,8,0,1,None,Holding,0,369729.244848,7684.315624,7385.172498,-1.982101,0,0,11443389.598559,8700.73507,,,,,,,1,,,,,,,,,,,,,,,,0,0,0,,369.884554,350.371754,51.624769,0.008126,,,,,,,,,,,,,,Phasing,0,-663870.764451,0,663870.764451,0,,,,,,,,,,,,,,,,ResourceCritical,SafeMode,1,None,,,,,,1,0,0,0,0,,,,,,,,,,,,,,100,0,0,0,0,0.570254,,,,,,,,,,,,,,,,,,,,,,,
188877.455272,PHASING,8,0,1,None,Holding,0,369725.273101,7684.320179,7385.199692,-2.007122,0,0,11434481.824936,8700.73507,,,,,,,1,,,,,,,,,,,,,,,,0,0,0,,369.884554,350.371754,51.624769,0.008126,,,,,,,,,,,,,,Phasing,0,-663870.764451,0,663870.764451,0,,,,,,,,,,,,,,,,ResourceCritical,SafeMode,1,None,,,,,,1,0,0,0,0,,,,,,,,,,,,,,100,0,0,0,0,0.570323,,,,,,,,,,,,,,,,,,,,,,,
188879.455272,PHASING,8,0,1,None,Holding,0,369721.251174,7684.32479,7385.226925,-2.032131,0,0,11425571.466489,8700.73507,,,,,,,1,,,,,,,,,,,,,,,,0,0,0,,369.884554,350.371754,51.624769,0.008126,,,,,,,,,,,,,,Phasing,0,-663870.764451,0,663870.764451,0,,,,,,,,,,,,,,,,ResourceCritical,SafeMode,1,None,,,,,,1,0,0,0,0,,,,,,,,,,,,,,100,0,0,0,0,0.570375,,,,,,,,,,,,,,,,,,,,,,,
188881.455272,PHASING,8,0,1,None,Holding,0,369717.179228,7684.329458,7385.254195,-2.057131,0,0,11416658.548158,8700.73507,,,,,,,1,,,,,,,,,,,,,,,,0,0,0,,369.884554,350.371754,51.624769,0.008126,,,,,,,,,,,,,,Phasing,0,-663870.764451,0,663870.764451,0,,,,,,,,,,,,,,,,ResourceCritical,SafeMode,1,None,,,,,,1,0,0,0,0,,,,,,,,,,,,,,100,0,0,0,0,0.570414,,,,,,,,,,,,,,,,,,,,,,,
188883.455272,PHASING,8,0,1,None,Holding,0,369713.056015,7684.334184,7385.281503,-2.08212,0,0,11407743.092056,8700.73507,,,,,,,1,,,,,,,,,,,,,,,,0,0,0,,369.884554,350.371754,51.624769,0.008126,,,,,,,,,,,,,,Phasing,0,-663870.764451,0,663870.764451,0,,,,,,,,,,,,,,,,ResourceCritical,SafeMode,1,None,,,,,,1,0,0,0,0,,,,,,,,,,,,,,100,0,0,0,0,0.570441,,,,,,,,,,,,,,,,,,,,,,,
188885.455272,PHASING,8,0,1,None,Holding,0,369708.883688,7684.338966,7385.308847,-2.107098,0,0,11398825.12197,8700.73507,0,0,25.596109,0,0,,1,0,0,0,73.790317,0,0,0,0,0,0,0,0,0,0,0,0,0,0,0,369.884554,350.371754,51.624769,0.008126,,,,,,,,,,,,,,Phasing,0,-663870.764451,0,663870.764451,0,,,,,,,,,,,,,,,,ResourceCritical,SafeMode,1,None,,,,,,1,0,0,0,0,,,,,,,,,,,,,,1,0,0,0,0,0.570457,13.564417,10.322424,10.693345,0,0,0,0,0,0,0,0,,,,,,,,,,,,
188887.695272,PHASING,8,0,1,None,Holding,0,369708.379841,7684.339091,7385.311664,-2.109108,0,0,11397754.797636,8700.73507,0.557524,0,25.696562,0,0,,1,0,0,0,73.790317,0,0,0,0,0,0,0,0.106564,1.937725,-0.35868,0,38.503643,16.104626,38.779865,0,369.884361,350.370311,51.624767,0.008128,,,,,,,,,,,,,,Phasing,0,-663870.764451,0,663870.764451,0,,,,,,,,,,,,,,,,ResourceCritical,SafeMode,1,None,,,,,,1,0,0,0,0,,,,,,,,,,,,,,1,0,0,0,0,0.570459,13.564417,10.322424,10.693345,0,0,0,0,0,0,1,0,0.26,0,0,0,0.26,0,0,0,0,0,0,0
188887.955272,PHASING,8,0,1,None,Holding,0,369707.833189,7684.339718,7385.315221,-2.112355,0,0,11396595.239183,8700.73507,0.131044,0,25.805267,0,0,,1,0,0,0,73.790317,0,0,0,0,0,0,0,0.108219,1.937737,-0.358173,0,38.503639,16.104626,38.779861,0,369.884361,350.370311,51.624767,0.008128,,,,,,,,,,,,,,Phasing,0,-663870.764451,0,663870.764451,0,,,,,,,,,,,,,,,,ResourceCritical,SafeMode,1,None,,,,,,1,0,0,0,0,,,,,,,,,,,,,,1,0,0,0,0,0.570461,13.564417,10.322424,10.693345,0,0,0,0,0,0,1,0,0.26,0,0,0,0.26,0,0,0,0,0,0,0
188888.215272,PHASING,8,0,1,None,Holding,0,369707.285688,7684.340345,7385.31878,-2.115601,0,0,11395435.638738,8700.73507,0.000194,0,25.913879,0,0,,1,0,0,0,73.790317,0,0,0,0,0,0,0,0.109911,1.93775,-0.357672,0,38.503635,16.104626,38.779858,0,369.884361,350.370311,51.624767,0.008128,,,,,,,,,,,,,,Phasing,0,-663870.764451,0,663870.764451,0,,,,,,,,,,,,,,,,ResourceCritical,SafeMode,1,None,,,,,,1,0,0,0,0,,,,,,,,,,,,,,1,0,0,0,0,0.570462,13.564417,10.322424,10.693345,0,0,0,0,0,0,1,0,0.26,0,0,0,0.26,0,0,0,0,0,0,0
188888.475272,PHASING,8,0,1,None,Holding,0,369706.737337,7684.340974,7385.322339,-2.118847,0,0,11394275.996352,8700.73507,0.000194,0,26.022389,0,0,,1,0,0,0,73.790317,0,0,0,0,0,0,0,0.111563,1.937765,-0.357156,0,38.503635,16.104626,38.779858,0,369.884361,350.370311,51.624767,0.008128,,,,,,,,,,,,,,Phasing,0,-663870.764451,0,663870.764451,0,,,,,,,,,,,,,,,,ResourceCritical,SafeMode,1,None,,,,,,1,0,0,0,0,,,,,,,,,,,,,,1,0,0,0,0,0.570463,13.564417,10.322424,10.693345,0,0,0,0,0,0,1,0,0.26,0,0,0,0.26,0,0,0,0,0,0,0
188888.735272,PHASING,8,0,1,None,Holding,0,369706.188138,7684.341603,7385.325898,-2.122093,0,0,11393116.312076,8700.73507,0.000194,0,26.130802,0,0,,1,0,0,0,73.790317,0,0,0,0,0,0,0,0.113212,1.937778,-0.35646,0,38.503632,16.104626,38.779854,0,369.884361,350.370311,51.624767,0.008128,,,,,,,,,,,,,,Phasing,0,-663870.764451,0,663870.764451,0,,,,,,,,,,,,,,,,ResourceCritical,SafeMode,1,None,,,,,,1,0,0,0,0,,,,,,,,,,,,,,1,0,0,0,0,0.570464,13.564417,10.322424,10.693345,0,0,0,0,0,0,1,0,0.26,0,0,0,0.26,0,0,0,0,0,0,0
188888.995272,PHASING,8,0,1,None,Holding,0,369705.638089,7684.342233,7385.329458,-2.125339,0,0,11391956.585961,8700.73507,0.000194,0,26.239083,0,0,,1,0,0,0,73.790317,0,0,0,0,0,0,0,0.114872,1.93779,-0.355909,0,38.503643,16.104626,38.779865,0,369.884361,350.370311,51.624767,0.008128,,,,,,,,,,,,,,Phasing,0,-663870.764451,0,663870.764451,0,,,,,,,,,,,,,,,,ResourceCritical,SafeMode,1,None,,,,,,1,0,0,0,0,,,,,,,,,,,,,,1,0,0,0,0,0.570465,13.564417,10.322424,10.693345,0,0,0,0,0,0,1,0,0.26,0,0,0,0.26,0,0,0,0,0,0,0
188889.255272,PHASING,8,0,1,None,Holding,0,369705.087191,7684.342865,7385.333019,-2.128584,0,0,11390796.818058,8700.73507,0.000194,0,26.347273,0,0,,1,0,0,0,73.790317,0,0,0,0,0,0,0,0.116512,1.937804,-0.355367,0,38.503635,16.104626,38.779858,0,369.884361,350.370311,51.624767,0.008128,,,,,,,,,,,,,,Phasing,0,-663870.764451,0,663870.764451,0,,,,,,,,,,,,,,,,ResourceCritical,SafeMode,1,None,,,,,,1,0,0,0,0,,,,,,,,,,,,,,1,0,0,0,0,0.570466,13.564417,10.322424,10.693345,0,0,0,0,0,0,1,0,0.26,0,0,0,0.26,0,0,0,0,0,0,0
188889.515272,PHASING,8,0,1,None,Holding,0,369704.535443,7684.343497,7385.33658,-2.13183,0,0,11389637.008417,8700.73507,0.000194,0,26.455371,0,0,,1,0,0,0,73.790317,0,0,0,0,0,0,0,0.11819,1.937813,-0.354788,0,38.503643,16.104626,38.779865,0,369.884361,350.370311,51.624767,0.008128,,,,,,,,,,,,,,Phasing,0,-663870.764451,0,663870.764451,0,,,,,,,,,,,,,,,,ResourceCritical,SafeMode,1,None,,,,,,1,0,0,0,0,,,,,,,,,,,,,,1,0,0,0,0,0.570466,13.564417,10.322424,10.693345,0,0,0,0,0,0,1,0,0.26,0,0,0,0.26,0,0,0,0,0,0,0
188889.775272,PHASING,8,0,1,None,Holding,0,369703.982847,7684.34413,7385.340142,-2.135075,0,0,11388477.15709,8700.73507,0.000194,0,26.563349,0,0,,1,0,0,0,73.790317,0,0,0,0,0,0,0,0.119861,1.937833,-0.354258,0,38.503639,16.104626,38.779861,0,369.884361,350.370311,51.624767,0.008128,,,,,,,,,,,,,,Phasing,0,-663870.764451,0,663870.764451,0,,,,,,,,,,,,,,,,ResourceCritical,SafeMode,1,None,,,,,,1,0,0,0,0,,,,,,,,,,,,,,1,0,0,0,0,0.570466,13.564417,10.322424,10.693345,0,0,0,0,0,0,1,0,0.26,0,0,0,0.26,0,0,0,0,0,0,0
188890.035272,PHASING,8,0,1,None,Holding,0,369703.429401,7684.344764,7385.343705,-2.13832,0,0,11387317.264128,8700.73507,0.000194,0,26.671219,0,0,,1,0,0,0,73.790317,0,0,0,0,0,0,0,0.121456,1.937844,-0.353569,0,38.503639,16.104626,38.779861,0,369.884361,350.370311,51.624767,0.008128,,,,,,,,,,,,,,Phasing,0,-663870.764451,0,663870.764451,0,,,,,,,,,,,,,,,,ResourceCritical,SafeMode,1,None,,,,,,1,0,0,0,0,,,,,,,,,,,,,,1,0,0,0,0,0.570466,13.564417,10.322424,10.693345,0,0,0,0,0,0,1,0,0.26,0,0,0,0.26,0,0,0,0,0,0,0
188890.295272,PHASING,8,0,1,None,Holding,0,369702.875106,7684.3454,7385.347268,-2.141565,0,0,11386157.32958,8700.73507,0.000194,0,26.778995,0,0,,1,0,0,0,73.790317,0,0,0,0,0,0,0,0.123149,1.937863,-0.35308,0,38.503632,16.104626,38.779854,0,369.884361,350.370311,51.624767,0.008128,,,,,,,,,,,,,,Phasing,0,-663870.764451,0,663870.764451,0,,,,,,,,,,,,,,,,ResourceCritical,SafeMode,1,None,,,,,,1,0,0,0,0,,,,,,,,,,,,,,1,0,0,0,0,0.570466,13.564417,10.322424,10.693345,0,0,0,0,0,0,1,0,0.26,0,0,0,0.26,0,0,0,0,0,0,0
188890.555272,PHASING,8,0,1,None,Holding,0,369702.319961,7684.346036,7385.350832,-2.144809,0,0,11384997.353499,8700.73507,0.000194,0,26.886649,0,0,,1,0,0,0,73.790317,0,0,0,0,0,0,0,0.124767,1.937875,-0.352413,0,38.503632,16.104626,38.779858,0,369.884361,350.370311,51.624767,0.008128,,,,,,,,,,,,,,Phasing,0,-663870.764451,0,663870.764451,0,,,,,,,,,,,,,,,,ResourceCritical,SafeMode,1,None,,,,,,1,0,0,0,0,,,,,,,,,,,,,,1,0,0,0,0,0.570465,13.564417,10.322424,10.693345,0,0,0,0,0,0,1,0,0.26,0,0,0,0.26,0,0,0,0,0,0,0
188890.815272,PHASING,8,0,1,None,Holding,0,369701.763968,7684.346673,7385.354396,-2.148054,0,0,11383837.335935,8700.73507,0.000194,0,26.994206,0,0,,1,0,0,0,73.790317,0,0,0,0,0,0,0,0.126394,1.937886,-0.351724,0,38.503639,16.104626,38.779861,0,369.884361,350.370311,51.624767,0.008128,,,,,,,,,,,,,,Phasing,0,-663870.764451,0,663870.764451,0,,,,,,,,,,,,,,,,ResourceCritical,SafeMode,1,None,,,,,,1,0,0,0,0,,,,,,,,,,,,,,1,0,0,0,0,0.570464,13.564417,10.322424,10.693345,0,0,0,0,0,0,1,0,0.26,0,0,0,0.26,0,0,0,0,0,0,0
188891.075272,PHASING,8,0,1,None,Holding,0,369701.207125,7684.347311,7385.357961,-2.151298,0,0,11382677.276938,8700.73507,0.000194,0,27.101634,0,0,,1,0,0,0,73.790317,0,0,0,0,0,0,0,0.128009,1.937899,-0.351114,0,38.503647,16.104626,38.779869,0,369.884361,350.370311,51.624767,0.008128,,,,,,,,,,,,,,Phasing,0,-663870.764451,0,663870.764451,0,,,,,,,,,,,,,,,,ResourceCritical,SafeMode,1,None,,,,,,1,0,0,0,0,,,,,,,,,,,,,,1,0,0,0,0,0.570463,13.564417,10.322424,10.693345,0,0,0,0,0,0,1,0,0.26,0,0,0,0.26,0,0,0,0,0,0,0
188891.335272,PHASING,8,0,1,None,Holding,0,369700.649433,7684.34795,7385.361527,-2.154542,0,0,11381517.176561,8700.73507,0.000194,0,27.208961,0,0,,1,0,0,0,73.790317,0,0,0,0,0,0,0,0.129662,1.937915,-0.350333,0,38.503647,16.104626,38.779869,0,369.884361,350.370311,51.624767,0.008128,,,,,,,,,,,,,,Phasing,0,-663870.764451,0,663870.764451,0,,,,,,,,,,,,,,,,ResourceCritical,SafeMode,1,None,,,,,,1,0,0,0,0,,,,,,,,,,,,,,1,0,0,0,0,0.570462,13.564417,10.322424,10.693345,0,0,0,0,0,0,1,0,0.26,0,0,0,0.26,0,0,0,0,0,0,0
188891.595272,PHASING,8,0,1,None,Holding,0,369700.090891,7684.34859,7385.365093,-2.157786,0,0,11380357.034852,8700.73507,0.000194,0,27.316176,0,0,,1,0,0,0,73.790317,0,0,0,0,0,0,0,0.131256,1.937925,-0.349749,0,38.503647,16.104626,38.779869,0,369.884361,350.370311,51.624767,0.008128,,,,,,,,,,,,,,Phasing,0,-663870.764451,0,663870.764451,0,,,,,,,,,,,,,,,,ResourceCritical,SafeMode,1,None,,,,,,1,0,0,0,0,,,,,,,,,,,,,,1,0,0,0,0,0.570461,13.564417,10.322424,10.693345,0,0,0,0,0,0,1,0,0.26,0,0,0,0.26,0,0,0,0,0,0,0
188891.855272,PHASING,8,0,1,None,Holding,0,369699.531501,7684.349231,7385.36866,-2.161029,0,0,11379196.851864,8700.73507,0.000194,0,27.423283,0,0,,1,0,0,0,73.790317,0,0,0,0,0,0,0,0.132921,1.93794,-0.349141,0,38.503639,16.104626,38.779861,0,369.884361,350.370311,51.624767,0.008128,,,,,,,,,,,,,,Phasing,0,-663870.764451,0,663870.764451,0,,,,,,,,,,,,,,,,ResourceCritical,SafeMode,1,None,,,,,,1,0,0,0,0,,,,,,,,,,,,,,1,0,0,0,0,0.570459,13.564417,10.322424,10.693345,0,0,0,0,0,0,1,0,0.26,0,0,0,0.26,0,0,0,0,0,0,0
188892.115272,PHASING,8,0,1,None,Holding,0,369698.971261,7684.349873,7385.372227,-2.164273,0,0,11378036.627647,8700.73507,0.000194,0,27.530266,0,0,,1,0,0,0,73.790317,0,0,0,0,0,0,0,0.134511,1.937951,-0.348468,0,38.503635,16.104626,38.779858,0,369.884361,350.370311,51.624767,0.008128,,,,,,,,,,,,,,Phasing,0,-663870.764451,0,663870.764451,0,,,,,,,,,,,,,,,,ResourceCritical,SafeMode,1,None,,,,,,1,0,0,0,0,,,,,,,,,,,,,,1,0,0,0,0,0.570457,13.564417,10.322424,10.693345,0,0,0,0,0,0,1,0,0.26,0,0,0,0.26,0,0,0,0,0,0,0
188892.375272,PHASING,8,0,1,None,Holding,0,369698.410172,7684.350516,7385.375795,-2.167516,0,0,11376876.362251,8700.73507,0.000194,0,27.637144,0,0,,1,0,0,0,73.790317,0,0,0,0,0,0,0,0.136168,1.937971,-0.347873,0,38.503635,16.104626,38.779858,0,369.884361,350.370311,51.624767,0.008128,,,,,,,,,,,,,,Phasing,0,-663870.764451,0,663870.764451,0,,,,,,,,,,,,,,,,ResourceCritical,SafeMode,1,None,,,,,,1,0,0,0,0,,,,,,,,,,,,,,1,0,0,0,0,0.570455,13.564417,10.322424,10.693345,0,0,0,0,0,0,1,0,0.26,0,0,0,0.26,0,0,0,0,0,0,0
188892.635272,PHASING,8,0,1,None,Holding,0,369697.848233,7684.35116,7385.379363,-2.170759,0,0,11375716.055728,8700.73507,0.000194,0,27.743911,0,0,,1,0,0,0,73.790317,0,0,0,0,0,0,0,0.137762,1.937981,-0.347029,0,38.503635,16.104626,38.779858,0,369.884361,350.370311,51.624767,0.008128,,,,,,,,,,,,,,Phasing,0,-663870.764451,0,663870.764451,0,,,,,,,,,,,,,,,,ResourceCritical,SafeMode,1,None,,,,,,1,0,0,0,0,,,,,,,,,,,,,,1,0,0,0,0,0.570453,13.564417,10.322424,10.693345,0,0,0,0,0,0,1,0,0.26,0,0,0,0.26,0,0,0,0,0,0,0
188892.895272,PHASING,8,0,1,None,Holding,0,369697.285446,7684.351804,7385.382932,-2.174002,0,0,11374555.708128,8700.73507,0.000194,0,27.850551,0,0,,1,0,0,0,73.790317,0,0,0,0,0,0,0,0.139367,1.937997,-0.346608,0,38.503639,16.104626,38.779861,0,369.884361,350.370311,51.624767,0.008128,,,,,,,,,,,,,,Phasing,0,-663870.764451,0,663870.764451,0,,,,,,,,,,,,,,,,ResourceCritical,SafeMode,1,None,,,,,,1,0,0,0,0,,,,,,,,,,,,,,1,0,0,0,0,0.57045,13.564417,10.322424,10.693345,0,0,0,0,0,0,1,0,0.26,0,0,0,0.26,0,0,0,0,0,0,0
188893.155272,PHASING,8,0,1,None,Holding,0,369696.721809,7684.35245,7385.386502,-2.177245,0,0,11373395.319502,8700.73507,0.000194,0,27.957067,0,0,,1,0,0,0,73.790317,0,0,0,0,0,0,0,0.140983,1.938014,-0.34576,0,38.503639,16.104626,38.779861,0,369.884361,350.370311,51.624767,0.008128,,,,,,,,,,,,,,Phasing,0,-663870.764451,0,663870.764451,0,,,,,,,,,,,,,,,,ResourceCritical,SafeMode,1,None,,,,,,1,0,0,0,0,,,,,,,,,,,,,,1,0,0,0,0,0.570448,13.564417,10.322424,10.693345,0,0,0,0,0,0,1,0,0.26,0,0,0,0.26,0,0,0,0,0,0,0
188893.415272,PHASING,8,0,1,None,Holding,0,369696.157324,7684.353097,7385.390072,-2.180487,0,0,11372234.8899,8700.73507,0.000194,0,28.063474,0,0,,1,0,0,0,73.790317,0,0,0,0,0,0,0,0.142558,1.938017,-0.344779,0,38.503651,16.104626,38.779873,0,369.884361,350.370311,51.624767,0.008128,,,,,,,,,,,,,,Phasing,0,-663870.764451,0,663870.764451,0,,,,,,,,,,,,,,,,ResourceCritical,SafeMode,1,None,,,,,,1,0,0,0,0,,,,,,,,,,,,,,1,0,0,0,0,0.570445,13.564417,10.322424,10.693345,0,0,0,0,0,0,1,0,0.26,0,0,0,0.26,0,0,0,0,0,0,0
188893.675272,PHASING,8,0,1,None,Holding,0,369695.591988,7684.353745,7385.393643,-2.18373,0,0,11371074.419374,8700.73507,0.000194,0,28.169777,0,0,,1,0,0,0,73.790317,0,0,0,0,0,0,0,0.144185,1.938038,-0.344493,0,38.503632,16.104626,38.779854,0,369.884361,350.370311,51.624767,0.008128,,,,,,,,,,,,,,Phasing,0,-663870.764451,0,663870.764451,0,,,,,,,,,,,,,,,,ResourceCritical,SafeMode,1,None,,,,,,1,0,0,0,0,,,,,,,,,,,,,,1,0,0,0,0,0.570442,13.564417,10.322424,10.693345,0,0,0,0,0,0,1,0,0.26,0,0,0,0.26,0,0,0,0,0,0,0
188893.935272,PHASING,8,0,1,None,Holding,0,369695.025804,7684.354393,7385.397215,-2.186972,0,0,11369913.907974,8700.73507,0.000194,0,28.275944,0,0,,1,0,0,0,73.790317,0,0,0,0,0,0,0,0.145772,1.93805,-0.343608,0,38.503639,16.104626,38.779861,0,369.884361,350.370311,51.624767,0.008128,,,,,,,,,,,,,,Phasing,0,-663870.764451,0,663870.764451,0,,,,,,,,,,,,,,,,ResourceCritical,SafeMode,1,None,,,,,,1,0,0,0,0,,,,,,,,,,,,,,1,0,0,0,0,0.570438,13.564417,10.322424,10.693345,0,0,0,0,0,0,1,0,0.26,0,0,0,0.26,0,0,0,0,0,0,0
188894.195272,PHASING,8,0,1,None,Holding,0,369694.458771,7684.355043,7385.400787,-2.190214,0,0,11368753.355751,8700.73507,0.000194,0,28.382012,0,0,,1,0,0,0,73.790317,0,0,0,0,0,0,0,0.147358,1.938068,-0.342805,0,38.503635,16.104626,38.779858,0,369.884361,350.370311,51.624767,0.008128,,,,,,,,,,,,,,Phasing,0,-663870.764451,0,663870.764451,0,,,,,,,,,,,,,,,,ResourceCritical,SafeMode,1,None,,,,,,1,0,0,0,0,,,,,,,,,,,,,,1,0,0,0,0,0.570435,13.564417,10.322424,10.693345,0,0,0,0,0,0,1,0,0.26,0,0,0,0.26,0,0,0,0,0,0,0
188894.455272,PHASING,8,0,1,None,Holding,0,369693.890889,7684.355693,7385.40436,-2.193455,0,0,11367592.762754,8700.73507,0.000194,0,28.487938,0,0,,1,0,0,0,73.790317,0,0,0,0,0,0,0,0.148958,1.938078,-0.342125,0,38.503639,16.104626,38.779861,0,369.884361,350.370311,51.624767,0.008128,,,,,,,,,,,,,,Phasing,0,-663870.764451,0,663870.764451,0,,,,,,,,,,,,,,,,ResourceCritical,SafeMode,1,None,,,,,,1,0,0,0,0,,,,,,,,,,,,,,1,0,0,0,0,0.570431,13.564417,10.322424,10.693345,0,0,0,0,0,0,1,0,0.26,0,0,0,0.26,0,0,0,0,0,0,0
188894.715272,PHASING,8,0,1,None,Holding,0,369693.322157,7684.356345,7385.407933,-2.196697,0,0,11366432.129035,8700.73507,0.000194,0,28.593753,0,0,,1,0,0,0,73.790317,0,0,0,0,0,0,0,0.150609,1.938094,-0.34157,0,38.503632,16.104626,38.779854,0,369.884361,350.370311,51.624767,0.008128,,,,,,,,,,,,,,Phasing,0,-663870.764451,0,663870.764451,0,,,,,,,,,,,,,,,,ResourceCritical,SafeMode,1,None,,,,,,1,0,0,0,0,,,,,,,,,,,,,,1,0,0,0,0,0.570428,13.564417,10.322424,10.693345,0,0,0,0,0,0,1,0,0.26,0,0,0,0.26,0,0,0,0,0,0,0
188894.975272,PHASING,8,0,1,None,Holding,0,369692.752577,7684.356997,7385.411507,-2.199938,0,0,11365271.454645,8700.73507,0.000194,0,28.69943,0,0,,1,0,0,0,73.790317,0,0,0,0,0,0,0,0.152128,1.938101,-0.340554,0,38.503647,16.104626,38.779869,0,369.884361,350.370311,51.624767,0.008128,,,,,,,,,,,,,,Phasing,0,-663870.764451,0,663870.764451,0,,,,,,,,,,,,,,,,ResourceCritical,SafeMode,1,None,,,,,,1,0,0,0,0,,,,,,,,,,,,,,1,0,0,0,0,0.570423,13.564417,10.322424,10.693345,0,0,0,0,0,0,1,0,0.26,0,0,0,0.26,0,0,0,0,0,0,0
188895.235272,PHASING,8,0,1,None,Holding,0,369692.182146,7684.357651,7385.415081,-2.20318,0,0,11364110.739635,8700.73507,0.000194,0,28.805009,0,0,,1,0,0,0,73.790317,0,0,0,0,0,0,0,0.153719,1.938121,-0.339918,0,38.503628,16.104626,38.77985,0,369.884361,350.370311,51.624767,0.008128,,,,,,,,,,,,,,Phasing,0,-663870.764451,0,663870.764451,0,,,,,,,,,,,,,,,,ResourceCritical,SafeMode,1,None,,,,,,1,0,0,0,0,,,,,,,,,,,,,,1,0,0,0,0,0.570419,13.564417,10.322424,10.693345,0,0,0,0,0,0,1,0,0.26,0,0,0,0.26,0,0,0,0,0,0,0
188895.495272,PHASING,8,0,1,None,Holding,0,369691.610868,7684.358305,7385.418656,-2.206421,0,0,11362949.984053,8700.73507,0.000194,0,28.910451,0,0,,1,0,0,0,73.790317,0,0,0,0,0,0,0,0.155286,1.938134,-0.339174,0,38.503635,16.104626,38.779858,0,369.884361,350.370311,51.624767,0.008128,,,,,,,,,,,,,,Phasing,0,-663870.764451,0,663870.764451,0,,,,,,,,,,,,,,,,ResourceCritical,SafeMode,1,None,,,,,,1,0,0,0,0,,,,,,,,,,,,,,1,0,0,0,0,0.570415,13.564417,10.322424,10.693345,0,0,0,0,0,0,1,0,0.26,0,0,0,0.26,0,0,0,0,0,0,0
188895.755272,PHASING,8,0,1,None,Holding,0,369691.03874,7684.358961,7385.422232,-2.209661,0,0,11361789.187952,8700.73507,0.000194,0,29.015765,0,0,,1,0,0,0,73.790317,0,0,0,0,0,0,0,0.156861,1.938151,-0.338369,0,38.503635,16.104626,38.779858,0,369.884361,350.370311,51.624767,0.008128,,,,,,,,,,,,,,Phasing,0,-663870.764451,0,663870.764451,0,,,,,,,,,,,,,,,,ResourceCritical,SafeMode,1,None,,,,,,1,0,0,0,0,,,,,,,,,,,,,,1,0,0,0,0,0.57041,13.564417,10.322424,10.693345,0,0,0,0,0,0,1,0,0.26,0,0,0,0.26,0,0,0,0,0,0,0
188896.015272,PHASING,8,0,1,None,Holding,0,369690.465764,7684.359617,7385.425808,-2.212902,0,0,11360628.351382,8700.73507,0.000194,0,29.120959,0,0,,1,0,0,0,73.790317,0,0,0,0,0,0,0,0.158391,1.938161,-0.337478,0,38.503639,16.104626,38.779861,0,369.884361,350.370311,51.624767,0.008128,,,,,,,,,,,,,,Phasing,0,-663870.764451,0,663870.764451,0,,,,,,,,,,,,,,,,ResourceCritical,SafeMode,1,None,,,,,,1,0,0,0,0,,,,,,,,,,,,,,1,0,0,0,0,0.570405,13.564417,10.322424,10.693345,0,0,0,0,0,0,1,0,0.26,0,0,0,0.26,0,0,0,0,0,0,0
188896.275272,PHASING,8,0,1,None,Holding,0,369689.891938,7684.360274,7385.429384,-2.216142,0,0,11359467.474394,8700.73507,0.000194,0,29.226024,0,0,,1,0,0,0,73.790317,0,0,0,0,0,0,0,0.160012,1.938176,-0.336847,0,38.503643,16.104626,38.779865,0,369.884361,350.370311,51.624767,0.008128,,,,,,,,,,,,,,Phasing,0,-663870.764451,0,663870.764451,0,,,,,,,,,,,,,,,,ResourceCritical,SafeMode,1,None,,,,,,1,0,0,0,0,,,,,,,,,,,,,,1,0,0,0,0,0.5704,13.564417,10.322424,10.693345,0,0,0,0,0,0,1,0,0.26,0,0,0,0.26,0,0,0,0,0,0,0
188896.535272,PHASING,8,0,1,None,Holding,0,369689.317263,7684.360933,7385.432962,-2.219383,0,0,11358306.557037,8700.73507,0.000194,0,29.330953,0,0,,1,0,0,0,73.790317,0,0,0,0,0,0,0,0.161567,1.93819,-0.335913,0,38.503647,16.104626,38.779869,0,369.884361,350.370311,51.624767,0.008128,,,,,,,,,,,,,,Phasing,0,-663870.764451,0,663870.764451,0,,,,,,,,,,,,,,,,ResourceCritical,SafeMode,1,None,,,,,,1,0,0,0,0,,,,,,,,,,,,,,1,0,0,0,0,0.570395,13.564417,10.322424,10.693345,0,0,0,0,0,0,1,0,0.26,0,0,0,0.26,0,0,0,0,0,0,0
188896.795272,PHASING,8,0,1,None,Holding,0,369688.741738,7684.361592,7385.43654,-2.222623,0,0,11357145.599363,8700.73507,0.000194,0,29.435773,0,0,,1,0,0,0,73.790317,0,0,0,0,0,0,0,0.163103,1.938203,-0.335178,0,38.503643,16.104626,38.779865,0,369.884361,350.370311,51.624767,0.008128,,,,,,,,,,,,,,Phasing,0,-663870.764451,0,663870.764451,0,,,,,,,,,,,,,,,,ResourceCritical,SafeMode,1,None,,,,,,1,0,0,0,0,,,,,,,,,,,,,,1,0,0,0,0,0.57039,13.564417,10.322424,10.693345,0,0,0,0,0,0,1,0,0.26,0,0,0,0.26,0,0,0,0,0,0,0
188897.055272,PHASING,8,0,1,None,Holding,0,369688.165365,7684.362252,7385.440118,-2.225862,0,0,11355984.601422,8700.73507,0.000194,0,29.540461,0,0,,1,0,0,0,73.790317,0,0,0,0,0,0,0,0.164702,1.93822,-0.334404,0,38.503647,16.104626,38.779869,0,369.884361,350.370311,51.624767,0.008128,,,,,,,,,,,,,,Phasing,0,-663870.764451,0,663870.764451,0,,,,,,,,,,,,,,,,ResourceCritical,SafeMode,1,None,,,,,,1,0,0,0,0,,,,,,,,,,,,,,1,0,0,0,0,0.570384,13.564417,10.322424,10.693345,0,0,0,0,0,0,1,0,0.26,0,0,0,0.26,0,0,0,0,0,0,0
188897.315272,PHASING,8,0,1,None,Holding,0,369687.588143,7684.362913,7385.443697,-2.229102,0,0,11354823.563265,8700.73507,0.000194,0,29.645021,0,0,,1,0,0,0,73.790317,0,0,0,0,0,0,0,0.166205,1.938232,-0.333537,0,38.503635,16.104626,38.779858,0,369.884361,350.370311,51.624767,0.008128,,,,,,,,,,,,,,Phasing,0,-663870.764451,0,663870.764451,0,,,,,,,,,,,,,,,,ResourceCritical,SafeMode,1,None,,,,,,1,0,0,0,0,,,,,,,,,,,,,,1,0,0,0,0,0.570379,13.564417,10.322424,10.693345,0,0,0,0,0,0,1,0,0.26,0,0,0,0.26,0,0,0,0,0,0,0
188897.575272,PHASING,8,0,1,None,Holding,0,369687.010072,7684.363575,7385.447277,-2.232341,0,0,11353662.484942,8700.73507,0.000194,0,29.749452,0,0,,1,0,0,0,73.790317,0,0,0,0,0,0,0,0.167743,1.938251,-0.332729,0,38.503632,16.104626,38.779854,0,369.884361,350.370311,51.624767,0.008128,,,,,,,,,,,,,,Phasing,0,-663870.764451,0,663870.764451,0,,,,,,,,,,,,,,,,ResourceCritical,SafeMode,1,None,,,,,,1,0,0,0,0,,,,,,,,,,,,,,1,0,0,0,0,0.570373,13.564417,10.322424,10.693345,0,0,0,0,0,0,1,0,0.26,0,0,0,0.26,0,0,0,0,0,0,0
188897.835272,PHASING,8,0,1,None,Holding,0,369686.431152,7684.364238,7385.450857,-2.235581,0,0,11352501.366503,8700.73507,0.000194,0,29.853735,0,0,,1,0,0,0,73.790317,0,0,0,0,0,0,0,0.169336,1.938264,-0.331854,0,38.503643,16.104626,38.779865,0,369.884361,350.370311,51.624767,0.008128,,,,,,,,,,,,,,Phasing,0,-663870.764451,0,663870.764451,0,,,,,,,,,,,,,,,,ResourceCritical,SafeMode,1,None,,,,,,1,0,0,0,0,,,,,,,,,,,,,,1,0,0,0,0,0.570367,13.564417,10.322424,10.693345,0,0,0,0,0,0,1,0,0.26,0,0,0,0.26,0,0,0,0,0,0,0
188898.095272,PHASING,8,0,1,None,Holding,0,369685.851383,7684.364903,7385.454437,-2.23882,0,0,11351340.207999,8700.73507,0.000194,0,29.957914,0,0,,1,0,0,0,73.790317,0,0,0,0,0,0,0,0.170841,1.938276,-0.331091,0,38.503639,16.104626,38.779861,0,369.884361,350.370311,51.624767,0.008128,,,,,,,,,,,,,,Phasing,0,-663870.764451,0,663870.764451,0,,,,,,,,,,,,,,,,ResourceCritical,SafeMode,1,None,,,,,,1,0,0,0,0,,,,,,,,,,,,,,1,0,0,0,0,0.57036,13.564417,10.322424,10.693345,0,0,0,0,0,0,1,0,0.26,0,0,0,0.26,0,0,0,0,0,0,0
188898.355272,PHASING,8,0,1,None,Holding,0,369685.270766,7684.365568,7385.458019,-2.242059,0,0,11350179.009481,8700.73507,0.000194,0,30.061954,0,0,,1,0,0,0,73.790317,0,0,0,0,0,0,0,0.172325,1.93829,-0.330139,0,38.503632,16.104626,38.779854,0,369.884361,350.370311,51.624767,0.008128,,,,,,,,,,,,,,Phasing,0,-663870.764451,0,663870.764451,0,,,,,,,,,,,,,,,,ResourceCritical,SafeMode,1,None,,,,,,1,0,0,0,0,,,,,,,,,,,,,,1,0,0,0,0,0.570354,13.564417,10.322424,10.693345,0,0,0,0,0,0,1,0,0.26,0,0,0,0.26,0,0,0,0,0,0,0
188898.615272,PHASING,8,0,1,None,Holding,0,369684.689299,7684.366233,7385.461601,-2.245297,0,0,11349017.770999,8700.73507,0.000194,0,30.165857,0,0,,1,0,0,0,73.790317,0,0,0,0,0,0,0,0.173903,1.938304,-0.329319,0,38.503624,16.104626,38.779846,0,369.884361,350.370311,51.624767,0.008128,,,,,,,,,,,,,,Phasing,0,-663870.764451,0,663870.764451,0,,,,,,,,,,,,,,,,ResourceCritical,SafeMode,1,None,,,,,,1,0,0,0,0,,,,,,,,,,,,,,1,0,0,0,0,0.570347,13.564417,10.322424,10.693345,0,0,0,0,0,0,1,0,0.26,0,0,0,0.26,0,0,0,0,0,0,0
188898.875272,PHASING,8,0,1,None,Holding,0,369684.106983,7684.3669,7385.465183,-2.248536,0,0,11347856.492603,8700.73507,0.000194,0,30.269622,0,0,,1,0,0,0,73.790317,0,0,0,0,0,0,0,0.175365,1.938321,-0.328425,0,38.503632,16.104626,38.779854,0,369.884361,350.370311,51.624767,0.008128,,,,,,,,,,,,,,Phasing,0,-663870.764451,0,663870.764451,0,,,,,,,,,,,,,,,,ResourceCritical,SafeMode,1,None,,,,,,1,0,0,0,0,,,,,,,,,,,,,,1,0,0,0,0,0.57034,13.564417,10.322424,10.693345,0,0,0,0,0,0,1,0,0.26,0,0,0,0.26,0,0,0,0,0,0,0
188899.135272,PHASING,8,0,1,None,Holding,0,369683.523819,7684.367568,7385.468766,-2.251774,0,0,11346695.174344,8700.73507,0.000194,0,30.373236,0,0,,1,0,0,0,73.790317,0,0,0,0,0,0,0,0.176885,1.938331,-0.327628,0,38.503639,16.104626,38.779861,0,369.884361,350.370311,51.624767,0.008128,,,,,,,,,,,,,,Phasing,0,-663870.764451,0,663870.764451,0,,,,,,,,,,,,,,,,ResourceCritical,SafeMode,1,None,,,,,,1,0,0,0,0,,,,,,,,,,,,,,1,0,0,0,0,0.570333,13.564417,10.322424,10.693345,0,0,0,0,0,0,1,0,0.26,0,0,0,0.26,0,0,0,0,0,0,0
188899.395272,PHASING,8,0,1,None,Holding,0,369682.939805,7684.368237,7385.472349,-2.255012,0,0,11345533.816272,8700.73507,0.000194,0,30.476742,0,0,,1,0,0,0,73.790317,0,0,0,0,0,0,0,0.178414,1.938346,-0.326691,0,38.503632,16.104626,38.779854,0,369.884361,350.370311,51.624767,0.008128,,,,,,,,,,,,,,Phasing,0,-663870.764451,0,663870.764451,0,,,,,,,,,,,,,,,,ResourceCritical,SafeMode,1,None,,,,,,1,0,0,0,0,,,,,,,,,,,,,,1,0,0,0,0,0.570326,13.564417,10.322424,10.693345,0,0,0,0,0,0,1,0,0.26,0,0,0,0.26,0,0,0,0,0,0,0
188899.655272,PHASING,8,0,1,None,Holding,0,369682.354943,7684.368907,7385.475934,-2.25825,0,0,11344372.418437,8700.73507,0.000194,0,30.5801,0,0,,1,0,0,0,73.790317,0,0,0,0,0,0,0,0.179971,1.93836,-0.325734,0,38.503643,16.104626,38.779865,0,369.884361,350.370311,51.624767,0.008128,,,,,,,,,,,,,,Phasing,0,-663870.764451,0,663870.764451,0,,,,,,,,,,,,,,,,ResourceCritical,SafeMode,1,None,,,,,,1,0,0,0,0,,,,,,,,,,,,,,1,0,0,0,0,0.570319,13.564417,10.322424,10.693345,0,0,0,0,0,0,1,0,0.26,0,0,0,0.26,0,0,0,0,0,0,0
188899.915271,PHASING,8,0,1,None,Holding,0,369681.769232,7684.369578,7385.479518,-2.261487,0,0,11343210.980891,8700.73507,0.000194,0,30.683344,0,0,,1,0,0,0,73.790317,0,0,0,0,0,0,0,0.181442,1.938375,-0.325011,0,38.503643,16.104626,38.779865,0,369.884361,350.370311,51.624767,0.008128,,,,,,,,,,,,,,Phasing,0,-663870.764451,0,663870.764451,0,,,,,,,,,,,,,,,,ResourceCritical,SafeMode,1,None,,,,,,1,0,0,0,0,,,,,,,,,,,,,,1,0,0,0,0,0.570311,13.564417,10.322424,10.693345,0,0,0,0,0,0,1,0,0.26,0,0,0,0.26,0,0,0,0,0,0,0
188900.175271,PHASING,8,0,1,None,Holding,0,369681.182672,7684.370249,7385.483104,-2.264725,0,0,11342049.503683,8700.73507,0.000194,0,30.786435,0,0,,1,0,0,0,73.790317,0,0,0,0,0,0,0,0.182919,1.938391,-0.323969,0,38.503643,16.104626,38.779865,0,369.884361,350.370311,51.624767,0.008128,,,,,,,,,,,,,,Phasing,0,-663870.764451,0,663870.764451,0,,,,,,,,,,,,,,,,ResourceCritical,SafeMode,1,None,,,,,,1,0,0,0,0,,,,,,,,,,,,,,1,0,0,0,0,0.570304,13.564417,10.322424,10.693345,0,0,0,0,0,0,1,0,0.26,0,0,0,0.26,0,0,0,0,0,0,0
188900.435271,PHASING,8,0,1,None,Holding,0,369680.595264,7684.370922,7385.486689,-2.267962,0,0,11340887.986864,8700.73507,0.000194,0,30.889391,0,0,,1,0,0,0,73.790317,0,0,0,0,0,0,0,0.184411,1.938402,-0.322923,0,38.503643,16.104626,38.779865,0,369.884361,350.370311,51.624767,0.008128,,,,,,,,,,,,,,Phasing,0,-663870.764451,0,663870.764451,0,,,,,,,,,,,,,,,,ResourceCritical,SafeMode,1,None,,,,,,1,0,0,0,0,,,,,,,,,,,,,,1,0,0,0,0,0.570296,13.564417,10.322424,10.693345,0,0,0,0,0,0,1,0,0.26,0,0,0,0.26,0,0,0,0,0,0,0
188900.695271,PHASING,8,0,1,None,Holding,0,369680.007006,7684.371596,7385.490276,-2.271199,0,0,11339726.430484,8700.73507,0.000194,0,30.992224,0,0,,1,0,0,0,73.790317,0,0,0,0,0,0,0,0.185972,1.938417,-0.322214,0,38.503639,16.104626,38.779861,0,369.884361,350.370311,51.624767,0.008128,,,,,,,,,,,,,,Phasing,0,-663870.764451,0,663870.764451,0,,,,,,,,,,,,,,,,ResourceCritical,SafeMode,1,None,,,,,,1,0,0,0,0,,,,,,,,,,,,,,1,0,0,0,0,0.570296,13.564417,10.322424,10.693345,0,0,0,0,0,0,1,0,0.26,0,0,0,0.26,0,0,0,0,0,0,0
188900.955271,PHASING,8,0,1,None,Holding,0,369679.4179,7684.37227,7385.493863,-2.274436,0,0,11338564.834593,8700.73507,0.000194,0,31.094909,0,0,,1,0,0,0,73.790317,0,0,0,0,0,0,0,0.187475,1.938438,-0.321377,0,38.503632,16.104626,38.779854,0,369.884361,350.370311,51.624767,0.008128,,,,,,,,,,,,,,Phasing,0,-663870.764451,0,663870.764451,0,,,,,,,,,,,,,,,,ResourceCritical,SafeMode,1,None,,,,,,1,0,0,0,0,,,,,,,,,,,,,,1,0,0,0,0,0.570309,13.564417,10.322424,10.693345,0,0,0,0,0,0,1,0,0.26,0,0,0,0.26,0,0,0,0,0,0,0
188901.215271,PHASING,8,0,1,None,Holding,0,369678.827946,7684.372946,7385.49745,-2.277673,0,0,11337403.199242,8700.73507,0.000194,0,31.197438,0,0,,1,0,0,0,73.790317,0,0,0,0,0,0,0,0.188901,1.938452,-0.320306,0,38.503643,16.104626,38.779865,0,369.884361,350.370311,51.624767,0.008128,,,,,,,,,,,,,,Phasing,0,-663870.764451,0,663870.764451,0,,,,,,,,,,,,,,,,ResourceCritical,SafeMode,1,None,,,,,,1,0,0,0,0,,,,,,,,,,,,,,1,0,0,0,0,0.570332,13.564417,10.322424,10.693345,0,0,0,0,0,0,1,0,0.26,0,0,0,0.26,0,0,0,0,0,0,0
188901.475271,PHASING,8,0,1,None,Holding,0,369678.237142,7684.373622,7385.501038,-2.280909,0,0,11336241.524481,8700.73507,0.000194,0,31.299852,0,0,,1,0,0,0,73.790317,0,0,0,0,0,0,0,0.190336,1.938464,-0.319262,0,38.503628,16.104626,38.779854,0,369.884361,350.370311,51.624767,0.008128,,,,,,,,,,,,,,Phasing,0,-663870.764451,0,663870.764451,0,,,,,,,,,,,,,,,,ResourceCritical,SafeMode,1,None,,,,,,1,0,0,0,0,,,,,,,,,,,,,,1,0,0,0,0,0.57036,13.564417,10.322424,10.693345,0,0,0,0,0,0,1,0,0.26,0,0,0,0.26,0,0,0,0,0,0,0
188901.735271,PHASING,8,0,1,None,Holding,0,369677.64549,7684.3743,7385.504627,-2.284146,0,0,11335079.81036,8700.73507,0.000194,0,31.402093,0,0,,1,0,0,0,73.790317,0,0,0,0,0,0,0,0.191818,1.938476,-0.318421,0,38.503643,16.104626,38.779865,0,369.884361,350.370311,51.624767,0.008128,,,,,,,,,,,,,,Phasing,0,-663870.764451,0,663870.764451,0,,,,,,,,,,,,,,,,ResourceCritical,SafeMode,1,None,,,,,,1,0,0,0,0,,,,,,,,,,,,,,1,0,0,0,0,0.570394,13.564417,10.322424,10.693345,0,0,0,0,0,0,1,0,0.26,0,0,0,0.26,0,0,0,0,0,0,0
188901.995271,PHASING,8,0,1,None,Holding,0,369677.052988,7684.374978,7385.508216,-2.287382,0,0,11333918.056931,8700.73507,0.000194,0,31.504213,0,0,,1,0,0,0,73.790317,0,0,0,0,0,0,0,0.193379,1.93849,-0.317581,0,38.503628,16.104626,38.77985,0,369.884361,350.370311,51.624767,0.008128,,,,,,,,,,,,,,Phasing,0,-663870.764451,0,663870.764451,0,,,,,,,,,,,,,,,,ResourceCritical,SafeMode,1,None,,,,,,1,0,0,0,0,,,,,,,,,,,,,,1,0,0,0,0,0.57043,13.564417,10.322424,10.693345,0,0,0,0,0,0,1,0,0.26,0,0,0,0.26,0,0,0,0,0,0,0
188902.255271,PHASING,8,0,1,None,Holding,0,369676.459639,7684.375658,7385.511806,-2.290617,0,0,11332756.264241,8700.73507,0.000194,0,31.606175,0,0,,1,0,0,0,73.790317,0,0,0,0,0,0,0,0.194799,1.938502,-0.316395,0,38.503643,16.104626,38.779869,0,369.884361,350.370311,51.624767,0.008128,,,,,,,,,,,,,,Phasing,0,-663870.764451,0,663870.764451,0,,,,,,,,,,,,,,,,ResourceCritical,SafeMode,1,None,,,,,,1,0,0,0,0,,,,,,,,,,,,,,1,0,0,0,0,0.570467,13.564417,10.322424,10.693345,0,0,0,0,0,0,1,0,0.26,0,0,0,0.26,0,0,0,0,0,0,0
188902.515271,PHASING,8,0,1,None,Holding,0,369675.865441,7684.376338,7385.515396,-2.293853,0,0,11331594.432344,8700.73507,0.000194,0,31.708017,0,0,,1,0,0,0,73.790317,0,0,0,0,0,0,0,0.196249,1.938518,-0.315549,0,38.503635,16.104626,38.779858,0,369.884361,350.370311,51.624767,0.008128,,,,,,,,,,,,,,Phasing,0,-663870.764451,0,663870.764451,0,,,,,,,,,,,,,,,,ResourceCritical,SafeMode,1,None,,,,,,1,0,0,0,0,,,,,,,,,,,,,,1,0,0,0,0,0.570506,13.564417,10.322424,10.693345,0,0,0,0,0,0,1,0,0.26,0,0,0,0.26,0,0,0,0,0,0,0
188902.775271,PHASING,8,0,1,None,Holding,0,369675.270394,7684.37702,7385.518987,-2.297089,0,0,11330432.561287,8700.73507,0.000194,0,31.809703,0,0,,1,0,0,0,73.790317,0,0,0,0,0,0,0,0.197767,1.938536,-0.314585,0,38.503632,16.104626,38.779854,0,369.884361,350.370311,51.624767,0.008128,,,,,,,,,,,,,,Phasing,0,-663870.764451,0,663870.764451,0,,,,,,,,,,,,,,,,ResourceCritical,SafeMode,1,None,,,,,,1,0,0,0,0,,,,,,,,,,,,,,1,0,0,0,0,0.570544,13.564417,10.322424,10.693345,0,0,0,0,0,0,1,0,0.26,0,0,0,0.26,0,0,0,0,0,0,0
188903.035271,PHASING,8,0,1,None,Holding,0,369674.674498,7684.377702,7385.522578,-2.300324,0,0,11329270.651123,8700.73507,0.000194,0,31.911238,0,0,,1,0,0,0,73.790317,0,0,0,0,0,0,0,0.199169,1.938548,-0.313521,0,38.503635,16.104626,38.779858,0,369.884361,350.370311,51.624767,0.008128,,,,,,,,,,,,,,Phasing,0,-663870.764451,0,663870.764451,0,,,,,,,,,,,,,,,,ResourceCritical,SafeMode,1,None,,,,,,1,0,0,0,0,,,,,,,,,,,,,,1,0,0,0,0,0.570582,13.564417,10.322424,10.693345,0,0,0,0,0,0,1,0,0.26,0,0,0,0.26,0,0,0,0,0,0,0
188903.295271,PHASING,8,0,1,None,Holding,0,369674.077754,7684.378385,7385.52617,-2.303559,0,0,11328108.7019,8700.73507,0.000194,0,32.01263,0,0,,1,0,0,0,73.790317,0,0,0,0,0,0,0,0.200596,1.938563,-0.312568,0,38.503643,16.104626,38.779865,0,369.884361,350.370311,51.624767,0.008128,,,,,,,,,,,,,,Phasing,0,-663870.764451,0,663870.764451,0,,,,,,,,,,,,,,,,ResourceCritical,SafeMode,1,None,,,,,,1,0,0,0,0,,,,,,,,,,,,,,1,0,0,0,0,0.570619,13.564417,10.322424,10.693345,0,0,0,0,0,0,1,0,0.26,0,0,0,0.26,0,0,0,0,0,0,0
188903.555271,PHASING,8,0,1,None,Holding,0,369673.480161,7684.379069,7385.529762,-2.306794,0,0,11326946.713669,8700.73507,0.000194,0,32.113898,0,0,,1,0,0,0,73.790317,0,0,0,0,0,0,0,0.202015,1.93858,-0.311536,0,38.503632,16.104626,38.779854,0,369.884361,350.370311,51.624767,0.008128,,,,,,,,,,,,,,Phasing,0,-663870.764451,0,663870.764451,0,,,,,,,,,,,,,,,,ResourceCritical,SafeMode,1,None,,,,,,1,0,0,0,0,,,,,,,,,,,,,,1,0,0,0,0,0.570654,13.564417,10.322424,10.693345,0,0,0,0,0,0,1,0,0.26,0,0,0,0.26,0,0,0,0,0,0,0
188903.815271,PHASING,8,0,1,None,Holding,0,369672.881721,7684.379755,7385.533355,-2.310028,0,0,11325784.686481,8700.73507,0.000194,0,32.215009,0,0,,1,0,0,0,73.790317,0,0,0,0,0,0,0,0.203415,1.938594,-0.310397,0,38.503639,16.104626,38.779861,0,369.884361,350.370311,51.624767,0.008128,,,,,,,,,,,,,,Phasing,0,-663870.764451,0,663870.764451,0,,,,,,,,,,,,,,,,ResourceCritical,SafeMode,1,None,,,,,,1,0,0,0,0,,,,,,,,,,,,,,1,0,0,0,0,0.570688,13.564417,10.322424,10.693345,0,0,0,0,0,0,1,0,0.26,0,0,0,0.26,0,0,0,0,0,0,0
188904.075271,PHASING,8,0,1,None,Holding,0,369672.282431,7684.380441,7385.536949,-2.313263,0,0,11324622.620385,8700.73507,0.000194,0,32.315964,0,0,,1,0,0,0,73.790317,0,0,0,0,0,0,0,0.204853,1.938607,-0.309644,0,38.503639,16.104626,38.779861,0,369.884361,350.37031,51.624767,0.008128,,,,,,,,,,,,,,Phasing,0,-663870.764451,0,663870.764451,0,,,,,,,,,,,,,,,,ResourceCritical,SafeMode,1,None,,,,,,1,0,0,0,0,,,,,,,,,,,,,,1,0,0,0,0,0.570721,13.564417,10.322424,10.693345,0,0,0,0,0,0,1,0,0.26,0,0,0,0.26,0,0,0,0,0,0,0
188904.335271,PHASING,8,0,1,None,Holding,0,369671.682293,7684.381128,7385.540543,-2.316497,0,0,11323460.515431,8700.73507,0.000194,0,32.4168,0,0,,1,0,0,0,73.790317,0,0,0,0,0,0,0,0.206297,1.938625,-0.308461,0,38.503628,16.104626,38.77985,0,369.884361,350.37031,51.624767,0.008128,,,,,,,,,,,,,,Phasing,0,-663870.764451,0,663870.764451,0,,,,,,,,,,,,,,,,ResourceCritical,SafeMode,1,None,,,,,,1,0,0,0,0,,,,,,,,,,,,,,1,0,0,0,0,0.570752,13.564417,10.322424,10.693345,0,0,0,0,0,0,1,0,0.26,0,0,0,0.26,0,0,0,0,0,0,0
188904.595271,PHASING,8,0,1,None,Holding,0,369671.081307,7684.381816,7385.544138,-2.319731,0,0,11322298.371671,8700.73507,0.000194,0,32.517461,0,0,,1,0,0,0,73.790317,0,0,0,0,0,0,0,0.207765,1.93864,-0.307484,0,38.503632,16.104626,38.779854,0,369.884361,350.37031,51.624767,0.008128,,,,,,,,,,,,,,Phasing,0,-663870.764451,0,663870.764451,0,,,,,,,,,,,,,,,,ResourceCritical,SafeMode,1,None,,,,,,1,0,0,0,0,,,,,,,,,,,,,,1,0,0,0,0,0.570781,13.564417,10.322424,10.693345,0,0,0,0,0,0,1,0,0.26,0,0,0,0.26,0,0,0,0,0,0,0
188904.855271,PHASING,8,0,1,None,Holding,0,369670.479472,7684.382505,7385.547733,-2.322965,0,0,11321136.189154,8700.73507,0.000194,0,32.61798,0,0,,1,0,0,0,73.790317,0,0,0,0,0,0,0,0.209277,1.938654,-0.306575,0,38.503635,16.104626,38.779858,0,369.884361,350.37031,51.624767,0.008128,,,,,,,,,,,,,,Phasing,0,-663870.764451,0,663870.764451,0,,,,,,,,,,,,,,,,ResourceCritical,SafeMode,1,None,,,,,,1,0,0,0,0,,,,,,,,,,,,,,1,0,0,0,0,0.570809,13.564417,10.322424,10.693345,0,0,0,0,0,0,1,0,0.26,0,0,0,0.26,0,0,0,0,0,0,0
188905.115271,PHASING,8,0,1,None,Holding,0,369669.876789,7684.383195,7385.551328,-2.326199,0,0,11319973.967929,8700.73507,0.000194,0,32.718346,0,0,,1,0,0,0,73.790317,0,0,0,0,0,0,0,0.210541,1.938663,-0.305483,0,38.503635,16.104626,38.779858,0,369.884361,350.37031,51.624767,0.008128,,,,,,,,,,,,,,Phasing,0,-663870.764451,0,663870.764451,0,,,,,,,,,,,,,,,,ResourceCritical,SafeMode,1,None,,,,,,1,0,0,0,0,,,,,,,,,,,,,,1,0,0,0,0,0.570835,13.564417,10.322424,10.693345,0,0,0,0,0,0,1,0,0.26,0,0,0,0.26,0,0,0,0,0,0,0
188905.375271,PHASING,8,0,1,None,Holding,0,369669.273257,7684.383886,7385.554925,-2.329432,0,0,11318811.708048,8700.73507,0.000194,0,32.818559,0,0,,1,0,0,0,73.790317,0,0,0,0,0,0,0,0.211966,1.938683,-0.304365,0,38.503632,16.104626,38.779854,0,369.884361,350.37031,51.624767,0.008128,,,,,,,,,,,,,,Phasing,0,-663870.764451,0,663870.764451,0,,,,,,,,,,,,,,,,ResourceCritical,SafeMode,1,None,,,,,,1,0,0,0,0,,,,,,,,,,,,,,1,0,0,0,0,0.570859,13.564417,10.322424,10.693345,0,0,0,0,0,0,1,0,0.26,0,0,0,0.26,0,0,0,0,0,0,0
188905.635271,PHASING,8,0,1,None,Holding,0,369668.668877,7684.384578,7385.558521,-2.332665,0,0,11317649.40956,8700.73507,0.000194,0,32.918609,0,0,,1,0,0,0,73.790317,0,0,0,0,0,0,0,0.213389,1.938699,-0.303402,0,38.503635,16.104626,38.779858,0,369.884361,350.37031,51.624767,0.008128,,,,,,,,,,,,,,Phasing,0,-663870.764451,0,663870.764451,0,,,,,,,,,,,,,,,,ResourceCritical,SafeMode,1,None,,,,,,1,0,0,0,0,,,,,,,,,,,,,,1,0,0,0,0,0.570881,13.564417,10.322424,10.693345,0,0,0,0,0,0,1,0,0.26,0,0,0,0.26,0,0,0,0,0,0,0
188905.895271,PHASING,8,0,1,None,Holding,0,369668.063649,7684.385271,7385.562119,-2.335898,0,0,11316487.072516,8700.73507,0.000194,0,33.018511,0,0,,1,0,0,0,73.790317,0,0,0,0,0,0,0,0.214754,1.938708,-0.302195,0,38.503643,16.104626,38.779865,0,369.884361,350.37031,51.624767,0.008128,,,,,,,,,,,,,,Phasing,0,-663870.764451,0,663870.764451,0,,,,,,,,,,,,,,,,ResourceCritical,SafeMode,1,None,,,,,,1,0,0,0,0,,,,,,,,,,,,,,1,0,0,0,0,0.570902,13.564417,10.322424,10.693345,0,0,0,0,0,0,1,0,0.26,0,0,0,0.26,0,0,0,0,0,0,0
188906.155271,PHASING,8,0,1,None,Holding,0,369667.457572,7684.385964,7385.565717,-2.339131,0,0,11315324.696966,8700.73507,0.000194,0,33.118265,0,0,,1,0,0,0,73.790317,0,0,0,0,0,0,0,0.216129,1.938723,-0.301193,0,38.503639,16.104626,38.779865,0,369.884361,350.37031,51.624767,0.008128,,,,,,,,,,,,,,Phasing,0,-663870.764451,0,663870.764451,0,,,,,,,,,,,,,,,,ResourceCritical,SafeMode,1,None,,,,,,1,0,0,0,0,,,,,,,,,,,,,,1,0,0,0,0,0.570922,13.564417,10.322424,10.693345,0,0,0,0,0,0,1,0,0.26,0,0,0,0.26,0,0,0,0,0,0,0
188906.415271,PHASING,8,0,1,None,Holding,0,369666.850648,7684.386659,7385.569315,-2.342364,0,0,11314162.282958,8700.73507,0.000194,0,33.21786,0,0,,1,0,0,0,73.790317,0,0,0,0,0,0,0,0.217462,1.938735,-0.300061,0,38.503643,16.104626,38.779865,0,369.884361,350.370311,51.624767,0.008128,,,,,,,,,,,,,,Phasing,0,-663870.764451,0,663870.764451,0,,,,,,,,,,,,,,,,ResourceCritical,SafeMode,1,None,,,,,,1,0,0,0,0,,,,,,,,,,,,,,1,0,0,0,0,0.570939,13.564417,10.322424,10.693345,0,0,0,0,0,0,1,0,0.26,0,0,0,0.26,0,0,0,0,0,0,0
188906.675271,PHASING,8,0,1,None,Holding,0,369666.242875,7684.387355,7385.572914,-2.345596,0,0,11312999.830545,8700.73507,0.000194,0,33.317303,0,0,,1,0,0,0,73.790317,0,0,0,0,0,0,0,0.218905,1.938756,-0.299138,0,38.503643,16.104626,38.779865,0,369.884361,350.370311,51.624767,0.008128,,,,,,,,,,,,,,Phasing,0,-663870.764451,0,663870.764451,0,,,,,,,,,,,,,,,,ResourceCritical,SafeMode,1,None,,,,,,1,0,0,0,0,,,,,,,,,,,,,,1,0,0,0,0,0.570956,13.564417,10.322424,10.693345,0,0,0,0,0,0,1,0,0.26,0,0,0,0.26,0,0,0,0,0,0,0
188906.935271,PHASING,8,0,1,None,Holding,0,369665.634254,7684.388052,7385.576514,-2.348828,0,0,11311837.339776,8700.73507,0.000194,0,33.416616,0,0,,1,0,0,0,73.790317,0,0,0,0,0,0,0,0.220287,1.938769,-0.297998,0,38.503632,16.104626,38.779854,0,369.884361,350.370311,51.624767,0.008128,,,,,,,,,,,,,,Phasing,0,-663870.764451,0,663870.764451,0,,,,,,,,,,,,,,,,ResourceCritical,SafeMode,1,None,,,,,,1,0,0,0,0,,,,,,,,,,,,,,1,0,0,0,0,0.57097,13.564417,10.322424,10.693345,0,0,0,0,0,0,1,0,0.26,0,0,0,0.26,0,0,0,0,0,0,0
188907.195271,PHASING,8,0,1,None,Holding,0,369665.024784,7684.388749,7385.580113,-2.35206,0,0,11310674.8107,8700.73507,0.000194,0,33.515751,0,0,,1,0,0,0,73.790317,0,0,0,0,0,0,0,0.221676,1.938787,-0.296995,0,38.503635,16.104626,38.779858,0,369.884361,350.370311,51.624767,0.008128,,,,,,,,,,,,,,Phasing,0,-663870.764451,0,663870.764451,0,,,,,,,,,,,,,,,,ResourceCritical,SafeMode,1,None,,,,,,1,0,0,0,0,,,,,,,,,,,,,,1,0,0,0,0,0.570984,13.564417,10.322424,10.693345,0,0,0,0,0,0,1,0,0.26,0,0,0,0.26,0,0,0,0,0,0,0
188907.455271,PHASING,8,0,1,None,Holding,0,369664.414467,7684.389448,7385.583714,-2.355292,0,0,11309512.243368,8700.73507,0.000194,0,33.614731,0,0,,1,0,0,0,73.790317,0,0,0,0,0,0,0,0.223037,1.9388,-0.295766,0,38.503639,16.104626,38.779861,0,369.884361,350.370311,51.624767,0.008128,,,,,,,,,,,,,,Phasing,0,-663870.764451,0,663870.764451,0,,,,,,,,,,,,,,,,ResourceCritical,SafeMode,1,None,,,,,,1,0,0,0,0,,,,,,,,,,,,,,1,0,0,0,0,0.570996,13.564417,10.322424,10.693345,0,0,0,0,0,0,1,0,0.26,0,0,0,0.26,0,0,0,0,0,0,0
188907.715271,PHASING,8,0,1,None,Holding,0,369663.803301,7684.390148,7385.587315,-2.358524,0,0,11308349.63783,8700.73507,0.000194,0,33.713548,0,0,,1,0,0,0,73.790317,0,0,0,0,0,0,0,0.224361,1.938812,-0.294633,0,38.503651,16.104626,38.779873,0,369.884361,350.370311,51.624767,0.008128,,,,,,,,,,,,,,Phasing,0,-663870.764451,0,663870.764451,0,,,,,,,,,,,,,,,,ResourceCritical,SafeMode,1,None,,,,,,1,0,0,0,0,,,,,,,,,,,,,,1,0,0,0,0,0.571007,13.564417,10.322424,10.693345,0,0,0,0,0,0,1,0,0.26,0,0,0,0.26,0,0,0,0,0,0,0
188907.975271,PHASING,8,0,1,None,Holding,0,369663.191287,7684.390848,7385.590917,-2.361755,0,0,11307186.994136,8700.73507,0.000194,0,33.812223,0,0,,1,0,0,0,73.790317,0,0,0,0,0,0,0,0.225698,1.938823,-0.293556,0,38.503643,16.104626,38.779865,0,369.884361,350.370311,51.624767,0.008128,,,,,,,,,,,,,,Phasing,0,-663870.764451,0,663870.764451,0,,,,,,,,,,,,,,,,ResourceCritical,SafeMode,1,None,,,,,,1,0,0,0,0,,,,,,,,,,,,,,1,0,0,0,0,0.571016,13.564417,10.322424,10.693345,0,0,0,0,0,0,1,0,0.26,0,0,0,0.26,0,0,0,0,0,0,0
188908.235271,PHASING,8,0,1,None,Holding,0,369662.578425,7684.39155,7385.594519,-2.364986,0,0,11306024.312336,8700.73507,0.000194,0,33.910739,0,0,,1,0,0,0,73.790317,0,0,0,0,0,0,0,0.227115,1.938848,-0.292435,0,38.503635,16.104626,38.779858,0,369.884361,350.370311,51.624767,0.008128,,,,,,,,,,,,,,Phasing,0,-663870.764451,0,663870.764451,0,,,,,,,,,,,,,,,,ResourceCritical,SafeMode,1,None,,,,,,1,0,0,0,0,,,,,,,,,,,,,,1,0,0,0,0,0.571025,13.564417,10.322424,10.693345,0,0,0,0,0,0,1,0,0.26,0,0,0,0.26,0,0,0,0,0,0,0
188908.495271,PHASING,8,0,1,None,Holding,0,369661.964715,7684.392252,7385.598121,-2.368217,0,0,11304861.592479,8700.73507,0.000194,0,34.009073,0,0,,1,0,0,0,73.790317,0,0,0,0,0,0,0,0.228465,1.938863,-0.291375,0,38.503647,16.104626,38.779869,0,369.884361,350.370311,51.624767,0.008128,,,,,,,,,,,,,,Phasing,0,-663870.764451,0,663870.764451,0,,,,,,,,,,,,,,,,ResourceCritical,SafeMode,1,None,,,,,,1,0,0,0,0,,,,,,,,,,,,,,1,0,0,0,0,0.571032,13.564417,10.322424,10.693345,0,0,0,0,0,0,1,0,0.26,0,0,0,0.26,0,0,0,0,0,0,0
188908.755271,PHASING,8,0,1,None,Holding,0,369661.350157,7684.392955,7385.601725,-2.371448,0,0,11303698.834616,8700.73507,0.000194,0,34.10727,0,0,,1,0,0,0,73.790317,0,0,0,0,0,0,0,0.229704,1.938873,-0.29005,0,38.503635,16.104626,38.779858,0,369.884361,350.370311,51.624767,0.008128,,,,,,,,,,,,,,Phasing,0,-663870.764451,0,663870.764451,0,,,,,,,,,,,,,,,,ResourceCritical,SafeMode,1,None,,,,,,1,0,0,0,0,,,,,,,,,,,,,,1,0,0,0,0,0.571039,13.564417,10.322424,10.693345,0,0,0,0,0,0,1,0,0.26,0,0,0,0.26,0,0,0,0,0,0,0
188909.015271,PHASING,8,0,1,None,Holding,0,369660.734751,7684.39366,7385.605328,-2.374679,0,0,11302536.038798,8700.73507,0.000194,0,34.205303,0,0,,1,0,0,0,73.790317,0,0,0,0,0,0,0,0.231005,1.938886,-0.288962,0,38.503639,16.104626,38.779861,0,369.884361,350.370311,51.624767,0.008128,,,,,,,,,,,,,,Phasing,0,-663870.764451,0,663870.764451,0,,,,,,,,,,,,,,,,ResourceCritical,SafeMode,1,None,,,,,,1,0,0,0,0,,,,,,,,,,,,,,1,0,0,0,0,0.571044,13.564417,10.322424,10.693345,0,0,0,0,0,0,1,0,0.26,0,0,0,0.26,0,0,0,0,0,0,0
188909.275271,PHASING,8,0,1,None,Holding,0,369660.118498,7684.394365,7385.608933,-2.377909,0,0,11301373.205073,8700.73507,0.000194,0,34.303176,0,0,,1,0,0,0,73.790317,0,0,0,0,0,0,0,0.232468,1.938907,-0.287902,0,38.503628,16.104626,38.77985,0,369.884361,350.370311,51.624767,0.008128,,,,,,,,,,,,,,Phasing,0,-663870.764451,0,663870.764451,0,,,,,,,,,,,,,,,,ResourceCritical,SafeMode,1,None,,,,,,1,0,0,0,0,,,,,,,,,,,,,,1,0,0,0,0,0.571048,13.564417,10.322424,10.693345,0,0,0,0,0,0,1,0,0.26,0,0,0,0.26,0,0,0,0,0,0,0
188909.535271,PHASING,8,0,1,None,Holding,0,369659.501396,7684.395071,7385.612537,-2.381139,0,0,11300210.333491,8700.73507,0.000194,0,34.400892,0,0,,1,0,0,0,73.790317,0,0,0,0,0,0,0,0.233662,1.938917,-0.286643,0,38.503639,16.104626,38.779861,0,369.884361,350.370311,51.624767,0.008128,,,,,,,,,,,,,,Phasing,0,-663870.764451,0,663870.764451,0,,,,,,,,,,,,,,,,ResourceCritical,SafeMode,1,None,,,,,,1,0,0,0,0,,,,,,,,,,,,,,1,0,0,0,0,0.571052,13.564417,10.322424,10.693345,0,0,0,0,0,0,1,0,0.26,0,0,0,0.26,0,0,0,0,0,0,0
188909.795271,PHASING,8,0,1,None,Holding,0,369658.883446,7684.395779,7385.616143,-2.384369,0,0,11299047.424103,8700.73507,0.000194,0,34.498446,0,0,,1,0,0,0,73.790317,0,0,0,0,0,0,0,0.235012,1.938925,-0.285457,0,38.503639,16.104626,38.779861,0,369.884361,350.370311,51.624767,0.008128,,,,,,,,,,,,,,Phasing,0,-663870.764451,0,663870.764451,0,,,,,,,,,,,,,,,,ResourceCritical,SafeMode,1,None,,,,,,1,0,0,0,0,,,,,,,,,,,,,,1,0,0,0,0,0.571054,13.564417,10.322424,10.693345,0,0,0,0,0,0,1,0,0.26,0,0,0,0.26,0,0,0,0,0,0,0
188910.055271,PHASING,8,0,1,None,Holding,0,369658.264649,7684.396487,7385.619748,-2.387599,0,0,11297884.476958,8700.73507,0.000194,0,34.595837,0,0,,1,0,0,0,73.790317,0,0,0,0,0,0,0,0.236335,1.938946,-0.284328,0,38.503647,16.104626,38.779869,0,369.884361,350.37031,51.624767,0.008128,,,,,,,,,,,,,,Phasing,0,-663870.764451,0,663870.764451,0,,,,,,,,,,,,,,,,ResourceCritical,SafeMode,1,None,,,,,,1,0,0,0,0,,,,,,,,,,,,,,1,0,0,0,0,0.571056,13.564417,10.322424,10.693345,0,0,0,0,0,0,1,0,0.26,0,0,0,0.26,0,0,0,0,0,0,0
188910.315271,PHASING,8,0,1,None,Holding,0,369657.645003,7684.397196,7385.623355,-2.390828,0,0,11296721.492107,8700.73507,0.000194,0,34.69306,0,0,,1,0,0,0,73.790317,0,0,0,0,0,0,0,0.237641,1.93896,-0.283128,0,38.503643,16.104626,38.779865,0,369.884361,350.37031,51.624767,0.008128,,,,,,,,,,,,,,Phasing,0,-663870.764451,0,663870.764451,0,,,,,,,,,,,,,,,,ResourceCritical,SafeMode,1,None,,,,,,1,0,0,0,0,,,,,,,,,,,,,,1,0,0,0,0,0.571057,13.564417,10.322424,10.693345,0,0,0,0,0,0,1,0,0.26,0,0,0,0.26,0,0,0,0,0,0,0
188910.575271,PHASING,8,0,1,None,Holding,0,369657.02451,7684.397906,7385.626961,-2.394058,0,0,11295558.4696,8700.73507,0.000194,0,34.790126,0,0,,1,0,0,0,73.790317,0,0,0,0,0,0,0,0.238866,1.938975,-0.281937,0,38.503643,16.104626,38.779865,0,369.884361,350.370311,51.624767,0.008128,,,,,,,,,,,,,,Phasing,0,-663870.764451,0,663870.764451,0,,,,,,,,,,,,,,,,ResourceCritical,SafeMode,1,None,,,,,,1,0,0,0,0,,,,,,,,,,,,,,1,0,0,0,0,0.571057,13.564417,10.322424,10.693345,0,0,0,0,0,0,1,0,0.26,0,0,0,0.26,0,0,0,0,0,0,0
188910.835271,PHASING,8,0,1,None,Holding,0,369656.403169,7684.398617,7385.630569,-2.397287,0,0,11294395.409485,8700.73507,0.000194,0,34.887024,0,0,,1,0,0,0,73.790317,0,0,0,0,0,0,0,0.240203,1.938992,-0.280739,0,38.503643,16.104626,38.779865,0,369.884361,350.370311,51.624767,0.008128,,,,,,,,,,,,,,Phasing,0,-663870.764451,0,663870.764451,0,,,,,,,,,,,,,,,,ResourceCritical,SafeMode,1,None,,,,,,1,0,0,0,0,,,,,,,,,,,,,,1,0,0,0,0,0.571057,13.564417,10.322424,10.693345,0,0,0,0,0,0,1,0,0.26,0,0,0,0.26,0,0,0,0,0,0,0
188911.095271,PHASING,8,0,1,None,Holding,0,369655.780981,7684.399329,7385.634177,-2.400516,0,0,11293232.311814,8700.73507,0.000194,0,34.983762,0,0,,1,0,0,0,73.790317,0,0,0,0,0,0,0,0.241473,1.939007,-0.279606,0,38.503635,16.104626,38.779858,0,369.884361,350.370311,51.624767,0.008128,,,,,,,,,,,,,,Phasing,0,-663870.764451,0,663870.764451,0,,,,,,,,,,,,,,,,ResourceCritical,SafeMode,1,None,,,,,,1,0,0,0,0,,,,,,,,,,,,,,1,0,0,0,0,0.571056,13.564417,10.322424,10.693345,0,0,0,0,0,0,1,0,0.26,0,0,0,0.26,0,0,0,0,0,0,0
188911.355271,PHASING,8,0,1,None,Holding,0,369655.157944,7684.400042,7385.637785,-2.403744,0,0,11292069.176635,8700.73507,0.000194,0,35.080326,0,0,,1,0,0,0,73.790317,0,0,0,0,0,0,0,0.24276,1.939023,-0.278372,0,38.503643,16.104626,38.779865,0,369.884361,350.370311,51.624767,0.008128,,,,,,,,,,,,,,Phasing,0,-663870.764451,0,663870.764451,0,,,,,,,,,,,,,,,,ResourceCritical,SafeMode,1,None,,,,,,1,0,0,0,0,,,,,,,,,,,,,,1,0,0,0,0,0.571054,13.564417,10.322424,10.693345,0,0,0,0,0,0,1,0,0.26,0,0,0,0.26,0,0,0,0,0,0,0
188911.615271,PHASING,8,0,1,None,Holding,0,369654.53406,7684.400756,7385.641394,-2.406973,0,0,11290906.003999,8700.73507,0.000194,0,35.17673,0,0,,1,0,0,0,73.790317,0,0,0,0,0,0,0,0.244023,1.939033,-0.277153,0,38.503639,16.104626,38.779861,0,369.884361,350.370311,51.624767,0.008128,,,,,,,,,,,,,,Phasing,0,-663870.764451,0,663870.764451,0,,,,,,,,,,,,,,,,ResourceCritical,SafeMode,1,None,,,,,,1,0,0,0,0,,,,,,,,,,,,,,1,0,0,0,0,0.571051,13.564417,10.322424,10.693345,0,0,0,0,0,0,1,0,0.26,0,0,0,0.26,0,0,0,0,0,0,0
188911.875271,PHASING,8,0,1,None,Holding,0,369653.909329,7684.401471,7385.645003,-2.410201,0,0,11289742.793955,8700.73507,0.000194,0,35.272961,0,0,,1,0,0,0,73.790317,0,0,0,0,0,0,0,0.245243,1.939049,-0.275921,0,38.503643,16.104626,38.779865,0,369.884361,350.370311,51.624767,0.008128,,,,,,,,,,,,,,Phasing,0,-663870.764451,0,663870.764451,0,,,,,,,,,,,,,,,,ResourceCritical,SafeMode,1,None,,,,,,1,0,0,0,0,,,,,,,,,,,,,,1,0,0,0,0,0.571048,13.564417,10.322424,10.693345,0,0,0,0,0,0,1,0,0.26,0,0,0,0.26,0,0,0,0,0,0,0
188912.135271,PHASING,8,0,1,None,Holding,0,369653.283749,7684.402187,7385.648613,-2.413429,0,0,11288579.546554,8700.73507,0.000194,0,35.36902,0,0,,1,0,0,0,73.790317,0,0,0,0,0,0,0,0.246557,1.939067,-0.274861,0,38.503632,16.104626,38.779854,0,369.884361,350.37031,51.624767,0.008128,,,,,,,,,,,,,,Phasing,0,-663870.764451,0,663870.764451,0,,,,,,,,,,,,,,,,ResourceCritical,SafeMode,1,None,,,,,,1,0,0,0,0,,,,,,,,,,,,,,1,0,0,0,0,0.571045,13.564417,10.322424,10.693345,0,0,0,0,0,0,1,0,0.26,0,0,0,0.26,0,0,0,0,0,0,0
188912.395271,PHASING,8,0,1,None,Holding,0,369652.657323,7684.402904,7385.652224,-2.416657,0,0,11287416.261845,8700.73507,0.000194,0,35.464909,0,0,,1,0,0,0,73.790317,0,0,0,0,0,0,0,0.247846,1.939082,-0.273608,0,38.503635,16.104626,38.779858,0,369.884361,350.37031,51.624767,0.008128,,,,,,,,,,,,,,Phasing,0,-663870.764451,0,663870.764451,0,,,,,,,,,,,,,,,,ResourceCritical,SafeMode,1,None,,,,,,1,0,0,0,0,,,,,,,,,,,,,,1,0,0,0,0,0.57104,13.564417,10.322424,10.693345,0,0,0,0,0,0,1,0,0.26,0,0,0,0.26,0,0,0,0,0,0,0
188912.655271,PHASING,8,0,1,None,Holding,0,369652.030048,7684.403622,7385.655835,-2.419885,0,0,11286252.939878,8700.73507,0.000194,0,35.560629,0,0,,1,0,0,0,73.790317,0,0,0,0,0,0,0,0.249026,1.939096,-0.272377,0,38.503643,16.104626,38.779865,0,369.884361,350.37031,51.624767,0.008128,,,,,,,,,,,,,,Phasing,0,-663870.764451,0,663870.764451,0,,,,,,,,,,,,,,,,ResourceCritical,SafeMode,1,None,,,,,,1,0,0,0,0,,,,,,,,,,,,,,1,0,0,0,0,0.571036,13.564417,10.322424,10.693345,0,0,0,0,0,0,1,0,0.26,0,0,0,0.26,0,0,0,0,0,0,0
188912.915271,PHASING,8,0,1,None,Holding,0,369651.401926,7684.40434,7385.659446,-2.423112,0,0,11285089.580703,8700.73507,0.000194,0,35.656179,0,0,,1,0,0,0,73.790317,0,0,0,0,0,0,0,0.250315,1.939108,-0.271134,0,38.503632,16.104626,38.779854,0,369.884361,350.37031,51.624767,0.008128,,,,,,,,,,,,,,Phasing,0,-663870.764451,0,663870.764451,0,,,,,,,,,,,,,,,,ResourceCritical,SafeMode,1,None,,,,,,1,0,0,0,0,,,,,,,,,,,,,,1,0,0,0,0,0.571031,13.564417,10.322424,10.693345,0,0,0,0,0,0,1,0,0.26,0,0,0,0.26,0,0,0,0,0,0,0
188913.175271,PHASING,8,0,1,None,Holding,0,369650.772957,7684.40506,7385.663058,-2.426339,0,0,11283926.184369,8700.73507,0.000194,0,35.751572,0,0,,1,0,0,0,73.790317,0,0,0,0,0,0,0,0.25152,1.939123,-0.269848,0,38.503639,16.104626,38.779861,0,369.884361,350.37031,51.624767,0.008128,,,,,,,,,,,,,,Phasing,0,-663870.764451,0,663870.764451,0,,,,,,,,,,,,,,,,ResourceCritical,SafeMode,1,None,,,,,,1,0,0,0,0,,,,,,,,,,,,,,1,0,0,0,0,0.571025,13.564417,10.322424,10.693345,0,0,0,0,0,0,1,0,0.26,0,0,0,0.26,0,0,0,0,0,0,0
188913.435271,PHASING,8,0,1,None,Holding,0,369650.143141,7684.405781,7385.66667,-2.429566,0,0,11282762.750927,8700.73507,0.000194,0,35.846786,0,0,,1,0,0,0,73.790317,0,0,0,0,0,0,0,0.252711,1.939141,-0.268575,0,38.503643,16.104626,38.779865,0,369.884361,350.37031,51.624767,0.008128,,,,,,,,,,,,,,Phasing,0,-663870.764451,0,663870.764451,0,,,,,,,,,,,,,,,,ResourceCritical,SafeMode,1,None,,,,,,1,0,0,0,0,,,,,,,,,,,,,,1,0,0,0,0,0.571019,13.564417,10.322424,10.693345,0,0,0,0,0,0,1,0,0.26,0,0,0,0.26,0,0,0,0,0,0,0
188913.695271,PHASING,8,0,1,None,Holding,0,369649.512477,7684.406502,7385.670283,-2.432793,0,0,11281599.280425,8700.73507,0.000194,0,35.941833,0,0,,1,0,0,0,73.790317,0,0,0,0,0,0,0,0.254004,1.939155,-0.267343,0,38.503643,16.104626,38.779865,0,369.884361,350.37031,51.624767,0.008128,,,,,,,,,,,,,,Phasing,0,-663870.764451,0,663870.764451,0,,,,,,,,,,,,,,,,ResourceCritical,SafeMode,1,None,,,,,,1,0,0,0,0,,,,,,,,,,,,,,1,0,0,0,0,0.571012,13.564417,10.322424,10.693345,0,0,0,0,0,0,1,0,0.26,0,0,0,0.26,0,0,0,0,0,0,0
188913.955271,PHASING,8,0,1,None,Holding,0,369648.880966,7684.407225,7385.673897,-2.436019,0,0,11280435.772914,8700.73507,0.000194,0,36.036699,0,0,,1,0,0,0,73.790317,0,0,0,0,0,0,0,0.25523,1.939173,-0.26608,0,38.503635,16.104626,38.779858,0,369.884361,350.37031,51.624767,0.008128,,,,,,,,,,,,,,Phasing,0,-663870.764451,0,663870.764451,0,,,,,,,,,,,,,,,,ResourceCritical,SafeMode,1,None,,,,,,1,0,0,0,0,,,,,,,,,,,,,,1,0,0,0,0,0.571005,13.564417,10.322424,10.693345,0,0,0,0,0,0,1,0,0.26,0,0,0,0.26,0,0,0,0,0,0,0
188914.215271,PHASING,8,0,1,None,Holding,0,369648.248607,7684.407949,7385.677511,-2.439246,0,0,11279272.228443,8700.73507,0.000194,0,36.131397,0,0,,1,0,0,0,73.790317,0,0,0,0,0,0,0,0.256386,1.939187,-0.26492,0,38.503643,16.104626,38.779865,0,369.884361,350.37031,51.624767,0.008128,,,,,,,,,,,,,,Phasing,0,-663870.764451,0,663870.764451,0,,,,,,,,,,,,,,,,ResourceCritical,SafeMode,1,None,,,,,,1,0,0,0,0,,,,,,,,,,,,,,1,0,0,0,0,0.570998,13.564417,10.322424,10.693345,0,0,0,0,0,0,1,0,0.26,0,0,0,0.26,0,0,0,0,0,0,0
188914.475271,PHASING,8,0,1,None,Holding,0,369647.615401,7684.408673,7385.681125,-2.442472,0,0,11278108.647063,8700.73507,0.000194,0,36.225915,0,0,,1,0,0,0,73.790317,0,0,0,0,0,0,0,0.257648,1.939197,-0.263595,0,38.503635,16.104626,38.779858,0,369.884361,350.37031,51.624767,0.008128,,,,,,,,,,,,,,Phasing,0,-663870.764451,0,663870.764451,0,,,,,,,,,,,,,,,,ResourceCritical,SafeMode,1,None,,,,,,1,0,0,0,0,,,,,,,,,,,,,,1,0,0,0,0,0.57099,13.564417,10.322424,10.693345,0,0,0,0,0,0,1,0,0.26,0,0,0,0.26,0,0,0,0,0,0,0
188914.735271,PHASING,8,0,1,None,Holding,0,369646.981348,7684.409399,7385.68474,-2.445698,0,0,11276945.028822,8700.73507,0.000194,0,36.320261,0,0,,1,0,0,0,73.790317,0,0,0,0,0,0,0,0.258785,1.939214,-0.262163,0,38.503639,16.104626,38.779861,0,369.884361,350.37031,51.624767,0.008128,,,,,,,,,,,,,,Phasing,0,-663870.764451,0,663870.764451,0,,,,,,,,,,,,,,,,ResourceCritical,SafeMode,1,None,,,,,,1,0,0,0,0,,,,,,,,,,,,,,1,0,0,0,0,0.570982,13.564417,10.322424,10.693345,0,0,0,0,0,0,1,0,0.26,0,0,0,0.26,0,0,0,0,0,0,0
188914.995271,PHASING,8,0,1,None,Holding,0,369646.346448,7684.410125,7385.688356,-2.448923,0,0,11275781.373771,8700.73507,0.000194,0,36.414432,0,0,,1,0,0,0,73.790317,0,0,0,0,0,0,0,0.259969,1.939229,-0.260835,0,38.503632,16.104626,38.779854,0,369.884361,350.37031,51.624767,0.008128,,,,,,,,,,,,,,Phasing,0,-663870.764451,0,663870.764451,0,,,,,,,,,,,,,,,,ResourceCritical,SafeMode,1,None,,,,,,1,0,0,0,0,,,,,,,,,,,,,,1,0,0,0,0,0.570975,13.564417,10.322424,10.693345,0,0,0,0,0,0,1,0,0.26,0,0,0,0.26,0,0,0,0,0,0,0
188915.255271,PHASING,8,0,1,None,Holding,0,369645.7107,7684.410852,7385.691972,-2.452149,0,0,11274617.68196,8700.73507,0.000194,0,36.508419,0,0,,1,0,0,0,73.790317,0,0,0,0,0,0,0,0.261194,1.939244,-0.259716,0,38.503639,16.104626,38.779861,0,369.884361,350.37031,51.624767,0.008128,,,,,,,,,,,,,,Phasing,0,-663870.764451,0,663870.764451,0,,,,,,,,,,,,,,,,ResourceCritical,SafeMode,1,None,,,,,,1,0,0,0,0,,,,,,,,,,,,,,1,0,0,0,0,0.570969,13.564417,10.322424,10.693345,0,0,0,0,0,0,1,0,0.26,0,0,0,0.26,0,0,0,0,0,0,0
188915.515271,PHASING,8,0,1,None,Holding,0,369645.074106,7684.411581,7385.695588,-2.455374,0,0,11273453.953437,8700.73507,0.000194,0,36.602239,0,0,,1,0,0,0,73.790317,0,0,0,0,0,0,0,0.262339,1.939258,-0.258363,0,38.503635,16.104626,38.779858,0,369.884361,350.37031,51.624767,0.008128,,,,,,,,,,,,,,Phasing,0,-663870.764451,0,663870.764451,0,,,,,,,,,,,,,,,,ResourceCritical,SafeMode,1,None,,,,,,1,0,0,0,0,,,,,,,,,,,,,,1,0,0,0,0,0.570964,13.564417,10.322424,10.693345,0,0,0,0,0,0,1,0,0.26,0,0,0,0.26,0,0,0,0,0,0,0
188915.775271,PHASING,8,0,1,None,Holding,0,369644.436664,7684.41231,7385.699205,-2.458599,0,0,11272290.188252,8700.73507,0.000194,0,36.695891,0,0,,1,0,0,0,73.790317,0,0,0,0,0,0,0,0.263523,1.939272,-0.257034,0,38.503639,16.104626,38.779861,0,369.884361,350.37031,51.624767,0.008128,,,,,,,,,,,,,,Phasing,0,-663870.764451,0,663870.764451,0,,,,,,,,,,,,,,,,ResourceCritical,SafeMode,1,None,,,,,,1,0,0,0,0,,,,,,,,,,,,,,1,0,0,0,0,0.570959,13.564417,10.322424,10.693345,0,0,0,0,0,0,1,0,0.26,0,0,0,0.26,0,0,0,0,0,0,0
188916.035271,PHASING,8,0,1,None,Holding,0,369643.798375,7684.41304,7385.702823,-2.461824,0,0,11271126.386456,8700.73507,0.000194,0,36.789361,0,0,,1,0,0,0,73.790317,0,0,0,0,0,0,0,0.264693,1.939285,-0.255798,0,38.503635,16.104626,38.779858,0,369.884361,350.37031,51.624767,0.008128,,,,,,,,,,,,,,Phasing,0,-663870.764451,0,663870.764451,0,,,,,,,,,,,,,,,,ResourceCritical,SafeMode,1,None,,,,,,1,0,0,0,0,,,,,,,,,,,,,,1,0,0,0,0,0.570955,13.564417,10.322424,10.693345,0,0,0,0,0,0,1,0,0.26,0,0,0,0.26,0,0,0,0,0,0,0
188916.295271,PHASING,8,0,1,None,Holding,0,369643.15924,7684.413771,7385.706441,-2.465049,0,0,11269962.548097,8700.73507,0.000194,0,36.882634,0,0,,1,0,0,0,73.790317,0,0,0,0,0,0,0,0.2658,1.939301,-0.254381,0,38.503643,16.104626,38.779865,0,369.884361,350.37031,51.624767,0.008128,,,,,,,,,,,,,,Phasing,0,-663870.764451,0,663870.764451,0,,,,,,,,,,,,,,,,ResourceCritical,SafeMode,1,None,,,,,,1,0,0,0,0,,,,,,,,,,,,,,1,0,0,0,0,0.570952,13.564417,10.322424,10.693345,0,0,0,0,0,0,1,0,0.26,0,0,0,0.26,0,0,0,0,0,0,0
188916.555271,PHASING,8,0,1,None,Holding,0,369642.519257,7684.414504,7385.710059,-2.468273,0,0,11268798.673227,8700.73507,0.000194,0,36.975761,0,0,,1,0,0,0,73.790317,0,0,0,0,0,0,0,0.266878,1.93931,-0.253093,0,38.503624,16.104626,38.77985,0,369.884361,350.37031,51.624767,0.008128,,,,,,,,,,,,,,Phasing,0,-663870.764451,0,663870.764451,0,,,,,,,,,,,,,,,,ResourceCritical,SafeMode,1,None,,,,,,1,0,0,0,0,,,,,,,,,,,,,,1,0,0,0,0,0.570949,13.564417,10.322424,10.693345,0,0,0,0,0,0,1,0,0.26,0,0,0,0.26,0,0,0,0,0,0,0
188916.815271,PHASING,8,0,1,None,Holding,0,369641.878428,7684.415237,7385.713678,-2.471497,0,0,11267634.761892,8700.73507,0.000194,0,37.068677,0,0,,1,0,0,0,73.790317,0,0,0,0,0,0,0,0.268082,1.939329,-0.251814,0,38.503635,16.104626,38.779858,0,369.884361,350.37031,51.624767,0.008128,,,,,,,,,,,,,,Phasing,0,-663870.764451,0,663870.764451,0,,,,,,,,,,,,,,,,ResourceCritical,SafeMode,1,None,,,,,,1,0,0,0,0,,,,,,,,,,,,,,1,0,0,0,0,0.570947,13.564417,10.322424,10.693345,0,0,0,0,0,0,1,0,0.26,0,0,0,0.26,0,0,0,0,0,0,0
188917.075271,PHASING,8,0,1,None,Holding,0,369641.236751,7684.415971,7385.717297,-2.474721,0,0,11266470.814145,8700.73507,0.000194,0,37.161417,0,0,,1,0,0,0,73.790317,0,0,0,0,0,0,0,0.269278,1.939353,-0.250527,0,38.503639,16.104626,38.779861,0,369.884361,350.37031,51.624767,0.008128,,,,,,,,,,,,,,Phasing,0,-663870.764451,0,663870.764451,0,,,,,,,,,,,,,,,,ResourceCritical,SafeMode,1,None,,,,,,1,0,0,0,0,,,,,,,,,,,,,,1,0,0,0,0,0.570945,13.564417,10.322424,10.693345,0,0,0,0,0,0,1,0,0.26,0,0,0,0.26,0,0,0,0,0,0,0
188917.335271,PHASING,8,0,1,None,Holding,0,369640.594228,7684.416706,7385.720917,-2.477945,0,0,11265306.830033,8700.73507,0.000194,0,37.253984,0,0,,1,0,0,0,73.790317,0,0,0,0,0,0,0,0.2704,1.939362,-0.249111,0,38.503635,16.104626,38.779858,0,369.884361,350.37031,51.624767,0.008128,,,,,,,,,,,,,,Phasing,0,-663870.764451,0,663870.764451,0,,,,,,,,,,,,,,,,ResourceCritical,SafeMode,1,None,,,,,,1,0,0,0,0,,,,,,,,,,,,,,1,0,0,0,0,0.570944,13.564417,10.322424,10.693345,0,0,0,0,0,0,1,0,0.26,0,0,0,0.26,0,0,0,0,0,0,0
188917.595271,PHASING,8,0,1,None,Holding,0,369639.950858,7684.417442,7385.724538,-2.481169,0,0,11264142.809608,8700.73507,0.000194,0,37.346382,0,0,,1,0,0,0,73.790317,0,0,0,0,0,0,0,0.271528,1.939376,-0.247844,0,38.503639,16.104626,38.779861,0,369.884361,350.37031,51.624767,0.008128,,,,,,,,,,,,,,Phasing,0,-663870.764451,0,663870.764451,0,,,,,,,,,,,,,,,,ResourceCritical,SafeMode,1,None,,,,,,1,0,0,0,0,,,,,,,,,,,,,,1,0,0,0,0,0.570943,13.564417,10.322424,10.693345,0,0,0,0,0,0,1,0,0.26,0,0,0,0.26,0,0,0,0,0,0,0
188917.855271,PHASING,8,0,1,None,Holding,0,369639.306641,7684.418179,7385.728159,-2.484392,0,0,11262978.752918,8700.73507,0.000194,0,37.438579,0,0,,1,0,0,0,73.790317,0,0,0,0,0,0,0,0.272645,1.93939,-0.246454,0,38.503635,16.104626,38.779858,0,369.884361,350.37031,51.624767,0.008128,,,,,,,,,,,,,,Phasing,0,-663870.764451,0,663870.764451,0,,,,,,,,,,,,,,,,ResourceCritical,SafeMode,1,None,,,,,,1,0,0,0,0,,,,,,,,,,,,,,1,0,0,0,0,0.570942,13.564417,10.322424,10.693345,0,0,0,0,0,0,1,0,0.26,0,0,0,0.26,0,0,0,0,0,0,0
188918.115271,PHASING,8,0,1,None,Holding,0,369638.661578,7684.418917,7385.73178,-2.487615,0,0,11261814.660012,8700.73507,0.000194,0,37.530596,0,0,,1,0,0,0,73.790317,0,0,0,0,0,0,0,0.273729,1.939404,-0.245034,0,38.503639,16.104626,38.779861,0,369.884361,350.37031,51.624767,0.008128,,,,,,,,,,,,,,Phasing,0,-663870.764451,0,663870.764451,0,,,,,,,,,,,,,,,,ResourceCritical,SafeMode,1,None,,,,,,1,0,0,0,0,,,,,,,,,,,,,,1,0,0,0,0,0.570942,13.564417,10.322424,10.693345,0,0,0,0,0,0,1,0,0.26,0,0,0,0.26,0,0,0,0,0,0,0
188918.375271,PHASING,8,0,1,None,Holding,0,369638.015668,7684.419655,7385.735402,-2.490838,0,0,11260650.530941,8700.73507,0.000194,0,37.622427,0,0,,1,0,0,0,73.790317,0,0,0,0,0,0,0,0.274927,1.939422,-0.243757,0,38.503643,16.104626,38.779865,0,369.884361,350.37031,51.624767,0.008128,,,,,,,,,,,,,,Phasing,0,-663870.764451,0,663870.764451,0,,,,,,,,,,,,,,,,ResourceCritical,SafeMode,1,None,,,,,,1,0,0,0,0,,,,,,,,,,,,,,1,0,0,0,0,0.570942,13.564417,10.322424,10.693345,0,0,0,0,0,0,1,0,0.26,0,0,0,0.26,0,0,0,0,0,0,0
188918.635271,PHASING,8,0,1,None,Holding,0,369637.368911,7684.420395,7385.739024,-2.49406,0,0,11259486.365753,8700.73507,0.000194,0,37.71407,0,0,,1,0,0,0,73.790317,0,0,0,0,0,0,0,0.275985,1.939433,-0.242418,0,38.503635,16.104626,38.779858,0,369.884361,350.37031,51.624767,0.008128,,,,,,,,,,,,,,Phasing,0,-663870.764451,0,663870.764451,0,,,,,,,,,,,,,,,,ResourceCritical,SafeMode,1,None,,,,,,1,0,0,0,0,,,,,,,,,,,,,,1,0,0,0,0,0.570942,13.564417,10.322424,10.693345,0,0,0,0,0,0,1,0,0.26,0,0,0,0.26,0,0,0,0,0,0,0
188918.895271,PHASING,8,0,1,None,Holding,0,369636.721308,7684.421136,7385.742647,-2.497283,0,0,11258322.164499,8700.73507,0.000194,0,37.805544,0,0,,1,0,0,0,73.790317,0,0,0,0,0,0,0,0.277059,1.939452,-0.241037,0,38.503639,16.104626,38.779861,0,369.884361,350.37031,51.624767,0.008128,,,,,,,,,,,,,,Phasing,0,-663870.764451,0,663870.764451,0,,,,,,,,,,,,,,,,ResourceCritical,SafeMode,1,None,,,,,,1,0,0,0,0,,,,,,,,,,,,,,1,0,0,0,0,0.570942,13.564417,10.322424,10.693345,0,0,0,0,0,0,1,0,0.26,0,0,0,0.26,0,0,0,0,0,0,0
188919.155271,PHASING,8,0,1,None,Holding,0,369636.072859,7684.421878,7385.74627,-2.500505,0,0,11257157.927228,8700.73507,0.000194,0,37.896815,0,0,,1,0,0,0,73.790317,0,0,0,0,0,0,0,0.278065,1.939461,-0.23957,0,38.503639,16.104626,38.779861,0,369.884361,350.37031,51.624767,0.008128,,,,,,,,,,,,,,Phasing,0,-663870.764451,0,663870.764451,0,,,,,,,,,,,,,,,,ResourceCritical,SafeMode,1,None,,,,,,1,0,0,0,0,,,,,,,,,,,,,,1,0,0,0,0,0.570943,13.564417,10.322424,10.693345,0,0,0,0,0,0,1,0,0.26,0,0,0,0.26,0,0,0,0,0,0,0
188919.415271,PHASING,8,0,1,None,Holding,0,369635.423562,7684.42262,7385.749894,-2.503727,0,0,11255993.65399,8700.73507,0.000194,0,37.987914,0,0,,1,0,0,0,73.790317,0,0,0,0,0,0,0,0.279158,1.93948,-0.238332,0,38.503635,16.104626,38.779858,0,369.884361,350.37031,51.624767,0.008128,,,,,,,,,,,,,,Phasing,0,-663870.764451,0,663870.764451,0,,,,,,,,,,,,,,,,ResourceCritical,SafeMode,1,None,,,,,,1,0,0,0,0,,,,,,,,,,,,,,1,0,0,0,0,0.570944,13.564417,10.322424,10.693345,0,0,0,0,0,0,1,0,0.26,0,0,0,0.26,0,0,0,0,0,0,0
188919.675271,PHASING,8,0,1,None,Holding,0,369634.77342,7684.423364,7385.753518,-2.506949,0,0,11254829.344833,8700.73507,0.000194,0,38.07883,0,0,,1,0,0,0,73.790317,0,0,0,0,0,0,0,0.280278,1.939488,-0.236821,0,38.503639,16.104626,38.779861,0,369.884361,350.37031,51.624767,0.008128,,,,,,,,,,,,,,Phasing,0,-663870.764451,0,663870.764451,0,,,,,,,,,,,,,,,,ResourceCritical,SafeMode,1,None,,,,,,1,0,0,0,0,,,,,,,,,,,,,,1,0,0,0,0,0.570945,13.564417,10.322424,10.693345,0,0,0,0,0,0,1,0,0.26,0,0,0,0.26,0,0,0,0,0,0,0
188919.935271,PHASING,8,0,1,None,Holding,0,369634.122431,7684.424109,7385.757143,-2.510171,0,0,11253664.999808,8700.73507,0.000194,0,38.169551,0,0,,1,0,0,0,73.790317,0,0,0,0,0,0,0,0.281289,1.939503,-0.23546,0,38.503632,16.104626,38.779854,0,369.884361,350.37031,51.624767,0.008128,,,,,,,,,,,,,,Phasing,0,-663870.764451,0,663870.764451,0,,,,,,,,,,,,,,,,ResourceCritical,SafeMode,1,None,,,,,,1,0,0,0,0,,,,,,,,,,,,,,1,0,0,0,0,0.570946,13.564417,10.322424,10.693345,0,0,0,0,0,0,1,0,0.26,0,0,0,0.26,0,0,0,0,0,0,0
188920.195271,PHASING,8,0,1,None,Holding,0,369633.470595,7684.424854,7385.760768,-2.513392,0,0,11252500.618963,8700.73507,0.000194,0,38.260088,0,0,,1,0,0,0,73.790317,0,0,0,0,0,0,0,0.282435,1.939516,-0.23396,0,38.503639,16.104626,38.779861,0,369.884361,350.37031,51.624767,0.008128,,,,,,,,,,,,,,Phasing,0,-663870.764451,0,663870.764451,0,,,,,,,,,,,,,,,,ResourceCritical,SafeMode,1,None,,,,,,1,0,0,0,0,,,,,,,,,,,,,,1,0,0,0,0,0.570947,13.564417,10.322424,10.693345,0,0,0,0,0,0,1,0,0.26,0,0,0,0.26,0,0,0,0,0,0,0
188920.455271,PHASING,8,0,1,None,Holding,0,369632.817914,7684.425601,7385.764394,-2.516613,0,0,11251336.202348,8700.73507,0.000194,0,38.35043,0,0,,1,0,0,0,73.790317,0,0,0,0,0,0,0,0.283456,1.93953,-0.232559,0,38.503635,16.104626,38.779858,0,369.884361,350.37031,51.624767,0.008128,,,,,,,,,,,,,,Phasing,0,-663870.764451,0,663870.764451,0,,,,,,,,,,,,,,,,ResourceCritical,SafeMode,1,None,,,,,,1,0,0,0,0,,,,,,,,,,,,,,1,0,0,0,0,0.570949,13.564417,10.322424,10.693345,0,0,0,0,0,0,1,0,0.26,0,0,0,0.26,0,0,0,0,0,0,0
188920.715271,PHASING,8,0,1,None,Holding,0,369632.164386,7684.426348,7385.76802,-2.519834,0,0,11250171.750014,8700.73507,0.000194,0,38.440595,0,0,,1,0,0,0,73.790317,0,0,0,0,0,0,0,0.284515,1.939546,-0.231207,0,38.503639,16.104626,38.779861,0,369.884361,350.37031,51.624767,0.008128,,,,,,,,,,,,,,Phasing,0,-663870.764451,0,663870.764451,0,,,,,,,,,,,,,,,,ResourceCritical,SafeMode,1,None,,,,,,1,0,0,0,0,,,,,,,,,,,,,,1,0,0,0,0,0.57095,13.564417,10.322424,10.693345,0,0,0,0,0,0,1,0,0.26,0,0,0,0.26,0,0,0,0,0,0,0
188920.975271,PHASING,8,0,1,None,Holding,0,369631.510012,7684.427097,7385.771647,-2.523055,0,0,11249007.262008,8700.73507,0.000194,0,38.530578,0,0,,1,0,0,0,73.790317,0,0,0,0,0,0,0,0.285548,1.939564,-0.229814,0,38.503635,16.104626,38.779858,0,369.884361,350.37031,51.624767,0.008128,,,,,,,,,,,,,,Phasing,0,-663870.764451,0,663870.764451,0,,,,,,,,,,,,,,,,ResourceCritical,SafeMode,1,None,,,,,,1,0,0,0,0,,,,,,,,,,,,,,1,0,0,0,0,0.570952,13.564417,10.322424,10.693345,0,0,0,0,0,0,1,0,0.26,0,0,0,0.26,0,0,0,0,0,0,0
188921.235271,PHASING,8,0,1,None,Holding,0,369630.854792,7684.427846,7385.775274,-2.526275,0,0,11247842.738381,8700.73507,0.000194,0,38.620358,0,0,,1,0,0,0,73.790317,0,0,0,0,0,0,0,0.286601,1.939579,-0.228447,0,38.503639,16.104626,38.779861,0,369.884361,350.37031,51.624767,0.008128,,,,,,,,,,,,,,Phasing,0,-663870.764451,0,663870.764451,0,,,,,,,,,,,,,,,,ResourceCritical,SafeMode,1,None,,,,,,1,0,0,0,0,,,,,,,,,,,,,,1,0,0,0,0,0.570953,13.564417,10.322424,10.693345,0,0,0,0,0,0,1,0,0.26,0,0,0,0.26,0,0,0,0,0,0,0
188921.495271,PHASING,8,0,1,None,Holding,0,369630.198725,7684.428596,7385.778902,-2.529495,0,0,11246678.179182,8700.73507,0.000194,0,38.709937,0,0,,1,0,0,0,73.790317,0,0,0,0,0,0,0,0.287542,1.939595,-0.227009,0,38.503643,16.104626,38.779865,0,369.884361,350.37031,51.624767,0.008128,,,,,,,,,,,,,,Phasing,0,-663870.764451,0,663870.764451,0,,,,,,,,,,,,,,,,ResourceCritical,SafeMode,1,None,,,,,,1,0,0,0,0,,,,,,,,,,,,,,1,0,0,0,0,0.570955,13.564417,10.322424,10.693345,0,0,0,0,0,0,1,0,0.26,0,0,0,0.26,0,0,0,0,0,0,0
